seq_ix	step_in_seq	t0	t1
4490992	99	2.8392243	1.949811
4490992	100	3.6066194	1.3234794
4490992	101	3.8030572	1.1036588
4490992	102	3.7862816	1.313718
4490992	103	3.6262465	1.4329027
4490992	104	3.973822	1.1599147
4490992	105	3.563909	0.20609906
4490992	106	3.5234847	0.7981472
4490992	107	3.130817	1.0988808
4490992	108	2.9858007	1.2686021
4490992	109	2.8196368	1.5561945
4490992	110	2.74364	1.7577305
4490992	111	2.7065687	1.8021834
4490992	112	2.6063704	1.9933231
4490992	113	2.7843509	1.4465486
4490992	114	2.9386177	1.2131108
4490992	115	2.842907	1.2402532
4490992	116	2.7269125	1.3693265
4490992	117	2.6671772	1.335979
4490992	118	2.598472	1.40968
4490992	119	2.2347436	1.9368584
4490992	120	3.0705624	1.0684924
4490992	121	2.8580108	1.4176042
4490992	122	3.3970785	0.8723073
4490992	123	3.2897635	1.0258139
4490992	124	2.664268	1.62519
4490992	125	3.1680474	1.0825112
4490992	126	3.1923685	0.9672345
4490992	127	3.0763373	1.1725793
4490992	128	3.5417562	0.78546906
4490992	129	3.243442	1.0629581
4490992	130	3.0674672	1.225577
4490992	131	3.5493274	0.8359455
4490992	132	3.353273	1.0154197
4490992	133	3.3961077	0.96288
4490992	134	3.2748475	0.8813945
4490992	135	3.3577318	1.0759778
4490992	136	3.3240547	0.8737818
4490992	137	3.1846585	1.2200749
4490992	138	3.0774827	1.1918538
4490992	139	3.7586193	0.6478646
4490992	140	3.638802	0.74838245
4490992	141	3.863831	0.5628067
4490992	142	4.205011	0.09172526
4490992	143	3.9087744	0.54794276
4490992	144	3.2217164	1.2753214
4490992	145	2.379373	2.389742
4490992	146	3.285614	1.2280955
4490992	147	3.562594	1.4573071
4490992	148	3.7803655	1.0099653
4490992	149	4.135793	0.7344096
4490992	150	4.0138316	0.86486804
4490992	151	5.039068	-0.1185931
4490992	152	4.7265368	0.32503417
4490992	153	4.6667314	0.39985266
4490992	154	5.7188015	-0.5808493
4490992	155	6.0246787	-0.7146163
4490992	156	6.288178	-0.9306809
4490992	157	5.585798	-0.25577337
4490992	158	5.4482374	-0.4573367
4490992	159	5.7675276	-0.72693515
4490992	160	6.106495	-0.9364307
4490992	161	6.1978693	-0.87952983
4490992	162	6.200961	-0.7988801
4490992	163	6.1036987	-0.701015
4490992	164	6.4798093	-1.1093273
4490992	165	6.601185	-1.33627
4490992	166	6.593886	-1.4125216
4490992	167	5.923816	-2.0282738
4490992	168	6.046046	-1.2278755
4490992	169	5.3879232	-0.7576691
4490992	170	3.8470607	-1.3001968
4490992	171	3.9602747	-1.0759815
4490992	172	3.9097056	-1.0824189
4490992	173	3.9031196	-1.159148
4490992	174	4.0016036	-1.204153
4490992	175	3.8802452	-1.1795105
4490992	176	3.7504778	-1.1696113
4490992	177	3.83185	-1.227845
4490992	178	3.7839355	-1.2306373
4490992	179	4.1102004	-0.47557658
4490992	180	3.68683	-0.2788458
4490992	181	3.7057061	-0.1370115
4490992	182	3.6868343	-0.1168043
4490992	183	3.595725	-0.08686626
4490992	184	3.52344	-0.09236434
4490992	185	3.552915	-0.13235182
4490992	186	3.9713435	-0.61043894
4490992	187	4.191218	-0.7789394
4490992	188	4.306436	-0.72979265
4490992	189	4.3812766	-0.7990365
4490992	190	3.9802823	-0.42896524
4490992	191	3.3989367	0.10701862
4490992	192	3.216566	0.13742891
4490992	193	3.732676	-0.23153023
4490992	194	4.56329	-0.9078333
4490992	195	4.8659945	-1.0954108
4490992	196	4.7493973	-0.98885727
4490992	197	3.6518192	0.17933854
4490992	198	3.9240804	-0.34056753
4490992	199	4.08791	-0.27087227
4490992	200	4.105612	-0.3689651
4490992	201	4.469072	-0.7172018
4490992	202	4.8548613	-1.0439829
4490992	203	4.802326	-1.01064
4490992	204	4.647201	-0.7847847
4490992	205	4.687546	-0.9571785
4490992	206	4.881272	-1.0970641
4490992	207	4.890981	-1.1378691
4490992	208	4.8759136	-1.1213232
4490992	209	4.8497214	-1.1188887
4490992	210	4.617314	-0.87583786
4490992	211	4.757305	-1.011981
4490992	212	5.2873755	-1.3827232
4490992	213	5.1580896	-0.9469864
4490992	214	5.0859184	-0.90773594
4490992	215	4.9666696	-0.8806772
4490992	216	4.777776	-0.72649586
4490992	217	4.755333	-0.6857892
4490992	218	4.7717867	-0.47199914
4490992	219	4.3483696	-0.31053302
4490992	220	5.114145	-1.0581868
4490992	221	5.481491	-1.3411065
4490992	222	5.4082284	-1.2373935
4490992	223	5.654228	-1.3325458
4490992	224	5.4315896	-1.2531159
4490992	225	5.4656224	-1.1405241
4490992	226	5.523742	-1.2540278
4490992	227	5.465888	-1.1728373
4490992	228	5.635732	-1.3016193
4490992	229	5.562206	-1.210158
4490992	230	5.4774294	-1.128342
4490992	231	5.6092753	-1.2598562
4490992	232	5.4811397	-1.0800036
4490992	233	5.4831963	-1.0921844
4490992	234	5.6826096	-1.2593313
4490992	235	5.4824867	-1.0858846
4490992	236	5.3570666	-1.0495887
4490992	237	5.5754414	-1.2656865
4490992	238	5.3573546	-1.0814008
4490992	239	5.6411843	-1.2958041
4490992	240	5.761539	-1.422758
4490992	241	5.8869996	-1.4544002
4490992	242	5.6080546	-2.5144255
4490992	243	5.0577908	-1.0506839
4490992	244	4.0502386	-2.00208
4490992	245	4.0436363	-2.1580374
4490992	246	3.8282118	-2.188178
4490992	247	3.4993906	-2.1199756
4490992	248	3.7132764	-2.2289495
4490992	249	3.7759557	-2.2452357
4490992	250	4.2967305	-2.4845545
4490992	251	4.1446137	-2.3991075
4490992	252	4.154794	-2.3637936
4490992	253	4.103974	-2.3181305
4490992	254	4.4829865	-1.3551767
4490992	255	4.2826257	-1.4750471
4490992	256	4.5035167	-1.620077
4490992	257	4.424198	-1.6410005
4490992	258	4.321838	-1.5855007
4490992	259	2.9888763	-2.0537543
4490992	260	3.2296906	-0.83719456
4490992	261	3.414833	-0.97831357
4490992	262	3.9027228	-1.3640747
4490992	263	4.0652356	-1.4274088
4490992	264	3.9613876	-1.3804084
4490992	265	3.9642515	-1.320342
4490992	266	3.8289495	-1.2925274
4490992	267	3.3570232	-0.78215206
4490992	268	2.7276297	-0.14156467
4490992	269	2.9539828	-0.18997806
4490992	270	3.1862574	-0.4340152
4490992	271	3.0519996	-0.36134255
4490992	272	2.7385626	0.16028216
4490992	273	2.175918	0.27453664
4490992	274	1.6538016	1.029818
4490992	275	1.6255432	1.0369004
4490992	276	1.6112012	1.1125305
4490992	277	1.7142552	1.2594732
4490992	278	2.5558062	0.6430694
4490992	279	2.1404004	0.68643403
4490992	280	1.9777716	0.91933334
4490992	281	1.9759706	0.7719399
4490992	282	2.2707253	0.61486745
4490992	283	1.3714619	1.2129947
4490992	284	1.6685861	1.194156
4490992	285	1.036388	2.045967
4490992	286	2.1822782	0.6222671
4490992	287	1.3327951	1.4033116
4490992	288	1.2531866	1.7461698
4490992	289	2.0225859	2.3826008
4490992	290	1.5140151	2.9769723
4490992	291	1.8715066	2.3963428
4490992	292	1.507635	2.7623467
4490992	293	1.6917292	2.6771154
4490992	294	1.5248231	2.7835596
4490992	295	2.1657624	1.995755
4490992	296	2.465714	1.7529871
4490992	297	2.2847905	1.7935619
4490992	298	2.4061265	1.7327824
4490992	299	2.5410695	1.6511045
4490992	300	2.9309492	1.0176592
4490992	301	2.9574647	-0.4765974
4490992	302	2.856079	-0.2354034
4490992	303	3.1985927	0.90626466
4490992	304	2.3963504	0.25742504
4490992	305	2.2588267	0.17395583
4490992	306	2.48596	0.3322048
4490992	307	2.2760024	0.46834853
4490992	308	2.700356	1.1724777
4490992	309	2.703061	1.4117211
4490992	310	2.6141777	1.63393
4490992	311	2.612856	1.741205
4490992	312	2.4927592	1.771229
4490992	313	2.407835	1.9474876
4490992	314	2.385621	1.9283445
4490992	315	2.2406745	2.102622
4490992	316	1.9902507	2.39516
4490992	317	1.8330988	2.4227617
4490992	318	1.755016	2.6108897
4490992	319	1.5771924	2.8741367
4490992	320	1.6127869	2.9681332
4490992	321	1.5719405	3.1983068
4490992	322	0.73546493	4.007382
4490992	323	0.3725865	4.5014753
4490992	324	0.6855953	4.159819
4490992	325	1.0421605	3.7099102
4490992	326	1.1702383	3.4499156
4490992	327	1.3306388	3.5493443
4490992	328	1.1215084	3.5857213
4490992	329	0.9854764	3.8970616
4490992	330	1.020313	4.0993705
4490992	331	-1.5012162	2.1757472
4490992	332	-0.029949248	0.199474
4490992	333	-0.079483956	0.21393803
4490992	334	0.2067967	-0.04816577
4490992	335	0.5225277	1.395248
4490992	336	0.6859474	0.54535484
4490992	337	0.34833103	0.60394585
4490992	338	0.6829144	0.27799544
4490992	339	2.0643697	0.44402334
4490992	340	1.36523	0.7641511
4490992	341	1.5468048	0.666332
4490992	342	1.3028656	0.74977803
4490992	343	2.5416417	0.772526
4490992	344	1.9097053	1.8024726
4490992	345	1.6861805	0.1327518
4490992	346	0.9643109	1.0411335
4490992	347	1.5589474	0.68886256
4490992	348	1.4499233	0.68239665
4490992	349	1.5023357	0.6344818
4490992	350	0.8656157	1.604245
4490992	351	0.8916843	1.9509454
4490992	352	1.5688986	0.99968815
4490992	353	1.7516602	0.7828183
4490992	354	2.7443275	-0.06275764
4490992	355	3.0043411	-0.28663194
4490992	356	2.916294	-0.11872083
4490992	357	3.1478548	-0.32235518
4490992	358	2.0446649	-0.8246285
4490992	359	2.3284407	0.46362743
4490992	360	2.1569896	0.46642277
4490992	361	1.3939301	1.2461126
4490992	362	2.6674418	1.5190359
4490992	363	2.638218	1.8588338
4490992	364	2.120916	2.3840475
4490992	365	1.830814	2.8174422
4490992	366	2.1474166	2.5566561
4490992	367	2.5506067	2.1556394
4490992	368	2.9330106	1.7219248
4490992	369	2.917965	1.8470287
4490992	370	1.6211001	0.598274
4490992	371	1.3907481	0.91822195
4490992	372	1.3186911	1.0940382
4490992	373	1.210137	1.228724
4490992	374	1.7265569	0.72090936
4490992	375	2.0147462	0.5080222
4490992	376	2.41747	0.19032708
4490992	377	2.286456	0.28016803
4490992	378	2.4941463	0.25902072
4490992	379	2.649629	0.13122526
4490992	380	2.958064	-0.13744903
4490992	381	2.7699924	-0.052437037
4490992	382	3.020235	-0.12116802
4490992	383	2.8179827	0.0055879056
4490992	384	2.955452	-0.17905125
4490992	385	2.433168	0.3086991
4490992	386	2.433515	0.2641408
4490992	387	2.3233442	0.39181873
4490992	388	2.271412	0.40392926
4490992	389	2.6228585	0.048454434
4490992	390	2.6897316	0.0412682
4490992	391	1.9872373	0.6520622
4490992	392	2.158607	0.44749966
4490992	393	2.0858688	0.5844991
4490992	394	2.073019	0.57569575
4490992	395	2.111651	0.55811095
4490992	396	3.2054925	0.8910059
4490992	397	2.4715538	1.8233869
4490992	398	1.5000695	1.2292018
4490992	399	1.2913268	1.1650983
4490992	400	1.5823611	0.9745424
4490992	401	1.1012303	1.6185658
4490992	402	1.5857574	1.21162
4490992	403	1.8608538	0.78120494
4490992	404	1.899722	0.90616775
4490992	405	1.7952136	0.9618076
4490992	406	1.9127582	0.89775026
4490992	407	1.8372163	0.8929868
4490992	408	1.5980316	1.2283232
4490992	409	1.6180996	0.981789
4490992	410	2.4724975	1.8683975
4490992	411	1.9012765	2.7551901
4490992	412	1.7379438	2.9360237
4490992	413	1.6346749	3.0534756
4490992	414	1.135342	3.2061694
4490992	415	1.367083	3.2399812
4490992	416	1.2372738	3.4696848
4490992	417	1.1227378	3.5722334
4490992	418	1.2376595	3.6735294
4490992	419	1.2678972	3.716522
4490992	420	0.95573664	4.0502443
4490992	421	0.9451858	4.1538467
4490992	422	1.0182117	4.0423717
4490992	423	0.6443089	4.5190854
4490992	424	0.5351716	4.642984
4490992	425	1.1874901	4.228696
4490992	426	1.1501667	4.2481685
4490992	427	1.6753725	3.495913
4490992	428	2.371436	2.666461
4490992	429	2.6960845	2.4362576
4490992	430	2.7036042	2.4359543
4490992	431	2.1297593	2.8419282
4490992	432	1.8194236	3.3309846
4490992	433	2.2210245	2.707165
4490992	434	2.18566	3.0097623
4490992	435	1.6622475	3.5468886
4490992	436	2.1951451	3.0572076
4490992	437	2.194406	3.1139972
4490992	438	2.0981684	3.197378
4490992	439	2.1192818	3.1156275
4490992	440	2.3070579	2.941809
4490992	441	2.3429227	2.9561787
4490992	442	2.2628717	3.018371
4490992	443	1.6898652	3.6182745
4490992	444	-0.0149668455	3.4193978
4490992	445	1.8215798	2.8930736
4490992	446	1.7988833	2.9886549
4490992	447	1.7418085	3.0146837
4490992	448	1.49429	3.2388954
4490992	449	1.575544	3.3388133
4490992	450	1.4818707	3.4667985
4490992	451	1.4854853	3.618055
4490992	452	1.454323	3.5536473
4490992	453	1.6303958	3.4950135
4490992	454	1.6523126	3.4683428
4490992	455	1.8040959	3.35384
4490992	456	1.220489	4.046248
4490992	457	1.5164393	3.579305
4490992	458	1.8151399	3.4509807
4490992	459	1.950297	3.3477674
4490992	460	2.5299602	2.8070762
4490992	461	2.841442	2.1327438
4490992	462	3.440679	1.5798995
4490992	463	3.2436423	1.6851294
4490992	464	3.0428252	1.8315771
4490992	465	2.9802995	2.1287715
4490992	466	3.1011453	2.029661
4490992	467	3.2661867	1.8942239
4490992	468	3.3578167	1.8302932
4490992	469	3.4310508	1.7699392
4490992	470	3.5025802	1.7520597
4490992	471	3.6616488	1.333892
4490992	472	3.9287038	1.1768388
4490992	473	3.7124157	1.4364424
4490992	474	3.4580703	1.5983231
4490992	475	3.580195	1.6580615
4490992	476	3.4298496	1.7763059
4490992	477	3.5110807	1.6952124
4490992	478	3.4243655	1.850703
4490992	479	3.460937	1.7800741
4490992	480	3.538468	1.793767
4490992	481	3.3167944	1.752727
4490992	482	3.249353	2.0568533
4490992	483	2.9019442	2.4335473
4490992	484	2.7801204	2.5607643
4490992	485	2.1680498	3.1785283
4490992	486	1.9162873	3.4569597
4490992	487	1.9957598	3.4039936
4490992	488	1.5128449	3.678933
4490992	489	1.4305575	3.9124181
4490992	490	1.000744	4.1216297
4490992	491	0.9411013	4.306551
4490992	492	0.7343483	4.470174
4490992	493	0.73743594	4.6287794
4490992	494	0.51362205	4.703918
4490992	495	0.5616249	4.7799296
4490992	496	0.74862325	4.450576
4490992	497	1.1899621	4.3196864
4490992	498	1.239691	4.1220956
4490992	499	1.3024225	4.137318
4490992	500	1.3305633	4.073373
4490992	501	1.4101049	4.0177712
4490992	502	1.426393	3.970369
4490992	503	1.6322592	3.7766826
4490992	504	1.5918154	4.027058
4490992	505	1.5319155	3.8944619
4490992	506	1.604859	3.9139059
4490992	507	1.3208917	4.1108985
4490992	508	1.2902478	4.0052233
4490992	509	1.4974595	3.8787057
4490992	510	1.4597415	4.1016917
4490992	511	1.2206844	4.2545156
4490992	512	1.3114458	4.440614
4490992	513	1.3511101	4.1880965
4490992	514	1.521711	4.3483324
4490992	515	1.3976715	4.2225966
4490992	516	1.3850731	4.3072863
4490992	517	1.4909042	4.2365003
4490992	518	1.3390298	4.2571616
4490992	519	1.3793894	4.2889943
4490992	520	1.3367499	4.290817
4490992	521	1.3518662	4.267522
4490992	522	1.5048374	4.0781302
4490992	523	1.8757943	4.016568
4490992	524	1.4538498	4.154231
4490992	525	1.6073626	4.030348
4490992	526	2.015965	3.9811723
4490992	527	1.4461848	4.3214164
4490992	528	0.946164	4.5931597
4490992	529	0.92672884	4.7328353
4490992	530	0.9986346	4.600626
4490992	531	1.1158932	4.5410213
4490992	532	1.3252043	4.3771467
4490992	533	1.2364453	4.4431343
4490992	534	1.3597643	4.333755
4490992	535	1.3988601	4.3553963
4490992	536	1.423779	4.384556
4490992	537	1.3089149	4.3984637
4490992	538	1.4581021	4.1298327
4490992	539	1.256418	4.4459743
4490992	540	1.153481	4.464143
4490992	541	1.1697235	4.570369
4490992	542	1.2607307	4.500301
4490992	543	1.0184817	4.6777945
4490992	544	0.9869456	4.5032196
4490992	545	1.1410972	4.3530564
4490992	546	1.1179706	4.5454135
4490992	547	1.2440516	4.4253354
4490992	548	1.2680513	4.412473
4490992	549	1.2418325	4.444737
4490992	550	1.1511612	4.536801
4490992	551	1.138752	4.5719886
4490992	552	1.0816963	4.554204
4490992	553	1.1712706	4.4613233
4490992	554	1.3551191	4.5160513
4490992	555	1.1625156	4.507764
4490992	556	1.2714561	4.4965696
4490992	557	1.4885128	4.144209
4490992	558	1.7156278	4.214564
4490992	559	1.6609517	4.1286335
4490992	560	1.7542855	4.096941
4490992	561	1.8686675	4.1741786
4490992	562	1.4301044	4.42295
4490992	563	1.2760224	4.5291696
4490992	564	1.488191	4.351273
4490992	565	1.6082369	4.3607607
4490992	566	1.5564772	4.32214
4490992	567	1.4232178	4.378919
4490992	568	1.3845419	4.4438543
4490992	569	1.2755415	4.3791842
4490992	570	1.5149935	4.404988
4490992	571	1.3435262	4.4810486
4490992	572	1.310952	4.4881306
4490992	573	1.2708415	4.5322685
4490992	574	1.1526364	4.4657965
4490992	575	1.384414	4.5006294
4490992	576	1.1835871	4.482887
4490992	577	1.3757589	4.5248604
4490992	578	1.2026393	4.6035323
4490992	579	1.0866294	4.635488
4490992	580	1.1997426	4.6216846
4490992	581	1.12207	4.4788804
4490992	582	1.1906329	4.729655
4490992	583	0.949985	4.842881
4490992	584	0.97194827	4.8784156
4490992	585	0.85253346	4.887686
4490992	586	0.90939116	4.688697
4490992	587	0.96806896	4.8002377
4490992	588	0.9331449	4.911483
4490992	589	1.2555983	4.53512
4490992	590	0.8004308	4.9894214
4490992	591	0.6022937	5.4457955
4490992	592	0.48100418	5.4361115
4490992	593	0.48956376	5.430585
4490992	594	0.47029865	5.4561033
4490992	595	0.39372182	5.5216947
4490992	596	0.32813358	5.6470475
4490992	597	0.39486057	5.643502
4490992	598	0.34065676	5.6790705
4490992	599	0.22395903	5.769226
4490992	600	0.1444161	5.990005
4490992	601	0.11016703	5.925474
4490992	602	0.10056436	5.9183984
4490992	603	0.13827729	5.8706822
4490992	604	0.17027187	5.869258
4490992	605	0.18214542	5.837469
4490992	606	0.14479607	5.8216696
4490992	607	0.17123193	5.79446
4490992	608	0.168504	5.7823267
4490992	609	0.27402502	5.727454
4490992	610	0.23913974	5.758349
4490992	611	0.23045588	5.8412333
4490992	612	0.26003206	5.7763257
4490992	613	0.34165204	5.717103
4490992	614	0.35755634	5.7348003
4490992	615	0.36176288	5.724982
4490992	616	0.37702143	5.656523
4490992	617	0.39919162	5.7216487
4490992	618	0.40165496	5.6696773
4490992	619	0.48286068	5.716294
4490992	620	0.47081488	5.5975013
4490992	621	0.4600669	5.649032
4490992	622	0.4733097	5.784229
4490992	623	0.7977736	5.3599324
4490992	624	1.0624053	5.157902
4490992	625	1.0593235	5.29863
4490992	626	1.0747513	5.1866584
4490992	627	0.9977964	5.349823
4490992	628	1.182801	5.147494
4490992	629	1.1803408	5.26424
4490992	630	1.2355928	5.107669
4490992	631	0.73555756	5.560948
4490992	632	0.70037425	5.558876
4490992	633	0.5858922	5.816448
4490992	634	0.24998993	5.945199
4490992	635	0.56618345	5.9103646
4490992	636	0.35088772	6.05816
4490992	637	0.42177176	5.8859396
4490992	638	0.26721102	6.082974
4490992	639	0.4251455	5.972336
4490992	640	-0.113633364	5.91075
4490992	641	0.85693836	4.2953587
4490992	642	1.6992337	3.9009974
4490992	643	1.091324	4.8149595
4490992	644	1.4695138	4.5046616
4490992	645	1.515778	4.6451483
4490992	646	1.7503172	4.343543
4490992	647	1.8267409	4.4483695
4490992	648	1.7181867	4.3903
4490992	649	1.8633381	4.2451153
4490992	650	0.25811845	3.7394168
4490992	651	1.5193919	3.9013379
4490992	652	1.6638359	3.8358762
4490992	653	1.6753243	3.805329
4490992	654	1.6274546	3.8454978
4490992	655	1.617128	3.7985966
4490992	656	1.0126288	4.244975
4490992	657	0.55322385	3.5226498
4490992	658	0.60899246	3.6683462
4490992	659	0.42241222	3.7553136
4490992	660	1.1310412	2.4547992
4490992	661	1.4787912	3.8895476
4490992	662	1.1521341	4.1759553
4490992	663	1.2333583	4.2717
4490992	664	1.0481042	4.368944
4490992	665	1.1416253	4.335282
4490992	666	1.0864744	4.3193245
4490992	667	0.9603343	4.420305
4490992	668	0.92692184	3.7533548
4490992	669	1.6177844	3.1314197
4490992	670	1.4983257	3.6235025
4490992	671	1.5853418	3.5766022
4490992	672	1.8715361	3.2513711
4490992	673	1.5849029	3.5624616
4490992	674	1.4747902	3.8501332
4490992	675	1.341044	4.1673455
4490992	676	1.2271079	4.4353247
4490992	677	1.1809455	4.568383
4490992	678	1.3404597	4.320332
4490992	679	1.3910028	4.29951
4490992	680	0.98446727	4.9179044
4490992	681	1.3483422	3.4664166
4490992	682	1.672474	3.0732064
4490992	683	1.5423211	3.5643919
4490992	684	1.7306644	3.5092273
4490992	685	2.1080136	2.9654086
4490992	686	1.8946978	3.2933338
4490992	687	2.2447805	2.8361964
4490992	688	2.137765	3.1415017
4490992	689	2.4827456	2.6179225
4490992	690	1.36802	3.898523
4490992	691	1.6909939	3.5968597
4490992	692	1.2690026	3.9334881
4490992	693	1.2098554	4.1821055
4490992	694	1.049146	4.5191507
4490992	695	1.0103313	4.363891
4490992	696	1.1071248	4.3996086
4490992	697	1.0303111	4.213661
4490992	698	0.41783786	4.9498415
4490992	699	0.25181782	4.762498
4490992	700	0.4967817	4.8434725
4490992	701	0.26414597	5.0297036
4490992	702	0.6368302	4.5760055
4490992	703	0.34218818	5.085511
4490992	704	0.42853886	4.9231815
4490992	705	0.5170027	4.8167057
4490992	706	0.64998984	4.67064
4490992	707	0.5954511	4.598837
4490992	708	1.0076859	4.260655
4490992	709	0.52123916	4.9084373
4490992	710	0.3143742	4.7037454
4490992	711	-0.24039742	4.4198103
4490992	712	1.0738561	3.9409368
4490992	713	0.15786678	4.68001
4490992	714	0.6571485	4.5524354
4490992	715	0.9915767	4.4125457
4490992	716	0.5871246	4.857379
4490992	717	0.26251435	3.5732682
4490992	718	0.2466191	3.5537946
4490992	719	1.1917713	3.8378394
4490992	720	1.3493065	3.7602475
4490992	721	1.3386257	3.820896
4490992	722	1.2588967	3.9681818
4490992	723	1.281799	4.12254
4490992	724	1.2664521	4.0973625
4490992	725	1.2396566	4.0548663
4490992	726	1.3943616	3.6238158
4490992	727	1.3835889	3.4994495
4490992	728	1.439722	3.4047966
4490992	729	0.9483136	3.4246194
4490992	730	0.54737544	2.4917443
4490992	731	0.88031304	1.9822764
4490992	732	2.5039382	2.088145
4490992	733	2.0046844	2.6348321
4490992	734	2.311808	2.578253
4490992	735	2.2896628	2.6366916
4490992	736	2.2948718	2.6304994
4490992	737	1.4406859	1.8545744
4490992	738	1.1247971	2.161479
4490992	739	2.076511	2.6090279
4490992	740	1.9850065	2.840377
4490992	741	2.1118484	2.930682
4490992	742	2.1463895	2.8922455
4490992	743	2.0900803	2.9765093
4490992	744	1.5899125	3.279322
4490992	745	1.7405514	3.354286
4490992	746	2.5467458	2.76784
4490992	747	2.4341316	2.8052614
4490992	748	2.7641606	2.4760234
4490992	749	3.0294814	2.2954211
4490992	750	2.8452587	2.489851
4490992	751	2.854639	2.4350471
4490992	752	2.9121842	2.4002001
4490992	753	2.9666705	2.3411756
4490992	754	3.4375014	1.7688138
4490992	755	3.5894356	1.8410861
4490992	756	3.6194496	1.8915508
4490992	757	3.757454	1.6388702
4490992	758	4.309616	1.0996823
4490992	759	4.460282	0.855865
4490992	760	4.4431734	0.96041846
4490992	761	4.5077314	0.7595178
4490992	762	2.8508825	2.7439787
4490992	763	2.830554	2.5061038
4490992	764	3.024259	2.3683145
4490992	765	3.0957427	2.2247043
4490992	766	3.4014463	2.1063855
4490992	767	3.650373	1.7653852
4490992	768	3.481792	2.1919556
4490992	769	3.157804	2.5210996
4490992	770	2.87071	2.8134005
4490992	771	2.945685	2.708387
4490992	772	2.81216	2.7327857
4490992	773	2.1103387	3.5337915
4490992	774	2.429902	3.2367558
4490992	775	3.0210567	2.7916653
4490992	776	3.3447237	2.502117
4490992	777	3.4212847	2.4957402
4490992	778	3.6099744	1.5245835
4490992	779	2.8043184	2.5856142
4490992	780	2.9111767	3.310547
4490992	781	3.013318	3.2209997
4490992	782	3.0063958	3.2472284
4490992	783	3.016889	3.2670069
4490992	784	2.9444132	3.1913693
4490992	785	3.0138159	3.138889
4490992	786	2.9332838	3.1379688
4490992	787	3.19352	3.1727533
4490992	788	4.161995	1.6912737
4490992	789	2.7035193	3.4589465
4490992	790	2.457788	3.9085987
4490992	791	2.5482993	3.8241613
4490992	792	2.6716952	3.9185011
4490992	793	2.7968907	3.893298
4490992	794	0.4631189	4.6635113
4490992	795	0.96648264	4.6579432
4490992	796	1.0231769	4.325817
4490992	797	1.139693	4.289397
4490992	798	1.0528423	4.1662774
4490992	799	1.0850041	4.0265636
4490992	800	2.152876	3.9337342
4490992	801	2.5986843	3.351613
4490992	802	2.4832478	3.556368
4490992	803	2.564962	3.4762537
4490992	804	2.5856562	3.6256983
4490992	805	2.6120095	3.5460098
4490992	806	2.7161045	3.452275
4490992	807	2.8117647	3.3011017
4490992	808	2.6086016	3.3141334
4490992	809	2.6367593	3.2998512
4490992	810	2.24405	3.5386052
4490992	811	2.6544828	2.9715052
4490992	812	2.743812	2.960091
4490992	813	3.0105038	2.5352294
4490992	814	2.8102026	2.7649837
4490992	815	3.5383925	2.2575161
4490992	816	4.1141133	1.6491494
4490992	817	4.310712	1.6098008
4490992	818	4.2503924	1.5102055
4490992	819	4.3034854	1.5471053
4490992	820	4.1246543	1.6976559
4490992	821	4.0749373	1.7033739
4490992	822	4.06608	1.7871931
4490992	823	3.96989	1.9080136
4490992	824	3.7376285	2.0647738
4490992	825	3.7754235	2.0730069
4490992	826	3.8512316	1.9742017
4490992	827	3.8841753	2.1353009
4490992	828	3.998856	2.0003288
4490992	829	4.0744267	1.749954
4490992	830	4.156775	1.7284935
4490992	831	4.0798917	1.7188592
4490992	832	4.2350717	1.523119
4490992	833	4.34736	1.3425729
4490992	834	4.369879	1.4275196
4490992	835	4.198458	1.6416044
4490992	836	4.3474193	1.420108
4490992	837	3.229731	0.46814343
4490992	838	3.354662	0.56649375
4490992	839	3.3208036	0.7003014
4490992	840	3.3476033	0.6515895
4490992	841	3.338377	0.65826297
4490992	842	3.2042418	0.7218852
4490992	843	2.5870843	1.1705848
4490992	844	2.5004067	1.5573604
4490992	845	2.4642591	1.6168377
4490992	846	2.653707	1.5180831
4490992	847	2.8171177	1.4183035
4490992	848	2.956325	1.2653846
4490992	849	2.927504	1.3461521
4490992	850	3.6775017	1.8761766
4490992	851	3.5922475	2.1728125
4490992	852	3.5536966	2.4201074
4490992	853	3.57908	2.4940822
4490992	854	3.739852	2.2763462
4490992	855	4.347152	1.4373881
4490992	856	4.3523088	1.4721059
4490992	857	2.306728	1.2846208
4490992	858	2.3948088	1.7136886
4490992	859	2.967804	1.2359165
4490992	860	2.9663634	1.1841549
4490992	861	2.4193316	1.4430816
4490992	862	3.4287791	0.71998656
4490992	863	3.4656324	0.68883276
4490992	864	3.3500414	0.708658
4490992	865	3.084612	0.9864472
4490992	866	2.900268	1.1730269
4490992	867	2.807681	1.126373
4490992	868	2.8553524	1.1761165
4490992	869	2.8188667	1.2686762
4490992	870	3.1595902	0.86158514
4490992	871	4.053312	0.022046387
4490992	872	2.937018	0.9411597
4490992	873	0.8946713	1.2444031
4490992	874	1.37203	0.39291206
4490992	875	1.3349082	-0.014769286
4490992	876	2.2290454	1.2723272
4490992	877	2.2516365	1.2133778
4490992	878	1.4859831	1.8407586
4490992	879	2.0238504	1.5119594
4490992	880	2.324061	1.0736856
4490992	881	2.2451038	1.320036
4490992	882	2.5045094	1.269705
4490992	883	2.3338661	1.2398181
4490992	884	2.6193943	0.7460196
4490992	885	3.2605133	0.1040217
4490992	886	3.1794052	0.42418012
4490992	887	3.7349725	1.3570433
4490992	888	4.175862	1.0070726
4490992	889	4.1657	1.110614
4490992	890	4.0993304	1.0800812
4490992	891	4.4389052	0.666268
4490992	892	4.5794706	0.60234034
4490992	893	4.267619	0.92388725
4490992	894	4.438086	0.64635766
4490992	895	4.869644	0.2810819
4490992	896	4.4554377	0.56495166
4490992	897	4.5732107	0.5181868
4490992	898	4.4514933	0.66143346
4490992	899	4.5530725	0.5549512
4490992	900	4.5276723	0.5691012
4490992	901	4.5443063	0.5964185
4490992	902	4.520254	0.67628706
4490992	903	4.3740373	0.85009336
4490992	904	4.033351	1.2589486
4490992	905	4.2355547	1.0243238
4490992	906	4.2069707	1.0784812
4490992	907	4.119117	1.2493997
4490992	908	4.2588043	1.088869
4490992	909	4.3463335	1.0056082
4490992	910	4.2037606	1.154468
4490992	911	4.3724523	0.9159157
4490992	912	4.3642817	0.86023486
4490992	913	4.559764	0.7254636
4490992	914	4.628128	0.6651969
4490992	915	4.6086884	0.63187575
4490992	916	5.0789165	0.21660057
4490992	917	4.6485133	0.5376096
4490992	918	4.5911436	0.626426
4490992	919	4.7592654	0.47257033
4490992	920	5.315262	-0.248024
4490992	921	5.0603633	0.10501495
4490992	922	4.961041	0.15559277
4490992	923	5.5540066	-0.5117718
4490992	924	5.7235303	-0.5316165
4490992	925	5.55682	-0.2932459
4490992	926	4.585388	-1.4786329
4490992	927	4.620179	-1.6330532
4490992	928	4.7572308	-1.6863202
4490992	929	4.738611	-1.7627867
4490992	930	4.743435	-0.8777077
4490992	931	4.8820987	-0.9371753
4490992	932	4.0445337	-0.27411485
4490992	933	4.516636	-0.52463627
4490992	934	4.9123387	-0.09502977
4490992	935	4.6486435	0.27418032
4490992	936	4.927773	0.13636407
4490992	937	4.311136	-0.62559247
4490992	938	4.1559067	-0.31115443
4490992	939	4.141414	-0.4533455
4490992	940	4.3783975	-0.46690032
4490992	941	4.2999496	-0.42890707
4490992	942	4.300867	-0.53348535
4490992	943	4.4361973	-0.60308063
4490992	944	4.205231	-0.5238207
4490992	945	3.775001	-0.127853
4490992	946	3.812416	-0.034020394
4490992	947	3.0611763	0.51606643
4490992	948	3.200018	0.49964467
4490992	949	3.0501661	0.66819346
4490992	950	2.72686	0.9145534
4490992	951	2.8474255	0.9060997
4490992	952	2.755426	1.0051895
4490992	953	2.718492	1.0496554
4490992	954	3.2129712	1.72631
4490992	955	3.1000915	1.9655969
4490992	956	3.0251355	2.1063392
4490992	957	3.133636	1.9471266
4490992	958	3.1140947	2.0969887
4490992	959	2.9550343	2.2415407
4490992	960	2.9502974	2.209008
4490992	961	3.2733464	1.9879808
4490992	962	2.9118814	2.4119103
4490992	963	2.6854744	2.5318658
4490992	964	2.7169375	2.5920115
4490992	965	3.3253846	2.0880485
4490992	966	3.5863476	1.9464293
4490992	967	3.3542194	2.0075548
4490992	968	3.447575	1.9259605
4490992	969	3.3998523	1.890871
4490992	970	3.3612528	1.8663666
4490992	971	3.3611345	2.0385442
4490992	972	3.4040694	1.7963629
4490992	973	3.462882	1.8909309
4490992	974	3.4930854	1.9450281
4490992	975	3.825119	1.595355
4490992	976	5.4215918	-0.2841043
4490992	977	5.3026342	-0.22528894
4490992	978	4.7089987	0.1317971
4490992	979	4.9491167	0.14178368
4490992	980	4.3107305	-0.6075642
4490992	981	4.1983156	0.82449853
4490992	982	4.3200893	0.5362643
4490992	983	4.396942	0.5099592
4490992	984	4.44691	0.48268834
4490992	985	4.3424444	0.5720018
4490992	986	4.2196846	0.618374
4490992	987	4.0340843	0.6915494
4490992	988	4.3437576	0.4843715
4490992	989	4.241157	0.6620989
4490992	990	4.1904736	0.69759834
4490992	991	3.020588	0.08354589
4490992	992	4.0834556	0.5490589
4490992	993	4.2510276	0.29804263
4490992	994	4.197465	0.5854089
4490992	995	4.1484246	0.65701604
4490992	996	4.139336	0.7059047
4490992	997	2.3070097	0.95390546
4490992	998	2.5721498	0.8319235
4490992	999	3.0163279	2.0003834
4490992	1000	2.6211615	2.1703682
4490992	1001	2.3065948	2.6539414
4490992	1002	2.7513132	2.2170017
4490992	1003	2.8925056	2.135384
4490992	1004	2.77815	2.2834742
4490992	1005	2.3637	2.6764443
4490992	1006	2.1351557	2.895766
4490992	1007	2.1354218	2.8478441
4490992	1008	2.0758433	2.210977
4490992	1009	2.614832	2.2221396
4490992	1010	2.8940935	1.9146304
4490992	1011	3.1986704	1.4198179
4490992	1012	2.674662	2.1882098
4490992	1013	2.369955	2.4319303
4490992	1014	1.9809452	2.776671
4490992	1015	2.1660624	2.6210542
4490992	1016	2.3853989	2.4545407
4490992	1017	2.2618833	2.929659
4490992	1018	1.7727443	1.9556024
4490992	1019	1.239615	2.082263
4490992	1020	2.9401236	1.594625
4490992	1021	2.846157	0.27611652
4490992	1022	2.6996427	0.2921585
4490992	1023	2.8982415	0.17982945
4490992	1024	2.9992685	0.17534557
4490992	1025	3.6688027	-0.24546085
4490992	1026	3.3240213	1.2915945
4490992	1027	3.4478679	1.0431235
4490992	1028	3.7131243	0.8855264
4490992	1029	3.9219718	0.861271
4490992	1030	3.4620771	1.2125232
4490992	1031	3.3536172	1.3871977
4490992	1032	3.3181314	1.3683175
4490992	1033	3.2337666	1.4035579
4490992	1034	3.2827768	1.2966765
4490992	1035	3.286242	1.3407607
4490992	1036	3.2843838	1.4196981
4490992	1037	3.3682952	-0.2910628
4490992	1038	3.1428223	-0.055853724
4490992	1039	3.1880264	-0.090540886
4490992	1040	3.325086	-0.14226803
4490992	1041	3.153139	-0.018469334
4490992	1042	3.233014	-0.0069203377
4490992	1043	3.3151083	-0.15056592
4490992	1044	3.2482724	-0.028184205
4490992	1045	3.4711876	1.1989676
4490992	1046	3.4721227	1.063797
4490992	1047	3.6667666	0.9462298
4490992	1048	3.686224	0.9622557
4490992	1049	3.0776987	1.3591691
4490992	1050	3.414794	0.9381237
4490992	1051	3.6233716	0.84365594
4490992	1052	3.6450868	0.88837814
4490992	1053	3.5592198	1.0112102
4490992	1054	2.487411	0.747442
4490992	1055	2.7344856	0.64170575
4490992	1056	2.7814302	0.57567334
4490992	1057	2.8269877	0.56176436
4490992	1058	2.2240334	1.0447742
4490992	1059	2.153604	1.0943229
4490992	1060	3.3911624	1.1673006
4490992	1061	3.6691775	0.9038265
4490992	1062	3.469698	1.1856331
4490992	1063	3.3828816	1.3164886
4490992	1064	3.0871358	1.5395515
4490992	1065	3.055849	1.7071688
4490992	1066	3.085362	1.7058945
4490992	1067	2.480319	2.02928
4490992	1068	2.584281	1.929024
4490992	1069	2.6162539	1.8329773
4490992	1070	2.8483748	1.5536261
4490992	1071	3.3405943	1.1152166
4490992	1072	3.4834895	1.0338721
4490992	1073	3.5292578	0.99314475
4490992	1074	3.4868202	-0.47597218
4490992	1075	3.0040278	-0.014553547
4490992	1076	2.9112897	0.089065105
4490992	1077	2.7432609	0.23069516
4490992	1078	3.0300474	0.06274381
4490992	1079	2.9667945	0.15135774
4490992	1080	3.1384773	-0.11625472
4490992	1081	3.1892657	-0.061113983
4490992	1082	3.3527908	1.2273601
4490992	1083	3.2893505	1.0743902
4490992	1084	3.3760653	1.0000101
4490992	1085	3.0112505	1.3101069
4490992	1086	3.4594355	0.8260095
4490992	1087	3.2189193	1.3758819
4490992	1088	3.49586	0.88040006
4490992	1089	3.902227	0.60595906
4490992	1090	3.898756	0.6194589
4490992	1091	3.6162205	0.9247978
4490992	1092	3.6178656	0.87811863
4490992	1093	3.6853843	0.89604235
4490992	1094	3.628367	0.69940925
4490992	1095	3.191536	1.2280018
4490992	1096	3.2103977	1.2273945
4490992	1097	3.1422057	1.400462
4490992	1098	3.17656	1.3462874
4490992	1099	2.782267	1.5715668
4490992	1100	2.7831573	1.5818326
4490992	1101	2.7289324	1.6444683
4490992	1102	2.788947	1.5030829
4490992	1103	2.855578	1.4702289
4490992	1104	2.7647352	1.5545723
4490992	1105	3.1588383	1.1034529
4490992	1106	3.229179	1.2143692
4490992	1107	3.3695812	0.94957685
4490992	1108	3.1630487	1.23748
4490992	1109	2.7809782	1.461657
4490992	1110	2.7149239	1.6546924
4490992	1111	2.809248	1.572505
4490992	1112	3.2403426	1.177272
4490992	1113	3.0779748	1.3326248
4490992	1114	3.505001	0.9601164
4490992	1115	3.432313	1.0937059
4490992	1116	3.2090821	1.2128271
4490992	1117	3.1098962	1.2492359
4490992	1118	2.7337184	1.7449892
4490992	1119	2.626348	1.9565833
4490992	1120	2.0921683	2.6422243
4490992	1121	2.2371912	2.1137614
4490992	1122	2.5027328	2.1377316
4490992	1123	2.029727	2.8150468
4490992	1124	2.215507	2.418052
4490992	1125	2.0859437	2.4782465
4490992	1126	-0.031938374	1.6429791
4490992	1127	0.9041275	1.8715823
4490992	1128	1.0105132	1.9333966
4490992	1129	1.4645499	1.6488099
4490992	1130	2.5724993	1.7822347
4490992	1131	2.3207383	2.0741816
4490992	1132	1.765931	2.500874
4490992	1133	1.7203335	2.6818883
4490992	1134	3.0383487	0.8894522
4490992	1135	3.3138437	0.6150844
4490992	1136	3.78018	0.6204132
4490992	1137	4.41867	0.17953292
4490992	1138	4.2319827	0.5003797
4490992	1139	4.0815716	0.70792556
4490992	1140	3.350716	0.27692035
4490992	1141	3.315507	-0.17082325
4490992	1142	3.1002183	-0.047243953
4490992	1143	2.4576025	0.725541
4490992	1144	2.619505	0.68534195
4490992	1145	2.2989984	1.4882183
4490992	1146	3.0221157	0.46215847
4490992	1147	3.2679548	0.22717544
4490992	1148	4.0947876	-0.65495
4490992	1149	4.0588255	-0.43563172
4490992	1150	4.0034227	-0.3375829
4490992	1151	4.0892982	-0.47353175
4490992	1152	3.2758837	0.26621488
4490992	1153	3.2624745	0.20295379
4490992	1154	3.2408195	-0.14935145
4490992	1155	2.9334397	0.1209881
4490992	1156	3.0065846	0.11626235
4490992	1157	1.5194508	1.3793132
4490992	1158	1.4975463	1.7981961
4490992	1159	1.7145082	1.3417794
4490992	1160	1.7181512	1.7565668
4490992	1161	2.9794073	1.9209592
4490992	1162	2.7985578	2.3836527
4490992	1163	1.9490119	1.2503568
4490992	1164	2.6501698	0.9197506
4490992	1165	2.661952	1.5914257
4490992	1166	1.3608996	0.9537535
4490992	1167	2.1280875	2.1418703
4490992	1168	2.4802332	2.1745703
4490992	1169	2.687592	2.0676851
4490992	1170	2.7831435	2.0242033
4490992	1171	3.093573	1.9357936
4490992	1172	2.8748345	1.8562834
4490992	1173	3.349441	1.2908852
4490992	1174	3.671122	1.2267427
4490992	1175	3.8843555	1.084859
4490992	1176	4.1494923	0.9237375
4490992	1177	4.084405	1.1104784
4490992	1178	3.9540315	1.2144607
4490992	1179	4.2758093	0.9412352
4490992	1180	4.4218836	0.8877661
4490992	1181	4.266897	0.96832037
4490992	1182	4.163571	1.0155549
4490992	1183	4.106144	0.9908674
4490992	1184	4.0050917	1.2755736
4490992	1185	3.8927484	1.082455
4490992	1186	3.8311038	1.6244307
4490992	1187	4.102923	1.0959749
4490992	1188	3.175715	-0.17105019
4490992	1189	2.89752	0.04986003
4490992	1190	2.7935486	0.23737517
4490992	1191	2.4884915	0.4497672
4490992	1192	2.5194259	0.476146
4490992	1193	2.5059857	0.52245986
4490992	1194	2.34202	0.69969916
4490992	1195	3.5233445	0.6842761
4490992	1196	3.5358644	1.2873352
4490992	1197	2.8618479	1.8760984
4490992	1198	2.5889273	2.3689795
4490992	1199	2.7260623	2.087404
4490992	1200	2.546008	2.06003
4490992	1201	2.2887435	2.9096966
4490992	1202	2.0859327	2.6703167
4490992	1203	1.9888815	2.8651156
4490992	1204	2.2137036	2.6694958
4490992	1205	1.2427391	2.549307
4490992	1206	1.795036	2.6153796
4490992	1207	1.7898163	2.8594065
4490992	1208	2.065198	2.6687522
4490992	1209	3.2191052	1.2085994
4490992	1210	2.8227801	1.772507
4490992	1211	2.7675228	2.0143282
4490992	1212	3.6395512	1.2124474
4490992	1213	3.8354573	1.0569783
4490992	1214	3.062142	1.8133409
4490992	1215	3.2913952	1.6459358
4490992	1216	2.710909	2.4735718
4490992	1217	2.5839596	2.1900105
4490992	1218	2.4490266	3.009475
4490992	1219	2.3891025	2.674534
4490992	1220	2.2707992	2.8399637
4490992	1221	1.7576336	3.7019088
4490992	1222	1.4747024	3.5928333
4490992	1223	1.374022	3.9115636
4490992	1224	1.4880855	3.4737513
4490992	1225	1.5799607	3.5502994
4490992	1226	1.7161003	3.4606118
4490992	1227	1.6890429	3.4886308
4490992	1228	1.5687734	3.6892455
4490992	1229	1.4345038	3.6616256
4490992	1230	1.3107218	3.5034916
4490992	1231	1.4613695	3.5813801
4490992	1232	1.6186775	3.5571983
4490992	1233	1.5862278	3.3314383
4490992	1234	1.681446	3.423214
4490992	1235	1.7510704	3.3261988
4490992	1236	1.7189599	3.5459044
4490992	1237	1.5578696	3.4252126
4490992	1238	1.6821529	3.4937322
4490992	1239	1.6414713	3.4751081
4490992	1240	1.5044218	3.4283538
4490992	1241	1.3744756	3.756543
4490992	1242	1.2886698	3.8682792
4490992	1243	1.2584772	3.974078
4490992	1244	1.2341815	3.8295429
4490992	1245	1.2310853	3.6615794
4490992	1246	1.0114112	4.17145
4490992	1247	1.105383	4.033637
4490992	1248	1.3045654	3.8926752
4490992	1249	1.2845854	3.887843
4490992	1250	1.389722	3.8513067
4490992	1251	1.2386004	3.8832562
4490992	1252	1.1657503	3.958905
4490992	1253	1.3460287	3.6742623
4490992	1254	1.4875983	3.7436578
4490992	1255	1.3761079	3.655883
4490992	1256	1.3491544	3.8180416
4490992	1257	1.3546815	3.897876
4490992	1258	1.4599615	3.7917473
4490992	1259	1.2679071	3.9241931
4490992	1260	1.2560865	3.9636161
4490992	1261	1.2127974	3.992327
4490992	1262	1.1792088	3.9957616
4490992	1263	1.2788512	3.980775
4490992	1264	1.1386336	4.020829
4490992	1265	1.1260897	4.115106
4490992	1266	1.1939248	4.1131196
4490992	1267	1.2718446	4.079778
4490992	1268	1.1919445	4.046899
4490992	1269	1.3244123	3.9962347
4490992	1270	1.1943996	4.0061064
4490992	1271	1.3572447	3.6500518
4490992	1272	1.4659386	3.7738225
4490992	1273	1.5108188	3.78044
4490992	1274	1.4686055	3.7814243
4490992	1275	1.3769469	3.6326191
4490992	1276	1.369373	3.8380282
4490992	1277	1.4598141	3.778392
4490992	1278	1.5188373	3.8339913
4490992	1279	1.3833555	3.81872
4490992	1280	1.2925557	3.7285802
4490992	1281	1.522859	3.6362054
4490992	1282	2.0434012	3.2050173
4490992	1283	2.169547	3.1884184
4490992	1284	2.2211766	3.2408452
4490992	1285	2.2153401	2.943698
4490992	1286	2.218031	3.2867818
4490992	1287	2.1630912	3.0258262
4490992	1288	2.2754846	3.104867
4490992	1289	2.4280143	2.9493916
4490992	1290	2.4625406	2.968141
4490992	1291	2.4536562	3.093053
4490992	1292	3.558659	1.5765386
4490992	1293	3.7607665	1.6776958
4490992	1294	3.9224825	1.4415413
4490992	1295	4.019365	1.44424
4490992	1296	3.3115096	0.25400457
4490992	1297	2.2246099	0.6125864
4490992	1298	2.3955483	0.5223825
4490992	1299	2.459495	0.5442883
4490992	1300	2.9571605	0.1391361
4490992	1301	3.3085637	1.4904251
4490992	1302	2.0468774	0.9964373
4490992	1303	2.052865	1.0221766
4490992	1304	2.1341066	1.0287852
4490992	1305	2.0920067	1.1181796
4490992	1306	1.987687	1.2633374
4490992	1307	1.0221075	2.36539
4490992	1308	0.9699497	2.4917443
4490992	1309	0.604712	2.841873
4490992	1310	0.5791168	2.9293084
4490992	1311	0.4891081	3.1966405
4490992	1312	1.9063259	2.7349498
4490992	1313	1.2236326	3.3087547
4490992	1314	1.4321682	3.3396716
4490992	1315	1.5386783	3.2626805
4490992	1316	1.5803906	3.2535005
4490992	1317	2.0237384	1.3638843
4490992	1318	1.6627296	1.4376739
4490992	1319	1.6889395	1.4773982
4490992	1320	1.4986769	1.7876801
4490992	1321	2.208012	1.0031133
4490992	1322	2.8986301	0.5420033
4490992	1323	3.0698094	0.4851766
4490992	1324	3.539289	0.16899261
4490992	1325	3.6278644	0.14468005
4490992	1326	3.6827397	1.2621472
4490992	1327	4.0158772	0.6721245
4490992	1328	3.6262007	1.2197378
4490992	1329	3.988234	0.81032825
4490992	1330	4.1247444	0.73794436
4490992	1331	3.9881158	0.84793377
4490992	1332	3.9285064	0.8539535
4490992	1333	3.5362678	1.2508733
4490992	1334	2.9109826	1.9363582
4490992	1335	2.2541666	2.675622
4490992	1336	1.9778267	3.170308
4490992	1337	1.8696269	3.2461936
4490992	1338	1.5449566	3.6621344
4490992	1339	1.9912874	3.1571136
4490992	1340	1.6939546	3.5029995
4490992	1341	2.0607924	3.0496695
4490992	1342	3.0006895	1.9459722
4490992	1343	3.5153098	1.2592196
4490992	1344	3.9687228	0.79560244
4490992	1345	3.7272038	1.0694892
4490992	1346	2.836803	2.0862672
4490992	1347	2.9524531	2.217172
4490992	1348	2.8153677	2.375634
4490992	1349	2.6891174	2.5753753
4490992	1350	2.1439238	3.0830567
4490992	1351	1.9689556	3.2830272
4490992	1352	1.8615469	3.5203228
4490992	1353	1.3875898	2.1659207
4490992	1354	1.4905074	1.7710481
4490992	1355	1.3260466	2.1782672
4490992	1356	2.125341	1.3045251
4490992	1357	1.8781868	1.8669074
4490992	1358	2.3121767	1.0753735
4490992	1359	2.3011909	1.1150973
4490992	1360	2.7259889	0.73272884
4490992	1361	3.2741184	0.26532444
4490992	1362	2.3236184	1.2109162
4490992	1363	2.047165	1.1380466
4490992	1364	2.4289327	0.79913354
4490992	1365	2.4521494	0.6849556
4490992	1366	2.3929582	0.78744376
4490992	1367	2.2592316	0.96535957
4490992	1368	1.9458262	1.5701885
4490992	1369	1.8563808	1.3864549
4490992	1370	2.5106578	2.5350168
4490992	1371	1.6200405	3.0553675
4490992	1372	1.5604466	3.4006565
4490992	1373	1.5001968	3.533902
4490992	1374	1.8640789	3.0416918
4490992	1375	1.9117514	3.0564053
4490992	1376	1.9090134	3.0236056
4490992	1377	1.8536376	3.0734286
4490992	1378	1.8430644	3.0864134
4490992	1379	1.8419374	3.081879
4490992	1380	1.9049264	3.0212548
4490992	1381	2.656241	2.244383
4490992	1382	2.7699337	2.1151774
4490992	1383	2.7186046	2.2057605
4490992	1384	2.711763	2.2475164
4490992	1385	2.6875682	2.2576003
4490992	1386	2.663384	2.2717414
4490992	1387	2.6592875	2.272349
4490992	1388	2.6572785	2.2747192
4490992	1389	2.6506124	2.2768252
4490992	1390	2.6574664	2.276787
4490992	1391	2.6629581	2.2751713
4490992	1392	2.654355	2.2770505
4490992	1393	2.654304	2.2736018
4490992	1394	2.6529813	2.270495
4490992	1395	2.6534262	2.229574
4490992	1396	2.7123404	2.3324637
4490992	1397	2.8890238	1.8836498
4490992	1398	2.9489312	1.9448595
4490992	1399	3.2808633	1.6613975
4490992	1400	3.6645098	1.1537519
4490992	1401	3.1930923	1.8550453
4490992	1402	3.8559742	0.8608378
4490992	1403	3.7878227	1.086685
4490992	1404	3.7846675	1.1423978
4490992	1405	3.940434	1.0154358
4490992	1406	3.9005017	1.1551071
4490992	1407	3.6247349	1.5489669
4490992	1408	3.3897939	1.7213421
4490992	1409	3.224362	1.829056
4490992	1410	3.0086627	1.876549
4490992	1411	3.4529843	1.463515
4490992	1412	3.4790459	1.5869858
4490992	1413	3.907339	1.0881048
4490992	1414	3.4922338	1.6546738
4490992	1415	3.5082192	1.2525973
4490992	1416	3.4098535	2.0005374
4490992	1417	4.13087	0.7940844
4490992	1418	4.292624	0.6981238
4490992	1419	4.2140355	0.8390769
4490992	1420	3.9948564	1.171408
4490992	1421	4.279104	0.7595136
4490992	1422	3.472372	-0.0034464002
4490992	1423	2.8077393	0.24730012
4490992	1424	1.9477147	0.9985131
4490992	1425	1.6738743	1.563843
4490992	1426	2.545971	2.3621657
4490992	1427	1.889486	2.9091551
4490992	1428	2.2475762	2.551534
4490992	1429	2.2915459	2.5742335
4490992	1430	2.3343377	2.6429372
4490992	1431	2.6437259	2.1597576
4490992	1432	2.6367078	2.1357312
4490992	1433	2.03588	2.852065
4490992	1434	3.3843412	1.3438699
4490992	1435	2.1612525	0.8001466
4490992	1436	1.7954594	0.9018669
4490992	1437	1.426117	1.4041785
4490992	1438	1.1372743	1.6660018
4490992	1439	0.9244449	1.9561756
4490992	1440	1.1159045	1.7133005
4490992	1441	0.66167986	2.4739006
4490992	1442	2.2573628	2.7743082
4490992	1443	1.2588464	3.6015952
4490992	1444	1.8724507	3.0833158
4490992	1445	2.156435	2.903325
4490992	1446	2.9404535	1.75912
4490992	1447	3.2375498	1.4328853
4490992	1448	1.9800187	0.99265134
4490992	1449	1.911466	0.9357513
4490992	1450	1.1834286	1.5722272
4490992	1451	1.4698609	1.6000776
4490992	1452	1.3213086	1.4575003
4490992	1453	1.228679	1.8581905
4490992	1454	1.1672069	1.8054531
4490992	1455	1.7081476	1.3126193
4490992	1456	1.2457708	2.0299697
4490992	1457	1.3375257	1.9431283
4490992	1458	2.4619198	2.0288556
4490992	1459	1.6678935	2.7918246
4490992	1460	2.6741738	1.8106358
4490992	1461	3.5552635	1.0589818
4490992	1462	2.8978133	0.08969757
4490992	1463	1.8685442	0.9026085
4490992	1464	2.3467875	0.5936638
4490992	1465	1.8763777	1.0685921
4490992	1466	3.041132	1.8250031
4490992	1467	2.1801052	2.6185653
4490992	1468	2.481368	2.1445518
4490992	1469	2.589397	2.305246
4490992	1470	1.8176678	0.76079416
4490992	1471	1.6711518	0.7642373
4490992	1472	2.1576138	0.5129478
4490992	1473	1.5584711	1.0128067
4490992	1474	1.6345195	1.2520603
4490992	1475	1.7320338	1.0002671
4490992	1476	2.2107487	2.2333758
4490992	1477	2.6050134	1.9540269
4490992	1478	2.6974888	1.7044113
4490992	1479	2.993464	1.4796051
4490992	1480	2.8840675	1.8003867
4490992	1481	3.9847832	0.45863095
4490992	1482	3.9599586	0.75580704
4490992	1483	4.0135818	0.8527993
4490992	1484	3.0462708	-0.16975847
4490992	1485	2.1568775	0.70082676
4490992	1486	2.065988	0.7543484
4490992	1487	1.7285503	1.1744334
4490992	1488	1.8106667	1.1498588
4490992	1489	1.7264093	1.4306605
4490992	1490	2.424798	0.7003037
4490992	1491	2.989987	0.3103303
4490992	1492	1.6884798	1.1025476
4490992	1493	1.9409753	1.0757746
4490992	1494	1.6031972	1.3072727
4490992	1495	1.6280583	1.187429
4490992	1496	1.3378258	1.4450895
4490992	1497	1.1894953	1.8421738
4490992	1498	3.0133271	1.9074304
4490992	1499	2.4912186	1.8684025
4490992	1500	3.0096436	1.4772896
4490992	1501	2.0670266	0.53472614
4490992	1502	1.8986758	0.788013
4490992	1503	1.530141	1.1993424
4490992	1504	0.9473629	1.798168
4490992	1505	2.8613873	1.733104
4490992	1506	0.45516568	2.1668007
4490992	1507	2.6857796	1.7823274
4490992	1508	0.2718668	2.7046192
4490992	1509	0.56417036	2.6258414
4490992	1510	0.5938169	2.723558
4490992	1511	2.0007749	2.3755002
4490992	1512	1.4790359	2.7999446
4490992	1513	2.7311034	1.411506
4490992	1514	3.0502925	1.3315579
4490992	1515	2.570489	0.5606061
4490992	1516	2.26652	0.27015117
4490992	1517	2.2171073	0.5632882
4490992	1518	2.2581296	0.60633767
4490992	1519	2.2288003	0.6291995
4490992	1520	2.8575401	0.009157002
4490992	1521	3.0090632	-0.113916844
4490992	1522	2.7043443	0.20748338
4490992	1523	2.741342	0.052540153
4490992	1524	2.6575522	0.12112674
4490992	1525	2.5438232	0.13447675
4490992	1526	2.3443441	0.28011152
4490992	1527	3.2883964	0.89472365
4490992	1528	3.372449	1.0634902
4490992	1529	2.387669	2.0516903
4490992	1530	2.20018	2.3943439
4490992	1531	2.3647861	2.368589
4490992	1532	2.3592606	2.438487
4490992	1533	2.31147	2.5389917
4490992	1534	2.3719869	2.5591109
4490992	1535	3.1670628	1.3743825
4490992	1536	3.5536017	1.2889369
4490992	1537	3.6919942	1.1634864
4490992	1538	3.7313647	1.1728762
4490992	1539	1.9345971	0.63927925
4490992	1540	1.8734454	0.5655314
4490992	1541	1.5340036	0.7990402
4490992	1542	1.5730814	0.77126956
4490992	1543	1.632672	0.70208335
4490992	1544	1.6583444	0.7460178
4490992	1545	2.2258363	0.2682847
4490992	1546	2.089624	0.47841272
4490992	1547	2.2036748	0.31420854
4490992	1548	2.0529184	0.50727093
4490992	1549	2.0347552	0.4494436
4490992	1550	1.9903342	0.44620374
4490992	1551	1.9699277	0.56789935
4490992	1552	2.108408	0.452935
4490992	1553	2.1937943	0.36077312
4490992	1554	2.235886	0.335417
4490992	1555	1.6017786	0.8122742
4490992	1556	1.4228708	1.1044302
4490992	1557	1.1865716	1.2613933
4490992	1558	1.9176403	0.51459837
4490992	1559	2.1254082	0.3712215
4490992	1560	2.2903423	0.31110093
4490992	1561	1.6649011	0.87566984
4490992	1562	2.09207	0.656613
4490992	1563	1.6927863	0.6600015
4490992	1564	1.7793785	0.62278366
4490992	1565	1.8217806	0.6449559
4490992	1566	1.7011653	0.6762904
4490992	1567	1.9620665	0.5103601
4490992	1568	1.8139526	0.7288008
4490992	1569	1.8504843	0.6473819
4490992	1570	1.8283089	0.6561519
4490992	1571	2.0680141	0.4900125
4490992	1572	2.201747	0.3562431
4490992	1573	2.1392503	0.52613175
4490992	1574	2.279159	0.5721854
4490992	1575	2.001822	0.5907197
4490992	1576	1.6449763	0.87320864
4490992	1577	1.6634275	0.88988435
4490992	1578	1.5494329	0.97907484
4490992	1579	3.4622426	1.0570296
4490992	1580	3.3234782	1.249246
4490992	1581	3.3229103	1.2343274
4490992	1582	3.5883703	0.89842653
4490992	1583	4.2916994	0.44568077
4490992	1584	4.1563725	0.4465874
4490992	1585	3.9644074	0.423148
4490992	1586	4.360183	0.17505428
4490992	1587	2.999455	-0.103830576
4490992	1588	3.6619282	0.6627939
4490992	1589	1.8874263	0.3982602
4490992	1590	4.049059	0.30028567
4490992	1591	3.9877353	0.5567137
4490992	1592	3.9247513	0.65188
4490992	1593	3.8740335	0.78035235
4490992	1594	3.5557303	0.8303611
4490992	1595	3.8372617	0.6401993
4490992	1596	3.990642	0.5498023
4490992	1597	4.04958	0.48376402
4490992	1598	4.0565257	0.41712984
4490992	1599	3.401176	0.9206101
4490992	1600	3.1398253	1.0598994
4490992	1601	2.3674617	0.010163099
4490992	1602	1.9572784	0.23247424
4490992	1603	3.733408	0.3825145
4490992	1604	3.1395488	1.068436
4490992	1605	3.2667093	0.8759297
4490992	1606	3.3372707	0.9177996
4490992	1607	3.1896482	0.90198123
4490992	1608	3.3211908	0.8848369
4490992	1609	3.8458476	0.44368616
4490992	1610	2.6491666	-0.08330375
4490992	1611	2.1805425	0.26752242
4490992	1612	1.9464692	0.36020455
4490992	1613	2.7620797	0.10059354
4490992	1614	2.2802663	0.29733983
4490992	1615	1.9579388	0.614841
4490992	1616	2.6593938	0.12930611
4490992	1617	2.3992076	0.2293863
4490992	1618	2.3231244	0.48563758
4490992	1619	2.5735826	0.3459023
4490992	1620	2.3921132	0.5002271
4490992	1621	2.5381236	0.3127872
4490992	1622	3.0034523	0.019646138
4490992	1623	4.2692323	0.23931322
4490992	1624	4.1845336	0.46586946
4490992	1625	4.2308025	0.4336126
4490992	1626	4.0606465	0.6573938
4490992	1627	4.7513485	0.041745096
4490992	1628	3.09868	-0.60315025
4490992	1629	2.905952	-0.2771386
4490992	1630	2.2489	0.25326088
4490992	1631	2.4438229	0.22206852
4490992	1632	2.116753	0.6240119
4490992	1633	2.135438	0.5010766
4490992	1634	1.8861803	0.6989825
4490992	1635	1.8500634	0.78771794
4490992	1636	1.7364701	0.8859134
4490992	1637	1.8345433	0.84468055
4490992	1638	1.9838146	0.7414484
4490992	1639	1.84244	0.87700033
4490992	1640	1.7342595	1.0231234
4490992	1641	1.7470411	1.0938869
4490992	1642	2.0353174	0.8401382
4490992	1643	2.119772	0.7148522
4490992	1644	2.1668258	0.6803949
4490992	1645	2.2007356	0.6035404
4490992	1646	2.3455458	0.4867845
4490992	1647	1.6271206	1.0932416
4490992	1648	1.2625021	1.4839607
4490992	1649	1.1867893	1.545502
4490992	1650	1.0628362	1.7207785
4490992	1651	1.5851	1.129945
4490992	1652	2.2884612	1.0837249
4490992	1653	2.1410565	1.1339021
4490992	1654	2.0843134	1.0107094
4490992	1655	2.0354118	1.0290956
4490992	1656	2.5249386	0.56420517
4490992	1657	2.533409	0.5839107
4490992	1658	2.3950348	0.6879077
4490992	1659	3.2710004	0.039197385
4490992	1660	3.1734242	0.26032642
4490992	1661	3.2727175	0.09676275
4490992	1662	3.3819928	0.0963299
4490992	1663	3.0344844	0.40559605
4490992	1664	3.003817	0.24328193
4490992	1665	2.6758199	0.6104219
4490992	1666	2.223394	1.1009405
4490992	1667	2.1305676	1.3270133
4490992	1668	3.7052236	0.62463224
4490992	1669	3.1033878	1.4903665
4490992	1670	2.9822106	1.7727883
4490992	1671	3.1494532	1.8296814
4490992	1672	3.099988	1.8770688
4490992	1673	3.4060793	1.560574
4490992	1674	3.316771	1.7181938
4490992	1675	3.1635003	1.8477776
4490992	1676	3.187642	1.8892846
4490992	1677	3.1876845	2.0412846
4490992	1678	3.2228122	2.0507996
4490992	1679	3.2247348	2.2040696
4490992	1680	2.9326663	2.4460192
4490992	1681	2.6112618	0.8584212
4490992	1682	2.5576768	0.79679763
4490992	1683	3.0667772	0.53886664
4490992	1684	3.1051931	0.5677602
4490992	1685	3.3382688	0.34602472
4490992	1686	3.551351	1.0903409
4490992	1687	1.6837775	0.70519686
4490992	1688	1.8669518	0.42196432
4490992	1689	1.8359939	0.3667229
4490992	1690	1.8964404	0.31161305
4490992	1691	1.9002589	0.18907031
4490992	1692	2.7360368	0.7231374
4490992	1693	2.6706257	0.72875607
4490992	1694	2.5201726	0.89569616
4490992	1695	2.411622	0.9017736
4490992	1696	2.2010937	0.9330882
4490992	1697	2.5158472	0.65063
4490992	1698	2.499803	0.74864125
4490992	1699	2.399365	0.8116497
4490992	1700	2.6794286	1.8146217
4490992	1701	2.6816664	1.7732913
4490992	1702	2.781324	1.7262592
4490992	1703	3.3537898	1.1395407
4490992	1704	3.8308463	0.8992703
4490992	1705	3.3658652	1.311921
4490992	1706	3.4217558	1.2891198
4490992	1707	3.3898883	1.5895157
4490992	1708	3.570569	1.5301915
4490992	1709	3.5671725	1.5878656
4490992	1710	3.3886228	1.6255555
4490992	1711	3.4316854	1.4337213
4490992	1712	3.491108	1.3350549
4490992	1713	2.7957206	2.1933975
4490992	1714	1.901945	0.96314037
4490992	1715	0.84095454	1.9865086
4490992	1716	1.3224206	1.3370707
4490992	1717	1.164492	1.3109014
4490992	1718	1.8802136	0.7119069
4490992	1719	1.5334862	1.0467241
4490992	1720	1.7070681	0.95437396
4490992	1721	1.9722232	0.73918223
4490992	1722	2.2032785	0.4557043
4490992	1723	2.200091	0.6005535
4490992	1724	2.0203576	0.722443
4490992	1725	3.4243455	1.2363256
4490992	1726	3.426536	1.2611598
4490992	1727	3.5873704	1.090344
4490992	1728	2.7448826	1.9859903
4490992	1729	2.7060523	1.9631145
4490992	1730	2.6717267	2.1329076
4490992	1731	2.562276	2.2396584
4490992	1732	2.3326993	2.5877974
4490992	1733	2.6681304	2.3705788
4490992	1734	2.7664838	2.2740157
4490992	1735	2.7896948	2.307158
4490992	1736	2.7058358	2.507412
4490992	1737	2.6177115	2.487812
4490992	1738	1.3964856	1.6053905
4490992	1739	1.6478335	1.6859114
4490992	1740	1.5009683	1.6768546
4490992	1741	1.2450382	2.115888
4490992	1742	1.9881114	1.324453
4490992	1743	2.2521253	0.9653369
4490992	1744	1.9711691	1.3934848
4490992	1745	1.834706	1.5700762
4490992	1746	1.4814601	1.9972031
4490992	1747	2.2331367	2.6491458
4490992	1748	1.9670151	2.7167127
4490992	1749	2.522173	2.4878776
4490992	1750	2.6626086	2.3315847
4490992	1751	3.0196147	1.8478239
4490992	1752	3.0453181	1.9187198
4490992	1753	2.9596505	1.9044704
4490992	1754	2.895218	2.0892558
4490992	1755	2.9310966	1.8709764
4490992	1756	3.0811357	1.8962157
4490992	1757	3.4596605	1.4043727
4490992	1758	3.6328936	1.1675287
4490992	1759	3.754137	1.1271452
4490992	1760	3.9282775	1.0524008
4490992	1761	4.368437	0.56304526
4490992	1762	4.379398	0.5498624
4490992	1763	4.3236675	0.6246344
4490992	1764	4.019758	0.8972261
4490992	1765	4.480923	0.34218016
4490992	1766	3.0139356	-0.42599237
4490992	1767	1.5838345	0.25659987
4490992	1768	1.4378158	0.23065183
4490992	1769	1.4606985	0.16437265
4490992	1770	1.3316832	0.19520792
4490992	1771	1.3990104	0.11445972
4490992	1772	2.2077165	-0.67303944
4490992	1773	2.4222097	-0.707589
4490992	1774	1.8680178	-0.41349167
4490992	1775	2.7776613	0.33597997
4490992	1776	3.165049	-0.28065932
4490992	1777	2.7217183	-0.063842654
4490992	1778	3.225772	0.9321692
4490992	1779	3.1223273	0.90583766
4490992	1780	3.1419044	0.9989979
4490992	1781	2.4912848	1.5385048
4490992	1782	2.6008162	1.6862271
4490992	1783	2.4109788	1.8607006
4490992	1784	2.4292197	1.9022636
4490992	1785	2.230091	2.1144292
4490992	1786	1.8805274	2.428443
4490992	1787	1.874036	2.6017685
4490992	1788	1.8342329	2.5655997
4490992	1789	1.6560951	2.7493656
4490992	1790	0.8370763	3.2243247
4490992	1791	0.7214321	3.16511
4490992	1792	0.39066923	2.62952
4490992	1793	2.194746	2.1052077
4490992	1794	0.7239038	1.9088006
4490992	1795	1.0520517	1.7578955
4490992	1796	0.78122115	2.1929257
4490992	1797	0.7583915	2.29196
4490992	1798	0.7379291	2.2903802
4490992	1799	0.733387	2.2654316
4490992	1800	0.71889246	2.282681
4490992	1801	0.7279699	2.2387078
4490992	1802	0.7360531	2.2235532
4490992	1803	0.7173213	2.2751672
4490992	1804	0.4773215	2.715043
4490992	1805	0.6816995	2.3510554
4490992	1806	0.90306914	2.0502539
4490992	1807	2.2997103	2.2336187
4490992	1808	1.7330745	3.0025127
4490992	1809	3.0247245	1.5766509
4490992	1810	3.2936988	1.5791595
4490992	1811	3.7744255	1.1375656
4490992	1812	3.8670735	1.0356836
4490992	1813	3.6513948	1.1571015
4490992	1814	3.7939377	0.9190396
4490992	1815	3.6256003	1.077039
4490992	1816	3.9818058	0.6968428
4490992	1817	3.8469467	0.68598485
4490992	1818	3.8513703	0.76876485
4490992	1819	3.7535725	0.7526976
4490992	1820	3.574407	1.0219496
4490992	1821	3.6641812	0.86948884
4490992	1822	3.4594073	1.0765997
4490992	1823	3.338346	1.2086682
4490992	1824	3.3605366	1.2388686
4490992	1825	3.4014077	1.1008792
4490992	1826	3.3621912	1.2740628
4490992	1827	2.9553723	1.7262564
4490992	1828	2.7697153	1.9078133
4490992	1829	2.6503682	1.9246001
4490992	1830	2.6515465	2.0441172
4490992	1831	2.5899687	2.2263036
4490992	1832	2.598382	2.007962
4490992	1833	2.8684235	1.8201568
4490992	1834	3.2194862	1.437735
4490992	1835	0.31281173	0.9044169
4490992	1836	0.22102994	-0.12280184
4490992	1837	0.15499413	0.36678633
4490992	1838	-0.27689362	0.8049538
4490992	1839	-0.1801799	0.47313097
4490992	1840	-0.19165626	1.9618227
4490992	1841	-0.7884239	2.1283433
4490992	1842	-0.0017738938	1.8255529
4490992	1843	-0.38929334	2.4751735
4490992	1844	-0.42180398	2.6408927
4490992	1845	-0.55344695	3.0385878
4490992	1846	-0.42604706	3.0251613
4490992	1847	-0.5481432	2.480071
4490992	1848	0.24545926	2.7018738
4490992	1849	-0.14472654	3.9371793
4490992	1850	-0.10063696	3.9838817
4490992	1851	0.28498465	3.502092
4490992	1852	-0.001978457	4.0018134
4490992	1853	0.10043192	4.0315127
4490992	1854	0.12716073	3.5984666
4490992	1855	0.26025134	3.3519692
4490992	1856	0.48856014	1.2742165
4490992	1857	0.8445108	0.12787238
4490992	1858	0.9029639	0.33406296
4490992	1859	0.7801701	0.5429063
4490992	1860	0.6411202	0.7013109
4490992	1861	1.8016838	1.3716415
4490992	1862	1.9684948	1.3237411
4490992	1863	2.2149382	0.80762696
4490992	1864	1.7991225	2.4658735
4490992	1865	1.7329336	0.9997604
4490992	1866	1.865436	0.8462429
4490992	1867	1.991985	0.89749706
4490992	1868	2.0237489	0.9270059
4490992	1869	2.2712793	0.581174
4490992	1870	1.7495469	1.1515529
4490992	1871	1.733771	1.2173594
4490992	1872	2.5955772	0.10468063
4490992	1873	1.33985	0.21167842
4490992	1874	1.3105783	0.30265895
4490992	1875	0.10855895	1.0191988
4490992	1876	0.800699	0.12999913
4490992	1877	0.6979214	0.15683284
4490992	1878	0.6832074	0.13822868
4490992	1879	0.59893954	0.14058068
4490992	1880	1.2830524	0.37105182
4490992	1881	1.3018306	1.4335063
4490992	1882	1.2543255	1.3839571
4490992	1883	1.1643384	1.4283098
4490992	1884	1.2941153	1.3612207
4490992	1885	1.377541	1.2421993
4490992	1886	0.7427963	0.61496973
4490992	1887	0.3923105	0.91384876
4490992	1888	0.7144656	0.6501404
4490992	1889	1.8911847	0.9070635
4490992	1890	1.6515616	0.8436252
4490992	1891	1.582297	1.2118454
4490992	1892	1.616625	1.0803704
4490992	1893	1.9562303	0.76939046
4490992	1894	1.273276	1.3751396
4490992	1895	2.4080167	0.32196078
4490992	1896	2.4520836	0.36549768
4490992	1897	2.795909	0.4159713
4490992	1898	2.985972	0.17722401
4490992	1899	3.0638332	0.0069880188
4490992	1900	3.0823994	0.122333676
4490992	1901	3.1337624	0.0260593
4490992	1902	3.6384068	0.9695872
4490992	1903	3.68365	0.85608876
4490992	1904	4.014319	0.9191536
4490992	1905	2.8437266	0.17832777
4490992	1906	2.4334154	0.49997458
4490992	1907	1.0323149	0.2624143
4490992	1908	-0.5272495	-0.26624435
4490992	1909	-0.3576002	0.36372194
4490992	1910	-0.2872134	0.042600244
4490992	1911	-0.7749002	-0.3007351
4490992	1912	-0.63860667	0.12764087
4490992	1913	-0.6761163	-0.1909613
4490992	1914	-0.7178644	-0.45817766
4490992	1915	-0.85919356	-0.06392595
4490992	1916	-0.76723385	-0.3084815
4490992	1917	-1.4559538	-0.42244288
4490992	1918	-1.3559041	-0.19886172
4490992	1919	-1.1772811	-0.5364248
4490992	1920	-1.0958078	-0.23198967
4490992	1921	-1.1809971	-0.108846605
4490992	1922	-1.7625867	-0.25202435
4490992	1923	-0.46352687	-0.32352155
4490992	1924	-0.83373284	0.22909167
4490992	1925	-0.17260301	2.8142955
4490992	1926	-0.6328037	3.110326
4490992	1927	-0.5638452	3.2780914
4490992	1928	-0.34661144	0.022895604
4490992	1929	-0.4048337	0.055476636
4490992	1930	-0.22892877	-0.18174103
4490992	1931	0.24127066	-0.6506072
4490992	1932	-0.25709537	-0.012892246
4490992	1933	-0.29100555	0.25854656
4490992	1934	-0.2173729	0.88247347
4490992	1935	-0.08849418	0.6977173
4490992	1936	0.19509459	2.8158937
4490992	1937	0.364379	1.589524
4490992	1938	0.068329155	1.9321945
4490992	1939	0.8418132	-0.54263556
4490992	1940	0.20484084	0.16357365
4490992	1941	0.98899186	-1.164564
4490992	1942	0.24361187	-0.6919012
4490992	1943	0.310304	-0.6911968
4490992	1944	0.35385233	-0.7850513
4490992	1945	0.26562572	-0.6528153
4490992	1946	0.22381318	-0.5344757
4490992	1947	0.50998604	-0.28851897
4490992	1948	0.51677287	-0.25861013
4490992	1949	-0.012525588	0.05745843
4490992	1950	-0.020374656	0.15882787
4490992	1951	0.029743195	-0.08809349
4490992	1952	0.0059049726	-0.13653225
4490992	1953	0.017444968	1.1577942
4490992	1954	0.6028075	0.6791661
4490992	1955	0.42737567	0.9410075
4490992	1956	0.23877782	1.2199256
4490992	1957	0.13482988	1.4714925
4490992	1958	0.4984262	0.7883618
4490992	1959	0.27929914	1.2554841
4490992	1960	0.36855233	1.1047758
4490992	1961	0.29498005	1.1695558
4490992	1962	1.6883701	1.7302155
4490992	1963	1.8079635	0.7734904
4490992	1964	1.0115052	-0.25113398
4490992	1965	0.5767182	1.540951
4490992	1966	0.5859884	1.2305515
4490992	1967	0.408468	1.5080695
4490992	1968	0.41978067	1.3967193
4490992	1969	0.22523075	1.9483767
4490992	1970	0.6714747	1.1307985
4490992	1971	0.61978555	1.243306
4490992	1972	0.39440697	1.7707908
4490992	1973	0.50646937	1.5629036
4490992	1974	0.021599948	2.034331
4490992	1975	0.39740777	1.2972224
4490992	1976	0.3959592	1.4671596
4490992	1977	0.89539385	2.5102232
4490992	1978	0.89445686	1.8730164
4490992	1979	0.8971672	1.9116366
4490992	1980	1.1927706	1.5649152
4490992	1981	0.9915849	1.825038
4490992	1982	1.1806269	1.6350019
4490992	1983	1.3005394	1.2971668
4490992	1984	1.226982	1.4645693
4490992	1985	1.4586283	1.3176581
4490992	1986	1.7074276	2.6933522
4490992	1987	1.7023765	2.6835124
4490992	1988	1.8575937	2.3621922
4490992	1989	1.894766	2.4169624
4490992	1990	2.2168941	2.1996381
4490992	1991	2.4881973	1.9562106
4490992	1992	2.4176154	1.9088352
4490992	1993	1.6351706	2.562829
4490992	1994	0.79264176	2.162838
4490992	1995	2.193399	2.126512
4490992	1996	0.9249605	1.7527635
4490992	1997	1.4807849	1.1928202
4490992	1998	1.0310848	1.8960562
4490992	1999	1.394853	1.4523908
4490992	2000	0.73084295	2.310825
4490992	2001	2.3874507	2.2309084
4490992	2002	0.8404075	1.7179701
4490992	2003	2.637031	1.640991
4490992	2004	2.0979967	2.4183028
4490992	2005	1.9831091	2.504138
4490992	2006	2.2517443	2.0741847
4490992	2007	4.270596	0.48642924
4490992	2008	4.483019	0.3147938
4490992	2009	3.1742644	0.06583032
4490992	2010	2.1087265	0.7536019
4490992	2011	2.4167705	0.5525583
4490992	2012	2.6202574	0.5073639
4490992	2013	1.2983075	0.06774601
4490992	2014	0.9303163	0.047771305
4490992	2015	2.1525068	-0.18137258
4490992	2016	1.8577393	0.103277415
4490992	2017	1.790594	0.15039834
4490992	2018	1.6802334	0.26416853
4490992	2019	1.5608257	1.6726379
4490992	2020	1.9014274	1.067198
4490992	2021	2.0658917	0.8766961
4490992	2022	2.1123724	0.7620512
4490992	2023	2.1524343	0.6856766
4490992	2024	2.177631	0.6166998
4490992	2025	3.279685	0.5663384
4490992	2026	3.3281927	0.6627722
4490992	2027	3.3289433	0.7478312
4490992	2028	1.5023724	1.1374865
4490992	2029	1.6172189	1.096678
4490992	2030	1.8444973	0.9926882
4490992	2031	1.7905239	1.0821282
4490992	2032	2.60636	1.556504
4490992	2033	2.658749	1.7445662
4490992	2034	2.6879382	1.7328563
4490992	2035	3.1378407	1.3854699
4490992	2036	3.6175742	0.96342576
4490992	2037	3.7381854	0.8288646
4490992	2038	3.639184	-0.9195895
4490992	2039	3.5913782	0.64416325
4490992	2040	3.2336016	1.1746093
4490992	2041	3.8335738	0.74249554
4490992	2042	4.4082747	0.11968121
4490992	2043	4.5083055	-0.038541466
4490992	2044	4.6693573	-0.22962923
4490992	2045	4.811512	-0.2624011
4490992	2046	4.2972975	0.10781327
4490992	2047	5.015629	-0.5915877
4490992	2048	4.9154887	-0.42951933
4490992	2049	4.8273206	-0.30199772
4490992	2050	4.8258677	-0.29188737
4490992	2051	5.15478	-0.7353078
4490992	2052	5.617737	-1.0512974
4490992	2053	5.532412	-0.93851554
4490992	2054	5.343625	-0.77893317
4490992	2055	3.5965753	-1.2853334
4490992	2056	3.5063472	-0.50448513
4490992	2057	4.197601	0.3793014
4490992	2058	4.142939	0.34495756
4490992	2059	4.0256395	0.66350627
4490992	2060	3.791192	0.8391402
4490992	2061	3.735917	-1.1891148
4490992	2062	3.3937993	-1.3118987
4490992	2063	4.658595	-1.5337752
4490992	2064	3.3508706	-0.042677075
4490992	2065	3.3845654	0.43084988
4490992	2066	3.9900913	0.10560629
4490992	2067	3.4716911	0.5924022
4490992	2068	4.007393	0.15020767
4490992	2069	3.9579768	0.21501073
4490992	2070	4.338172	-0.005884826
4490992	2071	3.944007	0.30403194
4490992	2072	4.236187	0.12182167
4490992	2073	4.917086	-0.35109392
4490992	2074	4.630964	-0.27429664
4490992	2075	4.8344517	-0.45008668
4490992	2076	4.103212	0.79379475
4490992	2077	4.0347424	1.2545896
4490992	2078	4.113166	1.1919395
4490992	2079	2.237955	-0.08355379
4490992	2080	3.2406425	-0.7119552
4490992	2081	3.2776232	-0.15460396
4490992	2082	3.3205023	-0.095498115
4490992	2083	2.9854221	0.39692464
4490992	2084	2.4779801	0.5133711
4490992	2085	2.5859475	0.45804015
4490992	2086	2.7015824	0.4888911
4490992	2087	1.6540574	0.43376562
4490992	2088	3.1485014	-0.5187857
4490992	2089	3.1466017	1.3375927
4490992	2090	3.0378819	1.1863062
4490992	2091	2.8893895	1.443545
4490992	2092	3.408255	1.0491028
4490992	2093	2.4302335	0.3416039
4490992	2094	3.3121839	0.09442422
4490992	2095	3.1512823	0.404335
4490992	2096	3.2632866	0.41711947
4490992	2097	2.546105	1.1527581
4490992	2098	2.7243633	1.1883224
4490992	2099	2.426908	1.6022723
4490992	2100	2.330378	1.6861551
4490992	2101	2.7509246	2.030562
4490992	2102	2.7304506	2.3019645
4490992	2103	2.9035106	2.2430124
4490992	2104	2.8614535	2.367033
4490992	2105	2.7476892	2.4155316
4490992	2106	2.7857842	2.345711
4490992	2107	2.4128323	2.6915665
4490992	2108	2.3904152	2.7967687
4490992	2109	2.2710857	2.789258
4490992	2110	2.3509345	2.8055258
4490992	2111	1.7176923	3.421608
4490992	2112	1.3356904	3.7428253
4490992	2113	1.3475587	3.6362226
4490992	2114	1.1010101	3.7767155
4490992	2115	1.1534071	3.8259852
4490992	2116	1.6848682	3.4889545
4490992	2117	1.597607	3.6356304
4490992	2118	1.5740703	3.6320307
4490992	2119	1.7495731	3.4063506
4490992	2120	1.5812312	3.5549223
4490992	2121	1.5201548	3.5502908
4490992	2122	1.4318761	3.6652873
4490992	2123	1.8537146	3.4181488
4490992	2124	1.6645676	3.5478704
4490992	2125	1.6414458	3.578676
4490992	2126	1.6670007	3.6015174
4490992	2127	1.3856331	3.7872918
4490992	2128	1.4585451	3.7465703
4490992	2129	1.967249	3.4834547
4490992	2130	1.8553859	3.5720208
4490992	2131	1.7604526	3.622536
4490992	2132	1.8087407	3.5873382
4490992	2133	-0.48424464	1.7223253
4490992	2134	0.14570934	-0.56355256
4490992	2135	0.0005816817	-0.2274981
4490992	2136	0.2552954	0.36065677
4490992	2137	0.27696192	-0.12653205
4490992	2138	-0.09481642	0.7904911
4490992	2139	0.7255868	0.963609
4490992	2140	0.751686	0.54975164
4490992	2141	0.9676473	0.28311124
4490992	2142	1.0700023	0.14906499
4490992	2143	1.205868	1.565556
4490992	2144	1.2026868	1.3647891
4490992	2145	3.0348716	0.66519225
4490992	2146	1.0973495	1.262034
4490992	2147	1.4246279	-0.52693135
4490992	2148	1.4103587	-0.06706777
4490992	2149	2.1850758	0.74036765
4490992	2150	2.4582953	1.948703
4490992	2151	3.0165386	1.2886999
4490992	2152	2.7916036	1.534754
4490992	2153	2.949778	1.4198422
4490992	2154	3.4176607	1.0613747
4490992	2155	3.7264028	0.93248975
4490992	2156	3.650241	1.0511438
4490992	2157	4.1691995	0.5724852
4490992	2158	3.4653926	-1.0092499
4490992	2159	3.0139651	-0.533581
4490992	2160	3.1244454	-0.7146143
4490992	2161	4.1625376	0.26362166
4490992	2162	4.106047	0.27775344
4490992	2163	4.1627784	0.42475668
4490992	2164	3.7767363	0.81592274
4490992	2165	3.2720242	1.2298071
4490992	2166	3.3703904	1.1639467
4490992	2167	2.9627047	1.4404799
4490992	2168	3.3392415	1.1298964
4490992	2169	3.8093562	-0.15255886
4490992	2170	3.9510927	0.5635313
4490992	2171	3.7553744	0.7896718
4490992	2172	3.6397662	1.018546
4490992	2173	3.1478524	1.569926
4490992	2174	2.747075	1.9650793
4490992	2175	2.7235723	2.0786967
4490992	2176	2.681785	2.1195712
4490992	2177	1.2577788	0.4355106
4490992	2178	2.1069994	0.15179512
4490992	2179	2.0968618	0.45909634
4490992	2180	2.8369732	-0.2246404
4490992	2181	2.8216438	-0.09790826
4490992	2182	3.0358286	-0.10147387
4490992	2183	2.9369664	0.04082665
4490992	2184	2.631423	0.30152658
4490992	2185	2.458375	0.52682865
4490992	2186	2.7284184	0.30360445
4490992	2187	2.819333	0.1995056
4490992	2188	1.9928521	1.2179928
4490992	2189	2.026618	1.0386409
4490992	2190	1.7169222	1.5387424
4490992	2191	2.0041757	1.1966305
4490992	2192	2.1887941	0.95489216
4490992	2193	2.3146138	0.8658564
4490992	2194	3.1875248	1.2236292
4490992	2195	2.7275195	1.7781773
4490992	2196	3.3267407	1.4400306
4490992	2197	3.350339	1.408337
4490992	2198	3.5472126	1.4677627
4490992	2199	2.9735441	0.14004472
4490992	2200	2.9571357	0.4019231
4490992	2201	2.7069526	-0.8234651
4490992	2202	2.574164	-0.63222945
4490992	2203	3.3866334	0.34671816
4490992	2204	4.3422184	0.34483472
4490992	2205	4.147219	0.92511046
4490992	2206	4.106177	0.897859
4490992	2207	4.0784674	1.031483
4490992	2208	4.017227	1.0693457
4490992	2209	3.9879913	1.0928
4490992	2210	3.9377666	1.1232824
4490992	2211	3.9460363	1.1077923
4490992	2212	3.4699087	1.5551639
4490992	2213	3.351983	1.6073174
4490992	2214	3.20683	1.7202144
4490992	2215	2.704742	2.4124773
4490992	2216	2.9129033	2.0050623
4490992	2217	3.1045341	2.203381
4490992	2218	3.0098472	1.9266305
4490992	2219	3.549583	1.6819777
4490992	2220	3.4886346	1.4825568
4490992	2221	3.9239683	1.1946735
4490992	2222	3.5573993	1.6787565
4490992	2223	3.8819032	1.4428413
4490992	2224	3.1934905	0.116039306
4490992	2225	4.105662	-0.34929997
4490992	2226	4.066192	-0.23577023
4490992	2227	4.160255	-0.18745273
4490992	2228	3.468153	0.71780825
4490992	2229	4.548953	0.7891458
4490992	2230	4.0995016	1.2722923
4490992	2231	3.688046	1.500694
4490992	2232	3.9082656	1.1979746
4490992	2233	4.064574	1.2568972
4490992	2234	3.072042	0.2054036
4490992	2235	4.167795	-0.36598957
4490992	2236	4.13244	-0.21199208
4490992	2237	4.512866	0.9931699
4490992	2238	4.2551546	-0.5869054
4490992	2239	3.6769724	0.68067336
4490992	2240	3.6491566	0.55679
4490992	2241	4.398862	0.12106922
4490992	2242	4.593488	1.0785025
4490992	2243	4.903493	0.87212837
4490992	2244	4.995607	0.86837125
4490992	2245	3.721106	2.012626
4490992	2246	3.9867458	-0.24604328
4490992	2247	3.9446836	0.27553746
4490992	2248	3.344955	0.5809599
4490992	2249	2.868259	1.0553819
4490992	2250	3.0106196	0.81342137
4490992	2251	3.6493168	0.36738637
4490992	2252	3.398253	1.2978312
4490992	2253	3.8589206	1.740711
4490992	2254	3.0297565	1.1552321
4490992	2255	1.9431721	-0.5071418
4490992	2256	1.9220415	-0.2481094
4490992	2257	1.5725073	0.10898641
4490992	2258	1.1777861	0.38951448
4490992	2259	2.7410002	0.5672523
4490992	2260	2.772174	0.68197346
4490992	2261	2.6565428	0.7340094
4490992	2262	2.5162272	0.84763527
4490992	2263	2.5188541	0.833899
4490992	2264	3.060978	1.4962757
4490992	2265	3.234394	1.4674969
4490992	2266	3.1394076	1.4925072
4490992	2267	2.9476757	1.5767658
4490992	2268	1.4889342	1.0122586
4490992	2269	1.7444938	1.1032249
4490992	2270	1.7626723	1.167901
4490992	2271	2.8659544	1.7430687
4490992	2272	3.0101204	1.7392669
4490992	2273	3.0899677	1.4226806
4490992	2274	3.4821115	1.2084051
4490992	2275	2.721756	2.0632575
4490992	2276	3.615922	1.0210298
4490992	2277	3.981687	0.7848995
4490992	2278	4.903935	0.19830278
4490992	2279	4.692777	0.49248937
4490992	2280	4.3589892	0.81825113
4490992	2281	4.467616	0.6207478
4490992	2282	4.303977	0.81637764
4490992	2283	3.2584648	-0.19558054
4490992	2284	3.8141708	0.05240348
4490992	2285	3.5490909	0.11394176
4490992	2286	3.5659676	0.16121164
4490992	2287	3.4656596	0.25698856
4490992	2288	3.37107	0.2350885
4490992	2289	3.128892	0.54413426
4490992	2290	2.9757833	0.4188867
4490992	2291	3.4203115	0.32068196
4490992	2292	4.256398	-0.14968115
4490992	2293	4.535073	0.80614996
4490992	2294	4.5502954	0.918363
4490992	2295	4.462549	1.2710319
4490992	2296	4.6523805	1.0581818
4490992	2297	4.8454976	1.0364811
4490992	2298	4.487061	1.1936833
4490992	2299	3.1964154	-0.1521532
4490992	2300	3.0362182	0.30488172
4490992	2301	3.0843863	0.098768145
4490992	2302	3.0812082	0.2519106
4490992	2303	3.0259552	0.2241511
4490992	2304	2.9909415	0.2768661
4490992	2305	3.0297408	0.30658343
4490992	2306	3.0126343	0.3039817
4490992	2307	3.5189667	0.067585975
4490992	2308	3.3687654	0.27217504
4490992	2309	3.5915346	0.048920423
4490992	2310	3.6261272	0.03138727
4490992	2311	3.7405558	0.089256555
4490992	2312	3.9905815	1.0538394
4490992	2313	4.4208016	0.7397996
4490992	2314	4.8598285	0.6300919
4490992	2315	4.225727	1.2765266
4490992	2316	3.1302133	-0.3662725
4490992	2317	3.517694	-0.04881695
4490992	2318	3.607265	-0.26068065
4490992	2319	3.824236	-0.461957
4490992	2320	3.897913	0.46808866
4490992	2321	4.553006	-1.105689
4490992	2322	3.9382	0.2725456
4490992	2323	4.1349626	0.33393988
4490992	2324	4.2400656	0.28695825
4490992	2325	4.203213	0.31760982
4490992	2326	4.0789633	0.76012886
4490992	2327	3.7983503	0.5329379
4490992	2328	4.4590173	-0.08320448
4490992	2329	4.13847	0.19352296
4490992	2330	4.156035	0.14224878
4490992	2331	4.0615115	0.46617433
4490992	2332	3.9781337	0.3492901
4490992	2333	4.2344627	0.2644311
4490992	2334	4.266636	0.13425907
4490992	2335	4.216756	0.34092662
4490992	2336	4.1889005	0.17973712
4490992	2337	4.0254087	0.4882379
4490992	2338	4.044541	0.24789885
4490992	2339	3.627605	0.89878464
4490992	2340	3.2323165	1.294365
4490992	2341	3.1890473	1.0191853
4490992	2342	3.2205439	1.2249625
4490992	2343	3.2427092	1.519173
4490992	2344	3.2376275	1.4721426
4490992	2345	3.0862584	1.4882896
4490992	2346	2.982885	1.5463042
4490992	2347	3.2104492	1.5289856
4490992	2348	3.522098	1.3310816
4490992	2349	3.7038083	1.2727588
4490992	2350	3.068883	1.3396546
4490992	2351	3.5138807	1.4915211
4490992	2352	3.4222918	1.6723437
4490992	2353	3.1970773	1.5943677
4490992	2354	2.9323997	1.1654854
4490992	2355	3.6343198	1.324926
4490992	2356	2.9585547	1.5554314
4490992	2357	3.3512802	1.4113538
4490992	2358	3.042358	1.7041728
4490992	2359	1.7473918	1.0927086
4490992	2360	3.3717914	0.92464364
4490992	2361	2.8886347	1.684758
4490992	2362	2.8474412	1.9095154
4490992	2363	2.4726005	2.2945228
4490992	2364	2.5033045	2.2309873
4490992	2365	2.5774512	2.1354048
4490992	2366	2.685155	2.1085432
4490992	2367	2.8307276	2.2204843
4490992	2368	2.9440446	2.347579
4490992	2369	3.3837118	1.9315813
4490992	2370	3.2879624	2.1394782
4490992	2371	2.3876395	1.436297
4490992	2372	2.7299657	1.8715329
4490992	2373	2.8818398	2.0125034
4490992	2374	2.602676	1.5142044
4490992	2375	2.899485	1.8026958
4490992	2376	2.712381	2.0962715
4490992	2377	2.480463	2.2161531
4490992	2378	2.5965757	2.1684291
4490992	2379	2.3856635	2.262852
4490992	2380	2.2890086	2.324236
4490992	2381	2.4814115	1.8074539
4490992	2382	3.2295446	1.626473
4490992	2383	1.0260545	-0.13943785
4490992	2384	1.0917835	-1.4550759
4490992	2385	1.1398172	-1.721461
4490992	2386	2.5809293	-1.5731711
4490992	2387	1.6322674	-0.28114086
4490992	2388	2.3058782	-0.8419055
4490992	2389	1.5888447	-0.3195909
4490992	2390	1.9276143	-0.6299948
4490992	2391	1.8856677	-0.7090539
4490992	2392	1.9618555	-0.68911576
4490992	2393	2.0413218	-0.8196155
4490992	2394	2.0849428	-0.82505035
4490992	2395	2.1487927	-0.85585624
4490992	2396	2.2145314	-0.9165379
4490992	2397	2.497477	-1.1262102
4490992	2398	3.552227	-0.6637442
4490992	2399	3.9232059	-0.64011
4490992	2400	3.958984	-0.6305479
4490992	2401	3.939063	-0.5995083
4490992	2402	3.8778977	-0.5685538
4490992	2403	3.859478	-0.59575677
4490992	2404	2.1500106	0.43597516
4490992	2405	2.892097	0.8244599
4490992	2406	3.1340137	0.9007546
4490992	2407	3.548235	0.99412096
4490992	2408	3.9879613	0.7573346
4490992	2409	3.9075084	1.0166229
4490992	2410	3.4553137	1.4249794
4490992	2411	2.4046478	0.032916665
4490992	2412	3.180183	-0.84875154
4490992	2413	3.1520047	-0.25203747
4490992	2414	2.6494298	0.007570058
4490992	2415	2.668129	-0.13820449
4490992	2416	2.517117	0.23621121
4490992	2417	2.8035927	0.13039687
4490992	2418	2.5914316	0.28230795
4490992	2419	2.6758385	0.07308832
4490992	2420	2.692371	-0.015888631
4490992	2421	2.732377	-0.092597246
4490992	2422	2.729947	0.11111638
4490992	2423	2.9154644	-0.028067082
4490992	2424	3.064065	-0.07014951
4490992	2425	3.6655998	0.3354191
4490992	2426	3.7309875	-0.7239727
4490992	2427	3.142652	0.013556182
4490992	2428	3.5305767	0.6940919
4490992	2429	3.671216	0.95042706
4490992	2430	3.6476698	0.6854677
4490992	2431	3.6379533	0.9329027
4490992	2432	3.6352806	0.73544955
4490992	2433	3.7946625	0.6708945
4490992	2434	3.8199039	0.94848895
4490992	2435	3.699143	1.020826
4490992	2436	3.6940188	0.49965325
4490992	2437	3.9652896	0.5812113
4490992	2438	4.0593348	0.3829377
4490992	2439	5.5039167	-1.421764
4490992	2440	5.558324	-1.1940323
4490992	2441	5.5705867	-1.2723038
4490992	2442	5.5787034	-1.1322672
4490992	2443	5.6373925	-1.2679665
4490992	2444	5.5569997	-1.3629881
4490992	2445	5.9565063	-1.7486513
4490992	2446	5.9615364	-1.6337949
4490992	2447	5.877534	-1.5329589
4490992	2448	5.7698917	-1.4805415
4490992	2449	6.1793723	-1.8432013
4490992	2450	6.1354938	-1.8305687
4490992	2451	6.4529567	-2.0706944
4490992	2452	6.5092053	-2.1301417
4490992	2453	6.499719	-2.2182698
4490992	2454	6.279051	-2.2211683
4490992	2455	6.530475	-2.3786504
4490992	2456	6.5336437	-2.3903446
4490992	2457	6.406889	-2.3485878
4490992	2458	6.6257234	-2.4772058
4490992	2459	6.4978013	-2.4619195
4490992	2460	6.825707	-2.6369615
4490992	2461	6.77273	-2.580017
4490992	2462	6.7994223	-2.6476812
4490992	2463	6.7105956	-2.5869548
4490992	2464	6.901158	-2.7702382
4490992	2465	6.7647405	-2.7176929
4490992	2466	6.9095984	-2.8245938
4490992	2467	6.9373775	-2.9171379
4490992	2468	6.8871174	-3.1879172
4490992	2469	6.060098	-3.7455225
4490992	2470	5.4374146	-3.9482205
4490992	2471	5.471265	-3.008294
4490992	2472	3.0546227	-2.9197578
4490992	2473	3.7742815	-2.9212775
4490992	2474	3.3151393	-2.7651787
4490992	2475	3.2312021	-2.6651077
4490992	2476	3.805141	-3.0032656
4490992	2477	3.3295546	-2.9391723
4490992	2478	3.3051944	-2.9313235
4490992	2479	3.4926195	-2.5325913
4490992	2480	3.772698	-2.631381
4490992	2481	3.43989	-2.5408778
4490992	2482	4.1996436	-2.1477795
4490992	2483	4.337429	-2.216408
4490992	2484	4.006024	-2.6181574
4490992	2485	3.695127	-2.5688934
4490992	2486	4.26116	-1.853993
4490992	2487	4.0949855	-2.0695524
4490992	2488	4.3864675	-2.1151903
4490992	2489	4.7023773	-2.3591115
4490992	2490	5.1002603	-2.5582294
4490992	2491	5.851674	-1.8079523
4490992	2492	5.099628	-1.6743805
4490992	2493	3.847766	-2.0815744
4490992	2494	3.5500174	-1.9427056
4490992	2495	4.3057966	-0.91513
4490992	2496	4.15202	-0.83056134
4490992	2497	4.604785	-0.9774002
4490992	2498	3.2603412	-0.21041973
4490992	2499	4.35992	-0.4566985
4490992	2500	4.5477104	-0.73603463
4490992	2501	5.1770144	-1.5340044
4490992	2502	5.034764	-1.2891506
4490992	2503	3.2406216	-1.6788298
4490992	2504	4.6529565	-1.8814985
4490992	2505	4.3078103	-1.8520432
4490992	2506	3.643927	-1.4630165
4490992	2507	3.7408924	-1.4701468
4490992	2508	3.1939573	-0.9964342
4490992	2509	3.255085	-1.2789979
4490992	2510	4.193778	-0.4825461
4490992	2511	4.4440312	-0.88691396
4490992	2512	3.1772327	-0.17905647
4490992	2513	4.245059	0.44646558
4490992	2514	4.522537	0.0635812
4490992	2515	2.8015409	-0.12753096
4490992	2516	3.015348	0.124549
4490992	2517	3.5332265	-0.5682916
4490992	2518	3.618431	-0.4976775
4490992	2519	2.9244962	0.034207433
4490992	2520	3.0149078	0.211552
4490992	2521	2.9422522	0.1837838
4490992	2522	2.6979318	0.4849861
4490992	2523	2.0303116	0.9633143
4490992	2524	1.9251913	1.2453558
4490992	2525	1.7352709	1.3950485
4490992	2526	1.5341746	1.5999725
4490992	2527	1.437581	1.7277563
4490992	2528	2.6011066	2.2910924
4490992	2529	0.4014963	2.2311451
4490992	2530	1.0059967	1.868845
4490992	2531	1.1187258	1.6850517
4490992	2532	1.3026062	1.5361978
4490992	2533	1.3608514	1.4857407
4490992	2534	2.2550392	0.51712906
4490992	2535	2.304772	0.6965959
4490992	2536	2.0319834	1.0319217
4490992	2537	2.071836	0.98499596
4490992	2538	2.1579328	0.73577845
4490992	2539	3.0106754	1.2755857
4490992	2540	2.3415694	2.0857975
4490992	2541	1.7985622	1.0984008
4490992	2542	1.7707478	1.0394413
4490992	2543	1.8530241	0.864499
4490992	2544	1.5072197	1.3690033
4490992	2545	1.9481357	0.82748353
4490992	2546	2.6336007	0.44446084
4490992	2547	2.3929605	0.7883041
4490992	2548	2.7401094	0.45978424
4490992	2549	2.1237755	-0.58107007
4490992	2550	1.6528753	-0.17142066
4490992	2551	1.4846469	-0.13189203
4490992	2552	2.8364682	0.32709584
4490992	2553	2.6459274	0.3670263
4490992	2554	2.3262038	0.5892309
4490992	2555	2.2166138	0.6122427
4490992	2556	2.1882381	0.6608025
4490992	2557	2.2729063	0.68502545
4490992	2558	2.3920074	0.7443143
4490992	2559	2.308782	0.74786687
4490992	2560	1.7584139	-1.2917145
4490992	2561	1.350971	-0.5748315
4490992	2562	2.688043	-0.69552153
4490992	2563	1.4111352	0.026907593
4490992	2564	1.5199031	1.414921
4490992	2565	1.5124418	1.0844809
4490992	2566	2.7819757	1.0078366
4490992	2567	2.569108	-0.2896914
4490992	2568	0.2774487	0.7964722
4490992	2569	0.41477346	0.47869614
4490992	2570	0.35107172	0.6504402
4490992	2571	2.1974611	0.44622168
4490992	2572	2.296042	0.19439343
4490992	2573	2.3938618	0.18656889
4490992	2574	2.4021654	0.12303212
4490992	2575	3.0944033	-0.26366776
4490992	2576	3.6930432	-0.5718762
4490992	2577	3.2796974	-0.30465758
4490992	2578	2.4679418	0.43104938
4490992	2579	2.5453844	0.37931523
4490992	2580	2.476849	0.51034784
4490992	2581	2.2074962	0.6752652
4490992	2582	1.825013	1.0142323
4490992	2583	2.2540398	0.6750357
4490992	2584	2.5336332	0.49120548
4490992	2585	2.366619	0.5536853
4490992	2586	0.46785194	-0.49464688
4490992	2587	0.75019634	-0.44824612
4490992	2588	1.1015636	-0.8321261
4490992	2589	2.4217243	-0.735345
4490992	2590	2.3791409	-0.7152458
4490992	2591	2.185234	-0.6651567
4490992	2592	2.0602655	-0.6045044
4490992	2593	2.043056	-0.68731916
4490992	2594	2.0154853	-0.62928057
4490992	2595	1.9114057	-0.5994282
4490992	2596	1.8445009	-0.61391723
4490992	2597	1.9553329	-0.5598021
4490992	2598	0.9401715	0.306829
4490992	2599	0.96334445	0.16737255
4490992	2600	1.5524257	-0.22507532
4490992	2601	0.8060287	0.627941
4490992	2602	1.0144583	0.44216862
4490992	2603	0.9871533	0.43335888
4490992	2604	1.1665009	0.23619577
4490992	2605	0.99573874	0.48929092
4490992	2606	2.1590815	-0.6431686
4490992	2607	2.335413	-0.53624034
4490992	2608	0.6744492	-0.32890376
4490992	2609	1.2548596	0.09447518
4490992	2610	1.6458172	-0.50584775
4490992	2611	1.4836895	-0.17751864
4490992	2612	3.3779078	-0.17110619
4490992	2613	3.591825	-0.4309004
4490992	2614	3.1336122	-0.18039253
4490992	2615	1.5082158	1.3689326
4490992	2616	1.4256417	1.4299611
4490992	2617	1.2193227	1.6583853
4490992	2618	1.0130563	1.917196
4490992	2619	0.19945765	0.77622426
4490992	2620	0.29585594	1.059058
4490992	2621	0.52802885	0.48228768
4490992	2622	2.2512321	0.8645017
4490992	2623	0.98296547	0.07587883
4490992	2624	0.8813063	0.3212755
4490992	2625	0.9524212	0.23674753
4490992	2626	0.9925864	0.18758985
4490992	2627	1.0113361	-0.055067867
4490992	2628	1.4628451	-0.33414525
4490992	2629	1.51013	-0.21327855
4490992	2630	2.5627837	-1.0089774
4490992	2631	2.6265202	-0.82418543
4490992	2632	2.9627151	-1.0384283
4490992	2633	2.736928	-0.8075448
4490992	2634	2.7152033	-0.773841
4490992	2635	2.167192	-0.38625687
4490992	2636	2.8669233	0.3189563
4490992	2637	3.1058555	0.07482579
4490992	2638	2.2451577	0.88128626
4490992	2639	1.6510543	1.4825746
4490992	2640	0.80926967	2.543051
4490992	2641	-0.010155559	3.6699364
4490992	2642	-0.28851223	2.4520752
4490992	2643	-0.40955877	2.6935294
4490992	2644	1.6196219	2.2619095
4490992	2645	0.4635976	3.0504215
4490992	2646	0.5287318	2.9950137
4490992	2647	0.5204593	2.7345376
4490992	2648	0.7970998	2.264599
4490992	2649	0.65526545	2.4505658
4490992	2650	0.6529242	2.4843185
4490992	2651	0.8621545	2.1028225
4490992	2652	0.82718587	2.070679
4490992	2653	0.9427595	2.0968707
4490992	2654	0.73639154	2.4420655
4490992	2655	0.7169447	2.2564359
4490992	2656	0.86244476	2.0948944
4490992	2657	0.863822	2.1703837
4490992	2658	0.20421714	1.1936959
4490992	2659	1.7951063	1.5940707
4490992	2660	1.4849766	1.5868099
4490992	2661	1.5360411	1.5651579
4490992	2662	1.390564	1.7607546
4490992	2663	1.2606395	1.8414166
4490992	2664	1.8460342	1.2193002
4490992	2665	2.6331444	0.52510536
4490992	2666	2.536128	1.9551675
4490992	2667	3.1992183	1.4554671
4490992	2668	3.0679283	0.6286801
4490992	2669	3.3814106	0.6526656
4490992	2670	3.5236635	-0.18935499
4490992	2671	2.908677	0.17015138
4490992	2672	2.9541821	1.6872745
4490992	2673	3.5280333	-0.5940783
4490992	2674	3.0898652	-0.19361478
4490992	2675	2.596037	1.5433686
4490992	2676	3.6158404	-0.82700634
4490992	2677	3.0365534	-0.26151893
4490992	2678	2.941576	1.2892562
4490992	2679	3.5821862	-0.887532
4490992	2680	2.9770536	-0.1592406
4490992	2681	3.2467794	-0.3242865
4490992	2682	2.8872738	1.372969
4490992	2683	3.7286215	-1.0202297
4490992	2684	2.9217162	1.1955886
4490992	2685	3.9650698	-1.041056
4490992	2686	3.7883892	-0.62904054
4490992	2687	4.0539846	-0.5597736
4490992	2688	3.9024959	-0.54708713
4490992	2689	3.9382348	-0.48230675
4490992	2690	3.9723692	-0.4515022
4490992	2691	3.724071	-0.3732252
4490992	2692	3.7960153	-0.4005488
4490992	2693	3.6517544	-0.30973852
4490992	2694	3.5554943	-0.31428957
4490992	2695	3.6144938	-0.34821343
4490992	2696	3.6149921	-0.37314284
4490992	2697	3.8000064	-0.5449387
4490992	2698	3.762879	-0.5444437
4490992	2699	4.143972	-0.7638743
4490992	2700	4.0394073	-0.7295929
4490992	2701	4.6799593	-1.1364154
4490992	2702	4.9497185	-0.21225208
4490992	2703	4.7891145	-0.049792916
4490992	2704	5.0133076	-0.1919075
4490992	2705	4.660236	0.09766969
4490992	2706	4.8541865	-0.068953544
4490992	2707	5.20593	-0.3903489
4490992	2708	5.270958	-0.4263715
4490992	2709	5.4224324	-0.5660548
4490992	2710	4.7313004	-1.3541082
4490992	2711	5.074613	-0.093447804
4490992	2712	4.4096766	0.09349349
4490992	2713	3.6231742	-0.7913853
4490992	2714	3.4985738	-0.3725319
4490992	2715	3.6645842	-0.61172974
4490992	2716	4.514677	-0.9042458
4490992	2717	5.123901	-1.5387762
4490992	2718	5.288494	-0.72803134
4490992	2719	3.7350616	0.9744569
4490992	2720	4.2834325	0.33159086
4490992	2721	3.6401105	1.165388
4490992	2722	3.8428159	1.0550996
4490992	2723	3.633708	1.480432
4490992	2724	2.83501	2.1637812
4490992	2725	3.0800204	-0.018999547
4490992	2726	2.9046607	0.4236364
4490992	2727	2.96591	0.16915587
4490992	2728	2.8576121	0.2517037
4490992	2729	2.832643	0.16737255
4490992	2730	2.7840528	0.22633824
4490992	2731	3.049261	-0.012020707
4490992	2732	3.135426	-0.040788144
4490992	2733	3.3825064	-0.11427981
4490992	2734	3.895227	-0.7645642
4490992	2735	3.0534902	-0.11595929
4490992	2736	3.7111983	0.48099765
4490992	2737	3.716558	0.6594069
4490992	2738	3.9552274	0.48512867
4490992	2739	3.6313224	0.9436654
4490992	2740	3.959612	0.5573405
4490992	2741	3.6665673	0.91265273
4490992	2742	3.9242902	0.63759863
4490992	2743	4.7749944	-0.10558638
4490992	2744	5.315873	-0.4758948
4490992	2745	5.675681	-1.0166365
4490992	2746	5.7316794	-1.1144223
4490992	2747	5.714342	-1.1566368
4490992	2748	5.6961503	-1.1777362
4490992	2749	5.3740864	-0.8717067
4490992	2750	5.0122757	-0.5836095
4490992	2751	5.175014	-0.7737286
4490992	2752	5.3266625	-0.8728399
4490992	2753	5.2916937	-0.9925375
4490992	2754	5.4103837	-1.0975332
4490992	2755	5.797174	-1.4815992
4490992	2756	5.5958514	-1.2769116
4490992	2757	5.702191	-1.3725263
4490992	2758	5.4764867	-1.1313876
4490992	2759	5.4608626	-1.2080203
4490992	2760	5.560309	-1.242893
4490992	2761	5.550102	-1.2552516
4490992	2762	5.4830956	-1.1362156
4490992	2763	4.907883	-0.555497
4490992	2764	5.0725594	-0.78053576
4490992	2765	5.2287006	-0.89778924
4490992	2766	5.195836	-0.8718257
4490992	2767	5.289077	-1.0082669
4490992	2768	5.6287403	-1.3054078
4490992	2769	5.6369586	-1.3362435
4490992	2770	5.35473	-1.152183
4490992	2771	5.5740447	-1.2711465
4490992	2772	5.205683	-0.7994213
4490992	2773	5.3121467	-0.92578125
4490992	2774	4.985432	-0.5327873
4490992	2775	4.8961816	-0.4455286
4490992	2776	4.520718	-0.23550908
4490992	2777	4.436247	0.09084806
4490992	2778	4.0149026	0.58409274
4490992	2779	4.523548	-0.008675367
4490992	2780	4.5775204	-0.2696433
4490992	2781	3.7718787	0.7596048
4490992	2782	4.3506765	0.26151827
4490992	2783	4.4294095	0.43346944
4490992	2784	3.5974364	-0.4183305
4490992	2785	4.3858166	-0.6971569
4490992	2786	4.806579	-1.2114444
4490992	2787	2.7410264	0.15237543
4490992	2788	4.450378	1.0709734
4490992	2789	4.0989704	1.2998345
4490992	2790	3.9303837	1.4764174
4490992	2791	4.5863423	0.7925768
4490992	2792	4.5862594	0.8087127
4490992	2793	4.368886	1.0817565
4490992	2794	4.152714	1.1476896
4490992	2795	3.823708	1.5575597
4490992	2796	3.985127	1.2043675
4490992	2797	4.140159	1.1351674
4490992	2798	3.7413077	1.5030494
4490992	2799	3.780305	1.5731883
4490992	2800	3.1272311	2.1000824
4490992	2801	2.994906	2.206586
4490992	2802	2.9237518	2.3079736
4490992	2803	3.1597204	2.2029543
4490992	2804	2.7633848	2.52133
4490992	2805	3.0823503	2.1583505
4490992	2806	3.5513573	1.4693803
4490992	2807	3.2368426	1.7572522
4490992	2808	3.8112283	1.4061364
4490992	2809	3.50629	1.5006833
4490992	2810	2.5498161	2.6658776
4490992	2811	2.1217942	3.1426227
4490992	2812	1.6616796	3.5378366
4490992	2813	1.6385599	3.354232
4490992	2814	1.4832922	3.6343668
4490992	2815	1.7939688	3.2882104
4490992	2816	1.7021741	3.6573126
4490992	2817	1.4126742	3.9289477
4490992	2818	0.47860605	2.8315854
4490992	2819	0.86740613	2.2599463
4490992	2820	0.73608685	2.495258
4490992	2821	0.7667341	2.5436988
4490992	2822	0.6345756	2.5745583
4490992	2823	0.99905324	1.9527943
4490992	2824	0.96662486	1.9419668
4490992	2825	1.1070714	1.8435783
4490992	2826	2.4956303	2.2561204
4490992	2827	2.2893395	2.7287643
4490992	2828	2.1761494	3.1234868
4490992	2829	2.0380907	3.291311
4490992	2830	2.163938	3.486571
4490992	2831	1.9810377	3.618563
4490992	2832	2.0461283	3.60721
4490992	2833	1.9156104	3.6934187
4490992	2834	1.6394974	3.8309147
4490992	2835	1.1511267	4.423613
4490992	2836	1.2008883	4.4082155
4490992	2837	1.1151971	4.4893956
4490992	2838	1.127013	4.3975883
4490992	2839	1.0605677	4.464516
4490992	2840	1.0603722	4.4639373
4490992	2841	1.1081178	4.5560503
4490992	2842	1.125984	4.4298882
4490992	2843	1.2011719	4.3276386
4490992	2844	1.2936475	4.261215
4490992	2845	1.3256339	4.231846
4490992	2846	1.3869644	4.1833177
4490992	2847	1.5274619	4.0317426
4490992	2848	1.6140469	4.0327406
4490992	2849	1.3364959	4.284345
4490992	2850	1.5115184	4.1092787
4490992	2851	-0.2632524	3.7953746
4490992	2852	-0.3530659	3.646024
4490992	2853	0.16600245	2.736412
4490992	2854	-0.050348103	2.764536
4490992	2855	0.67986107	2.963381
4490992	2856	0.8948585	2.6126578
4490992	2857	0.701149	2.728151
4490992	2858	1.0274553	2.3703907
4490992	2859	2.085	1.0210928
4490992	2860	1.9334797	1.3953999
4490992	2861	1.9109637	1.5104362
4490992	2862	2.3559203	2.8386407
4490992	2863	1.8804327	3.29313
4490992	2864	0.26491857	2.8864996
4490992	2865	2.1562905	2.5350513
4490992	2866	2.7203593	1.9504528
4490992	2867	3.303752	1.8559601
4490992	2868	1.7941676	0.6779064
4490992	2869	1.941053	0.48683497
4490992	2870	1.8953005	1.3107195
4490992	2871	1.9148253	1.0822508
4490992	2872	2.3458533	0.74229
4490992	2873	2.7596912	0.50683784
4490992	2874	2.7166758	0.5072459
4490992	2875	3.1421666	1.7444923
4490992	2876	3.7638206	0.99346876
4490992	2877	3.8952074	1.0689925
4490992	2878	3.572679	1.1878284
4490992	2879	3.7320476	1.0313658
4490992	2880	3.8182306	0.96404874
4490992	2881	4.2023163	0.5205759
4490992	2882	4.1037216	0.5879196
4490992	2883	4.4557095	0.23013869
4490992	2884	4.696676	-0.0023872852
4490992	2885	4.5950975	0.059916347
4490992	2886	4.734034	-0.17509642
4490992	2887	4.8341537	-0.26105806
4490992	2888	4.7692657	-0.23970383
4490992	2889	4.5007396	0.118751556
4490992	2890	4.634863	-0.14449987
4490992	2891	3.771062	0.86445713
4490992	2892	4.081544	0.4324532
4490992	2893	3.5176363	1.3493317
4490992	2894	3.4727087	1.199417
4490992	2895	3.5465183	1.5458171
4490992	2896	3.4681182	1.4697216
4490992	2897	3.0704951	2.1183615
4490992	2898	2.2558203	2.9001632
4490992	2899	3.1757536	2.1913307
4490992	2900	2.72856	2.411351
4490992	2901	3.2836838	1.8263192
4490992	2902	3.2705283	2.257159
4490992	2903	2.7802606	2.7166798
4490992	2904	2.6452994	2.920508
4490992	2905	2.4504123	2.9427645
4490992	2906	2.5946965	2.6251633
4490992	2907	1.8487777	2.3058894
4490992	2908	1.2223922	2.6547747
4490992	2909	2.9266043	0.04347661
4490992	2910	3.4087844	0.14624962
4490992	2911	3.1899552	0.3345187
4490992	2912	3.7460093	0.012897283
4490992	2913	4.0550504	-0.42904317
4490992	2914	3.9447303	-0.38120747
4490992	2915	4.3250933	0.36806312
4490992	2916	4.2933364	0.4490671
4490992	2917	4.1153955	0.6092243
4490992	2918	3.3785024	1.3417889
4490992	2919	3.4009638	1.6008322
4490992	2920	3.4319305	1.3809925
4490992	2921	3.1312366	1.7984953
4490992	2922	3.37434	1.5863202
4490992	2923	3.5218244	1.3058995
4490992	2924	3.4558644	1.5832164
4490992	2925	3.5373688	1.4818177
4490992	2926	3.4933982	1.6155856
4490992	2927	3.6072183	1.7145662
4490992	2928	3.4967728	1.9078255
4490992	2929	3.670298	1.7658396
4490992	2930	4.302857	1.1858137
4490992	2931	2.4109807	2.9197555
4490992	2932	1.521371	3.7074263
4490992	2933	1.863901	3.4018328
4490992	2934	2.189042	3.3846085
4490992	2935	2.138731	3.5540679
4490992	2936	2.0173593	3.5981762
4490992	2937	1.8941394	3.7750947
4490992	2938	1.8590502	3.8436377
4490992	2939	0.60658014	3.5413964
4490992	2940	2.3462958	2.7236257
4490992	2941	2.27882	3.0792043
4490992	2942	2.511218	3.0598035
4490992	2943	2.4726562	3.2437775
4490992	2944	3.0379972	2.87218
4490992	2945	3.2699962	2.7720726
4490992	2946	3.172759	2.6927447
4490992	2947	2.1941895	3.7170217
4490992	2948	2.0465088	3.92753
4490992	2949	1.8392304	4.249347
4490992	2950	0.39942932	4.8055625
4490992	2951	0.46195	4.817689
4490992	2952	0.55191183	5.0993524
4490992	2953	0.845729	4.7873173
4490992	2954	0.6151178	3.2446222
4490992	2955	0.37908274	3.793975
4490992	2956	0.5387927	3.5852292
4490992	2957	0.5223224	3.7417948
4490992	2958	0.7333207	3.3350675
4490992	2959	0.63753605	3.7351897
4490992	2960	0.7183279	3.6781256
4490992	2961	0.77706087	3.3237448
4490992	2962	0.54776967	3.961239
4490992	2963	0.48065525	4.019627
4490992	2964	0.522256	4.020117
4490992	2965	0.5216013	4.036802
4490992	2966	0.45868224	3.9767387
4490992	2967	0.4409297	4.1529684
4490992	2968	0.65186036	3.7080195
4490992	2969	-0.62110406	3.2863412
4490992	2970	-0.78507596	3.7705529
4490992	2971	-0.6606262	3.3632221
4490992	2972	-0.71579635	3.3135862
4490992	2973	0.43912166	3.4954517
4490992	2974	1.2686499	3.7868316
4490992	2975	0.78573716	4.4499674
4490992	2976	0.8509909	4.5310326
4490992	2977	0.86989224	4.482573
4490992	2978	1.0011264	4.5571766
4490992	2979	0.75305665	4.6735373
4490992	2980	0.68451476	4.9148107
4490992	2981	0.5541253	4.971925
4490992	2982	0.6695323	4.878398
4490992	2983	0.6876912	4.9909573
4490992	2984	0.62898684	4.9778647
4490992	2985	0.68728495	5.0691695
4490992	2986	0.77682424	4.7227306
4490992	2987	1.5033714	4.0231185
4490992	2988	2.6065993	3.1805289
4490992	2989	2.3193545	2.985344
4490992	2990	2.4586453	2.987958
4490992	2991	2.616293	2.866684
4490992	2992	2.539637	3.0814595
4490992	2993	2.6557689	2.8624504
4490992	2994	2.5004358	3.217547
4490992	2995	2.8271708	2.7595553
4490992	2996	2.924161	2.6781845
4490992	2997	2.677569	3.0373647
4490992	2998	3.1607327	2.290572
4490992	2999	3.7567391	2.0824292
4490992	3000	3.8496485	2.0514781
4490992	3001	3.8559647	2.1694038
4490992	3002	3.9205604	2.2256296
4490992	3003	3.773872	2.3697581
4490992	3004	3.7729244	2.4702468
4490992	3005	3.405438	2.912371
4490992	3006	2.6913915	3.5859444
4490992	3007	3.793583	2.2228048
4490992	3008	3.8124442	2.5284295
4490992	3009	3.7570105	2.5498517
4490992	3010	3.6411877	2.7115078
4490992	3011	3.753242	2.5572875
4490992	3012	3.6819463	2.5660334
4490992	3013	3.7678833	2.432144
4490992	3014	3.6854205	2.3912606
4490992	3015	3.5876808	2.5726802
4490992	3016	3.638029	2.5931554
4490992	3017	3.9692664	2.0290225
4490992	3018	3.787284	2.2785316
4490992	3019	3.902094	2.2457206
4490992	3020	3.8631911	2.3687546
4490992	3021	3.7135344	2.315096
4490992	3022	3.7075863	2.714093
4490992	3023	3.8403258	2.4919567
4490992	3024	3.7498713	2.689426
4490992	3025	3.306126	3.0788941
4490992	3026	3.80331	2.6025145
4490992	3027	4.080698	2.1740294
4490992	3028	4.04546	2.260447
4490992	3029	4.184717	2.1528842
4490992	3030	4.43482	1.6977937
4490992	3031	4.385896	1.9822447
4490992	3032	4.530818	1.6077883
4490992	3033	4.300046	1.7884741
4490992	3034	4.074174	2.1448174
4490992	3035	4.1353545	2.050941
4490992	3036	4.0450974	2.1684248
4490992	3037	4.551327	1.4075933
4490992	3038	4.524551	1.3882555
4490992	3039	4.6974316	1.3508029
4490992	3040	4.872317	1.2074354
4490992	3041	4.829914	1.3035351
4490992	3042	5.083269	-0.5152683
4490992	3043	5.3643	-0.5386882
4490992	3044	4.9412293	-0.28538534
4490992	3045	5.1775317	-0.45655087
4490992	3046	4.361935	1.3493056
4490992	3047	5.583703	0.25574777
4490992	3048	5.8314524	0.50524914
4490992	3049	5.6485357	0.61414635
4490992	3050	3.9425902	-0.3763544
4490992	3051	3.5552387	-0.2773069
4490992	3052	4.074756	0.72177804
4490992	3053	3.7438555	1.0252979
4490992	3054	4.2346234	0.8584274
4490992	3055	4.3610992	0.8843658
4490992	3056	5.1892567	0.42476556
4490992	3057	6.1665034	-0.34807965
4490992	3058	4.5791187	1.145774
4490992	3059	4.4509597	0.70699716
4490992	3060	4.753743	0.7537973
4490992	3061	3.681179	-0.84114015
4490992	3062	4.1361794	-0.98932815
4490992	3063	5.437293	-0.5015054
4490992	3064	4.641514	-0.14639711
4490992	3065	4.8935657	-0.21965642
4490992	3066	4.4898286	0.15501907
4490992	3067	4.465023	0.024663508
4490992	3068	3.7421947	1.2684355
4490992	3069	4.2017474	1.1139727
4490992	3070	4.34948	1.2466735
4490992	3071	4.7224245	1.0091828
4490992	3072	4.51402	1.3418759
4490992	3073	3.305509	0.14964929
4490992	3074	4.153304	-0.09688082
4490992	3075	4.0404224	-0.055765003
4490992	3076	3.872004	0.39718643
4490992	3077	3.874867	0.110681385
4490992	3078	4.19282	-0.11112711
4490992	3079	4.1182423	-0.075386494
4490992	3080	4.2843595	0.7249732
4490992	3081	4.5631413	0.90410995
4490992	3082	4.5266647	0.9501866
4490992	3083	3.99539	1.389077
4490992	3084	4.1837044	1.3374056
4490992	3085	3.3710442	1.8809249
4490992	3086	3.1847024	2.1150646
4490992	3087	3.1703067	2.2266853
4490992	3088	3.6231527	1.8467054
4490992	3089	3.6334038	1.790534
4490992	3090	3.752459	2.0945282
4490992	3091	4.093526	1.675909
4490992	3092	3.4235563	1.9163005
4490992	3093	3.3206224	2.080298
4490992	3094	1.1513308	1.3859167
4490992	3095	1.1664088	0.81893635
4490992	3096	1.1823709	0.87459266
4490992	3097	3.1774063	1.0565693
4490992	3098	2.7014718	1.5380535
4490992	3099	2.3523803	1.5452955
4490992	3100	2.4687738	1.3036978
4490992	3101	2.2082548	1.6156745
4490992	3102	2.151709	1.6017811
4490992	3103	2.2585897	1.4407891
4490992	3104	2.2840042	1.4208694
4490992	3105	1.9376124	0.36739704
4490992	3106	3.27633	0.6027359
4490992	3107	2.321115	2.4808815
4490992	3108	3.0723038	2.0326388
4490992	3109	0.634586	1.9704354
4490992	3110	0.8998891	1.8493576
4490992	3111	3.0141277	1.4415481
4490992	3112	3.2048407	1.9217513
4490992	3113	0.51030874	2.2392707
4490992	3114	2.9943523	1.3322457
4490992	3115	3.1972904	1.6789896
4490992	3116	3.440733	1.5900857
4490992	3117	1.9952177	1.2824571
4490992	3118	2.6679535	0.78925765
4490992	3119	2.6800747	0.6902932
4490992	3120	2.7535295	0.543694
4490992	3121	3.095715	0.21886781
4490992	3122	3.375588	1.3849984
4490992	3123	3.5925746	1.6716199
4490992	3124	3.402227	-0.33187717
4490992	3125	2.9319882	0.5871551
4490992	3126	2.9308023	1.2443537
4490992	3127	2.6895537	0.78337395
4490992	3128	2.8642626	0.725201
4490992	3129	2.9653215	0.7278323
4490992	3130	2.942832	0.8680377
4490992	3131	3.2478771	0.9638009
4490992	3132	3.0533657	1.6991351
4490992	3133	3.2637057	1.6513138
4490992	3134	3.5015507	1.7169507
4490992	3135	3.6700716	1.6399777
4490992	3136	3.7895393	1.7968063
4490992	3137	4.4014344	1.5713408
4490992	3138	4.30941	1.6369386
4490992	3139	4.354445	1.4764093
4490992	3140	4.339112	1.600836
4490992	3141	3.066977	0.23277286
4490992	3142	3.5564213	0.26618186
4490992	3143	3.4734998	0.24875882
4490992	3144	3.5190177	0.15128049
4490992	3145	3.8222575	-0.1818915
4490992	3146	4.253358	-0.4343676
4490992	3147	3.7008138	0.07049915
4490992	3148	3.7374988	-0.17118129
4490992	3149	3.728382	0.03226155
4490992	3150	3.4564548	0.26606235
4490992	3151	3.4842134	0.22531
4490992	3152	3.456047	0.08925465
4490992	3153	3.2299924	0.48446164
4490992	3154	3.4326425	0.23014858
4490992	3155	4.4677243	-0.33665153
4490992	3156	4.2858944	-0.38048553
4490992	3157	4.5532737	-0.66205126
4490992	3158	4.3988814	0.5206026
4490992	3159	4.26538	1.0990694
4490992	3160	3.1684947	0.15821013
4490992	3161	2.9249692	0.22579375
4490992	3162	2.9786553	0.4666899
4490992	3163	3.471044	-0.33183146
4490992	3164	4.415792	-0.7515298
4490992	3165	4.5123844	0.07979986
4490992	3166	4.7847652	0.4485958
4490992	3167	4.675262	0.26567885
4490992	3168	4.9460692	0.2686104
4490992	3169	4.5460835	0.6331415
4490992	3170	4.5593934	0.63827074
4490992	3171	4.7192473	0.49323264
4490992	3172	4.812264	0.49139848
4490992	3173	4.752164	0.26134714
4490992	3174	5.0152173	0.34839574
4490992	3175	4.6881104	0.76493406
4490992	3176	4.7840314	0.72992706
4490992	3177	4.7990127	0.80436254
4490992	3178	5.284962	0.08304635
4490992	3179	5.3662176	-0.08585018
4490992	3180	5.551212	-0.06895828
4490992	3181	5.615506	0.055060714
4490992	3182	5.6490545	-0.021317512
4490992	3183	5.5855927	0.29459807
4490992	3184	5.435576	0.38216665
4490992	3185	5.419103	0.06363794
4490992	3186	5.565934	0.066043586
4490992	3187	5.0983977	0.5040072
4490992	3188	5.1132483	0.47985426
4490992	3189	5.049955	0.70951843
4490992	3190	5.017969	0.83446705
4490992	3191	4.664265	1.0661646
4490992	3192	4.67748	1.1153222
4490992	3193	4.539534	1.0663381
4490992	3194	4.499794	1.3856784
4490992	3195	4.4036355	1.4624816
4490992	3196	4.482457	1.4527509
4490992	3197	4.5306797	1.4668372
4490992	3198	4.530851	1.0328481
4490992	3199	4.4803963	1.448489
4490992	3200	4.393988	1.1106385
4490992	3201	4.4928226	1.3719205
4490992	3202	4.449734	1.5581276
4490992	3203	4.659467	1.1704829
4490992	3204	4.3636727	1.488379
4490992	3205	2.6025681	1.5777781
4490992	3206	1.5689505	2.2602699
4490992	3207	2.4374604	0.33699015
4490992	3208	1.634524	1.8715377
4490992	3209	1.946088	1.4897088
4490992	3210	1.7119321	1.6481028
4490992	3211	2.195148	0.6207124
4490992	3212	1.6718861	1.555635
4490992	3213	2.400466	0.74470985
4490992	3214	3.9747252	-0.32847238
4490992	3215	4.0472784	0.25449082
4490992	3216	3.028607	0.8800361
4490992	3217	2.0918994	1.2300844
4490992	3218	2.71344	0.640605
4490992	3219	2.9420896	0.8445004
4490992	3220	3.4824276	1.673162
4490992	3221	3.498114	1.5960262
4490992	3222	3.6900864	1.2881072
4490992	3223	3.995274	1.1845198
4490992	3224	4.091895	1.2678928
4490992	3225	3.1023731	0.6183623
4490992	3226	2.564145	0.14197281
4490992	3227	2.6235309	0.5338706
4490992	3228	3.7764325	0.99415004
4490992	3229	1.2748393	1.8722031
4490992	3230	1.7491246	1.7975643
4490992	3231	2.6050477	1.0510736
4490992	3232	2.6584377	1.128577
4490992	3233	2.6640062	1.2134662
4490992	3234	2.578299	1.3448102
4490992	3235	3.8619223	1.1905371
4490992	3236	3.6237192	2.0087268
4490992	3237	3.254126	2.3234217
4490992	3238	4.398362	1.370349
4490992	3239	4.1092815	1.9970179
4490992	3240	4.4462748	1.6241038
4490992	3241	4.4334717	1.6714551
4490992	3242	4.279713	1.6294062
4490992	3243	4.2479324	1.7536342
4490992	3244	4.224523	1.6639812
4490992	3245	4.56447	1.364708
4490992	3246	4.837682	1.0367277
4490992	3247	4.5791845	1.2434329
4490992	3248	4.3678603	1.4372411
4490992	3249	4.4739428	1.3418047
4490992	3250	4.3896613	1.5604138
4490992	3251	4.389779	1.270191
4490992	3252	4.6192784	1.480835
4490992	3253	4.270077	1.7171059
4490992	3254	3.9474373	2.0883114
4490992	3255	3.3873305	2.5803912
4490992	3256	3.155354	2.617461
4490992	3257	3.6423683	2.354284
4490992	3258	3.8509116	2.3893366
4490992	3259	3.665369	2.3649998
4490992	3260	3.8696427	2.0368671
4490992	3261	4.0887303	1.5947962
4490992	3262	4.3033595	1.9023974
4490992	3263	4.002497	1.9634433
4490992	3264	1.6764525	2.4687774
4490992	3265	0.66814816	1.0230333
4490992	3266	0.63468945	1.1688948
4490992	3267	0.17770576	2.11825
4490992	3268	0.0035743713	2.4639611
4490992	3269	0.41908514	1.4852626
4490992	3270	0.46070725	1.2324829
4490992	3271	0.3446808	1.5470796
4490992	3272	0.54309595	1.1029422
4490992	3273	0.43421042	1.1843561
4490992	3274	0.39573407	1.2422056
4490992	3275	0.3693261	1.2005736
4490992	3276	0.27908152	1.2400696
4490992	3277	0.24731177	1.3181751
4490992	3278	1.5480462	1.3335271
4490992	3279	1.0240519	1.9717293
4490992	3280	1.7875136	1.1197288
4490992	3281	1.6536416	1.3113072
4490992	3282	1.7129506	1.3267198
4490992	3283	1.5829238	1.4456053
4490992	3284	1.6889354	1.3573511
4490992	3285	1.530068	1.714179
4490992	3286	1.7902082	1.1348956
4490992	3287	1.8974072	1.0309545
4490992	3288	1.8871423	1.1432052
4490992	3289	2.6770787	0.37178752
4490992	3290	2.8585415	0.2835662
4490992	3291	2.454063	0.5913534
4490992	3292	2.6952777	0.43096212
4490992	3293	3.0044336	0.3095059
4490992	3294	3.1052656	0.093922704
4490992	3295	3.0282898	0.13537017
4490992	3296	3.0413666	0.21050134
4490992	3297	3.3697658	0.07879087
4490992	3298	3.4309716	-0.10943559
4490992	3299	3.1701026	0.055009156
4490992	3300	3.1187673	0.12621894
4490992	3301	3.053204	0.18149903
4490992	3302	3.24438	0.07069519
4490992	3303	3.294663	0.03438449
4490992	3304	3.2869005	0.07853338
4490992	3305	3.2760653	0.054787785
4490992	3306	3.241623	0.12701711
4490992	3307	3.119987	0.38471702
4490992	3308	2.0467644	1.2422831
4490992	3309	2.202157	1.0570654
4490992	3310	3.0011501	0.39862671
4490992	3311	3.0266752	0.29431894
4490992	3312	3.169302	0.22483274
4490992	3313	3.73275	-0.095096916
4490992	3314	3.6443148	-0.09082577
4490992	3315	3.6354299	-0.0927434
4490992	3316	3.8939152	-0.1893267
4490992	3317	4.0613084	-0.43161315
4490992	3318	3.9675703	-0.40868175
4490992	3319	4.3870354	-0.8589364
4490992	3320	4.621589	-0.93034863
4490992	3321	4.671953	-1.2625091
4490992	3322	4.832717	-1.3866253
4490992	3323	4.7850423	-1.4017586
4490992	3324	4.9694433	-0.61815155
4490992	3325	4.9413347	-0.46852607
4490992	3326	4.7421165	-0.13260704
4490992	3327	4.9878044	-0.42823088
4490992	3328	3.7291431	-0.90766513
4490992	3329	3.5489273	-0.5740031
4490992	3330	3.7618217	-0.6971911
4490992	3331	3.8676023	-0.7230358
4490992	3332	3.8063126	-0.55057806
4490992	3333	3.9655142	-0.5821482
4490992	3334	4.3379855	-1.0305276
4490992	3335	4.6195235	-0.9628446
4490992	3336	4.6849465	-1.0205284
4490992	3337	4.7034893	-0.9042891
4490992	3338	4.526495	-0.9200091
4490992	3339	4.6536427	-0.9461302
4490992	3340	4.6200943	-0.70796645
4490992	3341	4.5324965	-0.69712913
4490992	3342	4.578882	-0.75114
4490992	3343	4.6523046	0.7230699
4490992	3344	4.202597	1.2694594
4490992	3345	4.5759172	1.0596207
4490992	3346	4.75017	1.1357284
4490992	3347	4.7166514	1.0070083
4490992	3348	5.0561304	0.7360064
4490992	3349	4.7746615	1.101463
4490992	3350	5.1613994	0.87700665
4490992	3351	5.2138085	0.72132015
4490992	3352	3.4242105	-0.46734193
4490992	3353	3.502812	0.11393437
4490992	3354	3.4730258	0.27659407
4490992	3355	3.6891356	-0.1391511
4490992	3356	3.6151762	0.20057866
4490992	3357	3.5695047	0.29400703
4490992	3358	3.7309027	0.08974525
4490992	3359	3.6682024	0.21701261
4490992	3360	4.2024727	-0.11789584
4490992	3361	4.0349526	-0.26867735
4490992	3362	3.5752416	0.311402
4490992	3363	3.46144	0.40466973
4490992	3364	3.249908	0.6952872
4490992	3365	3.1814175	0.69616973
4490992	3366	3.5487905	0.58567166
4490992	3367	2.741437	1.1465391
4490992	3368	3.2178812	0.7512232
4490992	3369	3.140573	0.85494936
4490992	3370	3.1646123	0.48754457
4490992	3371	3.4254131	0.5035391
4490992	3372	3.501433	0.25766596
4490992	3373	3.8614917	0.214385
4490992	3374	3.5567117	0.6044395
4490992	3375	4.200168	-0.12038612
4490992	3376	3.4531326	1.6467028
4490992	3377	3.8919735	1.079186
4490992	3378	4.299457	0.91959107
4490992	3379	4.219873	1.09692
4490992	3380	1.8212172	-0.24778017
4490992	3381	0.87201977	-0.3364249
4490992	3382	1.0807692	-0.9145562
4490992	3383	1.499242	-0.8732272
4490992	3384	3.0547047	-0.20764881
4490992	3385	3.7154331	-0.52305615
4490992	3386	2.859189	0.43521622
4490992	3387	3.4495687	-0.20646712
4490992	3388	3.9862304	-0.4528665
4490992	3389	2.991415	0.8956008
4490992	3390	2.8612804	2.0298479
4490992	3391	3.5039492	1.6756687
4490992	3392	2.5716176	0.461086
4490992	3393	3.9706864	0.6486256
4490992	3394	1.5321757	1.4633943
4490992	3395	1.7595941	1.2793734
4490992	3396	2.524859	0.6255479
4490992	3397	3.6994328	0.8908818
4490992	3398	2.7999325	2.2618906
4490992	3399	2.9801636	2.1580968
4490992	3400	2.089724	0.43575284
4490992	3401	2.1564655	0.3608589
4490992	3402	2.1393356	0.5871458
4490992	3403	2.1456747	0.61185014
4490992	3404	2.7953115	0.044098288
4490992	3405	3.086763	0.2221022
4490992	3406	3.0042782	0.48250076
4490992	3407	2.7257514	0.6310377
4490992	3408	2.931602	0.58066523
4490992	3409	2.5622206	0.95448494
4490992	3410	2.5637412	0.9402602
4490992	3411	2.5621653	2.1901753
4490992	3412	2.6723247	2.1033118
4490992	3413	2.876771	2.3556035
4490992	3414	2.271315	1.1183784
4490992	3415	2.771749	0.06530312
4490992	3416	2.6084313	0.692377
4490992	3417	2.5767436	0.79613864
4490992	3418	3.171958	0.16016403
4490992	3419	2.5417395	0.8821254
4490992	3420	3.2319527	0.21456555
4490992	3421	2.9239435	0.63696015
4490992	3422	2.8965569	0.60356545
4490992	3423	2.9101086	2.118339
4490992	3424	2.871828	2.0467777
4490992	3425	2.9197211	2.376927
4490992	3426	2.0365062	1.2556721
4490992	3427	1.9227144	1.5183104
4490992	3428	2.1463032	1.3296123
4490992	3429	2.8537006	1.7244489
4490992	3430	3.054974	1.7698247
4490992	3431	3.3870273	1.5096575
4490992	3432	3.4797935	1.2016631
4490992	3433	3.5631127	1.1141087
4490992	3434	3.6242838	0.8714967
4490992	3435	2.6395597	1.4453133
4490992	3436	2.6476068	1.3623438
4490992	3437	2.7522874	1.1201286
4490992	3438	2.7534037	1.3715551
4490992	3439	4.5736837	-0.04792729
4490992	3440	5.2395473	-0.7231029
4490992	3441	5.488903	-0.77607685
4490992	3442	5.260089	-0.34395182
4490992	3443	5.185169	-0.42836517
4490992	3444	5.2135296	-0.28941786
4490992	3445	5.6313887	-0.96946955
4490992	3446	5.1790624	-0.36307293
4490992	3447	5.8859363	-1.2410505
4490992	3448	5.824567	-1.09252
4490992	3449	6.013661	-0.9143529
4490992	3450	5.896155	-0.7840535
4490992	3451	5.9740477	-0.7685752
4490992	3452	5.82966	-0.5672575
4490992	3453	6.1482687	-0.89686537
4490992	3454	6.0335665	-0.600173
4490992	3455	5.892167	-0.5036204
4490992	3456	5.973785	-0.60636187
4490992	3457	5.787266	-3.1380687
4490992	3458	1.5428923	-5.587394
4490992	3459	0.5401851	-4.774395
4490992	3460	0.42108172	-4.1666064
4490992	3461	1.6356074	-6.0317473
4490992	3462	0.97748375	-6.052856
4490992	3463	0.08096266	-4.7418146
4490992	3464	-0.44289395	-4.2904077
4490992	3465	-0.6490328	-4.39785
4490992	3466	-0.90082073	-4.4780087
4490992	3467	-0.8140738	-4.2498116
4490992	3468	-0.13414124	-4.377983
4490992	3469	0.40049034	-4.537506
4490992	3470	1.2458501	-4.36113
4490992	3471	1.9583403	-3.127774
4490992	3472	1.9713057	-3.3150277
4490992	3473	1.917636	-3.228695
4490992	3474	1.7921959	-3.1836276
4490992	3475	1.9529892	-3.1360328
4490992	3476	3.0693922	-3.1663175
4490992	3477	4.0363045	-3.4528096
4490992	3478	2.8106017	-3.1843524
4490992	3479	3.3234253	-3.1733804
4490992	3480	3.1928234	-3.22826
4490992	3481	3.1162763	-3.2689812
4490992	3482	3.5584788	-3.4715607
4490992	3483	2.539917	-3.2210763
4490992	3484	1.8080798	-3.092647
4490992	3485	4.544429	-3.2351334
4490992	3486	5.6548524	-3.3697302
4490992	3487	3.0054498	-1.3745581
4490992	3488	0.6153476	0.06133786
4490992	3489	0.6858599	-0.37878934
4490992	3490	1.4087492	-0.9195884
4490992	3491	3.174303	-1.5879163
4490992	3492	3.6834898	-1.745167
4490992	3493	3.7185645	-1.7947283
4490992	3494	3.753707	-1.6433264
4490992	3495	3.6950321	-1.7033505
4490992	3496	3.69768	-1.6563694
4490992	3497	3.6534004	-1.6332043
4490992	3498	3.611086	-1.6142347
4490992	3499	3.8892007	-0.6419294
4490992	3500	3.6941752	-0.7074959
4490992	3501	4.451432	-0.59534705
4490992	3502	4.511868	-0.8664193
4490992	3503	4.498505	-0.706776
4490992	3504	2.27814	-0.4337722
4490992	3505	3.3654199	-1.0607554
4490992	3506	3.8593855	-0.16408768
4490992	3507	4.342541	-0.7843244
4490992	3508	3.745881	0.0062752366
4490992	3509	4.1897035	-0.28132248
4490992	3510	2.607511	-0.49872229
4490992	3511	2.517981	-0.41619363
4490992	3512	3.0106058	0.5284145
4490992	3513	2.8492017	0.48332414
4490992	3514	3.207336	0.21015587
4490992	3515	3.2081356	0.05690816
4490992	3516	3.189012	0.07564357
4490992	3517	3.3007193	0.07222292
4490992	3518	2.820249	0.42170992
4490992	3519	3.227065	0.1482679
4490992	3520	4.1821504	-0.55078244
4490992	3521	4.2405105	-0.88142204
4490992	3522	3.9669409	-0.6769049
4490992	3523	3.6928225	-0.31113225
4490992	3524	1.5610048	1.2046515
4490992	3525	1.4091606	1.7117491
4490992	3526	0.95413566	2.1032841
4490992	3527	0.8584713	2.419491
4490992	3528	1.5353621	1.0598843
4490992	3529	1.7855946	1.1863079
4490992	3530	1.0959874	2.4095578
4490992	3531	0.64351714	3.058433
4490992	3532	0.34952044	3.7993214
4490992	3533	0.3881737	3.9024994
4490992	3534	0.26118612	4.2416806
4490992	3535	0.13231951	4.5477247
4490992	3536	0.13572836	4.3348637
4490992	3537	0.07465947	4.253522
4490992	3538	0.04460174	4.223471
4490992	3539	0.051941633	4.085492
4490992	3540	0.19894415	3.4953568
4490992	3541	0.3719737	3.2869093
4490992	3542	0.28182358	3.5377846
4490992	3543	0.22203445	3.5759137
4490992	3544	0.3171211	3.2254453
4490992	3545	0.20050472	3.864762
4490992	3546	0.3607865	3.5686958
4490992	3547	0.70321894	2.506956
4490992	3548	0.87026215	3.0824091
4490992	3549	0.6101593	3.2291956
4490992	3550	0.7669039	3.1867938
4490992	3551	0.7184478	3.1837454
4490992	3552	1.1366587	2.1738546
4490992	3553	1.5315355	2.3195934
4490992	3554	1.3069973	2.6294892
4490992	3555	1.8264755	3.3817708
4490992	3556	2.1558318	3.1092906
4490992	3557	2.1763134	3.1390462
4490992	3558	2.0609603	3.2772317
4490992	3559	1.615333	1.8859794
4490992	3560	1.2218604	2.3609266
4490992	3561	1.0695913	2.5606253
4490992	3562	1.0298115	2.593197
4490992	3563	1.1622356	2.246813
4490992	3564	1.6210407	3.4030292
4490992	3565	2.000255	2.9415472
4490992	3566	1.9472455	2.9803681
4490992	3567	1.833963	3.0593922
4490992	3568	1.9204248	2.9814157
4490992	3569	1.9904221	3.0614748
4490992	3570	1.9498287	3.05117
4490992	3571	1.9839083	3.1546717
4490992	3572	2.0495386	2.9842374
4490992	3573	2.0405912	3.1370046
4490992	3574	1.9672259	3.0276961
4490992	3575	1.979508	3.1288717
4490992	3576	2.0052881	3.0986774
4490992	3577	2.0567236	3.0846653
4490992	3578	2.220333	2.8757744
4490992	3579	2.1535988	2.7593014
4490992	3580	0.026449919	2.1954265
4490992	3581	-0.0017997622	2.1630838
4490992	3582	0.3473667	1.8645091
4490992	3583	1.7764889	2.1284084
4490992	3584	1.3396574	2.3192744
4490992	3585	1.6116236	1.8765068
4490992	3586	1.2842858	2.299729
4490992	3587	1.2873186	2.322853
4490992	3588	1.0135342	2.5315552
4490992	3589	0.8800466	2.633663
4490992	3590	0.7172084	2.8085678
4490992	3591	0.6611043	2.859391
4490992	3592	0.9243703	2.4831285
4490992	3593	0.71399105	2.8021393
4490992	3594	0.6941751	2.6951244
4490992	3595	0.740409	2.7085977
4490992	3596	0.5480013	3.1596773
4490992	3597	0.7076645	2.801902
4490992	3598	0.628899	2.974692
4490992	3599	0.9112978	2.2497356
4490992	3600	1.6569563	1.8505924
4490992	3601	0.8199289	2.8275793
4490992	3602	1.4412786	3.8005044
4490992	3603	1.4399508	3.5007217
4490992	3604	1.2051994	3.7643483
4490992	3605	1.5608121	3.6015584
4490992	3606	1.7257811	3.5549586
4490992	3607	1.6129962	3.708367
4490992	3608	2.0427828	3.2203758
4490992	3609	2.0418377	3.2291248
4490992	3610	2.0456452	3.166358
4490992	3611	2.0246744	3.1864243
4490992	3612	2.009459	3.1638744
4490992	3613	1.9911226	3.152709
4490992	3614	0.07009053	1.5293356
4490992	3615	-0.07784712	1.0416102
4490992	3616	-0.039058387	1.6455226
4490992	3617	0.32305527	0.3408048
4490992	3618	-0.67843974	2.210282
4490992	3619	-0.5678283	1.8984282
4490992	3620	0.30737507	2.094355
4490992	3621	-0.17246056	2.4667835
4490992	3622	0.8709744	1.086179
4490992	3623	0.84170115	1.5258003
4490992	3624	0.062645376	2.1792417
4490992	3625	0.45946217	1.4130692
4490992	3626	0.41122258	1.5543025
4490992	3627	0.50155747	1.4660066
4490992	3628	0.49979722	0.6076416
4490992	3629	0.2014522	3.2006598
4490992	3630	0.21902621	3.0801888
4490992	3631	0.04370421	3.2133546
4490992	3632	-0.10562548	3.7622201
4490992	3633	1.3098507	3.3274899
4490992	3634	0.98874927	2.658068
4490992	3635	1.2115821	2.657502
4490992	3636	1.218611	2.6287327
4490992	3637	1.2412696	2.6498306
4490992	3638	1.1095188	3.8266757
4490992	3639	2.3127346	0.6630697
4490992	3640	2.2391772	0.9421998
4490992	3641	2.3965287	1.1500679
4490992	3642	2.327232	1.3206109
4490992	3643	2.2011957	1.5219492
4490992	3644	2.16678	1.6367927
4490992	3645	2.266479	1.49044
4490992	3646	2.1286893	1.6582706
4490992	3647	1.9240164	2.9271243
4490992	3648	2.7548304	2.2792232
4490992	3649	2.911933	0.5992943
4490992	3650	2.4457483	0.9529872
4490992	3651	2.5165606	0.9504225
4490992	3652	2.9612155	0.48764178
4490992	3653	2.9658418	0.7190577
4490992	3654	2.0561109	1.2586151
4490992	3655	1.8155485	1.567245
4490992	3656	1.6504189	1.548559
4490992	3657	1.9137896	1.1116496
4490992	3658	2.8604722	0.49263522
4490992	3659	3.4445262	0.007889003
4490992	3660	3.512856	-0.14978087
4490992	3661	4.3062196	-0.67899346
4490992	3662	4.2773814	-0.48979685
4490992	3663	4.2359276	-0.3952769
4490992	3664	4.352236	-0.6077433
4490992	3665	3.8481894	0.9647243
4490992	3666	3.2796044	1.8306735
4490992	3667	2.9979744	1.9781804
4490992	3668	3.267789	2.0217311
4490992	3669	2.4767003	2.7794857
4490992	3670	2.4285326	2.9751275
4490992	3671	2.481861	2.9501145
4490992	3672	2.1678777	3.1757917
4490992	3673	1.6790887	1.0946891
4490992	3674	1.2134176	1.401303
4490992	3675	1.3929017	1.5071734
4490992	3676	1.1991067	1.5836599
4490992	3677	1.4688673	1.3701111
4490992	3678	1.4252582	1.594346
4490992	3679	1.4033142	1.4535556
4490992	3680	1.4042747	1.6299932
4490992	3681	0.99417055	2.067495
4490992	3682	0.96657836	2.432708
4490992	3683	0.80569863	2.58293
4490992	3684	0.80728996	2.4553165
4490992	3685	1.2435843	2.0319316
4490992	3686	1.2511364	1.9887152
4490992	3687	2.2576113	2.8936982
4490992	3688	1.8130032	3.5235374
4490992	3689	1.7089721	3.6354945
4490992	3690	1.6288418	3.6660116
4490992	3691	1.6906165	3.5263565
4490992	3692	1.7271	3.5494535
4490992	3693	1.285741	4.241645
4490992	3694	0.79125965	4.9075956
4490992	3695	0.6829035	5.217664
4490992	3696	0.7179986	4.906105
4490992	3697	1.4572084	4.302756
4490992	3698	1.4312603	4.380706
4490992	3699	1.3572962	4.376106
4490992	3700	0.62575483	3.1147447
4490992	3701	0.78106785	2.8598585
4490992	3702	0.60994923	3.3147676
4490992	3703	0.59774077	3.3118496
4490992	3704	0.38901937	3.3354928
4490992	3705	0.3364095	3.5516822
4490992	3706	1.3558247	4.077818
4490992	3707	1.0275155	4.4034634
4490992	3708	0.83833456	2.6507154
4490992	3709	0.87003434	4.293863
4490992	3710	1.319506	4.054802
4490992	3711	1.5409025	1.9107087
4490992	3712	1.0289907	2.797696
4490992	3713	1.0510865	2.972424
4490992	3714	0.8070555	3.1953597
4490992	3715	1.4504163	2.3187208
4490992	3716	1.2662355	2.6237676
4490992	3717	1.4290247	2.4740286
4490992	3718	1.3552531	2.4671397
4490992	3719	1.3509676	2.487743
4490992	3720	1.5745088	2.1601932
4490992	3721	1.2581451	2.635652
4490992	3722	1.9873511	1.5138601
4490992	3723	2.264495	1.2508684
4490992	3724	2.5107388	1.200718
4490992	3725	2.5520182	1.2515811
4490992	3726	2.5287628	1.3165702
4490992	3727	2.4709868	1.3640425
4490992	3728	2.4142046	1.3984351
4490992	3729	2.3729196	1.4163884
4490992	3730	2.3374562	1.4343679
4490992	3731	2.3104558	1.4475355
4490992	3732	2.2856946	1.4600326
4490992	3733	2.2634673	1.4694546
4490992	3734	2.2411017	1.4812665
4490992	3735	2.2218266	1.4889528
4490992	3736	2.2013993	1.499053
4490992	3737	2.183951	1.5056618
4490992	3738	2.1640897	1.5174624
4490992	3739	2.1486554	1.5240993
4490992	3740	2.132339	1.5311999
4490992	3741	2.1167645	1.5389701
4490992	3742	2.1041207	1.5436699
4490992	3743	2.0893068	1.5617218
4490992	3744	3.3481712	0.31188676
4490992	3745	3.0196567	1.8158588
4490992	3746	3.3070393	1.7261038
4490992	3747	3.5958753	1.3799312
4490992	3748	3.2043786	2.067355
4490992	3749	3.2430234	1.830965
4490992	3750	3.2549777	1.8847156
4490992	3751	3.1964698	2.094235
4490992	3752	3.3218446	1.8946056
4490992	3753	3.3458185	1.9783413
4490992	3754	1.9446336	3.5254772
4490992	3755	1.8104028	1.10104
4490992	3756	1.3993106	1.5868287
4490992	3757	1.6339198	1.5561445
4490992	3758	1.5346636	1.9376893
4490992	3759	1.2447927	2.4863164
4490992	3760	1.2916569	2.3074262
4490992	3761	1.3437351	2.3101454
4490992	3762	1.3932796	2.2245514
4490992	3763	1.1316389	2.5496254
4490992	3764	2.5532203	2.9189322
4490992	3765	1.9420782	3.4761584
4490992	3766	1.9577605	3.5465539
4490992	3767	1.8548342	3.6071851
4490992	3768	2.1820269	2.9465818
4490992	3769	2.742333	2.754546
4490992	3770	2.9328752	2.3633769
4490992	3771	3.1262994	2.3524637
4490992	3772	3.0337906	2.4178905
4490992	3773	2.9595113	2.7269924
4490992	3774	2.8408337	2.6391532
4490992	3775	2.1073256	3.5923903
4490992	3776	1.8643359	3.7849429
4490992	3777	1.6572739	4.113415
4490992	3778	1.690041	3.9507482
4490992	3779	1.4253082	4.2731
4490992	3780	1.3725426	4.356269
4490992	3781	1.8922836	3.7710712
4490992	3782	2.0025887	3.5284019
4490992	3783	1.0485482	2.680307
4490992	3784	0.64918935	3.1544054
4490992	3785	1.3095642	2.5656168
4490992	3786	1.0338994	2.978814
4490992	3787	1.181485	2.2328367
4490992	3788	2.1778407	1.3044013
4490992	3789	2.8756056	2.171211
4490992	3790	3.0849514	2.0542228
4490992	3791	3.1681552	1.9097271
4490992	3792	3.0264707	2.1269193
4490992	3793	2.9165134	2.229157
4490992	3794	2.3872151	3.0066519
4490992	3795	2.2147274	3.400101
4490992	3796	2.5162392	2.9991913
4490992	3797	2.4079108	2.9256797
4490992	3798	2.43302	2.9007063
4490992	3799	2.309155	2.718367
4490992	3800	2.3899508	2.811233
4490992	3801	1.6387054	3.7726414
4490992	3802	1.2549397	4.050631
4490992	3803	0.22578692	3.2012372
4490992	3804	1.7998482	3.3103855
4490992	3805	1.4375633	3.6523492
4490992	3806	1.837814	3.556473
4490992	3807	2.8079371	2.6684892
4490992	3808	3.4724412	2.2785094
4490992	3809	3.4475312	2.3989162
4490992	3810	2.8853993	3.1387005
4490992	3811	2.8235402	3.1984117
4490992	3812	3.5160975	2.0976179
4490992	3813	3.616734	2.2656977
4490992	3814	3.2587085	2.6916604
4490992	3815	2.907045	3.125252
4490992	3816	3.1557636	2.9100728
4490992	3817	3.0917573	2.6907475
4490992	3818	2.5333352	3.6353805
4490992	3819	2.6581821	3.2075841
4490992	3820	3.0791326	3.0337708
4490992	3821	2.6035566	3.543557
4490992	3822	2.6581306	3.487089
4490992	3823	2.603446	3.527518
4490992	3824	2.468389	3.719344
4490992	3825	2.340042	3.8172433
4490992	3826	2.1835847	3.7973301
4490992	3827	-0.07723722	4.280277
4490992	3828	0.9453349	4.281265
4490992	3829	1.227566	3.9350593
4490992	3830	1.0498365	4.280273
4490992	3831	0.9728998	4.370978
4490992	3832	1.488174	4.006465
4490992	3833	1.3718877	4.195915
4490992	3834	1.5107557	4.061756
4490992	3835	1.5635957	4.258354
4490992	3836	1.3413292	4.182728
4490992	3837	1.3153851	4.379082
4490992	3838	1.451842	4.2247376
4490992	3839	1.5216521	4.231998
4490992	3840	1.5334481	4.228567
4490992	3841	1.4572923	4.2501273
4490992	3842	1.4878167	4.176463
4490992	3843	0.24505073	3.056022
4490992	3844	1.2084047	1.9248717
4490992	3845	1.2795548	2.324605
4490992	3846	1.7668701	1.9593134
4490992	3847	2.9029446	2.0891278
4490992	3848	0.8926916	2.3698168
4490992	3849	1.4264928	1.9681597
4490992	3850	1.7960061	1.5836844
4490992	3851	2.141499	1.2419459
4490992	3852	2.351057	1.2008061
4490992	3853	2.3989296	1.2890701
4490992	3854	2.1339421	1.7317502
4490992	3855	1.6475662	2.3468528
4490992	3856	3.2323856	1.9860272
4490992	3857	3.4814277	2.0519369
4490992	3858	2.8937507	2.9153192
4490992	3859	2.813953	2.815436
4490992	3860	3.340911	2.2594254
4490992	3861	3.1494083	2.6871219
4490992	3862	2.830696	2.9670334
4490992	3863	2.2454166	3.6877062
4490992	3864	2.8050241	2.8957772
4490992	3865	2.892644	3.0141222
4490992	3866	2.4926114	3.4764128
4490992	3867	2.4682307	3.4806201
4490992	3868	2.5334225	3.3910093
4490992	3869	2.014842	3.6880457
4490992	3870	1.8296417	3.9947212
4490992	3871	0.72642374	2.847975
4490992	3872	2.1401992	3.1002743
4490992	3873	1.988738	3.419467
4490992	3874	1.7744418	3.7570713
4490992	3875	3.1007571	2.4814272
4490992	3876	2.6909776	3.099339
4490992	3877	3.6741257	1.8743317
4490992	3878	3.770481	1.9765975
4490992	3879	3.6860948	1.970778
4490992	3880	3.2242885	2.7194655
4490992	3881	3.2235122	2.5642538
4490992	3882	4.104048	1.5258347
4490992	3883	4.275015	1.3738893
4490992	3884	5.0482955	0.3693742
4490992	3885	5.211413	0.17980132
4490992	3886	4.80961	0.5266589
4490992	3887	5.2586617	-0.07997337
4490992	3888	5.2083874	0.08223453
4490992	3889	4.9468555	0.35452512
4490992	3890	4.8853617	0.3165615
4490992	3891	5.1802845	-0.10221347
4490992	3892	5.1412907	-0.0856086
4490992	3893	5.075619	-0.07791689
4490992	3894	5.128992	-0.09490678
4490992	3895	4.8542323	0.16845736
4490992	3896	4.7282486	0.3565748
4490992	3897	4.7290783	0.36185065
4490992	3898	4.854386	0.24154201
4490992	3899	4.8666086	0.23196176
4490992	3900	4.8321667	0.28153828
4490992	3901	4.7403326	0.4106132
4490992	3902	4.5917597	0.4903678
4490992	3903	4.3419595	0.9883568
4490992	3904	3.5594544	1.5721931
4490992	3905	3.3846083	0.68990326
4490992	3906	2.454392	1.1846864
4490992	3907	2.784182	0.8958198
4490992	3908	2.7598586	0.38750085
4490992	3909	3.5843215	0.14765838
4490992	3910	3.7378879	-0.0066505075
4490992	3911	4.062205	-0.20123062
4490992	3912	3.0603456	0.4982234
4490992	3913	3.2015448	0.654359
4490992	3914	2.8759756	0.8386893
4490992	3915	3.2548661	0.54567266
4490992	3916	3.0841632	0.63178635
4490992	3917	3.4880738	0.4303914
4490992	3918	3.2395682	0.46726903
4490992	3919	2.9108343	0.8622674
4490992	3920	2.6652389	1.0169005
4490992	3921	2.5515008	1.1805354
4490992	3922	2.4911323	1.158896
4490992	3923	2.5938778	1.0148994
4490992	3924	2.2199101	1.340953
4490992	3925	1.8362206	1.7268744
4490992	3926	1.6945008	1.9351847
4490992	3927	1.9764079	1.7458916
4490992	3928	1.6219496	2.108493
4490992	3929	1.5576195	2.1588717
4490992	3930	2.5821042	2.6875465
4490992	3931	2.397605	3.0376842
4490992	3932	2.5601096	2.8636906
4490992	3933	0.51263857	2.8568587
4490992	3934	0.9245155	2.523745
4490992	3935	1.3431084	2.134153
4490992	3936	1.352214	1.9142058
4490992	3937	1.1923711	2.362895
4490992	3938	1.0950642	2.3905876
4490992	3939	1.0514128	2.4722095
4490992	3940	1.6980125	1.5349945
4490992	3941	1.7462381	2.088183
4490992	3942	2.0485249	2.6458097
4490992	3943	2.1483397	2.7519567
4490992	3944	2.9925404	1.9283173
4490992	3945	3.092186	2.081129
4490992	3946	3.111164	1.9079695
4490992	3947	3.3047009	1.9304771
4490992	3948	3.4140682	1.8672512
4490992	3949	3.3687882	1.7608507
4490992	3950	3.3777304	1.9904971
4490992	3951	2.0949755	2.278364
4490992	3952	1.3479611	2.9825099
4490992	3953	0.9940697	3.2432497
4490992	3954	1.2847468	2.6924286
4490992	3955	1.3237703	2.4703476
4490992	3956	1.3623	3.454588
4490992	3957	1.782987	3.1325984
4490992	3958	2.2243109	0.8970401
4490992	3959	1.800238	1.3391097
4490992	3960	2.1519256	1.1154004
4490992	3961	2.3491292	0.7127149
4490992	3962	2.8058033	0.35657343
4490992	3963	2.609211	0.7158557
4490992	3964	2.6861663	0.86159146
4490992	3965	2.738339	0.78850985
4490992	3966	2.7525506	0.90829456
4490992	3967	2.8670754	0.8733866
4490992	3968	2.7955608	0.7346008
4490992	3969	3.7118917	0.19746497
4490992	3970	2.9028091	1.2871482
4490992	3971	3.3827744	0.32299176
4490992	3972	3.3728528	0.1670641
4490992	3973	3.514398	0.31594625
4490992	3974	3.684394	0.29353258
4490992	3975	3.7679853	0.21783075
4490992	3976	3.3106556	1.7732577
4490992	3977	3.7417836	1.6110468
4490992	3978	3.8019128	1.51378
4490992	3979	3.8311858	1.4861956
4490992	3980	4.028722	1.3011318
4490992	3981	4.2502904	1.1153494
4490992	3982	4.469065	0.9015418
4490992	3983	4.1381006	0.7968832
4490992	3984	4.292037	0.73374593
4490992	3985	4.2110047	0.9983047
4490992	3986	3.7502923	1.1718804
4490992	3987	3.5962095	1.687397
4490992	3988	3.9012246	1.3737159
4490992	3989	4.0368905	1.400478
4490992	3990	4.1407323	1.0828581
4490992	3991	4.2506833	1.1144663
4490992	3992	5.309384	-0.09248471
4490992	3993	5.4265175	-0.044308662
4490992	3994	4.79882	0.6519644
4490992	3995	4.553338	0.9163567
4490992	3996	4.5267935	1.040197
4490992	3997	4.5460105	1.0230292
4490992	3998	4.5728455	1.035664
4490992	3999	4.528948	1.0004823
4490992	4000	4.2811694	1.5775571
4490992	4001	3.5368228	2.2371678
4490992	4002	3.042873	2.6923237
4490992	4003	3.5849724	2.1494136
4490992	4004	3.148666	2.7228906
4490992	4005	3.4027662	2.5332162
4490992	4006	3.5417976	2.3706634
4490992	4007	3.3622918	2.4816267
4490992	4008	3.4467258	2.2704282
4490992	4009	3.6587925	2.471792
4490992	4010	3.7815633	2.0560982
4490992	4011	3.7053304	2.2589064
4490992	4012	3.754942	2.0643861
4490992	4013	4.241348	1.8701
4490992	4014	4.7800007	1.1416503
4490992	4015	4.8314195	1.2665623
4490992	4016	4.7865496	1.5595841
4490992	4017	4.6815095	1.599292
4490992	4018	4.4708285	1.8083713
4490992	4019	4.265238	1.8019774
4490992	4020	4.597677	1.867615
4490992	4021	4.437048	1.90745
4490992	4022	4.308484	2.1233497
4490992	4023	4.5825334	1.805757
4490992	4024	4.7884088	1.5910099
4490992	4025	4.9318185	1.287704
4490992	4026	4.8658485	1.3875835
4490992	4027	4.994297	1.232511
4490992	4028	4.8792295	0.77051497
4490992	4029	4.6455665	1.4227042
4490992	4030	4.5764136	1.2750732
4490992	4031	4.2991414	1.7589881
4490992	4032	4.3780103	1.4580998
4490992	4033	4.185774	1.8899021
4490992	4034	4.323502	1.5961194
4490992	4035	4.1444783	1.9103584
4490992	4036	4.2825637	1.6949391
4490992	4037	4.116707	1.9263093
4490992	4038	4.2436805	1.5284736
4490992	4039	4.077392	1.9912701
4490992	4040	4.1895013	1.5528097
4490992	4041	4.014152	2.0231495
4490992	4042	4.1222982	1.5915098
4490992	4043	3.9583101	2.05719
4490992	4044	4.068444	1.6316998
4490992	4045	3.9153075	2.0864184
4490992	4046	4.0285997	1.6650512
4490992	4047	3.8849926	2.108643
4490992	4048	3.999992	1.6926363
4490992	4049	3.8639517	2.1259043
4490992	4050	3.9837713	1.7080629
4490992	4051	3.852838	2.1363661
4490992	4052	3.9696198	1.7253959
4490992	4053	3.8407722	2.1473691
4490992	4054	3.9556713	1.7425675
4490992	4055	3.8310533	2.1576324
4490992	4056	4.1423726	1.7454283
4490992	4057	4.139252	1.735461
4490992	4058	4.343754	1.3405135
4490992	4059	4.3531113	1.319365
4490992	4060	4.6623015	1.0424292
4490992	4061	4.691335	0.94386494
4490992	4062	4.2710586	1.6730328
4490992	4063	4.3331313	1.7783928
4490992	4064	4.944953	0.8225626
4490992	4065	5.2742624	0.33707365
4490992	4066	5.2870336	0.3691254
4490992	4067	3.51689	0.46399614
4490992	4068	3.3697958	0.33529755
4490992	4069	3.1321392	0.83038306
4490992	4070	3.3986712	0.34154287
4490992	4071	3.403377	0.3657808
4490992	4072	3.6087866	0.1609219
4490992	4073	3.5306463	0.29078886
4490992	4074	3.1085386	1.286286
4490992	4075	2.826099	1.6983376
4490992	4076	2.7535782	1.7899485
4490992	4077	2.6865191	1.9351392
4490992	4078	2.8180084	1.7531292
4490992	4079	2.824201	1.9085
4490992	4080	2.8163204	1.772924
4490992	4081	2.6879187	2.0412629
4490992	4082	2.7757945	1.8861179
4490992	4083	2.7635355	1.8385515
4490992	4084	2.963469	1.638794
4490992	4085	3.0897102	1.2021009
4490992	4086	3.2485476	1.5035727
4490992	4087	3.3277965	1.1505244
4490992	4088	3.2179232	1.5535645
4490992	4089	3.1421328	1.4075917
4490992	4090	3.8300233	0.3043765
4490992	4091	3.9355679	0.1231834
4490992	4092	3.9084034	0.23990038
4490992	4093	3.964198	-0.113134205
4490992	4094	3.9759722	0.006844878
4490992	4095	3.8211846	0.22501096
4490992	4096	3.8337083	-0.20129082
4490992	4097	1.769723	0.21758476
4490992	4098	0.59386826	1.3854426
4490992	4099	1.2549398	0.57029676
4490992	4100	1.1130735	1.9639735
4490992	4101	2.768484	2.3712492
4490992	4102	2.968018	2.4514213
4490992	4103	3.2097492	2.2133894
4490992	4104	3.4369607	2.1392722
4490992	4105	3.6874256	1.8232298
4490992	4106	3.5133514	2.1492054
4490992	4107	3.3401651	2.1882246
4490992	4108	3.2023325	2.4841385
4490992	4109	3.2405329	2.3962955
4490992	4110	3.2814069	2.4302952
4490992	4111	3.309269	2.4248128
4490992	4112	3.1812887	2.4619827
4490992	4113	3.1261902	2.6587646
4490992	4114	3.2188005	2.5327878
4490992	4115	3.108652	2.6542504
4490992	4116	2.5834975	1.1448656
4490992	4117	2.3454933	1.6950004
4490992	4118	2.4168792	1.9718156
4490992	4119	2.4915266	1.8076863
4490992	4120	2.7721772	1.6823199
4490992	4121	3.0921135	1.3479978
4490992	4122	2.9100552	1.4780962
4490992	4123	3.0063558	1.6112092
4490992	4124	2.9019074	1.4022743
4490992	4125	2.7017808	1.7851577
4490992	4126	2.3065276	2.2989986
4490992	4127	3.106523	1.3796608
4490992	4128	2.904008	1.5259092
4490992	4129	3.022653	1.4769114
4490992	4130	2.8798642	1.4759424
4490992	4131	2.9907594	1.4790925
4490992	4132	2.8836079	1.4212546
4490992	4133	3.0480928	1.390776
4490992	4134	2.7533007	1.758878
4490992	4135	3.2445278	0.71726155
4490992	4136	2.7385254	1.7201331
4490992	4137	2.6725473	1.973371
4490992	4138	2.744781	1.5230715
4490992	4139	3.002287	2.6065223
4490992	4140	3.3194718	2.2598479
4490992	4141	3.424924	2.180749
4490992	4142	3.4983983	2.0544457
4490992	4143	3.661306	2.10589
4490992	4144	3.6622663	1.9545527
4490992	4145	3.9853067	1.340933
4490992	4146	4.010638	1.4939922
4490992	4147	3.8811436	1.6083355
4490992	4148	3.9420242	1.6269591
4490992	4149	3.9082608	1.6403918
4490992	4150	4.0689025	1.5178645
4490992	4151	3.941299	1.6373844
4490992	4152	3.5745974	2.0055883
4490992	4153	3.5962687	1.7020292
4490992	4154	3.7115192	1.807095
4490992	4155	3.8208847	1.3939012
4490992	4156	4.3779345	0.99073505
4490992	4157	4.0657864	1.4080862
4490992	4158	4.1804137	1.2456572
4490992	4159	4.5425534	0.8830925
4490992	4160	4.518559	0.55473864
4490992	4161	4.858783	0.35460564
4490992	4162	5.1049914	0.06385335
4490992	4163	5.099493	0.020625263
4490992	4164	5.13898	-0.06540182
4490992	4165	5.1775517	-0.1287584
4490992	4166	5.3096404	-0.22818856
4490992	4167	4.9958735	5.146861e-05
4490992	4168	4.9771395	0.07799587
4490992	4169	4.8020105	0.20753637
4490992	4170	4.9891567	-0.0003013909
4490992	4171	4.6540475	-2.1509712
4490992	4172	3.4660368	-1.8701798
4490992	4173	3.1908674	-1.7994981
4490992	4174	3.756764	-1.4583338
4490992	4175	3.8352628	-1.640527
4490992	4176	3.6476264	-1.5971876
4490992	4177	3.855864	-1.7044916
4490992	4178	4.7140408	-0.86362195
4490992	4179	4.776758	-0.9189872
4490992	4180	4.852701	-0.98162353
4490992	4181	4.9441442	-1.0082926
4490992	4182	4.70048	-0.84280825
4490992	4183	4.542655	-0.72396624
4490992	4184	4.6234527	-0.7446983
4490992	4185	4.6670547	-0.81605005
4490992	4186	4.647555	-0.83243835
4490992	4187	4.6141567	-0.72846735
4490992	4188	4.571592	-0.70688915
4490992	4189	4.359961	0.48726198
4490992	4190	2.9997635	-0.25222385
4490992	4191	3.004693	0.077097625
4490992	4192	3.1344166	0.034038275
4490992	4193	3.5488486	0.0021905005
4490992	4194	3.3478904	-0.16837615
4490992	4195	1.5507103	1.0530131
4490992	4196	0.56385577	0.95629406
4490992	4197	1.4635637	1.6572309
4490992	4198	3.6403928	0.68610096
4490992	4199	2.7784033	2.0428808
4490992	4200	4.020543	0.6209849
4490992	4201	3.630302	1.5141299
4490992	4202	3.4690223	1.5221744
4490992	4203	3.4455905	1.6355836
4490992	4204	3.385707	1.7832482
4490992	4205	3.4123573	1.6955905
4490992	4206	3.4146295	1.8095939
4490992	4207	3.6212187	1.6585793
4490992	4208	3.6991706	1.5073156
4490992	4209	3.3040938	2.003938
4490992	4210	2.433691	0.5717499
4490992	4211	2.3344607	0.602767
4490992	4212	2.278882	0.6771978
4490992	4213	2.215324	1.0580523
4490992	4214	2.3528976	0.8920951
4490992	4215	2.1210794	0.8853061
4490992	4216	2.5117712	0.79759
4490992	4217	2.2503757	0.8406253
4490992	4218	2.6739993	0.8346424
4490992	4219	2.3713536	0.80500317
4490992	4220	2.5457053	0.88935983
4490992	4221	2.9120097	0.8523685
4490992	4222	2.701367	0.6358876
4490992	4223	2.4699087	0.8304671
4490992	4224	2.6690512	0.7773739
4490992	4225	3.0302715	0.735855
4490992	4226	2.7934208	0.76942706
4490992	4227	2.7130847	1.4076829
4490992	4228	3.340106	1.5339638
4490992	4229	2.9818501	1.8583515
4490992	4230	3.091886	1.6897261
4490992	4231	2.7470775	2.4680252
4490992	4232	2.6930861	2.4229064
4490992	4233	2.7838192	2.6877434
4490992	4234	2.7334752	2.7065191
4490992	4235	2.4519053	3.0392737
4490992	4236	2.3044724	2.8622181
4490992	4237	2.5935946	2.8508904
4490992	4238	2.7626295	2.8051453
4490992	4239	2.5926762	2.760087
4490992	4240	2.723456	2.820028
4490992	4241	2.4902568	3.1266096
4490992	4242	2.5160308	2.832408
4490992	4243	2.6524382	2.9461095
4490992	4244	2.7341642	2.920955
4490992	4245	2.4309583	2.7560458
4490992	4246	2.5860305	2.811498
4490992	4247	2.4610467	2.841628
4490992	4248	2.4491844	2.8372068
4490992	4249	2.7101588	2.8280492
4490992	4250	3.3415542	1.4851598
4490992	4251	3.7735376	1.5797021
4490992	4252	3.190187	2.2342224
4490992	4253	3.4846458	1.5203223
4490992	4254	3.6924472	1.2229676
4490992	4255	3.686854	1.5448604
4490992	4256	3.637536	1.772856
4490992	4257	3.3292804	1.547766
4490992	4258	3.3242965	1.8918755
4490992	4259	3.7282581	1.6210916
4490992	4260	3.9598603	1.4553347
4490992	4261	3.8984413	1.7302892
4490992	4262	4.3811054	1.1335436
4490992	4263	4.669723	0.56700635
4490992	4264	4.768698	0.56416667
4490992	4265	4.9466476	0.4942501
4490992	4266	5.2478833	0.20001677
4490992	4267	3.8422775	1.4519857
4490992	4268	4.43263	0.79243803
4490992	4269	3.917354	1.6038063
4490992	4270	3.157477	2.4141665
4490992	4271	2.7095647	3.1453037
4490992	4272	2.551352	3.1899486
4490992	4273	2.8155508	2.6625733
4490992	4274	2.9384727	3.077774
4490992	4275	2.6012907	3.0718415
4490992	4276	2.6231122	2.916549
4490992	4277	3.03127	2.9729238
4490992	4278	2.7597103	3.0319898
4490992	4279	2.8098679	3.1071746
4490992	4280	3.1958299	2.7440214
4490992	4281	2.8392506	3.2541676
4490992	4282	2.66827	3.1106598
4490992	4283	2.7222576	2.859999
4490992	4284	2.738762	2.7077749
4490992	4285	2.8870459	3.0206172
4490992	4286	3.205718	2.5313597
4490992	4287	2.9546456	2.4588041
4490992	4288	3.545529	2.4873781
4490992	4289	3.357121	2.124957
4490992	4290	3.7410617	2.2221966
4490992	4291	3.9530416	2.058779
4490992	4292	5.51915	0.2643983
4490992	4293	5.4220395	0.5899904
4490992	4294	5.510255	0.42424116
4490992	4295	5.6071634	0.3399491
4490992	4296	6.2230535	-0.30079883
4490992	4297	5.8442936	-0.08063352
4490992	4298	5.759039	-0.15088046
4490992	4299	5.7000775	-0.015604526
4490992	4300	5.6325455	0.008268267
4490992	4301	5.595408	0.059701115
4490992	4302	5.399962	0.19267282
4490992	4303	5.5455556	0.20858654
4490992	4304	5.6885486	0.0041517913
4490992	4305	5.6716533	-0.056276143
4490992	4306	5.6739445	0.08915207
4490992	4307	5.4916835	0.058482856
4490992	4308	5.635342	-0.042117506
4490992	4309	5.602667	0.028321981
4490992	4310	5.6025734	-0.008676112
4490992	4311	5.541137	0.111056834
4490992	4312	5.5593553	0.047172517
4490992	4313	5.756122	-0.1493204
4490992	4314	5.8978004	-0.29762605
4490992	4315	6.1058598	-0.9134413
4490992	4316	6.058396	-0.8582643
4490992	4317	6.0485606	-1.024262
4490992	4318	5.930837	-0.9241769
4490992	4319	5.919452	-0.99181306
4490992	4320	5.8894305	-0.95711863
4490992	4321	5.890547	-0.98916376
4490992	4322	6.0247135	-1.1147859
4490992	4323	5.9050694	-0.85551
4490992	4324	6.124862	-1.1317703
4490992	4325	6.0622783	-1.1079463
4490992	4326	5.9908056	-1.1063764
4490992	4327	6.0001464	-1.1306765
4490992	4328	5.9833736	-1.1214793
4490992	4329	6.0023913	-1.1506836
4490992	4330	6.4599504	-1.575959
4490992	4331	5.785289	-2.787963
4490992	4332	6.076363	-2.9345136
4490992	4333	5.2416716	-3.0412726
4490992	4334	5.455972	-3.2532687
4490992	4335	4.5439854	-2.6262121
4490992	4336	5.0668135	-2.38782
4490992	4337	4.7596617	-2.391623
4490992	4338	4.707608	-2.3252208
4490992	4339	4.3309236	-2.0740874
4490992	4340	4.261274	-2.0612853
4490992	4341	4.6492825	-2.3264024
4490992	4342	5.100306	-2.4910266
4490992	4343	4.957424	-2.50506
4490992	4344	4.8642063	-2.509267
4490992	4345	5.028208	-2.484721
4490992	4346	4.850373	-1.4546388
4490992	4347	5.7145534	-2.0032399
4490992	4348	5.033681	-1.5912936
4490992	4349	4.861695	-1.6717341
4490992	4350	4.9549704	-1.7726696
4490992	4351	4.8331413	-1.7167265
4490992	4352	5.1260586	-1.9221519
4490992	4353	5.06184	-1.940949
4490992	4354	5.0088844	-1.9073913
4490992	4355	4.7478495	-0.7849301
4490992	4356	5.2881937	-1.0243863
4490992	4357	5.001479	-0.9541333
4490992	4358	5.216542	-1.0474755
4490992	4359	5.219029	-1.0767982
4490992	4360	5.20922	-1.0379213
4490992	4361	5.084877	-0.9070966
4490992	4362	3.3301892	0.4551505
4490992	4363	3.1047091	0.9410491
4490992	4364	3.1675224	1.0046585
4490992	4365	-1.222226	1.4761302
4490992	4366	-0.12792462	0.053213984
4490992	4367	0.36011016	0.46394303
4490992	4368	1.3618466	0.46490678
4490992	4369	1.4136127	0.28867325
4490992	4370	1.8854576	-0.24818249
4490992	4371	2.0805898	-0.25312456
4490992	4372	2.810162	-0.6551515
4490992	4373	2.6243834	1.2074162
4490992	4374	3.2691898	0.39701393
4490992	4375	3.551702	0.37012276
4490992	4376	4.408159	-0.24939486
4490992	4377	4.6110415	-0.45473453
4490992	4378	4.9321766	-0.6313815
4490992	4379	4.2137876	0.06543997
4490992	4380	2.9265523	1.3410934
4490992	4381	2.3324094	2.0092914
4490992	4382	1.5663465	2.7273552
4490992	4383	2.3682423	1.6913967
4490992	4384	2.5776005	1.5654061
4490992	4385	2.5611076	1.2151072
4490992	4386	2.406753	1.5452275
4490992	4387	2.235219	1.91682
4490992	4388	2.3214908	1.9945798
4490992	4389	2.2856874	2.124621
4490992	4390	0.15204698	1.4778844
4490992	4391	0.8428031	-0.1908488
4490992	4392	2.3571453	-0.045888036
4490992	4393	2.001649	1.9368672
4490992	4394	2.672964	1.386111
4490992	4395	2.8545299	1.1632491
4490992	4396	2.2720327	1.873292
4490992	4397	3.1996613	0.9077339
4490992	4398	3.487342	0.7979722
4490992	4399	2.7434692	1.4725847
4490992	4400	1.9278227	0.3111767
4490992	4401	0.82209814	0.21770456
4490992	4402	1.0411658	0.60003877
4490992	4403	0.9867718	1.956459
4490992	4404	2.5588727	1.7211833
4490992	4405	3.003172	1.387339
4490992	4406	3.140563	1.5024474
4490992	4407	3.2628632	1.2234694
4490992	4408	3.1952038	1.2660673
4490992	4409	3.180862	1.1496696
4490992	4410	3.521811	0.8508221
4490992	4411	2.836524	1.5707119
4490992	4412	3.0215507	1.3961571
4490992	4413	2.8509464	1.5975788
4490992	4414	2.9432774	1.5514603
4490992	4415	3.1744595	1.3428043
4490992	4416	2.9576526	1.6061158
4490992	4417	3.3033118	0.9299753
4490992	4418	3.332178	1.1441649
4490992	4419	3.7899818	2.0503476
4490992	4420	4.184723	1.5578847
4490992	4421	4.282095	1.5518401
4490992	4422	4.237711	1.5310191
4490992	4423	3.9736705	1.8744829
4490992	4424	3.7739825	2.0989175
4490992	4425	3.6571012	2.1596267
4490992	4426	3.4761057	2.4783654
4490992	4427	3.5594072	2.3892539
4490992	4428	3.2866354	0.53464186
4490992	4429	3.2722168	0.44278058
4490992	4430	3.5812263	0.5181048
4490992	4431	3.4952316	0.59777606
4490992	4432	3.601818	0.6258923
4490992	4433	3.5840073	0.5958315
4490992	4434	3.2762136	1.1090915
4490992	4435	2.4858265	2.1065538
4490992	4436	2.4535685	2.050535
4490992	4437	2.794054	1.6160283
4490992	4438	2.835723	1.5800185
4490992	4439	3.032175	1.2753669
4490992	4440	2.910314	1.2882595
4490992	4441	3.3095055	1.0236856
4490992	4442	3.3322139	0.95312536
4490992	4443	3.2745261	0.98513854
4490992	4444	3.3673453	0.87992644
4490992	4445	3.7840247	0.5026188
4490992	4446	3.4005466	1.7943342
4490992	4447	3.6297212	2.086447
4490992	4448	3.627078	1.9287035
4490992	4449	4.379408	1.0701329
4490992	4450	4.46304	1.0730195
4490992	4451	4.5070953	0.9688748
4490992	4452	4.4658113	0.9513676
4490992	4453	4.3812137	0.9937533
4490992	4454	4.5537767	0.7494246
4490992	4455	4.5449033	0.7553171
4490992	4456	4.3919816	0.9299917
4490992	4457	4.2116866	1.1994311
4490992	4458	4.038505	1.3091532
4490992	4459	4.2806025	1.0901686
4490992	4460	4.4569755	0.86805856
4490992	4461	4.6180816	0.6422776
4490992	4462	4.5909004	0.7359859
4490992	4463	5.0518765	0.19246027
4490992	4464	4.893172	0.3258871
4490992	4465	4.425921	1.008428
4490992	4466	4.415916	1.2526059
4490992	4467	4.526572	0.98541975
4490992	4468	4.1489444	1.7630897
4490992	4469	4.1345553	1.9435253
4490992	4470	4.1319904	1.9677048
4490992	4471	4.085074	2.1408205
4490992	4472	3.9727693	2.3803983
4490992	4473	3.7567945	2.266863
4490992	4474	3.7481484	2.661136
4490992	4475	3.62637	2.8441577
4490992	4476	3.433351	2.8908617
4490992	4477	3.4977832	3.050954
4490992	4478	3.6493392	2.9182858
4490992	4479	3.6081529	3.0079288
4490992	4480	3.7348595	2.8854835
4490992	4481	3.9530973	2.369688
4490992	4482	3.716744	2.8276103
4490992	4483	3.6971273	2.8068848
4490992	4484	3.7761703	2.8684216
4490992	4485	3.4725175	3.0848637
4490992	4486	3.5847511	2.7667024
4490992	4487	3.5884728	3.1254373
4490992	4488	3.2379751	3.3277993
4490992	4489	2.7267952	3.687548
4490992	4490	3.0451865	3.291339
4490992	4491	3.0944152	3.6599805
4490992	4492	2.988421	3.5223203
4490992	4493	3.1754212	3.5948007
4490992	4494	3.2063766	3.063885
4490992	4495	3.3278666	3.1000526
4490992	4496	3.3296013	3.1915057
4490992	4497	3.3910694	3.1101227
4490992	4498	3.0839138	3.6684577
4490992	4499	2.8517504	3.695279
4490992	4500	3.1418319	3.33025
4490992	4501	3.0235329	3.3831048
4490992	4502	3.011568	3.4853587
4490992	4503	2.7728581	3.7165415
4490992	4504	3.0643463	3.1165557
4490992	4505	3.1973782	3.5600927
4490992	4506	3.3157396	3.4259179
4490992	4507	3.0435228	3.511058
4490992	4508	3.3035188	3.0550928
4490992	4509	3.382224	3.4928224
4490992	4510	3.1886892	3.2294009
4490992	4511	3.0802116	3.5722616
4490992	4512	3.3495808	3.4998958
4490992	4513	3.5542116	3.326922
4490992	4514	3.6577287	3.2553263
4490992	4515	3.5528622	3.014923
4490992	4516	3.827228	3.0875142
4490992	4517	4.0150995	2.7910008
4490992	4518	4.0673747	2.8333395
4490992	4519	4.006413	2.9598172
4490992	4520	4.00318	3.0294187
4490992	4521	3.7797737	2.9471202
4490992	4522	3.719689	3.1115448
4490992	4523	3.8335834	3.1161907
4490992	4524	3.6366673	3.0922878
4490992	4525	3.6846719	3.4082613
4490992	4526	3.694808	3.4021842
4490992	4527	3.623536	3.5025096
4490992	4528	3.667522	3.5896032
4490992	4529	3.9277916	2.9042208
4490992	4530	3.7917714	3.3939254
4490992	4531	3.8611183	3.3271542
4490992	4532	3.788055	3.411983
4490992	4533	3.8232808	3.4842658
4490992	4534	3.8146582	3.4923475
4490992	4535	3.424017	3.8565814
4490992	4536	3.205193	3.8634489
4490992	4537	3.2064676	3.7918284
4490992	4538	3.4414434	3.412545
4490992	4539	3.4884648	3.7613733
4490992	4540	3.3296537	3.5909927
4490992	4541	3.104845	4.121347
4490992	4542	2.6991673	4.5260677
4490992	4543	2.7499108	4.3049135
4490992	4544	3.1713529	4.2385283
4490992	4545	3.1130733	4.0111175
4490992	4546	3.3028197	4.087682
4490992	4547	3.5556917	3.8242114
4490992	4548	3.5616813	3.8544028
4490992	4549	3.525597	3.873337
4490992	4550	3.652193	3.838402
4490992	4551	3.744019	3.6929452
4490992	4552	4.0002313	3.360519
4490992	4553	4.0312576	3.08593
4490992	4554	4.1574764	3.0766392
4490992	4555	4.2343807	2.8946874
4490992	4556	4.2214456	2.9466114
4490992	4557	3.6432452	3.4883392
4490992	4558	3.6329226	3.1910005
4490992	4559	3.63061	3.3954437
4490992	4560	3.7579002	3.3642304
4490992	4561	3.5977106	3.3962348
4490992	4562	3.6635537	3.5409057
4490992	4563	3.4944887	3.4391716
4490992	4564	3.6539521	3.6078632
4490992	4565	3.5579796	3.3565664
4490992	4566	3.5679994	3.5178165
4490992	4567	3.6707582	3.5697243
4490992	4568	3.7133641	3.5914772
4490992	4569	3.5540495	3.5456598
4490992	4570	3.7592568	3.5457718
4490992	4571	3.6873856	3.670256
4490992	4572	3.9145765	3.3800707
4490992	4573	3.8601136	3.4368303
4490992	4574	3.9766293	3.3457618
4490992	4575	3.842214	3.5120552
4490992	4576	3.9516711	3.2306283
4490992	4577	4.0147986	3.4909842
4490992	4578	4.1999426	3.0173156
4490992	4579	4.1652594	2.8553064
4490992	4580	4.049438	2.98771
4490992	4581	3.9546576	3.061402
4490992	4582	3.9322944	3.0708077
4490992	4583	3.8975172	3.1017184
4490992	4584	3.8692894	3.1393003
4490992	4585	3.982913	3.2174437
4490992	4586	3.9411278	2.9966986
4490992	4587	3.88871	3.1892831
4490992	4588	3.8363976	3.1875598
4490992	4589	3.8036985	3.2726974
4490992	4590	3.7711425	3.2849183
4490992	4591	3.7513642	3.3335435
4490992	4592	3.7345243	3.3536215
4490992	4593	3.7193565	3.3826206
4490992	4594	3.707141	3.3988917
4490992	4595	3.6992788	3.4198534
4490992	4596	3.6919374	3.4357917
4490992	4597	3.6873674	3.4507349
4490992	4598	3.682622	3.4643347
4490992	4599	3.679389	3.4756107
4490992	4600	3.67587	3.4878097
4490992	4601	3.6781025	3.5004587
4490992	4602	3.6738038	3.510435
4490992	4603	3.671259	3.5151477
4490992	4604	3.6684308	3.525228
4490992	4605	3.6661572	3.5314882
4490992	4606	3.6640873	3.5406773
4490992	4607	3.6625314	3.5461485
4490992	4608	3.66049	3.5546606
4490992	4609	3.6592479	3.5597537
4490992	4610	3.6574602	3.5673864
4490992	4611	3.660561	3.575349
4490992	4612	3.6601968	3.5859315
4490992	4613	3.661788	3.58977
4490992	4614	3.6706777	3.5878308
4490992	4615	3.8619127	3.390158
4490992	4616	3.887179	3.1498275
4490992	4617	3.9531717	3.2650652
4490992	4618	4.095574	2.9573786
4490992	4619	4.0868983	3.0591516
4490992	4620	3.9702005	2.914319
4490992	4621	4.076955	3.069932
4490992	4622	4.011674	2.823688
4490992	4623	3.9607153	3.2453558
4490992	4624	3.8354998	3.000263
4490992	4625	4.0595794	3.0638514
4490992	4626	4.0327387	2.6894722
4490992	4627	4.15635	2.8957932
4490992	4628	4.0949135	2.6137233
4490992	4629	4.208876	2.8104572
4490992	4630	4.223013	2.8016355
4490992	4631	4.313959	2.6677165
4490992	4632	4.096427	3.0332649
4490992	4633	3.9187121	2.9993293
4490992	4634	3.861548	2.8853152
4490992	4635	3.8102393	2.9820664
4490992	4636	3.8293734	3.384451
4490992	4637	3.86629	3.3141077
4490992	4638	3.881741	3.4714477
4490992	4639	3.8480244	3.553733
4490992	4640	3.6768346	3.3611631
4490992	4641	3.535141	3.6089642
4490992	4642	3.407486	3.7519753
4490992	4643	3.4069262	3.7256396
4490992	4644	3.2693615	3.1002507
4490992	4645	3.2563715	3.440087
4490992	4646	3.7591863	2.8966148
4490992	4647	3.634653	3.1487174
4490992	4648	3.5433898	3.3582928
4490992	4649	3.7163901	3.4226818
4490992	4650	3.7881427	3.2887025
4490992	4651	3.824379	3.4881053
4490992	4652	3.9288917	2.9317265
4490992	4653	3.868977	2.808204
4490992	4654	3.7886958	2.8947685
4490992	4655	3.7809715	2.9663708
4490992	4656	3.738595	3.4351027
4490992	4657	3.5419798	3.313643
4490992	4658	3.6678805	3.6350825
4490992	4659	3.5294056	3.342599
4490992	4660	3.7356005	3.5908053
4490992	4661	3.9294605	3.2138243
4490992	4662	3.842115	3.0528638
4490992	4663	3.654951	3.4900696
4490992	4664	3.180695	3.5419157
4490992	4665	3.414722	3.523836
4490992	4666	3.7855368	3.3802812
4490992	4667	4.0286875	2.987534
4490992	4668	3.9581442	2.9294682
4490992	4669	3.85041	3.375325
4490992	4670	4.082269	2.7791762
4490992	4671	3.873077	3.199666
4490992	4672	3.5857368	3.4731445
4490992	4673	3.1356592	3.542268
4490992	4674	3.4059615	3.215666
4490992	4675	3.448504	3.1962905
4490992	4676	3.986693	2.703032
4490992	4677	4.011629	2.712651
4490992	4678	4.0363398	2.7738276
4490992	4679	4.166831	2.522358
4490992	4680	4.125592	2.3968463
4490992	4681	4.06615	2.4690332
4490992	4682	4.0326533	2.4664085
4490992	4683	4.016751	2.459301
4490992	4684	3.99431	2.4514425
4490992	4685	3.9864783	2.453995
4490992	4686	3.9705968	2.4583564
4490992	4687	3.964559	2.4652252
4490992	4688	4.05354	2.6290772
4490992	4689	4.2558284	2.3652437
4490992	4690	4.3236427	2.0328116
4490992	4691	4.3164673	2.4868352
4490992	4692	4.473153	2.1089659
4490992	4693	4.559198	2.0234356
4490992	4694	4.638272	1.9289668
4490992	4695	4.316867	2.2271054
4490992	4696	4.2541933	1.9776137
4490992	4697	4.343344	1.9707916
4490992	4698	4.206506	2.057149
4490992	4699	4.1722927	1.7457988
4490992	4700	4.293799	1.6979651
4490992	4701	4.8058014	1.1892782
4490992	4702	4.327935	1.6774232
4490992	4703	4.5480795	1.4290514
4490992	4704	4.598334	1.6253166
4490992	4705	4.2917976	1.7955158
4490992	4706	4.1844835	1.6960015
4490992	4707	4.2171254	1.923634
4490992	4708	4.276054	2.1199899
4490992	4709	4.27673	2.3948488
4490992	4710	4.1441054	2.3380315
4490992	4711	4.0555224	2.7648096
4490992	4712	4.3089185	2.225871
4490992	4713	4.4091196	2.1627033
4490992	4714	4.2939095	2.06301
4490992	4715	4.2692122	2.3003242
4490992	4716	4.349374	2.3880382
4490992	4717	4.405106	2.43808
4490992	4718	4.5772142	2.1766744
4490992	4719	4.5246677	2.066328
4490992	4720	4.2484317	2.477788
4490992	4721	4.926952	1.4799773
4490992	4722	5.2597322	0.97230124
4490992	4723	5.756341	0.21058139
4490992	4724	5.5763645	0.08784005
4490992	4725	5.524017	0.13537249
4490992	4726	5.366138	0.34311828
4490992	4727	5.1771703	0.4001163
4490992	4728	4.64992	0.53135943
4490992	4729	3.6520033	0.74301255
4490992	4730	3.3141289	0.54161584
4490992	4731	3.7829275	2.2561786
4490992	4732	3.7843227	2.0122085
4490992	4733	3.7863107	2.153018
4490992	4734	3.4408875	2.2764642
4490992	4735	3.3775306	0.5123242
4490992	4736	2.9209356	1.1280068
4490992	4737	3.3717642	0.9905069
4490992	4738	3.4355164	1.1635754
4490992	4739	3.8529892	1.7916641
4490992	4740	4.1077275	1.982563
4490992	4741	4.0305552	2.1149573
4490992	4742	4.239976	2.0644593
4490992	4743	4.3405585	2.0542855
4490992	4744	4.303993	2.0166645
4490992	4745	4.244839	1.9227152
4490992	4746	4.1987762	2.102881
4490992	4747	4.3182144	2.041863
4490992	4748	4.361436	2.0317218
4490992	4749	4.4170465	1.9248788
4490992	4750	4.4149327	1.9734883
4490992	4751	4.4333806	1.9799771
4490992	4752	4.4249134	2.000432
4490992	4753	4.5192413	1.8171988
4490992	4754	4.4445496	1.6524079
4490992	4755	3.3242183	0.9754454
4490992	4756	3.3847117	1.0268753
4490992	4757	3.4930196	0.8788427
4490992	4758	3.426896	1.0795048
4490992	4759	3.352128	1.2972441
4490992	4760	3.4504452	1.1065805
4490992	4761	2.8571367	1.7947762
4490992	4762	3.636734	2.1215858
4490992	4763	3.8141985	2.32254
4490992	4764	4.0638776	2.200882
4490992	4765	4.2123847	2.1987143
4490992	4766	4.1452208	2.2055225
4490992	4767	4.5419536	1.5833602
4490992	4768	4.2320848	1.8381102
4490992	4769	4.394169	1.82849
4490992	4770	4.359544	1.8465447
4490992	4771	3.14953	0.9406048
4490992	4772	3.2757235	0.92934227
4490992	4773	3.440373	0.8839737
4490992	4774	3.3621922	0.85270596
4490992	4775	3.3479452	0.9925325
4490992	4776	3.3692546	0.8313639
4490992	4777	2.7501063	1.4723483
4490992	4778	3.2608957	1.222687
4490992	4779	3.3872223	1.0386771
4490992	4780	1.9826924	0.7290747
4490992	4781	2.181264	1.2226208
4490992	4782	1.0991374	2.0144641
4490992	4783	1.1604614	1.5194052
4490992	4784	1.2094449	1.2566062
4490992	4785	1.219756	2.4496498
4490992	4786	1.2902147	2.5983374
4490992	4787	1.27814	2.5043485
4490992	4788	1.2549022	2.581708
4490992	4789	1.0803444	3.0785015
4490992	4790	1.4713657	1.9959104
4490992	4791	2.4968705	2.7801042
4490992	4792	1.6709605	3.4465687
4490992	4793	0.55406964	3.2618666
4490992	4794	1.0038238	3.0081396
4490992	4795	1.2388698	2.711197
4490992	4796	1.6618587	2.058618
4490992	4797	3.055552	1.8459632
4490992	4798	0.36507225	2.983873
4490992	4799	1.1151817	2.8190866
4490992	4800	1.433917	2.3024385
4490992	4801	1.5853709	2.1411195
4490992	4802	1.6360055	2.0989897
4490992	4803	1.645753	2.0935152
4490992	4804	1.6878673	2.0367959
4490992	4805	1.3430313	2.434004
4490992	4806	1.6176687	2.0561678
4490992	4807	2.5934658	2.6543643
4490992	4808	2.7364693	2.602858
4490992	4809	0.7364342	2.6886113
4490992	4810	1.9413799	1.5845835
4490992	4811	2.2065525	1.22114
4490992	4812	2.266973	1.3534559
4490992	4813	1.9175466	1.6198785
4490992	4814	2.107983	1.457431
4490992	4815	1.4499081	2.180394
4490992	4816	1.4807956	2.2513113
4490992	4817	2.445094	1.4302038
4490992	4818	2.3731184	1.6812472
4490992	4819	2.9786038	1.3323387
4490992	4820	2.0074673	2.4544702
4490992	4821	2.1796737	2.4771245
4490992	4822	2.4216986	2.3315942
4490992	4823	2.5239062	2.3664997
4490992	4824	2.4806647	2.4547832
4490992	4825	2.3852472	2.5291185
4490992	4826	2.3877954	2.568408
4490992	4827	2.0545669	1.976764
4490992	4828	1.9567033	1.7301366
4490992	4829	2.3890018	1.3764383
4490992	4830	-0.18270403	2.7005255
4490992	4831	-0.5715447	1.0794523
4490992	4832	-1.698504	0.9544318
4490992	4833	-0.90186024	1.5743163
4490992	4834	-0.50636554	1.0848796
4490992	4835	-0.78750783	1.0689012
4490992	4836	-2.3356915	4.1536207
4490992	4837	-2.2379096	5.0036135
4490992	4838	-2.4958642	5.363105
4490992	4839	-2.9445853	4.8636255
4490992	4840	-3.0713115	4.760668
4490992	4841	-3.0500875	4.928967
4490992	4842	-2.9668484	5.635353
4490992	4843	-2.989881	5.3289366
4490992	4844	-3.474275	4.769138
4490992	4845	-3.3449621	4.771048
4490992	4846	-2.6650834	5.198572
4490992	4847	-1.7698605	4.0538545
4490992	4848	-1.9474988	4.1032495
4490992	4849	-2.077693	4.1522427
4490992	4850	-2.1465273	4.388363
4490992	4851	-1.5298163	5.4022956
4490992	4852	-1.6695939	4.9927497
4490992	4853	-0.7328913	3.6550376
4490992	4854	-1.1788335	1.1123217
4490992	4855	-0.45720372	2.60194
4490992	4856	-0.8000594	3.1121895
4490992	4857	0.39568502	0.6429179
4490992	4858	1.5759243	1.6123712
4490992	4859	1.4072393	2.5004492
4490992	4860	-0.45189497	3.8231828
4490992	4861	-1.2457914	3.8439896
4490992	4862	-1.2644961	4.288569
4490992	4863	-1.2922246	4.295999
4490992	4864	-1.0686089	2.0019708
4490992	4865	0.037039936	1.2493503
4490992	4866	-0.5052809	3.2447443
4490992	4867	1.1636411	2.3765757
4490992	4868	2.0923223	2.2994742
4490992	4869	0.4903468	3.82559
4490992	4870	1.1598967	3.947993
4490992	4871	1.4473395	3.5452845
4490992	4872	0.17864525	3.713093
4490992	4873	-0.62412393	4.729874
4490992	4874	-1.0382038	5.302108
4490992	4875	-1.0937623	5.501004
4490992	4876	-1.0055087	5.503596
4490992	4877	-0.79472494	2.7190049
4490992	4878	-0.4608348	2.175441
4490992	4879	-0.775245	2.9010823
4490992	4880	-0.52713984	3.923823
4490992	4881	1.0782427	3.5860732
4490992	4882	0.32146418	2.2870324
4490992	4883	-0.06923112	2.16703
4490992	4884	-0.026679695	2.0311759
4490992	4885	0.18047059	1.6065426
4490992	4886	0.29520816	1.4711577
4490992	4887	0.21482468	1.6407723
4490992	4888	0.335015	1.4062364
4490992	4889	0.094133615	1.9334974
4490992	4890	-0.05145037	2.9736578
4490992	4891	-0.2632011	2.9675436
4490992	4892	-0.3508095	3.2203672
4490992	4893	0.8430991	2.0605543
4490992	4894	1.0691222	1.5258139
4490992	4895	1.3784484	1.5079831
4490992	4896	1.409763	1.6117735
4490992	4897	1.4634846	1.6810658
4490992	4898	1.1402379	0.56816757
4490992	4899	2.4955082	0.89524305
4490992	4900	2.1132388	1.0947641
4490992	4901	2.0326233	1.1542491
4490992	4902	1.9708844	1.2464199
4490992	4903	1.9258705	1.4268324
4490992	4904	1.6777729	0.6760634
4490992	4905	1.1369798	1.8099682
4490992	4906	1.3559717	1.6520901
4490992	4907	1.5169896	1.7885296
4490992	4908	1.71376	1.4736583
4490992	4909	3.3205037	1.6459739
4490992	4910	2.7591481	2.404895
4490992	4911	2.6076603	2.3736002
4490992	4912	2.4449925	2.571297
4490992	4913	2.1475778	0.918859
4490992	4914	2.358438	0.5368742
4490992	4915	2.3377714	0.7436861
4490992	4916	3.4035025	0.17712942
4490992	4917	3.8567314	-0.14216998
4490992	4918	3.6417131	0.08231458
4490992	4919	3.5438223	0.25226423
4490992	4920	3.4982314	0.19987872
4490992	4921	3.4195933	0.3258889
4490992	4922	3.3837457	0.31444046
4490992	4923	2.6234307	1.0108675
4490992	4924	1.916346	1.8914318
4490992	4925	1.542301	2.246867
4490992	4926	2.154727	2.8224297
4490992	4927	1.2207359	2.118315
4490992	4928	2.0275111	1.1832446
4490992	4929	2.7494807	0.86762524
4490992	4930	2.8415298	0.8488643
4490992	4931	2.7987456	1.085243
4490992	4932	2.7111673	1.2203805
4490992	4933	2.9532375	0.9273448
4490992	4934	1.4854958	0.8851955
4490992	4935	0.07022691	2.7556305
4490992	4936	0.9585854	2.0336246
4490992	4937	0.8368945	1.7300317
4490992	4938	2.143867	2.2016194
4490992	4939	2.1159925	2.4671893
4490992	4940	2.188477	2.1395576
4490992	4941	1.8507551	2.3568652
4490992	4942	1.8982397	2.2971084
4490992	4943	1.7606941	2.4100614
4490992	4944	1.8527216	2.6060011
4490992	4945	1.9909967	2.4117284
4490992	4946	2.252183	2.1000903
4490992	4947	2.4333906	2.0123117
4490992	4948	2.3383899	2.0168889
4490992	4949	3.5783815	0.4437863
4490992	4950	3.6721592	0.6255475
4490992	4951	3.9134164	0.38320604
4490992	4952	3.3630667	0.87198377
4490992	4953	3.0892515	1.0904856
4490992	4954	2.9245439	2.9045746
4490992	4955	3.0173817	2.7506652
4490992	4956	3.8111038	1.825573
4490992	4957	3.9732728	1.7430644
4490992	4958	4.2388463	1.2600572
4490992	4959	4.1847105	1.604804
4490992	4960	4.049275	1.6537268
4490992	4961	4.1110616	1.6461208
4490992	4962	3.9190335	1.888855
4490992	4963	3.7602444	1.8719456
4490992	4964	3.617066	2.4045799
4490992	4965	3.6744175	1.948122
4490992	4966	4.3533063	1.3885921
4490992	4967	4.1347175	1.6091919
4490992	4968	4.343523	1.5149776
4490992	4969	4.2853575	1.6208704
4490992	4970	3.9435592	1.9250622
4490992	4971	3.978263	2.0660596
4490992	4972	4.2222404	1.6819375
4490992	4973	4.250331	1.6977227
4490992	4974	4.360351	1.5560234
4490992	4975	4.0050793	2.0626655
4490992	4976	3.8001552	2.3473825
4490992	4977	4.355961	1.5578885
4490992	4978	4.185019	1.8855157
4490992	4979	4.433236	1.5062131
4490992	4980	4.4646482	1.3859049
4490992	4981	4.4126854	1.5365696
4490992	4982	4.098073	1.6284397
4490992	4983	4.3565497	1.5059763
4490992	4984	4.530403	1.2156934
4490992	4985	4.4021807	1.3685135
4490992	4986	4.5230694	1.4446378
4490992	4987	4.567192	1.3762444
4490992	4988	4.4693136	1.5592701
4490992	4989	4.5051723	1.4986115
4490992	4990	4.5653725	1.2457235
4490992	4991	4.619038	1.3678845
4490992	4992	4.918404	0.9095273
4490992	4993	4.171013	1.9853942
4490992	4994	3.3613	2.5234518
4490992	4995	2.9657865	3.3923728
4490992	4996	1.9642371	4.189009
4490992	4997	2.5010161	3.7778113
4490992	4998	2.8394322	3.8502405
4490992	4999	3.0681305	3.7879689
4490992	5000	3.015205	3.7292569
4490992	5001	3.1358013	3.6464436
4490992	5002	3.5980544	3.166548
4490992	5003	3.58884	3.4075303
4490992	5004	4.019422	2.732152
4490992	5005	4.2520556	2.7977688
4490992	5006	4.068329	2.7337155
4490992	5007	4.139363	2.9214249
4490992	5008	3.9560008	3.1623514
4490992	5009	4.2212663	2.9048421
4490992	5010	3.7589502	3.3131864
4490992	5011	2.9349165	4.113117
4490992	5012	2.642837	4.4164352
4490992	5013	2.253264	4.624122
4490992	5014	2.3343816	4.5192933
4490992	5015	2.187086	4.6163235
4490992	5016	0.28024858	4.754232
4490992	5017	0.538023	4.6565604
4490992	5018	1.2580917	3.5592716
4490992	5019	1.5505515	2.9258616
4490992	5020	1.4983941	3.4743018
4490992	5021	1.1777245	3.6146991
4490992	5022	0.83920074	4.1597114
4490992	5023	0.81230426	4.369922
4490992	5024	1.554644	4.2608733
4490992	5025	1.5586294	4.415465
4490992	5026	1.6010982	4.3671803
4490992	5027	2.1491222	3.7324007
4490992	5028	2.1295233	3.7687876
4490992	5029	2.2066655	3.7108343
4490992	5030	2.525581	3.6271594
4490992	5031	3.9048119	2.096453
4490992	5032	4.2663174	2.2689931
4490992	5033	1.6623029	2.2949166
4490992	5034	1.8552557	2.5984783
4490992	5035	2.880764	3.000402
4490992	5036	3.2292662	3.1015773
4490992	5037	1.191099	1.9474428
4490992	5038	0.34843135	3.1849318
4490992	5039	0.76135373	3.3419194
4490992	5040	0.68633676	3.1499631
4490992	5041	1.9902252	2.9897192
4490992	5042	1.8502446	2.9852479
4490992	5043	1.480196	3.5070622
4490992	5044	1.4681885	3.5444343
4490992	5045	1.4837469	3.5473464
4490992	5046	1.2623643	3.7581117
4490992	5047	2.154982	3.994078
4490992	5048	2.1580777	3.8908975
4490992	5049	1.9672052	4.080116
4490992	5050	1.8818008	4.1047425
4490992	5051	1.8834034	4.0743384
4490992	5052	1.8657666	4.104535
4490992	5053	1.8295914	4.148714
4490992	5054	2.6402822	3.3333495
4490992	5055	2.1713333	3.8228633
4490992	5056	2.0396724	3.9065225
4490992	5057	1.8634249	4.1073675
4490992	5058	1.6734961	4.0406084
4490992	5059	1.8226887	3.9780056
4490992	5060	1.9207355	3.8810933
4490992	5061	1.9971303	3.81732
4490992	5062	2.3309698	3.527286
4490992	5063	2.1987147	3.6932275
4490992	5064	2.3113642	3.702325
4490992	5065	1.8804125	4.177859
4490992	5066	1.8835839	4.1947803
4490992	5067	1.3364581	4.7334285
4490992	5068	1.2155206	4.762862
4490992	5069	1.4080237	4.830316
4490992	5070	1.5432588	4.6907854
4490992	5071	1.6593679	4.5022535
4490992	5072	0.69614565	5.2044883
4490992	5073	0.7745527	5.2473793
4490992	5074	0.8383976	5.170664
4490992	5075	0.50722337	5.339488
4490992	5076	0.79444134	5.0487676
4490992	5077	0.5021535	5.3466425
4490992	5078	0.11120409	5.5185637
4490992	5079	0.16254193	5.575181
4490992	5080	-0.17246863	5.218685
4490992	5081	-0.064143	5.10992
4490992	5082	-0.20748284	5.308638
4490992	5083	0.73554957	5.129855
4490992	5084	0.7385775	5.165049
4490992	5085	0.7271539	5.2473717
4490992	5086	0.7465341	5.2355657
4490992	5087	0.74678135	5.2589655
4490992	5088	0.7414259	5.2759957
4490992	5089	0.760214	5.2319765
4490992	5090	1.5566958	4.6085343
4490992	5091	1.3182156	4.689871
4490992	5092	1.5721961	4.5201616
4490992	5093	1.747212	4.3400693
4490992	5094	1.8459865	4.2843604
4490992	5095	1.8985611	4.2800384
4490992	5096	1.784485	4.367778
4490992	5097	1.9292206	4.1060653
4490992	5098	1.6317078	4.65287
4490992	5099	1.5044004	4.7493906
4490992	5100	1.2150521	5.1233597
4490992	5101	1.224271	5.269126
4490992	5102	1.1823635	5.2527657
4490992	5103	1.3909339	4.9642086
4490992	5104	1.862883	4.3210373
4490992	5105	2.0488877	4.371269
4490992	5106	1.8893164	4.4916883
4490992	5107	1.8151649	4.592269
4490992	5108	1.854271	4.3023324
4490992	5109	2.0349169	4.300916
4490992	5110	2.242581	3.9766924
4490992	5111	2.57907	3.7028658
4490992	5112	2.939938	3.5476844
4490992	5113	2.5262313	4.134765
4490992	5114	0.9682133	3.2034094
4490992	5115	2.395739	2.9910073
4490992	5116	1.923405	3.7603757
4490992	5117	2.25835	3.4089587
4490992	5118	2.161631	3.6839497
4490992	5119	2.8572273	2.9923766
4490992	5120	2.7352014	3.2473233
4490992	5121	2.8505096	3.065653
4490992	5122	2.827672	3.3499172
4490992	5123	3.052917	3.1767848
4490992	5124	3.0105705	3.2953432
4490992	5125	2.964779	3.484544
4490992	5126	2.6346111	3.9368193
4490992	5127	2.6727395	3.9214003
4490992	5128	2.6360674	4.0085816
4490992	5129	2.8157787	3.8460228
4490992	5130	2.5602956	4.281347
4490992	5131	3.0941978	3.5414903
4490992	5132	3.3575883	3.3708594
4490992	5133	2.8622966	4.0629964
4490992	5134	2.890953	4.0058475
4490992	5135	2.9708428	3.861429
4490992	5136	2.6363668	4.417924
4490992	5137	3.0817962	3.5593345
4490992	5138	3.6143966	2.6891448
4490992	5139	3.9832087	2.6878445
4490992	5140	3.9116344	2.9819622
4490992	5141	4.2467804	2.6062312
4490992	5142	4.2155113	2.7384498
4490992	5143	4.3101087	2.4120376
4490992	5144	4.419171	2.2832134
4490992	5145	4.343884	2.5237591
4490992	5146	4.49418	2.2555935
4490992	5147	4.6647964	1.9192574
4490992	5148	4.538758	2.0510283
4490992	5149	5.1322885	1.193227
4490992	5150	5.4268694	0.88113713
4490992	5151	5.4265957	1.0991755
4490992	5152	5.3304987	1.1605248
4490992	5153	5.2806754	1.177968
4490992	5154	5.04735	1.4027215
4490992	5155	5.0071716	1.4622942
4490992	5156	4.810385	1.6944261
4490992	5157	5.009676	1.381657
4490992	5158	4.7945914	1.6427846
4490992	5159	4.9962816	1.4168506
4490992	5160	4.9424257	1.5304314
4490992	5161	4.9650216	1.5352666
4490992	5162	5.0491276	1.4478244
4490992	5163	3.7443848	1.41345
4490992	5164	4.4261255	1.0600413
4490992	5165	5.0016055	1.2721963
4490992	5166	5.039548	1.2508932
4490992	5167	5.3464756	0.75247383
4490992	5168	5.0194836	0.99977934
4490992	5169	4.8042808	1.1499921
4490992	5170	4.461043	1.4026216
4490992	5171	4.4499035	1.4048508
4490992	5172	4.3190484	1.5126939
4490992	5173	4.8353534	1.0050424
4490992	5174	3.5697107	2.1826887
4490992	5175	3.514104	2.1324327
4490992	5176	3.6864924	2.3089998
4490992	5177	3.27836	2.5994496
4490992	5178	3.156588	2.8770094
4490992	5179	3.0583005	2.9680026
4490992	5180	2.9926786	2.9959178
4490992	5181	3.0998774	2.949986
4490992	5182	2.9712348	3.0557797
4490992	5183	3.1492257	2.9451303
4490992	5184	4.1541686	1.4619509
4490992	5185	3.5687232	2.3160067
4490992	5186	4.3760033	1.3753059
4490992	5187	3.2894745	2.5453937
4490992	5188	3.8351817	1.977484
4490992	5189	3.8105054	2.139411
4490992	5190	4.124353	1.7705214
4490992	5191	4.325063	1.6443706
4490992	5192	4.7879367	1.1518779
4490992	5193	4.771782	1.1676072
4490992	5194	4.7764854	1.2328817
4490992	5195	4.8628793	1.117523
4490992	5196	3.7269516	2.2869396
4490992	5197	3.6897893	2.062484
4490992	5198	3.7131405	2.388574
4490992	5199	3.7788696	2.1987453
4490992	5200	3.972899	2.015763
4490992	5201	3.6661015	2.2420757
4490992	5202	3.5898662	2.339023
4490992	5203	3.6616364	2.2401204
4490992	5204	3.6076317	2.322032
4490992	5205	3.671072	2.2553117
4490992	5206	3.6759372	2.2674618
4490992	5207	3.9611244	1.9590063
4490992	5208	3.7507653	2.2510095
4490992	5209	2.4675813	1.1986742
4490992	5210	3.8895273	1.3888011
4490992	5211	4.2559133	1.3420625
4490992	5212	4.2369256	1.1754999
4490992	5213	4.2360196	1.167844
4490992	5214	3.4061165	1.8760772
4490992	5215	3.3700132	1.9819059
4490992	5216	3.3356395	2.0136137
4490992	5217	3.2791705	2.017007
4490992	5218	3.4277825	1.9427211
4490992	5219	3.6682162	1.7419596
4490992	5220	3.6877036	1.7352934
4490992	5221	3.7829976	1.6658678
4490992	5222	3.517717	1.7196023
4490992	5223	2.0207143	1.4982827
4490992	5224	1.5504206	2.0307212
4490992	5225	1.6602753	1.9438257
4490992	5226	1.6865195	1.8949263
4490992	5227	1.9042379	1.7531211
4490992	5228	2.8953104	0.651741
4490992	5229	3.226819	0.69843924
4490992	5230	3.049944	0.8166244
4490992	5231	2.7509098	0.9287087
4490992	5232	2.7461352	0.9310231
4490992	5233	2.7327843	0.9874073
4490992	5234	2.463337	1.2425362
4490992	5235	2.5928164	1.1164885
4490992	5236	3.5068755	0.1551359
4490992	5237	4.0806227	-0.23256242
4490992	5238	4.6616964	0.3737125
4490992	5239	4.2439713	0.7099627
4490992	5240	4.06453	0.93507624
4490992	5241	4.0702004	0.9095459
4490992	5242	3.9211116	1.1021147
4490992	5243	3.3601818	1.720273
4490992	5244	3.1359138	1.983268
4490992	5245	3.1232972	1.9200864
4490992	5246	3.24933	1.7737746
4490992	5247	3.4788613	1.617852
4490992	5248	3.9456563	1.4460603
4490992	5249	3.4437418	1.7528026
4490992	5250	3.3066163	1.6498508
4490992	5251	3.292149	1.8956625
4490992	5252	3.146531	1.9764566
4490992	5253	2.961134	2.2129428
4490992	5254	2.8324924	2.4266727
4490992	5255	2.8252559	2.45057
4490992	5256	2.668889	2.6798897
4490992	5257	3.5143251	1.4813062
4490992	5258	3.9347768	1.6649246
4490992	5259	3.275248	2.1092148
4490992	5260	3.013157	2.3022485
4490992	5261	3.1944847	2.1073906
4490992	5262	2.9172158	2.3389733
4490992	5263	2.8474307	2.3421307
4490992	5264	3.2874951	1.6942139
4490992	5265	3.5622597	1.738219
4490992	5266	2.4767475	2.3305838
4490992	5267	2.4373431	2.3773823
4490992	5268	3.2696958	1.627089
4490992	5269	3.4784746	1.4065374
4490992	5270	1.9653801	1.4962643
4490992	5271	1.9917086	1.7267036
4490992	5272	1.8223437	1.6631196
4490992	5273	1.7142411	1.8628411
4490992	5274	1.3449953	2.2965856
4490992	5275	1.3199502	2.2850313
4490992	5276	1.622506	1.9791691
4490992	5277	1.821184	1.79983
4490992	5278	1.1600761	2.4800425
4490992	5279	2.2252612	1.0298861
4490992	5280	2.1009007	1.5275388
4490992	5281	1.6543311	2.0212512
4490992	5282	0.9689443	2.7256508
4490992	5283	1.0215707	2.8212044
4490992	5284	0.816643	2.8961182
4490992	5285	0.6432686	3.033638
4490992	5286	0.6710042	2.9774141
4490992	5287	0.5612657	3.1267939
4490992	5288	0.5066613	3.1628137
4490992	5289	0.18603867	3.5379887
4490992	5290	1.7620279	2.7234955
4490992	5291	1.325929	2.9002109
4490992	5292	1.7943553	2.9614396
4490992	5293	1.2792895	3.2016969
4490992	5294	1.6005491	3.078979
4490992	5295	1.6394135	2.9766924
4490992	5296	1.9218522	2.8592472
4490992	5297	1.9223624	2.8012443
4490992	5298	2.0239496	2.735526
4490992	5299	1.6650082	3.4147038
4490992	5300	1.1568471	3.976825
4490992	5301	1.1534926	3.8220866
4490992	5302	1.1742065	3.7419407
4490992	5303	1.0610538	3.7727792
4490992	5304	1.5861503	3.2860067
4490992	5305	2.0258598	3.1923487
4490992	5306	1.9877883	2.7651227
4490992	5307	2.0285516	3.1220007
4490992	5308	1.8936669	3.472731
4490992	5309	1.7201096	3.4122832
4490992	5310	1.6925513	3.4343357
4490992	5311	1.6232854	3.4651594
4490992	5312	1.600222	3.438217
4490992	5313	1.6987168	3.3384504
4490992	5314	1.6092283	3.50343
4490992	5315	1.543887	3.5476491
4490992	5316	1.5729567	3.5377138
4490992	5317	1.5427867	3.59256
4490992	5318	1.5560275	3.5619705
4490992	5319	1.4702885	3.9415014
4490992	5320	1.4814274	3.6180322
4490992	5321	1.5771111	3.5185883
4490992	5322	1.8120011	3.0880578
4490992	5323	2.1872816	3.0633836
4490992	5324	1.9460906	3.1215124
4490992	5325	1.909021	3.2451398
4490992	5326	1.9121679	3.1785316
4490992	5327	1.9217814	3.2073576
4490992	5328	1.9097892	3.2351604
4490992	5329	1.8628324	3.2886677
4490992	5330	1.7585329	3.386931
4490992	5331	1.7616454	3.4011788
4490992	5332	1.7240559	3.4347322
4490992	5333	1.9117492	3.0397048
4490992	5334	2.1107545	3.1689563
4490992	5335	1.8235713	3.0632236
4490992	5336	1.8626207	3.0492232
4490992	5337	1.769379	3.0638726
4490992	5338	1.6188673	3.180054
4490992	5339	1.5603071	3.2138572
4490992	5340	1.5127236	3.248625
4490992	5341	1.4790587	3.2749207
4490992	5342	1.6226071	3.1287036
4490992	5343	1.5901846	3.1728613
4490992	5344	1.5221153	3.3116922
4490992	5345	1.4577099	3.3486083
4490992	5346	1.3764021	3.399606
4490992	5347	1.3616732	3.4011743
4490992	5348	1.3751435	3.3826704
4490992	5349	1.3302177	3.4323328
4490992	5350	1.388379	3.3478267
4490992	5351	1.4274344	3.343584
4490992	5352	1.5855273	3.1355126
4490992	5353	1.5682529	3.1928368
4490992	5354	1.5858015	3.252103
4490992	5355	1.6663834	3.2332609
4490992	5356	1.6630999	3.322127
4490992	5357	1.6845859	3.3018851
4490992	5358	2.7722297	2.1679416
4490992	5359	2.9618802	2.3959415
4490992	5360	3.1425238	1.9622037
4490992	5361	3.4767146	1.9203146
4490992	5362	3.265462	2.1629977
4490992	5363	3.09864	2.7622006
4490992	5364	3.2115073	2.3367317
4490992	5365	3.65703	2.0603461
4490992	5366	3.6129131	2.2593687
4490992	5367	3.4161744	2.3529894
4490992	5368	3.4935708	2.4124153
4490992	5369	3.497108	2.3396733
4490992	5370	3.173356	2.6948366
4490992	5371	3.0282917	2.785136
4490992	5372	3.0771608	2.7705631
4490992	5373	3.0469022	2.7604887
4490992	5374	2.984367	2.854913
4490992	5375	2.9998407	2.8203802
4490992	5376	2.788784	3.0027006
4490992	5377	2.8128242	3.0179067
4490992	5378	2.8001595	3.0161312
4490992	5379	2.803712	2.992558
4490992	5380	2.835847	3.0198486
4490992	5381	2.7828107	3.0168428
4490992	5382	2.7907891	3.0620492
4490992	5383	3.5362906	2.1776962
4490992	5384	2.694202	3.049958
4490992	5385	2.7600794	3.0274024
4490992	5386	3.0846148	2.5513837
4490992	5387	2.9502668	2.946543
4490992	5388	2.5875702	3.0777419
4490992	5389	3.2009544	2.5422676
4490992	5390	3.2618532	2.3865714
4490992	5391	3.4088264	2.503395
4490992	5392	3.05019	2.764669
4490992	5393	3.274386	1.6560082
4490992	5394	2.9746194	2.216714
4490992	5395	2.9643927	2.619712
4490992	5396	2.8754697	2.6068032
4490992	5397	3.1779046	2.576982
4490992	5398	3.217692	2.7207985
4490992	5399	3.1918144	2.7585814
4490992	5400	3.0764742	2.6988835
4490992	5401	3.1842055	2.7856402
4490992	5402	3.303566	2.7178495
4490992	5403	3.3377924	2.6736393
4490992	5404	3.441802	2.6105218
4490992	5405	3.8891659	2.1828177
4490992	5406	3.7050018	1.9685471
4490992	5407	3.5113206	2.8128717
4490992	5408	2.7679334	3.3630302
4490992	5409	2.9405432	3.612819
4490992	5410	2.9416928	3.3019526
4490992	5411	2.5026598	3.0339322
4490992	5412	3.5454502	2.1799023
4490992	5413	3.4794717	2.7234254
4490992	5414	4.002604	2.2840106
4490992	5415	3.9115858	2.5360706
4490992	5416	4.243579	2.5007675
4490992	5417	4.442856	2.212259
4490992	5418	4.492449	2.234571
4490992	5419	4.6435604	2.1019645
4490992	5420	4.5850744	2.1548336
4490992	5421	4.2305336	2.7806218
4490992	5422	4.0280595	3.1664507
4490992	5423	4.2313175	2.530417
4490992	5424	4.1133924	2.8136947
4490992	5425	3.7756815	3.2627013
4490992	5426	3.6249723	3.6218064
4490992	5427	3.5525537	3.5066273
4490992	5428	3.6191945	2.9964225
4490992	5429	3.6082902	3.3727162
4490992	5430	3.6564012	3.3142288
4490992	5431	2.894711	3.9393103
4490992	5432	3.15276	4.0511966
4490992	5433	3.1914535	4.0749326
4490992	5434	3.2737727	4.0427833
4490992	5435	3.2845445	4.0654864
4490992	5436	3.5296774	3.6427443
4490992	5437	3.660346	3.865042
4490992	5438	3.5061407	3.886482
4490992	5439	3.3112636	4.06183
4490992	5440	3.6025496	3.4209955
4490992	5441	3.763298	3.7122486
4490992	5442	3.572322	3.7588756
4490992	5443	3.6145	3.7467034
4490992	5444	3.6196542	3.7459424
4490992	5445	3.626091	3.7461421
4490992	5446	3.6346564	3.7455661
4490992	5447	2.105805	3.2646635
4490992	5448	1.2238474	3.0373588
4490992	5449	1.3913137	3.0616074
4490992	5450	1.9432548	2.4415832
4490992	5451	2.2306561	2.1500895
4490992	5452	2.349873	2.0970273
4490992	5453	3.3017511	2.1717138
4490992	5454	3.5899458	2.3194604
4490992	5455	3.7901144	2.3747597
4490992	5456	3.7532907	2.5558345
4490992	5457	3.7215524	2.6488008
4490992	5458	3.6656685	2.7798867
4490992	5459	3.6498966	2.7190745
4490992	5460	3.538939	2.9765267
4490992	5461	3.5054832	3.067802
4490992	5462	2.7203393	3.8060648
4490992	5463	2.6247902	3.7160356
4490992	5464	2.6450062	3.724263
4490992	5465	2.5833173	3.8850272
4490992	5466	2.5089011	4.006131
4490992	5467	2.450492	3.9892547
4490992	5468	2.6530967	3.8342721
4490992	5469	2.7440295	3.814625
4490992	5470	2.8160415	3.758867
4490992	5471	2.951744	3.6582277
4490992	5472	3.037714	3.568127
4490992	5473	3.0716577	3.503201
4490992	5474	2.9870715	3.6456401
4490992	5475	2.957056	3.6168845
4490992	5476	3.0486865	3.3193014
4490992	5477	2.8583221	3.6829774
4490992	5478	3.2347975	3.0754225
4490992	5479	3.703092	2.8308275
4490992	5480	3.7255077	2.8420205
4490992	5481	3.6145177	2.5530517
4490992	5482	3.6422071	2.642022
4490992	5483	3.603867	2.6437442
4490992	5484	3.451819	3.00558
4490992	5485	3.3253198	2.8837676
4490992	5486	3.362372	2.8849187
4490992	5487	3.3537512	2.8816466
4490992	5488	3.3526816	2.8749664
4490992	5489	2.2802134	4.2935
4490992	5490	1.8340536	4.670309
4490992	5491	1.7469558	4.5984955
4490992	5492	1.7656544	4.673782
4490992	5493	1.8517898	4.477696
4490992	5494	2.5024428	3.7208884
4490992	5495	2.5296836	3.6732786
4490992	5496	2.610475	3.8745277
4490992	5497	2.5010276	3.8721135
4490992	5498	2.4520683	3.778794
4490992	5499	2.601287	3.8200395
4490992	5500	2.5450225	3.73439
4490992	5501	2.5411487	3.771352
4490992	5502	2.5410504	3.791928
4490992	5503	2.5430117	3.7957947
4490992	5504	2.5453777	3.796518
4490992	5505	2.5473423	3.798106
4490992	5506	2.556025	3.789139
4490992	5507	2.5709376	3.7759488
4490992	5508	2.4904437	3.8214123
4490992	5509	2.432651	3.872496
4490992	5510	2.4045253	3.8939846
4490992	5511	2.391748	3.8964822
4490992	5512	2.5406551	3.5488484
4490992	5513	2.652742	3.6201155
4490992	5514	2.5848188	3.5549104
4490992	5515	2.5694299	3.628073
4490992	5516	2.562695	3.6483324
4490992	5517	2.5585527	3.6574457
4490992	5518	2.5603104	3.6611512
4490992	5519	2.5599308	3.6625082
4490992	5520	2.5569139	3.6598966
4490992	5521	2.5533805	3.666659
4490992	5522	2.547896	3.6713493
4490992	5523	2.5438623	3.6713135
4490992	5524	2.5396705	3.6799123
4490992	5525	2.5377507	3.6778858
4490992	5526	2.7585344	3.2040753
4490992	5527	3.1106114	3.0987332
4490992	5528	2.9682488	3.1299257
4490992	5529	2.864028	3.3580837
4490992	5530	2.814269	3.3816905
4490992	5531	3.0022235	3.0185602
4490992	5532	3.0604095	3.1134334
4490992	5533	2.9618397	3.0815527
4490992	5534	2.9212651	3.248527
4490992	5535	2.994195	3.0391624
4490992	5536	3.050899	3.1202903
4490992	5537	2.9424162	3.0869176
4490992	5538	2.9092216	3.2286901
4490992	5539	2.8885918	3.2433863
4490992	5540	2.8742356	3.2678168
4490992	5541	2.863061	3.2848864
4490992	5542	2.853405	3.2958393
4490992	5543	2.8445225	3.3068876
4490992	5544	3.0082645	2.9705343
4490992	5545	3.3334212	2.7702138
4490992	5546	3.6984944	2.4213285
4490992	5547	3.9963765	2.0913007
4490992	5548	4.1060467	2.0521715
4490992	5549	4.1154184	2.0285978
4490992	5550	4.0985785	2.0445566
4490992	5551	4.072235	2.0522685
4490992	5552	4.044268	2.064099
4490992	5553	4.017855	2.0690928
4490992	5554	3.9916835	2.0892665
4490992	5555	3.8337507	2.2673068
4490992	5556	3.7606854	2.3018954
4490992	5557	3.7337976	2.3286865
4490992	5558	3.7100415	2.357038
4490992	5559	3.695365	2.3727067
4490992	5560	3.6844602	2.3770235
4490992	5561	3.6756449	2.384706
4490992	5562	3.6652102	2.400057
4490992	5563	3.6573806	2.4122334
4490992	5564	3.6321092	2.3573744
4490992	5565	3.501686	2.603196
4490992	5566	3.3412347	2.633204
4490992	5567	3.1839604	2.7741666
4490992	5568	3.0425634	3.022731
4490992	5569	3.2042017	2.506069
4490992	5570	3.449541	2.5244853
4490992	5571	3.234377	2.6616793
4490992	5572	3.1304412	2.8840115
4490992	5573	3.0837898	2.9177198
4490992	5574	3.061386	2.9491532
4490992	5575	3.048912	2.9604568
4490992	5576	3.0399432	2.9749122
4490992	5577	3.0329413	2.98103
4490992	5578	3.0265107	2.9868503
4490992	5579	3.0196166	2.9962113
4490992	5580	3.0138507	3.0038877
4490992	5581	3.0115862	3.0092583
4490992	5582	3.0379977	2.9709632
4490992	5583	3.0401864	2.9678648
4490992	5584	3.0355263	2.9803605
4490992	5585	3.0336285	2.9838524
4490992	5586	3.030025	2.9796095
4490992	5587	3.0240178	2.978874
4490992	5588	3.0148344	2.9944675
4490992	5589	3.0062747	3.0045981
4490992	5590	2.8296003	3.187568
4490992	5591	2.7752652	3.219181
4490992	5592	2.7472196	3.2364926
4490992	5593	2.730177	3.2547903
4490992	5594	2.7356963	3.2267299
4490992	5595	2.7164025	3.268991
4490992	5596	2.6945348	3.284468
4490992	5597	2.679524	3.2987661
4490992	5598	2.6704192	3.3077977
4490992	5599	2.665431	3.3124843
4490992	5600	2.6121316	3.3474343
4490992	5601	2.7773666	3.2090096
4490992	5602	3.3013759	2.5179417
4490992	5603	3.0624537	3.1388013
4490992	5604	3.6026487	2.103757
4490992	5605	3.9310522	1.7909245
4490992	5606	4.470264	1.2936913
4490992	5607	5.242178	0.45948264
4490992	5608	4.9179826	0.9105754
4490992	5609	4.49784	1.3844763
4490992	5610	4.2011523	1.5614767
4490992	5611	4.2135596	1.549943
4490992	5612	4.082602	1.6898592
4490992	5613	4.0110817	1.7466905
4490992	5614	3.9554987	1.7940712
4490992	5615	3.91078	1.8194268
4490992	5616	3.8912854	1.8095763
4490992	5617	3.89712	1.7928827
4490992	5618	3.881064	1.8058453
4490992	5619	3.8747287	1.8088629
4490992	5620	3.8473115	1.8376684
4490992	5621	3.8387833	1.8422782
4490992	5622	3.8139825	1.86854
4490992	5623	3.8083634	1.8709352
4490992	5624	3.7912912	1.8874779
4490992	5625	3.788474	1.8899362
4490992	5626	3.7727618	1.906251
4490992	5627	3.7712765	1.9086063
4490992	5628	3.756228	1.9249108
4490992	5629	3.7557669	1.9265213
4490992	5630	3.7418222	1.9419
4490992	5631	3.7425246	1.9424963
4490992	5632	3.7295775	1.9568896
4490992	5633	3.7345614	1.9492447
4490992	5634	3.7214441	1.9637768
4490992	5635	3.7290993	1.9588306
4490992	5636	3.7199693	1.9729841
4490992	5637	3.7213678	1.9724705
4490992	5638	3.7081056	1.9855332
4490992	5639	3.7173467	1.978962
4490992	5640	3.7077575	1.9923148
4490992	5641	3.7122388	1.9896722
4490992	5642	3.7019825	2.0012443
4490992	5643	3.7009044	2.0049758
4490992	5644	3.692307	2.0043209
4490992	5645	3.694467	2.0013907
4490992	5646	3.6923375	2.004041
4490992	5647	3.6993995	2.0013924
4490992	5648	3.690238	2.0115597
4490992	5649	3.6958756	2.0072012
4490992	5650	3.6809049	2.0239232
4490992	5651	3.6903973	2.0090292
4490992	5652	3.6823616	2.018961
4490992	5653	3.6895165	2.0119429
4490992	5654	3.680973	2.021201
4490992	5655	3.6872692	2.0149899
4490992	5656	3.6789231	2.0233407
4490992	5657	3.6803055	2.023233
4490992	5658	3.6703343	2.0288267
4490992	5659	3.676979	2.0203984
4490992	5660	3.6685843	2.027032
4490992	5661	3.6751657	2.0192747
4490992	5662	3.6666021	2.0265381
4490992	5663	3.6776924	2.0136018
4490992	5664	3.670601	2.0237093
4490992	5665	3.6784	2.0175843
4490992	5666	3.6715798	2.026308
4490992	5667	3.6790428	2.0202825
4490992	5668	3.6734009	2.0216691
4490992	5669	3.674746	2.017498
4490992	5670	3.685751	2.0038545
4490992	5671	3.8292632	1.8793056
4490992	5672	3.8366122	1.8867741
4490992	5673	3.7437067	2.030577
4490992	5674	3.087236	2.845059
4490992	5675	3.272925	2.485175
4490992	5676	3.4759283	2.4291196
4490992	5677	3.6359272	2.3315291
4490992	5678	3.5587692	2.2271512
4490992	5679	3.636682	2.366647
4490992	5680	3.8185368	1.9076478
4490992	5681	3.9621716	1.8745992
4490992	5682	3.707008	1.9273095
4490992	5683	3.8530002	1.7777877
4490992	5684	3.4997416	2.1223614
4490992	5685	3.3849373	2.4409735
4490992	5686	3.3727903	2.3564055
4490992	5687	3.2315178	2.496243
4490992	5688	3.2353868	2.7230995
4490992	5689	3.5906572	1.983633
4490992	5690	3.7233615	2.2529473
4490992	5691	3.8055673	2.0010984
4490992	5692	3.707654	2.1505663
4490992	5693	3.5218878	2.006108
4490992	5694	3.2165723	2.5603921
4490992	5695	3.4810357	2.169733
4490992	5696	3.595069	2.12221
4490992	5697	3.4819102	2.444193
4490992	5698	3.215394	2.8924782
4490992	5699	3.3546977	2.7839985
4490992	5700	3.4956503	2.6100733
4490992	5701	3.2548456	2.675708
4490992	5702	3.2416306	2.952307
4490992	5703	3.377945	2.4546955
4490992	5704	3.4513469	2.5365396
4490992	5705	3.3245287	2.7294343
4490992	5706	3.3760738	2.847321
4490992	5707	3.3097644	2.8688214
4490992	5708	3.365035	2.864163
4490992	5709	3.313827	2.9753711
4490992	5710	3.5224614	2.5162249
4490992	5711	3.526503	2.712097
4490992	5712	3.4726148	2.7574317
4490992	5713	4.419872	1.3540471
4490992	5714	4.5275636	1.5186138
4490992	5715	4.5393834	1.5960102
4490992	5716	4.799195	1.2814777
4490992	5717	4.831017	1.2336825
4490992	5718	4.808958	1.2148985
4490992	5719	4.778355	1.2469265
4490992	5720	4.8133073	1.1207405
4490992	5721	4.5740366	1.3587066
4490992	5722	4.9015474	0.69314814
4490992	5723	5.279722	0.1812518
4490992	5724	5.2163696	0.38672766
4490992	5725	5.1642933	0.3566347
4490992	5726	5.116026	0.46244594
4490992	5727	4.998402	0.61561453
4490992	5728	4.9038486	0.71848226
4490992	5729	4.9880614	0.5671307
4490992	5730	4.991467	0.56073177
4490992	5731	5.12749	0.3851234
4490992	5732	5.163327	0.3560163
4490992	5733	4.8589892	0.7605802
4490992	5734	4.8379936	0.75730956
4490992	5735	5.118652	0.39519826
4490992	5736	5.029626	0.67920494
4490992	5737	4.853017	0.688802
4490992	5738	4.956527	0.7512454
4490992	5739	5.2604685	0.37424222
4490992	5740	5.1760798	0.38842538
4490992	5741	5.0042343	0.8686043
4490992	5742	5.0014524	0.6715369
4490992	5743	5.2588167	0.34820965
4490992	5744	4.9811215	0.74908674
4490992	5745	4.8250012	0.9115515
4490992	5746	5.194787	0.37135282
4490992	5747	4.9211373	0.95816696
4490992	5748	5.096252	0.5831752
4490992	5749	5.41307	0.26884243
4490992	5750	5.5480027	0.0034204721
4490992	5751	5.8185673	-0.29156137
4490992	5752	5.87014	-0.364675
4490992	5753	5.7692103	-0.13676786
4490992	5754	5.3424067	0.4452066
4490992	5755	5.101045	0.74872756
4490992	5756	5.101393	0.7486588
4490992	5757	4.9357595	0.8845154
4490992	5758	4.528714	1.3688177
4490992	5759	4.227727	1.8675804
4490992	5760	4.6155725	1.3348011
4490992	5761	4.607465	1.372963
4490992	5762	4.52074	1.6378188
4490992	5763	4.3747535	1.7405162
4490992	5764	4.336084	1.9215846
4490992	5765	4.4128256	1.7378557
4490992	5766	4.3527055	1.9317212
4490992	5767	4.371496	1.8172679
4490992	5768	4.335763	1.9044063
4490992	5769	4.717401	1.2926607
4490992	5770	4.1203265	2.2039788
4490992	5771	3.9278874	2.38596
4490992	5772	3.8133192	2.5058568
4490992	5773	3.801159	2.620679
4490992	5774	3.7798338	2.583944
4490992	5775	3.572719	2.9516792
4490992	5776	3.472622	2.9805558
4490992	5777	3.7250662	2.6877484
4490992	5778	4.0241566	2.2752619
4490992	5779	4.1064095	2.2391438
4490992	5780	4.4295435	1.5494754
4490992	5781	4.567447	1.5021393
4490992	5782	4.667358	1.4121431
4490992	5783	4.6410866	1.3921646
4490992	5784	4.637573	1.5050385
4490992	5785	4.653961	1.3218088
4490992	5786	4.7319913	1.2826467
4490992	5787	4.720868	1.3333333
4490992	5788	4.9415436	0.91540253
4490992	5789	4.8680534	1.130205
4490992	5790	4.763698	1.2494938
4490992	5791	4.8531723	1.0911466
4490992	5792	5.02003	0.8838135
4490992	5793	4.9347205	1.051512
4490992	5794	4.938954	1.0429682
4490992	5795	5.01009	0.95070803
4490992	5796	4.172097	2.105265
4490992	5797	3.5061932	2.8982139
4490992	5798	3.6108623	2.5815022
4490992	5799	3.9280128	2.516729
4490992	5800	4.168464	2.1569102
4490992	5801	4.299666	2.0271997
4490992	5802	4.6378026	1.3214445
4490992	5803	4.578675	1.4580874
4490992	5804	4.5806985	1.7002692
4490992	5805	4.351803	1.9924076
4490992	5806	4.3918834	1.8307464
4490992	5807	4.4580803	1.810698
4490992	5808	4.427057	1.6008542
4490992	5809	4.4750943	1.5553422
4490992	5810	4.4578834	1.5693142
4490992	5811	4.1910176	1.8456519
4490992	5812	3.589324	2.2051094
4490992	5813	3.9414535	2.1038578
4490992	5814	3.7472606	2.4687686
4490992	5815	3.9358406	2.2493176
4490992	5816	3.0760493	3.0402014
4490992	5817	3.0058484	3.174262
4490992	5818	2.6556406	3.4845939
4490992	5819	2.8077688	3.3999965
4490992	5820	2.807557	3.395443
4490992	5821	2.597455	3.5771496
4490992	5822	2.5367107	3.7462614
4490992	5823	2.8315363	3.1155815
4490992	5824	2.9466558	3.0172644
4490992	5825	3.4074893	2.6252992
4490992	5826	3.1412125	2.6888921
4490992	5827	2.622141	3.5786183
4490992	5828	2.1912985	3.914498
4490992	5829	2.850521	3.0823832
4490992	5830	2.9213438	2.997733
4490992	5831	4.009184	1.7391248
4490992	5832	4.385976	1.7576573
4490992	5833	4.3920555	1.7299757
4490992	5834	4.352913	1.889574
4490992	5835	4.2298737	2.0325775
4490992	5836	4.3055086	2.0142133
4490992	5837	4.3152175	2.0514405
4490992	5838	4.2195215	2.301717
4490992	5839	4.069443	2.378261
4490992	5840	3.8991833	2.1350687
4490992	5841	3.9940524	2.5340815
4490992	5842	3.9183311	2.296372
4490992	5843	3.656962	2.4800398
4490992	5844	3.069893	3.2072911
4490992	5845	2.3644423	3.9699814
4490992	5846	2.0090637	4.325563
4490992	5847	2.0213504	4.2774315
4490992	5848	1.9434103	4.4826617
4490992	5849	1.6875356	4.678154
4490992	5850	1.1687039	5.0848794
4490992	5851	0.99304247	5.3191614
4490992	5852	0.70468664	5.428328
4490992	5853	0.7786144	5.442218
4490992	5854	0.74987197	5.4448233
4490992	5855	0.6132047	5.647333
4490992	5856	0.5140711	5.6209764
4490992	5857	0.48307115	5.6581764
4490992	5858	0.34764862	5.727984
4490992	5859	0.47048825	5.687666
4490992	5860	0.6426376	5.550036
4490992	5861	0.4841988	5.5960846
4490992	5862	0.400667	5.638829
4490992	5863	0.40785426	5.589622
4490992	5864	0.38899577	5.5664124
4490992	5865	0.34489733	5.627136
4490992	5866	0.27943724	5.6612434
4490992	5867	0.31765944	5.607301
4490992	5868	0.25405806	5.6338058
4490992	5869	0.20599645	5.684859
4490992	5870	0.085192084	5.6592283
4490992	5871	0.21197367	5.559453
4490992	5872	0.436507	5.4893093
4490992	5873	0.18159825	5.5390925
4490992	5874	0.2529298	5.481162
4490992	5875	0.622646	5.2995744
4490992	5876	0.4863252	5.2901464
4490992	5877	0.3621602	5.2626896
4490992	5878	0.5564519	5.291892
4490992	5879	0.41529274	5.2510357
4490992	5880	0.5835757	5.302348
4490992	5881	0.3525561	5.3740153
4490992	5882	0.5461912	5.392037
4490992	5883	0.46335512	5.478373
4490992	5884	0.23063362	5.6176147
4490992	5885	0.39616388	5.554597
4490992	5886	0.34812385	5.5422163
4490992	5887	0.056548	5.668867
4490992	5888	0.4215477	5.6509776
4490992	5889	0.29997343	5.7020044
4490992	5890	0.2766019	5.620163
4490992	5891	0.35971653	5.57174
4490992	5892	0.4152192	5.5564923
4490992	5893	0.2097755	5.71279
4490992	5894	0.32270366	5.82978
4490992	5895	0.293616	5.874046
4490992	5896	0.35758054	5.611521
4490992	5897	0.4036265	5.568611
4490992	5898	0.354863	5.554766
4490992	5899	0.6222695	5.3450217
4490992	5900	0.7699828	5.2719235
4490992	5901	0.6200632	5.464888
4490992	5902	0.4686523	5.4812164
4490992	5903	0.31651342	5.47134
4490992	5904	0.6827177	5.0781465
4490992	5905	0.6463703	5.2021766
4490992	5906	0.41960007	5.34546
4490992	5907	0.3936156	5.437236
4490992	5908	0.55429125	5.2170906
4490992	5909	0.56208897	5.236656
4490992	5910	0.59345424	5.2583666
4490992	5911	0.6375885	5.251964
4490992	5912	0.6465088	5.262179
4490992	5913	1.7985638	4.5020647
4490992	5914	2.7692056	3.8041127
4490992	5915	2.9451942	3.9342926
4490992	5916	4.2368083	2.4141657
4490992	5917	4.6114454	2.1937358
4490992	5918	4.910366	1.9274185
4490992	5919	2.430727	4.0992603
4490992	5920	3.565524	3.353117
4490992	5921	4.275248	2.6605499
4490992	5922	4.603182	2.3869693
4490992	5923	3.7480054	3.3558939
4490992	5924	3.9867573	2.5611734
4490992	5925	3.9354768	3.019557
4490992	5926	3.3517127	3.2908905
4490992	5927	2.9620366	3.815544
4490992	5928	2.717547	3.958833
4490992	5929	2.6099453	4.019338
4490992	5930	2.7913384	3.6760285
4490992	5931	3.0299373	3.5245821
4490992	5932	3.0493293	3.551296
4490992	5933	3.32381	3.0213208
4490992	5934	3.7392044	2.7028377
4490992	5935	1.6492454	2.6276286
4490992	5936	2.3984442	3.5805204
4490992	5937	2.4160452	3.1297152
4490992	5938	2.460126	3.2142053
4490992	5939	2.474958	3.2699978
4490992	5940	2.5465565	3.1991858
4490992	5941	2.4894118	1.2753457
4490992	5942	2.1746974	1.5115765
4490992	5943	3.799717	1.6743131
4490992	5944	3.695294	1.7696486
4490992	5945	3.572517	1.7116525
4490992	5946	3.579248	1.6395347
4490992	5947	3.6779203	1.6783557
4490992	5948	3.6756477	1.4668733
4490992	5949	3.6587415	1.8336837
4490992	5950	3.3135824	2.2401352
4490992	5951	3.479374	2.1588778
4490992	5952	3.32416	2.4528437
4490992	5953	2.7314792	3.1659162
4490992	5954	2.739152	3.314118
4490992	5955	2.752841	3.4131458
4490992	5956	2.5258665	3.4093835
4490992	5957	2.3809648	3.5631554
4490992	5958	2.4864216	3.4966848
4490992	5959	2.588675	3.5317848
4490992	5960	1.9694258	4.1080265
4490992	5961	2.052515	3.9811265
4490992	5962	2.055925	4.0444975
4490992	5963	1.4832656	4.1780963
4490992	5964	1.4686441	4.400863
4490992	5965	-1.1776872	3.0691543
4490992	5966	-1.1080345	2.1819232
4490992	5967	-0.7810469	1.415868
4490992	5968	-0.38405257	0.5492275
4490992	5969	-0.38247627	0.2652484
4490992	5970	-0.3282598	0.42957196
4490992	5971	-0.5650363	0.9020462
4490992	5972	-0.40432948	1.7469218
4490992	5973	-0.45393175	2.046954
4490992	5974	-0.4639606	1.922287
4490992	5975	-0.6049958	2.395433
4490992	5976	-0.6044444	2.3835368
4490992	5977	-0.6369444	2.4799235
4490992	5978	0.2271154	1.8249707
4490992	5979	0.29526174	1.8596244
4490992	5980	0.3446406	1.614357
4490992	5981	0.38517213	1.8328602
4490992	5982	0.10941142	2.0085454
4490992	5983	0.14906877	1.9309514
4490992	5984	0.5166005	1.0335276
4490992	5985	0.4124394	1.298289
4490992	5986	0.5625857	1.02413
4490992	5987	0.51091933	1.2162247
4490992	5988	1.4972779	2.148779
4490992	5989	1.1498193	2.6744006
4490992	5990	1.1093049	2.587868
4490992	5991	1.0345294	2.5676806
4490992	5992	0.9939934	2.6235526
4490992	5993	0.98458946	2.6097493
4490992	5994	0.9708022	2.6176572
4490992	5995	0.94363165	2.701702
4490992	5996	0.95549214	2.650609
4490992	5997	0.91504407	2.7304132
4490992	5998	0.9236865	2.7131867
4490992	5999	0.8775413	2.7974942
4490992	6000	1.0795434	2.7794597
4490992	6001	1.1238303	2.2975082
4490992	6002	1.1129526	2.2837327
4490992	6003	1.1054089	2.2681246
4490992	6004	1.2964343	2.3863938
4490992	6005	0.8561553	2.4118311
4490992	6006	0.2999583	1.5777912
4490992	6007	0.29894567	1.559397
4490992	6008	0.3450094	1.6412787
4490992	6009	0.23247862	1.7436445
4490992	6010	1.1919827	2.4041338
4490992	6011	1.2214797	2.3235614
4490992	6012	1.3188313	2.2510557
4490992	6013	2.1995559	1.3217949
4490992	6014	2.4351797	1.5193182
4490992	6015	2.090066	1.7390637
4490992	6016	1.647694	2.5084114
4490992	6017	1.6526233	2.5117555
4490992	6018	1.7533644	2.4036965
4490992	6019	1.4658118	2.2732139
4490992	6020	1.5771116	2.6337383
4490992	6021	1.6782871	2.237162
4490992	6022	0.603925	1.656971
4490992	6023	0.5909474	1.1323482
4490992	6024	0.27758306	1.9493768
4490992	6025	0.05828291	2.071567
4490992	6026	0.18704933	1.9547338
4490992	6027	1.0971794	0.61665094
4490992	6028	1.5295719	0.13784733
4490992	6029	2.1831565	1.7112193
4490992	6030	1.3589673	1.1056532
4490992	6031	1.1484594	1.6128762
4490992	6032	0.30487537	0.7377393
4490992	6033	0.17862433	0.8187525
4490992	6034	0.43206978	2.1146197
4490992	6035	0.8321012	0.19335982
4490992	6036	0.8462856	-0.23734507
4490992	6037	1.7911605	0.3727816
4490992	6038	2.405892	0.17215493
4490992	6039	2.182589	0.47738525
4490992	6040	0.6563841	0.08233562
4490992	6041	0.60803354	0.26376984
4490992	6042	0.85603297	-0.104824215
4490992	6043	1.1513598	-0.7127379
4490992	6044	1.566054	0.7493353
4490992	6045	1.5113708	0.7040626
4490992	6046	0.93815434	1.4982834
4490992	6047	0.50610363	1.7385535
4490992	6048	0.8369185	0.91889966
4490992	6049	0.82308376	1.5021114
4490992	6050	0.2989804	1.5901444
4490992	6051	0.67877007	1.7012155
4490992	6052	0.630412	1.3655678
4490992	6053	1.0340486	1.358312
4490992	6054	1.2892679	1.259551
4490992	6055	1.3526914	1.2048099
4490992	6056	0.8027946	1.2061646
4490992	6057	0.84742737	1.2848294
4490992	6058	0.94875526	1.0770901
4490992	6059	1.0678744	0.96406853
4490992	6060	2.6142983	1.0529507
4490992	6061	2.3643298	1.3701594
4490992	6062	2.7075982	1.3245701
4490992	6063	3.0289655	1.3311917
4490992	6064	2.6592102	1.2916365
4490992	6065	3.9636097	1.243169
4490992	6066	2.407209	1.2032143
4490992	6067	2.666358	1.1578889
4490992	6068	2.7773156	0.9272095
4490992	6069	2.7930632	0.937832
4490992	6070	3.2157755	0.689687
4490992	6071	3.6975145	0.27488163
4490992	6072	3.5741029	0.5787587
4490992	6073	3.5761423	0.46072236
4490992	6074	3.5952182	0.41757825
4490992	6075	3.344685	0.52744114
4490992	6076	3.4124227	0.5918126
4490992	6077	3.6355662	0.3189734
4490992	6078	1.5142912	0.336539
4490992	6079	-0.18519622	0.17855087
4490992	6080	-0.15191647	0.26767686
4490992	6081	0.16509569	0.34969893
4490992	6082	-1.0279452	1.9324827
4490992	6083	-0.4206747	1.5516558
4490992	6084	-1.3464043	2.4913862
4490992	6085	-1.0910063	1.9214659
4490992	6086	-1.1092865	2.333325
4490992	6087	-1.4803212	0.32822505
4490992	6088	-1.5164714	0.71671534
4490992	6089	-1.7977821	0.5802188
4490992	6090	-1.0019152	0.23717538
4490992	6091	-1.232979	0.17204466
4490992	6092	-0.65447915	0.32114175
4490992	6093	-0.6586734	3.376383
4490992	6094	-0.73487496	3.9063623
4490992	6095	-0.9281176	3.4345517
4490992	6096	-1.0811126	3.6849158
4490992	6097	-0.49977842	0.45049742
4490992	6098	-0.73997223	0.8362595
4490992	6099	-0.63953876	0.62451327
4490992	6100	-0.093915194	0.72936165
4490992	6101	-0.7640017	1.1849887
4490992	6102	-0.95750695	2.6306815
4490992	6103	-0.7664345	0.62813175
4490992	6104	-0.8842516	0.9528316
4490992	6105	-1.1135049	1.4106445
4490992	6106	-0.55784744	0.6581911
4490992	6107	-0.46169588	0.7535356
4490992	6108	-0.40949506	0.527771
4490992	6109	-0.48330885	0.7404791
4490992	6110	-0.4434542	2.2264676
4490992	6111	0.44136155	1.0046186
4490992	6112	0.46639425	3.392067
4490992	6113	0.50656307	3.180798
4490992	6114	0.7517364	3.136205
4490992	6115	1.4444453	2.9287124
4490992	6116	1.453814	3.1060042
4490992	6117	1.4830711	3.0895083
4490992	6118	1.4365022	3.1891208
4490992	6119	1.673937	3.0123003
4490992	6120	1.4743147	3.182958
4490992	6121	1.6057006	3.0776603
4490992	6122	1.1681244	2.974463
4490992	6123	1.0151769	3.3936157
4490992	6124	1.2962677	2.5871954
4490992	6125	1.7186891	2.5782478
4490992	6126	2.1536255	1.9489369
4490992	6127	0.20583612	-0.13130057
4490992	6128	0.7279167	-0.26384327
4490992	6129	0.054119647	0.68855405
4490992	6130	0.44327897	-0.19885564
4490992	6131	0.5242903	-0.7066838
4490992	6132	0.8937967	-1.1168228
4490992	6133	0.83701146	-0.4662973
4490992	6134	0.8838546	-0.39649233
4490992	6135	0.7731379	-0.29462802
4490992	6136	0.9138936	0.24515656
4490992	6137	0.9071616	0.3372909
4490992	6138	0.6130198	-0.27422404
4490992	6139	0.39109802	0.05823961
4490992	6140	0.4688005	-0.039685667
4490992	6141	0.65792346	-0.37635863
4490992	6142	0.45249856	-0.035695195
4490992	6143	0.3830362	-0.08891913
4490992	6144	0.7466794	-0.6021476
4490992	6145	0.7901106	-0.46214977
4490992	6146	0.70085275	-0.37704664
4490992	6147	0.75417006	-0.5701445
4490992	6148	0.7853098	-0.6487356
4490992	6149	-0.8701991	0.44589213
4490992	6150	-0.7734351	-1.338603
4490992	6151	-1.3678384	-0.2682119
4490992	6152	-2.2308517	-1.5226783
4490992	6153	-2.635023	-0.7557966
4490992	6154	-2.5852494	-1.5788711
4490992	6155	-2.572353	-1.6364763
4490992	6156	-2.634079	-1.1627676
4490992	6157	-2.5127697	-1.1280272
4490992	6158	-2.324418	-1.151019
4490992	6159	-2.947392	-1.8114613
4490992	6160	-1.3749068	2.1177042
4490992	6161	-0.9435053	0.24741212
4490992	6162	-1.9120947	1.2652451
4490992	6163	-1.1577442	0.8742049
4490992	6164	-1.4123042	1.9994092
4490992	6165	-1.426553	2.2778924
4490992	6166	-1.7631422	3.0224075
4490992	6167	-1.8414073	3.626107
4490992	6168	-1.597753	3.6464117
4490992	6169	-2.245152	3.778108
4490992	6170	-1.2880154	1.4146928
4490992	6171	-1.4913048	1.5021111
4490992	6172	-1.7473087	2.6503541
4490992	6173	-1.5916791	2.2414808
4490992	6174	-1.6870972	3.0951824
4490992	6175	-1.1184773	2.4674313
4490992	6176	-0.10572302	0.3826938
4490992	6177	-0.62779963	0.6465827
4490992	6178	-0.3712296	3.3039594
4490992	6179	0.027044475	2.9080272
4490992	6180	-0.59762865	3.9523294
4490992	6181	0.15672874	3.163449
4490992	6182	0.39738524	2.8010027
4490992	6183	-0.40462184	3.931914
4490992	6184	-0.4792411	4.1284976
4490992	6185	0.727839	2.9432397
4490992	6186	0.95017064	2.4075902
4490992	6187	1.6508857	1.4887618
4490992	6188	1.8602277	1.2686296
4490992	6189	2.0443392	1.1932899
4490992	6190	2.080028	1.3784562
4490992	6191	2.3825908	1.1509148
4490992	6192	1.3406823	2.3874245
4490992	6193	1.245612	2.313793
4490992	6194	1.2025108	2.7293048
4490992	6195	1.3442808	1.9499459
4490992	6196	1.505346	2.0848932
4490992	6197	0.84978724	2.9070385
4490992	6198	0.16160208	3.8658216
4490992	6199	0.47362882	3.32311
4490992	6200	1.0538217	2.6647668
4490992	6201	0.20982492	4.0386753
4490992	6202	0.41349095	4.042326
4490992	6203	-0.08054802	4.6253724
4490992	6204	0.13791585	4.42859
4490992	6205	-0.12602681	4.7911777
4490992	6206	-0.3158682	5.305985
4490992	6207	-0.39738065	5.373421
4490992	6208	-0.35662758	5.3349934
4490992	6209	-0.28658855	5.4599967
4490992	6210	-0.5243238	5.651824
4490992	6211	-0.40015963	5.538991
4490992	6212	-0.5825126	5.9004774
4490992	6213	-0.53331554	5.5923095
4490992	6214	-0.5452707	5.6900077
4490992	6215	-0.37415743	5.6881595
4490992	6216	-0.7501886	6.0496907
4490992	6217	-0.66231143	5.8610544
4490992	6218	-0.6986841	5.884277
4490992	6219	-0.7231825	5.9665756
4490992	6220	-0.78340113	5.8258142
4490992	6221	-0.8481818	5.806816
4490992	6222	-0.9312456	5.935614
4490992	6223	-0.81238675	5.866418
4490992	6224	-0.87258327	5.829601
4490992	6225	-0.793805	5.8170457
4490992	6226	-0.53354645	5.4447837
4490992	6227	-0.43583003	5.357547
4490992	6228	-0.46088505	5.399383
4490992	6229	-0.8971107	5.969231
4490992	6230	-0.5043803	5.7114124
4490992	6231	-0.9915596	6.2404084
4490992	6232	-1.333401	6.173093
4490992	6233	-1.3272059	6.2543073
4490992	6234	-1.2174661	6.0394053
4490992	6235	-0.7012012	5.4118032
4490992	6236	-0.7996222	5.356517
4490992	6237	-0.98704845	5.187926
4490992	6238	-0.97755545	5.445323
4490992	6239	-1.2126447	5.4723716
4490992	6240	-0.99591434	5.4063864
4490992	6241	-1.2715595	5.966949
4490992	6242	-1.3667065	6.146997
4490992	6243	-0.9352635	5.796558
4490992	6244	-1.2938709	5.9236703
4490992	6245	-1.3030632	5.9923005
4490992	6246	-1.2313256	5.9711833
4490992	6247	-1.1308956	5.948206
4490992	6248	-1.1960957	5.865971
4490992	6249	-1.0384865	5.7004237
4490992	6250	-1.126682	5.7692633
4490992	6251	-1.2864476	5.7826605
4490992	6252	-1.3113042	5.925434
4490992	6253	-1.2622049	5.7927413
4490992	6254	-1.1309123	5.6783977
4490992	6255	-1.0748694	5.469302
4490992	6256	-1.090481	5.611959
4490992	6257	-0.76348	5.050813
4490992	6258	-0.72208494	5.264289
4490992	6259	-0.7995609	5.3488283
4490992	6260	-0.8823313	5.45331
4490992	6261	-0.5902106	5.0798364
4490992	6262	-0.3139974	4.8700943
4490992	6263	-0.06456667	4.66988
4490992	6264	-0.25742263	5.06519
4490992	6265	-0.28848565	4.96682
4490992	6266	-0.20953414	4.8966184
4490992	6267	-0.10606229	4.7536006
4490992	6268	-0.0045212507	4.6343856
4490992	6269	0.14716381	4.325015
4490992	6270	0.16516435	4.0092144
4490992	6271	0.51201224	4.1658416
4490992	6272	0.29450083	4.0962987
4490992	6273	0.04140246	4.4635863
4490992	6274	-0.03765753	4.623281
4490992	6275	-0.025028676	4.510107
4490992	6276	-0.18781546	4.7491703
4490992	6277	-0.22393149	4.7787366
4490992	6278	-0.116165966	4.704626
4490992	6279	-0.22025171	4.7035475
4490992	6280	0.027453065	4.47215
4490992	6281	-0.13011321	4.5639277
4490992	6282	-0.15278873	4.609864
4490992	6283	-0.21097314	4.6733394
4490992	6284	-0.08958918	4.6132293
4490992	6285	0.33864456	4.2282267
4490992	6286	0.4013641	4.0456276
4490992	6287	0.45140398	4.0052943
4490992	6288	0.2994783	4.0551286
4490992	6289	0.17255408	4.2449155
4490992	6290	0.15302944	4.264243
4490992	6291	0.10772163	4.2338696
4490992	6292	0.09481424	4.289716
4490992	6293	0.22325623	4.0248923
4490992	6294	0.13741535	4.331356
4490992	6295	0.2678634	4.0851355
4490992	6296	-0.12868914	4.553367
4490992	6297	-0.28628802	4.686981
4490992	6298	-0.572283	4.9993596
4490992	6299	-0.6820433	5.146718
4490992	6300	-0.69798636	5.1224036
4490992	6301	-0.8153093	5.059498
4490992	6302	-0.58187485	4.927376
4490992	6303	-0.5791015	4.926594
4490992	6304	-0.70802265	5.061686
4490992	6305	-0.6399315	5.0984325
4490992	6306	-0.6811437	4.9718385
4490992	6307	-0.69394463	5.106321
4490992	6308	-0.7197904	5.224695
4490992	6309	-0.75635517	5.1234565
4490992	6310	-0.73757505	5.2282896
4490992	6311	-0.65217996	5.1140995
4490992	6312	-0.68093634	5.157395
4490992	6313	-0.24695173	4.632783
4490992	6314	0.055544674	4.594773
4490992	6315	-0.52180153	4.8965487
4490992	6316	0.034139752	4.578748
4490992	6317	0.07708049	4.5054264
4490992	6318	0.11756736	4.502274
4490992	6319	-0.0128315985	4.524488
4490992	6320	0.068116486	4.4287324
4490992	6321	-0.8996305	5.2485495
4490992	6322	-0.8655866	5.593147
4490992	6323	-0.678424	5.481559
4490992	6324	-0.92524934	5.6039014
4490992	6325	-0.98728144	5.5127406
4490992	6326	-1.0063624	5.585208
4490992	6327	-1.0407059	5.550144
4490992	6328	-1.0613081	5.6447506
4490992	6329	-1.1333506	5.7543845
4490992	6330	-1.1427917	5.737542
4490992	6331	-1.1890435	5.8435545
4490992	6332	-1.169328	5.833252
4490992	6333	-0.5931764	4.9450393
4490992	6334	-0.7332049	5.281862
4490992	6335	-0.6838186	5.3045244
4490992	6336	-0.68876606	5.3069077
4490992	6337	-0.73245573	5.3565607
4490992	6338	-0.74750155	5.3828154
4490992	6339	-0.73479295	5.4191184
4490992	6340	-0.97649837	5.2626834
4490992	6341	-1.0256925	5.533096
4490992	6342	-1.0444692	5.8317604
4490992	6343	-1.1497687	5.865069
4490992	6344	-0.8829921	5.3268456
4490992	6345	-0.5417658	5.122548
4490992	6346	-0.13216913	4.4946723
4490992	6347	0.34978622	4.0916395
4490992	6348	0.4396001	4.097902
4490992	6349	0.3926295	4.0584865
4490992	6350	1.1223377	3.3236656
4490992	6351	1.6487762	2.561095
4490992	6352	1.6264898	2.8729498
4490992	6353	1.8636936	2.5076883
4490992	6354	2.6204028	1.7934608
4490992	6355	2.4339952	2.3341553
4490992	6356	1.8698007	2.6968157
4490992	6357	2.3947372	2.095149
4490992	6358	2.3805394	2.25161
4490992	6359	1.6365956	2.988682
4490992	6360	1.2402765	3.39093
4490992	6361	1.0176831	3.770994
4490992	6362	1.1597489	3.5508845
4490992	6363	1.2530951	3.5857427
4490992	6364	1.0772973	3.8225453
4490992	6365	1.3703588	3.568711
4490992	6366	1.2104322	3.597286
4490992	6367	1.3176198	3.3164577
4490992	6368	1.1190429	3.622471
4490992	6369	1.0814704	3.7052386
4490992	6370	1.1384152	3.3849082
4490992	6371	1.4959527	3.3368967
4490992	6372	1.4413164	3.306167
4490992	6373	1.3395945	3.531611
4490992	6374	1.345898	3.2750251
4490992	6375	1.2642764	3.5890496
4490992	6376	1.3585615	3.307142
4490992	6377	1.4533406	3.474263
4490992	6378	1.2364593	3.4297943
4490992	6379	1.4540354	3.1422765
4490992	6380	1.1247038	3.5421097
4490992	6381	1.6835352	3.2442129
4490992	6382	2.0103378	2.9966156
4490992	6383	2.6094928	2.2831397
4490992	6384	2.4855542	2.681483
4490992	6385	2.229085	2.4552548
4490992	6386	2.1911197	2.3496513
4490992	6387	1.9280778	2.3789942
4490992	6388	2.3814626	2.2770758
4490992	6389	2.3626308	2.3373253
4490992	6390	3.6084294	1.1248354
4490992	6391	4.371248	0.89038587
4490992	6392	4.1878996	1.2272773
4490992	6393	4.7347536	0.96059215
4490992	6394	4.185425	0.5245135
4490992	6395	3.9790869	0.5521225
4490992	6396	4.0328135	0.37552086
4490992	6397	4.4583983	-0.10599032
4490992	6398	4.081125	0.0014443398
4490992	6399	3.7432423	0.25087616
4490992	6400	3.3468099	0.6017717
4490992	6401	3.075193	0.81120884
4490992	6402	3.139472	0.6430298
4490992	6403	3.0468516	0.75106645
4490992	6404	2.7976642	0.9143697
4490992	6405	2.916798	0.7694999
4490992	6406	2.869759	0.82284665
4490992	6407	2.4400835	1.3978313
4490992	6408	2.1006975	1.5542676
4490992	6409	2.1060371	1.5987194
4490992	6410	2.3967934	1.3085077
4490992	6411	2.273892	1.9832947
4490992	6412	2.348114	1.564841
4490992	6413	2.2116141	2.2996762
4490992	6414	2.202055	1.7794795
4490992	6415	1.8928548	2.1026082
4490992	6416	2.0187573	2.3537586
4490992	6417	1.6950883	2.1905432
4490992	6418	1.7454494	2.7416472
4490992	6419	1.5174106	2.4117799
4490992	6420	1.3975141	2.4559455
4490992	6421	1.6637107	2.0570173
4490992	6422	0.96638465	2.4490643
4490992	6423	1.0252947	2.2885344
4490992	6424	-0.7915858	1.144724
4490992	6425	-2.4803262	-0.8112836
4490992	6426	-2.888752	-3.3432567
4490992	6427	-3.0451097	-4.238639
4490992	6428	-2.7126884	-3.3968325
4490992	6429	-1.8914288	-3.442201
4490992	6430	-2.4532807	-4.451022
4490992	6431	-2.8497238	-4.670362
4490992	6432	-2.6060667	-3.901151
4490992	6433	-2.817751	-3.9893937
4490992	6434	-0.07469314	-3.4843624
4490992	6435	-1.450304	-3.3635023
4490992	6436	-1.5698744	-3.3425756
4490992	6437	-1.3662988	-1.6194959
4490992	6438	-1.9161102	-0.37232995
4490992	6439	-1.5878162	-1.3869288
4490992	6440	-1.3665056	-0.21080703
4490992	6441	-1.2038467	0.053135425
4490992	6442	-1.54169	0.09272674
4490992	6443	-1.4790273	-0.1336996
4490992	6444	-1.3155985	0.14720985
4490992	6445	-1.5094779	-0.30872044
4490992	6446	-1.6213585	-0.37355793
4490992	6447	-1.6173402	-0.26364732
4490992	6448	-1.8227061	0.54221845
4490992	6449	-1.9516214	0.58892834
4490992	6450	-1.3880316	1.6722603
4490992	6451	-1.6872095	0.61182046
4490992	6452	-1.1942835	1.5021695
4490992	6453	0.3196069	0.9325956
4490992	6454	-0.20691782	0.032413125
4490992	6455	0.8317666	-0.16099232
4490992	6456	1.6320647	0.13190559
4490992	6457	1.5835029	0.1626161
4490992	6458	1.8161489	-0.060466707
4490992	6459	1.1144309	0.62739027
4490992	6460	1.0496154	0.946434
4490992	6461	1.2773527	0.71927977
4490992	6462	1.2148472	0.566203
4490992	6463	1.1080071	0.72302353
4490992	6464	1.0871044	0.91085756
4490992	6465	0.6810113	1.3757904
4490992	6466	2.4475741	1.7282221
4490992	6467	1.803507	2.6068218
4490992	6468	3.0156455	2.940924
4490992	6469	2.069621	2.2066956
4490992	6470	1.7603921	2.7019649
4490992	6471	1.3619761	3.2692018
4490992	6472	1.4477817	2.8311899
4490992	6473	1.7433335	2.4908075
4490992	6474	0.1854837	0.12874213
4490992	6475	-2.2819362	-1.2253838
4490992	6476	-2.8120813	-1.1867304
4490992	6477	-2.2852268	-1.2976696
4490992	6478	-2.4591498	-1.6017585
4490992	6479	-3.5588427	-0.91323775
4490992	6480	-2.8061647	-1.711737
4490992	6481	-5.1779184	-3.1794963
4490992	6482	-4.728774	-5.3124824
4490992	6483	-3.6774998	-5.3783293
4490992	6484	-4.1549473	-5.36797
4490992	6485	-3.9360986	-6.036217
4490992	6486	-4.0895433	-6.2051506
4490992	6487	-4.0213447	-5.81441
4490992	6488	-4.309149	-5.7965083
4490992	6489	-2.6802225	-5.489551
4490992	6490	-2.1850128	2.8503242
4490992	6491	-1.0204561	4.3439302
4490992	6492	-1.2530584	5.3651843
4490992	6493	-1.3699481	5.5810494
4490992	6494	-1.7927028	5.7334747
4490992	6495	-2.4701083	5.721965
4490992	6496	-1.6338326	6.300721
4490992	6497	-2.0912762	6.888658
4490992	6498	-2.0149403	6.807626
4490992	6499	-1.9319788	6.743811
4490992	6500	-3.341949	6.60452
4490992	6501	-2.8826528	6.6791515
4490992	6502	-2.2799647	6.587329
4490992	6503	-2.2651396	6.8353577
4490992	6504	-2.294136	6.803207
4490992	6505	-2.424908	6.8209534
4490992	6506	-1.8444301	4.94771
4490992	6507	-2.363015	6.0722246
4490992	6508	-2.4665742	6.3019085
4490992	6509	-2.3981419	6.3777432
4490992	6510	-1.9685146	5.8250384
4490992	6511	-2.1386597	5.159232
4490992	6512	-0.8242592	4.1068764
4490992	6513	-0.8045229	4.191446
4490992	6514	-0.54131573	4.134273
4490992	6515	-0.97945976	4.7440057
4490992	6516	-1.3568864	5.412115
4490992	6517	-1.2574598	5.69017
4490992	6518	-1.6053169	5.8591375
4490992	6519	-1.3847091	5.671336
4490992	6520	-1.43875	5.727859
4490992	6521	-1.5104257	5.5678353
4490992	6522	-0.5041232	4.8742075
4490992	6523	-0.28830835	4.7651935
4490992	6524	0.27173257	3.9230888
4490992	6525	1.4549189	3.6014478
4490992	6526	1.7198313	3.329927
4490992	6527	1.7405573	3.567005
4490992	6528	1.2842158	3.6677544
4490992	6529	1.4803412	3.5338237
4490992	6530	1.2044556	3.885741
4490992	6531	2.0036383	2.8541174
4490992	6532	1.0107284	4.0342193
4490992	6533	1.5738975	3.3859892
4490992	6534	2.4348497	2.5330927
4490992	6535	1.0481938	3.909362
4490992	6536	0.5552708	4.4128485
4490992	6537	0.53286576	4.5040975
4490992	6538	0.7614516	4.1683035
4490992	6539	1.0347415	3.9073222
4490992	6540	1.3248354	3.8481376
4490992	6541	1.1638176	3.9670389
4490992	6542	1.2703704	4.116877
4490992	6543	1.3945572	3.462072
4490992	6544	1.6129211	3.6378486
4490992	6545	1.4469243	3.6539252
4490992	6546	1.4052874	3.8632915
4490992	6547	2.0619426	3.234559
4490992	6548	2.2889977	2.9728591
4490992	6549	2.409165	3.0203335
4490992	6550	1.5207914	3.8405383
4490992	6551	1.6136578	3.5838697
4490992	6552	1.0506343	3.9774935
4490992	6553	2.2397027	2.4229743
4490992	6554	2.8855834	1.9260619
4490992	6555	3.662034	1.3575513
4490992	6556	3.9648247	1.4283497
4490992	6557	4.1149273	1.4490819
4490992	6558	4.1516104	1.420843
4490992	6559	4.3064404	1.4191085
4490992	6560	4.259512	1.5407269
4490992	6561	4.4443436	0.93267
4490992	6562	4.3438077	1.3293608
4490992	6563	3.4984245	2.3600588
4490992	6564	3.1993275	2.6831098
4490992	6565	3.2587376	2.6794972
4490992	6566	2.9558406	2.902142
4490992	6567	2.84797	2.9793358
4490992	6568	2.3828793	3.5032163
4490992	6569	2.5010867	3.3353446
4490992	6570	2.1933732	3.6964543
4490992	6571	1.8130809	4.0565248
4490992	6572	1.4640986	4.2010775
4490992	6573	2.328576	2.9818063
4490992	6574	2.5061111	3.4648767
4490992	6575	2.2327013	3.593056
4490992	6576	2.0300603	3.7255604
4490992	6577	1.908192	3.9256637
4490992	6578	1.7168382	4.041967
4490992	6579	1.994305	3.563463
4490992	6580	1.8576096	4.0392475
4490992	6581	1.6179322	4.106519
4490992	6582	1.739173	3.785097
4490992	6583	2.0390658	3.9009202
4490992	6584	2.8694959	2.802223
4490992	6585	2.5557833	3.2232692
4490992	6586	2.6867886	2.6835818
4490992	6587	2.1837544	3.390944
4490992	6588	2.3215523	3.0719497
4490992	6589	2.2087178	3.4118135
4490992	6590	2.248097	3.0836122
4490992	6591	2.6834712	2.784541
4490992	6592	3.2719126	2.3114014
4490992	6593	4.627784	1.0402797
4490992	6594	4.5758796	1.0820764
4490992	6595	4.826024	0.78789616
4490992	6596	4.792034	1.1177411
4490992	6597	4.6275573	1.037378
4490992	6598	4.4510994	1.1448659
4490992	6599	4.7973285	0.4048631
4490992	6600	4.722901	0.66267204
4490992	6601	4.609082	0.82414615
4490992	6602	4.99224	0.46121368
4490992	6603	5.504746	0.014157593
4490992	6604	5.662207	0.19397953
4490992	6605	5.2661147	0.91140294
4490992	6606	5.039912	0.99369884
4490992	6607	5.1861444	0.7555578
4490992	6608	5.133426	0.94181526
4490992	6609	4.672277	1.5439098
4490992	6610	4.621661	0.74889445
4490992	6611	5.938787	0.10871014
4490992	6612	5.923263	0.1588814
4490992	6613	5.6746426	0.36528644
4490992	6614	5.8277726	0.25488415
4490992	6615	5.3197308	0.7219981
4490992	6616	5.4957733	0.42312887
4490992	6617	4.7094283	1.5565917
4490992	6618	4.9213185	1.3642479
4490992	6619	4.3475595	1.9893639
4490992	6620	4.551784	1.9755754
4490992	6621	4.8601213	1.4811295
4490992	6622	3.9825568	2.509061
4490992	6623	4.156572	2.569268
4490992	6624	3.6805024	2.978817
4490992	6625	1.2194798	2.544721
4490992	6626	1.3135446	2.319403
4490992	6627	3.7059574	2.9164135
4490992	6628	2.4619107	3.519234
4490992	6629	2.2274961	3.7413528
4490992	6630	1.7262746	4.0707774
4490992	6631	2.114695	3.6790364
4490992	6632	2.6513305	2.9754078
4490992	6633	3.568121	2.1444488
4490992	6634	3.5129023	2.7340336
4490992	6635	3.9377646	2.152576
4490992	6636	3.603528	2.3898766
4490992	6637	2.4209437	3.7352703
4490992	6638	1.8329314	4.2961345
4490992	6639	2.6348805	3.0815566
4490992	6640	3.574615	1.7360353
4490992	6641	3.9106388	1.717557
4490992	6642	3.9503613	1.382938
4490992	6643	5.127424	0.46231082
4490992	6644	4.5220203	1.4485415
4490992	6645	4.7350287	1.355349
4490992	6646	4.75698	1.3926872
4490992	6647	4.9489436	0.78402996
4490992	6648	5.234555	0.54239666
4490992	6649	5.180854	-0.78430235
4490992	6650	5.6932993	0.66361475
4490992	6651	5.81848	0.73002815
4490992	6652	5.874562	0.7002094
4490992	6653	5.9511237	0.64290905
4490992	6654	5.560206	0.540002
4490992	6655	5.509831	0.93033767
4490992	6656	4.8635516	1.5662413
4490992	6657	5.037786	1.413704
4490992	6658	5.372183	0.5669575
4490992	6659	5.133379	0.82313895
4490992	6660	4.6748405	1.4538424
4490992	6661	4.737194	1.3746998
4490992	6662	4.7827106	1.4766302
4490992	6663	5.2151823	0.6234565
4490992	6664	5.3105364	0.7564999
4490992	6665	4.679548	1.3819299
4490992	6666	4.49315	1.5116038
4490992	6667	4.7494903	1.3012992
4490992	6668	4.76968	1.2682006
4490992	6669	4.256327	1.7274594
4490992	6670	4.685574	1.1885861
4490992	6671	4.3238764	1.5591371
4490992	6672	4.0186067	2.0674078
4490992	6673	4.009842	2.107509
4490992	6674	4.0098042	1.050013
4490992	6675	4.7271113	1.3386112
4490992	6676	5.069927	1.1878244
4490992	6677	4.4243264	1.8388135
4490992	6678	4.0899887	2.3215423
4490992	6679	3.893178	2.3618712
4490992	6680	3.9166594	2.4636583
4490992	6681	3.7144065	2.5631227
4490992	6682	3.7376595	2.5424588
4490992	6683	3.5432167	2.8664603
4490992	6684	4.447582	1.932847
4490992	6685	4.6375203	1.8650136
4490992	6686	4.250226	2.351658
4490992	6687	3.851656	2.5932815
4490992	6688	3.7199588	2.6553473
4490992	6689	3.8745532	2.3818333
4490992	6690	4.076877	2.120221
4490992	6691	4.0358834	2.2578952
4490992	6692	3.9621077	2.197573
4490992	6693	3.929049	2.3139975
4490992	6694	3.924738	2.253953
4490992	6695	4.5535593	1.4787819
4490992	6696	4.66825	1.5810077
4490992	6697	4.5244365	1.7182608
4490992	6698	4.637413	1.6136134
4490992	6699	4.7644234	1.5365071
4490992	6700	5.29572	0.79130363
4490992	6701	5.5032353	0.7078388
4490992	6702	5.149328	-0.45959702
4490992	6703	4.9410276	-0.28591603
4490992	6704	4.279171	0.23969814
4490992	6705	4.291282	0.30033162
4490992	6706	4.328489	0.116707355
4490992	6707	4.006487	0.38361493
4490992	6708	4.2328224	0.1605126
4490992	6709	4.0294085	0.3281406
4490992	6710	4.322704	0.122686535
4490992	6711	3.7433453	0.6432736
4490992	6712	3.5508118	0.7872908
4490992	6713	4.3684897	1.6771579
4490992	6714	4.8145156	1.4191284
4490992	6715	4.7858768	1.4798374
4490992	6716	4.742198	1.5800018
4490992	6717	4.7635136	1.5338355
4490992	6718	4.6162043	1.6508818
4490992	6719	4.7334304	1.536956
4490992	6720	4.825606	1.3759717
4490992	6721	4.896379	1.3372493
4490992	6722	4.9737844	1.2461039
4490992	6723	4.838957	1.3412001
4490992	6724	4.581739	1.778544
4490992	6725	4.9315767	1.202328
4490992	6726	5.038701	1.1737527
4490992	6727	4.9459515	1.2522538
4490992	6728	4.8758492	1.3503321
4490992	6729	5.1680098	1.0118636
4490992	6730	4.3883743	2.1388724
4490992	6731	4.2038827	2.3089764
4490992	6732	4.201484	2.3346508
4490992	6733	3.961532	2.6188858
4490992	6734	3.9119225	2.7304282
4490992	6735	4.104435	2.3982987
4490992	6736	4.171448	2.4623783
4490992	6737	3.858564	2.7496328
4490992	6738	4.1315417	2.5198843
4490992	6739	3.7603722	2.9467733
4490992	6740	3.6357155	2.9775934
4490992	6741	3.535787	3.126833
4490992	6742	2.5987563	4.291876
4490992	6743	2.1816273	4.652303
4490992	6744	1.9431576	4.8074093
4490992	6745	1.4469323	5.3037663
4490992	6746	1.3940072	5.4391675
4490992	6747	0.8337151	5.9298787
4490992	6748	0.5483657	6.174598
4490992	6749	0.5192059	6.2282987
4490992	6750	0.018105745	5.9488006
4490992	6751	-0.12765792	6.2016144
4490992	6752	-0.070688665	6.2939534
4490992	6753	0.018472314	6.264474
4490992	6754	0.048115313	6.261364
4490992	6755	0.059814095	6.2624
4490992	6756	0.06924969	6.2885084
4490992	6757	0.08557439	6.280226
4490992	6758	0.24164712	6.0023594
4490992	6759	0.16749394	6.059677
4490992	6760	0.45001256	5.7006245
4490992	6761	0.964152	5.1188936
4490992	6762	0.78798914	5.1410403
4490992	6763	0.57367647	5.2746863
4490992	6764	0.50314903	5.320556
4490992	6765	0.51713073	5.305794
4490992	6766	0.4363193	5.3865886
4490992	6767	0.43505305	5.2736964
4490992	6768	0.9641913	4.8968277
4490992	6769	0.597172	5.0434246
4490992	6770	0.027415276	5.556441
4490992	6771	-0.029337436	5.6487446
4490992	6772	0.2020638	5.5361238
4490992	6773	0.1456564	5.4831996
4490992	6774	0.053371668	5.4922624
4490992	6775	0.16148382	5.5113826
4490992	6776	0.44046885	5.18813
4490992	6777	0.2433964	5.324449
4490992	6778	0.5065807	5.2289667
4490992	6779	0.37647533	5.312041
4490992	6780	0.50042	5.145902
4490992	6781	0.45343262	5.196154
4490992	6782	0.38108963	5.2897778
4490992	6783	0.36576307	5.3029895
4490992	6784	0.5317936	5.1911182
4490992	6785	0.49108112	5.168034
4490992	6786	0.61035764	5.0495424
4490992	6787	0.75834596	5.0358396
4490992	6788	-0.5257117	3.717034
4490992	6789	-0.4763419	3.487526
4490992	6790	-0.26317847	3.66762
4490992	6791	-0.18206936	3.316221
4490992	6792	-0.19591185	3.2191472
4490992	6793	-0.25312084	3.3747056
4490992	6794	0.17500144	2.937176
4490992	6795	-0.25393656	3.3991556
4490992	6796	-0.35532683	3.382895
4490992	6797	-0.35341322	3.400664
4490992	6798	-0.34336033	3.257884
4490992	6799	-0.32414478	3.0754023
4490992	6800	0.05445683	2.8049686
4490992	6801	0.4411903	2.430663
4490992	6802	1.7445146	2.0609982
4490992	6803	1.9438494	1.98715
4490992	6804	1.4872136	3.0272171
4490992	6805	1.1133107	3.5306516
4490992	6806	1.819944	2.3856714
4490992	6807	1.8161129	2.4091206
4490992	6808	2.073658	2.214094
4490992	6809	2.5791826	1.6490119
4490992	6810	2.9239755	1.5210259
4490992	6811	2.7818956	1.574753
4490992	6812	3.077958	1.4492596
4490992	6813	3.2162495	1.506498
4490992	6814	3.4363751	1.3877987
4490992	6815	3.3686862	1.3258696
4490992	6816	3.384118	1.4439315
4490992	6817	3.40661	1.1990954
4490992	6818	3.5444722	1.274437
4490992	6819	3.8293304	0.83139646
4490992	6820	3.839374	0.88511086
4490992	6821	3.879506	0.8443943
4490992	6822	3.8451095	0.8847157
4490992	6823	3.4318604	1.6188807
4490992	6824	3.7589908	0.9996207
4490992	6825	3.8757968	0.9687898
4490992	6826	3.938263	0.94334674
4490992	6827	3.80435	0.99106026
4490992	6828	3.929935	0.90983415
4490992	6829	3.9510384	0.8151587
4490992	6830	4.003597	0.88355863
4490992	6831	3.9705482	0.9561589
4490992	6832	3.7482758	1.0602803
4490992	6833	3.876031	0.97427785
4490992	6834	4.1323075	0.79870915
4490992	6835	4.083753	0.71446407
4490992	6836	4.2410297	0.65746987
4490992	6837	4.4236445	0.53283286
4490992	6838	4.3316474	0.47398672
4490992	6839	4.5336647	2.063451
4490992	6840	4.208537	2.1562114
4490992	6841	4.236259	2.053457
4490992	6842	4.4826684	1.7540786
4490992	6843	4.370102	1.9284062
4490992	6844	4.937158	1.1499649
4490992	6845	5.2711945	0.85873044
4490992	6846	5.532779	0.62263596
4490992	6847	5.4823895	0.7290968
4490992	6848	5.455121	0.6928555
4490992	6849	5.1241727	1.2154274
4490992	6850	5.242819	0.8754606
4490992	6851	4.975475	-0.379925
4490992	6852	5.281993	-0.5604879
4490992	6853	5.126329	-0.40823352
4490992	6854	5.5341606	0.77173233
4490992	6855	5.37593	0.55210376
4490992	6856	4.1737976	0.37529305
4490992	6857	4.3266745	0.48780444
4490992	6858	4.5999923	0.31548336
4490992	6859	5.4381056	0.8036804
4490992	6860	4.7587814	1.5578575
4490992	6861	4.8577247	1.2631274
4490992	6862	4.7104063	1.6531975
4490992	6863	4.91163	1.1306825
4490992	6864	5.120948	0.8403337
4490992	6865	3.8162885	0.36178294
4490992	6866	3.6842008	0.6245177
4490992	6867	5.0701256	1.2146869
4490992	6868	4.2632217	1.9928913
4490992	6869	4.4731984	1.4942505
4490992	6870	5.2197948	0.7085843
4490992	6871	5.5351577	0.05924508
4490992	6872	5.750838	0.038143158
4490992	6873	4.5958557	-0.22708324
4490992	6874	4.6554546	0.06792125
4490992	6875	5.448279	0.70857084
4490992	6876	4.9909143	0.8620939
4490992	6877	5.189671	0.7785208
4490992	6878	5.6219525	0.071847826
4490992	6879	4.504889	-0.16807988
4490992	6880	4.6163697	0.10412279
4490992	6881	4.515952	-1.0575368
4490992	6882	4.33013	0.02912572
4490992	6883	5.0323563	-0.50522757
4490992	6884	5.1612806	-0.80679
4490992	6885	5.079989	-0.864817
4490992	6886	5.5560303	0.62514424
4490992	6887	5.046696	-1.1498209
4490992	6888	4.8022685	1.0904652
4490992	6889	5.086385	1.0154473
4490992	6890	4.600697	1.3898113
4490992	6891	2.4840941	1.2901429
4490992	6892	2.9236388	1.1597937
4490992	6893	3.1270618	1.0477552
4490992	6894	2.7705588	1.5223341
4490992	6895	3.2643638	1.0062681
4490992	6896	3.654707	0.63729346
4490992	6897	3.448461	0.8907974
4490992	6898	4.870935	1.2005115
4490992	6899	4.7683554	1.0973372
4490992	6900	4.6952477	0.9287957
4490992	6901	4.6672435	0.826077
4490992	6902	4.978649	0.4745604
4490992	6903	4.734151	0.6948253
4490992	6904	4.582643	0.8841231
4490992	6905	4.600955	0.8294277
4490992	6906	4.5562816	0.8968055
4490992	6907	4.544464	0.86511445
4490992	6908	4.642279	0.7746879
4490992	6909	5.153163	0.26126066
4490992	6910	3.3259487	-0.25591508
4490992	6911	3.4436822	0.12278256
4490992	6912	5.2643785	0.25022617
4490992	6913	4.7616343	0.3772771
4490992	6914	4.847639	0.392265
4490992	6915	3.5180626	1.1278242
4490992	6916	3.7526622	1.5514605
4490992	6917	3.507403	2.0018308
4490992	6918	3.414546	2.213954
4490992	6919	3.396531	2.3457987
4490992	6920	3.3093495	2.4449213
4490992	6921	3.4313064	2.438665
4490992	6922	3.697814	2.1709146
4490992	6923	3.8176908	2.0494745
4490992	6924	3.7498274	2.0439296
4490992	6925	3.8914294	1.8812282
4490992	6926	4.867927	0.8713454
4490992	6927	3.8289027	-0.23519911
4490992	6928	3.9243317	0.067343205
4490992	6929	3.3567734	0.41918597
4490992	6930	3.6240444	0.4621705
4490992	6931	3.4105392	0.73446107
4490992	6932	3.4278727	0.76657975
4490992	6933	3.178269	0.9435319
4490992	6934	2.4913397	1.8058825
4490992	6935	1.6548175	3.2319968
4490992	6936	1.3293604	3.6964867
4490992	6937	1.3140966	3.2388136
4490992	6938	1.240269	3.1128461
4490992	6939	1.4460788	2.8015516
4490992	6940	1.3827069	2.8702788
4490992	6941	1.3972416	2.8627768
4490992	6942	1.4098476	2.7992868
4490992	6943	1.4242661	2.7520783
4490992	6944	1.4693117	2.6544914
4490992	6945	1.6329461	2.436808
4490992	6946	1.6027108	2.5038872
4490992	6947	1.6483847	2.4335077
4490992	6948	1.6729637	2.3661397
4490992	6949	1.8238863	2.1808493
4490992	6950	1.7605029	2.2725365
4490992	6951	1.9344112	2.0603948
4490992	6952	1.8505784	2.1716263
4490992	6953	1.8710722	2.1326451
4490992	6954	2.102553	2.3457243
4490992	6955	2.6803107	2.220688
4490992	6956	2.9286904	2.1688128
4490992	6957	2.4006047	2.7210562
4490992	6958	2.8547163	2.1391234
4490992	6959	3.1935587	1.9067423
4490992	6960	3.2585263	2.0346928
4490992	6961	3.1302638	2.123835
4490992	6962	3.3061614	1.8159151
4490992	6963	3.4504733	1.7836902
4490992	6964	3.5115924	1.762655
4490992	6965	3.688282	1.6189184
4490992	6966	4.258756	1.121882
4490992	6967	4.182956	1.1174294
4490992	6968	4.6074653	0.6822468
4490992	6969	3.8258057	-0.23126641
4490992	6970	2.9965024	0.36576596
4490992	6971	3.77029	0.23461571
4490992	6972	3.422277	0.66271603
4490992	6973	3.8005166	0.51865554
4490992	6974	4.1528873	0.23838815
4490992	6975	4.3703437	-0.078983665
4490992	6976	4.4849095	-0.12921906
4490992	6977	4.6407843	-0.2185625
4490992	6978	4.3744974	-0.121133775
4490992	6979	4.006357	0.15020803
4490992	6980	3.8170176	0.29904982
4490992	6981	3.8166852	0.22418347
4490992	6982	3.6923223	0.35065255
4490992	6983	3.7514367	0.2929761
4490992	6984	4.491549	1.1980808
4490992	6985	4.395209	1.4488039
4490992	6986	4.0815263	1.7479966
4490992	6987	4.412534	1.3811266
4490992	6988	4.080145	1.74249
4490992	6989	4.190151	1.6048486
4490992	6990	4.3005843	1.4935932
4490992	6991	4.3948135	1.3415793
4490992	6992	4.578168	1.1213028
4490992	6993	4.591249	1.0392307
4490992	6994	3.6303673	-0.088181525
4490992	6995	3.3130493	0.5117153
4490992	6996	3.4528556	0.44501564
4490992	6997	3.4519725	0.3117942
4490992	6998	3.1507444	0.6429173
4490992	6999	3.1053886	0.7262776
4490992	7000	2.9473662	0.89580286
4490992	7001	3.5000196	0.4317768
4490992	7002	3.661765	0.294741
4490992	7003	3.662662	0.3649769
4490992	7004	3.4179168	0.41340938
4490992	7005	3.9810324	0.02119115
4490992	7006	4.6981325	-0.70615983
4490992	7007	3.6900325	-1.094595
4490992	7008	4.125076	0.02229312
4490992	7009	4.521637	-0.19376126
4490992	7010	4.526134	-0.17253757
4490992	7011	4.190244	-0.10619065
4490992	7012	4.867504	-0.41512635
4490992	7013	4.5378523	-0.64224124
4490992	7014	4.315412	-1.5716993
4490992	7015	5.108451	-0.69807374
4490992	7016	4.433117	0.62557447
4490992	7017	3.1052766	0.4298239
4490992	7018	2.4065118	1.2329822
4490992	7019	2.1942759	1.3473041
4490992	7020	2.1571083	1.3522322
4490992	7021	2.383264	1.2176236
4490992	7022	4.180572	1.2456421
4490992	7023	2.862609	2.4584222
4490992	7024	2.6902337	2.4615068
4490992	7025	2.6165843	0.39890537
4490992	7026	4.427408	-0.827415
4490992	7027	4.5024004	0.54801226
4490992	7028	4.460549	0.91559505
4490992	7029	4.7872877	0.66965497
4490992	7030	4.8211436	0.64414084
4490992	7031	3.76517	1.3815287
4490992	7032	2.9211054	0.19010183
4490992	7033	2.5107493	1.0936965
4490992	7034	2.3910933	1.1091496
4490992	7035	2.5566373	1.024834
4490992	7036	2.7176557	0.7948235
4490992	7037	3.0232825	0.7267972
4490992	7038	3.2300372	0.43828002
4490992	7039	3.2411718	0.73807526
4490992	7040	3.2350888	0.5902525
4490992	7041	3.9663076	-0.012161285
4490992	7042	4.881869	-0.8698784
4490992	7043	4.269946	-0.18396243
4490992	7044	4.343076	-0.3017702
4490992	7045	4.3592496	-0.3574334
4490992	7046	4.847453	-1.735154
4490992	7047	4.460832	-1.0704052
4490992	7048	4.199547	-1.0985208
4490992	7049	4.1695266	-1.1544052
4490992	7050	4.132315	-1.1612011
4490992	7051	4.575659	-0.45720688
4490992	7052	4.724261	-0.38305205
4490992	7053	4.863466	-0.5102865
4490992	7054	4.604333	0.69642854
4490992	7055	5.0010233	0.4569501
4490992	7056	4.96777	0.5835526
4490992	7057	4.5790496	0.9392357
4490992	7058	4.4629908	1.1421349
4490992	7059	4.0934114	-0.31406498
4490992	7060	3.7115006	0.08790687
4490992	7061	4.322405	-0.2657752
4490992	7062	4.5490007	0.9454888
4490992	7063	4.9634204	0.7797642
4490992	7064	3.804079	1.7836156
4490992	7065	3.2029066	2.4177284
4490992	7066	3.9389887	1.7804856
4490992	7067	3.5872664	1.8671033
4490992	7068	3.196115	2.2898803
4490992	7069	3.8480062	1.9587657
4490992	7070	3.741085	1.8152871
4490992	7071	3.6295156	1.5837493
4490992	7072	3.6712017	1.8385444
4490992	7073	3.4987373	2.1280804
4490992	7074	3.4890742	2.2103279
4490992	7075	3.655301	2.1243384
4490992	7076	3.7589402	2.0632458
4490992	7077	3.6223927	2.1661937
4490992	7078	3.8603406	1.9601955
4490992	7079	3.9565911	1.9021299
4490992	7080	3.8568306	2.0031254
4490992	7081	2.2133498	1.4723109
4490992	7082	2.3577104	1.156417
4490992	7083	3.64285	1.3644083
4490992	7084	3.4861746	2.1102486
4490992	7085	1.7270077	1.9062197
4490992	7086	2.057065	1.4842942
4490992	7087	2.2626615	1.4986414
4490992	7088	2.1498656	1.8222895
4490992	7089	2.5435739	1.266311
4490992	7090	2.5519633	1.4565648
4490992	7091	2.686676	1.3245647
4490992	7092	2.9544797	1.0765564
4490992	7093	2.8284564	1.3710959
4490992	7094	2.0027537	1.7025187
4490992	7095	3.3612165	1.9927409
4490992	7096	3.75979	1.9181352
4490992	7097	3.8903737	1.9732299
4490992	7098	1.7509412	1.7386346
4490992	7099	2.1812582	1.6736627
4490992	7100	2.1271086	1.9182291
4490992	7101	3.0488534	1.0377953
4490992	7102	2.82827	1.129862
4490992	7103	2.686356	1.4039528
4490992	7104	2.9629045	0.9938464
4490992	7105	3.4078617	0.91375446
4490992	7106	3.1289926	0.89006555
4490992	7107	3.4928236	1.8031771
4490992	7108	3.8326879	1.9399853
4490992	7109	3.625527	2.1621332
4490992	7110	3.5066595	2.397952
4490992	7111	3.5593958	2.478453
4490992	7112	1.3543992	0.39218304
4490992	7113	0.5904509	-0.23918451
4490992	7114	1.0551041	-0.47862616
4490992	7115	1.5899268	-1.2062988
4490992	7116	3.4427638	-0.88451403
4490992	7117	3.2139988	-0.6704254
4490992	7118	3.3136659	-0.5634155
4490992	7119	2.4077706	-0.05872959
4490992	7120	2.1158533	0.16251794
4490992	7121	1.8925399	0.17643973
4490992	7122	3.3286967	0.73165107
4490992	7123	4.262595	-0.09689364
4490992	7124	4.1858134	-0.03128317
4490992	7125	4.596787	-0.32443637
4490992	7126	4.828101	-0.6454538
4490992	7127	4.5344563	0.5069959
4490992	7128	4.5616016	0.99415183
4490992	7129	3.9981852	-0.5154515
4490992	7130	4.266948	-0.42593527
4490992	7131	4.2014093	-0.33965594
4490992	7132	4.2965674	-0.39943647
4490992	7133	3.5892196	0.36002806
4490992	7134	3.611281	0.15083316
4490992	7135	3.8747802	0.14275643
4490992	7136	4.013164	0.0464451
4490992	7137	3.928227	0.23350415
4490992	7138	3.7066855	0.2434909
4490992	7139	4.8699656	-0.71281224
4490992	7140	3.9922934	0.032156795
4490992	7141	3.5371141	0.75087047
4490992	7142	3.4090252	0.5583656
4490992	7143	3.0252776	1.2138996
4490992	7144	3.0084	1.1907837
4490992	7145	2.6358156	1.4258147
4490992	7146	2.8292432	1.3567966
4490992	7147	2.8154292	1.5497613
4490992	7148	2.379405	1.830523
4490992	7149	2.8287187	1.240982
4490992	7150	2.892055	1.0892706
4490992	7151	3.6003036	-1.0309006
4490992	7152	3.737636	-0.733266
4490992	7153	3.8035479	-1.051983
4490992	7154	3.9481378	0.17747912
4490992	7155	4.1772614	0.2263169
4490992	7156	3.925583	0.41353038
4490992	7157	3.7969394	0.39210442
4490992	7158	3.8278575	0.3082722
4490992	7159	3.598854	0.5162375
4490992	7160	3.633183	0.2912751
4490992	7161	4.367087	-0.21652465
4490992	7162	5.1861	-0.91605836
4490992	7163	5.288934	-0.07240957
4490992	7164	5.1459913	0.41407284
4490992	7165	5.1275516	0.4114934
4490992	7166	4.931114	-1.8474414
4490992	7167	4.859172	-1.7068805
4490992	7168	4.5431714	-1.9128511
4490992	7169	4.5852757	-1.029975
4490992	7170	4.99612	-1.155763
4490992	7171	5.0695353	-1.2701855
4490992	7172	4.2919607	-1.5474727
4490992	7173	4.5175557	-1.7372683
4490992	7174	4.518614	-1.8164116
4490992	7175	3.3420668	-1.7314228
4490992	7176	3.3609958	-1.537881
4490992	7177	3.4039779	-1.6494199
4490992	7178	4.3462014	-1.4900297
4490992	7179	3.958333	-1.2107778
4490992	7180	4.228674	-1.2108092
4490992	7181	3.6195512	-0.83911276
4490992	7182	3.8980942	-1.0029579
4490992	7183	3.7190742	0.2937354
4490992	7184	3.9392552	0.2152774
4490992	7185	5.248553	-0.96604836
4490992	7186	4.155314	-1.2374129
4490992	7187	5.680386	-0.92165995
4490992	7188	4.938005	0.309459
4490992	7189	2.8344026	0.5613283
4490992	7190	3.0640225	-0.87647897
4490992	7191	3.2463956	0.6148362
4490992	7192	3.39222	0.61803734
4490992	7193	2.7976398	1.1592404
4490992	7194	2.6593342	1.4913706
4490992	7195	2.1434736	1.9293942
4490992	7196	4.2827044	1.2389891
4490992	7197	4.127942	-0.26118577
4490992	7198	1.5406157	1.0548459
4490992	7199	3.6199841	0.35620555
4490992	7200	3.5878282	0.29034606
4490992	7201	3.401544	0.4430444
4490992	7202	3.2581306	0.57681096
4490992	7203	3.2145205	0.5417999
4490992	7204	3.2996893	0.6437777
4490992	7205	3.1122823	0.69796026
4490992	7206	1.6738647	1.7890658
4490992	7207	1.3096545	2.732998
4490992	7208	1.1328691	3.0648088
4490992	7209	1.0862892	3.152745
4490992	7210	1.7920176	-0.16126987
4490992	7211	1.3771098	-2.699386
4490992	7212	1.8775784	-2.4925969
4490992	7213	2.394648	-2.6400537
4490992	7214	2.7494211	-2.1274726
4490992	7215	2.693791	-1.7738743
4490992	7216	2.2631178	-1.2247429
4490992	7217	2.8682246	-1.7076012
4490992	7218	3.5526223	-1.7560205
4490992	7219	3.7189784	-1.9281462
4490992	7220	3.793171	-2.0104501
4490992	7221	3.3513637	-1.7764701
4490992	7222	3.1464396	-1.680861
4490992	7223	3.163035	-1.6597757
4490992	7224	3.0925417	-1.6446164
4490992	7225	3.1632757	-1.6359588
4490992	7226	3.2810507	-0.6105506
4490992	7227	3.4248805	-0.7546525
4490992	7228	3.1275249	-0.68494695
4490992	7229	4.180401	-1.5700706
4490992	7230	4.4609256	-1.7762468
4490992	7231	4.304284	-1.7300135
4490992	7232	3.63912	-1.0666187
4490992	7233	2.4460459	0.072491676
4490992	7234	3.0585399	0.7074355
4490992	7235	3.1688552	0.47627744
4490992	7236	3.1868253	-0.9712248
4490992	7237	2.858585	-0.66339636
4490992	7238	2.590217	-0.6275964
4490992	7239	2.2121758	-0.3008513
4490992	7240	2.211197	-0.3718416
4490992	7241	2.2562265	-0.49671018
4490992	7242	2.800449	-0.88267165
4490992	7243	3.8639174	0.10677716
4490992	7244	3.683076	0.090658575
4490992	7245	3.0539799	1.7441967
4490992	7246	3.7498274	1.1618505
4490992	7247	3.9081445	1.4017721
4490992	7248	5.100361	-0.3966558
4490992	7249	5.2175417	-0.279041
4490992	7250	5.173319	-0.2684682
4490992	7251	4.464523	0.48025128
4490992	7252	4.1859064	0.7094736
4490992	7253	3.8730607	1.2947577
4490992	7254	3.8283906	1.359296
4490992	7255	2.5798984	0.81165946
4490992	7256	2.2790327	0.97843206
4490992	7257	2.3809323	0.89758265
4490992	7258	2.2580743	1.1365575
4490992	7259	1.8941056	1.8031802
4490992	7260	1.7673055	1.6322913
4490992	7261	1.2256149	2.332744
4490992	7262	0.62965035	3.3378782
4490992	7263	0.80542135	3.2111306
4490992	7264	0.34701538	3.6368368
4490992	7265	1.5659431	3.735027
4490992	7266	1.6492482	3.5516946
4490992	7267	1.8927268	3.2588594
4490992	7268	2.1270761	3.082697
4490992	7269	2.3010812	2.9066215
4490992	7270	2.1121979	3.4326603
4490992	7271	2.004315	3.1434717
4490992	7272	2.0508037	2.7802505
4490992	7273	2.6597643	2.749114
4490992	7274	2.7748723	2.5743163
4490992	7275	2.9787774	2.0485427
4490992	7276	3.3531475	2.0629523
4490992	7277	2.873456	2.3591936
4490992	7278	2.7928867	2.2503498
4490992	7279	3.0621371	2.2591166
4490992	7280	2.7010674	2.7707555
4490992	7281	2.735104	2.6718493
4490992	7282	2.6670818	2.5878456
4490992	7283	2.9422288	2.5081816
4490992	7284	2.9827409	2.3158948
4490992	7285	4.714832	0.45145306
4490992	7286	4.4832373	0.7734648
4490992	7287	4.642845	0.7710068
4490992	7288	4.7836957	0.6067555
4490992	7289	5.0362325	0.3572559
4490992	7290	4.490014	0.8178985
4490992	7291	3.6505742	1.6691103
4490992	7292	3.203847	1.9175882
4490992	7293	3.1235943	2.1073642
4490992	7294	3.108944	2.2303739
4490992	7295	3.0781412	2.2114322
4490992	7296	3.1769814	2.1628916
4490992	7297	2.7161908	3.171716
4490992	7298	1.8760265	3.4637103
4490992	7299	2.0639849	3.5281754
4490992	7300	1.5561343	3.9678047
4490992	7301	1.501201	4.0048194
4490992	7302	1.0828506	4.509542
4490992	7303	1.0779246	4.4657516
4490992	7304	1.20717	4.353465
4490992	7305	1.329182	4.297408
4490992	7306	1.4319687	4.2315483
4490992	7307	1.515191	4.2968397
4490992	7308	1.1731942	4.4799843
4490992	7309	1.0009748	4.58268
4490992	7310	0.95671046	4.733646
4490992	7311	0.83620524	4.691212
4490992	7312	0.9178475	4.7274237
4490992	7313	1.0414823	4.488543
4490992	7314	0.8347912	4.9700685
4490992	7315	1.3651469	4.38218
4490992	7316	1.2519271	4.504144
4490992	7317	0.74041784	4.776651
4490992	7318	0.70172226	4.668595
4490992	7319	1.5698358	3.918565
4490992	7320	1.5633243	3.9411542
4490992	7321	1.5517586	3.9914234
4490992	7322	1.6220788	3.9171598
4490992	7323	1.6091608	4.129355
4490992	7324	1.538632	3.9355037
4490992	7325	2.164116	3.5361269
4490992	7326	2.6853485	3.0738063
4490992	7327	3.570238	2.707544
4490992	7328	4.065761	2.2263603
4490992	7329	4.395748	1.978724
4490992	7330	4.4678206	1.7678916
4490992	7331	4.3264866	1.8479393
4490992	7332	3.8586798	2.219804
4490992	7333	3.5505981	2.5765262
4490992	7334	3.4312353	2.7064905
4490992	7335	3.4295888	2.729894
4490992	7336	3.679834	2.53452
4490992	7337	3.939784	2.302277
4490992	7338	3.999096	2.2397118
4490992	7339	3.9634933	2.2869713
4490992	7340	3.898265	2.3302963
4490992	7341	4.038514	2.2192814
4490992	7342	4.0138574	2.2361183
4490992	7343	4.0109973	2.2642412
4490992	7344	3.797099	2.4757373
4490992	7345	3.723207	2.5406208
4490992	7346	3.7852821	2.5011396
4490992	7347	3.6667619	2.611242
4490992	7348	3.6703548	2.620859
4490992	7349	3.6686268	2.6032898
4490992	7350	3.7004175	2.5883017
4490992	7351	3.550303	2.737188
4490992	7352	3.234014	3.0161824
4490992	7353	3.2433453	3.0081358
4490992	7354	3.5484118	2.7089357
4490992	7355	3.9141493	2.3995798
4490992	7356	3.9558015	2.371202
4490992	7357	3.7983751	2.5358384
4490992	7358	3.8239021	2.5079534
4490992	7359	3.7015595	2.6396255
4490992	7360	3.5787792	2.746636
4490992	7361	3.6263127	2.712859
4490992	7362	3.7942567	2.5433106
4490992	7363	4.0105014	2.3487456
4490992	7364	5.1838055	-0.9050453
4490992	7365	4.8408475	-0.21651241
4490992	7366	4.7197013	-0.115107566
4490992	7367	4.783362	-0.26504365
4490992	7368	4.104702	0.47111598
4490992	7369	4.2737503	0.31736073
4490992	7370	4.504217	0.033860147
4490992	7371	4.043885	0.42632648
4490992	7372	4.123721	0.33649835
4490992	7373	4.1554613	0.33378336
4490992	7374	4.3792624	0.16631356
4490992	7375	4.250063	0.24150571
4490992	7376	4.779043	1.1172091
4490992	7377	4.911054	1.2836312
4490992	7378	4.963378	1.2932554
4490992	7379	4.964359	1.3357892
4490992	7380	4.972576	1.0878763
4490992	7381	4.7255206	1.3177812
4490992	7382	4.713196	1.3173089
4490992	7383	4.6762094	1.2904147
4490992	7384	5.0344195	0.7639152
4490992	7385	5.5149117	0.10256401
4490992	7386	5.434391	0.14940354
4490992	7387	5.971875	-0.8273183
4490992	7388	5.666057	-0.61513364
4490992	7389	5.661039	-0.6170673
4490992	7390	5.212242	-2.0338566
4490992	7391	5.203244	-1.1746286
4490992	7392	4.9948854	-1.0361242
4490992	7393	4.9950976	0.41124943
4490992	7394	4.822955	-0.97062826
4490992	7395	4.2272153	-0.36105376
4490992	7396	4.219804	-0.24048516
4490992	7397	3.4348893	0.4769226
4490992	7398	3.2904549	0.5973538
4490992	7399	3.1917262	0.65368533
4490992	7400	3.1196513	0.641436
4490992	7401	3.1090727	0.71316993
4490992	7402	3.0549903	0.7082515
4490992	7403	3.0510573	0.88446283
4490992	7404	3.0511813	0.75621414
4490992	7405	3.1418009	0.8599272
4490992	7406	3.2116046	0.83127356
4490992	7407	2.9860353	0.8947865
4490992	7408	4.0596952	1.6336706
4490992	7409	4.155461	1.6368005
4490992	7410	4.0545187	1.67745
4490992	7411	4.198926	1.5433133
4490992	7412	4.2806354	1.3681852
4490992	7413	4.6657753	0.8584442
4490992	7414	4.705393	0.86039436
4490992	7415	4.7565393	0.81281054
4490992	7416	4.8555837	0.67160785
4490992	7417	4.588792	0.98741126
4490992	7418	4.5388813	1.03472
4490992	7419	4.5666804	1.0223386
4490992	7420	4.537584	1.0646918
4490992	7421	5.0046544	0.52413094
4490992	7422	4.668395	0.7949532
4490992	7423	4.674792	0.91622186
4490992	7424	5.1679373	0.36346373
4490992	7425	2.7094312	0.20880267
4490992	7426	2.9073043	0.45216027
4490992	7427	2.9811554	0.49702206
4490992	7428	3.0898213	0.607936
4490992	7429	2.9682784	0.6153172
4490992	7430	2.8555555	0.98104966
4490992	7431	3.1761227	0.77122295
4490992	7432	3.841949	1.7517853
4490992	7433	3.6811395	1.9398196
4490992	7434	3.6240644	2.0475798
4490992	7435	3.5728412	2.1407616
4490992	7436	3.5997782	2.119558
4490992	7437	3.8945293	1.9393847
4490992	7438	3.9109254	1.8834841
4490992	7439	3.8226004	1.8662064
4490992	7440	3.8197403	1.7954755
4490992	7441	3.7292132	1.9502239
4490992	7442	3.7379088	1.8960524
4490992	7443	4.1801195	1.4472647
4490992	7444	4.2754264	1.2957745
4490992	7445	4.2471056	1.4258991
4490992	7446	5.058455	0.31036362
4490992	7447	5.9878836	-0.5929448
4490992	7448	6.641279	-1.6379293
4490992	7449	6.8275127	-1.6227955
4490992	7450	6.3228464	-1.2489395
4490992	7451	5.332287	-1.5773114
4490992	7452	5.4606414	-0.07541603
4490992	7453	5.335186	0.106645614
4490992	7454	5.453264	0.18622038
4490992	7455	4.8595695	0.6128603
4490992	7456	5.129243	0.28577122
4490992	7457	5.119256	0.32339922
4490992	7458	5.1567245	0.2194893
4490992	7459	5.5536833	-0.09405869
4490992	7460	5.418456	0.10120526
4490992	7461	5.5779896	-0.0448097
4490992	7462	5.3708487	0.062208027
4490992	7463	5.3600745	-0.025962234
4490992	7464	5.948647	-0.67824733
4490992	7465	5.04902	0.6217935
4490992	7466	5.1686296	0.16318211
4490992	7467	5.4270067	-0.023899674
4490992	7468	5.1866293	0.40426406
4490992	7469	4.8229284	0.9719726
4490992	7470	5.354701	0.3949565
4490992	7471	5.790894	-1.597632
4490992	7472	5.6780887	-1.1912421
4490992	7473	5.326896	-0.9679272
4490992	7474	5.045231	-0.6123039
4490992	7475	3.8029108	-1.0707511
4490992	7476	4.043166	-1.1188748
4490992	7477	4.5271173	-0.34830642
4490992	7478	4.8183813	-0.4323679
4490992	7479	4.5772934	0.5641823
4490992	7480	5.231085	0.8679197
4490992	7481	5.10509	0.7945818
4490992	7482	5.1281776	1.0201721
4490992	7483	6.2043605	-0.62493694
4490992	7484	6.0454025	-0.27144945
4490992	7485	6.10793	-0.31827173
4490992	7486	6.4671836	-0.72613513
4490992	7487	6.0477185	-0.41130674
4490992	7488	5.9636292	-0.14750552
4490992	7489	6.080241	-0.12587684
4490992	7490	6.250815	-0.44014108
4490992	7491	6.359081	-0.5696752
4490992	7492	5.7221227	-0.017585129
4490992	7493	5.845694	-0.054466605
4490992	7494	5.8365974	-0.015658528
4490992	7495	6.372465	-0.5363445
4490992	7496	6.3059607	-1.2967339
4490992	7497	6.0904117	-1.2832522
4490992	7498	6.498169	-1.4612625
4490992	7499	5.4903727	0.2272993
4490992	7500	5.5534806	0.3693581
4490992	7501	5.0205827	0.7639741
4490992	7502	4.2354403	0.97757876
4490992	7503	4.08492	1.725934
4490992	7504	3.7778912	1.7589636
4490992	7505	4.004338	2.1515026
4490992	7506	3.388907	2.6388016
4490992	7507	3.009756	3.1643267
4490992	7508	2.8935618	3.5347805
4490992	7509	2.655581	3.964265
4490992	7510	2.4961138	4.2349253
4490992	7511	2.209961	4.6987166
4490992	7512	2.2452235	4.778247
4490992	7513	2.1206226	4.9821773
4490992	7514	2.0937738	5.054943
4490992	7515	2.0085907	5.4464755
4490992	7516	1.7557007	5.7306833
4490992	7517	1.8005906	5.861227
4490992	7518	1.8252968	6.062736
4490992	7519	1.7844528	6.120061
4490992	7520	1.7735807	6.230584
4490992	7521	1.7226168	6.4363513
4490992	7522	1.6068386	6.5785284
4490992	7523	1.7411324	6.5492144
4490992	7524	1.8144056	6.6352067
4490992	7525	1.5498992	6.838432
4490992	7526	1.4574949	7.0400047
4490992	7527	1.5153962	7.079274
4490992	7528	1.6662949	7.008508
4490992	7529	1.5735863	7.086264
4490992	7530	1.5089906	7.0857577
4490992	7531	1.160511	7.4098988
4490992	7532	1.2733923	7.353087
4490992	7533	0.99856603	7.490047
4490992	7534	1.0751919	7.499716
4490992	7535	1.2697387	7.413567
4490992	7536	0.91009986	7.5260725
4490992	7537	0.8428682	7.5830097
4490992	7538	0.60623646	7.569641
4490992	7539	0.55269897	7.529397
4490992	7540	-1.3196827	6.9790053
4490992	7541	-1.5918595	7.179582
4490992	7542	-1.5700233	7.1228175
4490992	7543	-1.6264856	7.1192384
4490992	7544	-1.7215589	7.366474
4490992	7545	-1.2481215	7.3207684
4490992	7546	-0.9367055	7.337606
4490992	7547	-0.89334965	7.3631115
4490992	7548	-0.83877295	7.253068
4490992	7549	-1.0000367	7.287447
4490992	7550	-1.0991192	7.495717
4490992	7551	-0.7181107	7.0635357
4490992	7552	-0.7337812	6.848449
4490992	7553	-0.8160818	7.007023
4490992	7554	-0.8156996	6.9312196
4490992	7555	-0.8490526	6.903088
4490992	7556	-0.85901344	6.8640313
4490992	7557	-0.9889699	7.02565
4490992	7558	-1.3151444	6.771617
4490992	7559	-1.7361053	7.070719
4490992	7560	-1.8667529	7.0266237
4490992	7561	-1.9925296	7.1816287
4490992	7562	-1.9766247	7.107161
4490992	7563	-2.1372757	7.4324794
4490992	7564	-1.8825152	7.134944
4490992	7565	-1.8391058	7.2316155
4490992	7566	-1.6235657	7.028066
4490992	7567	-1.7329285	7.1762247
4490992	7568	-1.7156234	7.2157145
4490992	7569	-1.7345482	7.2500997
4490992	7570	-1.716173	7.2422805
4490992	7571	-1.686289	7.3193717
4490992	7572	-1.6084703	7.2051573
4490992	7573	-1.6255879	7.2075324
4490992	7574	-1.607349	7.181014
4490992	7575	-1.6208125	7.1838665
4490992	7576	-1.4610131	7.0356903
4490992	7577	-1.4546473	7.01538
4490992	7578	-1.4418628	7.018786
4490992	7579	-1.4511743	7.0612946
4490992	7580	-0.53274435	6.60783
4490992	7581	-1.0695839	6.9132204
4490992	7582	-0.7204695	6.7702427
4490992	7583	-0.464801	6.937879
4490992	7584	-0.28890067	6.83887
4490992	7585	-0.35739106	6.80877
4490992	7586	-0.35908702	6.882912
4490992	7587	-0.43492672	6.8641086
4490992	7588	-0.35390946	6.8661313
4490992	7589	-0.38934323	6.8795877
4490992	7590	-0.24564561	6.857865
4490992	7591	-0.645622	6.8702407
4490992	7592	-1.0727246	6.2050285
4490992	7593	-1.0362859	6.404103
4490992	7594	-1.3967458	6.1164117
4490992	7595	-1.4037826	6.2952523
4490992	7596	-1.3061838	6.3108864
4490992	7597	-1.3049712	6.2642365
4490992	7598	-1.3167229	6.2278757
4490992	7599	-1.331693	6.1435194
4490992	7600	-1.3591508	6.132588
4490992	7601	-1.2986746	5.958882
4490992	7602	-1.3726203	6.164767
4490992	7603	-0.8060763	6.183387
4490992	7604	-0.5746776	6.017642
4490992	7605	-0.6522217	6.146707
4490992	7606	-0.6658121	6.161522
4490992	7607	-0.50801027	5.92376
4490992	7608	-0.5104887	5.9448524
4490992	7609	-0.5831421	6.031887
4490992	7610	-0.5393758	5.9079075
4490992	7611	-0.62550503	5.815626
4490992	7612	-0.37005806	5.6746993
4490992	7613	-0.31001365	5.7318306
4490992	7614	-0.56255	5.7528768
4490992	7615	-0.49787426	5.9137306
4490992	7616	0.0168401	5.859879
4490992	7617	0.15696096	5.7924843
4490992	7618	0.21656275	5.824113
4490992	7619	0.32612306	5.764902
4490992	7620	-0.595816	5.43105
4490992	7621	-0.39046103	5.447133
4490992	7622	-0.29900664	5.333239
4490992	7623	0.64933515	5.6490593
4490992	7624	0.7190721	5.5683146
4490992	7625	0.31842053	5.7114854
4490992	7626	0.7649412	5.4245367
4490992	7627	1.0020962	5.0156364
4490992	7628	1.4717293	4.670586
4490992	7629	1.545885	4.78871
4490992	7630	0.5733659	5.09971
4490992	7631	0.85373497	5.0696144
4490992	7632	0.52757514	5.4439955
4490992	7633	0.58663523	5.4886584
4490992	7634	0.9422983	5.1359453
4490992	7635	1.2404169	4.929792
4490992	7636	1.7197407	4.624219
4490992	7637	0.65226483	5.212442
4490992	7638	0.6097375	5.444914
4490992	7639	0.6423321	5.49276
4490992	7640	0.5155773	5.393718
4490992	7641	0.052498043	5.7764187
4490992	7642	0.10874325	5.7536407
4490992	7643	0.13006037	5.5687075
4490992	7644	-0.3460304	5.6428194
4490992	7645	-0.0723283	5.808417
4490992	7646	0.05527258	5.698262
4490992	7647	0.122113466	5.729935
4490992	7648	0.12632108	5.813574
4490992	7649	0.12264466	5.8150263
4490992	7650	0.23964024	5.729009
4490992	7651	0.29048008	5.7212133
4490992	7652	0.10160351	5.6966753
4490992	7653	0.52234685	5.6406894
4490992	7654	0.29659247	5.7436056
4490992	7655	0.64361227	5.4387436
4490992	7656	0.5293784	5.6223392
4490992	7657	0.52579176	5.688621
4490992	7658	0.4890033	5.7199764
4490992	7659	0.750476	5.4474382
4490992	7660	0.7366853	5.3143325
4490992	7661	0.74413455	5.450875
4490992	7662	0.35365856	5.5663834
4490992	7663	-0.41712505	5.4664607
4490992	7664	0.7894087	5.485867
4490992	7665	0.6069045	5.8579564
4490992	7666	0.48903632	5.89631
4490992	7667	0.8335023	5.5474644
4490992	7668	1.0384576	5.159557
4490992	7669	1.039663	5.617026
4490992	7670	1.2524649	5.3760047
4490992	7671	-0.14433569	5.5586185
4490992	7672	-0.2510108	5.005959
4490992	7673	1.1409937	5.0070386
4490992	7674	1.2219346	4.9714694
4490992	7675	1.3165313	4.8637466
4490992	7676	1.5134898	4.7586584
4490992	7677	0.19522947	5.609716
4490992	7678	0.55351233	5.7013702
4490992	7679	0.3970461	5.7414136
4490992	7680	0.3870483	5.811907
4490992	7681	-0.3553674	5.291211
4490992	7682	-0.2096551	5.306298
4490992	7683	0.5975796	5.2576885
4490992	7684	0.5316435	5.5384765
4490992	7685	-0.022279233	5.2855697
4490992	7686	0.28526366	5.5605803
4490992	7687	0.8807018	5.160408
4490992	7688	0.84062123	5.2673745
4490992	7689	1.0383376	5.1647916
4490992	7690	1.002476	5.171189
4490992	7691	1.2019064	5.045738
4490992	7692	0.7028588	4.238231
4490992	7693	0.7391132	4.109876
4490992	7694	0.100147605	4.7257943
4490992	7695	0.9042295	5.0484424
4490992	7696	1.3725823	4.561696
4490992	7697	1.2195646	4.529997
4490992	7698	0.37135136	5.5364714
4490992	7699	0.55430186	5.418739
4490992	7700	0.37155217	5.373152
4490992	7701	0.46447617	5.3686886
4490992	7702	0.46069312	5.263687
4490992	7703	0.1698947	4.6362963
4490992	7704	0.056679606	4.8411465
4490992	7705	-0.18861452	5.2139277
4490992	7706	0.48745024	4.2086616
4490992	7707	0.4967059	4.2519717
4490992	7708	0.4392321	4.427029
4490992	7709	2.0560164	3.0514295
4490992	7710	2.3585596	3.9129145
4490992	7711	-0.41802204	4.1260357
4490992	7712	2.0348778	3.5953224
4490992	7713	1.445373	4.272563
4490992	7714	2.3775473	4.034559
4490992	7715	1.1399512	5.08554
4490992	7716	0.9698123	5.526885
4490992	7717	1.1562907	5.5340414
4490992	7718	1.1276433	5.5525866
4490992	7719	0.5008651	5.8798947
4490992	7720	0.76798487	5.0469255
4490992	7721	1.1360061	5.1778708
4490992	7722	1.1070749	5.3038783
4490992	7723	1.2154691	5.3391223
4490992	7724	1.4433057	5.1216645
4490992	7725	1.3226359	5.1876965
4490992	7726	1.7587024	4.243454
4490992	7727	0.3061551	5.005316
4490992	7728	0.07741791	5.37302
4490992	7729	1.7046458	4.8280787
4490992	7730	1.4614441	5.1448836
4490992	7731	1.7149762	4.740868
4490992	7732	1.6898974	4.958332
4490992	7733	2.185257	4.6051335
4490992	7734	1.8830987	4.9362664
4490992	7735	1.9991161	4.7412267
4490992	7736	2.5496588	4.543262
4490992	7737	1.2918663	5.286546
4490992	7738	1.629263	5.0109415
4490992	7739	1.3128343	4.9603453
4490992	7740	0.34769332	4.6779327
4490992	7741	2.2018905	4.701457
4490992	7742	0.083913326	4.6275883
4490992	7743	1.2662947	4.5629234
4490992	7744	1.748876	4.0810905
4490992	7745	0.1364196	4.6153445
4490992	7746	0.7254685	4.678084
4490992	7747	2.1790934	4.584109
4490992	7748	2.0252128	4.415475
4490992	7749	1.0295162	4.6461473
4490992	7750	0.9411721	5.060579
4490992	7751	1.2058976	4.8572173
4490992	7752	0.39800763	4.6168346
4490992	7753	0.45597893	4.9755754
4490992	7754	0.6896281	4.945761
4490992	7755	0.67584753	5.3790765
4490992	7756	1.4611276	4.5569873
4490992	7757	0.27508318	4.4992046
4490992	7758	0.020600319	3.6964324
4490992	7759	1.0480542	3.3780613
4490992	7760	-0.16122371	4.050661
4490992	7761	0.24524105	5.032469
4490992	7762	0.49212742	4.704893
4490992	7763	0.5462822	4.404922
4490992	7764	2.2920651	3.5292866
4490992	7765	0.28747606	4.3787394
4490992	7766	0.3002829	4.867768
4490992	7767	0.3578642	4.7666955
4490992	7768	1.9876665	3.181557
4490992	7769	0.15709096	3.5887582
4490992	7770	3.0937996	2.2067475
4490992	7771	3.4956036	2.617618
4490992	7772	2.4757934	2.7539873
4490992	7773	2.36053	3.8617089
4490992	7774	1.5454956	2.8541484
4490992	7775	2.7278457	2.892792
4490992	7776	2.647254	3.1397765
4490992	7777	-0.26990184	3.8349116
4490992	7778	0.08294237	3.7577689
4490992	7779	0.11844307	3.7153933
4490992	7780	0.9165776	4.1696987
4490992	7781	2.9369683	3.1021132
4490992	7782	2.2177987	3.5216753
4490992	7783	2.4059181	3.7814791
4490992	7784	2.441722	3.590966
4490992	7785	2.4895163	3.7316687
4490992	7786	2.3472238	2.9528098
4490992	7787	3.080318	3.1038966
4490992	7788	1.590984	2.9605103
4490992	7789	0.32736766	3.0676496
4490992	7790	1.1197014	3.6661623
4490992	7791	3.3455968	2.6499522
4490992	7792	2.877328	3.162873
4490992	7793	0.38901466	3.7184093
4490992	7794	2.515635	3.3770874
4490992	7795	2.6007433	3.3454707
4490992	7796	2.5614252	3.4239268
4490992	7797	0.40173674	3.6544888
4490992	7798	3.0316877	2.648924
4490992	7799	2.752595	3.1385927
4490992	7800	3.0926056	2.0407307
4490992	7801	3.1990356	2.525956
4490992	7802	4.201421	1.4813156
4490992	7803	3.9945025	1.551837
4490992	7804	4.128834	2.092878
4490992	7805	3.1272626	3.3503172
4490992	7806	0.8566725	3.342834
4490992	7807	1.0962527	3.726792
4490992	7808	1.025915	3.7792594
4490992	7809	1.5557936	3.2925165
4490992	7810	1.3757266	3.550649
4490992	7811	1.1838384	3.502841
4490992	7812	1.1830146	3.5383945
4490992	7813	0.9781748	3.4421308
4490992	7814	1.1055865	3.4098027
4490992	7815	2.6838841	2.3301976
4490992	7816	2.9690676	2.5651374
4490992	7817	3.4875422	2.245994
4490992	7818	4.1504793	1.7747068
4490992	7819	2.1011643	1.7387545
4490992	7820	1.5499753	2.8672795
4490992	7821	1.8207701	3.7222703
4490992	7822	1.0211524	3.168227
4490992	7823	1.0329041	3.3796597
4490992	7824	2.409452	3.2916875
4490992	7825	2.1183147	3.4493394
4490992	7826	2.0933566	3.5999944
4490992	7827	1.7938212	4.0490365
4490992	7828	2.0055342	3.606376
4490992	7829	2.0906239	3.4958725
4490992	7830	2.1769838	3.5270166
4490992	7831	1.674378	4.0958056
4490992	7832	1.6442958	3.8809536
4490992	7833	1.66041	2.4362574
4490992	7834	1.8938564	2.017074
4490992	7835	3.3467245	1.7078278
4490992	7836	3.6325188	1.7554181
4490992	7837	3.010663	2.5124464
4490992	7838	4.6843343	0.57315254
4490992	7839	4.331665	0.86182916
4490992	7840	1.4942957	0.9898077
4490992	7841	2.500167	1.7732987
4490992	7842	1.9412271	2.0450408
4490992	7843	2.0555983	1.9722967
4490992	7844	2.0838108	1.9043498
4490992	7845	2.0494986	2.0405152
4490992	7846	2.2403855	2.003613
4490992	7847	1.9340864	2.3933165
4490992	7848	1.6569287	2.6448634
4490992	7849	1.2266339	3.167236
4490992	7850	1.5027698	2.8283372
4490992	7851	0.9641119	3.2864466
4490992	7852	1.3245195	2.8184075
4490992	7853	1.1464609	3.1466644
4490992	7854	3.0443053	2.9653547
4490992	7855	2.5346608	3.506352
4490992	7856	2.2692924	3.5836146
4490992	7857	2.6309814	3.1807458
4490992	7858	2.6545558	3.343527
4490992	7859	2.396541	3.5035298
4490992	7860	2.3679452	3.5352142
4490992	7861	1.7545117	4.011192
4490992	7862	1.9502729	4.0033007
4490992	7863	1.7557343	4.1959753
4490992	7864	1.6989301	4.2279606
4490992	7865	1.6806957	4.3690186
4490992	7866	1.9886285	4.1460605
4490992	7867	2.283383	3.9920852
4490992	7868	3.764758	2.440671
4490992	7869	2.3996305	2.7420864
4490992	7870	2.2540421	2.8810766
4490992	7871	2.6781998	2.7064853
4490992	7872	1.9640721	3.200172
4490992	7873	3.0657744	2.8578436
4490992	7874	3.3940773	3.0393233
4490992	7875	2.9891906	3.5379097
4490992	7876	2.9797196	3.301406
4490992	7877	3.7396421	2.7494352
4490992	7878	4.2379036	2.1733034
4490992	7879	4.7343235	2.0912876
4490992	7880	4.914744	1.9651339
4490992	7881	5.0769696	2.0775478
4490992	7882	5.612511	1.8805463
4490992	7883	5.935837	1.6675947
4490992	7884	5.5891	2.003161
4490992	7885	4.3322616	3.2433918
4490992	7886	4.5012956	3.0530276
4490992	7887	5.5017643	1.9307871
4490992	7888	6.1280236	1.50351
4490992	7889	5.4060245	1.9564426
4490992	7890	5.322962	2.0379734
4490992	7891	5.0394745	2.3484414
4490992	7892	5.676295	2.0109851
4490992	7893	6.5450306	1.0198737
4490992	7894	6.519936	1.1341587
4490992	7895	6.5857253	1.1174836
4490992	7896	6.315855	1.3127097
4490992	7897	6.2228074	1.4103909
4490992	7898	5.040425	0.4051738
4490992	7899	5.249414	0.3839186
4490992	7900	6.21189	0.77050126
4490992	7901	5.055546	2.0764558
4490992	7902	5.0597568	2.2455137
4490992	7903	5.8910236	1.58286
4490992	7904	5.6586905	1.8573506
4490992	7905	5.5937457	2.0207353
4490992	7906	5.5214825	2.0519207
4490992	7907	6.0848303	1.7767315
4490992	7908	6.474601	1.4507334
4490992	7909	6.640174	1.2207685
4490992	7910	5.1613646	0.41629454
4490992	7911	5.759492	0.170284
4490992	7912	6.135703	-0.59167975
4490992	7913	6.7498136	0.33543757
4490992	7914	6.534419	0.8772366
4490992	7915	6.48056	1.065795
4490992	7916	6.2079825	1.4843295
4490992	7917	6.0064864	1.6491287
4490992	7918	6.6959624	1.156529
4490992	7919	7.2206535	0.71505237
4490992	7920	7.1650667	0.8503103
4490992	7921	6.736472	1.1509948
4490992	7922	6.563834	1.2807312
4490992	7923	6.438365	1.4058613
4490992	7924	6.3892965	1.4287287
4490992	7925	6.366311	1.5077511
4490992	7926	6.6795506	1.2254888
4490992	7927	5.5867796	-0.23322336
4490992	7928	3.9002838	0.054692775
4490992	7929	3.9330492	-0.2915571
4490992	7930	5.407387	0.13191584
4490992	7931	5.6078773	0.4969106
4490992	7932	5.6132584	0.5224556
4490992	7933	5.7360697	0.55332017
4490992	7934	4.5948215	-0.04563731
4490992	7935	5.924467	-0.23158374
4490992	7936	5.8972006	1.1722823
4490992	7937	5.988554	1.5710382
4490992	7938	5.770105	1.7352068
4490992	7939	4.815844	1.0911288
4490992	7940	2.3138223	-0.5066227
4490992	7941	2.5728545	-1.3684381
4490992	7942	3.1872344	-0.8869846
4490992	7943	3.5260644	0.2831286
4490992	7944	4.0770044	-0.08105892
4490992	7945	3.6158895	1.2782481
4490992	7946	4.936098	0.54964507
4490992	7947	5.698849	0.3357282
4490992	7948	5.0002565	1.168708
4490992	7949	4.945465	0.8108467
4490992	7950	4.51975	1.3363616
4490992	7951	3.445065	0.069514304
4490992	7952	4.9096494	0.013319254
4490992	7953	4.891449	0.2147682
4490992	7954	5.572123	-0.21132438
4490992	7955	4.6144166	-0.36560297
4490992	7956	5.9244685	-0.786314
4490992	7957	3.5873723	0.8868141
4490992	7958	3.8024073	1.642343
4490992	7959	3.9898005	1.7841258
4490992	7960	3.5530295	2.3577614
4490992	7961	3.2570252	2.4963527
4490992	7962	3.5201569	2.2484038
4490992	7963	3.765254	2.1364715
4490992	7964	4.428464	1.852365
4490992	7965	4.5199265	1.7242842
4490992	7966	4.5854454	1.7615013
4490992	7967	3.781714	2.5158596
4490992	7968	3.574048	2.3455734
4490992	7969	3.66575	2.6271086
4490992	7970	3.4511876	2.4835036
4490992	7971	2.696621	3.0362556
4490992	7972	1.9710804	3.2257493
4490992	7973	2.3985677	3.1531148
4490992	7974	2.1439147	3.465789
4490992	7975	2.0164738	3.284233
4490992	7976	2.4161038	3.3165438
4490992	7977	3.485921	1.9387455
4490992	7978	3.349708	2.6570168
4490992	7979	3.161696	2.8220198
4490992	7980	3.2284608	2.6903806
4490992	7981	2.8467531	3.2273529
4490992	7982	2.8533106	2.8436446
4490992	7983	2.8598123	3.2685363
4490992	7984	2.7000756	3.0498202
4490992	7985	2.911716	2.7530406
4490992	7986	3.8620973	2.7415178
4490992	7987	4.7882533	1.9091
4490992	7988	0.8245027	1.3045135
4490992	7989	1.0876505	0.20342961
4490992	7990	1.6640111	0.035752296
4490992	7991	1.9699167	0.49469623
4490992	7992	1.9540695	0.4645479
4490992	7993	2.086578	-0.12353468
4490992	7994	2.1238284	-0.13693431
4490992	7995	2.2854962	1.2371871
4490992	7996	3.9953508	0.5015024
4490992	7997	3.6779528	1.1594527
4490992	7998	3.6117668	1.1222652
4490992	7999	3.4846678	1.349698
4490992	8000	3.4006882	1.4224834
4490992	8001	4.398099	2.0538375
4490992	8002	4.7163343	1.7780561
4490992	8003	4.4248805	2.2573571
4490992	8004	4.586335	1.8570855
4490992	8005	4.4955263	1.9544971
4490992	8006	3.8125234	2.6338813
4490992	8007	4.5349255	-0.3252133
4490992	8008	5.3151507	-0.3202089
4490992	8009	5.4475145	-0.5513678
4490992	8010	5.523284	-0.611072
4490992	8011	5.3684993	-0.5422345
4490992	8012	5.2230997	-0.52217996
4490992	8013	5.628196	-1.0091127
4490992	8014	5.707626	-1.0256765
4490992	8015	5.7525387	-1.1887062
4490992	8016	5.546663	-0.7630317
4490992	8017	5.5019627	-0.5537196
4490992	8018	5.441804	-0.8025636
4490992	8019	5.3531566	-0.3649414
4490992	8020	5.255022	-0.46213895
4490992	8021	4.947797	-0.21971439
4490992	8022	4.869164	-0.058163255
4490992	8023	4.884098	-0.2081519
4490992	8024	4.7561097	-0.089310825
4490992	8025	5.3676934	0.8680502
4490992	8026	4.5060196	1.5329508
4490992	8027	4.8870606	1.567971
4490992	8028	5.5263634	0.7722
4490992	8029	5.1405554	-2.992993
4490992	8030	5.434595	-3.163835
4490992	8031	5.3163323	-3.08269
4490992	8032	4.8441353	-2.9732902
4490992	8033	4.4926867	-2.6933124
4490992	8034	4.388941	-2.2423599
4490992	8035	5.023059	-2.3332295
4490992	8036	5.6523075	-2.082443
4490992	8037	5.40257	-1.991945
4490992	8038	5.285131	-2.0045083
4490992	8039	5.566823	-2.1771028
4490992	8040	5.562652	-2.1712346
4490992	8041	5.611875	-2.174826
4490992	8042	5.60682	-1.1303302
4490992	8043	5.3436046	-1.0323353
4490992	8044	5.0574923	-0.8137798
4490992	8045	5.0680823	-0.6915549
4490992	8046	5.4222436	-1.0851175
4490992	8047	5.1072245	0.1136004
4490992	8048	4.743668	-0.62772703
4490992	8049	5.0127788	-0.5255809
4490992	8050	5.1427894	-0.58781517
4490992	8051	4.930949	-0.12699044
4490992	8052	4.559119	0.11983386
4490992	8053	5.645775	-0.57779187
4490992	8054	4.6775756	0.074297935
4490992	8055	3.924643	0.8427274
4490992	8056	3.704894	1.2877527
4490992	8057	4.392382	0.8453851
4490992	8058	3.0788822	1.9669838
4490992	8059	2.1455507	2.758824
4490992	8060	1.3320389	4.1629586
4490992	8061	2.4525533	2.4545505
4490992	8062	3.2725701	1.520152
4490992	8063	1.9354566	3.1584218
4490992	8064	3.0168228	1.9648173
4490992	8065	4.02588	1.2465373
4490992	8066	4.0412593	1.0873599
4490992	8067	3.4554663	1.7130098
4490992	8068	2.9243336	2.1016946
4490992	8069	2.9460325	1.7720733
4490992	8070	2.4691486	2.1725736
4490992	8071	2.5840068	2.010872
4490992	8072	2.2089138	2.4200792
4490992	8073	0.8043858	2.7848766
4490992	8074	0.05708158	3.189935
4490992	8075	0.3199548	2.6015344
4490992	8076	0.96207297	3.9333932
4490992	8077	0.89315593	3.7823884
4490992	8078	0.7158048	3.8951228
4490992	8079	2.2279592	3.5593736
4490992	8080	2.368504	3.372624
4490992	8081	2.4528952	3.5527213
4490992	8082	0.73007	3.6873605
4490992	8083	0.635198	3.9051297
4490992	8084	0.6192868	3.8521063
4490992	8085	1.2202752	2.6055706
4490992	8086	0.07240921	4.393017
4490992	8087	-0.13122112	4.4981723
4490992	8088	1.5753821	4.0378532
4490992	8089	1.5632774	4.18073
4490992	8090	1.5698084	4.1755905
4490992	8091	1.6019477	4.2066154
4490992	8092	1.6729091	4.2355905
4490992	8093	2.3230634	3.279239
4490992	8094	2.7236786	3.3645391
4490992	8095	3.8238192	2.2706962
4490992	8096	3.2101803	3.0893908
4490992	8097	4.1395473	2.2457392
4490992	8098	3.7881012	2.7930489
4490992	8099	3.202652	3.2815032
4490992	8100	2.6851873	3.7477853
4490992	8101	3.0272408	3.4124334
4490992	8102	0.91406953	2.360126
4490992	8103	2.5204105	1.4480003
4490992	8104	2.0917292	2.422806
4490992	8105	1.8803834	2.7611706
4490992	8106	3.0190725	2.8636894
4490992	8107	2.663115	3.482911
4490992	8108	2.329825	3.7971108
4490992	8109	1.6851577	4.349729
4490992	8110	3.182784	0.81676674
4490992	8111	3.1622915	1.0423195
4490992	8112	3.426525	1.1022302
4490992	8113	3.5184689	1.141748
4490992	8114	4.239082	0.4862711
4490992	8115	4.1157293	0.6996088
4490992	8116	4.776763	1.4652566
4490992	8117	5.147265	1.1814322
4490992	8118	5.2685714	1.2470118
4490992	8119	4.217925	2.4474032
4490992	8120	4.3889475	2.0641253
4490992	8121	5.351466	0.7572057
4490992	8122	5.2159343	1.1721997
4490992	8123	5.3834553	1.047125
4490992	8124	5.3294163	0.9519465
4490992	8125	5.2785945	1.1680442
4490992	8126	5.0990696	1.1891432
4490992	8127	4.3710794	0.2083048
4490992	8128	4.3523755	-0.13976774
4490992	8129	4.421374	0.09584722
4490992	8130	4.701234	-0.0006399751
4490992	8131	4.681173	0.050993353
4490992	8132	4.6387076	0.02983737
4490992	8133	1.4844657	2.7566214
4490992	8134	0.80270374	3.556071
4490992	8135	0.8196418	3.447959
4490992	8136	0.7490597	3.5974457
4490992	8137	0.69342697	3.6015232
4490992	8138	0.7125149	3.5400093
4490992	8139	2.231155	3.40009
4490992	8140	1.2077477	3.063884
4490992	8141	1.9890643	2.8189354
4490992	8142	3.7381916	1.951225
4490992	8143	4.9216785	0.85794663
4490992	8144	2.2571464	1.3617016
4490992	8145	3.3203797	0.7819382
4490992	8146	3.9042106	0.6280161
4490992	8147	4.282587	0.3766859
4490992	8148	4.245657	0.3376622
4490992	8149	4.0653887	1.5683734
4490992	8150	4.132377	1.6851656
4490992	8151	4.21043	1.7928534
4490992	8152	4.3008156	1.7529233
4490992	8153	3.81179	2.047772
4490992	8154	3.3258295	-0.07938385
4490992	8155	3.899881	0.15050855
4490992	8156	2.6719174	0.8703966
4490992	8157	3.8025742	1.4334581
4490992	8158	4.2655444	1.5426955
4490992	8159	4.60875	1.6197464
4490992	8160	5.2544365	0.47273526
4490992	8161	6.294166	-0.66757226
4490992	8162	6.614617	-0.7469387
4490992	8163	6.432761	-0.57367843
4490992	8164	6.813293	-0.8647259
4490992	8165	5.628075	-1.1183453
4490992	8166	6.047636	-1.2221395
4490992	8167	5.835846	-1.1877834
4490992	8168	5.2894716	-2.7385378
4490992	8169	4.341997	-2.5471282
4490992	8170	4.800204	-2.6215239
4490992	8171	5.1560445	-2.6162617
4490992	8172	2.1451888	-2.047016
4490992	8173	3.6188288	-2.2129216
4490992	8174	3.3417783	-1.9117231
4490992	8175	4.9598093	-2.2624998
4490992	8176	5.423996	-1.747833
4490992	8177	5.298704	-1.6462556
4490992	8178	6.184263	-0.7568251
4490992	8179	4.367962	-0.99614716
4490992	8180	6.0180864	-0.70262474
4490992	8181	3.8766952	-0.8511784
4490992	8182	4.570043	-0.7606398
4490992	8183	4.169649	-0.63444537
4490992	8184	4.4746065	0.24960044
4490992	8185	4.4409213	1.0061946
4490992	8186	3.807425	0.32150134
4490992	8187	4.291075	-1.2903595
4490992	8188	5.0147862	-0.77680135
4490992	8189	2.8484998	0.8079721
4490992	8190	2.7691612	1.8040614
4490992	8191	4.094371	0.047872096
4490992	8192	4.4277916	0.07563457
4490992	8193	4.1638813	0.027767003
4490992	8194	4.404755	-0.07926646
4490992	8195	3.9528317	0.17545155
4490992	8196	5.103254	-0.8190599
4490992	8197	5.116157	0.17769936
4490992	8198	4.0812263	-0.06580272
4490992	8199	3.906826	0.22161725
4490992	8200	3.6414423	-0.81409776
4490992	8201	3.7181478	-0.6333194
4490992	8202	4.474786	-0.79047275
4490992	8203	3.4010615	-0.17245057
4490992	8204	3.746974	-0.4890598
4490992	8205	3.3104916	-1.2192868
4490992	8206	3.0522046	0.7014508
4490992	8207	3.458747	0.50346315
4490992	8208	3.9421763	0.14186308
4490992	8209	3.7847586	-1.3288437
4490992	8210	2.9830294	-0.77898717
4490992	8211	2.392076	-0.65469533
4490992	8212	2.737411	-0.58090305
4490992	8213	2.3253784	0.046501666
4490992	8214	2.5237489	-0.1552634
4490992	8215	4.2282443	-0.09613818
4490992	8216	4.3978524	-0.65831304
4490992	8217	0.8807616	2.630304
4490992	8218	0.56372714	3.1214905
4490992	8219	0.6625315	2.883043
4490992	8220	1.0628686	2.3424535
4490992	8221	1.121896	2.2547739
4490992	8222	2.213241	0.828179
4490992	8223	3.5306869	0.20383927
4490992	8224	4.5732107	-0.600297
4490992	8225	4.381346	0.74991775
4490992	8226	3.7894626	-0.016281098
4490992	8227	3.6726356	0.3447362
4490992	8228	3.6795464	0.40002617
4490992	8229	3.889861	0.2722219
4490992	8230	3.868731	1.3655989
4490992	8231	3.420959	-0.011330813
4490992	8232	4.561517	0.01428929
4490992	8233	4.346548	0.8250711
4490992	8234	4.036431	1.302546
4490992	8235	4.1235437	1.6102233
4490992	8236	4.6233196	0.3677357
4490992	8237	5.2473407	0.27765658
4490992	8238	5.0228143	-0.7247547
4490992	8239	4.4567165	0.69246316
4490992	8240	4.3024206	0.8926023
4490992	8241	5.029818	0.07684508
4490992	8242	5.228006	-0.022691697
4490992	8243	3.2018433	-0.03476256
4490992	8244	3.3648558	0.32429335
4490992	8245	2.7268128	-0.5264106
4490992	8246	3.4878936	-0.78856987
4490992	8247	2.5323062	0.15552065
4490992	8248	2.6709628	-0.15919697
4490992	8249	3.9568257	0.12879172
4490992	8250	3.6149702	0.21256092
4490992	8251	3.3676558	0.29441503
4490992	8252	3.5780563	0.10279825
4490992	8253	3.8671646	-0.10414657
4490992	8254	3.5166779	-0.7081848
4490992	8255	2.514451	0.12856814
4490992	8256	2.9896727	-0.2056525
4490992	8257	2.5948658	0.1736556
4490992	8258	3.5786185	1.410633
4490992	8259	4.3641977	-0.780913
4490992	8260	4.1595616	-0.2618283
4490992	8261	3.9981637	1.1516662
4490992	8262	4.005082	1.2126065
4490992	8263	3.9795437	1.0514725
4490992	8264	3.8503284	1.3176467
4490992	8265	4.202161	0.91593444
4490992	8266	4.4017453	0.90440845
4490992	8267	5.1445904	0.07965854
4490992	8268	5.355283	0.03179151
4490992	8269	5.1888	0.22358975
4490992	8270	4.156051	1.1371881
4490992	8271	4.0376854	1.310485
4490992	8272	5.1022687	0.1686832
4490992	8273	5.279022	0.13858923
4490992	8274	5.5285754	-0.12453693
4490992	8275	5.285159	0.26741478
4490992	8276	3.870669	1.6291091
4490992	8277	3.098608	2.3153813
4490992	8278	3.0182252	2.5066085
4490992	8279	0.28014612	3.102287
4490992	8280	0.79520917	2.8499644
4490992	8281	0.9634479	2.5779595
4490992	8282	1.203755	2.3929074
4490992	8283	0.60347235	2.5738444
4490992	8284	2.242445	2.9752004
4490992	8285	1.7375895	3.631066
4490992	8286	1.2054801	1.9799294
4490992	8287	3.1662383	1.7198629
4490992	8288	3.843624	1.5925283
4490992	8289	3.2837129	2.1203847
4490992	8290	2.7542138	2.4045706
4490992	8291	2.980031	0.03383392
4490992	8292	1.846757	2.090639
4490992	8293	2.095179	2.393491
4490992	8294	1.8679057	2.6324484
4490992	8295	1.9597815	2.638241
4490992	8296	1.9839004	2.8805468
4490992	8297	1.958552	2.9838698
4490992	8298	1.8493408	3.0166051
4490992	8299	1.7329355	3.0786917
4490992	8300	2.1160035	2.2928112
4490992	8301	3.7932358	0.83238626
4490992	8302	4.3639555	0.92301524
4490992	8303	4.1011834	1.5124855
4490992	8304	3.744791	1.7085173
4490992	8305	3.7072358	1.7117295
4490992	8306	4.0582805	1.2662175
4490992	8307	4.31567	0.8733611
4490992	8308	3.8909464	1.3954582
4490992	8309	4.055774	1.1583828
4490992	8310	4.05423	1.260992
4490992	8311	4.0859003	1.249307
4490992	8312	3.8803024	1.2998319
4490992	8313	3.373548	2.050075
4490992	8314	3.8822942	1.5015414
4490992	8315	4.333545	1.1507349
4490992	8316	1.5446311	3.531134
4490992	8317	0.44563544	4.21976
4490992	8318	0.46549833	4.2565856
4490992	8319	0.59488785	4.2187634
4490992	8320	0.479257	4.240288
4490992	8321	0.48750496	4.2401195
4490992	8322	1.3697174	3.7298048
4490992	8323	1.1248678	4.1855383
4490992	8324	1.5466009	3.9517205
4490992	8325	1.5993758	4.0167155
4490992	8326	1.5797313	4.1074147
4490992	8327	1.3885268	4.1660514
4490992	8328	1.6716846	4.0226474
4490992	8329	1.712098	3.9445722
4490992	8330	1.5490097	4.273308
4490992	8331	1.797131	4.1219473
4490992	8332	2.012597	3.8284047
4490992	8333	2.0366154	3.9768012
4490992	8334	1.8400286	4.086937
4490992	8335	1.6790706	4.154142
4490992	8336	1.8155154	4.1709895
4490992	8337	2.5162811	3.869665
4490992	8338	1.5504044	4.612428
4490992	8339	1.7991954	4.1685777
4490992	8340	1.8035825	4.1260314
4490992	8341	2.1697435	3.9564393
4490992	8342	2.361434	3.9446108
4490992	8343	2.3705125	4.0390344
4490992	8344	2.3998728	4.016019
4490992	8345	2.416963	4.0122137
4490992	8346	2.4226885	4.064743
4490992	8347	2.3320704	4.0919895
4490992	8348	2.3994865	4.0575733
4490992	8349	2.3864694	4.1207175
4490992	8350	2.6567812	3.8758295
4490992	8351	2.8668046	3.7039006
4490992	8352	5.263316	1.0710516
4490992	8353	5.880928	0.622928
4490992	8354	5.8148966	0.6894119
4490992	8355	5.7158065	0.7637696
4490992	8356	5.440897	0.8222712
4490992	8357	5.604756	0.57656753
4490992	8358	5.4291444	0.7647718
4490992	8359	3.038498	2.8809516
4490992	8360	2.4887342	3.6320431
4490992	8361	2.91928	3.3857775
4490992	8362	3.3285956	3.1560163
4490992	8363	2.938273	3.4431608
4490992	8364	2.9019742	3.3986735
4490992	8365	3.0284781	3.3296437
4490992	8366	3.1405182	3.2338572
4490992	8367	2.4207969	3.8850648
4490992	8368	2.458156	3.7836502
4490992	8369	2.5904326	3.8128302
4490992	8370	1.8358785	4.3066926
4490992	8371	2.0022812	4.1113086
4490992	8372	2.1376557	4.117105
4490992	8373	2.0490766	4.1310215
4490992	8374	1.9250685	4.2257195
4490992	8375	1.7032131	4.351782
4490992	8376	1.6537935	4.4031973
4490992	8377	2.1421642	3.935086
4490992	8378	2.5952406	3.7187312
4490992	8379	2.4078054	3.884866
4490992	8380	2.4461622	3.8540933
4490992	8381	2.4759812	3.8958557
4490992	8382	2.4283261	3.894458
4490992	8383	2.6194568	3.7876518
4490992	8384	2.417955	3.9349215
4490992	8385	2.4953942	3.8758457
4490992	8386	2.6353698	3.7648027
4490992	8387	2.9341464	3.5815747
4490992	8388	3.0360007	3.5323162
4490992	8389	3.143251	3.4880733
4490992	8390	2.028448	4.388509
4490992	8391	2.213829	4.159028
4490992	8392	2.338655	4.1783075
4490992	8393	2.308198	4.1427
4490992	8394	2.2849383	4.1989856
4490992	8395	2.0519981	4.328338
4490992	8396	2.1108603	4.2534943
4490992	8397	2.1405168	4.2449803
4490992	8398	2.4094543	3.9007819
4490992	8399	2.4198475	4.089764
4490992	8400	1.9602376	4.1460958
4490992	8401	2.107677	4.136247
4490992	8402	2.1063304	4.0418124
4490992	8403	1.8899232	4.3448296
4490992	8404	1.6396264	4.2510214
4490992	8405	1.6580993	4.37489
4490992	8406	1.5742706	4.379076
4490992	8407	1.4721061	4.3959928
4490992	8408	2.0636096	4.091624
4490992	8409	2.1329489	4.016787
4490992	8410	1.4642786	4.672164
4490992	8411	0.8346485	5.121527
4490992	8412	0.811319	5.0697255
4490992	8413	1.1765506	4.8687673
4490992	8414	1.5197257	4.4995184
4490992	8415	1.2637278	4.8771944
4490992	8416	1.0915374	4.8337536
4490992	8417	0.71381783	5.024989
4490992	8418	0.41972464	5.2014985
4490992	8419	0.68352485	4.914151
4490992	8420	0.11079633	5.252391
4490992	8421	-0.021122515	5.170004
4490992	8422	-0.7406096	4.771099
4490992	8423	-0.6008017	4.3290944
4490992	8424	-0.9398201	5.0109386
4490992	8425	-0.9348813	5.07621
4490992	8426	-1.1012758	5.3036885
4490992	8427	-1.05048	5.2163844
4490992	8428	-0.5055333	5.2007227
4490992	8429	0.91765726	4.733325
4490992	8430	0.53475106	4.9128413
4490992	8431	0.2127214	5.0417085
4490992	8432	-0.33520257	4.0495744
4490992	8433	-0.45091683	3.9545014
4490992	8434	0.5574758	3.865434
4490992	8435	-0.10331097	4.62529
4490992	8436	1.136129	4.4900618
4490992	8437	0.79105306	4.792156
4490992	8438	-0.19157219	4.707391
4490992	8439	-0.1037035	4.556941
4490992	8440	0.01358664	4.712913
4490992	8441	0.16922057	4.191007
4490992	8442	0.59937537	3.8225696
4490992	8443	1.3780234	2.5211926
4490992	8444	0.077445924	3.3679922
4490992	8445	0.7826414	3.4524565
4490992	8446	2.5337954	3.1227946
4490992	8447	2.013997	3.6589677
4490992	8448	2.4301996	3.374971
4490992	8449	2.4867773	3.5188339
4490992	8450	2.0785823	3.8439195
4490992	8451	2.3775978	3.7714927
4490992	8452	2.8686204	3.4721322
4490992	8453	2.2994766	3.8974774
4490992	8454	2.1860733	3.961333
4490992	8455	2.0899053	4.008191
4490992	8456	2.2251396	3.9397051
4490992	8457	2.0948973	3.997914
4490992	8458	2.1447062	3.9787276
4490992	8459	1.0199825	3.7230942
4490992	8460	1.1367743	3.335997
4490992	8461	1.3316203	3.2488544
4490992	8462	1.5111407	3.0569365
4490992	8463	1.8574845	2.7111158
4490992	8464	2.1177907	2.6372235
4490992	8465	1.9418532	2.6831172
4490992	8466	2.315826	2.4379396
4490992	8467	2.8372083	1.9104395
4490992	8468	2.3925738	2.5520191
4490992	8469	2.1838117	2.339824
4490992	8470	3.0334206	1.8470845
4490992	8471	2.6634283	2.1176786
4490992	8472	2.6103163	2.4088635
4490992	8473	1.8819624	2.9423761
4490992	8474	2.6277914	1.9375315
4490992	8475	2.835237	1.9386697
4490992	8476	3.2856917	2.821766
4490992	8477	3.4177213	2.896906
4490992	8478	3.0373645	1.463216
4490992	8479	2.5452042	3.1337914
4490992	8480	3.4032598	1.0708923
4490992	8481	3.5290203	1.3051927
4490992	8482	3.479	1.6342549
4490992	8483	3.8981419	0.97738326
4490992	8484	4.1523414	0.7506325
4490992	8485	4.4160967	0.57928026
4490992	8486	4.504255	2.010221
4490992	8487	5.1990333	-0.5757368
4490992	8488	4.673316	0.48323485
4490992	8489	3.0244079	-0.17340234
4490992	8490	2.6508446	0.5014914
4490992	8491	2.7002482	0.48740074
4490992	8492	2.6743255	0.59608686
4490992	8493	3.2280998	0.10456881
4490992	8494	3.4633336	0.22554192
4490992	8495	3.176958	-0.005356729
4490992	8496	3.2683892	-0.016445547
4490992	8497	3.0611138	0.14928314
4490992	8498	3.6657639	-0.2815324
4490992	8499	3.3183718	0.07410166
4490992	8500	3.1721797	-0.2694314
4490992	8501	3.877767	1.755162
4490992	8502	3.3670044	2.5232542
4490992	8503	2.7899938	2.8367436
4490992	8504	2.7581506	2.9681714
4490992	8505	2.686688	3.081117
4490992	8506	2.6456256	3.0575707
4490992	8507	2.3895054	3.1445408
4490992	8508	2.472765	3.0524676
4490992	8509	2.4238496	3.1331902
4490992	8510	2.3559294	3.1370523
4490992	8511	2.2059608	3.1979089
4490992	8512	2.0225239	3.3257947
4490992	8513	2.0109773	3.2030418
4490992	8514	1.6354507	3.4300978
4490992	8515	1.6688718	3.338762
4490992	8516	1.54487	3.4382834
4490992	8517	1.5684899	3.4089317
4490992	8518	1.3240471	3.5925882
4490992	8519	1.7230262	3.4975502
4490992	8520	0.8959073	3.990966
4490992	8521	1.0483745	3.7265694
4490992	8522	1.2240283	3.6655934
4490992	8523	1.5040566	3.4975648
4490992	8524	1.5663885	3.5781295
4490992	8525	2.0235848	3.381346
4490992	8526	1.8527426	3.4886253
4490992	8527	1.7156576	3.3715758
4490992	8528	1.7547244	3.370943
4490992	8529	1.8994049	3.2949781
4490992	8530	1.7159823	3.3823717
4490992	8531	1.765359	3.3259263
4490992	8532	1.6661731	3.505144
4490992	8533	1.7393245	3.3830347
4490992	8534	1.829146	3.375984
4490992	8535	1.8000013	3.3253043
4490992	8536	1.820603	3.3712628
4490992	8537	1.7088212	3.4513466
4490992	8538	1.4741004	3.6613605
4490992	8539	1.6894931	3.4740233
4490992	8540	1.7381018	3.4843407
4490992	8541	1.7938882	3.3798685
4490992	8542	2.2529955	2.6445215
4490992	8543	2.1365066	3.1298547
4490992	8544	2.3197985	2.9678004
4490992	8545	2.4823194	2.8951626
4490992	8546	2.4740505	2.9497983
4490992	8547	2.8008385	2.747631
4490992	8548	2.622562	2.8789234
4490992	8549	2.6339502	2.7671225
4490992	8550	2.6621366	2.7581396
4490992	8551	2.640925	2.7337623
4490992	8552	2.36372	2.8552234
4490992	8553	2.4439445	2.775356
4490992	8554	2.5267892	2.8315403
4490992	8555	2.3719816	2.8965826
4490992	8556	2.4139533	2.85274
4490992	8557	2.2132173	2.9186351
4490992	8558	2.4029665	2.7196505
4490992	8559	2.300561	2.7608037
4490992	8560	2.3676624	2.7777631
4490992	8561	2.3377109	2.867361
4490992	8562	2.0642877	2.9751422
4490992	8563	2.2265625	2.8553002
4490992	8564	2.3819122	2.8567488
4490992	8565	2.465518	2.8171709
4490992	8566	2.3819728	2.8573334
4490992	8567	2.2656193	3.0282056
4490992	8568	2.279695	3.0015852
4490992	8569	1.8851286	3.2356794
4490992	8570	2.024949	3.1009681
4490992	8571	2.6406193	1.3928616
4490992	8572	2.2032828	1.9391241
4490992	8573	1.9291211	2.251792
4490992	8574	3.5188088	0.74206877
4490992	8575	4.3040147	0.47706363
4490992	8576	4.7876935	0.12205109
4490992	8577	5.302889	-0.5964872
4490992	8578	6.050644	-1.485324
4490992	8579	4.447128	-1.0484076
4490992	8580	4.038387	0.5058223
4490992	8581	4.365086	0.3623595
4490992	8582	4.1719413	0.39232334
4490992	8583	3.9679275	0.40375128
4490992	8584	3.7953844	0.48355082
4490992	8585	3.8889399	0.48492905
4490992	8586	4.079795	0.5305494
4490992	8587	4.272626	0.1831359
4490992	8588	4.78381	-0.08439261
4490992	8589	4.621442	1.1319396
4490992	8590	4.455955	1.4417665
4490992	8591	4.759722	1.3250587
4490992	8592	5.2411366	1.295531
4490992	8593	4.8142676	1.5452507
4490992	8594	5.2991157	1.0521187
4490992	8595	4.4424086	0.9779705
4490992	8596	5.082483	0.88770247
4490992	8597	5.0141535	1.0692126
4490992	8598	5.1455045	1.0544732
4490992	8599	4.3808756	1.6519556
4490992	8600	4.4264307	1.6860106
4490992	8601	4.5250816	1.6025949
4490992	8602	4.8623347	1.1735622
4490992	8603	5.0423446	1.0862567
4490992	8604	5.170717	0.96628
4490992	8605	4.8689446	1.2378287
4490992	8606	5.020292	1.089089
4490992	8607	7.171056	-1.5714219
4490992	8608	7.299123	-1.4606763
4490992	8609	7.204593	-1.2537618
4490992	8610	7.0956755	-1.1061252
4490992	8611	7.030429	-1.1622237
4490992	8612	7.1055427	-1.2589405
4490992	8613	7.1849923	-1.4772923
4490992	8614	7.0466814	-1.2514082
4490992	8615	7.0997057	-1.8010131
4490992	8616	7.0364056	-1.7623007
4490992	8617	6.9105673	-1.7730397
4490992	8618	6.9359174	-1.7881231
4490992	8619	6.9000297	-1.8321482
4490992	8620	6.866926	-1.8330967
4490992	8621	6.842066	-1.86711
4490992	8622	6.81468	-1.8720156
4490992	8623	6.8013916	-1.9010832
4490992	8624	6.7741284	-1.8850713
4490992	8625	6.762071	-1.9118583
4490992	8626	6.7451987	-1.9075584
4490992	8627	6.738456	-1.9324595
4490992	8628	6.714256	-1.9160664
4490992	8629	6.7039447	-1.9242907
4490992	8630	6.6890345	-1.9247217
4490992	8631	6.6838512	-1.9328983
4490992	8632	6.6734076	-1.931007
4490992	8633	6.665254	-1.9350443
4490992	8634	6.6551657	-1.9341934
4490992	8635	6.6399984	-1.9321678
4490992	8636	6.6348586	-1.9459529
4490992	8637	6.6272564	-1.9408852
4490992	8638	6.6218967	-1.9429829
4490992	8639	6.6195664	-1.9430768
4490992	8640	6.611992	-1.939643
4490992	8641	6.623612	-1.9695762
4490992	8642	6.581553	-1.8875017
4490992	8643	6.5962276	-1.8980354
4490992	8644	6.604487	-1.9063962
4490992	8645	6.609209	-1.9138851
4490992	8646	6.6148047	-1.9299486
4490992	8647	6.6107354	-1.9242792
4490992	8648	6.6142097	-1.9453636
4490992	8649	6.610208	-1.9411179
4490992	8650	6.6092854	-1.9537624
4490992	8651	6.6125274	-1.9606954
4490992	8652	6.6144924	-1.9697345
4490992	8653	6.615156	-1.9716127
4490992	8654	6.6150784	-1.9748943
4490992	8655	6.615625	-1.9807575
4490992	8656	6.618893	-1.9903463
4490992	8657	6.616307	-1.9898297
4490992	8658	6.6181083	-2.0000243
4490992	8659	6.617566	-1.99504
4490992	8660	6.621124	-2.0124316
4490992	8661	6.613536	-1.9932815
4490992	8662	6.6137342	-2.0084486
4490992	8663	6.609241	-2.002632
4490992	8664	6.6090956	-2.0087352
4490992	8665	6.611685	-2.0179632
4490992	8666	6.6116037	-2.0118964
4490992	8667	6.6117024	-2.0152488
4490992	8668	6.61129	-2.0175142
4490992	8669	6.605933	-2.0089908
4490992	8670	6.6088796	-2.0280833
4490992	8671	6.6024203	-2.009754
4490992	8672	6.6090117	-2.0348225
4490992	8673	6.6035113	-2.0127697
4490992	8674	6.60872	-2.0387533
4490992	8675	6.3444467	-1.6690471
4490992	8676	6.3687162	-1.7420617
4490992	8677	6.387397	-1.7548481
4490992	8678	6.3941855	-1.7825066
4490992	8679	6.3959675	-1.7996053
4490992	8680	6.3994365	-1.8161044
4490992	8681	6.3979115	-1.8263122
4490992	8682	6.3998213	-1.8458178
4490992	8683	6.401374	-1.8608564
4490992	8684	6.405302	-1.8774868
4490992	8685	6.4061794	-1.8814689
4490992	8686	6.4109483	-1.8954215
4490992	8687	6.4137845	-1.8968244
4490992	8688	6.414464	-1.9047643
4490992	8689	6.4174814	-1.9095075
4490992	8690	6.422806	-1.9171044
4490992	8691	6.423001	-1.9195387
4490992	8692	6.4285254	-1.9291494
4490992	8693	6.4285245	-1.923339
4490992	8694	6.433965	-1.935059
4490992	8695	6.4351315	-1.931871
4490992	8696	6.442321	-1.942136
4490992	8697	6.442908	-1.9395576
4490992	8698	6.4403634	-1.9338549
4490992	8699	6.4448724	-1.9451894
4490992	8700	6.444919	-1.9463687
4490992	8701	6.446482	-1.9436078
4490992	8702	6.453169	-1.9516541
4490992	8703	6.45401	-1.9477364
4490992	8704	6.4584346	-1.9558501
4490992	8705	6.459389	-1.9526496
4490992	8706	6.464564	-1.9594526
4490992	8707	6.464168	-1.955145
4490992	8708	6.468803	-1.9672778
4490992	8709	6.4615183	-1.9525048
4490992	8710	6.465398	-1.9664829
4490992	8711	6.4658546	-1.9622971
4490992	8712	6.4699125	-1.969321
4490992	8713	6.4715924	-1.9613855
4490992	8714	6.4768586	-1.9712131
4490992	8715	6.4764175	-1.9676207
4490992	8716	6.478648	-1.9726927
4490992	8717	6.478033	-1.9696631
4490992	8718	6.481232	-1.9808761
4490992	8719	6.4768395	-1.96864
4490992	8720	6.4798517	-1.9823617
4490992	8721	6.4807167	-1.9803799
4490992	8722	6.4830403	-1.9793216
4490992	8723	6.48225	-1.9787332
4490992	8724	6.4847946	-1.9807255
4490992	8725	6.4850035	-1.9807905
4490992	8726	6.4866014	-1.9840847
4490992	8727	6.486215	-1.9807174
4490992	8728	6.4877977	-1.9871684
4490992	8729	6.4871535	-1.9819636
4490992	8730	6.4901695	-1.9936886
4490992	8731	6.4897614	-1.988437
4490992	8732	6.4917107	-1.9927678
4490992	8733	6.492817	-1.99364
4490992	8734	6.493813	-1.9954809
4490992	8735	6.4943666	-1.9955443
4490992	8736	6.4946938	-1.9960517
4490992	8737	6.4940567	-1.99266
4490992	8738	6.496152	-2.0032094
4490992	8739	6.494456	-1.9952213
4490992	8740	6.493669	-1.9950382
4490992	8741	6.489009	-1.9858047
4490992	8742	6.4892383	-2.0007718
4490992	8743	6.489723	-1.9934883
4490992	8744	6.4877634	-1.9922881
4490992	8745	6.493224	-2.006189
4490992	8746	6.2354207	-1.5423647
4490992	8747	6.2697973	-1.5927179
4490992	8748	6.3116794	-1.5722052
4490992	8749	6.323724	-1.5671712
4490992	8750	6.3418083	-1.5905073
4490992	8751	6.3515773	-1.5925231
4490992	8752	6.3641458	-1.6075027
4490992	8753	6.375357	-1.617267
4490992	8754	6.3871236	-1.6277901
4490992	8755	6.39636	-1.6378503
4490992	8756	6.4092436	-1.6484162
4490992	8757	6.4171066	-1.6516731
4490992	8758	6.428329	-1.6628276
4490992	8759	6.4378614	-1.6688056
4490992	8760	6.447079	-1.6740491
4490992	8761	6.456018	-1.6785316
4490992	8762	6.4629784	-1.6779524
4490992	8763	6.471321	-1.6860094
4490992	8764	6.478372	-1.6843336
4490992	8765	6.4862914	-1.6887095
4490992	8766	6.4936543	-1.6900334
4490992	8767	6.501763	-1.6947207
4490992	8768	6.508239	-1.6952473
4490992	8769	6.513878	-1.6908938
4490992	8770	6.5188694	-1.6948696
4490992	8771	6.5221577	-1.6891296
4490992	8772	6.5281205	-1.6927532
4490992	8773	6.533511	-1.6924356
4490992	8774	6.537976	-1.6902761
4490992	8775	6.544447	-1.6913491
4490992	8776	6.549742	-1.6938494
4490992	8777	6.554063	-1.6926937
4490992	8778	6.5590234	-1.6954653
4490992	8779	6.5627084	-1.6916976
4490992	8780	6.5627217	-1.6865108
4490992	8781	6.5676208	-1.6920772
4490992	8782	6.573493	-1.6960086
4490992	8783	6.575634	-1.691905
4490992	8784	6.5799723	-1.69429
4490992	8785	6.5824146	-1.6876217
4490992	8786	6.5865493	-1.6968378
4490992	8787	6.588905	-1.6924299
4490992	8788	6.591679	-1.6952286
4490992	8789	6.593823	-1.6916989
4490992	8790	6.596513	-1.6964172
4490992	8791	6.59975	-1.6972394
4490992	8792	6.599012	-1.6854376
4490992	8793	6.5993996	-1.6888275
4490992	8794	6.601576	-1.6866457
4490992	8795	6.6050086	-1.6912242
4490992	8796	6.6079803	-1.68744
4490992	8797	6.6098127	-1.684863
4490992	8798	6.6129365	-1.687415
4490992	8799	6.6147585	-1.6855317
4490992	8800	6.615339	-1.6840509
4490992	8801	6.616957	-1.6839103
4490992	8802	6.6165614	-1.6770719
4490992	8803	6.6155043	-1.6745672
4490992	8804	6.6178985	-1.6808977
4490992	8805	6.620121	-1.6787846
4490992	8806	6.6201234	-1.6728592
4490992	8807	6.621149	-1.671241
4490992	8808	6.6214223	-1.6707051
4490992	8809	6.845943	-2.0186794
4490992	8810	7.0895815	-2.234284
4490992	8811	7.055384	-2.2428114
4490992	8812	7.118594	-2.222422
4490992	8813	7.0707245	-2.231895
4490992	8814	7.3127923	-2.5193467
4490992	8815	7.0847692	-2.589134
4490992	8816	7.0685344	-2.4439137
4490992	8817	6.9237156	-2.3363562
4490992	8818	7.024937	-1.7973989
4490992	8819	6.506953	-2.1376877
4490992	8820	6.50696	-2.5882633
4490992	8821	6.3278627	-2.643777
4490992	8822	6.109617	-2.586161
4490992	8823	6.6237817	-1.7964329
4490992	8824	6.235349	-2.0886295
4490992	8825	6.4712234	-2.118316
4490992	8826	6.380579	-2.1398578
4490992	8827	6.3348756	-2.1044283
4490992	8828	6.3052945	-2.1064172
4490992	8829	6.327234	-2.137117
4490992	8830	6.0885	-2.067457
4490992	8831	6.0475893	-2.0937107
4490992	8832	5.9778953	-2.121068
4490992	8833	5.900169	-2.0909123
4490992	8834	6.041685	-2.1444676
4490992	8835	5.0021186	-1.6136138
4490992	8836	5.209094	-1.3158205
4490992	8837	5.4404817	-1.5497812
4490992	8838	5.515753	-1.5752633
4490992	8839	1.9128741	0.8661442
4490992	8840	1.7810048	2.0283518
4490992	8841	2.3659873	1.4650489
4490992	8842	2.1671844	1.972431
4490992	8843	2.2525477	1.9326372
4490992	8844	2.2192364	1.9225066
4490992	8845	3.483191	0.04088959
4490992	8846	2.8311753	1.4060527
4490992	8847	4.096923	-0.29139847
4490992	8848	3.9266057	0.07898983
4490992	8849	3.9944959	-0.08536169
4490992	8850	4.213913	-0.2385293
4490992	8851	3.758431	0.3826057
4490992	8852	3.9641685	-0.07633191
4490992	8853	3.849145	-0.23799613
4490992	8854	3.382235	0.22720525
4490992	8855	3.2651863	0.23185304
4490992	8856	3.1071897	0.4590461
4490992	8857	2.6461759	1.3587663
4490992	8858	2.445891	1.5838506
4490992	8859	2.4232006	1.7749596
4490992	8860	2.2102814	1.9970758
4490992	8861	2.153688	2.0973346
4490992	8862	3.1798182	2.8389485
4490992	8863	3.7088642	2.765297
4490992	8864	4.0258274	2.6041741
4490992	8865	3.8567839	2.8396106
4490992	8866	3.9098516	2.6428072
4490992	8867	3.870597	2.597504
4490992	8868	3.7659955	2.627824
4490992	8869	3.825128	2.6524773
4490992	8870	3.8488464	2.713366
4490992	8871	3.8153062	2.7681494
4490992	8872	3.9264398	2.6282244
4490992	8873	3.767815	2.7526278
4490992	8874	3.08703	3.4478366
4490992	8875	3.1725578	3.3904803
4490992	8876	3.4269943	3.2034035
4490992	8877	3.508154	3.337091
4490992	8878	3.4283466	3.3291252
4490992	8879	3.415699	3.3696098
4490992	8880	3.4812531	3.3699543
4490992	8881	3.4460344	3.4293618
4490992	8882	3.4315329	3.4586594
4490992	8883	3.4725285	3.3954167
4490992	8884	3.566772	3.2707505
4490992	8885	3.7699223	2.9267697
4490992	8886	3.8966937	3.0641694
4490992	8887	4.0276217	2.8507624
4490992	8888	2.5365868	2.3435638
4490992	8889	3.3785882	1.9583566
4490992	8890	4.635478	2.247883
4490992	8891	3.4948115	3.2473738
4490992	8892	4.8907022	1.7755663
4490992	8893	4.2359595	2.4653068
4490992	8894	4.5400033	2.123012
4490992	8895	4.079987	2.6183715
4490992	8896	4.1925254	2.5348294
4490992	8897	4.507593	2.293225
4490992	8898	4.4668174	2.580888
4490992	8899	4.532736	2.447416
4490992	8900	3.2327886	3.1022873
4490992	8901	2.1128416	2.3846402
4490992	8902	2.0963311	2.8729608
4490992	8903	2.4541621	2.3437073
4490992	8904	2.606451	2.2596784
4490992	8905	2.9683938	1.9187174
4490992	8906	1.0426141	2.2871637
4490992	8907	4.0650296	0.9234834
4490992	8908	3.171208	1.9470046
4490992	8909	2.3031297	2.941738
4490992	8910	3.9802856	0.89937735
4490992	8911	4.2226486	1.1370652
4490992	8912	3.9472961	0.9622718
4490992	8913	4.1691666	0.7890613
4490992	8914	3.9680738	0.91659975
4490992	8915	4.0577793	0.7725533
4490992	8916	4.8008347	0.9960644
4490992	8917	4.474474	1.7206476
4490992	8918	4.7769313	1.4162172
4490992	8919	4.886146	1.4831046
4490992	8920	4.730262	1.5655286
4490992	8921	4.7573667	1.360328
4490992	8922	4.726332	1.3652482
4490992	8923	4.701886	1.4089674
4490992	8924	4.6748533	1.423545
4490992	8925	4.5238395	1.6976032
4490992	8926	5.402437	0.876539
4490992	8927	4.216914	2.169023
4490992	8928	4.2976065	2.2979586
4490992	8929	4.1494713	2.4262614
4490992	8930	4.216877	2.3784792
4490992	8931	4.4550204	2.3120549
4490992	8932	4.19827	2.5469108
4490992	8933	3.8284273	3.001378
4490992	8934	3.7618518	3.0298982
4490992	8935	4.0623684	2.8467498
4490992	8936	4.0901093	2.9175994
4490992	8937	4.330448	2.3955495
4490992	8938	4.746967	2.0611372
4490992	8939	4.297356	2.6308358
4490992	8940	4.060985	2.9412472
4490992	8941	4.2606664	2.5458503
4490992	8942	4.2334156	2.7580724
4490992	8943	4.2945	2.6832452
4490992	8944	4.0473676	3.1213672
4490992	8945	4.0830917	2.929867
4490992	8946	4.3255744	2.877275
4490992	8947	4.301057	2.8255975
4490992	8948	4.129252	3.0857725
4490992	8949	4.28674	2.6642277
4490992	8950	4.4478235	2.6019661
4490992	8951	4.4584317	2.657132
4490992	8952	4.4357924	2.642659
4490992	8953	4.183788	2.8923311
4490992	8954	4.1792655	2.9257329
4490992	8955	4.418337	2.7184923
4490992	8956	4.3706956	2.8832335
4490992	8957	4.2042017	2.9792237
4490992	8958	4.9599795	0.22069827
4490992	8959	5.4623847	0.6183182
4490992	8960	5.434455	1.0144788
4490992	8961	4.99107	1.282132
4490992	8962	5.835848	0.21746954
4490992	8963	5.2755466	0.37854972
4490992	8964	5.4096427	0.103262335
4490992	8965	3.2065663	-0.42547122
4490992	8966	2.7663379	-0.6261215
4490992	8967	2.7225862	-0.72699785
4490992	8968	2.586361	-0.68343616
4490992	8969	2.0475388	1.2216873
4490992	8970	4.585664	0.17197105
4490992	8971	4.97529	0.37381318
4490992	8972	4.8606067	0.68046844
4490992	8973	4.773455	0.8055024
4490992	8974	4.48244	1.052571
4490992	8975	4.521776	0.9683639
4490992	8976	1.6168126	1.2464706
4490992	8977	2.1099439	2.7213604
4490992	8978	2.2135444	2.6951087
4490992	8979	2.1185703	2.5515919
4490992	8980	2.1049323	2.716341
4490992	8981	1.6742159	3.0216806
4490992	8982	1.6170608	2.998842
4490992	8983	1.6995465	2.8581495
4490992	8984	1.596888	2.9660459
4490992	8985	1.750992	2.7543116
4490992	8986	1.6633023	2.8362389
4490992	8987	1.4907941	2.8059797
4490992	8988	1.4776732	2.9372683
4490992	8989	1.6121303	2.8062055
4490992	8990	1.6926872	2.754269
4490992	8991	4.1406646	1.8904054
4490992	8992	4.101031	2.4168553
4490992	8993	4.346442	2.4633086
4490992	8994	4.9469485	1.9580164
4490992	8995	4.6735454	2.1185193
4490992	8996	3.0798216	1.448721
4490992	8997	5.8191643	-0.71100223
4490992	8998	4.521762	0.38178208
4490992	8999	4.570056	0.68870723
4490992	9000	4.412474	0.9504267
4490992	9001	4.3695374	0.6250979
4490992	9002	4.2935867	0.6242051
4490992	9003	4.3183928	0.5494765
4490992	9004	1.9121631	2.7490032
4490992	9005	1.2269882	3.099149
4490992	9006	1.3084784	2.7336066
4490992	9007	3.2870355	2.1857877
4490992	9008	4.017097	2.2255487
4490992	9009	4.114575	2.1980987
4490992	9010	4.2471795	2.2913127
4490992	9011	4.0151	2.6690006
4490992	9012	3.7934132	2.6260247
4490992	9013	4.5639195	2.2072873
4490992	9014	4.244065	2.6553037
4490992	9015	3.3531828	0.9438541
4490992	9016	3.681281	1.0506544
4490992	9017	3.3477306	1.1014622
4490992	9018	3.070005	0.057104558
4490992	9019	2.9790845	-0.107729584
4490992	9020	4.314273	0.70833945
4490992	9021	3.5666666	2.0745718
4490992	9022	2.3977098	1.1216661
4490992	9023	2.546557	1.5977304
4490992	9024	2.4778333	1.7334235
4490992	9025	2.4482613	1.767585
4490992	9026	2.4239216	1.3831527
4490992	9027	2.536068	1.6953447
4490992	9028	1.2561731	2.861389
4490992	9029	3.1657844	2.3076491
4490992	9030	2.954269	3.0389493
4490992	9031	3.263188	3.0130005
4490992	9032	3.5400496	2.9599142
4490992	9033	3.3658195	3.2675092
4490992	9034	2.7300463	3.8221357
4490992	9035	1.4299889	3.124965
4490992	9036	1.6203524	3.0572326
4490992	9037	1.5604547	3.172607
4490992	9038	2.0363393	2.9227288
4490992	9039	1.9249984	2.7331324
4490992	9040	2.5650625	2.4538245
4490992	9041	2.6004663	2.6095505
4490992	9042	2.6355171	2.6708443
4490992	9043	2.2012405	3.079995
4490992	9044	2.9359612	2.3217154
4490992	9045	3.268773	2.2330754
4490992	9046	3.214366	2.1545365
4490992	9047	3.4248714	2.1558986
4490992	9048	3.7536416	2.0158272
4490992	9049	3.7083645	1.9541883
4490992	9050	3.7148666	2.1229706
4490992	9051	3.80961	2.1462004
4490992	9052	3.8629923	2.139465
4490992	9053	3.6425142	2.0893264
4490992	9054	4.1210284	1.8565104
4490992	9055	2.5453744	0.34275702
4490992	9056	4.030554	1.2300372
4490992	9057	4.4225545	1.767436
4490992	9058	4.7209725	1.1497482
4490992	9059	4.406111	1.5175959
4490992	9060	4.2064533	1.5945663
4490992	9061	4.188918	1.3938924
4490992	9062	4.2559156	1.3009804
4490992	9063	1.8663989	1.5642443
4490992	9064	2.2428136	0.6326082
4490992	9065	2.0636835	0.5220953
4490992	9066	2.0318217	0.41852996
4490992	9067	4.067921	0.76381123
4490992	9068	4.1141396	1.1424805
4490992	9069	4.004065	1.582444
4490992	9070	3.6068444	1.6932197
4490992	9071	3.742238	1.5592124
4490992	9072	1.3627346	1.4998176
4490992	9073	1.8153812	0.6438147
4490992	9074	3.981279	0.70305574
4490992	9075	3.8644004	1.402817
4490992	9076	3.701354	1.3791429
4490992	9077	3.7895918	1.3549713
4490992	9078	1.2350378	1.4119672
4490992	9079	1.5172828	0.77386415
4490992	9080	1.5401841	1.1322829
4490992	9081	1.479068	1.081084
4490992	9082	1.351358	1.1058846
4490992	9083	1.5545138	0.80185235
4490992	9084	1.5732452	0.85778224
4490992	9085	3.8401341	1.0048025
4490992	9086	3.4162326	1.7834523
4490992	9087	3.2361097	2.0612712
4490992	9088	3.256524	2.1995478
4490992	9089	2.7767577	2.4276044
4490992	9090	3.1808357	2.1706653
4490992	9091	3.1065192	2.599366
4490992	9092	3.1954045	2.3562646
4490992	9093	3.3748412	2.1734297
4490992	9094	1.6896604	3.615866
4490992	9095	2.4362173	2.9924572
4490992	9096	2.6798716	3.5364618
4490992	9097	3.5304332	3.1992977
4490992	9098	3.6615758	3.1033883
4490992	9099	3.5414615	3.10385
4490992	9100	3.71283	3.1113923
4490992	9101	3.4378853	3.3535922
4490992	9102	2.9520798	3.7405837
4490992	9103	3.5771532	3.1666987
4490992	9104	3.3980198	3.027597
4490992	9105	3.3449912	2.8082519
4490992	9106	3.7091813	2.7865171
4490992	9107	3.7528834	2.878369
4490992	9108	3.850048	2.8590937
4490992	9109	4.006788	2.7414377
4490992	9110	3.6556053	2.917133
4490992	9111	3.6677833	2.852603
4490992	9112	3.9059873	2.7489064
4490992	9113	3.8714428	2.8656404
4490992	9114	3.737924	3.064178
4490992	9115	3.813487	2.999895
4490992	9116	4.3116374	2.6268437
4490992	9117	4.506135	2.4190958
4490992	9118	4.0884814	2.969894
4490992	9119	4.3183002	2.6200757
4490992	9120	4.5022106	2.5668254
4490992	9121	4.294081	2.5766163
4490992	9122	5.140352	1.8655746
4490992	9123	4.633231	2.2889485
4490992	9124	4.123786	2.820496
4490992	9125	4.0449877	2.8389764
4490992	9126	4.606216	2.3340158
4490992	9127	3.895392	2.8892276
4490992	9128	3.0435133	1.9178011
4490992	9129	3.3545613	2.020339
4490992	9130	2.9677186	1.9457443
4490992	9131	3.1654673	1.5935197
4490992	9132	3.2358503	1.285462
4490992	9133	3.3768368	2.4384406
4490992	9134	4.7192774	1.2202427
4490992	9135	3.0952244	1.127663
4490992	9136	3.1044064	1.622421
4490992	9137	2.9129863	1.7334132
4490992	9138	2.8404603	1.675803
4490992	9139	2.6991158	1.7548635
4490992	9140	2.655851	1.7966928
4490992	9141	2.5256152	1.8422124
4490992	9142	2.4253545	2.0029483
4490992	9143	2.9796782	1.4541966
4490992	9144	3.153305	1.4096667
4490992	9145	3.813754	1.0396597
4490992	9146	4.234039	0.66773915
4490992	9147	4.8168745	0.20912078
4490992	9148	5.343323	-0.082421094
4490992	9149	5.6009107	-0.05385554
4490992	9150	5.3590775	-0.028711945
4490992	9151	5.5805845	-0.2970751
4490992	9152	2.4838886	2.123107
4490992	9153	1.789147	2.9005146
4490992	9154	2.0925035	2.4079888
4490992	9155	2.322126	2.2271485
4490992	9156	2.1039457	2.1934323
4490992	9157	1.8508993	2.3527234
4490992	9158	1.9087118	2.2490377
4490992	9159	1.8655337	2.307692
4490992	9160	1.6319815	2.4270816
4490992	9161	1.6390706	2.4930146
4490992	9162	1.7721034	2.3738127
4490992	9163	1.5354375	2.5022116
4490992	9164	1.5991246	2.508522
4490992	9165	1.4634839	2.536239
4490992	9166	2.6668677	3.0715723
4490992	9167	2.847651	2.897024
4490992	9168	3.1588588	2.6617367
4490992	9169	3.3967743	2.7421346
4490992	9170	3.3884735	2.7958481
4490992	9171	3.382554	2.7800393
4490992	9172	3.4640746	2.6981337
4490992	9173	3.360261	2.8327622
4490992	9174	3.0322394	3.0998201
4490992	9175	2.0347276	3.8496873
4490992	9176	2.486814	3.3978262
4490992	9177	2.719696	3.3503294
4490992	9178	2.7045555	3.3633635
4490992	9179	2.6779861	3.2672896
4490992	9180	2.795977	3.227713
4490992	9181	2.705052	3.319776
4490992	9182	2.673767	3.420621
4490992	9183	2.6402473	3.4254076
4490992	9184	2.5473704	3.4060626
4490992	9185	2.3282971	3.2917652
4490992	9186	4.2196665	1.8306994
4490992	9187	3.381721	2.4506538
4490992	9188	3.503408	2.396506
4490992	9189	3.9752817	2.0172582
4490992	9190	3.7258282	2.492423
4490992	9191	4.1985955	1.9373684
4490992	9192	4.4321775	1.9059274
4490992	9193	4.3097906	2.0855594
4490992	9194	4.3954754	1.8808208
4490992	9195	2.7889872	3.2009335
4490992	9196	2.3181787	3.562288
4490992	9197	2.290772	3.5558727
4490992	9198	2.3776555	3.5658405
4490992	9199	2.177815	3.9239557
4490992	9200	2.0948796	3.918455
4490992	9201	2.3117213	3.5802252
4490992	9202	2.5116043	3.5184839
4490992	9203	2.4633045	3.5555432
4490992	9204	2.59376	3.4499605
4490992	9205	2.174315	3.8050077
4490992	9206	2.223546	3.7278593
4490992	9207	2.29313	3.6185296
4490992	9208	1.7469689	3.3662653
4490992	9209	1.311209	3.769983
4490992	9210	1.3085067	4.0381613
4490992	9211	1.6214391	3.823385
4490992	9212	2.046204	3.5590065
4490992	9213	2.1450906	3.5179305
4490992	9214	2.0324612	3.5340562
4490992	9215	1.8066422	3.7208784
4490992	9216	1.8451637	3.6773837
4490992	9217	1.7375466	3.7660701
4490992	9218	1.7977048	3.721514
4490992	9219	1.7207938	3.788924
4490992	9220	1.7931341	3.7342255
4490992	9221	1.7266775	3.7959044
4490992	9222	1.797355	3.7429469
4490992	9223	1.7320002	3.8066108
4490992	9224	1.7935632	3.7644384
4490992	9225	1.704192	3.8401673
4490992	9226	1.7863542	3.792093
4490992	9227	2.007544	3.5843008
4490992	9228	2.0901647	3.6216247
4490992	9229	1.7896432	3.8318493
4490992	9230	1.676016	3.924878
4490992	9231	1.7926961	3.854698
4490992	9232	1.888383	3.7851632
4490992	9233	1.9389094	3.6570642
4490992	9234	1.6021446	4.1016054
4490992	9235	1.6777989	4.077032
4490992	9236	1.6987838	4.059853
4490992	9237	1.4827721	4.1961637
4490992	9238	1.8239132	3.730759
4490992	9239	1.6577369	4.042232
4490992	9240	1.8606976	3.9572837
4490992	9241	1.9426891	3.7664487
4490992	9242	1.8246669	3.991389
4490992	9243	1.5387274	4.178015
4490992	9244	1.6418601	4.120109
4490992	9245	1.4473311	4.2448454
4490992	9246	1.7889208	3.9974062
4490992	9247	1.9899338	3.8421857
4490992	9248	2.4698892	3.6051915
4490992	9249	2.467866	3.4498174
4490992	9250	2.378893	3.5827901
4490992	9251	2.394177	3.657697
4490992	9252	2.4184384	3.6702397
4490992	9253	2.4297247	3.688825
4490992	9254	2.4070292	3.7199914
4490992	9255	2.4420128	3.727854
4490992	9256	2.353414	3.788983
4490992	9257	1.347534	3.5047226
4490992	9258	1.0067153	3.7558267
4490992	9259	0.63583875	3.7765758
4490992	9260	0.6699265	3.7588017
4490992	9261	0.69389343	3.7052672
4490992	9262	0.7156019	3.6518657
4490992	9263	1.3256313	4.3133264
4490992	9264	1.3467972	4.063922
4490992	9265	1.1535623	4.2264576
4490992	9266	1.0997854	4.305954
4490992	9267	1.08178	4.3412404
4490992	9268	2.486709	3.2052088
4490992	9269	2.5431867	3.2402115
4490992	9270	3.278326	2.6846626
4490992	9271	3.457181	2.5224996
4490992	9272	3.6727514	2.313981
4490992	9273	3.518538	2.512657
4490992	9274	3.5919347	2.3256848
4490992	9275	3.5618348	2.1642394
4490992	9276	3.9049025	1.9185529
4490992	9277	3.910112	2.123718
4490992	9278	3.7218943	2.312518
4490992	9279	3.7330313	2.2886071
4490992	9280	3.9305935	2.170897
4490992	9281	4.024051	2.0929751
4490992	9282	4.415241	1.6215312
4490992	9283	3.3185964	0.8010149
4490992	9284	2.8973823	1.4100113
4490992	9285	2.7195907	1.3126303
4490992	9286	2.6509204	1.366137
4490992	9287	2.7455068	1.5235405
4490992	9288	2.7225094	1.5703185
4490992	9289	2.737471	1.5479054
4490992	9290	2.4024172	1.8429139
4490992	9291	3.0511332	2.4539087
4490992	9292	2.9384813	2.7867115
4490992	9293	2.5751338	3.107329
4490992	9294	2.4384537	3.2927356
4490992	9295	2.9115324	3.0118275
4490992	9296	3.3817263	2.5879526
4490992	9297	3.5208468	2.5220768
4490992	9298	3.4903178	2.495481
4490992	9299	3.6397233	2.369941
4490992	9300	3.4989748	2.5242789
4490992	9301	3.4895244	2.5093806
4490992	9302	3.861134	2.6950142
4490992	9303	3.375804	3.0198126
4490992	9304	3.0209646	3.3850598
4490992	9305	4.0114956	2.041411
4490992	9306	4.4344244	1.9277425
4490992	9307	4.326761	1.9278352
4490992	9308	4.543686	1.8007202
4490992	9309	4.453479	1.8522081
4490992	9310	4.7771854	1.6054912
4490992	9311	4.7316356	1.6232867
4490992	9312	4.717955	1.6701043
4490992	9313	4.7149706	1.6768103
4490992	9314	4.667815	1.6638727
4490992	9315	4.54468	1.7567823
4490992	9316	4.910779	1.3524357
4490992	9317	4.504289	1.9086392
4490992	9318	4.6484966	1.7325971
4490992	9319	4.599079	1.3637742
4490992	9320	4.3202043	2.3015878
4490992	9321	3.7472734	3.4643192
4490992	9322	3.8436532	3.456151
4490992	9323	3.685668	3.6357691
4490992	9324	3.6727753	3.6528614
4490992	9325	3.731029	3.6721876
4490992	9326	4.2820745	3.4585788
4490992	9327	4.9959188	2.9274912
4490992	9328	4.9802876	2.7000897
4490992	9329	3.6820545	3.6466281
4490992	9330	3.734017	3.932286
4490992	9331	4.2017436	3.6617053
4490992	9332	4.8057013	3.3046536
4490992	9333	5.257068	2.7028685
4490992	9334	5.3919964	2.5359905
4490992	9335	5.02604	2.5891933
4490992	9336	4.7733536	3.0564797
4490992	9337	5.3903484	2.2605019
4490992	9338	5.697794	1.7168205
4490992	9339	5.7275944	1.5943639
4490992	9340	5.721312	1.5448408
4490992	9341	4.934504	0.07300517
4490992	9342	4.9234247	0.50475705
4490992	9343	4.983026	0.51445055
4490992	9344	4.518021	0.95741296
4490992	9345	4.421329	1.0620831
4490992	9346	4.806157	0.5731486
4490992	9347	2.7350101	2.7569072
4490992	9348	2.7449288	2.8743157
4490992	9349	2.6210942	2.8660374
4490992	9350	4.3890777	2.5213354
4490992	9351	3.9855952	3.2522006
4490992	9352	4.1125255	3.1302445
4490992	9353	4.1625533	3.1220436
4490992	9354	4.2105293	3.141594
4490992	9355	4.7812047	2.684874
4490992	9356	4.708953	2.7603798
4490992	9357	4.684653	2.751823
4490992	9358	4.5363965	2.7929401
4490992	9359	4.6544514	2.8162022
4490992	9360	4.557732	2.8118396
4490992	9361	4.526364	2.8855686
4490992	9362	4.5114245	2.9161677
4490992	9363	4.48655	2.9491076
4490992	9364	4.474809	2.961805
4490992	9365	4.441928	3.0017033
4490992	9366	4.609455	2.8931773
4490992	9367	4.6068535	2.922388
4490992	9368	4.4686584	2.953447
4490992	9369	4.592493	2.9460423
4490992	9370	4.4949384	2.9214685
4490992	9371	5.196423	2.4853275
4490992	9372	4.8088827	2.7256134
4490992	9373	4.698321	2.8865254
4490992	9374	3.6768627	3.888952
4490992	9375	3.2810102	4.2869577
4490992	9376	3.1331801	4.3899174
4490992	9377	3.0352101	4.5083055
4490992	9378	2.9972606	4.5881367
4490992	9379	2.947342	4.6529365
4490992	9380	2.9101715	4.719251
4490992	9381	2.8542452	4.740182
4490992	9382	3.4040956	4.3977013
4490992	9383	3.1851206	4.521439
4490992	9384	3.1025395	4.746785
4490992	9385	3.1558652	4.8036537
4490992	9386	2.9295926	4.961595
4490992	9387	3.0562024	4.9170685
4490992	9388	3.1469111	4.955804
4490992	9389	2.8428693	5.1940556
4490992	9390	3.079452	5.0158195
4490992	9391	2.9258523	5.113257
4490992	9392	3.0943375	5.0114245
4490992	9393	2.9007282	5.1248226
4490992	9394	3.2474566	4.873973
4490992	9395	3.1048923	4.9225006
4490992	9396	3.2393632	4.8841043
4490992	9397	2.9385276	5.131552
4490992	9398	2.7902904	5.262982
4490992	9399	3.55338	4.751683
4490992	9400	3.382409	4.7257266
4490992	9401	3.2410364	4.9396453
4490992	9402	3.2202778	4.631948
4490992	9403	4.075264	3.8786623
4490992	9404	3.7222562	4.322469
4490992	9405	3.8716764	4.1775546
4490992	9406	3.9038696	4.219743
4490992	9407	4.4252825	3.6632402
4490992	9408	4.4104505	3.6235154
4490992	9409	4.785634	3.1263206
4490992	9410	5.5485725	2.3497803
4490992	9411	5.7481275	1.9544983
4490992	9412	3.0657077	1.6126356
4490992	9413	3.439281	1.8595605
4490992	9414	3.5022225	2.116156
4490992	9415	3.9808097	2.0949004
4490992	9416	4.2283034	2.0545542
4490992	9417	3.8380733	2.5031805
4490992	9418	4.7583265	2.8128371
4490992	9419	2.1867003	3.614587
4490992	9420	2.4019465	3.472015
4490992	9421	2.3675494	3.3998857
4490992	9422	2.7638388	3.4193742
4490992	9423	4.122414	2.1438375
4490992	9424	2.992074	3.1689243
4490992	9425	4.00309	2.214909
4490992	9426	3.6584797	2.9770129
4490992	9427	3.9940505	1.6402287
4490992	9428	3.7367778	2.1829798
4490992	9429	5.027145	2.3600788
4490992	9430	4.3287544	3.4283648
4490992	9431	3.9157052	3.893174
4490992	9432	2.0507264	3.3749294
4490992	9433	2.4261403	3.028567
4490992	9434	2.405882	3.0414507
4490992	9435	2.8210335	2.8256605
4490992	9436	3.6263318	2.2489402
4490992	9437	4.006726	2.0306573
4490992	9438	3.6825495	2.3991854
4490992	9439	3.240768	2.4921079
4490992	9440	3.2483091	2.7619052
4490992	9441	0.42714262	4.523794
4490992	9442	0.34117144	3.7007072
4490992	9443	2.562858	3.8721998
4490992	9444	1.921764	4.624079
4490992	9445	1.7377473	4.967102
4490992	9446	1.7192124	4.9284983
4490992	9447	1.6445369	4.9922876
4490992	9448	1.6193846	5.03205
4490992	9449	2.5434241	5.124411
4490992	9450	3.0468092	4.263692
4490992	9451	1.709483	4.014133
4490992	9452	2.1335807	4.5638475
4490992	9453	2.4517646	4.409517
4490992	9454	2.6109734	4.179802
4490992	9455	1.9518274	3.2629867
4490992	9456	1.856675	3.814821
4490992	9457	1.8215388	3.824117
4490992	9458	2.2286	3.1369522
4490992	9459	2.213605	3.2791824
4490992	9460	1.7674834	3.7577765
4490992	9461	2.1380496	3.2627919
4490992	9462	2.4329667	2.8394136
4490992	9463	2.2344255	3.136075
4490992	9464	1.7773432	3.9293973
4490992	9465	1.6389316	4.0023055
4490992	9466	1.8809069	3.5210965
4490992	9467	2.0251336	3.4560583
4490992	9468	2.2049923	3.359414
4490992	9469	2.2011948	3.4113014
4490992	9470	1.7625324	4.1245046
4490992	9471	1.5053924	4.3830347
4490992	9472	1.762508	3.918494
4490992	9473	2.083243	3.6738765
4490992	9474	2.0682116	3.7959473
4490992	9475	2.157527	3.7676947
4490992	9476	2.081287	3.8490627
4490992	9477	2.322154	3.5673373
4490992	9478	2.2015738	3.7768943
4490992	9479	2.1984367	3.9493105
4490992	9480	2.0641356	4.0649447
4490992	9481	2.1036992	3.9098222
4490992	9482	2.85952	2.793851
4490992	9483	2.9428926	2.8581798
4490992	9484	3.0076408	2.6772783
4490992	9485	3.3285618	2.4450686
4490992	9486	2.9292445	3.0365787
4490992	9487	3.0738482	2.654204
4490992	9488	3.1504765	2.5855682
4490992	9489	3.106588	2.706439
4490992	9490	3.289734	2.3363237
4490992	9491	3.4977465	2.0921872
4490992	9492	3.203094	2.2078674
4490992	9493	4.030614	1.5261213
4490992	9494	4.5396347	1.713186
4490992	9495	5.282703	0.54868424
4490992	9496	5.2771206	1.5994701
4490992	9497	4.5199556	2.1646335
4490992	9498	4.765948	1.9581196
4490992	9499	4.718021	2.0607634
4490992	9500	4.6913457	2.098638
4490992	9501	4.6546807	2.133047
4490992	9502	4.5739655	2.206279
4490992	9503	4.5969467	2.1772108
4490992	9504	4.6084666	1.9257936
4490992	9505	4.9644337	1.6489294
4490992	9506	4.975285	1.775955
4490992	9507	4.8300405	1.9632115
4490992	9508	4.79286	1.9044619
4490992	9509	4.89243	1.8723679
4490992	9510	4.5430493	2.3241177
4490992	9511	3.6815472	0.9729457
4490992	9512	4.1499233	1.1285074
4490992	9513	4.0021324	1.0854849
4490992	9514	3.8836212	1.2231796
4490992	9515	4.2286677	0.63033724
4490992	9516	3.672255	2.14491
4490992	9517	4.2705965	1.9461753
4490992	9518	4.2456436	2.1047137
4490992	9519	4.2237906	2.1502485
4490992	9520	3.8282857	2.4678552
4490992	9521	4.0659647	2.3260722
4490992	9522	3.8941898	2.4792237
4490992	9523	3.8864465	2.5253937
4490992	9524	3.7206607	2.7669406
4490992	9525	3.8923893	2.6930518
4490992	9526	4.568353	2.2241907
4490992	9527	5.101043	1.9425416
4490992	9528	4.964162	2.2504637
4490992	9529	4.4928575	2.5157442
4490992	9530	4.6125717	2.2134874
4490992	9531	2.703352	2.1798718
4490992	9532	2.2809262	2.2855763
4490992	9533	2.321373	2.735997
4490992	9534	3.0069017	2.6152978
4490992	9535	2.7273388	2.615912
4490992	9536	3.1161485	2.5804613
4490992	9537	3.0742888	2.2694337
4490992	9538	3.161491	2.5571518
4490992	9539	3.03059	2.3736877
4490992	9540	4.546895	2.2984235
4490992	9541	4.4096146	2.7000968
4490992	9542	4.644185	2.7756228
4490992	9543	4.734051	2.6668615
4490992	9544	4.546592	2.834018
4490992	9545	4.553057	2.8305244
4490992	9546	4.240188	3.1485033
4490992	9547	4.258564	3.161202
4490992	9548	4.2653055	3.0829434
4490992	9549	4.4475474	3.0500371
4490992	9550	4.389891	3.1581712
4490992	9551	5.548671	2.1092777
4490992	9552	5.3699737	2.1216307
4490992	9553	5.025492	2.466032
4490992	9554	4.73256	2.7080588
4490992	9555	4.467447	3.0611231
4490992	9556	4.649465	2.854051
4490992	9557	4.7568827	2.4546032
4490992	9558	4.93407	2.3094447
4490992	9559	4.452803	0.4679695
4490992	9560	4.405088	0.86131084
4490992	9561	4.197591	1.2643458
4490992	9562	4.147504	1.1928927
4490992	9563	4.0254946	1.3926494
4490992	9564	3.786172	1.3357962
4490992	9565	3.6864214	1.3600867
4490992	9566	3.6909904	1.474312
4490992	9567	3.5332236	1.5658233
4490992	9568	3.3763475	1.7400746
4490992	9569	3.5766168	1.7111068
4490992	9570	3.6269345	1.5397218
4490992	9571	3.6176295	1.6990695
4490992	9572	3.7271247	1.5656266
4490992	9573	3.6356454	1.7191322
4490992	9574	3.4614096	2.0240073
4490992	9575	3.4970284	1.9336979
4490992	9576	3.1595163	2.1991796
4490992	9577	3.389748	2.0301056
4490992	9578	3.809742	1.479729
4490992	9579	3.6080513	1.9009478
4490992	9580	3.3512774	2.195753
4490992	9581	3.7016168	2.5628517
4490992	9582	3.6269379	3.0296605
4490992	9583	4.065666	2.7378883
4490992	9584	3.9897451	2.7658775
4490992	9585	4.5097537	2.367207
4490992	9586	4.665166	2.319648
4490992	9587	4.706478	2.2627373
4490992	9588	4.562992	2.2166412
4490992	9589	4.712167	2.2882519
4490992	9590	4.671834	2.4379547
4490992	9591	4.5773373	2.5449762
4490992	9592	4.7180843	2.5123503
4490992	9593	4.52547	2.4783654
4490992	9594	4.5483384	2.5352654
4490992	9595	4.837174	2.2960641
4490992	9596	4.6383185	2.3881874
4490992	9597	4.6532235	2.3996153
4490992	9598	4.320794	2.5843668
4490992	9599	4.6489134	2.3590171
4490992	9600	4.72911	2.4643068
4490992	9601	4.4589	2.747473
4490992	9602	3.8742447	3.3984418
4490992	9603	4.110171	3.0377355
4490992	9604	4.105169	3.1272705
4490992	9605	4.278687	3.0559804
4490992	9606	4.3706303	2.939054
4490992	9607	4.339138	3.0105622
4490992	9608	3.5750842	3.7275121
4490992	9609	2.1562905	2.9089363
4490992	9610	1.5785538	3.890548
4490992	9611	1.6140085	4.1652284
4490992	9612	1.9224585	3.8284504
4490992	9613	2.1191134	3.6537006
4490992	9614	2.6501498	2.800534
4490992	9615	1.9739283	3.4038436
4490992	9616	1.8274049	3.7380383
4490992	9617	1.8314642	3.7267005
4490992	9618	1.8088645	3.7648165
4490992	9619	1.7845174	3.8240998
4490992	9620	1.772725	3.8360407
4490992	9621	1.7527479	3.8712075
4490992	9622	1.7354888	3.8853104
4490992	9623	1.7168268	3.913472
4490992	9624	1.7045554	3.9205253
4490992	9625	1.69113	3.935126
4490992	9626	2.1205068	3.370129
4490992	9627	2.7928886	3.4171505
4490992	9628	3.086245	3.7827027
4490992	9629	3.1430445	3.8485768
4490992	9630	3.3070297	3.6721046
4490992	9631	3.815496	3.0839014
4490992	9632	3.9583268	3.1463952
4490992	9633	3.9799976	3.2709663
4490992	9634	4.0251117	3.2513008
4490992	9635	3.990159	3.3994918
4490992	9636	3.9635234	3.3968601
4490992	9637	4.1461825	3.0926876
4490992	9638	4.7927117	2.2373478
4490992	9639	5.044105	1.5050969
4490992	9640	4.1317964	2.0671782
4490992	9641	4.386523	1.3995302
4490992	9642	4.4304414	1.6479194
4490992	9643	4.3074446	1.4120911
4490992	9644	2.591761	2.3139873
4490992	9645	2.4405255	2.8677444
4490992	9646	2.8980289	2.63514
4490992	9647	3.2154083	3.333896
4490992	9648	3.328714	3.6696274
4490992	9649	3.76972	3.4578326
4490992	9650	4.0362206	3.17287
4490992	9651	4.2051687	3.0481167
4490992	9652	4.5032096	2.1061668
4490992	9653	4.46126	2.71026
4490992	9654	5.2288637	1.7778032
4490992	9655	4.892658	1.9968255
4490992	9656	4.9918814	1.881062
4490992	9657	4.9196796	2.1212902
4490992	9658	4.456499	2.4276223
4490992	9659	4.8742404	1.9719853
4490992	9660	4.7730317	2.3773882
4490992	9661	5.354055	1.9006302
4490992	9662	5.550415	1.4423469
4490992	9663	4.400708	2.1696472
4490992	9664	4.4634295	2.0453167
4490992	9665	4.5292315	2.2483864
4490992	9666	5.0128565	1.8123698
4490992	9667	4.549322	2.7873583
4490992	9668	5.16257	2.0901108
4490992	9669	5.015086	2.50839
4490992	9670	5.1446996	2.1996372
4490992	9671	5.1101637	2.1399863
4490992	9672	4.8837285	2.4834926
4490992	9673	5.2504954	2.1496508
4490992	9674	5.178505	2.3120768
4490992	9675	5.2920303	2.160154
4490992	9676	5.151717	2.5016787
4490992	9677	4.992353	2.764391
4490992	9678	4.886952	2.9325647
4490992	9679	4.799761	3.1281912
4490992	9680	4.797208	3.0492854
4490992	9681	4.4511323	3.4398396
4490992	9682	4.5432405	3.2710497
4490992	9683	2.991809	2.322453
4490992	9684	2.3205128	3.6440241
4490992	9685	2.376256	3.5676463
4490992	9686	2.9147682	2.984861
4490992	9687	2.8588996	2.8788443
4490992	9688	3.124814	2.9176562
4490992	9689	3.4237518	3.468276
4490992	9690	3.9821906	3.4441242
4490992	9691	3.9462814	3.318869
4490992	9692	4.4346237	3.0366688
4490992	9693	4.304539	3.2306004
4490992	9694	4.4513564	3.1168888
4490992	9695	4.359432	2.8735964
4490992	9696	4.3605323	3.0715873
4490992	9697	4.720655	2.7284973
4490992	9698	4.7130356	2.5070264
4490992	9699	4.6912546	2.6704845
4490992	9700	4.638707	2.7884004
4490992	9701	4.6913643	2.76788
4490992	9702	4.5518274	2.7686992
4490992	9703	4.754077	2.6924517
4490992	9704	4.638513	2.8732917
4490992	9705	4.6397862	2.9414785
4490992	9706	4.3722405	2.8398511
4490992	9707	4.1377544	2.7366717
4490992	9708	5.2483706	1.7563338
4490992	9709	5.38517	1.6916535
4490992	9710	4.9700418	2.1358318
4490992	9711	4.347407	3.0558605
4490992	9712	4.435824	3.0688074
4490992	9713	3.600862	3.0934594
4490992	9714	4.1087832	2.8604128
4490992	9715	3.9193978	2.3824792
4490992	9716	4.545415	2.1187806
4490992	9717	4.438996	2.5761728
4490992	9718	4.574588	2.6860893
4490992	9719	4.391848	2.98144
4490992	9720	4.4773693	2.7859986
4490992	9721	4.634266	2.6312797
4490992	9722	4.7404165	2.6421933
4490992	9723	4.6992435	2.7314968
4490992	9724	4.9971476	2.5049644
4490992	9725	5.04405	2.3743093
4490992	9726	4.7070384	2.7133782
4490992	9727	4.827796	2.5413606
4490992	9728	4.735883	2.6079557
4490992	9729	3.9840837	2.7447562
4490992	9730	5.322947	1.5868452
4490992	9731	5.463931	1.5809629
4490992	9732	5.552881	1.5946674
4490992	9733	5.517137	1.3072098
4490992	9734	5.7541103	1.0976763
4490992	9735	4.569836	2.7327807
4490992	9736	5.5654793	1.1709613
4490992	9737	5.8865128	0.99030495
4490992	9738	6.020156	0.6547332
4490992	9739	6.651204	-0.40993512
4490992	9740	6.2593093	0.09606239
4490992	9741	6.0757446	0.16076484
4490992	9742	5.965802	0.3286883
4490992	9743	5.941704	0.33809307
4490992	9744	5.875725	0.42455974
4490992	9745	5.7639894	0.5193082
4490992	9746	5.7610283	0.4508612
4490992	9747	5.8081656	0.44422415
4490992	9748	5.5796914	0.6630094
4490992	9749	5.839063	0.33965126
4490992	9750	5.8627377	0.3844191
4490992	9751	6.293072	-0.3926757
4490992	9752	6.3020225	-0.49113894
4490992	9753	4.539612	1.6269839
4490992	9754	4.2726684	2.530773
4490992	9755	4.6350055	2.119057
4490992	9756	4.6858296	2.1665683
4490992	9757	4.2275343	2.8661215
4490992	9758	4.2474346	2.6565182
4490992	9759	4.494167	2.581495
4490992	9760	4.6002517	2.5154297
4490992	9761	4.702304	2.3984473
4490992	9762	4.71776	2.3874865
4490992	9763	4.714504	2.453423
4490992	9764	4.5665655	2.5067217
4490992	9765	4.2477126	2.9169893
4490992	9766	4.788242	2.0883572
4490992	9767	4.441193	2.7527883
4490992	9768	3.9836407	2.6116347
4490992	9769	4.4036846	2.4839852
4490992	9770	4.072849	2.7392297
4490992	9771	4.3943377	2.3204646
4490992	9772	4.850306	2.111908
4490992	9773	4.969007	2.1323607
4490992	9774	5.014348	2.1675048
4490992	9775	5.065311	2.1315691
4490992	9776	5.1312723	2.009181
4490992	9777	5.1962457	1.9887245
4490992	9778	5.259657	1.985559
4490992	9779	5.19234	2.0887582
4490992	9780	5.26027	2.0329835
4490992	9781	5.1306324	2.2265651
4490992	9782	4.984152	2.3950381
4490992	9783	4.8868256	2.5728405
4490992	9784	4.522326	3.0079708
4490992	9785	4.810866	2.676852
4490992	9786	4.7999496	2.5276444
4490992	9787	4.8111243	2.6116228
4490992	9788	4.6144314	2.8034003
4490992	9789	3.9105802	2.874405
4490992	9790	4.3164277	2.8687363
4490992	9791	4.008156	2.8183095
4490992	9792	4.32197	2.7950153
4490992	9793	4.2007265	2.475309
4490992	9794	4.461161	2.5487108
4490992	9795	4.881925	1.913562
4490992	9796	4.4432616	2.0040386
4490992	9797	4.9384437	1.7993388
4490992	9798	5.033448	1.7630854
4490992	9799	4.459749	2.5593739
4490992	9800	4.623531	2.5286987
4490992	9801	4.560799	2.5892634
4490992	9802	4.1724644	2.6234684
4490992	9803	4.77967	2.3104007
4490992	9804	5.0353346	1.5041822
4490992	9805	4.0593634	2.9270163
4490992	9806	3.5130668	3.7051442
4490992	9807	3.6084604	3.464033
4490992	9808	3.8602257	3.5275779
4490992	9809	3.568798	3.9558852
4490992	9810	3.45148	4.0398874
4490992	9811	2.2830815	4.9602175
4490992	9812	2.205308	5.1259184
4490992	9813	2.350409	4.9224434
4490992	9814	1.7954088	4.228155
4490992	9815	2.5183482	4.3147025
4490992	9816	2.289209	4.791067
4490992	9817	2.4850702	4.656176
4490992	9818	2.623888	4.6295323
4490992	9819	2.7490168	4.5386415
4490992	9820	3.3327975	4.1885395
4490992	9821	3.8107486	4.0599513
4490992	9822	3.8751326	4.100986
4490992	9823	4.010129	4.0802197
4490992	9824	4.015085	4.175465
4490992	9825	3.341827	4.7659497
4490992	9826	3.0960655	4.9858494
4490992	9827	3.015524	5.0278993
4490992	9828	3.277782	4.9153485
4490992	9829	3.4882069	4.777117
4490992	9830	3.22997	4.861229
4490992	9831	3.0679593	4.9881067
4490992	9832	3.4300904	4.8244166
4490992	9833	3.2045207	4.9437532
4490992	9834	3.134409	4.9793944
4490992	9835	3.1720176	4.959281
4490992	9836	3.5829253	4.501004
4490992	9837	3.3422413	4.6834
4490992	9838	2.9956036	4.9283867
4490992	9839	3.0875964	4.8555613
4490992	9840	3.0922818	4.865495
4490992	9841	3.1356988	4.850756
4490992	9842	3.4261994	4.765823
4490992	9843	3.2724676	4.784978
4490992	9844	3.155356	4.862506
4490992	9845	3.4575586	4.764038
4490992	9846	3.845233	4.5805783
4490992	9847	4.05139	4.1729407
4490992	9848	3.2619133	4.875439
4490992	9849	3.2203531	4.9039283
4490992	9850	2.8583188	5.2948823
4490992	9851	2.618422	5.309521
4490992	9852	2.7581282	5.379301
4490992	9853	2.5777736	5.3710074
4490992	9854	2.9596124	5.333809
4490992	9855	3.140367	5.164493
4490992	9856	2.9437194	5.3629875
4490992	9857	2.4681406	5.5981774
4490992	9858	2.2397304	5.7872496
4490992	9859	2.174469	5.8235106
4490992	9860	2.5553155	5.6846304
4490992	9861	2.4972749	5.635756
4490992	9862	2.8424644	5.358785
4490992	9863	3.003183	5.200682
4490992	9864	2.3131065	5.6693497
4490992	9865	2.3375378	5.734992
4490992	9866	2.319058	5.8175807
4490992	9867	2.5153203	5.7187934
4490992	9868	2.9802957	5.2854137
4490992	9869	2.957149	5.352571
4490992	9870	3.6691117	4.5064225
4490992	9871	3.4463372	4.7814083
4490992	9872	3.5624838	4.622245
4490992	9873	3.8318596	4.401719
4490992	9874	4.214935	4.0863447
4490992	9875	4.2172947	4.1903305
4490992	9876	4.7533736	1.8584871
4490992	9877	4.7582874	2.1263998
4490992	9878	2.8141384	4.120594
4490992	9879	2.5762415	4.3319697
4490992	9880	2.2209368	4.353306
4490992	9881	2.4702578	4.203218
4490992	9882	2.172122	4.357869
4490992	9883	1.9632977	4.6500254
4490992	9884	1.7511982	4.8587327
4490992	9885	1.9664596	4.753832
4490992	9886	2.0352736	4.7266045
4490992	9887	1.9310828	4.830423
4490992	9888	1.9166032	4.816785
4490992	9889	2.1012096	4.7868
4490992	9890	2.2245698	4.703767
4490992	9891	2.20047	4.671655
4490992	9892	2.2708383	4.6846867
4490992	9893	2.3098588	4.6785583
4490992	9894	2.2324643	4.702281
4490992	9895	2.213087	4.783617
4490992	9896	2.2492704	4.732924
4490992	9897	2.3421936	4.704443
4490992	9898	2.3410153	4.471854
4490992	9899	2.764594	4.3401947
4490992	9900	3.913714	2.8985257
4490992	9901	5.255538	1.5780742
4490992	9902	4.2107973	2.627346
4490992	9903	4.825856	1.5432088
4490992	9904	5.4504557	0.47423187
4490992	9905	5.423624	0.63008285
4490992	9906	5.399012	0.10421559
4490992	9907	5.399573	0.35752615
4490992	9908	5.4346156	-0.12373912
4490992	9909	5.350108	0.18848792
4490992	9910	4.125702	-0.8445416
4490992	9911	4.9613705	-0.11392817
4490992	9912	3.3635669	1.4063131
4490992	9913	3.467146	1.8298695
4490992	9914	3.5094671	1.8018811
4490992	9915	3.4723177	1.8240306
4490992	9916	3.3877268	1.9011188
4490992	9917	2.9585223	2.335104
4490992	9918	2.0849032	3.3950577
4490992	9919	2.5261865	3.1018567
4490992	9920	1.8323864	3.9522865
4490992	9921	1.6491522	4.169932
4490992	9922	1.7232629	4.219953
4490992	9923	1.6785408	4.336863
4490992	9924	1.9162527	4.1475096
4490992	9925	1.9427782	4.174816
4490992	9926	2.221367	3.9312546
4490992	9927	2.6194634	3.6448104
4490992	9928	3.1319408	3.117887
4490992	9929	3.296925	3.1393092
4490992	9930	3.116632	3.4070346
4490992	9931	3.1465616	3.4573607
4490992	9932	3.1657705	3.5331511
4490992	9933	3.1873412	3.552347
4490992	9934	3.1813574	3.556198
4490992	9935	3.1885877	3.570474
4490992	9936	3.1906524	3.5638554
4490992	9937	3.17062	3.6069152
4490992	9938	4.044917	2.9859838
4490992	9939	4.886479	1.8115268
4490992	9940	5.2052813	1.5829017
4490992	9941	4.4291434	2.2465196
4490992	9942	4.1295395	2.703191
4490992	9943	3.8681726	2.9052024
4490992	9944	3.8042417	2.970738
4490992	9945	3.7734675	3.0313334
4490992	9946	3.6063366	3.183002
4490992	9947	3.4878235	3.159865
4490992	9948	3.477419	3.2671616
4490992	9949	3.511589	3.1931648
4490992	9950	3.4970403	3.2344747
4490992	9951	4.85099	1.944747
4490992	9952	5.117396	1.9427412
4490992	9953	3.9300704	2.80107
4490992	9954	3.775466	3.1552565
4490992	9955	4.592363	2.1535969
4490992	9956	5.071441	1.50137
4490992	9957	5.8255157	0.5293993
4490992	9958	5.78338	0.37580976
4490992	9959	6.0101085	-0.018912584
4490992	9960	3.3961024	2.6298828
4490992	9961	3.0012636	3.539199
4490992	9962	3.5421228	3.1733816
4490992	9963	3.638679	3.1937988
4490992	9964	3.6652508	3.1902444
4490992	9965	3.5590296	3.279095
4490992	9966	3.0025792	3.7284186
4490992	9967	2.7787557	3.9101965
4490992	9968	2.791761	3.9278977
4490992	9969	2.6847997	3.9487479
4490992	9970	2.668457	3.9820507
4490992	9971	2.62461	4.027188
4490992	9972	2.56925	4.0806427
4490992	9973	2.5369992	4.1133194
4490992	9974	2.3636637	4.214465
4490992	9975	2.4820185	4.120658
4490992	9976	2.3560038	4.2121477
4490992	9977	2.2801042	4.260752
4490992	9978	3.3468747	3.3880599
4490992	9979	3.3778281	3.3915863
4490992	9980	3.3423033	3.5027742
4490992	9981	3.253708	3.587024
4490992	9982	3.2642574	3.592139
4490992	9983	3.2119932	3.5955412
4490992	9984	3.248798	3.5261667
4490992	9985	3.3220258	3.5116708
4490992	9986	2.4673748	4.094363
4490992	9987	3.4061217	3.601442
4490992	9988	2.8437085	3.8743575
4490992	9989	2.6490889	4.047166
4490992	9990	2.5753307	4.0600243
4490992	9991	2.8128033	3.8365777
4490992	9992	2.9861174	3.8627694
4490992	9993	2.6120648	4.096841
4490992	9994	2.9344769	3.94571
4490992	9995	3.06144	3.8231146
4490992	9996	2.871955	3.9414103
4490992	9997	3.0687575	3.7891815
4490992	9998	3.2607236	3.6569984
4490992	9999	3.9730186	2.8961587
4490992	10000	3.0168576	3.8721483
4490992	10001	2.6736484	4.1816916
4490992	10002	2.71595	4.159601
4490992	10003	2.6344552	4.1544495
4490992	10004	2.720561	4.0588574
4490992	10005	2.6037793	4.1571007
4490992	10006	2.684299	4.153832
4490992	10007	2.8970714	3.9949553
4490992	10008	2.986691	3.9192808
4490992	10009	2.9505062	3.937732
4490992	10010	2.915001	3.9536707
4490992	10011	3.9739509	3.0784593
4490992	10012	2.663865	3.9592884
4490992	10013	2.714847	4.120803
4490992	10014	2.8191233	4.0218935
4490992	10015	2.8397894	3.9967968
4490992	10016	2.832107	3.991557
4490992	10017	2.828064	3.9870665
4490992	10018	2.7848468	4.00269
4490992	10019	2.8984828	3.908437
4490992	10020	2.844905	3.9588711
4490992	10021	2.8141418	3.9770224
4490992	10022	2.8254747	3.964033
4490992	10023	2.8945184	3.8976905
4490992	10024	3.0724277	3.808163
4490992	10025	4.267604	2.7923753
4490992	10026	4.164024	2.4393122
4490992	10027	2.8869815	3.7466466
4490992	10028	2.8616786	3.7557056
4490992	10029	3.3218732	3.2716026
4490992	10030	3.4371958	3.2172198
4490992	10031	3.439599	3.2589154
4490992	10032	3.543003	3.168871
4490992	10033	3.488525	3.1017303
4490992	10034	3.4779997	3.170835
4490992	10035	3.5238	3.3982937
4490992	10036	3.0497923	3.6419165
4490992	10037	2.7939925	4.0089912
4490992	10038	2.749195	4.0875793
4490992	10039	2.56987	4.120969
4490992	10040	2.577155	4.255237
4490992	10041	2.5407338	4.2668643
4490992	10042	2.3954296	4.3549023
4490992	10043	2.400148	4.325808
4490992	10044	2.6064677	4.220481
4490992	10045	2.5558891	4.2646613
4490992	10046	2.8206697	4.0296884
4490992	10047	2.7975006	4.163548
4490992	10048	2.4130607	4.52184
4490992	10049	2.3988762	4.4091887
4490992	10050	2.371099	4.5419946
4490992	10051	2.2954316	4.549011
4490992	10052	2.7392	4.163562
4490992	10053	2.7982497	4.2057424
4490992	10054	2.4991136	4.3417244
4490992	10055	2.871315	4.1407933
4490992	10056	2.686297	4.199298
4490992	10057	2.4658198	4.378324
4490992	10058	2.220457	4.522004
4490992	10059	2.108261	4.631316
4490992	10060	1.7690438	4.7883787
4490992	10061	1.9281169	4.8363724
4490992	10062	1.9708792	4.8395605
4490992	10063	1.9895345	4.7693253
4490992	10064	2.2941737	4.603548
4490992	10065	2.0140696	4.792892
4490992	10066	2.3118014	4.5258174
4490992	10067	2.6779313	4.336873
4490992	10068	2.3088865	4.480647
4490992	10069	2.2411427	4.608238
4490992	10070	2.0566473	4.669541
4490992	10071	2.0400486	4.7053776
4490992	10072	2.0138521	4.6628876
4490992	10073	1.8858863	4.791064
4490992	10074	1.8647505	4.734408
4490992	10075	1.41006	5.1749
4490992	10076	1.3097751	4.430054
4490992	10077	0.13556659	5.24907
4490992	10078	1.117885	5.0063806
4490992	10079	1.5720006	4.750702
4490992	10080	1.8363842	4.7831626
4490992	10081	2.6181536	4.3335686
4490992	10082	2.363246	4.685503
4490992	10083	2.548108	4.505928
4490992	10084	2.8675742	4.4291496
4490992	10085	3.0507717	4.3433857
4490992	10086	3.3326235	4.2550626
4490992	10087	3.2047048	4.2919893
4490992	10088	3.019957	4.5525856
4490992	10089	2.766018	4.824127
4490992	10090	2.7152214	4.890473
4490992	10091	2.739182	4.8708444
4490992	10092	2.7842278	4.884821
4490992	10093	2.6485405	5.0249157
4490992	10094	3.2312722	4.601059
4490992	10095	3.6517224	4.2031446
4490992	10096	3.4195452	4.432127
4490992	10097	3.6334653	4.246346
4490992	10098	3.9139967	3.4754212
4490992	10099	4.1796236	3.340171
4490992	10100	4.2348666	3.2923226
4490992	10101	4.6069164	2.9884374
4490992	10102	4.8384356	2.7205517
4490992	10103	4.60703	3.0185943
4490992	10104	4.7536736	2.8957264
4490992	10105	4.868902	2.9885538
4490992	10106	4.8078775	2.9617074
4490992	10107	4.997344	2.820685
4490992	10108	4.210935	3.8489459
4490992	10109	4.0250998	4.1401067
4490992	10110	4.3695006	3.646126
4490992	10111	4.1198034	3.8289263
4490992	10112	4.152094	3.878751
4490992	10113	4.250513	3.8541677
4490992	10114	4.0389805	3.9848769
4490992	10115	3.9766212	4.144929
4490992	10116	4.06032	4.182768
4490992	10117	4.426847	3.4685671
4490992	10118	4.516699	3.391931
4490992	10119	4.4960303	3.4390283
4490992	10120	4.64993	3.2502983
4490992	10121	4.870227	3.0170987
4490992	10122	4.345141	3.746569
4490992	10123	4.549907	3.1306446
4490992	10124	4.788378	2.9320915
4490992	10125	4.8379755	2.9609566
4490992	10126	4.900874	2.9282777
4490992	10127	4.9017115	2.976833
4490992	10128	4.983897	2.9080005
4490992	10129	4.8422513	3.1343977
4490992	10130	5.0720277	2.8659062
4490992	10131	4.9947696	2.759306
4490992	10132	4.981526	3.05378
4490992	10133	5.061622	2.9251945
4490992	10134	5.139868	2.789147
4490992	10135	5.086147	2.8937001
4490992	10136	5.2314515	2.6866794
4490992	10137	5.327029	2.7905624
4490992	10138	6.129891	1.3727285
4490992	10139	5.9189997	1.7146659
4490992	10140	5.4014177	2.4669888
4490992	10141	5.3217254	2.6493058
4490992	10142	4.588528	3.1627035
4490992	10143	4.1949477	3.7547572
4490992	10144	4.5468583	3.274303
4490992	10145	4.6692786	3.3966372
4490992	10146	4.414579	3.667042
4490992	10147	4.3688173	3.7698262
4490992	10148	4.232325	3.993334
4490992	10149	4.1522336	4.0588775
4490992	10150	4.493798	3.790655
4490992	10151	4.6194415	3.5885742
4490992	10152	4.333254	3.9061787
4490992	10153	4.218326	4.0807495
4490992	10154	4.177079	4.1831284
4490992	10155	4.4196033	3.908871
4490992	10156	4.304961	3.858763
4490992	10157	4.369677	3.9247482
4490992	10158	4.6525903	3.1845593
4490992	10159	4.365754	3.7587254
4490992	10160	4.128883	3.9842122
4490992	10161	3.7454524	4.4402103
4490992	10162	3.5167537	4.712069
4490992	10163	3.3246722	4.8860674
4490992	10164	3.0600848	5.1294756
4490992	10165	2.5914044	5.350596
4490992	10166	2.761045	5.3296814
4490992	10167	3.2138433	5.15264
4490992	10168	3.1226687	5.325996
4490992	10169	3.0063524	5.470924
4490992	10170	3.0117536	5.492079
4490992	10171	3.212276	5.314272
4490992	10172	3.1113367	5.396395
4490992	10173	3.4616146	5.053592
4490992	10174	2.9904737	5.5485134
4490992	10175	3.2508717	4.318301
4490992	10176	1.9664415	4.40282
4490992	10177	1.9363054	3.9273741
4490992	10178	2.0014286	4.011629
4490992	10179	2.9013672	4.1214356
4490992	10180	2.9322534	4.347146
4490992	10181	3.0220718	4.38238
4490992	10182	3.412015	4.23004
4490992	10183	3.5821838	4.220632
4490992	10184	3.5939217	4.2271194
4490992	10185	3.4852667	4.258864
4490992	10186	3.4575958	4.2605824
4490992	10187	3.5312262	4.260441
4490992	10188	3.5045514	4.3368716
4490992	10189	3.610897	4.223453
4490992	10190	3.5363235	4.4185376
4490992	10191	3.5142174	4.522308
4490992	10192	3.3846183	4.608469
4490992	10193	3.3670669	4.6138306
4490992	10194	3.5481887	4.572673
4490992	10195	3.3816752	4.7013454
4490992	10196	3.6518865	4.5580654
4490992	10197	3.1577926	4.927902
4490992	10198	3.569333	4.7061844
4490992	10199	4.0099444	4.034783
4490992	10200	4.029539	3.9343584
4490992	10201	3.999198	3.8717039
4490992	10202	3.9528317	3.8191693
4490992	10203	3.8987112	4.0348215
4490992	10204	3.8782334	4.192851
4490992	10205	4.0807805	4.08188
4490992	10206	4.19146	4.0369253
4490992	10207	4.5593925	3.715175
4490992	10208	4.593238	3.6419408
4490992	10209	4.631414	3.4985695
4490992	10210	4.66677	3.4585605
4490992	10211	4.8256073	3.2946444
4490992	10212	4.793008	3.286849
4490992	10213	4.894932	3.16618
4490992	10214	4.989668	3.1655664
4490992	10215	4.5152235	3.5864236
4490992	10216	4.4687567	3.626867
4490992	10217	4.9001245	3.3692865
4490992	10218	5.041113	3.2574086
4490992	10219	5.0534573	3.2063117
4490992	10220	4.705298	3.5871313
4490992	10221	4.908778	3.2995212
4490992	10222	5.041942	3.1299913
4490992	10223	5.188371	3.0242352
4490992	10224	4.836346	3.3426645
4490992	10225	5.169301	3.078897
4490992	10226	5.215749	2.9963229
4490992	10227	5.25838	2.9140894
4490992	10228	5.260237	2.8885043
4490992	10229	5.1498456	2.9123273
4490992	10230	5.094971	2.8794963
4490992	10231	5.197417	2.8194323
4490992	10232	5.2935205	2.825149
4490992	10233	5.3533998	2.790774
4490992	10234	5.4125113	2.7566686
4490992	10235	5.376866	2.7613893
4490992	10236	5.407354	2.7557628
4490992	10237	5.831652	2.4111416
4490992	10238	5.77497	2.4732902
4490992	10239	4.570413	1.2149613
4490992	10240	3.8902907	1.6895676
4490992	10241	3.783814	1.8016186
4490992	10242	3.7611313	2.0340161
4490992	10243	3.7934294	2.0725574
4490992	10244	3.7837543	2.1653457
4490992	10245	4.0911365	3.17315
4490992	10246	4.7962246	3.0021007
4490992	10247	4.8988957	3.156268
4490992	10248	4.804663	3.2717888
4490992	10249	4.7912025	3.3615532
4490992	10250	4.7476993	3.4544332
4490992	10251	4.806237	3.463515
4490992	10252	4.7160296	3.4362292
4490992	10253	4.767919	3.4610376
4490992	10254	4.624388	3.3855202
4490992	10255	4.7066464	3.4378228
4490992	10256	4.6293263	3.5383549
4490992	10257	4.589008	3.6244981
4490992	10258	4.618125	3.6409385
4490992	10259	4.5726867	3.681856
4490992	10260	4.592438	3.6696303
4490992	10261	4.5353074	3.6985204
4490992	10262	4.7733207	3.383369
4490992	10263	4.602848	3.5158427
4490992	10264	4.8676014	3.2938085
4490992	10265	4.5396647	3.3893778
4490992	10266	4.894582	3.07631
4490992	10267	5.0925794	2.7812455
4490992	10268	5.4840713	2.4806342
4490992	10269	5.7870307	2.1285613
4490992	10270	5.7386384	2.1389081
4490992	10271	4.3059244	3.4001722
4490992	10272	4.2881494	3.6742117
4490992	10273	4.419843	3.5206552
4490992	10274	4.556269	3.4081662
4490992	10275	4.22576	3.8160498
4490992	10276	3.8252883	3.989364
4490992	10277	4.0092363	3.6385076
4490992	10278	4.441394	0.89728093
4490992	10279	4.7214704	1.4779792
4490992	10280	4.459638	2.0396614
4490992	10281	4.412398	2.1310155
4490992	10282	4.249306	2.1901133
4490992	10283	4.071953	2.2770414
4490992	10284	5.0542655	1.7360592
4490992	10285	5.2278867	1.457598
4490992	10286	5.176592	1.5278742
4490992	10287	5.632211	1.1339749
4490992	10288	4.9359164	1.5760393
4490992	10289	5.0666795	1.5736699
4490992	10290	5.0259495	1.7591581
4490992	10291	5.077373	1.8067873
4490992	10292	4.9123635	1.9864359
4490992	10293	4.762939	2.0883303
4490992	10294	4.2950335	2.2008057
4490992	10295	4.5281615	2.151738
4490992	10296	4.484506	2.2985177
4490992	10297	4.57641	2.3728824
4490992	10298	4.4520397	2.43512
4490992	10299	4.7367663	2.2927601
4490992	10300	4.8919506	2.4454339
4490992	10301	4.9485245	2.46842
4490992	10302	4.9990745	2.4114263
4490992	10303	4.955764	2.4806988
4490992	10304	4.8466463	2.6122732
4490992	10305	4.730307	2.2573009
4490992	10306	4.891829	2.1614494
4490992	10307	4.7550397	2.3998203
4490992	10308	5.154864	2.2137816
4490992	10309	5.2400517	2.1474295
4490992	10310	4.2541776	2.7875428
4490992	10311	4.1408877	2.9661539
4490992	10312	4.6454086	2.7066708
4490992	10313	4.555142	2.7618787
4490992	10314	4.195542	2.8082604
4490992	10315	4.202067	2.7531586
4490992	10316	4.090243	2.6195624
4490992	10317	4.293428	2.6523216
4490992	10318	4.6462216	2.508152
4490992	10319	4.5584807	2.5146775
4490992	10320	4.632869	2.4938266
4490992	10321	4.419245	2.6366432
4490992	10322	4.6802926	2.6035423
4490992	10323	4.109646	2.9800937
4490992	10324	4.2372117	2.709167
4490992	10325	4.402992	2.9715362
4490992	10326	4.3259225	2.8628976
4490992	10327	4.4334974	2.8077385
4490992	10328	4.5200152	2.7924998
4490992	10329	4.4599276	2.8049402
4490992	10330	4.587923	2.7171185
4490992	10331	4.654506	2.6519284
4490992	10332	4.3986387	3.0646498
4490992	10333	4.3812733	3.06607
4490992	10334	4.3906984	3.1318474
4490992	10335	4.4103847	3.0672033
4490992	10336	4.6489444	3.0428653
4490992	10337	4.543178	3.133483
4490992	10338	4.3268466	2.962512
4490992	10339	4.391844	3.0270958
4490992	10340	3.9191442	3.3064394
4490992	10341	4.0886264	3.2611444
4490992	10342	4.2033525	3.2498372
4490992	10343	3.671782	3.7929747
4490992	10344	4.0097	3.622905
4490992	10345	3.0268583	4.358146
4490992	10346	2.8386364	4.6461773
4490992	10347	1.8739773	5.269682
4490992	10348	2.4715214	4.895749
4490992	10349	2.237113	5.1878777
4490992	10350	2.3364925	5.1728363
4490992	10351	2.7298155	4.8140364
4490992	10352	2.5798764	4.866999
4490992	10353	2.903809	4.683288
4490992	10354	3.4234686	4.2541094
4490992	10355	4.0038366	3.7744472
4490992	10356	3.882584	3.7189395
4490992	10357	3.5091062	4.0029397
4490992	10358	3.4271817	4.027611
4490992	10359	3.390882	3.7380726
4490992	10360	3.1778927	4.1694856
4490992	10361	3.7130604	3.8048804
4490992	10362	3.303031	4.0469885
4490992	10363	2.466113	4.7381387
4490992	10364	2.4516006	4.8345037
4490992	10365	2.3945808	4.761028
4490992	10366	2.7111306	4.6427665
4490992	10367	2.5563025	4.8837504
4490992	10368	2.5875044	4.820511
4490992	10369	2.724609	4.8244424
4490992	10370	2.3781743	5.0000386
4490992	10371	2.4469414	5.064621
4490992	10372	2.290474	4.9336047
4490992	10373	2.6624331	4.8126755
4490992	10374	2.6696668	4.6077867
4490992	10375	2.713479	4.7274647
4490992	10376	2.8670921	4.6518474
4490992	10377	2.807969	4.4579034
4490992	10378	2.4721317	4.872316
4490992	10379	2.921701	4.515408
4490992	10380	2.8326592	4.5864463
4490992	10381	3.064157	4.392609
4490992	10382	3.3480377	4.2125745
4490992	10383	3.45221	4.08006
4490992	10384	3.5480843	4.1176605
4490992	10385	3.329927	4.203034
4490992	10386	3.342164	4.2430463
4490992	10387	3.3087144	4.1953096
4490992	10388	3.6464472	4.081509
4490992	10389	3.4611983	4.1629333
4490992	10390	3.508469	4.0807433
4490992	10391	3.4617105	4.0108104
4490992	10392	3.8310342	3.4595337
4490992	10393	3.8996868	3.4272642
4490992	10394	4.4400215	3.0831149
4490992	10395	4.348514	3.1208272
4490992	10396	3.9005594	3.279982
4490992	10397	3.9652104	3.0988765
4490992	10398	4.173414	3.177299
4490992	10399	4.0060735	3.2211742
4490992	10400	3.945436	3.196386
4490992	10401	4.0693526	2.9757516
4490992	10402	3.9061675	3.0628285
4490992	10403	4.1376023	2.9334064
4490992	10404	4.5374594	2.837697
4490992	10405	4.2136436	2.878068
4490992	10406	4.3501835	2.8905478
4490992	10407	4.3794656	3.0162601
4490992	10408	4.322792	3.0339255
4490992	10409	4.537191	3.0397868
4490992	10410	4.3721223	3.2264695
4490992	10411	4.3406353	2.9292455
4490992	10412	5.171937	2.020202
4490992	10413	5.368947	1.7298324
4490992	10414	5.3424706	1.8409758
4490992	10415	3.9735246	3.0385547
4490992	10416	3.9124618	3.2588112
4490992	10417	3.616117	3.6768596
4490992	10418	3.811245	3.6229155
4490992	10419	3.2752533	4.085838
4490992	10420	3.4593773	3.990349
4490992	10421	3.455339	4.0977445
4490992	10422	3.297295	4.3149047
4490992	10423	3.1819363	4.5056458
4490992	10424	3.0758162	4.5328856
4490992	10425	3.017602	4.7777996
4490992	10426	2.8784528	4.960267
4490992	10427	2.9784784	4.7730017
4490992	10428	3.1793842	4.738104
4490992	10429	3.0507598	4.834544
4490992	10430	3.216288	4.707123
4490992	10431	3.0695596	4.8738995
4490992	10432	3.255374	4.5688024
4490992	10433	3.1257477	4.736332
4490992	10434	2.9967995	4.7279353
4490992	10435	3.412969	4.097934
4490992	10436	3.3250875	4.344393
4490992	10437	3.262134	4.4184666
4490992	10438	3.2546139	4.492515
4490992	10439	3.3026443	4.5086174
4490992	10440	3.3240647	4.46718
4490992	10441	3.2076883	4.537565
4490992	10442	3.442244	4.3309717
4490992	10443	3.4502897	4.277888
4490992	10444	3.4533205	4.307459
4490992	10445	3.252781	4.664707
4490992	10446	2.4898076	5.377966
4490992	10447	2.0649104	5.749736
4490992	10448	2.1657343	5.620037
4490992	10449	2.3669014	5.4648857
4490992	10450	2.1793694	5.5810165
4490992	10451	2.387896	5.315709
4490992	10452	2.3107867	5.456446
4490992	10453	2.308765	5.3432
4490992	10454	2.7265549	4.7645226
4490992	10455	2.8042574	4.8298616
4490992	10456	2.8833027	4.8529963
4490992	10457	2.8154955	4.942899
4490992	10458	2.9511304	4.875723
4490992	10459	3.546403	4.3331847
4490992	10460	3.4896426	4.4372344
4490992	10461	3.8569703	4.162315
4490992	10462	4.002472	4.117792
4490992	10463	4.073815	4.015808
4490992	10464	4.073274	3.9961865
4490992	10465	4.023071	4.005758
4490992	10466	1.7884461	4.302022
4490992	10467	1.8278102	4.518006
4490992	10468	1.5792412	4.5030093
4490992	10469	2.5430298	4.854616
4490992	10470	2.6269317	4.9361067
4490992	10471	2.6095886	4.9867635
4490992	10472	2.5037165	5.0951433
4490992	10473	2.490479	5.145713
4490992	10474	2.0613155	5.5448647
4490992	10475	2.1497355	5.535659
4490992	10476	2.8997245	5.13456
4490992	10477	3.2507973	4.9537196
4490992	10478	3.7362194	4.1667466
4490992	10479	4.459643	3.7964742
4490992	10480	4.5176425	3.741411
4490992	10481	4.4235244	3.9295313
4490992	10482	4.201624	4.247093
4490992	10483	3.9341817	4.5180926
4490992	10484	3.7364454	4.7111573
4490992	10485	3.5539455	4.967301
4490992	10486	3.4683685	5.0687246
4490992	10487	3.1427364	5.2485323
4490992	10488	3.2402177	5.280856
4490992	10489	3.3379164	5.1161013
4490992	10490	3.3139825	4.8442388
4490992	10491	3.0818548	5.141602
4490992	10492	2.562945	5.527003
4490992	10493	2.5755854	5.5587873
4490992	10494	2.8831925	5.445624
4490992	10495	2.7646508	5.4098306
4490992	10496	3.0555072	5.338478
4490992	10497	2.9247441	5.2858996
4490992	10498	2.8922362	5.323867
4490992	10499	2.8661327	5.3179274
4490992	10500	3.0906177	5.277223
4490992	10501	3.3244238	5.1495614
4490992	10502	3.4713511	4.94952
4490992	10503	3.297504	5.220125
4490992	10504	3.1020164	5.2596045
4490992	10505	2.8924913	5.541582
4490992	10506	3.7424893	4.797285
4490992	10507	3.8445272	4.847902
4490992	10508	4.1394362	4.563099
4490992	10509	4.2011943	4.6058407
4490992	10510	4.0202937	4.8328032
4490992	10511	3.8206677	5.0571394
4490992	10512	3.8603563	5.0111074
4490992	10513	3.9356475	4.958727
4490992	10514	4.0163937	4.9219937
4490992	10515	2.9109545	5.7972374
4490992	10516	2.8151822	5.771027
4490992	10517	2.6543117	5.8209624
4490992	10518	2.9431796	5.7639027
4490992	10519	2.9261627	5.7396297
4490992	10520	3.0251222	5.60534
4490992	10521	3.0563078	5.4219785
4490992	10522	3.2343922	5.3605747
4490992	10523	3.1674385	5.501406
4490992	10524	3.0750976	5.614168
4490992	10525	2.5526414	5.890105
4490992	10526	2.2941546	5.96844
4490992	10527	2.1078382	6.169899
4490992	10528	2.002883	6.2014346
4490992	10529	1.9288977	6.231506
4490992	10530	1.8337027	6.345886
4490992	10531	1.7750639	6.377016
4490992	10532	1.7300087	6.42738
4490992	10533	2.5767093	5.917465
4490992	10534	2.741866	5.7002926
4490992	10535	2.8790731	5.520993
4490992	10536	3.383984	5.4121523
4490992	10537	3.3455095	5.263523
4490992	10538	3.394856	5.2192683
4490992	10539	3.6851783	5.2010026
4490992	10540	3.9859	4.8307667
4490992	10541	4.126015	4.651994
4490992	10542	3.8811603	5.0691943
4490992	10543	3.7380495	5.0180774
4490992	10544	3.7913432	5.172894
4490992	10545	3.6730914	5.07265
4490992	10546	4.010059	4.9419827
4490992	10547	3.924765	4.6607275
4490992	10548	4.092602	5.028351
4490992	10549	4.15785	4.8362665
4490992	10550	4.0032387	4.841089
4490992	10551	4.1056757	4.975231
4490992	10552	3.9213767	4.8285503
4490992	10553	4.095663	4.948583
4490992	10554	3.948852	4.8034043
4490992	10555	4.1214147	4.961434
4490992	10556	4.4273767	4.4456205
4490992	10557	4.2707033	4.505895
4490992	10558	4.3696404	4.579414
4490992	10559	4.170967	4.621455
4490992	10560	4.2070594	4.544393
4490992	10561	3.985735	4.7533035
4490992	10562	4.2426076	4.794885
4490992	10563	4.2696166	4.6607714
4490992	10564	4.4334416	4.482413
4490992	10565	4.2458153	4.578426
4490992	10566	4.4656653	4.506671
4490992	10567	4.504688	4.3808455
4490992	10568	3.9603872	4.802817
4490992	10569	4.2041645	4.5929203
4490992	10570	3.9568672	4.8231797
4490992	10571	3.1467552	5.488779
4490992	10572	3.0905185	5.4837055
4490992	10573	2.9091086	5.4208026
4490992	10574	2.8862057	5.472888
4490992	10575	3.1365318	5.4618907
4490992	10576	3.039257	5.5270905
4490992	10577	3.005723	5.580581
4490992	10578	3.1247134	5.629498
4490992	10579	2.9947972	5.579681
4490992	10580	3.4387474	4.9676538
4490992	10581	3.7918267	4.8378944
4490992	10582	3.5703597	5.079023
4490992	10583	3.3888025	5.109743
4490992	10584	3.5241718	5.2260585
4490992	10585	3.3710866	5.183305
4490992	10586	3.525671	5.265236
4490992	10587	2.9196305	5.6434155
4490992	10588	2.538899	5.9676266
4490992	10589	2.3663363	5.9241204
4490992	10590	2.297998	5.9161687
4490992	10591	2.5126224	5.931981
4490992	10592	2.713862	5.854429
4490992	10593	2.770423	5.8576045
4490992	10594	2.980167	5.599658
4490992	10595	3.4373584	5.214559
4490992	10596	3.3331552	5.3631997
4490992	10597	3.4638476	5.0591865
4490992	10598	3.8224168	4.8375406
4490992	10599	4.8114095	3.211735
4490992	10600	5.9322104	-0.3402196
4490992	10601	6.337435	-0.44141746
4490992	10602	6.3749027	-0.5195661
4490992	10603	6.5979047	-0.94143224
4490992	10604	6.383132	-0.65212995
4490992	10605	6.353744	0.37340817
4490992	10606	5.813608	0.83628905
4490992	10607	5.8636947	0.90448403
4490992	10608	4.9100704	0.039649814
4490992	10609	5.3551674	-0.15279534
4490992	10610	4.0358515	1.3559526
4490992	10611	3.6815815	2.0768805
4490992	10612	4.279375	1.6582038
4490992	10613	4.2796555	1.6387858
4490992	10614	4.2002916	1.7908347
4490992	10615	4.337677	1.7779627
4490992	10616	3.794805	2.2762396
4490992	10617	4.2715673	2.0691686
4490992	10618	4.276624	2.1837263
4490992	10619	4.399526	2.1098797
4490992	10620	3.6409278	2.9673467
4490992	10621	3.5257683	2.8752058
4490992	10622	3.0782995	3.3347704
4490992	10623	2.8989844	3.5054386
4490992	10624	2.8896074	3.5561874
4490992	10625	2.6543665	2.1258762
4490992	10626	1.8102778	2.8485813
4490992	10627	3.5480976	3.078771
4490992	10628	2.7543979	3.9477904
4490992	10629	2.6757512	3.9993465
4490992	10630	2.6695175	4.081353
4490992	10631	2.6121283	4.2283397
4490992	10632	2.6430068	4.2805643
4490992	10633	2.59684	4.386906
4490992	10634	2.8083663	4.2536144
4490992	10635	3.151873	4.0226293
4490992	10636	3.2962294	3.9478686
4490992	10637	3.2973938	4.0187316
4490992	10638	4.4772983	2.7513447
4490992	10639	4.7691183	2.4299498
4490992	10640	5.0504975	1.8777642
4490992	10641	5.2091856	1.5265121
4490992	10642	4.63156	2.3776755
4490992	10643	5.290596	1.3761045
4490992	10644	5.3621125	1.2669718
4490992	10645	5.23521	1.398685
4490992	10646	4.3169026	2.5034559
4490992	10647	5.1615057	1.4886324
4490992	10648	5.3655124	1.2733884
4490992	10649	5.3752413	1.4487388
4490992	10650	5.589593	1.1971301
4490992	10651	4.399219	0.4447545
4490992	10652	4.466653	1.7029965
4490992	10653	4.473045	1.7855499
4490992	10654	4.504583	1.769881
4490992	10655	4.576174	1.7691796
4490992	10656	4.598128	1.7268567
4490992	10657	4.573156	1.7190886
4490992	10658	4.7083435	1.6044242
4490992	10659	4.655748	1.5988805
4490992	10660	4.192463	2.3284347
4490992	10661	4.2180624	2.2742083
4490992	10662	4.3604107	2.192777
4490992	10663	4.1389313	2.2377913
4490992	10664	3.1863313	3.088505
4490992	10665	2.8371649	3.6041887
4490992	10666	2.8347259	3.6906636
4490992	10667	2.7859774	3.8679307
4490992	10668	2.5560265	4.085092
4490992	10669	2.15877	4.1931667
4490992	10670	2.1764631	4.2279243
4490992	10671	2.3137312	4.130315
4490992	10672	2.3946242	4.1706843
4490992	10673	0.87450445	3.8294375
4490992	10674	1.4916579	3.6568596
4490992	10675	2.9391823	1.0234112
4490992	10676	3.8323488	0.5429468
4490992	10677	4.287283	0.07081196
4490992	10678	4.787752	0.075173885
4490992	10679	4.983573	-0.063602716
4490992	10680	5.669519	0.7580056
4490992	10681	5.4163384	1.1444857
4490992	10682	5.54895	0.98072743
4490992	10683	5.395142	1.0628836
4490992	10684	3.9111319	0.31705663
4490992	10685	3.9782805	0.30681327
4490992	10686	3.1389241	0.8900484
4490992	10687	2.7529612	1.3711531
4490992	10688	2.978702	1.1830527
4490992	10689	3.023521	1.0794208
4490992	10690	2.9721603	1.1177709
4490992	10691	3.24923	0.8124329
4490992	10692	3.5812955	1.7735097
4490992	10693	3.2930508	1.881017
4490992	10694	3.2511625	1.9979222
4490992	10695	3.177764	2.092941
4490992	10696	3.2428446	2.1028407
4490992	10697	3.284483	2.1138935
4490992	10698	2.7812276	2.5121536
4490992	10699	2.5469508	2.7423346
4490992	10700	2.6258588	2.8085124
4490992	10701	2.8115196	2.5762758
4490992	10702	3.2535262	2.3052192
4490992	10703	3.3869834	2.3067791
4490992	10704	3.3645191	2.2577918
4490992	10705	3.282003	2.3049707
4490992	10706	3.3197274	2.249397
4490992	10707	3.2224922	2.31184
4490992	10708	3.2599907	2.2549021
4490992	10709	3.1716409	2.3210654
4490992	10710	3.205697	2.2712383
4490992	10711	3.1140237	2.339784
4490992	10712	3.1531634	2.2875683
4490992	10713	3.0672688	2.354627
4490992	10714	3.1034613	2.3061392
4490992	10715	3.02322	2.3717942
4490992	10716	3.0613542	2.3238897
4490992	10717	2.9878411	2.3868248
4490992	10718	3.0331097	2.3420947
4490992	10719	2.9539232	2.4087744
4490992	10720	3.001533	2.359857
4490992	10721	2.9242864	2.4259434
4490992	10722	2.9226608	2.3670828
4490992	10723	3.2066183	2.0207276
4490992	10724	3.5442176	2.006309
4490992	10725	3.171133	2.2653615
4490992	10726	4.390158	1.0593904
4490992	10727	4.770294	0.87566364
4490992	10728	4.7372837	1.0117726
4490992	10729	3.8840084	1.6032174
4490992	10730	3.6848454	1.808346
4490992	10731	3.2914104	2.2212584
4490992	10732	3.254012	2.1394942
4490992	10733	3.0332246	2.3346305
4490992	10734	3.326982	2.1679084
4490992	10735	3.1868296	2.2412853
4490992	10736	3.6545472	2.1196697
4490992	10737	3.2430897	2.38502
4490992	10738	3.1003337	2.593706
4490992	10739	3.0385318	2.6028728
4490992	10740	3.8847432	1.8422139
4490992	10741	3.6255937	2.0205908
4490992	10742	3.50069	2.0224347
4490992	10743	4.476664	1.5113223
4490992	10744	3.7739735	1.7894402
4490992	10745	4.5552626	1.4267892
4490992	10746	6.0598493	-0.13307446
4490992	10747	5.3030863	0.7505542
4490992	10748	5.4850574	0.66350377
4490992	10749	4.421307	1.7622736
4490992	10750	4.0675797	1.6607494
4490992	10751	5.2785845	0.9853802
4490992	10752	5.948593	0.39592323
4490992	10753	5.554832	1.0501804
4490992	10754	5.31972	1.2315776
4490992	10755	5.0613203	-0.611181
4490992	10756	5.11159	-0.37336755
4490992	10757	3.5992856	0.30910465
4490992	10758	3.0713444	2.008524
4490992	10759	3.2770605	2.110136
4490992	10760	4.1245813	-0.4317983
4490992	10761	2.6799593	2.0195298
4490992	10762	3.250864	2.158554
4490992	10763	3.3825922	2.1228647
4490992	10764	4.68552	-0.6737082
4490992	10765	4.125706	0.14514801
4490992	10766	4.3824496	-0.074793786
4490992	10767	4.516201	-0.08534217
4490992	10768	4.2818313	0.19729576
4490992	10769	4.2474236	0.15545657
4490992	10770	2.9062614	1.2878485
4490992	10771	3.8767338	0.7466806
4490992	10772	3.77317	0.3781874
4490992	10773	3.7010026	0.78156745
4490992	10774	3.896501	0.63874424
4490992	10775	3.7281299	0.7818098
4490992	10776	3.3688412	0.99562156
4490992	10777	3.5811253	0.780182
4490992	10778	3.781561	0.6771877
4490992	10779	3.9769602	0.5344167
4490992	10780	4.021404	0.56642544
4490992	10781	5.756601	-0.9055101
4490992	10782	4.5836368	0.8219553
4490992	10783	4.798277	0.7411119
4490992	10784	4.2424736	1.4582123
4490992	10785	4.2037177	1.5056581
4490992	10786	4.495131	1.3556349
4490992	10787	3.9381547	1.7317708
4490992	10788	4.484143	1.3481969
4490992	10789	4.236996	1.6516562
4490992	10790	4.336877	1.6471364
4490992	10791	4.789819	1.261343
4490992	10792	4.068283	2.1429083
4490992	10793	5.603326	0.2563469
4490992	10794	4.8226986	1.3671621
4490992	10795	4.667173	1.5630672
4490992	10796	2.785099	3.1778128
4490992	10797	2.391161	3.5944207
4490992	10798	2.37748	3.5255666
4490992	10799	2.3376307	3.5428584
4490992	10800	2.3249722	3.5585067
4490992	10801	2.1462402	3.6918442
4490992	10802	2.96415	0.8700172
4490992	10803	1.8510376	1.4213938
4490992	10804	2.8657093	0.75214946
4490992	10805	3.5048866	0.39442363
4490992	10806	2.6656318	1.3375133
4490992	10807	2.6782336	1.3306742
4490992	10808	2.7033691	0.88014305
4490992	10809	2.9734716	0.9484221
4490992	10810	2.3765478	2.8705006
4490992	10811	2.3160815	2.9565992
4490992	10812	2.5072083	2.7952585
4490992	10813	4.079358	1.1568758
4490992	10814	4.384136	1.2980468
4490992	10815	2.372713	3.1048524
4490992	10816	2.2782435	3.3149908
4490992	10817	2.1398377	3.4225225
4490992	10818	2.2121797	3.3335316
4490992	10819	2.332264	3.0319567
4490992	10820	2.0689244	3.4116828
4490992	10821	1.890788	3.420693
4490992	10822	2.5491867	2.9762702
4490992	10823	2.537333	2.249091
4490992	10824	3.4411602	2.3076088
4490992	10825	3.2885737	2.7413855
4490992	10826	2.9422836	3.0470076
4490992	10827	3.3086162	2.987633
4490992	10828	3.2572722	2.9499376
4490992	10829	3.3498616	3.0144749
4490992	10830	4.3653	2.0518494
4490992	10831	4.4995856	1.9542685
4490992	10832	4.3714066	2.029268
4490992	10833	4.4371634	1.9354146
4490992	10834	3.244156	0.86203337
4490992	10835	2.0870943	1.5648062
4490992	10836	3.6524162	1.6835215
4490992	10837	4.0426908	1.7584748
4490992	10838	3.9739761	2.0512168
4490992	10839	3.97756	2.0079002
4490992	10840	4.0167627	2.0854077
4490992	10841	2.0587187	2.7257922
4490992	10842	1.6561285	3.1671343
4490992	10843	2.147541	2.7554724
4490992	10844	2.0259113	2.9085324
4490992	10845	1.880289	3.0933652
4490992	10846	1.9636451	2.8592322
4490992	10847	1.8646704	3.25283
4490992	10848	1.8616308	3.4397576
4490992	10849	1.1335022	4.1356654
4490992	10850	2.113297	1.6312182
4490992	10851	1.1792705	2.3237896
4490992	10852	1.710059	1.646791
4490992	10853	1.5296198	1.9557652
4490992	10854	1.6136352	1.8720872
4490992	10855	1.7664732	1.6530116
4490992	10856	1.6760477	3.1192029
4490992	10857	1.7905544	2.949343
4490992	10858	2.1769	2.7995324
4490992	10859	2.3026257	2.812235
4490992	10860	2.3480887	2.8067906
4490992	10861	2.9166331	2.3874712
4490992	10862	3.11967	2.3598392
4490992	10863	3.4995236	2.2375383
4490992	10864	3.9861603	1.8374369
4490992	10865	4.17555	1.6631839
4490992	10866	4.233359	1.4781376
4490992	10867	6.07913	-0.38378745
4490992	10868	5.2934437	0.5627376
4490992	10869	5.385939	0.43328252
4490992	10870	3.4371004	2.1812103
4490992	10871	3.505548	2.154464
4490992	10872	3.5956025	2.0536041
4490992	10873	3.5272179	2.1401825
4490992	10874	3.307547	2.1663535
4490992	10875	4.184661	1.6009817
4490992	10876	3.920929	1.8622534
4490992	10877	3.96954	1.937125
4490992	10878	5.0917435	-2.1983957
4490992	10879	4.6383586	-2.2587926
4490992	10880	4.5317388	-2.2539477
4490992	10881	4.9128375	-2.4140074
4490992	10882	5.075622	-2.4735947
4490992	10883	5.0854983	-2.4605396
4490992	10884	5.112567	-2.6246247
4490992	10885	5.131972	-2.5966578
4490992	10886	5.3414893	-2.6727376
4490992	10887	5.487206	-2.710473
4490992	10888	5.3311806	-2.6529982
4490992	10889	5.2366605	-2.6880608
4490992	10890	5.2268043	-2.6717982
4490992	10891	5.440571	-2.2276037
4490992	10892	5.617722	-2.4108813
4490992	10893	6.012101	-1.513816
4490992	10894	5.790795	-1.4008174
4490992	10895	5.793701	-1.3396236
4490992	10896	5.8571796	-1.4688109
4490992	10897	6.157193	-1.5912799
4490992	10898	6.233968	-1.6702002
4490992	10899	6.1248746	-1.6404088
4490992	10900	6.1062164	-1.669587
4490992	10901	5.8590174	-1.4873097
4490992	10902	4.6817784	-0.70067704
4490992	10903	5.279418	-0.92009974
4490992	10904	5.257565	-0.8284154
4490992	10905	5.416262	0.1778818
4490992	10906	5.8498898	-0.18697515
4490992	10907	5.6524706	-1.0101522
4490992	10908	5.5809627	-0.8653431
4490992	10909	5.560374	-0.924749
4490992	10910	5.654937	-1.0036333
4490992	10911	5.791996	-0.1717391
4490992	10912	6.00626	-0.22014335
4490992	10913	5.7015204	0.36611935
4490992	10914	5.9473176	0.036179096
4490992	10915	5.992972	0.16133282
4490992	10916	6.5248704	-0.3905846
4490992	10917	6.843543	-0.83987737
4490992	10918	7.0288463	-1.1780099
4490992	10919	6.550958	-0.8021662
4490992	10920	6.745603	-0.9432045
4490992	10921	6.821459	-0.81801116
4490992	10922	7.021161	-1.2339269
4490992	10923	6.962814	-1.2093024
4490992	10924	6.3873982	-0.55510765
4490992	10925	6.2897534	-0.19560167
4490992	10926	5.8731956	-0.05253473
4490992	10927	6.22254	-0.3300569
4490992	10928	5.528128	0.48134652
4490992	10929	5.755237	-0.21846722
4490992	10930	5.8697886	-0.893369
4490992	10931	6.164997	-1.1705048
4490992	10932	6.188234	-1.1181569
4490992	10933	6.150715	-1.1686852
4490992	10934	6.06041	-1.1006181
4490992	10935	5.955931	-0.99748564
4490992	10936	5.8932776	-0.9606905
4490992	10937	5.923091	-0.9625931
4490992	10938	5.9240785	-0.9232168
4490992	10939	4.8839736	-1.2661301
4490992	10940	4.845005	-1.2946742
4490992	10941	4.6504164	-1.2918769
4490992	10942	5.8265085	-0.08218488
4490992	10943	4.96876	0.029903293
4490992	10944	5.3171415	0.32780257
4490992	10945	5.061494	0.54436934
4490992	10946	4.917425	0.60865664
4490992	10947	4.923453	0.6701518
4490992	10948	4.967281	0.66999567
4490992	10949	4.8037925	0.7775105
4490992	10950	4.6470313	0.80138266
4490992	10951	4.800587	0.64457405
4490992	10952	4.748693	0.89405453
4490992	10953	4.3623834	1.1652845
4490992	10954	4.1424875	1.4342573
4490992	10955	4.1757293	1.2747546
4490992	10956	4.649417	1.0796045
4490992	10957	4.1969943	1.1012089
4490992	10958	4.432663	1.1051079
4490992	10959	4.2642198	1.1209081
4490992	10960	4.6791396	0.71578586
4490992	10961	5.475721	-0.20062125
4490992	10962	5.7138095	-0.28377503
4490992	10963	5.5789185	-0.049208254
4490992	10964	5.0112777	-0.61629105
4490992	10965	5.5363235	-0.61630213
4490992	10966	5.1889825	-0.4700704
4490992	10967	5.742283	0.29901716
4490992	10968	4.667782	0.9387288
4490992	10969	4.626628	1.3190309
4490992	10970	4.3039594	1.5052271
4490992	10971	3.4203153	1.4720247
4490992	10972	3.9164357	1.7049544
4490992	10973	3.8475032	1.7285833
4490992	10974	4.060271	1.7266233
4490992	10975	3.801865	2.069727
4490992	10976	3.819212	1.8739955
4490992	10977	3.9035034	1.9458482
4490992	10978	3.710287	2.1388755
4490992	10979	3.6679754	2.1514418
4490992	10980	3.630455	2.1809468
4490992	10981	3.053495	2.7281709
4490992	10982	3.23307	2.4261456
4490992	10983	3.7189274	1.8859255
4490992	10984	3.117806	2.8023956
4490992	10985	3.0007544	2.7501698
4490992	10986	3.9525523	1.7574286
4490992	10987	4.264393	1.4062487
4490992	10988	2.3003254	1.2813014
4490992	10989	3.5067368	1.9611056
4490992	10990	3.6092687	2.1977699
4490992	10991	3.2493992	2.4601512
4490992	10992	3.2043166	2.5295959
4490992	10993	3.13169	2.6064076
4490992	10994	3.0833044	2.6822274
4490992	10995	2.9376469	2.8231635
4490992	10996	2.9875526	2.82237
4490992	10997	2.982079	2.7445252
4490992	10998	2.965136	2.944439
4490992	10999	3.0677314	2.9113185
4490992	11000	3.0998688	2.939327
4490992	11001	3.058691	3.0421584
4490992	11002	3.089839	2.855668
4490992	11003	3.183374	2.7108893
4490992	11004	3.1045165	2.886613
4490992	11005	3.3823605	2.7341459
4490992	11006	2.3056922	1.8823552
4490992	11007	3.2524505	1.0136771
4490992	11008	3.7764807	1.963211
4490992	11009	4.0988097	1.7981441
4490992	11010	3.9155402	1.9861054
4490992	11011	4.242151	1.8027287
4490992	11012	4.0411334	2.085453
4490992	11013	4.027494	2.093608
4490992	11014	4.0326676	2.033012
4490992	11015	3.694827	2.122173
4490992	11016	4.0782022	1.9095705
4490992	11017	2.6975532	3.04511
4490992	11018	2.8346095	2.8284426
4490992	11019	3.3975568	2.3867338
4490992	11020	3.9884162	2.1755204
4490992	11021	3.6072807	2.3090978
4490992	11022	3.2683024	2.596871
4490992	11023	3.5046558	2.2280588
4490992	11024	4.559246	1.1184971
4490992	11025	4.7731943	1.0143709
4490992	11026	4.554825	1.3130145
4490992	11027	2.8817778	2.6885557
4490992	11028	2.7362628	2.936853
4490992	11029	2.9915285	2.8610406
4490992	11030	2.9634295	2.7160738
4490992	11031	3.1206312	2.774254
4490992	11032	2.9232821	2.8627539
4490992	11033	1.4440235	2.3850415
4490992	11034	1.6191255	2.0895877
4490992	11035	1.0818994	2.7247949
4490992	11036	1.8039252	1.7970884
4490992	11037	1.8014191	1.9007163
4490992	11038	2.094468	1.6795561
4490992	11039	2.0149765	1.8167231
4490992	11040	2.6448536	1.2690058
4490992	11041	2.195815	1.7315705
4490992	11042	1.7127868	2.2176595
4490992	11043	1.8403803	2.0640569
4490992	11044	2.279006	1.2827504
4490992	11045	2.269597	1.7758987
4490992	11046	2.262535	1.5462534
4490992	11047	1.975489	2.0102444
4490992	11048	2.3287907	1.714812
4490992	11049	3.1502924	2.3643086
4490992	11050	3.5692616	2.109213
4490992	11051	3.6463642	2.0093367
4490992	11052	3.7534895	1.9689813
4490992	11053	3.4932632	2.309857
4490992	11054	3.197123	2.3542032
4490992	11055	3.31319	2.2326107
4490992	11056	3.2444668	2.3128734
4490992	11057	3.1537046	2.3926616
4490992	11058	3.859766	1.6935804
4490992	11059	3.1040297	2.3966198
4490992	11060	2.9367104	2.5079877
4490992	11061	2.958969	2.445401
4490992	11062	3.0694566	2.3836432
4490992	11063	3.743094	1.9063225
4490992	11064	4.622005	1.4058744
4490992	11065	3.247439	0.70777535
4490992	11066	2.7646513	1.0092573
4490992	11067	3.5965557	0.39185956
4490992	11068	2.9925375	0.7920724
4490992	11069	1.4293386	2.1882262
4490992	11070	1.423598	2.372466
4490992	11071	1.4331551	2.2030008
4490992	11072	1.5278777	2.085496
4490992	11073	1.6332244	2.007951
4490992	11074	1.659212	1.9619293
4490992	11075	1.7096535	1.9499774
4490992	11076	1.6705993	2.0443118
4490992	11077	1.7148129	2.0021274
4490992	11078	1.5423199	2.1065729
4490992	11079	1.7293404	1.8857186
4490992	11080	1.7791334	1.9743803
4490992	11081	1.6144396	2.492505
4490992	11082	1.7932884	2.0017667
4490992	11083	1.6041635	2.2606173
4490992	11084	1.6033555	2.3194978
4490992	11085	3.4054766	2.0858335
4490992	11086	2.9044952	2.471776
4490992	11087	2.7754927	2.8139806
4490992	11088	2.5761018	3.1641266
4490992	11089	1.9362484	3.7860553
4490992	11090	2.7621183	3.0399117
4490992	11091	2.8943706	2.6706946
4490992	11092	1.8015529	1.9017441
4490992	11093	1.4536047	2.3410099
4490992	11094	1.582554	2.2522106
4490992	11095	1.6486849	2.2428517
4490992	11096	1.7983309	2.150094
4490992	11097	2.5361056	1.3996346
4490992	11098	2.6575027	1.4693869
4490992	11099	2.4150743	1.5642276
4490992	11100	2.339828	1.7763562
4490992	11101	2.8558116	1.2165498
4490992	11102	2.666121	1.2759851
4490992	11103	3.5286841	1.9619384
4490992	11104	3.709836	1.7866685
4490992	11105	3.7024574	1.9040179
4490992	11106	4.566539	1.1646856
4490992	11107	3.464281	0.47268096
4490992	11108	3.1979537	0.76238084
4490992	11109	3.1807861	0.7214942
4490992	11110	3.1665068	0.75732934
4490992	11111	3.1060677	0.78334844
4490992	11112	2.9299183	0.9843271
4490992	11113	2.941187	0.9460093
4490992	11114	2.3295112	1.331452
4490992	11115	2.44208	1.3292624
4490992	11116	2.8426166	0.8418094
4490992	11117	2.1771674	1.7747698
4490992	11118	2.6863017	1.1358126
4490992	11119	2.6749282	1.2138747
4490992	11120	2.9100513	1.2813907
4490992	11121	3.2937698	0.7098777
4490992	11122	4.1582823	1.2804979
4490992	11123	4.312002	1.079991
4490992	11124	4.355631	1.1476011
4490992	11125	4.383856	1.1307133
4490992	11126	4.4342537	1.1166168
4490992	11127	4.6281486	0.67684925
4490992	11128	3.971118	1.408062
4490992	11129	4.2006226	1.2021277
4490992	11130	4.3356276	1.162111
4490992	11131	4.161979	1.2595935
4490992	11132	4.205769	1.2568041
4490992	11133	4.129995	1.3211641
4490992	11134	4.081549	1.3378619
4490992	11135	4.715142	0.7707596
4490992	11136	2.3780603	1.0278152
4490992	11137	3.0638428	0.98557246
4490992	11138	2.936634	0.8570932
4490992	11139	2.9591403	0.8267081
4490992	11140	3.07977	0.74641573
4490992	11141	3.2801852	0.6429362
4490992	11142	4.449155	1.0897876
4490992	11143	4.6485195	0.8085406
4490992	11144	4.751257	0.91815734
4490992	11145	4.2097507	1.1044387
4490992	11146	4.2573204	1.2781715
4490992	11147	4.5358057	0.8906244
4490992	11148	4.6306567	0.7739347
4490992	11149	4.306013	1.1939546
4490992	11150	4.2630606	0.8875351
4490992	11151	4.6251125	0.9273131
4490992	11152	4.526638	0.77385783
4490992	11153	4.730269	0.6042404
4490992	11154	4.568036	0.73287106
4490992	11155	4.413812	0.93946254
4490992	11156	4.2004104	1.0723053
4490992	11157	3.2874527	1.3399043
4490992	11158	3.218657	1.5940759
4490992	11159	2.3581624	2.4258685
4490992	11160	3.2740607	1.9581871
4490992	11161	4.003113	1.271858
4490992	11162	3.5801306	1.5323207
4490992	11163	3.0809145	2.09426
4490992	11164	3.489953	1.8341157
4490992	11165	2.6014605	2.493679
4490992	11166	3.188179	1.8765521
4490992	11167	3.785942	1.5161566
4490992	11168	3.5833416	1.4813896
4490992	11169	3.1127238	2.1390824
4490992	11170	4.006714	1.4531821
4490992	11171	3.637137	1.5925307
4490992	11172	3.642963	1.5249553
4490992	11173	4.021717	1.4798744
4490992	11174	3.969058	1.2724926
4490992	11175	4.011318	1.4022622
4490992	11176	4.1169925	1.1967897
4490992	11177	4.1180477	1.3922204
4490992	11178	3.98414	1.6538954
4490992	11179	4.018256	1.7003386
4490992	11180	3.9131966	1.9976709
4490992	11181	3.6213508	2.1600199
4490992	11182	3.488223	2.5392625
4490992	11183	3.8271298	2.1398802
4490992	11184	4.1230893	1.7808414
4490992	11185	4.276748	1.5956731
4490992	11186	4.6092043	1.2124755
4490992	11187	3.993136	1.5679872
4490992	11188	4.342498	1.4064748
4490992	11189	4.0804963	1.3892394
4490992	11190	4.5522947	1.21987
4490992	11191	3.9958515	1.4880288
4490992	11192	4.571032	1.1761531
4490992	11193	4.5285897	0.9961344
4490992	11194	4.2102942	1.5695512
4490992	11195	4.227243	1.2717022
4490992	11196	4.2812138	1.4389426
4490992	11197	4.3791623	1.1681494
4490992	11198	4.282781	1.3917426
4490992	11199	3.8791027	1.987313
4490992	11200	3.8205533	2.2974396
4490992	11201	4.0469084	2.0766747
4490992	11202	4.0821056	2.0148203
4490992	11203	3.899159	2.308853
4490992	11204	3.952434	2.214864
4490992	11205	3.983118	2.285279
4490992	11206	4.017034	1.9415135
4490992	11207	3.4312534	2.8633168
4490992	11208	3.1171274	3.0266058
4490992	11209	3.0735168	3.2492123
4490992	11210	3.0892959	3.197205
4490992	11211	2.1916046	4.1029897
4490992	11212	2.608202	3.6987002
4490992	11213	2.6342402	3.7300756
4490992	11214	2.2629337	4.003337
4490992	11215	3.6553783	2.5372577
4490992	11216	2.8897634	3.4208171
4490992	11217	2.748147	3.5790536
4490992	11218	2.5346875	4.029622
4490992	11219	3.1478424	3.2546318
4490992	11220	3.4497495	2.916352
4490992	11221	3.648305	2.4736052
4490992	11222	3.7831998	2.4030445
4490992	11223	3.9047961	2.0702384
4490992	11224	3.7292643	2.2744427
4490992	11225	3.605452	2.4521284
4490992	11226	3.9739008	1.4318907
4490992	11227	4.499045	1.3331679
4490992	11228	4.6823387	1.0132583
4490992	11229	4.879787	0.7408006
4490992	11230	4.082968	1.4675741
4490992	11231	3.4782429	2.0606523
4490992	11232	4.1662073	1.5801277
4490992	11233	4.0564027	1.6031795
4490992	11234	2.9934664	0.7449192
4490992	11235	3.9868188	0.27094147
4490992	11236	3.1518292	1.1256137
4490992	11237	3.0532904	1.3601483
4490992	11238	3.4079442	1.0437114
4490992	11239	3.070634	1.2105551
4490992	11240	3.5154805	0.7825484
4490992	11241	2.9403682	1.4273474
4490992	11242	3.217945	1.0931927
4490992	11243	3.2895017	1.2068911
4490992	11244	3.5338917	0.976531
4490992	11245	3.1084452	1.303049
4490992	11246	2.9855452	1.4702371
4490992	11247	2.7353501	1.5608363
4490992	11248	2.6847496	1.6310463
4490992	11249	2.72651	1.574203
4490992	11250	2.7373471	1.631743
4490992	11251	3.504068	0.9663758
4490992	11252	3.4712858	0.9748076
4490992	11253	2.711536	1.684613
4490992	11254	3.3475938	0.99847865
4490992	11255	3.387494	1.0521072
4490992	11256	3.5948296	0.88874745
4490992	11257	3.4194655	0.80580664
4490992	11258	3.1657395	1.1297146
4490992	11259	3.2572823	1.0164442
4490992	11260	3.3550673	1.1623827
4490992	11261	3.1556668	1.2755836
4490992	11262	2.870132	1.3821126
4490992	11263	2.7443414	1.4791749
4490992	11264	3.2559133	1.2009989
4490992	11265	3.2274103	1.0017525
4490992	11266	3.4495134	1.1016929
4490992	11267	3.189797	1.1174436
4490992	11268	3.1122108	1.1082491
4490992	11269	3.115055	1.1276702
4490992	11270	3.2993674	1.7755156
4490992	11271	3.5132995	1.6048203
4490992	11272	3.6608748	1.517593
4490992	11273	3.768374	1.4605255
4490992	11274	3.1453624	2.2635734
4490992	11275	2.8657088	2.6527815
4490992	11276	0.9729725	3.475247
4490992	11277	1.2719004	3.4828649
4490992	11278	1.1200476	3.3099012
4490992	11279	0.8233926	3.8347018
4490992	11280	0.8305906	3.5530403
4490992	11281	0.9321511	3.383445
4490992	11282	0.9517312	3.331274
4490992	11283	0.9846629	3.2825375
4490992	11284	1.059704	3.146139
4490992	11285	1.2591258	2.7299917
4490992	11286	1.7070144	2.3749537
4490992	11287	1.1070203	3.3091807
4490992	11288	1.3221906	2.790415
4490992	11289	2.578236	2.7036834
4490992	11290	1.6382903	3.8010943
4490992	11291	1.4561131	4.0996013
4490992	11292	1.4338363	4.1995435
4490992	11293	1.4735078	4.1989994
4490992	11294	1.3145539	4.3894715
4490992	11295	1.8890034	3.523099
4490992	11296	2.5187645	2.5845463
4490992	11297	2.9015179	2.3351846
4490992	11298	3.1654644	2.3906994
4490992	11299	3.9979725	1.5137634
4490992	11300	3.7453003	1.860697
4490992	11301	3.883429	1.5123075
4490992	11302	4.153729	1.3572595
4490992	11303	3.8490891	1.8724184
4490992	11304	4.0106993	1.4946965
4490992	11305	3.6905856	1.9169846
4490992	11306	3.9027772	1.672121
4490992	11307	3.5943384	1.9325645
4490992	11308	3.5009184	1.986743
4490992	11309	4.0476346	1.5908945
4490992	11310	3.3856125	2.2626505
4490992	11311	2.941526	3.1502163
4490992	11312	3.0114422	2.856347
4490992	11313	4.262746	1.0934346
4490992	11314	4.953618	0.6987314
4490992	11315	4.468637	1.0328289
4490992	11316	4.814663	0.6138314
4490992	11317	4.2339396	1.1540056
4490992	11318	4.5775933	0.7313551
4490992	11319	4.1894994	1.2181485
4490992	11320	4.5375495	0.7768309
4490992	11321	4.0509577	1.3429166
4490992	11322	4.362416	0.87425613
4490992	11323	3.304978	2.241594
4490992	11324	3.1128688	2.3848994
4490992	11325	3.9364696	1.7120006
4490992	11326	3.6408052	2.0381482
4490992	11327	3.2589436	2.5771728
4490992	11328	3.161179	2.389945
4490992	11329	3.2599502	2.6181464
4490992	11330	3.2226944	2.5802958
4490992	11331	4.084104	1.7734599
4490992	11332	4.1776824	1.7682593
4490992	11333	4.191151	1.7260499
4490992	11334	4.1416974	1.7917213
4490992	11335	4.026514	1.9476068
4490992	11336	4.085717	1.8978124
4490992	11337	4.163147	1.8472335
4490992	11338	4.126839	1.9247847
4490992	11339	4.1278744	1.9209898
4490992	11340	3.5182705	2.571817
4490992	11341	3.6647587	2.4182868
4490992	11342	3.9309592	1.9886742
4490992	11343	4.324088	1.6915433
4490992	11344	4.2586703	1.7216892
4490992	11345	4.4284163	1.538244
4490992	11346	3.354045	2.7143881
4490992	11347	4.1433563	1.9932911
4490992	11348	4.525618	1.7666376
4490992	11349	4.430997	1.658952
4490992	11350	4.4037776	1.6903021
4490992	11351	4.252212	1.8214006
4490992	11352	3.762672	2.386316
4490992	11353	4.0501156	2.1066184
4490992	11354	4.0267663	2.1647632
4490992	11355	4.043404	2.198938
4490992	11356	4.312741	1.8913512
4490992	11357	4.095564	2.1301963
4490992	11358	4.081305	2.135701
4490992	11359	4.0964932	2.1520991
4490992	11360	4.171711	2.106856
4490992	11361	4.525799	1.5995529
4490992	11362	4.4449916	1.7501848
4490992	11363	4.3538847	1.8754282
4490992	11364	4.2495327	1.987869
4490992	11365	4.224987	2.0266967
4490992	11366	3.7674923	2.5456672
4490992	11367	3.7736702	2.3033698
4490992	11368	3.2048707	3.1150446
4490992	11369	3.443729	2.836217
4490992	11370	3.5665288	2.798284
4490992	11371	3.5548654	2.8208594
4490992	11372	3.4988623	2.920639
4490992	11373	3.5613174	2.842788
4490992	11374	3.5522208	2.9012027
4490992	11375	3.5089736	2.9561923
4490992	11376	3.4907856	2.9773512
4490992	11377	3.4273443	3.0817
4490992	11378	3.1407194	3.3413312
4490992	11379	3.1958785	3.2912672
4490992	11380	2.1944032	4.1744
4490992	11381	2.0867867	4.1903906
4490992	11382	1.8507046	4.324977
4490992	11383	1.7775248	4.466087
4490992	11384	1.8731266	4.4159446
4490992	11385	1.9811708	4.289764
4490992	11386	2.360404	4.0038424
4490992	11387	2.4119802	3.9794571
4490992	11388	2.624115	3.473027
4490992	11389	2.571703	3.8978064
4490992	11390	2.180357	4.033487
4490992	11391	1.9376928	4.2110944
4490992	11392	1.9011728	4.3726616
4490992	11393	1.96443	4.2713013
4490992	11394	2.1005225	4.1866336
4490992	11395	2.0921788	4.236693
4490992	11396	2.200858	3.8973114
4490992	11397	2.1498542	3.9950192
4490992	11398	2.267981	3.8247879
4490992	11399	2.4397368	3.7938964
4490992	11400	2.3088508	3.8659532
4490992	11401	2.5182505	3.7688224
4490992	11402	2.7456126	3.3184288
4490992	11403	2.7129283	3.6508033
4490992	11404	2.2636194	3.7325108
4490992	11405	2.2826972	3.9230225
4490992	11406	2.322589	3.660433
4490992	11407	2.3286896	4.104893
4490992	11408	2.3708034	3.7585595
4490992	11409	2.208518	3.9133785
4490992	11410	2.34339	3.6958992
4490992	11411	2.2526116	3.9258964
4490992	11412	2.0365925	3.9338233
4490992	11413	2.3365626	3.6125696
4490992	11414	2.45193	3.6760385
4490992	11415	2.2295141	3.5560577
4490992	11416	2.3499608	3.5209584
4490992	11417	2.031323	4.0868893
4490992	11418	2.121338	3.7918093
4490992	11419	2.0197773	3.8950846
4490992	11420	1.9635142	3.9488337
4490992	11421	2.243832	3.6611125
4490992	11422	2.2696686	3.8286183
4490992	11423	1.9497999	3.996796
4490992	11424	1.9514152	4.0333524
4490992	11425	2.0084643	4.1336865
4490992	11426	1.9786898	4.0621815
4490992	11427	1.8936502	4.233704
4490992	11428	2.166873	3.9034455
4490992	11429	2.1415339	3.7874
4490992	11430	2.124795	4.0156546
4490992	11431	1.9073654	4.0445423
4490992	11432	2.2106767	3.7485015
4490992	11433	2.110447	4.0173306
4490992	11434	1.8975466	3.9776037
4490992	11435	2.1970892	3.9703872
4490992	11436	2.131473	3.9762323
4490992	11437	2.21284	3.9963377
4490992	11438	2.355959	3.9022458
4490992	11439	2.3966432	3.7041028
4490992	11440	2.578951	3.593167
4490992	11441	2.5103478	3.898021
4490992	11442	2.8237557	3.1948094
4490992	11443	3.0128436	3.3783352
4490992	11444	2.8051949	3.4724364
4490992	11445	2.7309637	3.6708677
4490992	11446	2.796774	3.628123
4490992	11447	2.6625633	3.8056414
4490992	11448	2.6973352	3.7913926
4490992	11449	2.654264	3.862013
4490992	11450	2.6918883	3.8315265
4490992	11451	2.672371	3.8879192
4490992	11452	3.1353183	3.1340408
4490992	11453	3.3041058	3.3169713
4490992	11454	3.025361	3.4419024
4490992	11455	2.9225712	3.637184
4490992	11456	3.054357	3.2814906
4490992	11457	3.1511745	3.445235
4490992	11458	2.9877944	3.4689634
4490992	11459	2.994708	3.5682914
4490992	11460	2.9793582	3.608999
4490992	11461	3.1650333	3.1311793
4490992	11462	3.4240599	3.3039706
4490992	11463	3.4314332	3.148851
4490992	11464	3.9413867	2.5628994
4490992	11465	3.9931107	-0.90297866
4490992	11466	4.382152	-0.036114514
4490992	11467	4.412311	-0.019572169
4490992	11468	4.4201183	-0.032118767
4490992	11469	4.5132985	-0.14459807
4490992	11470	4.476791	-0.08793241
4490992	11471	4.4913898	-0.13356835
4490992	11472	4.498336	-0.17651457
4490992	11473	4.4783845	-0.16338685
4490992	11474	4.4821577	-0.18653667
4490992	11475	4.5383115	-0.21766211
4490992	11476	4.438728	-0.11532569
4490992	11477	3.6391525	0.39215514
4490992	11478	3.7194695	0.4655501
4490992	11479	4.67997	-0.23531368
4490992	11480	4.2918606	0.037245244
4490992	11481	4.512523	-0.11297512
4490992	11482	4.175816	0.21533129
4490992	11483	4.006812	0.3763928
4490992	11484	3.8591185	0.5551261
4490992	11485	3.8611336	0.5179564
4490992	11486	4.341977	1.442393
4490992	11487	3.8854198	0.08539119
4490992	11488	4.1512756	0.2088305
4490992	11489	4.0751305	0.27446112
4490992	11490	4.0903597	0.20081934
4490992	11491	4.2217574	0.15692946
4490992	11492	3.8989916	0.32076165
4490992	11493	3.8497028	0.49981788
4490992	11494	3.9691534	0.17568323
4490992	11495	3.8689966	0.28877845
4490992	11496	4.356818	-0.00018593669
4490992	11497	4.162984	0.17471173
4490992	11498	3.8948512	0.4436482
4490992	11499	3.8720813	0.35535118
4490992	11500	3.82934	0.3252335
4490992	11501	3.599885	0.7160932
4490992	11502	3.623757	0.46806
4490992	11503	3.7462473	0.4987631
4490992	11504	3.635818	0.6437024
4490992	11505	3.770184	0.44582877
4490992	11506	3.8808346	0.41560325
4490992	11507	3.6855302	0.68873394
4490992	11508	3.6341138	0.7123265
4490992	11509	3.9067202	0.36834326
4490992	11510	4.269517	0.10255119
4490992	11511	3.6906276	0.4675831
4490992	11512	3.6851425	0.66374266
4490992	11513	3.7658024	0.6254585
4490992	11514	3.8745189	-1.2583385
4490992	11515	3.8920393	-0.12035188
4490992	11516	4.0009117	0.41645804
4490992	11517	4.252298	0.46960852
4490992	11518	4.0732617	0.8015193
4490992	11519	3.8956594	1.1330177
4490992	11520	4.2122726	1.0950172
4490992	11521	3.4479403	1.3358015
4490992	11522	3.586948	1.155005
4490992	11523	4.929374	1.3228025
4490992	11524	4.947945	1.4160378
4490992	11525	5.0366774	1.2863262
4490992	11526	5.1687803	1.2439429
4490992	11527	5.0575786	1.4570378
4490992	11528	5.1999035	1.283387
4490992	11529	5.049917	1.3548938
4490992	11530	5.201288	1.2550353
4490992	11531	5.464684	1.0379868
4490992	11532	5.5097804	1.2274895
4490992	11533	5.497644	1.1325811
4490992	11534	5.287641	1.562568
4490992	11535	5.2211967	1.3783895
4490992	11536	5.0377426	1.9026594
4490992	11537	5.1540318	1.5843103
4490992	11538	4.9604416	1.9214952
4490992	11539	5.567584	1.0784426
4490992	11540	5.9347415	0.6500293
4490992	11541	5.2213516	-0.71016866
4490992	11542	4.189279	1.6000352
4490992	11543	4.999181	1.5037606
4490992	11544	4.9078298	1.7402945
4490992	11545	4.9792204	1.6988876
4490992	11546	4.065364	2.3313174
4490992	11547	4.6289673	1.7242448
4490992	11548	4.0509877	1.0565124
4490992	11549	3.1760511	1.4554523
4490992	11550	3.189713	1.2382935
4490992	11551	3.0078692	1.2494168
4490992	11552	3.0217085	1.1458465
4490992	11553	2.9634914	1.1208475
4490992	11554	2.8870912	1.1084462
4490992	11555	2.9123888	1.1603514
4490992	11556	2.879004	1.1849053
4490992	11557	2.933495	1.1525493
4490992	11558	2.9854589	1.5000012
4490992	11559	3.1905994	1.1126672
4490992	11560	2.9261823	1.1771984
4490992	11561	3.4449997	2.3687642
4490992	11562	3.5634031	2.2570467
4490992	11563	3.3987675	2.4741876
4490992	11564	3.260172	2.4920518
4490992	11565	3.7177548	2.2354243
4490992	11566	3.823235	2.3509293
4490992	11567	4.0852485	1.8940523
4490992	11568	4.015541	1.8159041
4490992	11569	3.4226055	2.3569193
4490992	11570	3.420041	2.4993966
4490992	11571	3.394815	2.7251475
4490992	11572	3.293244	2.728112
4490992	11573	3.705586	2.4199994
4490992	11574	4.2844605	1.9835176
4490992	11575	3.9631066	2.2243927
4490992	11576	4.326473	2.0309083
4490992	11577	4.2118387	2.14857
4490992	11578	3.9516435	2.3520935
4490992	11579	3.89985	2.497305
4490992	11580	3.9875188	2.5144136
4490992	11581	4.2888584	2.191717
4490992	11582	4.700808	1.7112405
4490992	11583	3.8945746	2.5862267
4490992	11584	4.5074716	2.2047267
4490992	11585	4.522921	1.9886005
4490992	11586	4.958428	1.4056967
4490992	11587	4.6947794	1.7358041
4490992	11588	4.8390937	1.6772366
4490992	11589	4.79613	1.6163864
4490992	11590	4.307674	2.2546017
4490992	11591	4.149814	2.1524231
4490992	11592	4.43976	2.2059617
4490992	11593	4.275477	2.5005612
4490992	11594	4.335735	2.480982
4490992	11595	4.2609673	2.6756434
4490992	11596	4.059541	2.786948
4490992	11597	4.2521915	2.7530322
4490992	11598	3.9220495	2.7607226
4490992	11599	4.0153465	2.7388127
4490992	11600	4.1669683	2.7164094
4490992	11601	4.014543	2.8889365
4490992	11602	4.03865	2.987841
4490992	11603	3.9200888	2.9269087
4490992	11604	4.235898	2.810589
4490992	11605	4.566834	2.431968
4490992	11606	4.3752685	2.5218935
4490992	11607	4.137204	2.850959
4490992	11608	3.798943	2.269883
4490992	11609	4.504822	2.1819232
4490992	11610	4.538127	2.3159337
4490992	11611	4.0980053	2.8796
4490992	11612	2.9952722	3.7267826
4490992	11613	3.1376305	3.7994568
4490992	11614	3.0179873	3.9116971
4490992	11615	2.9881039	4.054891
4490992	11616	2.9808054	4.0034904
4490992	11617	2.9543548	3.929641
4490992	11618	2.655549	4.246674
4490992	11619	2.7889152	3.9781258
4490992	11620	2.880628	3.8769615
4490992	11621	2.9002304	3.9011729
4490992	11622	1.97642	4.7130175
4490992	11623	2.3267226	4.527266
4490992	11624	2.327527	4.671293
4490992	11625	2.0267835	4.7350135
4490992	11626	2.0162482	4.805738
4490992	11627	2.0417533	4.8339424
4490992	11628	1.7729486	5.107975
4490992	11629	1.7199954	5.134198
4490992	11630	1.6910971	5.1963463
4490992	11631	2.004178	4.8707542
4490992	11632	2.0044594	5.0086513
4490992	11633	1.8014714	5.1471224
4490992	11634	1.7156848	5.232701
4490992	11635	1.6579357	5.260993
4490992	11636	1.6181954	5.3221283
4490992	11637	1.5516187	5.385402
4490992	11638	1.6113809	5.3633766
4490992	11639	1.589137	5.3257947
4490992	11640	1.7214221	5.191578
4490992	11641	1.6506199	5.321307
4490992	11642	1.2404759	5.7236314
4490992	11643	1.4894778	5.7345552
4490992	11644	1.5220844	5.693565
4490992	11645	1.9168876	5.081516
4490992	11646	2.1524796	4.9432974
4490992	11647	1.992076	5.2564163
4490992	11648	1.682685	5.463453
4490992	11649	1.6029044	5.29428
4490992	11650	1.73413	5.3370657
4490992	11651	2.0040636	5.1071625
4490992	11652	1.9823893	5.180607
4490992	11653	2.0555477	5.0803595
4490992	11654	1.9612731	5.0363054
4490992	11655	2.097486	5.1219287
4490992	11656	2.4425569	4.8062196
4490992	11657	2.109219	5.1131387
4490992	11658	2.0660243	5.0788503
4490992	11659	1.9694613	5.3962035
4490992	11660	1.8964342	5.3475437
4490992	11661	1.9509121	5.2509913
4490992	11662	1.8308028	5.500673
4490992	11663	2.17416	5.060128
4490992	11664	1.7813293	5.603995
4490992	11665	1.8441237	5.507927
4490992	11666	1.9929823	5.5022106
4490992	11667	1.7823976	5.393957
4490992	11668	1.9431447	5.292727
4490992	11669	2.088265	5.2212296
4490992	11670	1.7205242	5.5968432
4490992	11671	0.20319957	5.6462345
4490992	11672	1.0815344	5.937693
4490992	11673	1.0431328	5.58929
4490992	11674	1.0607582	5.6916323
4490992	11675	0.26586908	6.3351927
4490992	11676	0.4339475	6.2284465
4490992	11677	0.466734	6.05608
4490992	11678	0.35794133	6.24271
4490992	11679	0.2702512	6.148757
4490992	11680	0.16949248	6.442904
4490992	11681	-0.4113521	5.9041214
4490992	11682	-0.63645756	6.032469
4490992	11683	-0.73438656	6.0339704
4490992	11684	0.05418116	5.9343486
4490992	11685	-0.76112914	6.192384
4490992	11686	-0.7518361	6.1440024
4490992	11687	-0.8124648	6.068248
4490992	11688	-0.85615474	6.1101947
4490992	11689	-0.2748933	6.0576506
4490992	11690	-0.42429745	6.2256994
4490992	11691	-0.154742	6.2124977
4490992	11692	-0.16629466	6.2142015
4490992	11693	-0.11983344	6.1373377
4490992	11694	-0.06189668	6.1474223
4490992	11695	-0.23235714	6.168338
4490992	11696	0.012540281	6.0954766
4490992	11697	-0.08562511	6.118917
4490992	11698	-0.08962512	6.118869
4490992	11699	0.04182899	6.0563674
4490992	11700	0.61931705	5.4599032
4490992	11701	0.7479397	5.368045
4490992	11702	0.3193277	5.639344
4490992	11703	0.35256076	5.5952616
4490992	11704	0.45487654	5.4939485
4490992	11705	0.80198634	5.183788
4490992	11706	0.62955284	5.388743
4490992	11707	0.6872562	5.2562222
4490992	11708	0.72243	5.286983
4490992	11709	0.5598874	5.283592
4490992	11710	0.065719366	4.6411333
4490992	11711	-0.06442639	4.799397
4490992	11712	-0.14373863	4.9589386
4490992	11713	0.9058341	4.957876
4490992	11714	0.6351074	5.1537457
4490992	11715	0.79131794	5.0614314
4490992	11716	0.723178	5.2025614
4490992	11717	0.5498016	5.3215537
4490992	11718	0.75928664	5.0185494
4490992	11719	0.86190236	4.9153485
4490992	11720	0.9192282	4.8007812
4490992	11721	0.67098415	4.8647885
4490992	11722	0.03941703	5.2598405
4490992	11723	0.48349738	5.052561
4490992	11724	0.25758177	5.26747
4490992	11725	0.3840214	4.9474072
4490992	11726	-0.047217667	4.065271
4490992	11727	-0.0022423267	3.7149389
4490992	11728	1.131117	3.764674
4490992	11729	0.7955121	3.8678453
4490992	11730	0.50954413	4.1824975
4490992	11731	0.65418863	3.986934
4490992	11732	0.69153214	3.8521006
4490992	11733	0.6957799	3.7106316
4490992	11734	2.1379523	3.7849367
4490992	11735	1.8423544	3.639187
4490992	11736	1.9265863	2.4241326
4490992	11737	1.6615037	2.6200156
4490992	11738	2.217608	1.8718975
4490992	11739	2.3240404	1.8433685
4490992	11740	2.4339647	1.8013701
4490992	11741	1.8696722	2.6198046
4490992	11742	1.7977499	2.697353
4490992	11743	2.92905	2.7486358
4490992	11744	2.601976	2.8944523
4490992	11745	2.473394	3.1378329
4490992	11746	2.82721	2.7094312
4490992	11747	3.110085	2.5705287
4490992	11748	2.8241343	0.7566714
4490992	11749	2.7612133	0.6392454
4490992	11750	2.7064075	0.7589803
4490992	11751	3.2512527	0.3694367
4490992	11752	3.1244392	1.8981423
4490992	11753	2.6647387	2.5465658
4490992	11754	3.4520416	1.7329617
4490992	11755	4.2858477	1.2656008
4490992	11756	4.265334	1.7421186
4490992	11757	4.2660627	1.3575665
4490992	11758	4.326552	1.3497869
4490992	11759	4.6061897	1.1468527
4490992	11760	4.4473643	1.6255372
4490992	11761	4.476448	1.2339898
4490992	11762	4.062629	1.596992
4490992	11763	4.2823396	1.2130791
4490992	11764	4.4774218	0.90570176
4490992	11765	4.450293	1.1601785
4490992	11766	4.8507886	0.5630528
4490992	11767	5.0158033	0.57273114
4490992	11768	4.7904105	0.79068017
4490992	11769	5.0946674	0.17032138
4490992	11770	5.260468	-0.0036516786
4490992	11771	5.3100324	-0.07516432
4490992	11772	4.900029	0.18754724
4490992	11773	4.314765	-0.6716211
4490992	11774	5.038695	0.32845858
4490992	11775	5.0425057	0.30785283
4490992	11776	5.1049075	0.43420854
4490992	11777	5.2754817	0.2536672
4490992	11778	4.414066	1.1981661
4490992	11779	4.570951	1.0735873
4490992	11780	4.319358	1.4093127
4490992	11781	4.361845	1.3023921
4490992	11782	4.9759355	0.8852891
4490992	11783	4.8374443	0.9255601
4490992	11784	5.185924	0.07788065
4490992	11785	4.974708	0.55239797
4490992	11786	5.3478794	-0.1471496
4490992	11787	4.9958954	0.54975677
4490992	11788	4.764186	0.7551825
4490992	11789	5.445109	-0.26004732
4490992	11790	4.9832573	0.52676857
4490992	11791	5.3270497	-0.20885554
4490992	11792	4.9813304	0.51433456
4490992	11793	5.310348	-0.21597588
4490992	11794	4.968237	0.49413434
4490992	11795	5.055712	-0.05645904
4490992	11796	4.7770677	0.5572295
4490992	11797	5.1168847	-0.11732599
4490992	11798	4.7548637	0.6775702
4490992	11799	5.0687637	-0.08124995
4490992	11800	4.732562	0.67727435
4490992	11801	5.1061263	-0.104102224
4490992	11802	4.7299376	0.7190727
4490992	11803	5.0065107	0.08622852
4490992	11804	5.0261335	0.19554856
4490992	11805	4.5395336	0.94944143
4490992	11806	4.905919	0.24852213
4490992	11807	4.52416	1.0384759
4490992	11808	4.936187	0.17384943
4490992	11809	4.548742	1.0309647
4490992	11810	4.858409	0.26294258
4490992	11811	4.4890323	1.0743315
4490992	11812	4.121882	1.3055593
4490992	11813	4.8168974	0.2546241
4490992	11814	4.3039174	1.2045547
4490992	11815	4.720512	0.36364958
4490992	11816	4.286252	1.2378402
4490992	11817	4.70995	0.38698712
4490992	11818	4.2803154	1.2511729
4490992	11819	4.695646	0.4051828
4490992	11820	4.268917	1.2574295
4490992	11821	4.478699	0.6580961
4490992	11822	4.139423	1.42256
4490992	11823	4.6776648	0.4075519
4490992	11824	4.27413	1.2636412
4490992	11825	4.6676307	0.44138625
4490992	11826	4.2773128	1.2522207
4490992	11827	4.672715	0.44462267
4490992	11828	4.267383	1.240743
4490992	11829	4.667305	0.43914482
4490992	11830	4.2685213	1.2305299
4490992	11831	4.6600046	0.43569103
4490992	11832	4.272545	1.2251457
4490992	11833	4.6623316	0.43723074
4490992	11834	4.26216	1.2162639
4490992	11835	3.7781525	1.6147132
4490992	11836	4.5575967	0.49347743
4490992	11837	4.1764407	1.2538533
4490992	11838	4.566462	0.4543387
4490992	11839	4.1431837	1.3201944
4490992	11840	4.569262	0.4904587
4490992	11841	4.140451	1.3296058
4490992	11842	3.9652357	1.5011744
4490992	11843	4.603882	0.5134176
4490992	11844	4.2171845	1.3098018
4490992	11845	4.051505	1.3643391
4490992	11846	4.4989705	0.619079
4490992	11847	4.308297	1.1152558
4490992	11848	4.6652355	0.44841924
4490992	11849	4.3244543	1.1854707
4490992	11850	4.6259575	0.49177614
4490992	11851	4.306341	1.2156358
4490992	11852	4.0546384	1.4228034
4490992	11853	4.6489215	0.44981036
4490992	11854	4.3230896	1.1915749
4490992	11855	4.6240034	0.48914316
4490992	11856	4.2565017	1.1967497
4490992	11857	3.912825	1.6037896
4490992	11858	4.550353	0.51728415
4490992	11859	4.121458	1.3677598
4490992	11860	4.4850507	0.6107938
4490992	11861	4.1432753	1.4006431
4490992	11862	4.584494	0.57944226
4490992	11863	4.1730433	1.3846885
4490992	11864	4.5189695	0.6272931
4490992	11865	4.166173	1.416737
4490992	11866	4.3428884	1.2558867
4490992	11867	4.902763	0.27054396
4490992	11868	4.402198	1.2008723
4490992	11869	4.723465	0.38819155
4490992	11870	4.147894	1.3701674
4490992	11871	4.4217725	0.99012303
4490992	11872	4.4117446	1.1621146
4490992	11873	4.7043185	1.0465528
4490992	11874	4.297667	1.5799644
4490992	11875	4.1575365	1.5251923
4490992	11876	4.089373	1.7756069
4490992	11877	4.024403	1.7683053
4490992	11878	4.3074408	1.5644038
4490992	11879	4.254865	1.4793199
4490992	11880	4.220093	1.6486995
4490992	11881	4.51364	1.3232086
4490992	11882	4.297711	1.4348512
4490992	11883	4.44717	1.3328011
4490992	11884	3.5677	2.3780274
4490992	11885	3.7864552	1.7792678
4490992	11886	4.251497	1.546371
4490992	11887	4.2135167	1.5014861
4490992	11888	4.111479	1.8532128
4490992	11889	4.0247264	1.9134262
4490992	11890	4.287604	1.5837469
4490992	11891	4.356581	1.5601552
4490992	11892	4.34295	1.5560565
4490992	11893	4.4424267	1.4360459
4490992	11894	4.3219576	1.3930571
4490992	11895	4.0239344	2.0420737
4490992	11896	4.276984	1.7135293
4490992	11897	4.487716	1.4513386
4490992	11898	4.3192654	1.7300382
4490992	11899	4.344382	1.4496485
4490992	11900	4.607519	1.2063913
4490992	11901	4.552872	1.3600165
4490992	11902	4.366852	1.7082596
4490992	11903	4.161811	2.003606
4490992	11904	4.1589136	2.0269423
4490992	11905	4.4069686	1.991775
4490992	11906	4.592333	1.4778601
4490992	11907	4.5397286	1.5143039
4490992	11908	5.4019766	0.6542045
4490992	11909	5.7037287	0.48783675
4490992	11910	5.232604	0.9880371
4490992	11911	5.129514	0.8903347
4490992	11912	5.201849	0.73869145
4490992	11913	5.3237457	0.6919271
4490992	11914	5.298627	0.69973147
4490992	11915	4.8817716	1.3489668
4490992	11916	5.1432905	0.9028752
4490992	11917	5.1444893	1.0563117
4490992	11918	5.124219	1.0211531
4490992	11919	5.2452903	0.9172373
4490992	11920	5.8802285	0.19836238
4490992	11921	5.7367206	0.43844178
4490992	11922	6.1556416	-0.26756883
4490992	11923	5.7453394	0.14544305
4490992	11924	5.6421924	0.1865544
4490992	11925	5.7011905	0.07053092
4490992	11926	5.6029673	0.18664125
4490992	11927	5.6296425	0.12440452
4490992	11928	5.209508	0.6208664
4490992	11929	5.4160957	0.26013073
4490992	11930	5.8565354	-0.16234434
4490992	11931	5.614032	0.076725334
4490992	11932	6.0271916	-0.3609832
4490992	11933	5.6690564	0.017015725
4490992	11934	5.5817122	0.14237013
4490992	11935	5.7077203	-0.017571777
4490992	11936	5.806567	-0.20979011
4490992	11937	5.47049	0.3065929
4490992	11938	5.5619364	0.18955901
4490992	11939	5.2572665	0.5031215
4490992	11940	5.0936294	0.6225953
4490992	11941	5.128137	0.59279716
4490992	11942	5.620544	-0.049376607
4490992	11943	5.4705505	0.16928717
4490992	11944	5.4687815	-0.14473969
4490992	11945	5.8882966	-0.551418
4490992	11946	5.3996634	-0.15244931
4490992	11947	5.66876	-0.53610027
4490992	11948	5.6291347	-0.4595162
4490992	11949	5.619599	-0.51860934
4490992	11950	5.645485	-0.6055743
4490992	11951	5.64422	-0.64394903
4490992	11952	5.4178085	-0.5383048
4490992	11953	5.403212	-0.45904517
4490992	11954	5.495632	-0.56263727
4490992	11955	5.5565095	-0.67628086
4490992	11956	5.2747574	-0.41945454
4490992	11957	5.4030643	-0.6550617
4490992	11958	5.455956	-0.629377
4490992	11959	5.43957	-0.63450223
4490992	11960	5.483317	-0.7215416
4490992	11961	5.229431	-1.3254211
4490992	11962	4.105401	-1.2158629
4490992	11963	1.4628859	-1.0554217
4490992	11964	3.2274952	-1.3875707
4490992	11965	3.0156155	-1.1364615
4490992	11966	2.288361	0.21520087
4490992	11967	2.3148031	0.21205959
4490992	11968	2.603589	-0.05818227
4490992	11969	2.7010884	-0.18008631
4490992	11970	2.5528712	-0.16528046
4490992	11971	2.805089	-0.3602166
4490992	11972	2.7112842	-0.3237577
4490992	11973	3.4304504	0.4395446
4490992	11974	2.751717	0.6171951
4490992	11975	2.6158	0.7676548
4490992	11976	2.3836727	1.0291964
4490992	11977	2.5860982	0.8390794
4490992	11978	2.595409	0.9046625
4490992	11979	3.0447564	0.57829237
4490992	11980	2.351853	1.0592806
4490992	11981	2.1381345	1.3787172
4490992	11982	1.9977204	1.5682964
4490992	11983	2.9974618	2.3036146
4490992	11984	2.973724	2.185572
4490992	11985	3.6079936	1.2567636
4490992	11986	3.6887345	1.2520323
4490992	11987	3.0891824	0.39127633
4490992	11988	3.297461	0.47094044
4490992	11989	2.369906	1.0981612
4490992	11990	2.177411	1.1419742
4490992	11991	1.3548262	0.89789486
4490992	11992	1.7758216	0.37702528
4490992	11993	3.1624517	0.648389
4490992	11994	2.433148	2.166907
4490992	11995	2.0087218	1.3962015
4490992	11996	2.0916548	1.4240493
4490992	11997	1.8316742	1.745399
4490992	11998	2.156684	1.50967
4490992	11999	2.3886747	1.239191
4490992	12000	2.8953438	1.5420258
4490992	12001	3.1004095	1.4852554
4490992	12002	3.1491818	1.4415097
4490992	12003	1.9559072	0.9115565
4490992	12004	3.0885367	0.2771215
4490992	12005	3.4465165	0.32212672
4490992	12006	3.5041142	0.25279614
4490992	12007	3.5161257	-0.8034271
4490992	12008	3.883278	-1.3091831
4490992	12009	4.710098	-0.280568
4490992	12010	3.8477025	0.7505102
4490992	12011	3.6722627	1.4374007
4490992	12012	3.935049	-0.3981233
4490992	12013	3.8348074	0.022147298
4490992	12014	3.750574	0.12067625
4490992	12015	3.6273818	0.28652057
4490992	12016	3.4386044	0.44503888
4490992	12017	2.0357761	1.3552246
4490992	12018	2.2074823	1.27878
4490992	12019	2.2662945	1.2763088
4490992	12020	3.310203	0.6556095
4490992	12021	2.1751318	1.9216673
4490992	12022	2.0454803	2.4324188
4490992	12023	1.7100183	1.3134278
4490992	12024	2.443912	0.6164515
4490992	12025	2.4655848	0.734879
4490992	12026	2.3205185	1.0061898
4490992	12027	2.559843	0.97458136
4490992	12028	2.4066677	1.2361369
4490992	12029	2.2677412	1.2888584
4490992	12030	2.1000934	1.4556208
4490992	12031	2.944386	1.6368268
4490992	12032	0.9141394	2.393896
4490992	12033	2.0317607	1.4187698
4490992	12034	2.4720898	1.0754023
4490992	12035	2.8488507	0.7171333
4490992	12036	3.4424777	1.5944932
4490992	12037	3.1012292	1.6651783
4490992	12038	3.3004074	-0.43105805
4490992	12039	2.789309	0.26747242
4490992	12040	2.942864	0.09386596
4490992	12041	3.0189867	0.13523796
4490992	12042	3.0328155	0.13502511
4490992	12043	3.537602	-0.23817992
4490992	12044	3.7942696	0.9654099
4490992	12045	3.7486567	1.0711923
4490992	12046	4.0813713	0.7489524
4490992	12047	4.2917676	0.63576555
4490992	12048	4.346834	0.54322493
4490992	12049	4.4129806	0.48914614
4490992	12050	4.0822453	0.75359535
4490992	12051	4.0544353	0.8239124
4490992	12052	4.132053	0.74045086
4490992	12053	4.1369863	0.7185408
4490992	12054	4.183507	0.68543124
4490992	12055	4.1862035	0.69587135
4490992	12056	4.1793575	0.69512105
4490992	12057	4.1737723	0.698925
4490992	12058	4.1705146	0.6955277
4490992	12059	4.1645794	0.7002002
4490992	12060	4.133204	0.69315934
4490992	12061	4.165441	0.6744218
4490992	12062	4.1643314	0.68759525
4490992	12063	4.155481	0.69621
4490992	12064	4.1550193	0.6993431
4490992	12065	4.4070787	-1.0316987
4490992	12066	4.075385	-0.7795753
4490992	12067	3.9046326	-0.70594525
4490992	12068	4.307025	-0.8213513
4490992	12069	4.1270103	-0.87388295
4490992	12070	4.010079	-0.65121096
4490992	12071	4.345388	0.49547508
4490992	12072	4.3771105	0.43549177
4490992	12073	4.4260144	0.2523199
4490992	12074	4.2337384	0.5164348
4490992	12075	4.2798543	0.5114989
4490992	12076	4.27297	0.5581746
4490992	12077	4.309137	0.52494645
4490992	12078	4.329342	0.50303185
4490992	12079	4.332488	0.49918887
4490992	12080	3.6074548	1.16853
4490992	12081	3.609137	-0.5161119
4490992	12082	2.9503336	0.27110025
4490992	12083	3.0573802	0.15969959
4490992	12084	3.0480247	0.17157784
4490992	12085	2.9874153	0.3222696
4490992	12086	3.5227246	1.3075533
4490992	12087	2.5076504	2.2534397
4490992	12088	2.3519273	2.466493
4490992	12089	2.30972	2.4198844
4490992	12090	2.71134	2.0508668
4490992	12091	2.6073513	2.1814764
4490992	12092	2.3526874	2.3954875
4490992	12093	2.2777586	2.471812
4490992	12094	3.5138407	1.2059052
4490992	12095	3.8681684	1.0836056
4490992	12096	3.3394527	1.3514675
4490992	12097	2.614818	1.2183481
4490992	12098	2.9860272	1.5225914
4490992	12099	2.5955787	1.9765043
4490992	12100	2.6727843	2.1236053
4490992	12101	2.645224	0.47125235
4490992	12102	2.0987406	1.110474
4490992	12103	2.1947327	1.0964527
4490992	12104	2.679842	0.46646252
4490992	12105	2.7335305	0.5565088
4490992	12106	2.6869783	0.5093341
4490992	12107	3.5824914	-0.17617044
4490992	12108	3.782125	-0.2295365
4490992	12109	3.7689462	-0.20755917
4490992	12110	3.8663254	-0.33978847
4490992	12111	3.753909	-0.24697398
4490992	12112	3.799327	-0.2783513
4490992	12113	3.7371898	-0.24058986
4490992	12114	3.7018194	-0.18784246
4490992	12115	3.672793	-0.19175586
4490992	12116	3.6682382	-0.16826469
4490992	12117	3.6624408	-0.17945483
4490992	12118	3.6431952	-0.16432264
4490992	12119	3.6315627	-0.14567858
4490992	12120	3.6388645	-0.14843607
4490992	12121	3.6361594	-0.14496705
4490992	12122	3.6360955	-0.14402986
4490992	12123	3.631053	-0.13889012
4490992	12124	3.6301112	-0.13738626
4490992	12125	3.6247373	-0.13302448
4490992	12126	3.624323	-0.13207808
4490992	12127	3.619185	-0.12787503
4490992	12128	3.6188636	-0.12690565
4490992	12129	3.6137667	-0.12267685
4490992	12130	3.613429	-0.121809095
4490992	12131	3.608367	-0.11724782
4490992	12132	3.6079965	-0.11691415
4490992	12133	3.602931	-0.112106204
4490992	12134	3.6026883	-0.11104712
4490992	12135	3.5999498	-0.10838586
4490992	12136	3.5995522	-0.1069521
4490992	12137	3.5939465	-0.10190573
4490992	12138	3.5944772	-0.1038889
4490992	12139	3.5901432	-0.09868583
4490992	12140	3.5902572	-0.09820491
4490992	12141	3.6476312	-0.14362669
4490992	12142	3.6497517	-0.12043741
4490992	12143	3.449316	0.10178056
4490992	12144	3.5844092	-0.080504864
4490992	12145	3.593248	-0.008874744
4490992	12146	3.5415988	-0.013623863
4490992	12147	3.5587525	-0.0005930662
4490992	12148	3.545835	-0.00012502074
4490992	12149	3.5514688	0.0045703053
4490992	12150	3.5459533	0.009921253
4490992	12151	3.5473967	0.012103587
4490992	12152	3.5433936	0.016013801
4490992	12153	3.544509	0.016111255
4490992	12154	3.5416508	0.01795587
4490992	12155	3.5430183	0.017908365
4490992	12156	3.5400953	0.020189255
4490992	12157	3.5412607	0.016851038
4490992	12158	3.5388489	0.019449115
4490992	12159	3.5404654	0.017009974
4490992	12160	3.5395923	0.009902656
4490992	12161	3.5441456	0.006342739
4490992	12162	3.541317	0.014677793
4490992	12163	3.541131	0.013987511
4490992	12164	3.5384855	0.01530236
4490992	12165	3.5397515	0.015548766
4490992	12166	3.536715	0.016645342
4490992	12167	3.5368915	-0.0033679903
4490992	12168	3.5416975	0.011174977
4490992	12169	3.5364738	-0.009521276
4490992	12170	3.5434375	0.007462889
4490992	12171	3.5407505	0.0058108866
4490992	12172	3.5390763	0.009142518
4490992	12173	3.5406108	0.007109523
4490992	12174	3.5390558	0.009322047
4490992	12175	3.5409446	0.010031223
4490992	12176	3.5378795	0.012933046
4490992	12177	3.539145	0.012678057
4490992	12178	3.5362248	0.015464544
4490992	12179	3.537458	0.01458478
4490992	12180	3.5353556	0.017250478
4490992	12181	3.5363693	0.015888691
4490992	12182	3.5327659	0.01935798
4490992	12183	3.5343537	0.019582033
4490992	12184	3.5310683	0.021174073
4490992	12185	3.5324688	0.021553338
4490992	12186	3.5301256	0.023929715
4490992	12187	3.5309258	0.023833483
4490992	12188	3.5273542	0.024236202
4490992	12189	3.5282621	0.024627537
4490992	12190	3.525413	0.026952356
4490992	12191	3.5268078	0.025415123
4490992	12192	3.5249076	0.026625037
4490992	12193	3.5274563	0.025390804
4490992	12194	3.581802	0.025846899
4490992	12195	3.8392706	-0.18680629
4490992	12196	3.9618	-0.24346611
4490992	12197	4.0876217	-0.3814924
4490992	12198	3.8210564	-0.10742146
4490992	12199	3.8701615	-0.11673063
4490992	12200	3.8553224	-0.119050145
4490992	12201	3.8010445	-0.8363006
4490992	12202	3.3495092	0.092583686
4490992	12203	3.8774457	-0.3215471
4490992	12204	3.8341584	-0.2669134
4490992	12205	3.765152	-0.3011443
4490992	12206	3.938137	-0.40062237
4490992	12207	3.7193308	-0.23976128
4490992	12208	3.7794023	-0.28701895
4490992	12209	4.416803	-0.621907
4490992	12210	3.6561852	0.12628677
4490992	12211	4.005764	-0.07253364
4490992	12212	3.6542845	0.10928342
4490992	12213	3.771679	0.042259187
4490992	12214	4.075669	0.40367815
4490992	12215	4.3525743	0.53095746
4490992	12216	2.747116	0.4806961
4490992	12217	2.8224277	0.72137
4490992	12218	2.677318	0.76441836
4490992	12219	2.7798576	0.5862042
4490992	12220	2.9318166	0.45641735
4490992	12221	3.0035887	0.4049782
4490992	12222	2.822723	0.69151783
4490992	12223	3.042406	0.58867884
4490992	12224	3.3194838	0.4395078
4490992	12225	3.0543551	0.49646136
4490992	12226	3.2180276	0.38407394
4490992	12227	3.922865	-0.29164672
4490992	12228	3.7440867	-0.10125366
4490992	12229	3.5622606	0.044393808
4490992	12230	3.3342142	0.31553605
4490992	12231	3.3897247	0.24257848
4490992	12232	3.4993467	0.154564
4490992	12233	3.3385844	0.32535914
4490992	12234	3.4336514	0.24336109
4490992	12235	3.3334098	0.36909422
4490992	12236	3.3129416	0.39413396
4490992	12237	3.365746	0.3706297
4490992	12238	3.5355659	0.21010974
4490992	12239	3.3540115	0.3883244
4490992	12240	3.3465695	0.41603574
4490992	12241	3.5473433	0.2579529
4490992	12242	3.6565857	0.17847863
4490992	12243	3.6333218	0.22712871
4490992	12244	3.60667	0.25339267
4490992	12245	4.4813657	-0.17491385
4490992	12246	4.9969945	-0.16989973
4490992	12247	4.646586	0.32355747
4490992	12248	3.3106108	0.031943053
4490992	12249	3.258689	0.17258218
4490992	12250	3.349977	0.53357446
4490992	12251	4.170264	-0.22494571
4490992	12252	3.136623	0.49496517
4490992	12253	3.5403905	0.30089065
4490992	12254	3.785417	1.4781302
4490992	12255	3.6993465	1.5093395
4490992	12256	3.7444348	1.5670485
4490992	12257	3.2940626	0.10885814
4490992	12258	3.5794148	0.313161
4490992	12259	3.1957955	0.4089611
4490992	12260	2.8902507	0.6741841
4490992	12261	2.7984347	0.8452591
4490992	12262	2.8493967	0.7983037
4490992	12263	2.9829755	0.6237186
4490992	12264	3.0960417	0.567837
4490992	12265	3.0493512	0.60664594
4490992	12266	3.6862483	0.028086752
4490992	12267	4.0382037	-0.16822004
4490992	12268	4.0287986	-0.15329587
4490992	12269	3.8602548	0.004175931
4490992	12270	3.9181066	-0.0828166
4490992	12271	2.8012223	0.90654206
4490992	12272	2.624906	-0.15838951
4490992	12273	3.9644809	0.082044095
4490992	12274	2.857232	0.65532196
4490992	12275	3.2394695	0.36693838
4490992	12276	3.2685032	0.39375272
4490992	12277	3.2402487	0.32264146
4490992	12278	3.4542236	0.14059159
4490992	12279	3.0840654	1.3360224
4490992	12280	2.5057406	0.5571984
4490992	12281	2.5920715	0.8242327
4490992	12282	2.6600294	0.776011
4490992	12283	2.670271	0.81660473
4490992	12284	2.6924343	0.7800243
4490992	12285	2.831295	0.736392
4490992	12286	2.6147704	1.1031523
4490992	12287	2.734857	0.701049
4490992	12288	3.150185	0.37412307
4490992	12289	3.101367	0.5165652
4490992	12290	3.1131325	0.4441096
4490992	12291	3.754085	1.3405037
4490992	12292	4.291296	0.8417437
4490992	12293	3.5323224	1.6940463
4490992	12294	3.4872375	1.6854868
4490992	12295	3.627625	1.699153
4490992	12296	3.6306748	1.6027682
4490992	12297	3.2334895	-0.0010828972
4490992	12298	3.0522676	0.27913353
4490992	12299	2.976334	0.45614234
4490992	12300	2.8105965	0.5987648
4490992	12301	3.0224133	0.36438498
4490992	12302	3.4966989	0.20893893
4490992	12303	3.2863078	0.39368585
4490992	12304	3.4022436	0.09038958
4490992	12305	3.306295	0.29005054
4490992	12306	3.4621954	0.25835738
4490992	12307	3.16077	0.38337442
4490992	12308	3.6651344	-0.18702573
4490992	12309	3.4170837	-0.09336048
4490992	12310	3.451786	0.004510492
4490992	12311	4.005346	0.870311
4490992	12312	3.9695559	1.12722
4490992	12313	4.3918157	0.37797973
4490992	12314	4.5119853	0.73882914
4490992	12315	4.5200124	0.75611913
4490992	12316	3.466083	0.095495135
4490992	12317	3.0766506	0.63819075
4490992	12318	2.7728243	0.6373204
4490992	12319	3.043385	0.53233635
4490992	12320	3.6525111	0.21497473
4490992	12321	3.9447317	-0.10368249
4490992	12322	4.2774897	-0.2791968
4490992	12323	4.7860518	-0.6410592
4490992	12324	4.5168552	-0.39880937
4490992	12325	4.487856	-0.43830603
4490992	12326	4.568468	-0.45459688
4490992	12327	5.323599	-1.0923074
4490992	12328	4.6594825	-0.6808002
4490992	12329	4.2592225	-0.34555295
4490992	12330	4.4853096	-0.49047595
4490992	12331	4.9841437	-0.8865859
4490992	12332	5.4306316	-1.2895886
4490992	12333	4.734112	-0.5690872
4490992	12334	4.9105644	-0.71017516
4490992	12335	5.6817183	-0.23396757
4490992	12336	5.8838315	-0.36551702
4490992	12337	5.4926243	-1.6811734
4490992	12338	5.4845123	-1.2041613
4490992	12339	5.5867114	-1.2929674
4490992	12340	5.7416553	-1.3136138
4490992	12341	5.4095216	-1.0606846
4490992	12342	5.466592	-1.1068827
4490992	12343	5.3017364	-0.07340929
4490992	12344	5.7532253	-0.77402675
4490992	12345	5.6420603	-0.6237496
4490992	12346	5.6982603	-0.8599309
4490992	12347	5.737552	-0.7577808
4490992	12348	5.9846277	-0.9292643
4490992	12349	4.27626	-0.9863796
4490992	12350	3.7577462	-0.56877375
4490992	12351	3.3322377	-0.43914527
4490992	12352	2.462932	0.15409294
4490992	12353	2.936706	1.587816
4490992	12354	3.2456493	1.9515421
4490992	12355	3.8846483	1.6527138
4490992	12356	4.0858393	1.5007572
4490992	12357	4.7899203	0.94092405
4490992	12358	4.8736362	1.0264155
4490992	12359	5.0308447	0.7354188
4490992	12360	4.9259377	0.7062572
4490992	12361	5.2238445	0.45370004
4490992	12362	5.5407124	0.22692475
4490992	12363	5.2033324	0.47725323
4490992	12364	5.473398	0.24816015
4490992	12365	5.074069	0.6122408
4490992	12366	5.4662657	0.22389302
4490992	12367	5.4532986	0.24397925
4490992	12368	5.699434	-0.03555298
4490992	12369	6.457679	-0.9861139
4490992	12370	6.083584	-1.5827087
4490992	12371	5.2840075	-1.8803396
4490992	12372	5.02346	-0.6113316
4490992	12373	5.2546325	-0.7472168
4490992	12374	5.2720885	-0.7473272
4490992	12375	5.0985756	0.13465568
4490992	12376	5.0144877	0.13192508
4490992	12377	5.796453	-0.41804206
4490992	12378	5.40785	0.0707275
4490992	12379	5.8522234	-0.123880655
4490992	12380	6.4290304	-0.72450584
4490992	12381	6.735435	-1.0200055
4490992	12382	6.8960514	-1.1500119
4490992	12383	6.7922916	-1.0507592
4490992	12384	6.5623617	-0.6150579
4490992	12385	6.548302	-0.7446451
4490992	12386	6.6342173	-1.8422569
4490992	12387	6.6039925	-1.6218299
4490992	12388	5.6658998	-1.0287446
4490992	12389	5.413068	-0.827014
4490992	12390	5.5235286	-1.0261798
4490992	12391	5.9520392	-1.2381974
4490992	12392	5.620799	-0.945614
4490992	12393	6.1570554	-1.2484465
4490992	12394	6.2969956	-1.3905782
4490992	12395	5.803291	-0.95877945
4490992	12396	5.5051866	-0.65557104
4490992	12397	4.593953	-0.2282822
4490992	12398	5.0580893	-0.4284996
4490992	12399	5.5222673	-0.79679847
4490992	12400	5.4147735	-0.7403992
4490992	12401	5.3759503	-0.7513819
4490992	12402	4.915904	-0.40543482
4490992	12403	4.9419765	-0.46661428
4490992	12404	4.906222	-0.43506056
4490992	12405	4.924741	-0.52477974
4490992	12406	4.9245787	-0.45347908
4490992	12407	4.7599006	-0.30965668
4490992	12408	4.727422	-0.3660879
4490992	12409	4.5420737	-0.14509848
4490992	12410	4.0362525	0.22121271
4490992	12411	2.6441803	1.37031
4490992	12412	2.384039	1.9483974
4490992	12413	1.9837433	2.673055
4490992	12414	1.849096	2.5447104
4490992	12415	0.78147936	3.2514355
4490992	12416	1.1081111	3.0092938
4490992	12417	1.1253392	2.9560525
4490992	12418	0.9811615	3.483669
4490992	12419	0.8315711	3.6697724
4490992	12420	0.33711076	3.9853442
4490992	12421	0.11168611	4.329181
4490992	12422	0.37424815	3.8110635
4490992	12423	0.097346246	4.1784587
4490992	12424	0.28616923	3.969796
4490992	12425	0.1915397	4.159221
4490992	12426	0.99567103	3.3695815
4490992	12427	1.6721517	2.478922
4490992	12428	1.9941262	2.4175637
4490992	12429	2.8001428	2.6784654
4490992	12430	2.8451667	2.5304255
4490992	12431	3.2690043	2.1658812
4490992	12432	3.2938237	2.2274554
4490992	12433	3.3481612	2.2070594
4490992	12434	3.2507586	2.3185308
4490992	12435	3.3020864	2.134025
4490992	12436	3.1876435	2.3457909
4490992	12437	3.456349	1.9037645
4490992	12438	3.298284	2.3460674
4490992	12439	2.9329553	2.6341133
4490992	12440	2.9095678	2.6204422
4490992	12441	3.334365	2.1044877
4490992	12442	3.9156914	1.9668627
4490992	12443	3.4614735	2.1549618
4490992	12444	3.355847	1.9921005
4490992	12445	3.3788753	2.0730596
4490992	12446	3.2151847	2.1444094
4490992	12447	2.1480484	3.3636885
4490992	12448	2.0895534	3.5346255
4490992	12449	2.3189092	3.2378762
4490992	12450	2.5967827	3.0745451
4490992	12451	2.2143621	3.4656825
4490992	12452	2.202465	3.5020323
4490992	12453	2.2097878	3.3811843
4490992	12454	1.5793444	3.732456
4490992	12455	2.3144488	3.4122758
4490992	12456	1.574416	3.9350393
4490992	12457	1.4532906	4.157054
4490992	12458	1.7469081	3.7886717
4490992	12459	1.7185961	4.141239
4490992	12460	1.4272702	4.3988886
4490992	12461	1.3179386	4.198121
4490992	12462	2.7478762	1.0823028
4490992	12463	2.5778322	1.6530442
4490992	12464	2.934636	2.0839095
4490992	12465	2.9261827	2.288079
4490992	12466	2.5795264	2.6777282
4490992	12467	2.5460691	2.698469
4490992	12468	3.1369581	2.1454444
4490992	12469	3.8649416	1.6595502
4490992	12470	3.2691212	2.1600785
4490992	12471	3.1199484	2.5089176
4490992	12472	3.6166124	0.3637654
4490992	12473	2.8863506	0.84525776
4490992	12474	3.1872091	0.71033645
4490992	12475	3.2424111	0.7149925
4490992	12476	3.2696114	0.6210866
4490992	12477	3.3369355	0.55794895
4490992	12478	4.204099	1.1725975
4490992	12479	2.9067688	2.3187416
4490992	12480	2.327477	2.919741
4490992	12481	2.5078235	2.860091
4490992	12482	2.4952707	3.0898592
4490992	12483	2.2781591	3.2162147
4490992	12484	2.5202584	2.700355
4490992	12485	1.5261315	3.8222435
4490992	12486	2.7662282	2.4474833
4490992	12487	2.8910484	2.5181184
4490992	12488	2.8237748	2.3953497
4490992	12489	2.727714	2.6463034
4490992	12490	2.6596203	2.7428408
4490992	12491	2.4579287	2.9522054
4490992	12492	2.388434	3.1003873
4490992	12493	2.2217946	3.2252839
4490992	12494	2.2043343	3.3771522
4490992	12495	2.57408	2.8841596
4490992	12496	2.2346516	3.4062088
4490992	12497	2.413618	3.289304
4490992	12498	2.6091542	3.112344
4490992	12499	2.7247925	3.0748127
4490992	12500	2.7068787	2.9279368
4490992	12501	2.7831988	3.0564806
4490992	12502	2.8800983	2.9202278
4490992	12503	2.9967446	2.7995234
4490992	12504	3.7056985	2.1369226
4490992	12505	4.1476946	1.5872278
4490992	12506	4.164973	1.4995768
4490992	12507	4.316151	1.2356807
4490992	12508	4.355199	1.2812032
4490992	12509	4.1733303	1.3689777
4490992	12510	4.13108	1.3908731
4490992	12511	4.2363133	1.2913164
4490992	12512	3.6985717	0.02549699
4490992	12513	4.065759	-0.061104
4490992	12514	3.6792226	0.15671656
4490992	12515	4.128155	-0.16721031
4490992	12516	3.8191304	-0.07322654
4490992	12517	3.997665	-0.1669155
4490992	12518	3.9177766	0.0147509575
4490992	12519	3.9761472	-0.15087664
4490992	12520	4.054413	-0.22395688
4490992	12521	2.7437892	-0.50460595
4490992	12522	3.5413733	0.5048034
4490992	12523	3.2434292	0.820685
4490992	12524	3.47371	0.73600054
4490992	12525	3.1329322	0.8555473
4490992	12526	3.2055492	0.8946111
4490992	12527	3.1519856	0.8860551
4490992	12528	2.576778	1.3059844
4490992	12529	3.4614491	0.78360426
4490992	12530	4.3673306	0.15041521
4490992	12531	4.224339	0.07247183
4490992	12532	3.299533	0.6631448
4490992	12533	3.0968213	0.9102367
4490992	12534	3.332327	0.63617766
4490992	12535	3.120131	-0.4195972
4490992	12536	3.2002206	-0.46413916
4490992	12537	3.7465386	0.24517378
4490992	12538	2.9426079	0.751789
4490992	12539	1.7100941	0.5183188
4490992	12540	3.2891269	0.3351862
4490992	12541	2.9557304	0.81386364
4490992	12542	2.8619847	0.9115993
4490992	12543	2.8757253	0.93620074
4490992	12544	2.708342	1.0570656
4490992	12545	3.1013174	1.8487492
4490992	12546	3.4139886	1.852823
4490992	12547	3.7018065	1.8906786
4490992	12548	2.601945	0.6431539
4490992	12549	4.0134172	1.083101
4490992	12550	3.9793248	1.5658662
4490992	12551	2.073721	1.2275835
4490992	12552	2.0533166	1.3465935
4490992	12553	3.0469322	1.6541348
4490992	12554	3.1072912	1.8000553
4490992	12555	3.4274907	1.600539
4490992	12556	3.3224711	1.6003437
4490992	12557	3.739036	1.1502652
4490992	12558	4.0588694	0.79376245
4490992	12559	3.3495765	1.2835811
4490992	12560	2.6699367	2.0151176
4490992	12561	2.4054856	2.3219552
4490992	12562	2.8637867	1.9599264
4490992	12563	3.189168	1.6586661
4490992	12564	2.4670987	2.241611
4490992	12565	2.820218	2.0394163
4490992	12566	2.822475	2.0446544
4490992	12567	2.5099769	2.2965071
4490992	12568	2.4634705	2.4373631
4490992	12569	2.4712253	2.5532131
4490992	12570	2.2565494	2.8235724
4490992	12571	2.3519602	2.7564933
4490992	12572	2.550696	2.56563
4490992	12573	2.6049142	2.4571881
4490992	12574	2.9904895	2.2149546
4490992	12575	3.2809253	1.8272178
4490992	12576	2.6266246	2.2972717
4490992	12577	2.4175587	2.720176
4490992	12578	2.5575132	2.5364988
4490992	12579	2.496388	2.5695386
4490992	12580	2.5222254	2.6727946
4490992	12581	2.4319596	2.821178
4490992	12582	2.2749643	2.919327
4490992	12583	2.4027748	2.9049094
4490992	12584	2.9558787	2.4218583
4490992	12585	2.7394571	2.5425694
4490992	12586	2.433031	2.8702624
4490992	12587	2.615377	2.5250728
4490992	12588	0.76546717	1.7230487
4490992	12589	1.1766993	1.0689487
4490992	12590	1.2772104	1.2913152
4490992	12591	1.9998301	1.9695511
4490992	12592	1.6306025	2.323625
4490992	12593	1.485712	2.292804
4490992	12594	1.8085014	1.6758294
4490992	12595	1.751079	1.7822149
4490992	12596	1.7632366	1.7341828
4490992	12597	1.8873106	1.5118067
4490992	12598	1.8066765	1.6281712
4490992	12599	1.6542639	1.7140367
4490992	12600	1.7502214	1.4159855
4490992	12601	2.2886496	0.67857933
4490992	12602	2.5281096	0.6254538
4490992	12603	2.588481	0.55989504
4490992	12604	2.2257361	1.0324109
4490992	12605	2.282146	0.9536896
4490992	12606	2.241705	1.0330191
4490992	12607	2.8129911	0.494087
4490992	12608	2.73973	0.69499147
4490992	12609	3.0974717	0.32291427
4490992	12610	3.0988808	0.44360098
4490992	12611	2.387444	1.0125796
4490992	12612	2.0918198	0.34076795
4490992	12613	1.8643063	0.5133674
4490992	12614	1.6836537	0.6275846
4490992	12615	2.9216132	0.62565815
4490992	12616	2.5400763	1.9800436
4490992	12617	3.5425463	1.1846333
4490992	12618	2.0800056	1.2277467
4490992	12619	2.0231209	1.5398474
4490992	12620	2.3100963	1.2321721
4490992	12621	2.3648505	2.2678232
4490992	12622	2.5570931	2.137465
4490992	12623	2.7175994	0.098641664
4490992	12624	2.8533134	0.37599877
4490992	12625	2.3049831	1.01184
4490992	12626	2.2360368	1.084955
4490992	12627	2.162765	1.2768637
4490992	12628	2.013638	1.409275
4490992	12629	2.2685523	1.0401871
4490992	12630	2.463745	0.92569876
4490992	12631	2.5666952	0.87340546
4490992	12632	2.5219698	0.91868615
4490992	12633	2.501114	0.8956815
4490992	12634	2.3721561	1.1000712
4490992	12635	2.4578538	0.99496007
4490992	12636	2.4559302	1.0351895
4490992	12637	2.3985147	1.0805048
4490992	12638	2.34613	1.141958
4490992	12639	2.3789444	1.1119652
4490992	12640	2.9187727	-0.28912154
4490992	12641	2.6365485	-0.054530412
4490992	12642	2.5789208	-0.18185806
4490992	12643	2.3992128	0.8338771
4490992	12644	2.4360285	0.8220887
4490992	12645	3.237749	0.14909962
4490992	12646	3.8131008	0.9596065
4490992	12647	3.243904	1.4883006
4490992	12648	3.481131	1.3788778
4490992	12649	3.2050357	1.5791509
4490992	12650	3.5217543	1.3271612
4490992	12651	3.8299909	1.169153
4490992	12652	3.6163893	1.3408276
4490992	12653	3.4166355	1.5070338
4490992	12654	3.100789	1.872195
4490992	12655	3.0627708	1.9709065
4490992	12656	3.767363	1.588804
4490992	12657	4.0002875	1.4181619
4490992	12658	3.4670672	1.9929752
4490992	12659	3.968668	1.2408626
4490992	12660	3.908513	1.3244748
4490992	12661	3.725553	1.6098409
4490992	12662	3.8433075	1.4907532
4490992	12663	3.4481673	1.9004583
4490992	12664	3.4085455	1.7187846
4490992	12665	3.2995028	2.0683692
4490992	12666	3.1954064	2.166563
4490992	12667	3.0866508	2.3554711
4490992	12668	2.8657784	2.5831525
4490992	12669	2.83008	2.6422763
4490992	12670	2.9891467	2.4848697
4490992	12671	2.8381371	2.6677756
4490992	12672	2.7708697	2.5067174
4490992	12673	2.675211	0.89936566
4490992	12674	3.7572694	1.2414732
4490992	12675	3.0242672	1.8496666
4490992	12676	2.5483232	2.3840034
4490992	12677	2.3853903	2.7660892
4490992	12678	2.4992547	2.6747742
4490992	12679	2.9557528	2.2533894
4490992	12680	2.6216755	2.5913393
4490992	12681	2.3705525	2.6868904
4490992	12682	2.082789	2.960543
4490992	12683	2.3859348	2.5351555
4490992	12684	2.3622618	2.6213396
4490992	12685	1.9827708	1.3953793
4490992	12686	2.0050797	1.408593
4490992	12687	1.2174977	2.7463622
4490992	12688	0.5923872	3.421529
4490992	12689	1.939592	3.2409918
4490992	12690	0.17058355	3.3732347
4490992	12691	2.4500613	2.2050736
4490992	12692	0.2697631	3.2491856
4490992	12693	2.6336884	1.8985252
4490992	12694	0.32407302	3.0384111
4490992	12695	2.7047925	1.7628639
4490992	12696	0.34724206	2.9566317
4490992	12697	2.7427998	1.7122033
4490992	12698	0.35870457	2.8526514
4490992	12699	0.8405391	2.6817205
4490992	12700	0.9403124	2.5920906
4490992	12701	2.67764	2.0088947
4490992	12702	2.3389335	2.2685623
4490992	12703	0.52915525	2.8186684
4490992	12704	0.7456808	2.7390325
4490992	12705	2.7795563	1.8678975
4490992	12706	2.411418	2.1887014
4490992	12707	0.54782724	2.776455
4490992	12708	0.67500675	2.7852948
4490992	12709	2.6780376	1.9988987
4490992	12710	2.3376746	2.1905415
4490992	12711	0.5211867	2.7941825
4490992	12712	0.6305376	2.7888696
4490992	12713	2.642558	2.0012789
4490992	12714	2.4344969	2.0850685
4490992	12715	0.6542598	2.671794
4490992	12716	0.7638564	2.6571283
4490992	12717	2.787232	1.9307559
4490992	12718	2.4300337	2.1555076
4490992	12719	0.60696423	2.685563
4490992	12720	0.7365823	2.6923745
4490992	12721	2.764954	1.9530694
4490992	12722	2.402852	2.163529
4490992	12723	0.58041763	2.7117467
4490992	12724	0.67454815	2.7175539
4490992	12725	2.7297578	1.9628174
4490992	12726	2.3624258	2.1703193
4490992	12727	0.5507647	2.7224627
4490992	12728	0.5452982	2.827879
4490992	12729	2.6133494	2.0256538
4490992	12730	2.2420883	2.2007532
4490992	12731	0.43912607	2.800806
4490992	12732	0.5571418	2.8236258
4490992	12733	2.5865688	2.0321465
4490992	12734	2.2227526	2.208675
4490992	12735	0.43240732	2.8202918
4490992	12736	0.5206938	2.8381367
4490992	12737	2.5487204	2.0494518
4490992	12738	2.1868687	2.220384
4490992	12739	0.4033696	2.8292868
4490992	12740	0.5231737	2.8426707
4490992	12741	2.5457406	2.0492668
4490992	12742	2.1821833	2.2342079
4490992	12743	0.3996241	2.8482199
4490992	12744	0.48599297	2.8658965
4490992	12745	2.5149374	2.0615284
4490992	12746	2.1553793	2.2175736
4490992	12747	0.38563538	2.843408
4490992	12748	0.47562164	2.8716438
4490992	12749	2.5340557	2.0298448
4490992	12750	2.1829867	2.1699495
4490992	12751	0.42636138	2.8393779
4490992	12752	0.47118646	2.8189185
4490992	12753	2.5074244	2.0208242
4490992	12754	2.3016715	2.0846808
4490992	12755	0.5757798	2.6937637
4490992	12756	0.7012993	2.6490705
4490992	12757	2.739996	1.9133952
4490992	12758	0.4196316	2.8044658
4490992	12759	2.741527	1.7067766
4490992	12760	2.3688884	1.9743209
4490992	12761	0.5000936	2.7310565
4490992	12762	0.5385722	2.807595
4490992	12763	0.76646066	2.7071292
4490992	12764	0.77795184	2.778444
4490992	12765	2.6111941	2.110574
4490992	12766	2.2504487	2.3185196
4490992	12767	2.2710495	2.2479222
4490992	12768	2.1432505	2.3432667
4490992	12769	2.1076112	2.380927
4490992	12770	2.073969	2.3933547
4490992	12771	2.0557613	2.4094977
4490992	12772	2.049779	2.4490921
4490992	12773	2.133892	2.2108505
4490992	12774	2.591332	1.6667469
4490992	12775	2.7215862	1.6590552
4490992	12776	2.930253	1.5368981
4490992	12777	3.0435567	1.4524254
4490992	12778	3.0807576	1.3455831
4490992	12779	3.0548782	1.5389444
4490992	12780	2.9379854	1.648377
4490992	12781	2.895815	1.6724868
4490992	12782	2.8836088	1.6980925
4490992	12783	3.0735888	1.5370735
4490992	12784	3.1110835	1.408166
4490992	12785	2.0843778	0.6759361
4490992	12786	2.1382418	0.053916186
4490992	12787	1.9338776	0.39129266
4490992	12788	1.8343276	0.32987353
4490992	12789	2.8864627	0.23809776
4490992	12790	2.2529383	0.91312516
4490992	12791	1.5607928	1.5860376
4490992	12792	1.3740661	1.8150082
4490992	12793	1.2442346	1.9510779
4490992	12794	2.0594072	1.1081645
4490992	12795	1.9680685	1.4260764
4490992	12796	0.9333086	2.3741446
4490992	12797	0.9093083	2.2296002
4490992	12798	0.7560673	2.474261
4490992	12799	0.67455685	2.5145073
4490992	12800	0.8899926	2.2108777
4490992	12801	1.1125025	2.0257628
4490992	12802	0.8311831	2.3671322
4490992	12803	2.3527613	2.5413332
4490992	12804	1.8595005	2.5289655
4490992	12805	1.803068	2.6640368
4490992	12806	1.8795835	2.5509958
4490992	12807	1.9611043	2.3357544
4490992	12808	2.029026	2.343467
4490992	12809	2.082994	2.2620003
4490992	12810	2.0393577	2.255502
4490992	12811	1.9022883	2.5407994
4490992	12812	1.9022621	2.525697
4490992	12813	1.874533	2.627376
4490992	12814	1.7052647	2.9839869
4490992	12815	1.5032703	2.983623
4490992	12816	1.5763108	2.8397484
4490992	12817	1.656175	2.7999425
4490992	12818	1.8332461	2.6143014
4490992	12819	1.979849	2.3896353
4490992	12820	2.042367	2.4982066
4490992	12821	2.1537971	2.2769864
4490992	12822	2.298967	2.1963773
4490992	12823	2.2797923	2.2566075
4490992	12824	2.4683084	2.1472764
4490992	12825	2.6933074	1.8398831
4490992	12826	2.7391915	1.8432689
4490992	12827	2.6720905	1.8937526
4490992	12828	2.6127715	1.9488153
4490992	12829	2.576789	1.9888997
4490992	12830	2.4654813	2.0831704
4490992	12831	2.4697208	2.0963166
4490992	12832	2.240821	2.372118
4490992	12833	2.010693	2.5461721
4490992	12834	2.045936	2.413041
4490992	12835	1.8743163	2.7010367
4490992	12836	1.7918829	2.6427257
4490992	12837	1.655877	2.7149904
4490992	12838	1.7358581	2.742964
4490992	12839	1.6609484	2.7207947
4490992	12840	1.8067089	2.643597
4490992	12841	1.1562455	0.35599324
4490992	12842	0.7593733	-1.4052669
4490992	12843	0.77363765	-0.51104164
4490992	12844	0.43520546	-0.42146876
4490992	12845	0.19227928	-0.36062843
4490992	12846	0.4391873	-0.3255065
4490992	12847	0.6641246	-0.45440605
4490992	12848	0.67288387	-0.48171535
4490992	12849	0.7015743	-0.5043397
4490992	12850	0.6742761	-0.54912347
4490992	12851	0.85919917	0.24165013
4490992	12852	0.40740007	0.5190853
4490992	12853	1.0564636	0.87835574
4490992	12854	0.89328706	1.041259
4490992	12855	0.75425434	1.167363
4490992	12856	1.0180167	0.91018975
4490992	12857	0.7892134	0.9766506
4490992	12858	0.6021613	1.1201798
4490992	12859	0.68294	0.8831389
4490992	12860	0.5823556	0.9585099
4490992	12861	0.7379929	0.8734325
4490992	12862	0.7147318	0.8887204
4490992	12863	0.67076325	0.95888853
4490992	12864	0.7018671	0.92886233
4490992	12865	0.45952874	1.1105129
4490992	12866	0.32135963	1.3655429
4490992	12867	0.720435	0.91152465
4490992	12868	0.34203446	1.4065624
4490992	12869	0.32938427	1.4663421
4490992	12870	0.8303087	2.9587474
4490992	12871	1.5560731	1.929579
4490992	12872	1.4459795	2.2605908
4490992	12873	1.6013826	2.4325576
4490992	12874	1.3604416	2.855969
4490992	12875	1.0842967	2.8626983
4490992	12876	1.2046508	2.9364629
4490992	12877	0.9278213	3.14356
4490992	12878	0.99213314	3.1964765
4490992	12879	2.820198	1.4598371
4490992	12880	3.187366	1.6004035
4490992	12881	3.9772954	1.5081364
4490992	12882	3.9197931	1.6744237
4490992	12883	3.91578	1.6573396
4490992	12884	3.9552016	1.637706
4490992	12885	4.2972436	1.2710059
4490992	12886	4.320642	1.2946482
4490992	12887	3.9353585	1.4950496
4490992	12888	4.0682096	1.468658
4490992	12889	3.7539353	1.6734931
4490992	12890	4.70487	-1.3538792
4490992	12891	4.5032883	-0.9942136
4490992	12892	4.217919	-0.71525216
4490992	12893	4.203442	-0.70966434
4490992	12894	4.6682796	0.53974926
4490992	12895	4.0007205	1.2047248
4490992	12896	3.7891498	1.6278222
4490992	12897	3.7649288	1.8091469
4490992	12898	3.8136168	1.8647223
4490992	12899	3.8218455	1.9488037
4490992	12900	3.721181	2.0733898
4490992	12901	3.7500591	2.090436
4490992	12902	3.7142882	2.2080517
4490992	12903	3.6676874	2.3191116
4490992	12904	3.6348057	2.332877
4490992	12905	3.6452608	2.331093
4490992	12906	3.5546985	2.5299053
4490992	12907	3.538763	2.471346
4490992	12908	3.389678	2.5684514
4490992	12909	3.5958695	2.5283694
4490992	12910	3.6258316	2.6493542
4490992	12911	3.713469	2.5247376
4490992	12912	4.1192393	1.8619986
4490992	12913	4.2096143	1.837095
4490992	12914	4.791535	1.4414672
4490992	12915	4.815377	1.4393029
4490992	12916	5.1769166	0.858284
4490992	12917	5.7399087	0.34840694
4490992	12918	5.789173	0.3889661
4490992	12919	5.8814635	0.1938636
4490992	12920	5.6975117	0.54018307
4490992	12921	5.593697	0.64307415
4490992	12922	5.574353	0.8459183
4490992	12923	5.9996715	-1.7442533
4490992	12924	6.1835604	-0.59620893
4490992	12925	6.0932403	-0.40723807
4490992	12926	6.1207676	-0.15545398
4490992	12927	6.1263304	-0.18141448
4490992	12928	6.1451907	-0.15664113
4490992	12929	5.921191	-0.08375174
4490992	12930	5.894217	-0.037797928
4490992	12931	5.7042804	0.056808025
4490992	12932	5.617547	0.1382586
4490992	12933	5.2554803	0.5672828
4490992	12934	5.2472844	0.5564699
4490992	12935	4.6540837	1.1856774
4490992	12936	4.5386057	1.1190566
4490992	12937	4.68252	1.1542372
4490992	12938	4.4304	1.2209262
4490992	12939	4.4658294	1.1836793
4490992	12940	4.4297256	1.2894927
4490992	12941	4.376282	1.4470587
4490992	12942	4.318902	1.5584357
4490992	12943	4.2411447	1.5441256
4490992	12944	4.15255	1.5948896
4490992	12945	4.0776753	1.7028227
4490992	12946	3.7862215	2.0230086
4490992	12947	3.7919335	2.1016126
4490992	12948	3.8176608	2.27096
4490992	12949	3.3117151	3.0448968
4490992	12950	3.4638205	0.45597062
4490992	12951	3.7661748	0.37808797
4490992	12952	3.5873876	0.538571
4490992	12953	3.7576838	0.44427076
4490992	12954	3.4297843	0.69831896
4490992	12955	3.5024614	0.5316187
4490992	12956	4.1705675	1.0637113
4490992	12957	4.473243	0.5928297
4490992	12958	4.536307	0.56258094
4490992	12959	4.1684628	1.1104524
4490992	12960	4.116347	1.014991
4490992	12961	4.384453	0.8570397
4490992	12962	4.240209	0.98523176
4490992	12963	3.5666046	1.5917265
4490992	12964	3.321691	2.1228373
4490992	12965	3.1409245	2.352915
4490992	12966	3.2414389	2.2088366
4490992	12967	3.2640853	2.130165
4490992	12968	3.099802	2.3776083
4490992	12969	2.927084	2.5799146
4490992	12970	3.0322442	2.3770735
4490992	12971	3.2558985	2.1693628
4490992	12972	3.210534	2.2146177
4490992	12973	3.0636253	2.249192
4490992	12974	3.07871	2.2673235
4490992	12975	3.0569854	2.3445525
4490992	12976	3.020759	2.420545
4490992	12977	3.1152468	2.1995544
4490992	12978	2.964366	2.3197486
4490992	12979	2.4599133	2.8233933
4490992	12980	2.4525375	2.8575933
4490992	12981	2.6388984	2.674782
4490992	12982	2.9794502	2.4541478
4490992	12983	2.924006	2.5658786
4490992	12984	2.72372	2.7325883
4490992	12985	2.5900078	2.6481917
4490992	12986	2.675747	2.5085723
4490992	12987	3.0849051	1.8653786
4490992	12988	2.758102	2.2508583
4490992	12989	2.7351131	2.3827982
4490992	12990	2.7243986	2.4648917
4490992	12991	2.8625145	2.3417807
4490992	12992	2.8910723	2.3956766
4490992	12993	3.0493617	2.216524
4490992	12994	3.2377076	2.0896494
4490992	12995	3.1655765	1.0279617
4490992	12996	3.8191905	1.2799754
4490992	12997	3.5115495	1.7080147
4490992	12998	4.7844415	0.74656904
4490992	12999	4.9823823	0.5892372
4490992	13000	5.276552	0.39489022
4490992	13001	5.266949	0.4624692
4490992	13002	5.350515	0.43548957
4490992	13003	5.247549	0.5360137
4490992	13004	5.184696	0.65744126
4490992	13005	5.5436597	0.28982005
4490992	13006	5.4264755	0.45873246
4490992	13007	5.3402247	0.57559
4490992	13008	5.71391	0.34391388
4490992	13009	5.6556954	0.6034297
4490992	13010	5.535747	0.73439336
4490992	13011	5.5359607	0.73815036
4490992	13012	5.72036	0.44470748
4490992	13013	5.242327	0.9895644
4490992	13014	5.3481855	1.0355793
4490992	13015	5.4070234	0.9312421
4490992	13016	4.6266556	1.8034999
4490992	13017	5.014571	1.1690704
4490992	13018	4.7322555	1.5106964
4490992	13019	4.8541045	1.4113739
4490992	13020	4.9242396	1.5748043
4490992	13021	4.7643423	1.8025761
4490992	13022	4.72438	1.926147
4490992	13023	4.65826	2.0298846
4490992	13024	4.643391	2.0594556
4490992	13025	4.9034452	1.783256
4490992	13026	4.8272667	1.8357804
4490992	13027	4.5079207	2.3985045
4490992	13028	4.5923543	2.3167136
4490992	13029	4.5257773	2.3259926
4490992	13030	4.693061	2.167884
4490992	13031	4.6843085	2.1977515
4490992	13032	5.0976863	1.6392653
4490992	13033	5.278566	1.4954195
4490992	13034	4.856272	2.0652404
4490992	13035	4.8788457	2.0105348
4490992	13036	4.9184637	2.0089002
4490992	13037	4.817743	2.124926
4490992	13038	5.0691347	1.7987664
4490992	13039	4.9768634	1.7957096
4490992	13040	5.2114377	1.5704527
4490992	13041	5.2071285	1.7125409
4490992	13042	5.3910193	1.3116363
4490992	13043	5.4670305	1.305864
4490992	13044	5.3439593	1.4652649
4490992	13045	5.1001005	1.7823067
4490992	13046	4.8891726	2.000011
4490992	13047	4.7877073	1.9668305
4490992	13048	4.6631165	2.0984743
4490992	13049	4.5890555	2.2614248
4490992	13050	4.7326636	2.0766742
4490992	13051	4.7784142	1.8548782
4490992	13052	4.2924027	2.2649543
4490992	13053	3.511211	3.0310524
4490992	13054	3.4463253	3.256005
4490992	13055	4.4712796	2.0505974
4490992	13056	4.1543736	2.5338445
4490992	13057	4.4186893	2.3685663
4490992	13058	4.7547965	1.9776354
4490992	13059	4.537125	1.9665546
4490992	13060	4.435389	2.015123
4490992	13061	4.774533	1.8282483
4490992	13062	4.807462	1.713053
4490992	13063	4.663127	1.9826121
4490992	13064	5.300584	1.0949583
4490992	13065	5.2040596	1.1024379
4490992	13066	4.491089	0.9814025
4490992	13067	5.480866	0.5387031
4490992	13068	5.2388387	0.9468466
4490992	13069	5.309578	0.7982441
4490992	13070	4.5615096	1.8836241
4490992	13071	3.9307814	2.4686182
4490992	13072	3.8136683	2.6746447
4490992	13073	3.7366657	2.7279963
4490992	13074	3.7702255	2.7131119
4490992	13075	3.6329184	2.8517659
4490992	13076	4.1673903	2.4578815
4490992	13077	3.8959293	2.625299
4490992	13078	4.5427823	2.0205534
4490992	13079	4.367305	2.223767
4490992	13080	5.251447	1.4004353
4490992	13081	5.637887	1.2355244
4490992	13082	5.2016487	1.8174987
4490992	13083	5.2241917	1.6121063
4490992	13084	4.7322955	2.0151408
4490992	13085	4.649666	1.9035585
4490992	13086	5.0792236	1.6223981
4490992	13087	4.8245654	1.8446991
4490992	13088	4.4817085	2.1913018
4490992	13089	4.426757	2.0985296
4490992	13090	4.6705427	1.9613662
4490992	13091	4.873034	1.8415992
4490992	13092	4.971286	1.8175712
4490992	13093	4.6414747	2.1292489
4490992	13094	4.5596943	2.110068
4490992	13095	4.6451964	1.9504507
4490992	13096	4.8116226	1.9911418
4490992	13097	4.814215	1.9100659
4490992	13098	4.225189	2.4945645
4490992	13099	3.4973636	2.8062775
4490992	13100	3.1004152	0.9354664
4490992	13101	3.850862	0.691803
4490992	13102	3.5289292	0.7702218
4490992	13103	4.6800804	0.9858571
4490992	13104	4.0745254	1.6011336
4490992	13105	3.8535266	1.7757845
4490992	13106	3.7440758	1.919518
4490992	13107	2.3324537	1.7732837
4490992	13108	2.5957227	1.3011153
4490992	13109	2.4365416	1.6538115
4490992	13110	2.3831859	1.7427163
4490992	13111	2.2913218	1.8565469
4490992	13112	2.2052007	1.881551
4490992	13113	2.4837008	2.120588
4490992	13114	2.739163	1.4918697
4490992	13115	2.684441	1.7035902
4490992	13116	2.886335	1.9225671
4490992	13117	2.5097365	1.6927044
4490992	13118	2.320314	1.8996925
4490992	13119	2.45897	1.7680211
4490992	13120	1.9030269	2.3359518
4490992	13121	2.7759576	2.531052
4490992	13122	2.7682729	2.707308
4490992	13123	2.728889	2.6926875
4490992	13124	2.6801834	2.7132857
4490992	13125	2.6366582	2.7491908
4490992	13126	2.9564362	2.505906
4490992	13127	2.4679737	3.017466
4490992	13128	2.4299192	2.9881124
4490992	13129	2.3984628	2.9833782
4490992	13130	3.0907574	2.5265539
4490992	13131	3.050395	2.3857565
4490992	13132	3.1341095	2.39139
4490992	13133	3.2454548	2.565887
4490992	13134	3.1661973	2.5849197
4490992	13135	3.0222287	2.727037
4490992	13136	2.8370094	2.894567
4490992	13137	2.784974	2.7075195
4490992	13138	2.8226275	2.9030352
4490992	13139	2.85812	2.7151086
4490992	13140	2.9594045	2.8597999
4490992	13141	2.476058	1.358305
4490992	13142	1.8893377	2.1037903
4490992	13143	1.3157804	2.419375
4490992	13144	1.8672198	1.580029
4490992	13145	2.3679585	1.4042823
4490992	13146	2.4500532	1.3527483
4490992	13147	1.8959643	2.1133711
4490992	13148	0.9692774	3.1711516
4490992	13149	1.2269098	2.8877447
4490992	13150	1.8419822	1.9002762
4490992	13151	2.8395352	1.0532001
4490992	13152	2.9105806	1.1906132
4490992	13153	3.081387	1.0968603
4490992	13154	3.0081525	1.0476832
4490992	13155	2.798162	1.3234543
4490992	13156	2.8919535	1.464012
4490992	13157	2.8485594	1.5731635
4490992	13158	2.7049112	1.2924982
4490992	13159	2.3534193	1.5542252
4490992	13160	2.355743	1.6823037
4490992	13161	2.2011876	1.653337
4490992	13162	2.1606264	1.6413889
4490992	13163	1.818817	1.5230123
4490992	13164	2.219925	2.0259662
4490992	13165	2.1686277	2.336029
4490992	13166	2.2951446	2.3664596
4490992	13167	2.8974104	2.180401
4490992	13168	2.206461	2.4212458
4490992	13169	2.0847988	2.7960072
4490992	13170	2.2802773	2.6217716
4490992	13171	2.327888	2.5929651
4490992	13172	1.9962991	2.9218116
4490992	13173	1.9141322	3.0272171
4490992	13174	2.0033312	3.0696049
4490992	13175	2.1453028	2.9271345
4490992	13176	2.0115047	3.4323728
4490992	13177	1.689705	3.8135011
4490992	13178	1.3760482	3.8501313
4490992	13179	1.7396322	3.4021206
4490992	13180	1.5728384	3.7044957
4490992	13181	1.3311504	3.9646232
4490992	13182	1.1479051	4.042854
4490992	13183	0.9928335	4.369186
4490992	13184	0.7412751	4.490619
4490992	13185	0.7344271	4.5468674
4490992	13186	0.6418475	4.6653204
4490992	13187	0.6914489	4.7485294
4490992	13188	0.46520203	4.9716196
4490992	13189	0.79684746	4.545734
4490992	13190	0.3938918	5.0545235
4490992	13191	0.35990107	5.2805243
4490992	13192	0.43266916	5.055387
4490992	13193	0.44026476	5.1864944
4490992	13194	0.33064026	5.298146
4490992	13195	0.22947717	5.3892045
4490992	13196	0.61119115	4.949848
4490992	13197	0.75988436	5.210662
4490992	13198	0.34088242	5.2997394
4490992	13199	0.34220052	5.4047685
4490992	13200	0.22085965	5.400932
4490992	13201	0.3205551	5.349148
4490992	13202	0.38338715	5.365113
4490992	13203	-1.5874178	3.5052788
4490992	13204	-2.18718	3.3375187
4490992	13205	-1.8904946	4.57392
4490992	13206	-1.679963	4.50716
4490992	13207	-1.1292783	2.8629904
4490992	13208	-1.3031834	2.9543178
4490992	13209	-1.2826598	3.0609794
4490992	13210	-1.4078021	3.3731322
4490992	13211	-1.4409994	3.5075974
4490992	13212	-1.4672954	3.5802834
4490992	13213	-1.6022561	3.691099
4490992	13214	-1.5478674	4.488048
4490992	13215	-1.5550685	4.2655435
4490992	13216	-2.0401912	4.427546
4490992	13217	-1.980069	5.193393
4490992	13218	-1.8403836	4.5827284
4490992	13219	-1.9351641	4.7510347
4490992	13220	-1.3835864	4.3336415
4490992	13221	-1.4794825	4.5037985
4490992	13222	-1.8360339	3.5073025
4490992	13223	-1.2511737	2.6514394
4490992	13224	-1.3957356	3.0087676
4490992	13225	-1.8482714	4.0487757
4490992	13226	-1.748157	4.2532167
4490992	13227	-1.2773435	3.3297527
4490992	13228	-1.1423023	3.1877248
4490992	13229	-1.2000406	3.5262525
4490992	13230	-1.1611204	3.3633015
4490992	13231	-1.2657008	3.465898
4490992	13232	-1.2004629	3.3859994
4490992	13233	-1.1988188	4.2836075
4490992	13234	-1.2015162	4.209565
4490992	13235	-1.2901798	4.2290425
4490992	13236	-1.3490837	4.1327553
4490992	13237	-1.4686629	4.3270216
4490992	13238	-1.3993094	4.5579815
4490992	13239	-1.4222391	4.504866
4490992	13240	-1.3952082	4.510307
4490992	13241	-1.3188298	4.6521544
4490992	13242	-1.2594379	4.5056963
4490992	13243	-1.3441318	4.672464
4490992	13244	-1.3369215	4.6734524
4490992	13245	-1.341496	4.670012
4490992	13246	-1.3075507	4.62238
4490992	13247	-1.1480412	4.17722
4490992	13248	-0.93555677	3.846781
4490992	13249	-1.250975	4.031354
4490992	13250	-0.23453504	3.761203
4490992	13251	-0.66513675	4.1652365
4490992	13252	-0.86347735	4.636157
4490992	13253	-0.77853566	4.5220165
4490992	13254	-0.7796079	4.494056
4490992	13255	-0.8942206	4.714877
4490992	13256	-0.96697736	4.9037366
4490992	13257	-1.0209005	5.0204835
4490992	13258	-1.0457431	5.0398145
4490992	13259	-0.9758658	4.926467
4490992	13260	0.17093045	4.448756
4490992	13261	0.123181105	4.312874
4490992	13262	-0.1335873	4.7818017
4490992	13263	-0.4024428	3.7176974
4490992	13264	0.6064637	3.6414063
4490992	13265	0.38875526	3.7603428
4490992	13266	0.38542765	3.976874
4490992	13267	0.43467128	3.9493282
4490992	13268	0.3548984	4.116262
4490992	13269	0.4042939	4.070316
4490992	13270	0.28913045	1.9998763
4490992	13271	0.34306085	1.5026559
4490992	13272	0.6752796	1.1104811
4490992	13273	1.7892917	1.7510178
4490992	13274	1.1720296	2.2030432
4490992	13275	1.0892956	2.265156
4490992	13276	2.1513977	2.3496418
4490992	13277	1.7738737	2.9627209
4490992	13278	1.644715	3.2786808
4490992	13279	1.3647264	3.4626746
4490992	13280	1.6417669	3.152435
4490992	13281	1.8447264	2.7774277
4490992	13282	1.9170233	2.707947
4490992	13283	1.7474676	2.9861288
4490992	13284	1.537954	3.2683449
4490992	13285	1.5704061	3.27969
4490992	13286	1.5304857	3.281755
4490992	13287	1.7694668	3.0378003
4490992	13288	1.2648388	3.5006263
4490992	13289	1.4087522	3.4049528
4490992	13290	1.3650882	3.508512
4490992	13291	1.660128	3.2800748
4490992	13292	2.1309886	2.897465
4490992	13293	2.2969031	2.6580467
4490992	13294	2.4096823	2.7853458
4490992	13295	2.5398426	2.6902773
4490992	13296	2.596942	2.6517637
4490992	13297	2.6176658	2.6795666
4490992	13298	2.6060872	2.713725
4490992	13299	3.5141854	1.5977223
4490992	13300	2.6685214	2.4898546
4490992	13301	3.0778995	2.0794587
4490992	13302	3.0518875	2.1493027
4490992	13303	2.8175445	2.345291
4490992	13304	2.778119	2.2652562
4490992	13305	2.9512367	2.1274652
4490992	13306	2.8535323	2.2736115
4490992	13307	3.1597238	1.9906628
4490992	13308	3.0094185	2.2830632
4490992	13309	3.2052703	2.1494317
4490992	13310	2.4467497	2.8439386
4490992	13311	2.0353131	3.2739358
4490992	13312	1.9830066	3.1981099
4490992	13313	1.8713316	3.423713
4490992	13314	2.1112032	3.112782
4490992	13315	2.1854048	3.1625018
4490992	13316	1.7270356	3.5070915
4490992	13317	2.3165107	2.6447384
4490992	13318	2.7362595	2.6673093
4490992	13319	2.60641	2.6178393
4490992	13320	2.5157914	2.641001
4490992	13321	2.580217	2.7351964
4490992	13322	1.9110976	2.951022
4490992	13323	1.7775596	3.2692425
4490992	13324	1.8335973	3.1921391
4490992	13325	2.210935	2.9443538
4490992	13326	1.8477851	3.18785
4490992	13327	2.2486072	2.8697987
4490992	13328	2.6955037	2.2949386
4490992	13329	3.238689	1.9938288
4490992	13330	2.9451647	2.1179745
4490992	13331	2.545784	2.5554974
4490992	13332	2.4615588	2.6458375
4490992	13333	2.6541815	2.745465
4490992	13334	2.9789162	2.4069297
4490992	13335	2.663463	2.9457889
4490992	13336	2.4519887	2.8592834
4490992	13337	2.368806	3.0017478
4490992	13338	2.0269785	3.4398396
4490992	13339	2.0265365	3.2188087
4490992	13340	1.9879318	3.524609
4490992	13341	2.0051947	3.2652657
4490992	13342	0.85492015	4.3661094
4490992	13343	1.2750667	4.1731696
4490992	13344	1.1818268	4.178819
4490992	13345	1.278963	4.243152
4490992	13346	1.2956628	4.250748
4490992	13347	1.1044548	4.285764
4490992	13348	0.86546695	4.498003
4490992	13349	1.5892898	3.4114637
4490992	13350	1.6233488	3.097309
4490992	13351	1.5899278	3.2447217
4490992	13352	1.694848	3.1901324
4490992	13353	1.8168918	3.1576195
4490992	13354	1.8937701	3.1342144
4490992	13355	0.9129752	4.2114367
4490992	13356	0.16851991	4.7942605
4490992	13357	0.07648176	4.882502
4490992	13358	0.046177924	4.767657
4490992	13359	0.20038515	4.348136
4490992	13360	0.015681505	4.7093844
4490992	13361	0.22612327	4.5789237
4490992	13362	0.2746066	4.4847045
4490992	13363	0.3925709	4.3998075
4490992	13364	0.5175432	4.334937
4490992	13365	0.70561516	4.16831
4490992	13366	0.7941201	3.8618987
4490992	13367	0.30474162	4.153069
4490992	13368	3.1882367	0.81624925
4490992	13369	3.7578602	0.83111477
4490992	13370	2.7372823	1.6546223
4490992	13371	3.0387135	1.8598306
4490992	13372	3.366055	1.6267574
4490992	13373	4.7440896	1.0387161
4490992	13374	4.866257	0.8464098
4490992	13375	4.936881	0.7874495
4490992	13376	4.153829	-0.022040993
4490992	13377	4.1523166	-0.042603582
4490992	13378	4.1864567	0.17848071
4490992	13379	4.122124	1.6451328
4490992	13380	4.9289756	1.3311616
4490992	13381	5.0672207	1.5385667
4490992	13382	5.1259303	1.5099955
4490992	13383	4.631575	2.175117
4490992	13384	5.1788697	1.5011641
4490992	13385	5.3506937	1.4157101
4490992	13386	5.436542	1.1377288
4490992	13387	5.2415557	1.4301174
4490992	13388	5.393455	1.3138484
4490992	13389	5.3267903	1.3925258
4490992	13390	5.3884892	1.1558806
4490992	13391	5.5348463	0.85596526
4490992	13392	5.3878303	1.088491
4490992	13393	5.344978	1.0828998
4490992	13394	5.5758915	0.9217305
4490992	13395	5.549762	0.9292152
4490992	13396	5.713712	0.57463384
4490992	13397	5.629899	0.5480894
4490992	13398	5.493505	0.75943696
4490992	13399	5.350142	0.9707717
4490992	13400	5.2702637	1.1457192
4490992	13401	5.3636165	1.1216127
4490992	13402	5.4693832	0.89689267
4490992	13403	5.8649387	0.011922896
4490992	13404	4.7233577	1.730248
4490992	13405	5.6675906	0.33598593
4490992	13406	5.1298676	1.4053524
4490992	13407	5.694724	0.41776076
4490992	13408	5.1437335	1.377625
4490992	13409	5.747482	0.22711465
4490992	13410	5.0806904	1.3729227
4490992	13411	5.7104726	0.22807291
4490992	13412	5.029158	1.3973898
4490992	13413	5.6681075	0.22355148
4490992	13414	4.9639015	1.4105611
4490992	13415	5.263585	0.96243787
4490992	13416	5.6515703	0.27658972
4490992	13417	4.8595767	1.6262069
4490992	13418	5.5098624	0.5129248
4490992	13419	4.8459487	1.6661181
4490992	13420	5.4627013	0.715912
4490992	13421	5.3058114	0.94470334
4490992	13422	5.204311	1.0557992
4490992	13423	5.548878	0.82361233
4490992	13424	5.7968216	0.4532126
4490992	13425	5.6161737	0.78361845
4490992	13426	5.9777308	0.373238
4490992	13427	5.7048354	0.7990271
4490992	13428	5.7275567	0.76954615
4490992	13429	6.0443583	0.2860572
4490992	13430	6.061585	0.21486863
4490992	13431	6.1197515	0.448442
4490992	13432	6.1725793	0.2792606
4490992	13433	6.329603	-0.1402156
4490992	13434	5.8081903	0.38878664
4490992	13435	5.7524333	0.37157568
4490992	13436	5.7861285	0.24912778
4490992	13437	5.69111	0.47653916
4490992	13438	5.625359	0.61256444
4490992	13439	5.586297	0.76722133
4490992	13440	5.559085	0.7969053
4490992	13441	5.5618	0.88283694
4490992	13442	5.6881294	0.92654884
4490992	13443	5.309476	1.0600269
4490992	13444	5.5046988	0.869995
4490992	13445	5.621921	0.882311
4490992	13446	5.885289	0.61422014
4490992	13447	5.8517404	0.66240966
4490992	13448	5.879019	0.68910754
4490992	13449	6.027354	0.5450667
4490992	13450	5.8983207	0.5840131
4490992	13451	5.8844943	0.6025535
4490992	13452	5.7904406	0.6656152
4490992	13453	5.7735558	0.73419297
4490992	13454	5.7434044	0.7396591
4490992	13455	5.725654	0.8002945
4490992	13456	5.7670956	0.6869179
4490992	13457	5.558639	0.87206316
4490992	13458	5.7547345	-0.55326426
4490992	13459	5.903329	-0.34192026
4490992	13460	5.990057	-0.27374554
4490992	13461	5.9891415	-0.21865925
4490992	13462	5.2557473	-0.63235664
4490992	13463	5.255792	-0.52230984
4490992	13464	5.2005796	-0.5477693
4490992	13465	5.3662515	-0.6483288
4490992	13466	4.1398187	-0.99917877
4490992	13467	4.4309216	-0.3543931
4490992	13468	4.0947356	-0.34816596
4490992	13469	3.3642383	-0.94173265
4490992	13470	3.4223151	-0.77000576
4490992	13471	3.950255	-1.2304714
4490992	13472	3.372652	-0.94623756
4490992	13473	3.7064815	-1.1903424
4490992	13474	3.709876	-1.1238538
4490992	13475	3.8169975	-1.2324203
4490992	13476	3.8057065	-1.2280718
4490992	13477	3.8570728	-1.2239354
4490992	13478	3.8398652	-1.2765588
4490992	13479	3.745028	-1.2526144
4490992	13480	3.7345338	-1.2816067
4490992	13481	3.69982	-1.2787386
4490992	13482	3.7994995	-1.2655017
4490992	13483	3.143674	0.04650733
4490992	13484	2.721395	0.63701725
4490992	13485	2.9037623	0.5507244
4490992	13486	2.8679895	0.54880404
4490992	13487	3.187325	1.2116356
4490992	13488	3.3823414	1.244592
4490992	13489	3.260964	1.3137045
4490992	13490	3.1573763	1.3995036
4490992	13491	3.5232644	-0.12694761
4490992	13492	2.8293695	0.4217297
4490992	13493	2.8660645	0.48525932
4490992	13494	3.069807	0.14997932
4490992	13495	2.8701816	0.35545233
4490992	13496	2.978146	0.062295586
4490992	13497	2.2395616	0.8776493
4490992	13498	0.7745131	0.64105713
4490992	13499	1.21883	0.43819788
4490992	13500	0.9978951	0.5497465
4490992	13501	0.962453	0.6100658
4490992	13502	1.5776151	1.9298711
4490992	13503	1.8871623	1.249769
4490992	13504	1.963844	1.1883615
4490992	13505	1.9901029	1.0405209
4490992	13506	2.1546736	2.0184488
4490992	13507	2.6535587	1.3405262
4490992	13508	2.8334532	1.324355
4490992	13509	2.8591423	1.3065213
4490992	13510	2.8454494	1.3240126
4490992	13511	2.0985794	1.9091182
4490992	13512	1.8382965	2.2335558
4490992	13513	0.8716605	1.5822098
4490992	13514	2.7978964	1.4190584
4490992	13515	2.162003	1.940903
4490992	13516	2.114019	2.097805
4490992	13517	2.1461592	2.137632
4490992	13518	2.1782093	2.1586077
4490992	13519	1.9895447	2.3361125
4490992	13520	2.2669373	2.199188
4490992	13521	2.3731356	1.9089391
4490992	13522	2.2340684	2.2976015
4490992	13523	1.7270685	2.4737632
4490992	13524	1.8315798	2.5629768
4490992	13525	1.7625176	2.8205929
4490992	13526	1.9763771	2.61827
4490992	13527	2.0160208	2.709312
4490992	13528	1.9186755	2.8180027
4490992	13529	1.9427098	2.9330893
4490992	13530	2.1224418	2.7457485
4490992	13531	2.3002481	2.4180107
4490992	13532	2.4240384	2.5553963
4490992	13533	2.005978	2.6817322
4490992	13534	2.1974735	2.5997703
4490992	13535	2.4670248	2.4301996
4490992	13536	2.6933227	2.2041113
4490992	13537	2.695828	2.023779
4490992	13538	2.7091093	2.02404
4490992	13539	2.0120044	2.741354
4490992	13540	1.8980237	2.8099234
4490992	13541	1.8923975	2.7772217
4490992	13542	2.3620768	2.4596372
4490992	13543	2.5183773	2.173246
4490992	13544	2.5319118	2.1721933
4490992	13545	2.5372214	2.171651
4490992	13546	1.9496578	2.7914295
4490992	13547	1.9228696	2.7789624
4490992	13548	1.9838511	2.7858946
4490992	13549	2.0593596	2.6617296
4490992	13550	2.3144517	2.5109367
4490992	13551	2.4255633	2.3204396
4490992	13552	2.0573378	2.6794734
4490992	13553	2.0816913	2.6876354
4490992	13554	1.6522166	3.142147
4490992	13555	1.6178142	3.1891053
4490992	13556	1.570247	3.2272294
4490992	13557	1.599918	3.2081447
4490992	13558	1.0744494	3.797169
4490992	13559	1.3639221	3.2411914
4490992	13560	1.0661354	3.5861075
4490992	13561	1.5204488	3.1730177
4490992	13562	1.4073927	3.2110474
4490992	13563	1.2311741	3.453357
4490992	13564	1.855296	2.9259312
4490992	13565	2.0146165	2.8285508
4490992	13566	1.7902318	3.1941447
4490992	13567	1.7514361	3.3034215
4490992	13568	1.6501096	3.2514348
4490992	13569	1.3346872	3.4794137
4490992	13570	1.286443	3.4453998
4490992	13571	1.2052885	3.6917675
4490992	13572	1.1759582	3.644098
4490992	13573	1.1945945	3.7935288
4490992	13574	1.08206	3.7516391
4490992	13575	1.0478885	3.8524597
4490992	13576	1.0423748	3.8191755
4490992	13577	1.1053163	3.8247302
4490992	13578	1.3291574	3.5268254
4490992	13579	1.2128168	3.693916
4490992	13580	1.0412732	1.0924733
4490992	13581	0.76209915	1.9376807
4490992	13582	2.1360507	3.1027975
4490992	13583	1.515534	3.3906417
4490992	13584	1.4412133	3.2246273
4490992	13585	0.85611105	3.6436603
4490992	13586	1.690663	1.0183445
4490992	13587	0.9712219	1.800978
4490992	13588	0.98445475	2.2171528
4490992	13589	1.0919231	2.108099
4490992	13590	1.0669409	2.1423955
4490992	13591	1.1207383	2.0843093
4490992	13592	1.1129903	2.0847094
4490992	13593	1.2469037	1.9441004
4490992	13594	1.156931	2.019754
4490992	13595	1.8484796	1.365079
4490992	13596	2.2049608	1.1351038
4490992	13597	2.3234043	1.5839517
4490992	13598	2.4478889	1.4340122
4490992	13599	2.4069982	1.0444186
4490992	13600	2.2115211	0.85884666
4490992	13601	2.321509	1.2461363
4490992	13602	1.8878266	1.483259
4490992	13603	1.8906397	1.6380904
4490992	13604	1.8209776	1.6934316
4490992	13605	2.1511226	1.4456992
4490992	13606	1.482926	2.1600735
4490992	13607	1.5212597	2.3435664
4490992	13608	1.910015	2.2456226
4490992	13609	1.5719618	2.7231612
4490992	13610	2.1036158	1.6648464
4490992	13611	1.665496	2.4059865
4490992	13612	2.0217152	2.0264752
4490992	13613	2.093936	2.0203876
4490992	13614	2.0302567	2.2477121
4490992	13615	2.1553626	2.2029414
4490992	13616	1.9165794	2.2974617
4490992	13617	2.3106728	1.8131237
4490992	13618	1.8399597	2.7434893
4490992	13619	1.8834027	3.0488887
4490992	13620	2.0038576	2.8910196
4490992	13621	2.1663632	2.6983552
4490992	13622	2.5827193	2.455622
4490992	13623	3.3852863	0.676123
4490992	13624	2.034266	1.5059521
4490992	13625	2.107555	1.7413888
4490992	13626	2.1559157	1.7562251
4490992	13627	2.6096573	0.8165194
4490992	13628	2.7326922	0.96338403
4490992	13629	2.0942655	2.2236307
4490992	13630	2.7537317	2.5475557
4490992	13631	2.0648823	3.4961438
4490992	13632	2.0612707	3.50889
4490992	13633	2.3178868	3.3436706
4490992	13634	2.7040071	2.9032068
4490992	13635	2.7592502	3.1353211
4490992	13636	2.759305	2.0369594
4490992	13637	1.9324249	2.9619057
4490992	13638	1.9413248	2.9963415
4490992	13639	1.9004039	2.8973942
4490992	13640	1.8304068	3.0300636
4490992	13641	1.9486464	2.848851
4490992	13642	2.387508	2.2089267
4490992	13643	2.5571995	1.8753865
4490992	13644	2.3940148	2.096099
4490992	13645	1.4575622	3.278882
4490992	13646	1.3775724	3.2331092
4490992	13647	1.1651256	3.699166
4490992	13648	1.1168263	3.8415253
4490992	13649	1.0327456	4.1153107
4490992	13650	2.2139025	3.930435
4490992	13651	1.4866117	4.608491
4490992	13652	1.5744656	4.5769057
4490992	13653	1.3809832	4.7908754
4490992	13654	2.764934	3.4846501
4490992	13655	2.822163	3.3853726
4490992	13656	3.0474806	3.3793468
4490992	13657	3.1552186	3.194669
4490992	13658	2.8436584	3.5660188
4490992	13659	3.1245875	3.4302561
4490992	13660	4.0312757	2.5298362
4490992	13661	4.423354	2.184255
4490992	13662	5.1750855	1.5169002
4490992	13663	5.7483687	1.1017308
4490992	13664	5.458107	1.249702
4490992	13665	5.148861	1.4821117
4490992	13666	3.6275864	0.71639764
4490992	13667	4.171274	1.0722026
4490992	13668	4.26793	1.2689525
4490992	13669	4.775746	0.8632128
4490992	13670	4.3504176	1.489139
4490992	13671	3.947301	1.8856514
4490992	13672	3.7847476	2.4779062
4490992	13673	3.9204154	2.292477
4490992	13674	4.141878	2.0684364
4490992	13675	4.22694	1.5484109
4490992	13676	5.080386	0.63796675
4490992	13677	5.2731643	0.3541589
4490992	13678	5.035478	0.78962374
4490992	13679	4.950967	0.6640948
4490992	13680	5.1167617	0.39234266
4490992	13681	5.073277	0.40217778
4490992	13682	5.0800514	0.39156958
4490992	13683	5.135633	0.36101994
4490992	13684	5.1619735	0.30279687
4490992	13685	5.229439	0.3221077
4490992	13686	4.767345	0.77499056
4490992	13687	5.1931386	0.5076262
4490992	13688	5.1109376	0.6932386
4490992	13689	5.186613	0.681702
4490992	13690	5.1414304	0.4689853
4490992	13691	5.2809305	0.4149495
4490992	13692	5.14091	0.41932806
4490992	13693	5.159207	0.35769126
4490992	13694	5.401585	0.15228704
4490992	13695	5.2523475	0.25505832
4490992	13696	5.3291097	0.21176127
4490992	13697	5.3202305	0.22832313
4490992	13698	5.2840667	0.25774577
4490992	13699	5.6399193	-0.1703529
4490992	13700	5.204628	0.14445594
4490992	13701	5.593113	-0.12293157
4490992	13702	5.2953067	0.061080247
4490992	13703	4.9804983	0.64064026
4490992	13704	5.2452645	0.33544937
4490992	13705	5.0635242	0.6706773
4490992	13706	5.3235126	0.40830883
4490992	13707	4.6467295	1.1507721
4490992	13708	4.7707944	1.2581235
4490992	13709	4.8686156	0.8124219
4490992	13710	4.714144	0.94807196
4490992	13711	5.049743	0.86152136
4490992	13712	5.0569434	0.65729237
4490992	13713	5.16884	0.61645734
4490992	13714	5.115517	0.5234884
4490992	13715	4.871233	0.57469726
4490992	13716	5.2324023	0.39238128
4490992	13717	5.8231993	-0.078671545
4490992	13718	5.8889794	-0.21582855
4490992	13719	5.6725616	0.01452288
4490992	13720	6.2046356	-0.5229513
4490992	13721	5.9997287	-0.31248093
4490992	13722	6.093242	-0.19047984
4490992	13723	6.4767423	-0.75318754
4490992	13724	6.2478204	-0.36979395
4490992	13725	6.0879035	-0.0926573
4490992	13726	6.426184	-0.58326507
4490992	13727	6.103071	0.039952397
4490992	13728	6.0028443	-2.036192
4490992	13729	5.973669	-0.64393294
4490992	13730	6.4743314	-0.6935672
4490992	13731	6.577347	-0.8070478
4490992	13732	6.594766	-0.7938441
4490992	13733	6.4588366	-0.65527797
4490992	13734	6.0287976	-0.29615942
4490992	13735	5.969018	-0.28204072
4490992	13736	5.7951684	0.0433062
4490992	13737	5.7344437	0.09455004
4490992	13738	5.657051	0.2473397
4490992	13739	5.6514735	0.1973401
4490992	13740	5.471169	0.6304406
4490992	13741	5.5437136	0.11660251
4490992	13742	5.761743	0.24260202
4490992	13743	5.441019	0.24862316
4490992	13744	5.8664036	0.14857116
4490992	13745	5.6899004	0.36005285
4490992	13746	5.9395676	0.05231294
4490992	13747	5.8192797	0.35692403
4490992	13748	3.9654894	1.6158504
4490992	13749	4.233844	1.6541498
4490992	13750	4.239064	1.4171205
4490992	13751	4.246756	1.6003351
4490992	13752	4.269389	1.747572
4490992	13753	4.0190797	1.9997406
4490992	13754	4.098056	1.9187908
4490992	13755	4.1272078	2.0892384
4490992	13756	4.1993046	2.0139105
4490992	13757	4.202625	2.0448565
4490992	13758	4.23097	2.024231
4490992	13759	4.2271175	2.0592012
4490992	13760	4.2361283	2.0650804
4490992	13761	4.757549	1.7385392
4490992	13762	4.7998366	1.7754433
4490992	13763	4.681957	1.7449496
4490992	13764	4.6391573	1.8211446
4490992	13765	4.885101	1.5369806
4490992	13766	4.859573	1.3688272
4490992	13767	4.6522994	1.518246
4490992	13768	4.519987	1.712235
4490992	13769	4.166309	2.105882
4490992	13770	4.483702	1.9367058
4490992	13771	3.9679332	2.0559096
4490992	13772	3.8605175	2.4846213
4490992	13773	3.9179897	2.4717994
4490992	13774	3.7997541	2.5605674
4490992	13775	3.5731716	2.8286183
4490992	13776	3.882862	2.5507586
4490992	13777	3.7246437	2.5440285
4490992	13778	2.6829329	3.3276658
4490992	13779	2.7124724	3.5977561
4490992	13780	2.6160793	3.627753
4490992	13781	2.569378	3.6719863
4490992	13782	2.586141	3.6985595
4490992	13783	2.9594173	3.3672245
4490992	13784	2.543778	3.6394804
4490992	13785	2.3404565	3.9694498
4490992	13786	2.8224401	2.2972364
4490992	13787	3.6901135	2.340749
4490992	13788	2.8162327	3.2907412
4490992	13789	2.7033963	3.4633543
4490992	13790	2.557139	3.5707362
4490992	13791	2.4986382	3.600805
4490992	13792	2.8208733	3.3280182
4490992	13793	3.1660018	3.0050702
4490992	13794	3.2953887	2.9962018
4490992	13795	3.5836844	2.552491
4490992	13796	4.28768	1.8295438
4490992	13797	4.485607	1.8773246
4490992	13798	4.2050905	1.9175043
4490992	13799	4.512485	1.8351955
4490992	13800	4.3580995	1.9718554
4490992	13801	4.398295	1.9633791
4490992	13802	4.6388917	1.8615544
4490992	13803	4.468553	1.887506
4490992	13804	4.3439326	1.75281
4490992	13805	4.520782	1.6644585
4490992	13806	4.6226826	1.4849565
4490992	13807	4.6280746	1.5218263
4490992	13808	4.452184	1.5774078
4490992	13809	4.331092	1.6455762
4490992	13810	4.4602604	1.5748863
4490992	13811	4.017638	1.8375933
4490992	13812	3.9872336	1.8942294
4490992	13813	4.018484	1.9499655
4490992	13814	3.9812303	2.070328
4490992	13815	3.487513	2.5669644
4490992	13816	3.6149578	2.268408
4490992	13817	3.2226825	2.5327206
4490992	13818	3.2362566	2.5881748
4490992	13819	3.1585293	2.7009246
4490992	13820	3.2958603	2.7357705
4490992	13821	3.1932726	2.5229897
4490992	13822	3.244482	2.6604311
4490992	13823	3.4157023	2.4791296
4490992	13824	3.7585144	2.348868
4490992	13825	3.1231823	3.384708
4490992	13826	3.1330652	3.5429122
4490992	13827	2.253531	2.207516
4490992	13828	1.9161733	2.576947
4490992	13829	2.0037422	2.4934983
4490992	13830	2.3397508	1.9494715
4490992	13831	3.0283656	1.3897741
4490992	13832	2.6340532	1.779099
4490992	13833	2.321828	1.8950608
4490992	13834	2.5704174	1.7871525
4490992	13835	3.041459	1.3856934
4490992	13836	2.878601	1.5307571
4490992	13837	3.0470471	1.4028219
4490992	13838	3.7463489	1.3960977
4490992	13839	3.2936497	2.0071185
4490992	13840	3.578082	0.5617075
4490992	13841	3.1241775	1.2607186
4490992	13842	3.3660293	1.0696143
4490992	13843	3.2775817	1.1710635
4490992	13844	3.3724074	1.0077881
4490992	13845	3.2149549	1.1617308
4490992	13846	2.99193	1.2366401
4490992	13847	3.1173453	1.2338147
4490992	13848	4.3377633	1.5665
4490992	13849	3.8006759	2.2921185
4490992	13850	3.4892473	2.6966038
4490992	13851	3.39708	2.8618894
4490992	13852	3.555839	2.9050574
4490992	13853	3.2714534	3.1616323
4490992	13854	3.8305984	2.7978141
4490992	13855	4.4389443	1.9309273
4490992	13856	3.8470497	2.4112887
4490992	13857	3.995523	2.5202825
4490992	13858	3.7908998	2.6874545
4490992	13859	4.3551397	2.0511298
4490992	13860	4.16533	2.2134807
4490992	13861	4.062458	2.4470189
4490992	13862	3.7019987	2.9634058
4490992	13863	3.338533	3.257388
4490992	13864	3.2431846	3.5038514
4490992	13865	3.1829338	3.5139697
4490992	13866	3.1701703	3.5215626
4490992	13867	3.1944108	3.5034873
4490992	13868	3.3804865	3.558565
4490992	13869	3.046856	3.6361463
4490992	13870	1.6019412	4.5862455
4490992	13871	1.2366973	4.69174
4490992	13872	1.3083614	4.7011504
4490992	13873	0.721491	5.6436305
4490992	13874	1.1134528	5.3922496
4490992	13875	0.9069499	5.4995995
4490992	13876	1.0285093	4.7594275
4490992	13877	1.7300168	3.9896052
4490992	13878	0.20608896	3.616773
4490992	13879	0.55669856	4.8454623
4490992	13880	0.66274965	4.7027903
4490992	13881	0.5596336	5.040085
4490992	13882	0.57226336	5.216794
4490992	13883	0.5934657	5.2263565
4490992	13884	0.6064589	5.2899103
4490992	13885	1.6726893	5.067819
4490992	13886	1.8578616	4.909384
4490992	13887	2.3040142	4.668785
4490992	13888	2.0847526	4.765331
4490992	13889	2.3296285	4.5096474
4490992	13890	2.867507	3.6522963
4490992	13891	3.0390701	3.6803195
4490992	13892	2.8386607	4.0260043
4490992	13893	2.9443898	3.9246867
4490992	13894	2.8098888	4.0401015
4490992	13895	2.6295075	3.92582
4490992	13896	2.527553	4.313073
4490992	13897	2.41678	4.24945
4490992	13898	2.764995	3.6816442
4490992	13899	3.1478882	3.7017248
4490992	13900	3.3270268	3.5229855
4490992	13901	2.9775734	4.140455
4490992	13902	3.1523247	3.9298742
4490992	13903	3.5263448	2.865744
4490992	13904	3.899592	2.446995
4490992	13905	4.0393753	2.3977404
4490992	13906	4.0987415	2.555458
4490992	13907	4.368242	2.4109356
4490992	13908	4.8110175	1.9773681
4490992	13909	4.873516	2.075891
4490992	13910	4.722508	2.1471446
4490992	13911	4.8343124	1.9683971
4490992	13912	4.9309673	1.9204407
4490992	13913	4.8515043	2.0758536
4490992	13914	5.3068933	1.6564734
4490992	13915	5.1300807	1.9383411
4490992	13916	4.948539	2.0375812
4490992	13917	4.6128817	2.239383
4490992	13918	4.699909	2.197437
4490992	13919	5.0887423	2.0675132
4490992	13920	5.0212803	2.1983552
4490992	13921	5.388783	1.9548359
4490992	13922	5.3596287	1.8820698
4490992	13923	5.268351	1.954777
4490992	13924	5.1482444	2.1968062
4490992	13925	5.0663195	2.1732001
4490992	13926	5.1161823	2.0882685
4490992	13927	5.153048	2.0172565
4490992	13928	5.5762053	1.740427
4490992	13929	5.476958	1.8152857
4490992	13930	5.242865	2.152538
4490992	13931	5.3846602	2.022501
4490992	13932	-0.04665953	3.1597574
4490992	13933	-1.10256	4.0678973
4490992	13934	-1.0372071	4.1030297
4490992	13935	-1.056834	4.2662344
4490992	13936	-0.96489227	4.223218
4490992	13937	-0.97748756	4.396224
4490992	13938	-1.1785415	4.662285
4490992	13939	-1.3175727	4.719127
4490992	13940	-1.2053077	4.4610076
4490992	13941	-1.3611747	4.622467
4490992	13942	-1.389156	4.8296657
4490992	13943	-1.3874247	4.666902
4490992	13944	-1.3440194	4.608286
4490992	13945	-1.3663621	4.6180973
4490992	13946	-1.3638792	4.6110063
4490992	13947	-1.08483	4.5872655
4490992	13948	-0.8033334	3.8135922
4490992	13949	-1.2414635	3.9198124
4490992	13950	-1.4414079	3.9606626
4490992	13951	-1.4901125	4.298513
4490992	13952	-1.4080105	4.247338
4490992	13953	-1.3878162	4.300336
4490992	13954	-0.8188598	3.931073
4490992	13955	-1.0664608	4.0920167
4490992	13956	-1.0961051	4.327515
4490992	13957	-1.0929837	4.4079204
4490992	13958	-1.0861268	4.3869176
4490992	13959	-0.44717658	4.8283067
4490992	13960	-0.5280392	4.6445565
4490992	13961	-0.91534877	4.7679763
4490992	13962	-0.96631587	4.7237105
4490992	13963	-0.24468303	4.9017854
4490992	13964	-0.3580769	4.8232856
4490992	13965	-0.379548	5.0155253
4490992	13966	-0.3732038	4.8830457
4490992	13967	-0.23856044	4.848281
4490992	13968	0.115514696	4.271049
4490992	13969	0.3368091	4.108026
4490992	13970	0.007239163	4.5060854
4490992	13971	-0.16202277	4.6987047
4490992	13972	-0.5108662	4.9684253
4490992	13973	-0.6575825	5.0901814
4490992	13974	-0.5754211	5.0433984
4490992	13975	-1.0763669	3.971618
4490992	13976	-0.8153337	3.33867
4490992	13977	-0.95592684	3.5345387
4490992	13978	0.045682788	3.8079555
4490992	13979	-0.106924236	3.6544812
4490992	13980	-0.20830315	3.9877136
4490992	13981	-0.35901064	4.331502
4490992	13982	0.75541973	4.096103
4490992	13983	1.3104265	3.5360599
4490992	13984	0.54667354	4.4210653
4490992	13985	0.6482358	4.358779
4490992	13986	1.3109318	3.862942
4490992	13987	1.4900506	3.7159393
4490992	13988	1.6987003	3.4580572
4490992	13989	1.9819039	3.0824077
4490992	13990	2.4286814	2.6110668
4490992	13991	2.8759723	2.5073097
4490992	13992	2.6677094	2.6519785
4490992	13993	2.5803218	2.7733662
4490992	13994	2.412447	2.812554
4490992	13995	2.2894382	2.8569865
4490992	13996	2.431797	2.944659
4490992	13997	2.1970296	3.0243714
4490992	13998	2.1381454	3.2124033
4490992	13999	2.5407214	2.7843246
4490992	14000	2.663261	2.855731
4490992	14001	2.7883615	2.597583
4490992	14002	2.8747716	2.6593485
4490992	14003	2.7712626	2.7504094
4490992	14004	2.9458294	2.5569258
4490992	14005	3.0532985	2.605401
4490992	14006	2.7288494	2.8926997
4490992	14007	2.7449903	2.8654315
4490992	14008	2.60715	3.048096
4490992	14009	2.7136097	2.9499776
4490992	14010	2.5235972	3.1559238
4490992	14011	2.7584653	2.918616
4490992	14012	2.8593678	3.075326
4490992	14013	2.5818357	3.1698785
4490992	14014	2.8437324	2.7749434
4490992	14015	3.0669494	2.5069175
4490992	14016	3.4946384	2.2970147
4490992	14017	3.8018513	1.878149
4490992	14018	4.1506605	1.5755122
4490992	14019	4.3117695	1.5279536
4490992	14020	4.390696	1.445183
4490992	14021	4.5077486	1.3421726
4490992	14022	3.3631282	0.46460828
4490992	14023	3.274417	0.41923615
4490992	14024	3.4379396	0.310644
4490992	14025	3.466579	0.281226
4490992	14026	3.405859	0.3021284
4490992	14027	3.7707257	0.0778701
4490992	14028	2.764851	0.6027961
4490992	14029	3.3955374	0.075713724
4490992	14030	3.281618	0.23144266
4490992	14031	2.3946757	0.9866427
4490992	14032	2.2371387	1.0906374
4490992	14033	2.9591794	0.35509
4490992	14034	3.0246048	0.47257188
4490992	14035	2.8757744	0.64041436
4490992	14036	2.9886556	0.551074
4490992	14037	3.0925493	0.44049487
4490992	14038	4.7529316	0.7556828
4490992	14039	4.0506682	-0.5726962
4490992	14040	3.3983946	0.05369833
4490992	14041	3.7465339	-0.12648743
4490992	14042	3.8515186	-0.19503495
4490992	14043	3.6736708	-0.007113397
4490992	14044	3.1763568	0.3680807
4490992	14045	3.0877976	0.48983625
4490992	14046	3.434709	0.24674675
4490992	14047	3.2456484	0.4196652
4490992	14048	3.106317	0.4919444
4490992	14049	3.2494383	0.44007912
4490992	14050	3.3140945	0.25580838
4490992	14051	3.4471831	0.3167903
4490992	14052	2.7287235	0.8464594
4490992	14053	2.5761313	0.94505835
4490992	14054	2.5454679	0.94335115
4490992	14055	2.47007	1.0161211
4490992	14056	2.7027464	0.756744
4490992	14057	3.5714617	1.773478
4490992	14058	3.1067176	2.358007
4490992	14059	2.9557686	2.5338533
4490992	14060	3.15552	2.3831484
4490992	14061	3.268412	2.322367
4490992	14062	3.244245	2.3564835
4490992	14063	4.1144023	1.6186078
4490992	14064	5.053597	0.6328219
4490992	14065	5.672124	-0.013366371
4490992	14066	5.260021	0.18134686
4490992	14067	4.975261	0.26108447
4490992	14068	4.9225025	0.1477941
4490992	14069	5.4377036	-0.36202735
4490992	14070	5.56322	-0.33900347
4490992	14071	3.8050928	1.1862351
4490992	14072	4.764059	0.42654708
4490992	14073	4.809616	0.5155674
4490992	14074	4.0482955	1.1266664
4490992	14075	2.9832616	2.026982
4490992	14076	2.568533	2.7164953
4490992	14077	2.592596	2.775265
4490992	14078	2.8848362	2.4169624
4490992	14079	2.8008838	2.7202485
4490992	14080	2.4428067	2.8464513
4490992	14081	2.3234038	3.0593193
4490992	14082	1.8682889	3.5606258
4490992	14083	2.2293668	3.2433605
4490992	14084	2.2189102	3.2650044
4490992	14085	1.9596866	3.4315672
4490992	14086	1.8533832	3.6454203
4490992	14087	1.9384698	3.6237419
4490992	14088	1.8019778	3.7671897
4490992	14089	1.8927723	3.72868
4490992	14090	2.0434966	3.5349767
4490992	14091	2.1844516	3.5665252
4490992	14092	2.0116239	3.5391335
4490992	14093	2.0205722	3.6057308
4490992	14094	2.2538705	3.4987636
4490992	14095	3.2242265	2.538756
4490992	14096	3.6380758	2.00247
4490992	14097	4.011127	1.7234006
4490992	14098	4.149973	1.3083105
4490992	14099	4.1830935	1.2536807
4490992	14100	4.218857	1.3430948
4490992	14101	4.384111	1.1971047
4490992	14102	4.3447456	1.270944
4490992	14103	4.8124895	0.6939759
4490992	14104	5.146403	0.096151024
4490992	14105	5.3921857	-0.16913271
4490992	14106	5.4128714	-0.2922507
4490992	14107	6.011206	-0.9854994
4490992	14108	6.079909	-0.8212565
4490992	14109	5.7917924	-0.7302901
4490992	14110	5.7809587	-0.70264256
4490992	14111	5.6975546	-0.5925498
4490992	14112	5.428817	-0.38112038
4490992	14113	5.7400265	-0.65087163
4490992	14114	5.8735585	-0.68671066
4490992	14115	5.8281846	-0.62103003
4490992	14116	5.8745804	-0.64548016
4490992	14117	5.591419	-0.23087914
4490992	14118	5.5536704	-0.28397143
4490992	14119	4.522926	0.9047388
4490992	14120	4.584552	0.7158855
4490992	14121	4.4999995	0.8046733
4490992	14122	4.7620234	0.63014317
4490992	14123	5.238794	0.05790642
4490992	14124	5.4173303	-0.08123514
4490992	14125	5.3225718	0.048176676
4490992	14126	5.293127	-0.0041926503
4490992	14127	3.8798976	1.1567516
4490992	14128	4.12889	1.1498353
4490992	14129	4.6055117	0.9233836
4490992	14130	3.9340043	1.7166333
4490992	14131	3.7926812	1.9230709
4490992	14132	3.7459583	2.0055947
4490992	14133	3.8115067	1.8407753
4490992	14134	3.8818097	2.1611946
4490992	14135	3.1008148	2.990498
4490992	14136	2.9505062	2.9518225
4490992	14137	2.9517198	3.0285568
4490992	14138	2.5998359	3.5242255
4490992	14139	2.6726198	3.179304
4490992	14140	2.6914153	3.3284934
4490992	14141	2.7232203	3.2632704
4490992	14142	2.485992	3.3314729
4490992	14143	2.5620213	3.380011
4490992	14144	2.5950747	3.3795345
4490992	14145	2.4417238	3.5579803
4490992	14146	2.4622722	3.607149
4490992	14147	2.477892	3.564648
4490992	14148	2.5103664	3.5644414
4490992	14149	3.3463955	2.5386996
4490992	14150	3.6792364	2.213576
4490992	14151	3.300232	2.9831386
4490992	14152	3.140226	3.018244
4490992	14153	3.1017833	2.814735
4490992	14154	3.7726054	2.0150726
4490992	14155	4.2976613	1.4722458
4490992	14156	5.0373325	0.8483032
4490992	14157	5.2607083	0.8533577
4490992	14158	5.476502	0.6914927
4490992	14159	6.369239	0.019449592
4490992	14160	6.493367	-0.30721354
4490992	14161	6.373926	-0.2640577
4490992	14162	6.1395087	-0.09921771
4490992	14163	6.0599446	-0.09779215
4490992	14164	6.2926183	-0.8593823
4490992	14165	6.3852253	-0.7425462
4490992	14166	6.4171395	-0.61555165
4490992	14167	6.411235	-0.5474732
4490992	14168	6.429562	-0.5003607
4490992	14169	6.1056147	-0.15390915
4490992	14170	6.1595373	-0.1423116
4490992	14171	6.2236676	-0.28803355
4490992	14172	5.5758853	0.24306837
4490992	14173	5.5238323	0.24748066
4490992	14174	6.1941705	-1.0721333
4490992	14175	5.3814383	-1.0551249
4490992	14176	5.5249586	-0.05051866
4490992	14177	5.6052012	-0.18087903
4490992	14178	5.4806924	0.24551836
4490992	14179	4.865443	-0.60802525
4490992	14180	4.6056128	-0.1340192
4490992	14181	5.77766	-0.13359836
4490992	14182	5.292042	-0.06551841
4490992	14183	5.1857624	0.18547097
4490992	14184	5.197807	0.22745118
4490992	14185	5.068202	0.3646343
4490992	14186	5.0135407	0.3643075
4490992	14187	4.93118	0.418613
4490992	14188	4.9386253	0.43232903
4490992	14189	4.95708	-0.18202215
4490992	14190	5.215868	0.13541088
4490992	14191	5.3984184	0.18163303
4490992	14192	5.3431354	0.33546445
4490992	14193	5.4419456	0.34009764
4490992	14194	4.7146487	0.98413146
4490992	14195	4.8584867	0.80274117
4490992	14196	4.8287377	0.8075241
4490992	14197	4.1959753	-0.35041916
4490992	14198	4.358027	-0.19147643
4490992	14199	4.1502466	-0.16226315
4490992	14200	4.0360966	-0.078336954
4490992	14201	4.0630183	-0.11496234
4490992	14202	4.1204376	-0.099063486
4490992	14203	4.107091	-0.12535787
4490992	14204	3.6605096	0.21895722
4490992	14205	3.260435	0.76238775
4490992	14206	4.031096	-0.12719497
4490992	14207	3.4904675	0.49769422
4490992	14208	3.8202858	-0.006262988
4490992	14209	1.7248389	1.5040108
4490992	14210	0.89228785	2.308223
4490992	14211	1.011607	2.6073582
4490992	14212	0.348745	3.186686
4490992	14213	1.4304128	-0.12592518
4490992	14214	1.7827471	0.9302112
4490992	14215	1.6094207	0.8179374
4490992	14216	2.5598702	-0.8309888
4490992	14217	2.5142083	0.5002022
4490992	14218	1.8885463	1.1042376
4490992	14219	1.4963034	1.4903073
4490992	14220	1.8644451	0.9629576
4490992	14221	2.5666595	-0.8470422
4490992	14222	2.3872633	-0.81150556
4490992	14223	2.3836765	-0.84188724
4490992	14224	2.3015494	-0.81618774
4490992	14225	2.196437	-0.28134447
4490992	14226	1.9298159	0.0320718
4490992	14227	1.7392591	0.1988726
4490992	14228	1.6068791	0.29051915
4490992	14229	1.3588588	0.4922646
4490992	14230	1.3105241	0.4644865
4490992	14231	1.5133685	0.26373306
4490992	14232	2.1765966	1.1124618
4490992	14233	1.5311798	1.4081835
4490992	14234	1.9998807	0.5262563
4490992	14235	2.2524085	0.33268204
4490992	14236	2.4903812	-0.90036035
4490992	14237	3.6594186	-0.8628305
4490992	14238	3.4540672	-0.90870786
4490992	14239	3.5295095	-0.9322616
4490992	14240	3.473073	-0.8690455
4490992	14241	3.411765	-0.8564864
4490992	14242	3.4120955	0.42022339
4490992	14243	3.5509462	0.06683496
4490992	14244	4.5549283	0.3669971
4490992	14245	2.3785772	0.665485
4490992	14246	2.5310092	0.77019346
4490992	14247	2.4119573	0.88334656
4490992	14248	2.5437589	0.9121473
4490992	14249	2.8123994	0.53865325
4490992	14250	3.5487742	0.20894751
4490992	14251	4.300854	0.47643885
4490992	14252	3.847084	0.80104315
4490992	14253	3.6905599	1.03453
4490992	14254	2.6145902	0.6634015
4490992	14255	3.492002	0.1000019
4490992	14256	3.322719	0.34486374
4490992	14257	3.1138315	0.4316267
4490992	14258	3.0058217	0.54951835
4490992	14259	3.0183473	0.4786336
4490992	14260	2.941001	0.5821669
4490992	14261	2.9379296	0.5805383
4490992	14262	2.676591	0.7950766
4490992	14263	2.6827698	0.7247665
4490992	14264	2.5525022	0.9419286
4490992	14265	2.350161	1.077227
4490992	14266	2.5138888	0.8368819
4490992	14267	2.8643126	0.5129695
4490992	14268	3.0301032	0.41500494
4490992	14269	2.9790044	0.4859557
4490992	14270	2.745915	0.70949376
4490992	14271	2.8187265	0.56159484
4490992	14272	3.612824	0.08196536
4490992	14273	3.2372742	0.27845028
4490992	14274	2.3683996	1.0259665
4490992	14275	2.4959087	0.83256483
4490992	14276	3.130095	0.3676305
4490992	14277	3.4232535	0.20406005
4490992	14278	3.4441214	0.059242874
4490992	14279	3.730526	-0.16028073
4490992	14280	3.306375	0.17267385
4490992	14281	3.1192322	0.21604022
4490992	14282	2.8217282	0.6476526
4490992	14283	2.8590117	0.50856245
4490992	14284	2.910111	0.52621305
4490992	14285	2.9342842	0.4859527
4490992	14286	2.7912874	0.6880257
4490992	14287	2.925973	0.50120366
4490992	14288	2.87353	0.5717634
4490992	14289	2.9036875	0.5476804
4490992	14290	2.8621588	0.59272563
4490992	14291	2.6415143	0.86312413
4490992	14292	2.6496544	0.79338706
4490992	14293	2.6811275	0.777148
4490992	14294	2.1270804	1.3111897
4490992	14295	1.9778394	1.3808138
4490992	14296	1.9326528	1.5610592
4490992	14297	2.024736	1.4662105
4490992	14298	2.9769793	0.64889777
4490992	14299	2.8512545	0.8798528
4490992	14300	1.9693459	1.7210763
4490992	14301	1.5741891	1.9606919
4490992	14302	2.0675564	1.3841735
4490992	14303	2.3627496	1.0988197
4490992	14304	2.19129	1.33463
4490992	14305	2.1158838	1.1952108
4490992	14306	2.097948	1.1953593
4490992	14307	2.0815158	1.2871164
4490992	14308	2.1720815	1.196294
4490992	14309	2.133624	1.1391582
4490992	14310	2.1688247	1.1744046
4490992	14311	2.222075	1.060738
4490992	14312	2.322206	0.9265379
4490992	14313	2.1600986	1.1455982
4490992	14314	2.4523273	0.89961183
4490992	14315	2.3689575	1.0231179
4490992	14316	2.4074807	0.9775801
4490992	14317	2.4396272	0.95282745
4490992	14318	2.387951	1.1107802
4490992	14319	2.2611446	1.2475005
4490992	14320	2.3195386	1.1425093
4490992	14321	2.3596802	1.1560647
4490992	14322	2.3507695	1.1825551
4490992	14323	2.6421967	0.903306
4490992	14324	2.5615826	0.85764
4490992	14325	2.1642404	1.1382074
4490992	14326	2.033071	1.2886047
4490992	14327	1.998324	1.2466373
4490992	14328	2.1127968	1.1822728
4490992	14329	2.2526608	1.0838416
4490992	14330	2.6956477	0.7839531
4490992	14331	2.5920138	0.763713
4490992	14332	2.0966134	1.1977751
4490992	14333	1.9486839	1.2560965
4490992	14334	1.915032	1.2966566
4490992	14335	1.8844842	1.3525524
4490992	14336	2.0282397	1.1653111
4490992	14337	3.5082846	-0.11854389
4490992	14338	3.102892	0.28265515
4490992	14339	3.5638409	1.1793456
4490992	14340	3.703434	-0.704911
4490992	14341	3.3755407	1.0624524
4490992	14342	3.5227895	0.9965342
4490992	14343	3.641953	0.78941715
4490992	14344	3.8936963	0.8370825
4490992	14345	2.9947004	1.439328
4490992	14346	2.9896407	1.5024107
4490992	14347	2.7692256	1.7426965
4490992	14348	2.6725235	1.8870575
4490992	14349	3.2468405	1.5625474
4490992	14350	3.4194326	1.4836364
4490992	14351	3.2179585	1.5591197
4490992	14352	3.232275	1.4687299
4490992	14353	3.849484	0.8783798
4490992	14354	3.8428168	0.9499904
4490992	14355	3.553132	1.2576486
4490992	14356	3.618545	1.238798
4490992	14357	3.8441691	0.96479905
4490992	14358	3.8522573	0.9117825
4490992	14359	3.466237	1.3429446
4490992	14360	4.3120794	0.50136817
4490992	14361	3.990695	0.86924386
4490992	14362	4.1750712	0.66892266
4490992	14363	4.410065	0.4232916
4490992	14364	4.404771	0.47945485
4490992	14365	4.216653	0.70087373
4490992	14366	4.9446716	-0.0038357973
4490992	14367	5.091414	-0.09360501
4490992	14368	4.982831	0.00293988
4490992	14369	4.618729	0.27671692
4490992	14370	4.5964947	0.2817445
4490992	14371	4.6518993	0.18578771
4490992	14372	4.767308	0.10006693
4490992	14373	3.7419405	1.0217477
4490992	14374	3.6022654	1.0027442
4490992	14375	3.6284542	1.1145073
4490992	14376	3.4444618	1.4312674
4490992	14377	3.3196912	1.6348529
4490992	14378	3.4010835	1.5892892
4490992	14379	3.3564787	1.681406
4490992	14380	3.3032207	1.7671552
4490992	14381	3.264398	1.853375
4490992	14382	3.129243	1.8370686
4490992	14383	3.082471	1.8529534
4490992	14384	3.1633196	1.872771
4490992	14385	3.0526752	1.9867077
4490992	14386	3.0376682	1.9807701
4490992	14387	3.061695	2.0104673
4490992	14388	3.0879602	2.0081098
4490992	14389	3.0699973	2.0435438
4490992	14390	3.2324462	1.8757355
4490992	14391	3.2808685	1.8858316
4490992	14392	3.2612739	1.7516809
4490992	14393	3.2757173	1.8603668
4490992	14394	3.123385	2.0194287
4490992	14395	3.003932	1.9469755
4490992	14396	3.1730657	1.9086123
4490992	14397	1.6344889	2.1768758
4490992	14398	2.111845	3.272304
4490992	14399	1.7998103	3.1182816
4490992	14400	1.8890442	2.9020534
4490992	14401	1.742216	2.961235
4490992	14402	1.810733	2.884967
4490992	14403	1.9890941	2.8128643
4490992	14404	1.9907511	2.81137
4490992	14405	1.939485	1.3745159
4490992	14406	1.5121866	1.5358633
4490992	14407	1.4320803	1.5951848
4490992	14408	1.3789495	1.6640437
4490992	14409	1.3375304	1.7525005
4490992	14410	1.3260106	1.7581546
4490992	14411	2.028678	0.77128994
4490992	14412	2.374712	0.5657455
4490992	14413	2.6526804	0.4205387
4490992	14414	2.724379	0.45775136
4490992	14415	2.651659	0.5525063
4490992	14416	3.0591927	0.19545165
4490992	14417	2.9877691	0.3200645
4490992	14418	2.6081843	0.6168035
4490992	14419	3.1841478	1.7006829
4490992	14420	3.2831106	1.5371989
4490992	14421	2.6456785	1.8392727
4490992	14422	3.0562406	1.5413
4490992	14423	3.2457619	1.3754264
4490992	14424	3.0134134	0.009081334
4490992	14425	3.363916	0.1246995
4490992	14426	2.7731824	0.289673
4490992	14427	2.6784215	0.27726617
4490992	14428	2.5774884	0.4558169
4490992	14429	3.049623	1.1761454
4490992	14430	3.4795704	1.3312132
4490992	14431	3.262137	1.6297269
4490992	14432	3.31715	1.5997264
4490992	14433	2.938858	1.8009627
4490992	14434	2.9017148	1.81441
4490992	14435	2.3194618	2.4897199
4490992	14436	2.0754843	0.9148209
4490992	14437	1.7473735	1.1844059
4490992	14438	2.1625376	1.0010656
4490992	14439	2.0426736	0.85966
4490992	14440	2.250898	0.6316807
4490992	14441	2.277762	0.5949911
4490992	14442	2.3981967	0.7047607
4490992	14443	2.454534	0.4765012
4490992	14444	2.7430348	1.4947661
4490992	14445	2.8732014	1.6568582
4490992	14446	2.9748983	1.6511006
4490992	14447	2.7952027	1.7671473
4490992	14448	2.961719	1.5789051
4490992	14449	2.883967	1.6643164
4490992	14450	2.8499756	1.6876011
4490992	14451	2.7961273	1.7165298
4490992	14452	2.7552958	1.7380252
4490992	14453	2.721848	1.7510128
4490992	14454	2.6987486	1.7616532
4490992	14455	2.685523	1.7688694
4490992	14456	2.6787906	1.7791615
4490992	14457	2.6741705	1.7879956
4490992	14458	2.6671686	1.7994592
4490992	14459	2.6633587	1.80879
4490992	14460	2.6539717	1.8210304
4490992	14461	2.6491284	1.8274825
4490992	14462	2.2510438	2.0845673
4490992	14463	2.4017138	2.1411119
4490992	14464	2.539137	1.972399
4490992	14465	2.7228646	1.9614072
4490992	14466	2.95779	1.7817719
4490992	14467	3.5063806	1.1691525
4490992	14468	3.9037256	1.045968
4490992	14469	3.869182	1.1220058
4490992	14470	3.5909557	1.4551467
4490992	14471	3.7469096	1.3670022
4490992	14472	3.877046	1.2667352
4490992	14473	3.640418	1.3148799
4490992	14474	3.7671747	1.2995032
4490992	14475	3.6494908	1.3878651
4490992	14476	3.7226539	1.346923
4490992	14477	3.6037307	1.4314296
4490992	14478	3.6576638	1.5619245
4490992	14479	3.9980578	1.1544509
4490992	14480	3.859816	1.2992541
4490992	14481	3.9526734	1.2155042
4490992	14482	3.9145198	1.2103959
4490992	14483	4.1259885	1.0645143
4490992	14484	4.009952	1.2451582
4490992	14485	4.305216	0.98157203
4490992	14486	4.320005	1.0135183
4490992	14487	3.855546	1.4878199
4490992	14488	4.0562096	1.262601
4490992	14489	3.988923	1.4517475
4490992	14490	3.8534703	1.487827
4490992	14491	3.9270787	1.482891
4490992	14492	3.9468493	1.4428692
4490992	14493	3.980598	1.4473873
4490992	14494	3.3978057	1.8220103
4490992	14495	3.247808	2.1277125
4490992	14496	2.853032	2.3177285
4490992	14497	2.8381329	2.4231036
4490992	14498	1.9635314	2.7150247
4490992	14499	1.8199681	2.7193727
4490992	14500	1.9975013	2.830593
4490992	14501	1.6247622	2.9322715
4490992	14502	1.9835044	2.8252156
4490992	14503	1.6244241	2.9245
4490992	14504	1.9690992	2.8398178
4490992	14505	1.6196092	2.944325
4490992	14506	1.9476076	2.8698342
4490992	14507	1.6267139	2.9659908
4490992	14508	1.953354	2.876891
4490992	14509	1.6391565	2.9780946
4490992	14510	1.9604238	2.891339
4490992	14511	1.6531402	2.9924047
4490992	14512	1.9511594	2.9534147
4490992	14513	1.6624297	3.03954
4490992	14514	1.9751011	2.942126
4490992	14515	1.6791569	3.0362551
4490992	14516	1.98619	2.9524698
4490992	14517	1.6876491	3.0486946
4490992	14518	1.982833	2.966312
4490992	14519	1.6804093	3.0628448
4490992	14520	1.982633	2.9790957
4490992	14521	1.6971883	3.0702484
4490992	14522	1.9864415	2.9901872
4490992	14523	1.7087275	3.0819888
4490992	14524	1.9925407	3.002367
4490992	14525	1.716519	3.0932567
4490992	14526	1.9958698	3.0136447
4490992	14527	1.7233573	3.103626
4490992	14528	1.9996439	3.02441
4490992	14529	1.7299193	3.1131375
4490992	14530	1.9974815	3.0335968
4490992	14531	1.7355238	3.1211882
4490992	14532	2.0006456	3.0428295
4490992	14533	1.7400547	3.128403
4490992	14534	2.0095353	3.049314
4490992	14535	1.750647	3.1354883
4490992	14536	2.0150747	3.0573459
4490992	14537	1.7580003	3.1406965
4490992	14538	2.0143123	3.062711
4490992	14539	1.7610217	3.144204
4490992	14540	2.0170174	3.06559
4490992	14541	1.7683688	3.1463134
4490992	14542	2.0225897	3.0672772
4490992	14543	1.7765952	3.1470792
4490992	14544	2.0285225	3.0690799
4490992	14545	1.7852103	3.1487627
4490992	14546	1.7815787	3.1038108
4490992	14547	1.6485504	3.261772
4490992	14548	1.5484349	3.2350094
4490992	14549	1.2220625	3.152928
4490992	14550	1.3969793	3.4690003
4490992	14551	1.358541	3.4264743
4490992	14552	2.1273046	2.7627034
4490992	14553	2.45158	2.5118365
4490992	14554	2.648314	2.3347359
4490992	14555	2.6954532	2.2401292
4490992	14556	2.6775799	2.3381596
4490992	14557	1.647704	3.1363273
4490992	14558	1.1663886	3.482124
4490992	14559	0.9830972	3.4337103
4490992	14560	0.9065534	3.5093973
4490992	14561	0.9775419	3.479596
4490992	14562	-0.28382713	0.9824151
4490992	14563	-0.38833684	-0.29140806
4490992	14564	1.1226612	-1.4254295
4490992	14565	0.87731576	-0.8455914
4490992	14566	0.8315407	-0.6800725
4490992	14567	0.8761407	-0.011792898
4490992	14568	0.95287	0.071122736
4490992	14569	0.8783629	0.050120384
4490992	14570	0.9602989	-0.107893646
4490992	14571	0.77393746	0.20775625
4490992	14572	0.42599535	0.4375398
4490992	14573	1.2814907	1.1548694
4490992	14574	1.0029789	1.112924
4490992	14575	1.0813875	0.9705858
4490992	14576	0.3518945	1.933465
4490992	14577	0.16445363	2.6031854
4490992	14578	0.74021065	1.2210352
4490992	14579	0.3249327	1.7042215
4490992	14580	1.6009647	2.179272
4490992	14581	1.0838788	2.282046
4490992	14582	1.0839957	2.15188
4490992	14583	2.036066	0.85861456
4490992	14584	1.9904076	1.1376873
4490992	14585	2.1807747	1.0256051
4490992	14586	2.4818583	0.7837248
4490992	14587	2.7885752	0.5839195
4490992	14588	2.717812	0.78051186
4490992	14589	2.8343854	0.67401576
4490992	14590	2.9124594	0.5711007
4490992	14591	2.9486432	0.5714295
4490992	14592	3.8560271	0.8787359
4490992	14593	3.283071	1.3554492
4490992	14594	3.084516	-0.15139401
4490992	14595	2.741119	0.30536518
4490992	14596	2.667008	0.42121568
4490992	14597	2.3516388	0.6800449
4490992	14598	2.3179045	0.6931199
4490992	14599	2.0427794	0.96900713
4490992	14600	2.2763228	0.6964425
4490992	14601	2.332415	0.7421813
4490992	14602	2.0058217	-0.30251095
4490992	14603	1.7948526	-0.31316647
4490992	14604	2.90797	0.23214069
4490992	14605	2.6362505	0.1741915
4490992	14606	2.5073915	0.34186116
4490992	14607	2.850833	0.05551794
4490992	14608	3.0377622	-0.02190265
4490992	14609	3.321731	-0.19963074
4490992	14610	3.377068	0.7619029
4490992	14611	3.0718884	1.1647727
4490992	14612	3.1374683	1.2247598
4490992	14613	2.8294597	1.4613148
4490992	14614	2.8340516	1.216853
4490992	14615	3.3181686	1.2072504
4490992	14616	2.8332725	1.7188668
4490992	14617	2.8190255	1.8476481
4490992	14618	2.809257	1.9678347
4490992	14619	3.1577063	1.6488302
4490992	14620	3.2540889	1.6735091
4490992	14621	2.840723	1.9816098
4490992	14622	2.8373795	1.9767327
4490992	14623	2.8464775	2.0627544
4490992	14624	3.653298	1.2922188
4490992	14625	3.0165567	2.1149573
4490992	14626	3.3766975	1.7246962
4490992	14627	3.2438016	-0.24452282
4490992	14628	3.2600136	-0.07176006
4490992	14629	3.2777243	-0.19454217
4490992	14630	3.3068676	-0.1643444
4490992	14631	2.7339854	0.5187129
4490992	14632	2.817687	0.23688152
4490992	14633	2.824463	0.40416798
4490992	14634	2.7811313	0.35515115
4490992	14635	3.5790553	-0.12326029
4490992	14636	3.2984881	-0.18173394
4490992	14637	2.913487	0.11331913
4490992	14638	2.7896833	0.23235157
4490992	14639	2.6376662	0.43705645
4490992	14640	2.645975	0.36970052
4490992	14641	3.1570978	0.14838651
4490992	14642	2.3659725	0.56179285
4490992	14643	2.0561447	0.80037487
4490992	14644	1.87387	0.99648046
4490992	14645	1.8826729	1.1492354
4490992	14646	2.725934	0.39375743
4490992	14647	3.2963796	1.1407735
4490992	14648	3.4407868	0.75307965
4490992	14649	2.782415	0.22468826
4490992	14650	2.7617965	0.31581435
4490992	14651	2.7901545	0.2988939
4490992	14652	2.2555103	0.9073262
4490992	14653	1.8555554	1.2630218
4490992	14654	2.4160843	0.8418262
4490992	14655	2.6109948	0.67650914
4490992	14656	2.2038655	1.1934803
4490992	14657	2.1373034	1.1970693
4490992	14658	2.0683384	1.0835766
4490992	14659	2.296597	0.84797263
4490992	14660	2.5483484	0.72150874
4490992	14661	2.6330233	0.7889004
4490992	14662	2.672069	0.6438334
4490992	14663	2.6554265	0.66933143
4490992	14664	2.6302142	0.75031304
4490992	14665	2.8294926	0.84388316
4490992	14666	2.8276992	0.529166
4490992	14667	2.640047	0.59333503
4490992	14668	2.4838576	0.8009888
4490992	14669	2.495675	0.7250477
4490992	14670	2.905231	0.5869523
4490992	14671	2.8106222	0.55224
4490992	14672	2.560771	0.7360307
4490992	14673	2.3690891	0.9253119
4490992	14674	2.4845595	0.84331715
4490992	14675	1.663926	1.951113
4490992	14676	1.431498	2.3385196
4490992	14677	0.7272918	2.5126584
4490992	14678	0.72308064	2.3937867
4490992	14679	0.7412634	2.3654346
4490992	14680	0.78963447	2.2972915
4490992	14681	0.8141211	2.2684736
4490992	14682	0.82258856	2.2607696
4490992	14683	0.8649156	2.1827536
4490992	14684	1.1717213	1.7990024
4490992	14685	2.49758	2.0793958
4490992	14686	2.0133243	2.572676
4490992	14687	2.3325987	2.1029937
4490992	14688	2.2162838	2.384504
4490992	14689	2.4650812	0.5303631
4490992	14690	2.2832718	0.78766274
4490992	14691	2.2892032	0.67298865
4490992	14692	2.1123338	0.7882885
4490992	14693	2.5049329	0.31085005
4490992	14694	2.6723533	0.25900856
4490992	14695	2.7730317	0.17780045
4490992	14696	2.7720313	0.2526413
4490992	14697	2.6893916	0.2959043
4490992	14698	2.9204702	0.07162401
4490992	14699	2.9962378	0.11074719
4490992	14700	2.979416	0.050285727
4490992	14701	3.280407	-0.19355586
4490992	14702	3.238637	-0.16430026
4490992	14703	3.1055603	-0.010044843
4490992	14704	3.1290946	-0.06762546
4490992	14705	3.0989842	-0.044603676
4490992	14706	3.1736789	-0.084769875
4490992	14707	3.1390605	-0.08092123
4490992	14708	3.1372423	-0.06111461
4490992	14709	3.074676	0.0056802332
4490992	14710	3.8054662	-0.5465358
4490992	14711	3.2380176	-0.28760278
4490992	14712	3.3056116	-0.2496971
4490992	14713	3.3563166	-0.259234
4490992	14714	3.2861824	-0.20244014
4490992	14715	3.690086	0.6203145
4490992	14716	3.7027783	-0.9843558
4490992	14717	3.307705	-0.5518835
4490992	14718	3.4330282	-0.65807056
4490992	14719	3.053649	-0.2516641
4490992	14720	3.2484393	-0.36505696
4490992	14721	3.080935	-0.2033607
4490992	14722	3.3081217	-0.3148235
4490992	14723	2.323523	0.73518455
4490992	14724	2.882636	0.14597926
4490992	14725	2.97225	0.13643405
4490992	14726	2.9336348	0.19979319
4490992	14727	2.8217077	0.3418592
4490992	14728	2.9860702	0.27412286
4490992	14729	3.3082213	0.06566861
4490992	14730	3.7698984	0.52533233
4490992	14731	3.5794373	1.0184417
4490992	14732	2.8200045	0.27896503
4490992	14733	2.4042034	0.8710282
4490992	14734	2.4915285	0.79917204
4490992	14735	2.895412	0.49609205
4490992	14736	2.6350632	0.7328528
4490992	14737	2.8540645	0.8150804
4490992	14738	3.2652678	0.23154184
4490992	14739	3.5762568	0.05649373
4490992	14740	3.2434778	0.0573636
4490992	14741	3.2955108	0.050311476
4490992	14742	3.31956	0.05701652
4490992	14743	3.3839574	-0.03948039
4490992	14744	3.9331794	0.6218983
4490992	14745	3.615965	-0.34073755
4490992	14746	3.9148765	-0.2255251
4490992	14747	3.5091858	-0.09866375
4490992	14748	3.4965281	-0.011682332
4490992	14749	3.4539328	0.035663605
4490992	14750	3.3945284	0.08194843
4490992	14751	3.0749288	0.26450375
4490992	14752	2.8921385	0.37902412
4490992	14753	3.2760377	0.22475055
4490992	14754	3.4391956	0.064465016
4490992	14755	3.6297727	0.06046036
4490992	14756	2.6875381	0.49267122
4490992	14757	2.8766737	0.49379197
4490992	14758	1.5465676	1.8128872
4490992	14759	1.3923758	1.9075775
4490992	14760	1.2131046	2.018265
4490992	14761	1.1149893	2.0774794
4490992	14762	2.3546872	2.0153434
4490992	14763	2.0990772	2.2998726
4490992	14764	2.0786276	2.3584046
4490992	14765	2.0516162	2.3432217
4490992	14766	2.0344815	2.391838
4490992	14767	1.9972426	2.3955545
4490992	14768	2.5684376	1.7380772
4490992	14769	2.5430117	1.8867044
4490992	14770	2.232707	0.5018594
4490992	14771	2.4102745	0.44278893
4490992	14772	2.4964347	0.39474902
4490992	14773	2.750772	0.20593801
4490992	14774	2.763484	1.3104529
4490992	14775	2.9408836	1.1522515
4490992	14776	3.0045166	1.0894773
4490992	14777	3.025752	1.125655
4490992	14778	3.0033822	1.1672115
4490992	14779	2.9440718	1.1964189
4490992	14780	3.0331602	1.2005708
4490992	14781	3.2046685	1.006844
4490992	14782	3.2247262	1.0841454
4490992	14783	3.0541368	1.1961838
4490992	14784	2.903244	1.3033919
4490992	14785	2.9389496	1.3613925
4490992	14786	2.8739896	1.4279705
4490992	14787	2.817377	1.5782032
4490992	14788	2.7960305	1.6501215
4490992	14789	2.800012	1.6968277
4490992	14790	2.8008666	1.7268748
4490992	14791	2.8084064	1.7360573
4490992	14792	3.4941359	0.9397844
4490992	14793	3.2555428	1.046564
4490992	14794	3.5034766	0.8510798
4490992	14795	3.3225846	1.0490305
4490992	14796	3.092052	1.1379983
4490992	14797	2.9560938	1.3972062
4490992	14798	2.895061	1.5083711
4490992	14799	2.8899674	1.5899172
4490992	14800	2.8777552	1.6416476
4490992	14801	2.880622	1.6664279
4490992	14802	3.5584884	1.0698086
4490992	14803	3.4579644	1.0473948
4490992	14804	3.5821118	1.0547209
4490992	14805	3.1753712	1.3998926
4490992	14806	3.0288434	1.494789
4490992	14807	2.993711	1.5584476
4490992	14808	2.9659638	1.5973313
4490992	14809	2.9591937	1.6231985
4490992	14810	2.9513345	1.6442087
4490992	14811	2.9505868	1.6577518
4490992	14812	2.9413786	1.6659298
4490992	14813	3.0544152	1.4349908
4490992	14814	3.2376838	1.2981285
4490992	14815	3.2903175	1.2379636
4490992	14816	3.2831492	1.301206
4490992	14817	3.275466	1.334368
4490992	14818	3.2703147	1.3629321
4490992	14819	3.2665849	1.3814393
4490992	14820	3.2622743	1.3977478
4490992	14821	3.260127	1.4000392
4490992	14822	3.2722921	1.4072065
4490992	14823	3.2727656	1.417099
4490992	14824	3.2689967	1.4338282
4490992	14825	3.2659917	1.4446514
4490992	14826	3.2553716	1.459178
4490992	14827	3.2503977	1.4676005
4490992	14828	3.2400522	1.4785124
4490992	14829	3.2354465	1.4840798
4490992	14830	3.2291346	1.491854
4490992	14831	3.2271323	1.4960917
4490992	14832	3.2220798	1.502076
4490992	14833	3.2245703	1.504794
4490992	14834	3.2191281	1.5107166
4490992	14835	3.2183862	1.5123607
4490992	14836	3.21531	1.5163425
4490992	14837	3.2160592	1.5169303
4490992	14838	3.2120376	1.505032
4490992	14839	3.2230563	1.5109924
4490992	14840	3.2252693	1.5129178
4490992	14841	3.231773	1.5152261
4490992	14842	3.2320452	1.5184488
4490992	14843	3.232213	1.5175356
4490992	14844	3.2308931	1.5199376
4490992	14845	3.2337313	1.5179263
4490992	14846	3.233593	1.5198097
4490992	14847	3.2366881	1.5185169
4490992	14848	3.2366452	1.5199612
4490992	14849	3.2368474	1.5177141
4490992	14850	3.235406	1.5189315
4490992	14851	3.2377772	1.5166456
4490992	14852	3.2373028	1.5173353
4490992	14853	3.2400584	1.5154386
4490992	14854	3.2397394	1.5159396
4490992	14855	3.2426944	1.5133293
4490992	14856	3.245288	1.5138795
4490992	14857	3.2500196	1.5121217
4490992	14858	3.2488995	1.5128552
4490992	14859	3.2522402	1.5102878
4490992	14860	3.25524	1.5104679
4490992	14861	3.2598538	1.5079169
4490992	14862	3.2589192	1.5088477
4490992	14863	3.262591	1.5063255
4490992	14864	3.2634206	1.5063025
4490992	14865	3.2697139	1.504719
4490992	14866	3.2714725	1.5052905
4490992	14867	3.2681198	1.4969443
4490992	14868	3.161265	1.3119164
4490992	14869	3.5810518	0.92883956
4490992	14870	3.6401482	0.9702246
4490992	14871	3.987392	0.62142944
4490992	14872	3.9149604	0.5798478
4490992	14873	3.742208	0.820508
4490992	14874	3.8482141	0.68913007
4490992	14875	4.086734	0.50046754
4490992	14876	4.0584664	0.60241723
4490992	14877	3.909165	0.7424685
4490992	14878	3.9885855	0.6831511
4490992	14879	3.8789778	0.79275537
4490992	14880	4.0625367	0.63198936
4490992	14881	3.8801284	0.8287734
4490992	14882	3.9331937	0.7665204
4490992	14883	3.8754401	0.8746375
4490992	14884	3.8888416	0.8698423
4490992	14885	3.80059	0.9611825
4490992	14886	3.8732004	0.88867855
4490992	14887	3.845591	0.9540869
4490992	14888	3.86409	0.9365076
4490992	14889	3.8055983	0.99912584
4490992	14890	3.922834	0.86947036
4490992	14891	3.857143	0.9721415
4490992	14892	4.2654285	0.5723071
4490992	14893	3.710894	-0.33572528
4490992	14894	3.2216969	-0.14266255
4490992	14895	3.0853138	-0.09060714
4490992	14896	2.814363	0.23439023
4490992	14897	2.9609594	0.23119643
4490992	14898	2.8022366	0.39092287
4490992	14899	2.680983	1.4711388
4490992	14900	1.9975604	2.3516102
4490992	14901	1.9390463	2.3894887
4490992	14902	1.9697772	2.3685765
4490992	14903	1.819831	2.5654564
4490992	14904	2.3754272	2.067199
4490992	14905	3.2030644	1.4044036
4490992	14906	3.6076522	1.291695
4490992	14907	3.8653936	1.243932
4490992	14908	3.2995129	1.5603545
4490992	14909	3.1401439	1.696876
4490992	14910	2.2567587	2.6555245
4490992	14911	2.0255914	2.8415816
4490992	14912	1.9187349	2.9264219
4490992	14913	1.305696	3.558408
4490992	14914	1.3075839	3.6954644
4490992	14915	1.4424314	3.663324
4490992	14916	1.5041097	3.2113516
4490992	14917	2.1180296	2.8395216
4490992	14918	1.7921563	3.232206
4490992	14919	1.932839	3.04747
4490992	14920	1.777687	3.1021001
4490992	14921	1.6257507	3.2136722
4490992	14922	1.4532462	3.3746424
4490992	14923	1.4497443	3.5584614
4490992	14924	1.4579564	3.5310855
4490992	14925	1.3334475	3.811722
4490992	14926	1.1914047	4.105067
4490992	14927	1.0155475	4.228043
4490992	14928	1.1861345	4.223529
4490992	14929	1.0484018	4.321115
4490992	14930	1.0740619	4.2770953
4490992	14931	1.4020418	3.683571
4490992	14932	0.87512505	4.313573
4490992	14933	0.82440805	4.3201385
4490992	14934	1.035115	4.120426
4490992	14935	1.0669746	4.185346
4490992	14936	1.112585	4.2246428
4490992	14937	1.0071623	3.8748271
4490992	14938	2.0163789	3.079242
4490992	14939	1.9834944	3.2274613
4490992	14940	2.2976456	2.7996285
4490992	14941	1.8252724	3.343608
4490992	14942	2.151919	3.1136062
4490992	14943	2.0876966	3.1980124
4490992	14944	2.4966245	2.8466396
4490992	14945	2.4662552	2.749454
4490992	14946	2.156127	2.9853823
4490992	14947	2.7832923	2.5939248
4490992	14948	2.8726563	2.5667365
4490992	14949	2.9937563	2.2204154
4490992	14950	3.151124	1.9650159
4490992	14951	1.7629033	3.0756304
4490992	14952	-0.12952256	1.7905667
4490992	14953	0.8980814	0.7848145
4490992	14954	0.71577895	1.1676075
4490992	14955	1.673901	1.7969973
4490992	14956	1.7957023	1.4754497
4490992	14957	1.293782	1.8659425
4490992	14958	1.2923418	1.8868749
4490992	14959	2.6734715	1.2701735
4490992	14960	2.6092448	1.3870763
4490992	14961	2.5999599	0.26733992
4490992	14962	2.5928788	0.21572104
4490992	14963	2.872354	-0.013754517
4490992	14964	2.6591382	0.33811656
4490992	14965	2.7931151	0.10327825
4490992	14966	2.617127	0.33373913
4490992	14967	2.579339	0.33384004
4490992	14968	3.1522412	1.2248368
4490992	14969	3.2553644	0.87852097
4490992	14970	3.0173697	1.1959596
4490992	14971	2.7824507	1.3796138
4490992	14972	2.5300026	1.6584666
4490992	14973	2.8017707	1.3987986
4490992	14974	2.6478548	1.5286956
4490992	14975	2.63969	1.4994442
4490992	14976	2.0907354	2.1457553
4490992	14977	2.2197251	1.7673848
4490992	14978	1.5314232	0.9374589
4490992	14979	3.2024832	0.87269616
4490992	14980	3.1979194	1.0645719
4490992	14981	3.5601401	0.89149857
4490992	14982	3.7902231	0.6717423
4490992	14983	3.6518207	0.8275331
4490992	14984	2.4000258	0.3913
4490992	14985	2.2620687	0.7895292
4490992	14986	2.4774818	0.6749723
4490992	14987	2.502265	0.8036436
4490992	14988	2.5781631	0.6646608
4490992	14989	2.6806483	0.6728915
4490992	14990	2.950818	0.45738485
4490992	14991	2.948772	0.4028944
4490992	14992	2.8902125	0.5619621
4490992	14993	2.9152718	0.5585482
4490992	14994	2.895358	0.50674844
4490992	14995	2.8702664	0.5604733
4490992	14996	2.7131844	0.7188525
4490992	14997	2.747705	0.5756657
4490992	14998	2.7612557	0.56011033
4490992	14999	2.8488503	0.5423
4490992	15000	2.831429	0.5519713
4490992	15001	2.9530916	0.4760519
4490992	15002	3.363308	0.20879033
4490992	15003	3.1014094	0.2728252
4490992	15004	3.080974	0.36215344
4490992	15005	2.9582586	0.45622322
4490992	15006	2.8981833	0.38490012
4490992	15007	2.811204	0.6280478
4490992	15008	2.900621	0.39280596
4490992	15009	2.7296867	0.614887
4490992	15010	2.714644	0.70351267
4490992	15011	2.9314542	0.6336167
4490992	15012	3.4632177	0.20933595
4490992	15013	3.017746	0.4200395
4490992	15014	3.1164198	0.20186868
4490992	15015	3.0654979	0.37277588
4490992	15016	3.501042	1.1668879
4490992	15017	4.142405	0.62253535
4490992	15018	3.9064512	0.91591656
4490992	15019	3.0648222	-0.16825125
4490992	15020	3.2191148	-0.09296054
4490992	15021	3.406704	-0.22971381
4490992	15022	3.469715	-0.26556808
4490992	15023	2.7307515	0.2969106
4490992	15024	2.7753105	0.36227003
4490992	15025	2.8331308	0.3878595
4490992	15026	2.594912	0.5655004
4490992	15027	2.5279365	0.59165025
4490992	15028	2.4518218	0.6676533
4490992	15029	2.3542795	0.7230537
4490992	15030	2.492146	1.8314528
4490992	15031	2.7504826	1.4711277
4490992	15032	3.1211839	1.3540533
4490992	15033	3.3075805	1.0742904
4490992	15034	3.2813582	1.0548067
4490992	15035	3.246173	0.99834573
4490992	15036	3.3245397	0.887411
4490992	15037	3.223699	1.0135559
4490992	15038	3.2994733	0.94321334
4490992	15039	3.1879125	-0.057557166
4490992	15040	3.2333841	0.25422475
4490992	15041	3.7636766	0.23806396
4490992	15042	3.6352358	-0.73978114
4490992	15043	3.0379982	-0.319679
4490992	15044	2.9299364	-0.24561152
4490992	15045	3.1677003	-0.39981857
4490992	15046	3.1586442	-0.34748524
4490992	15047	3.2392678	-0.36192033
4490992	15048	3.2196217	-0.350438
4490992	15049	2.6702452	-0.028484017
4490992	15050	3.0051713	-0.3298031
4490992	15051	2.8657813	-0.20377696
4490992	15052	3.6191158	-0.84320104
4490992	15053	3.7314935	-0.8249647
4490992	15054	3.7943687	-0.82424426
4490992	15055	3.7923212	-0.9186343
4490992	15056	3.918645	-0.9129364
4490992	15057	3.8934264	-0.9083806
4490992	15058	3.0247808	-0.36356077
4490992	15059	2.9932542	-0.08147782
4490992	15060	2.829986	-0.044724584
4490992	15061	2.917471	0.01162523
4490992	15062	3.1408405	-0.12536526
4490992	15063	3.3249044	-0.3873322
4490992	15064	3.4284558	-0.51718557
4490992	15065	3.619433	-0.658329
4490992	15066	3.9469848	-0.8325629
4490992	15067	3.6286068	-0.7468358
4490992	15068	3.7523546	-0.72881067
4490992	15069	3.2718263	-0.36947042
4490992	15070	3.472643	-0.54631025
4490992	15071	3.4065456	-0.4631413
4490992	15072	3.3834934	-0.47801208
4490992	15073	3.465827	-0.50975555
4490992	15074	3.4451714	-0.51834416
4490992	15075	3.4018016	-0.49500734
4490992	15076	3.3244872	-0.39798564
4490992	15077	2.9869833	-0.12509269
4490992	15078	2.9394946	-0.0017466247
4490992	15079	3.301775	-0.28486532
4490992	15080	3.3999505	-0.37137365
4490992	15081	3.91358	-0.7363441
4490992	15082	3.9611034	-0.76976
4490992	15083	4.100503	0.1011481
4490992	15084	4.029077	0.16750166
4490992	15085	4.1934485	0.2173467
4490992	15086	4.1489544	0.2388275
4490992	15087	4.1489153	0.2126672
4490992	15088	4.0722466	0.26627508
4490992	15089	4.7214866	-0.3737263
4490992	15090	4.796465	-0.47045267
4490992	15091	4.774669	-0.40027744
4490992	15092	4.6767025	-0.40475622
4490992	15093	4.7326326	-0.41428816
4490992	15094	4.738853	-0.3621467
4490992	15095	4.432375	-0.07592186
4490992	15096	4.639143	-0.40539932
4490992	15097	4.713511	-0.40449676
4490992	15098	4.6576223	-0.40476596
4490992	15099	4.579269	-0.3041443
4490992	15100	4.4547534	-0.13117814
4490992	15101	4.5531716	-0.2690134
4490992	15102	4.558718	-0.28392607
4490992	15103	4.909566	-0.60795635
4490992	15104	3.3494482	-0.5991553
4490992	15105	3.1177444	-0.12482813
4490992	15106	3.089579	-0.17169505
4490992	15107	3.1199198	-0.13890612
4490992	15108	3.086967	-0.10616535
4490992	15109	3.06147	-0.16851297
4490992	15110	3.4778757	-0.32376975
4490992	15111	3.6460733	-0.710744
4490992	15112	3.5244184	-0.50602055
4490992	15113	3.3510919	-0.50614834
4490992	15114	3.2204256	-0.1880452
4490992	15115	3.29666	-0.3874034
4490992	15116	3.2616196	-0.285551
4490992	15117	4.0079527	-0.77103394
4490992	15118	3.5513434	-0.55893195
4490992	15119	3.4441	-0.4537115
4490992	15120	3.4336882	0.42184606
4490992	15121	3.27556	0.6562916
4490992	15122	3.3212123	0.6790346
4490992	15123	3.5890942	0.58904123
4490992	15124	2.3943362	0.30138776
4490992	15125	2.3884044	0.46908465
4490992	15126	2.364839	0.35639253
4490992	15127	2.297398	0.46813527
4490992	15128	2.3269653	0.4255487
4490992	15129	2.3628392	0.42062953
4490992	15130	2.4385333	0.30859318
4490992	15131	1.8462654	0.62757146
4490992	15132	1.7498187	0.78113675
4490992	15133	1.6790134	0.8921498
4490992	15134	1.9497834	0.6026952
4490992	15135	1.7049581	0.8449987
4490992	15136	2.0100026	0.55901945
4490992	15137	1.7183264	0.83500266
4490992	15138	2.0534372	0.44107243
4490992	15139	2.0342178	0.47179762
4490992	15140	3.6206965	-0.29588756
4490992	15141	3.765955	-0.16283846
4490992	15142	3.951436	-0.34975082
4490992	15143	2.157323	0.08593258
4490992	15144	2.0334463	0.56105375
4490992	15145	2.3606243	0.20446953
4490992	15146	2.5211635	0.13112268
4490992	15147	2.592627	0.17944595
4490992	15148	2.930348	1.0206294
4490992	15149	2.7432137	1.2196481
4490992	15150	2.5680246	1.4404918
4490992	15151	2.5444741	1.5246168
4490992	15152	2.2909179	1.6373613
4490992	15153	2.215652	1.7503381
4490992	15154	2.3772035	1.5828598
4490992	15155	2.964167	1.1345832
4490992	15156	2.363833	1.5668838
4490992	15157	2.6804028	1.217726
4490992	15158	2.984367	1.0173913
4490992	15159	2.7889905	1.1552603
4490992	15160	1.8276993	2.3934934
4490992	15161	0.99468565	3.1390889
4490992	15162	0.74465466	3.64583
4490992	15163	0.6503711	3.7639468
4490992	15164	0.82837284	3.5321608
4490992	15165	0.8979813	3.6749027
4490992	15166	0.8513421	3.6480367
4490992	15167	0.7963382	3.7314813
4490992	15168	1.1837415	3.1112895
4490992	15169	1.0454811	3.4063067
4490992	15170	1.1019639	3.239113
4490992	15171	1.0471033	3.2882771
4490992	15172	1.1664188	3.224544
4490992	15173	1.1513728	3.1547348
4490992	15174	1.0755059	3.287258
4490992	15175	0.88768446	3.494457
4490992	15176	0.8767812	3.499362
4490992	15177	1.024727	3.2967088
4490992	15178	0.9188386	3.4226716
4490992	15179	1.1204385	3.1166465
4490992	15180	1.0603604	3.0728383
4490992	15181	1.1303638	3.1836753
4490992	15182	1.0097766	3.247334
4490992	15183	1.0726162	3.1713617
4490992	15184	1.1802018	3.189536
4490992	15185	1.2143259	3.0394535
4490992	15186	1.0460403	3.297773
4490992	15187	1.1633898	3.0606093
4490992	15188	1.0091822	3.3054307
4490992	15189	0.84473693	3.4111395
4490992	15190	1.1557267	3.1154947
4490992	15191	1.26498	3.0604126
4490992	15192	2.4555044	1.9127929
4490992	15193	2.6528134	1.7596753
4490992	15194	2.5141635	1.8955498
4490992	15195	2.4397616	1.9165151
4490992	15196	2.8331385	1.6928501
4490992	15197	2.8879404	1.6079206
4490992	15198	2.7745976	1.6427248
4490992	15199	2.6159487	1.7743561
4490992	15200	2.6137223	1.7643304
4490992	15201	2.544323	1.8342395
4490992	15202	2.5955176	1.7901614
4490992	15203	2.6008515	1.690038
4490992	15204	2.5805335	1.6027753
4490992	15205	2.5739284	1.7136374
4490992	15206	2.573173	1.7764282
4490992	15207	2.5372415	1.8646333
4490992	15208	2.5355806	1.9021361
4490992	15209	2.532494	1.9335654
4490992	15210	2.5378218	1.9543302
4490992	15211	2.5040097	2.0102494
4490992	15212	2.500557	2.0299535
4490992	15213	2.4616284	2.083301
4490992	15214	2.4521847	2.1013434
4490992	15215	2.419887	2.1437018
4490992	15216	2.4201407	2.1538112
4490992	15217	2.391673	2.193157
4490992	15218	2.3950462	2.1960514
4490992	15219	2.376574	2.229109
4490992	15220	2.3780136	2.2385871
4490992	15221	2.3506646	2.2754128
4490992	15222	2.3528914	2.2781482
4490992	15223	2.5512347	1.8638291
4490992	15224	2.3041291	2.2079573
4490992	15225	2.269988	2.0020509
4490992	15226	1.5131267	0.8071437
4490992	15227	1.3798027	0.98249006
4490992	15228	1.4213554	1.3916671
4490992	15229	1.3284326	1.3631752
4490992	15230	1.318099	1.284736
4490992	15231	1.0998315	1.5322325
4490992	15232	1.7320281	2.3414245
4490992	15233	1.5110649	2.4789493
4490992	15234	1.9760538	1.9610038
4490992	15235	1.9751266	1.9577465
4490992	15236	2.042159	1.9632115
4490992	15237	1.6079654	2.3586867
4490992	15238	1.7858583	0.5334753
4490992	15239	1.5063232	0.9584669
4490992	15240	1.5394126	0.9640151
4490992	15241	2.4887905	0.08629522
4490992	15242	2.6875424	0.22595987
4490992	15243	2.8485637	0.0904353
4490992	15244	3.035357	0.056221634
4490992	15245	1.6791424	1.2509454
4490992	15246	1.0408716	1.6635449
4490992	15247	2.6196618	1.9583085
4490992	15248	1.7166613	2.7208483
4490992	15249	1.5310651	2.9724705
4490992	15250	1.8730859	2.675509
4490992	15251	1.7840647	2.7068055
4490992	15252	1.7135593	2.7979076
4490992	15253	1.89351	2.6023443
4490992	15254	1.834639	2.5904918
4490992	15255	2.0839825	2.297745
4490992	15256	2.1110559	2.203915
4490992	15257	2.2723322	2.1710808
4490992	15258	2.3469725	0.6318462
4490992	15259	1.866458	0.9424484
4490992	15260	2.0042648	0.92967594
4490992	15261	2.9908552	1.7863128
4490992	15262	2.3721466	2.2908232
4490992	15263	1.934142	1.0344486
4490992	15264	1.2871991	1.5850122
4490992	15265	1.7263783	1.3567058
4490992	15266	1.6396114	1.3825601
4490992	15267	1.8049196	1.161537
4490992	15268	2.1956863	0.75880575
4490992	15269	2.9207573	0.15806654
4490992	15270	2.7123117	0.27639386
4490992	15271	2.5589547	0.38307503
4490992	15272	2.6174793	0.30172238
4490992	15273	2.8517804	0.03112945
4490992	15274	2.9008207	0.023251742
4490992	15275	2.9443407	-0.004594177
4490992	15276	3.2540426	0.90700686
4490992	15277	3.397046	1.1517315
4490992	15278	3.057372	1.7055802
4490992	15279	3.182034	1.311986
4490992	15280	2.159645	0.28042868
4490992	15281	1.9325334	0.46666828
4490992	15282	2.5960417	-0.03859815
4490992	15283	3.1535077	1.0771105
4490992	15284	2.7385597	1.8840744
4490992	15285	2.5004125	2.0794823
4490992	15286	2.6206298	2.126522
4490992	15287	2.8877459	1.7976081
4490992	15288	2.992744	1.661715
4490992	15289	4.2676616	0.41115043
4490992	15290	3.2262511	-0.25030518
4490992	15291	3.1772256	-0.28772092
4490992	15292	3.1642776	-0.31168708
4490992	15293	3.2586203	-0.3572992
4490992	15294	3.2907844	-0.35496676
4490992	15295	3.306129	-0.379402
4490992	15296	2.998211	0.8986039
4490992	15297	3.3236709	0.861325
4490992	15298	2.9672532	1.0917879
4490992	15299	3.126258	1.091231
4490992	15300	3.1077695	1.1557169
4490992	15301	3.3536472	0.93838835
4490992	15302	3.390006	0.93936884
4490992	15303	3.3996992	0.93109214
4490992	15304	2.5659423	1.6324048
4490992	15305	2.5576286	1.7597942
4490992	15306	2.5631628	1.7849436
4490992	15307	2.611382	1.73421
4490992	15308	2.817997	1.452995
4490992	15309	2.0592299	2.2989268
4490992	15310	1.5126239	3.0267317
4490992	15311	1.8195323	2.983364
4490992	15312	1.8620385	2.9425535
4490992	15313	1.983476	2.711288
4490992	15314	1.9645766	2.876326
4490992	15315	2.0048013	2.7070103
4490992	15316	1.8551546	3.0203671
4490992	15317	2.0789819	2.603663
4490992	15318	2.4282794	2.3353992
4490992	15319	2.5581055	2.2838786
4490992	15320	0.40879643	1.5567086
4490992	15321	0.6384733	1.2183998
4490992	15322	0.38050961	1.3235008
4490992	15323	1.8640553	1.7977068
4490992	15324	1.3071411	1.9087534
4490992	15325	1.284161	2.0098941
4490992	15326	0.9047792	2.4648316
4490992	15327	0.87890935	2.5302436
4490992	15328	0.85810506	2.476693
4490992	15329	0.7527548	2.7324362
4490992	15330	0.58042157	2.8748505
4490992	15331	0.3074829	3.2645683
4490992	15332	1.976478	2.7633076
4490992	15333	1.9769856	2.470255
4490992	15334	1.8563722	2.5470037
4490992	15335	1.5324391	2.8777792
4490992	15336	1.37849	2.3969622
4490992	15337	1.5777806	2.6213255
4490992	15338	1.3156751	2.7501457
4490992	15339	1.5193826	2.8222337
4490992	15340	0.7528883	3.492131
4490992	15341	0.67111397	3.3456025
4490992	15342	1.028645	3.3123431
4490992	15343	1.2615259	3.1252363
4490992	15344	1.4619462	2.905608
4490992	15345	1.5127751	2.8881311
4490992	15346	1.6557091	2.6640508
4490992	15347	0.3769486	1.7685313
4490992	15348	1.077311	0.19774768
4490992	15349	1.9682184	0.9181545
4490992	15350	1.9374279	0.98325074
4490992	15351	2.0610294	0.8652439
4490992	15352	2.05188	0.872573
4490992	15353	2.0035028	0.88008
4490992	15354	2.2888288	0.5790148
4490992	15355	2.217925	0.74116707
4490992	15356	2.7932506	0.19051781
4490992	15357	3.01267	0.05642882
4490992	15358	3.0538368	0.013983399
4490992	15359	2.992351	0.097645134
4490992	15360	2.9329805	0.19120911
4490992	15361	3.0766754	0.077216834
4490992	15362	3.1908698	-0.035733134
4490992	15363	3.2963057	0.012338638
4490992	15364	3.157628	-0.08367255
4490992	15365	3.1859407	-0.120663404
4490992	15366	3.1377554	0.07085243
4490992	15367	3.098267	0.085499376
4490992	15368	3.2233086	0.9542488
4490992	15369	3.9287672	0.6224091
4490992	15370	3.777947	0.92258716
4490992	15371	3.7963262	0.9142908
4490992	15372	3.6622195	1.0696094
4490992	15373	3.6606755	1.0339321
4490992	15374	3.7141962	0.9593506
4490992	15375	3.4886246	1.2008197
4490992	15376	3.5116663	1.0914423
4490992	15377	3.6045494	1.03351
4490992	15378	3.4853134	0.9850606
4490992	15379	3.421905	1.1545502
4490992	15380	3.9026575	0.7239119
4490992	15381	3.7723918	0.70992756
4490992	15382	3.6470866	0.9430975
4490992	15383	3.1882954	-0.28538454
4490992	15384	3.423602	0.9146321
4490992	15385	3.7010808	0.64291394
4490992	15386	3.8008718	0.7533386
4490992	15387	3.7477517	0.7063918
4490992	15388	2.5142312	0.39833394
4490992	15389	2.5105362	0.5560031
4490992	15390	2.2164264	0.7966188
4490992	15391	2.2815819	0.6422883
4490992	15392	2.334249	0.568534
4490992	15393	2.361765	1.711473
4490992	15394	2.5041738	1.4507238
4490992	15395	2.5043583	1.4483036
4490992	15396	2.2736473	1.6871488
4490992	15397	2.4215622	1.5048354
4490992	15398	2.3227482	1.8201249
4490992	15399	2.3545365	1.8118362
4490992	15400	2.4678822	1.6778762
4490992	15401	1.922393	1.1030709
4490992	15402	1.8394803	0.7717476
4490992	15403	1.9260858	0.7184322
4490992	15404	2.48242	0.44642904
4490992	15405	2.1403623	0.63723624
4490992	15406	3.6545658	0.65747416
4490992	15407	3.1942968	0.98475385
4490992	15408	2.9663339	1.1574458
4490992	15409	2.8896222	1.2207983
4490992	15410	2.906798	1.183643
4490992	15411	3.0730553	1.0642152
4490992	15412	3.0521717	1.0915095
4490992	15413	2.3704772	1.6249499
4490992	15414	2.4255462	1.6354954
4490992	15415	2.158104	0.3157231
4490992	15416	2.227847	0.12925807
4490992	15417	2.3423066	0.21242371
4490992	15418	2.6588635	-0.035685033
4490992	15419	3.5188427	0.72008264
4490992	15420	3.4671268	0.90050614
4490992	15421	3.1447716	1.2789214
4490992	15422	2.972834	1.6419907
4490992	15423	3.6317196	0.6817465
4490992	15424	3.5703983	0.87923336
4490992	15425	3.4328074	0.7554282
4490992	15426	2.540422	1.983211
4490992	15427	2.963593	1.4318349
4490992	15428	3.2193904	1.3383943
4490992	15429	3.1119246	1.4523516
4490992	15430	3.1803107	1.3922855
4490992	15431	3.0919862	1.5341995
4490992	15432	3.3412309	1.2607199
4490992	15433	3.3764877	1.1587168
4490992	15434	3.186605	1.4629107
4490992	15435	3.3123279	1.314022
4490992	15436	3.2159233	1.4206592
4490992	15437	3.700035	0.92068374
4490992	15438	2.8275886	0.06495854
4490992	15439	2.5577106	0.31355807
4490992	15440	2.8310976	0.16383496
4490992	15441	2.8653603	0.1324372
4490992	15442	2.910099	0.062046498
4490992	15443	2.963531	0.02338925
4490992	15444	2.9710517	0.032897502
4490992	15445	3.0219169	-0.02847895
4490992	15446	3.202124	0.9313612
4490992	15447	3.2187934	0.94709766
4490992	15448	3.3186111	0.91796577
4490992	15449	3.3593721	0.9196658
4490992	15450	2.8680515	1.4025097
4490992	15451	3.0954328	1.196334
4490992	15452	3.1073265	1.2405965
4490992	15453	3.1143928	1.2213415
4490992	15454	3.0967646	1.2366549
4490992	15455	3.0788193	1.2308993
4490992	15456	3.0570192	1.2536497
4490992	15457	3.0445127	1.2535686
4490992	15458	3.0284052	1.277225
4490992	15459	3.0218835	1.2717135
4490992	15460	3.0089417	1.2904278
4490992	15461	3.006199	1.2833713
4490992	15462	2.9759226	1.3103048
4490992	15463	2.996615	1.2797129
4490992	15464	2.9874945	1.3148602
4490992	15465	2.9888482	1.3095641
4490992	15466	2.9827409	1.3318484
4490992	15467	2.9831724	1.3219732
4490992	15468	2.9772005	1.3346211
4490992	15469	2.977209	1.3244946
4490992	15470	2.970953	1.3362085
4490992	15471	2.9707074	1.322691
4490992	15472	2.9622874	1.3393723
4490992	15473	2.9645338	1.3305184
4490992	15474	2.9557457	1.3501358
4490992	15475	2.9559078	1.3405719
4490992	15476	2.9496455	1.356422
4490992	15477	2.9499621	1.3471483
4490992	15478	2.943571	1.3609928
4490992	15479	2.9436064	1.3472437
4490992	15480	2.9375324	1.3610137
4490992	15481	2.9372377	1.3497503
4490992	15482	2.9304948	1.3641165
4490992	15483	2.9307232	1.353999
4490992	15484	2.9243417	1.3697788
4490992	15485	2.924209	1.360525
4490992	15486	2.917871	1.3756316
4490992	15487	2.917869	1.3656843
4490992	15488	2.9121861	1.3806548
4490992	15489	2.912341	1.3715682
4490992	15490	2.9064322	1.3865043
4490992	15491	2.9068413	1.3769135
4490992	15492	2.8969054	1.3875095
4490992	15493	3.2577167	0.9467132
4490992	15494	3.254466	0.78116655
4490992	15495	3.0709586	1.0048335
4490992	15496	1.7401732	0.84969044
4490992	15497	1.6159948	1.0743085
4490992	15498	1.5602514	1.1002233
4490992	15499	1.5643569	1.0574002
4490992	15500	1.4706166	1.219686
4490992	15501	1.7312483	1.0169938
4490992	15502	1.5824865	0.958496
4490992	15503	1.5297087	0.9980198
4490992	15504	1.7326671	0.7377796
4490992	15505	2.153511	1.7735214
4490992	15506	2.113978	1.7432072
4490992	15507	2.0838275	1.7745688
4490992	15508	1.8713113	2.0383008
4490992	15509	1.7246033	2.130479
4490992	15510	1.7288629	2.2244885
4490992	15511	2.5538425	1.5240482
4490992	15512	2.7273197	1.3743393
4490992	15513	2.5554523	0.46297786
4490992	15514	2.4942493	0.38380173
4490992	15515	2.4975843	0.28283617
4490992	15516	2.813407	0.24586335
4490992	15517	2.8146243	0.11048868
4490992	15518	2.6107063	0.13431421
4490992	15519	2.4583163	0.24273714
4490992	15520	2.4897532	0.22663596
4490992	15521	2.3471646	0.33353797
4490992	15522	2.4095626	0.30438164
4490992	15523	2.2246232	0.46327242
4490992	15524	2.4427524	1.4777026
4490992	15525	2.774424	1.1118197
4490992	15526	2.6159716	1.4003564
4490992	15527	2.7338362	1.2212914
4490992	15528	3.077241	0.93664134
4490992	15529	3.1235723	0.8837422
4490992	15530	2.7700691	1.2110596
4490992	15531	2.7825503	1.2394521
4490992	15532	2.543922	1.6750815
4490992	15533	2.617281	1.2843908
4490992	15534	2.7852163	1.3024861
4490992	15535	2.4643707	1.7291727
4490992	15536	2.6737528	1.6067376
4490992	15537	2.772153	1.3688976
4490992	15538	2.4832492	1.6246042
4490992	15539	2.4443884	1.8138316
4490992	15540	2.5110064	1.6291955
4490992	15541	2.6494474	1.5582438
4490992	15542	2.5303245	1.8223181
4490992	15543	2.496283	1.6705253
4490992	15544	2.7011085	1.7151396
4490992	15545	2.0065265	2.3858497
4490992	15546	1.8730785	2.394822
4490992	15547	1.840602	2.5300808
4490992	15548	1.5702113	2.91789
4490992	15549	1.5675586	2.9850996
4490992	15550	1.5377969	2.9384336
4490992	15551	1.6413051	2.9465103
4490992	15552	1.7368556	3.0662217
4490992	15553	1.573867	2.9932423
4490992	15554	1.4649701	3.1604424
4490992	15555	1.6035169	2.9369383
4490992	15556	1.497002	2.9668531
4490992	15557	1.4145813	3.1184697
4490992	15558	1.4429495	3.3212361
4490992	15559	1.3467689	3.1588285
4490992	15560	1.2885689	3.2766118
4490992	15561	1.4931492	3.1001825
4490992	15562	1.473182	3.205651
4490992	15563	1.8951429	2.5231302
4490992	15564	1.3136456	3.1129434
4490992	15565	1.014893	3.4807541
4490992	15566	1.4765404	3.1902194
4490992	15567	0.997084	3.7424986
4490992	15568	1.179632	3.5523388
4490992	15569	1.2303759	3.6014483
4490992	15570	1.4358411	3.2586322
4490992	15571	1.1884624	3.4499822
4490992	15572	1.1660132	3.5358915
4490992	15573	0.9278426	3.7695467
4490992	15574	0.89354503	3.894231
4490992	15575	0.9032358	3.6548064
4490992	15576	0.36286455	3.9666631
4490992	15577	0.67750275	3.7848227
4490992	15578	1.8045095	2.7019634
4490992	15579	0.9963341	3.0552137
4490992	15580	1.1829026	2.977846
4490992	15581	1.2984396	2.7837284
4490992	15582	1.7828304	2.728757
4490992	15583	2.2407045	2.1143377
4490992	15584	1.8935112	2.6660402
4490992	15585	1.9728879	2.704703
4490992	15586	2.0665255	2.6177022
4490992	15587	2.2560725	2.2721634
4490992	15588	2.079834	1.964474
4490992	15589	1.9540592	2.1447372
4490992	15590	2.610973	1.4481877
4490992	15591	3.2496572	1.2678252
4490992	15592	2.7873774	1.8958943
4490992	15593	2.8530908	1.9115529
4490992	15594	2.861044	1.9424374
4490992	15595	2.8991475	1.7093427
4490992	15596	2.482411	2.0828707
4490992	15597	2.3420067	2.0274048
4490992	15598	2.1765733	2.165381
4490992	15599	2.2560878	2.1284475
4490992	15600	2.296722	2.1397672
4490992	15601	2.131977	1.1420985
4490992	15602	1.8768967	1.0775595
4490992	15603	2.7529244	0.18324783
4490992	15604	2.3810172	0.81856287
4490992	15605	2.3631735	0.7966138
4490992	15606	2.8415036	1.4720014
4490992	15607	2.7903018	1.5850255
4490992	15608	2.7024798	1.6501079
4490992	15609	2.6116242	1.7117193
4490992	15610	2.5472317	1.7549183
4490992	15611	2.5579844	1.7669072
4490992	15612	2.3760018	1.9199924
4490992	15613	2.5086203	1.7671373
4490992	15614	2.4901066	1.8103552
4490992	15615	2.550498	1.6173203
4490992	15616	2.6051207	1.6257048
4490992	15617	2.541685	1.8533773
4490992	15618	2.9572935	1.390077
4490992	15619	2.32794	1.4682461
4490992	15620	2.0139952	1.9583154
4490992	15621	2.171187	1.5246422
4490992	15622	2.0713248	1.9021368
4490992	15623	2.0735402	1.740174
4490992	15624	1.8620588	1.9556749
4490992	15625	2.331359	1.5299425
4490992	15626	2.1983132	1.6322858
4490992	15627	1.8889703	2.0458608
4490992	15628	1.8799833	2.0181441
4490992	15629	1.81027	2.0774689
4490992	15630	1.7123145	2.0394754
4490992	15631	1.527068	2.3917193
4490992	15632	2.1371984	1.6840813
4490992	15633	1.8666693	1.8574343
4490992	15634	2.4447036	1.4223328
4490992	15635	2.1113133	0.6139585
4490992	15636	1.8729812	0.5972034
4490992	15637	2.484572	0.363261
4490992	15638	1.8792664	0.9053285
4490992	15639	1.8968726	0.8997967
4490992	15640	1.8570243	0.9964012
4490992	15641	2.055736	0.8217981
4490992	15642	2.169886	0.76304126
4490992	15643	2.6994147	0.32693347
4490992	15644	2.5991592	0.5590551
4490992	15645	2.7232022	0.41944054
4490992	15646	3.1673923	0.14623961
4490992	15647	3.0133352	0.16601041
4490992	15648	2.5561528	0.60909736
4490992	15649	2.7348528	0.42203858
4490992	15650	2.7751265	0.44630453
4490992	15651	2.0930777	0.8076252
4490992	15652	2.3129153	0.51559067
4490992	15653	2.2433977	0.7879671
4490992	15654	2.1773038	0.83892083
4490992	15655	1.268358	2.0436056
4490992	15656	1.9592549	1.0691036
4490992	15657	2.7905307	1.6414545
4490992	15658	2.6670966	1.845022
4490992	15659	2.4944572	1.9623756
4490992	15660	2.5356379	2.0077283
4490992	15661	2.7107353	1.8177168
4490992	15662	2.8594036	1.4281161
4490992	15663	3.1602554	1.2347119
4490992	15664	2.967895	1.3199583
4490992	15665	3.161385	1.1847537
4490992	15666	3.0162349	1.2506517
4490992	15667	3.1566792	1.1299632
4490992	15668	3.2641778	1.2029599
4490992	15669	3.3602762	1.0612485
4490992	15670	3.2060242	1.2175481
4490992	15671	2.3022943	0.5867225
4490992	15672	2.3995585	0.6216258
4490992	15673	2.701518	0.32025936
4490992	15674	2.8587136	0.2670245
4490992	15675	1.9841748	1.0872337
4490992	15676	2.5785117	0.4902852
4490992	15677	2.6569114	0.49603978
4490992	15678	2.7311954	0.5167234
4490992	15679	2.9839125	0.20829186
4490992	15680	3.0707955	0.20082268
4490992	15681	3.2238345	0.124994844
4490992	15682	3.799961	0.68255997
4490992	15683	3.5555568	1.1385458
4490992	15684	3.695191	1.0111171
4490992	15685	3.5826583	1.1616781
4490992	15686	3.6349206	1.0624493
4490992	15687	3.3961525	1.0965972
4490992	15688	3.1620154	-0.23251727
4490992	15689	2.7044725	-0.02574253
4490992	15690	2.8546576	-0.09719953
4490992	15691	2.8040571	-0.049129605
4490992	15692	2.7604651	0.032479584
4490992	15693	3.221681	-0.016433924
4490992	15694	2.8592973	0.07983461
4490992	15695	2.7127104	0.28066424
4490992	15696	2.7179332	0.10589567
4490992	15697	2.7227874	0.13971052
4490992	15698	1.7584602	1.1782583
4490992	15699	1.8731419	1.0305293
4490992	15700	2.1645446	0.9251596
4490992	15701	2.2647529	0.66977465
4490992	15702	2.4291983	0.79522383
4490992	15703	3.2079282	0.1875116
4490992	15704	3.6250663	-0.11629224
4490992	15705	3.6897588	-0.09719634
4490992	15706	3.5825052	-0.03786096
4490992	15707	3.1884608	0.05185637
4490992	15708	3.599966	-0.0029338896
4490992	15709	3.7047696	0.52219176
4490992	15710	3.088006	1.1267855
4490992	15711	3.004918	1.244124
4490992	15712	3.1450596	1.1871969
4490992	15713	3.1420279	1.3713255
4490992	15714	1.8809661	2.4645534
4490992	15715	2.0183382	2.4059718
4490992	15716	1.4143373	2.988533
4490992	15717	1.1030797	3.4102535
4490992	15718	0.9687861	3.59575
4490992	15719	0.86862206	3.74004
4490992	15720	0.72204363	3.8820145
4490992	15721	0.7270831	3.931432
4490992	15722	0.7475277	3.9341357
4490992	15723	0.77196085	3.9260685
4490992	15724	0.8302207	3.8896148
4490992	15725	0.8858812	3.6733882
4490992	15726	1.3483547	3.1300416
4490992	15727	1.7050186	2.787896
4490992	15728	1.7877344	2.781439
4490992	15729	2.3639674	1.4841412
4490992	15730	2.0890331	1.9417999
4490992	15731	2.1485248	2.091483
4490992	15732	2.1279116	2.0905461
4490992	15733	2.9910393	1.3536675
4490992	15734	2.8151765	1.653847
4490992	15735	2.298016	2.1690433
4490992	15736	2.7266655	1.4864973
4490992	15737	2.2002788	2.0314105
4490992	15738	2.0366578	2.0827065
4490992	15739	2.3183827	1.9529946
4490992	15740	2.1304827	2.0956788
4490992	15741	1.8516449	2.5376437
4490992	15742	1.6144696	2.764731
4490992	15743	1.4579554	3.020762
4490992	15744	1.251136	3.3003852
4490992	15745	0.3774292	4.3129864
4490992	15746	-0.67620087	3.8899105
4490992	15747	-0.6503167	3.11349
4490992	15748	-0.49621475	2.8711267
4490992	15749	0.45858407	3.0948577
4490992	15750	0.1395067	3.2902212
4490992	15751	-0.08427727	3.6697185
4490992	15752	-0.019428492	3.5056298
4490992	15753	-0.01737398	3.3790128
4490992	15754	-0.048742622	3.382868
4490992	15755	-0.07131088	3.3874629
4490992	15756	-0.08037007	3.3936074
4490992	15757	-0.017864645	3.2509103
4490992	15758	0.1768313	2.8916278
4490992	15759	1.1793016	3.4713962
4490992	15760	0.7272804	3.8061016
4490992	15761	0.70700085	3.805721
4490992	15762	0.60336864	3.89549
4490992	15763	0.71116316	3.735873
4490992	15764	0.36930817	3.9376633
4490992	15765	0.6027441	3.7115414
4490992	15766	0.43693423	3.869787
4490992	15767	0.43372488	4.153185
4490992	15768	1.2807466	2.9009717
4490992	15769	0.97771823	3.378068
4490992	15770	0.81857216	3.455501
4490992	15771	0.8459934	3.4770598
4490992	15772	0.87760854	3.5004656
4490992	15773	0.99740446	3.3626254
4490992	15774	1.1724163	3.177992
4490992	15775	1.5264271	2.8841574
4490992	15776	1.6214088	2.822655
4490992	15777	1.6575493	2.8500018
4490992	15778	1.6976568	2.808725
4490992	15779	1.8155047	2.7199497
4490992	15780	2.836484	1.722538
4490992	15781	3.0710688	1.8039172
4490992	15782	2.5115752	1.9259193
4490992	15783	2.7632637	1.8155706
4490992	15784	2.5838428	1.9563239
4490992	15785	2.2572546	2.2560906
4490992	15786	1.5135039	2.9805262
4490992	15787	1.2677402	3.257268
4490992	15788	1.1945162	3.4201453
4490992	15789	1.4693474	2.8118231
4490992	15790	1.8457156	2.4441445
4490992	15791	1.6257845	2.6249316
4490992	15792	1.778061	2.4914699
4490992	15793	1.6876589	2.5787318
4490992	15794	1.5975243	2.7825127
4490992	15795	0.36827064	1.9139845
4490992	15796	0.8130113	1.0213827
4490992	15797	2.1553435	1.2411261
4490992	15798	1.9158148	1.1481582
4490992	15799	2.0529642	1.0382658
4490992	15800	2.0081534	0.85950553
4490992	15801	2.0768423	0.8061987
4490992	15802	2.086206	0.74317765
4490992	15803	2.1501184	0.6709862
4490992	15804	2.1474862	0.6209074
4490992	15805	2.1416488	0.57514083
4490992	15806	2.2449756	0.4864017
4490992	15807	2.2465243	0.45518658
4490992	15808	2.3375754	0.5254233
4490992	15809	2.1049643	0.7917414
4490992	15810	1.9090801	0.7384558
4490992	15811	1.9939715	0.72113276
4490992	15812	2.1954346	0.57126415
4490992	15813	1.8172678	1.2908814
4490992	15814	1.9896513	0.85761
4490992	15815	2.749743	1.2928722
4490992	15816	2.1888719	2.1504138
4490992	15817	2.7037292	0.8107585
4490992	15818	1.0777118	0.8368989
4490992	15819	1.0546845	1.3052135
4490992	15820	1.1633595	1.2059346
4490992	15821	3.1771631	0.78296864
4490992	15822	3.4298058	0.7682016
4490992	15823	3.155829	1.186648
4490992	15824	2.8923979	1.620477
4490992	15825	2.983779	1.5010536
4490992	15826	3.0636282	1.3771338
4490992	15827	3.1545887	1.1992888
4490992	15828	2.5260158	1.0569547
4490992	15829	2.7322302	1.1965667
4490992	15830	2.8204226	1.3391963
4490992	15831	2.9304986	1.3752283
4490992	15832	2.984653	1.4202833
4490992	15833	3.3179212	1.1115252
4490992	15834	3.328617	1.0661336
4490992	15835	3.3820033	0.9520612
4490992	15836	3.1104784	1.2684515
4490992	15837	2.6089911	1.7097037
4490992	15838	2.882924	1.3966234
4490992	15839	2.5939126	1.9058962
4490992	15840	2.5890245	1.9431355
4490992	15841	2.623413	1.9629345
4490992	15842	2.7565513	1.8006747
4490992	15843	2.6888776	1.7564766
4490992	15844	3.0157323	1.4678962
4490992	15845	3.098127	1.4505711
4490992	15846	3.1745229	1.465551
4490992	15847	2.3225398	2.4763882
4490992	15848	2.0911374	2.7797894
4490992	15849	2.2105742	2.7133114
4490992	15850	2.2518325	2.7584436
4490992	15851	2.171122	2.9447067
4490992	15852	2.0585628	3.034169
4490992	15853	2.1024423	2.9552252
4490992	15854	2.3606215	2.7009034
4490992	15855	2.2247138	2.9207985
4490992	15856	2.2023392	2.5778532
4490992	15857	3.214057	1.6606009
4490992	15858	3.2137146	1.657126
4490992	15859	3.1466537	1.784823
4490992	15860	2.8277202	2.1416593
4490992	15861	2.178296	2.6926532
4490992	15862	1.773384	3.2502463
4490992	15863	1.3368336	3.756016
4490992	15864	0.85198605	4.5216417
4490992	15865	0.7844089	4.4609756
4490992	15866	0.5189823	4.6363373
4490992	15867	0.22850102	5.070679
4490992	15868	0.13430828	5.1285353
4490992	15869	0.04782933	5.3345737
4490992	15870	0.011102259	5.3365965
4490992	15871	0.2670843	4.896134
4490992	15872	-0.12553462	5.1732655
4490992	15873	-0.013296843	5.048988
4490992	15874	-0.10537282	5.275029
4490992	15875	-0.20679843	5.258469
4490992	15876	-0.01388064	5.013976
4490992	15877	-0.04915163	5.175749
4490992	15878	0.038886607	5.3104653
4490992	15879	0.14429039	5.212268
4490992	15880	0.172544	5.2024965
4490992	15881	0.16539949	5.20343
4490992	15882	1.1050751	4.2290382
4490992	15883	0.5331371	4.8320365
4490992	15884	-0.4572041	4.572231
4490992	15885	0.74993813	3.9869106
4490992	15886	0.018214583	3.5178614
4490992	15887	0.046250522	3.387882
4490992	15888	-0.023605704	3.5792534
4490992	15889	-0.003843844	3.6702263
4490992	15890	0.051260233	3.5908072
4490992	15891	0.053544283	3.59674
4490992	15892	0.34884417	2.7362742
4490992	15893	0.33778268	2.811066
4490992	15894	1.7960933	2.9112155
4490992	15895	1.4681339	2.9516482
4490992	15896	1.2454334	3.4049795
4490992	15897	1.8445727	2.5614808
4490992	15898	2.4821186	2.0369625
4490992	15899	2.7770228	1.6858499
4490992	15900	2.7751555	1.7254174
4490992	15901	2.7835755	1.6922503
4490992	15902	2.6887388	1.7532909
4490992	15903	2.4685926	2.0628383
4490992	15904	2.567072	1.8897133
4490992	15905	2.7378716	1.6936758
4490992	15906	2.7657838	1.6373618
4490992	15907	2.6196442	2.089272
4490992	15908	0.6326988	4.1551337
4490992	15909	0.12726408	5.332311
4490992	15910	0.30714202	4.980028
4490992	15911	0.48783517	4.812796
4490992	15912	0.5407928	4.6815386
4490992	15913	0.57928085	4.6567483
4490992	15914	0.82388663	4.444922
4490992	15915	0.74877584	4.4231863
4490992	15916	0.82534754	4.3036356
4490992	15917	0.9657663	4.2987566
4490992	15918	0.7768067	4.717508
4490992	15919	0.46741855	4.9568024
4490992	15920	0.683262	4.7142415
4490992	15921	0.6185714	4.832064
4490992	15922	0.5471302	4.897414
4490992	15923	-0.1975269	4.911575
4490992	15924	0.7832223	4.1897235
4490992	15925	0.49079013	4.840435
4490992	15926	0.7009351	4.778097
4490992	15927	0.35716462	4.2084928
4490992	15928	0.7734188	3.5320807
4490992	15929	2.0912566	2.938358
4490992	15930	1.7115108	3.4760566
4490992	15931	1.403184	4.0069075
4490992	15932	1.5240651	3.9352448
4490992	15933	1.5914191	3.8495047
4490992	15934	1.5498127	3.8789527
4490992	15935	1.562266	3.7937248
4490992	15936	1.7522587	3.6910365
4490992	15937	1.9142076	3.4929934
4490992	15938	1.985787	3.4858394
4490992	15939	1.8975159	3.5865872
4490992	15940	1.3594869	4.108137
4490992	15941	1.1912389	4.2894516
4490992	15942	1.175286	4.227274
4490992	15943	1.4850087	3.9049203
4490992	15944	1.7112812	3.8019516
4490992	15945	1.5276448	3.9856594
4490992	15946	1.5846714	3.8453734
4490992	15947	1.5074123	4.0566063
4490992	15948	1.5719899	4.024364
4490992	15949	1.3769627	4.1894994
4490992	15950	1.7561103	3.6889122
4490992	15951	1.672196	3.786595
4490992	15952	1.6608964	3.8257692
4490992	15953	2.0015016	3.5543077
4490992	15954	2.238997	3.2863433
4490992	15955	2.2780476	3.295761
4490992	15956	1.3737332	4.224975
4490992	15957	1.0315007	4.7437687
4490992	15958	0.536798	5.3716073
4490992	15959	0.20366663	5.8454804
4490992	15960	0.03246075	6.1813555
4490992	15961	-0.048532456	6.374892
4490992	15962	-0.11888528	6.60591
4490992	15963	-0.16549996	6.6865706
4490992	15964	-0.06881037	6.6824784
4490992	15965	-0.07598552	6.7064934
4490992	15966	0.13158888	6.6023464
4490992	15967	0.05418229	6.5025816
4490992	15968	-0.93697274	6.4148865
4490992	15969	-1.1709685	6.194978
4490992	15970	-1.2220182	6.2642655
4490992	15971	-0.97651684	6.4321756
4490992	15972	-0.26764387	6.310744
4490992	15973	-0.3624667	5.2339044
4490992	15974	-0.2836909	5.6332016
4490992	15975	-0.23462227	5.712196
4490992	15976	-0.43218464	6.048071
4490992	15977	-0.45042637	6.1764703
4490992	15978	-0.5041008	6.1828995
4490992	15979	-0.5689587	6.212034
4490992	15980	-0.5396287	6.2124085
4490992	15981	-0.49689206	6.0572023
4490992	15982	-0.498217	6.078308
4490992	15983	-0.6157659	6.220519
4490992	15984	-0.72249496	6.097716
4490992	15985	-0.7409662	6.2050743
4490992	15986	-0.22168744	6.168821
4490992	15987	-0.13188863	6.0202107
4490992	15988	-0.17491281	6.087993
4490992	15989	-0.3002161	6.3983564
4490992	15990	-0.14030823	6.4256763
4490992	15991	-0.17307991	6.29564
4490992	15992	-0.15378085	6.2362967
4490992	15993	-0.24542335	6.309895
4490992	15994	-0.14257562	6.3084087
4490992	15995	-0.139696	6.314523
4490992	15996	0.11132926	5.891975
4490992	15997	0.63683486	5.2611914
4490992	15998	0.39828253	5.6567903
4490992	15999	0.11243588	5.9753165
4490992	16000	-0.81751233	6.2927094
4490992	16001	-0.7163702	5.9149065
4490992	16002	-0.74979115	6.0889792
4490992	16003	-0.49297786	5.4745364
4490992	16004	0.7041043	5.223949
4490992	16005	0.2047739	5.618011
4490992	16006	0.14681703	6.008213
4490992	16007	-0.07293442	6.0810585
4490992	16008	0.56674576	5.3382664
4490992	16009	1.0862525	4.7743387
4490992	16010	0.9859841	4.8226333
4490992	16011	0.67259514	5.2857404
4490992	16012	0.58780205	5.3125715
4490992	16013	0.6101128	5.3855805
4490992	16014	0.6061634	5.2867813
4490992	16015	0.6610694	5.2372794
4490992	16016	0.66971886	5.2614884
4490992	16017	0.5405326	5.458584
4490992	16018	0.3632716	5.601156
4490992	16019	0.10198337	5.9818726
4490992	16020	0.0139219165	6.0652685
4490992	16021	-0.21785766	6.2327094
4490992	16022	-0.22945657	6.3701787
4490992	16023	-0.1849693	6.3950524
4490992	16024	-1.0014431	6.4782176
4490992	16025	-0.66850895	5.7826195
4490992	16026	-0.39962935	6.187329
4490992	16027	-0.54669327	6.0040264
4490992	16028	0.20552552	5.7750974
4490992	16029	0.15678412	5.8806257
4490992	16030	0.15880573	5.957173
4490992	16031	0.010420144	6.0474043
4490992	16032	0.067215204	6.087067
4490992	16033	0.16690576	5.9828734
4490992	16034	0.05503589	6.0760927
4490992	16035	-0.063305676	6.055878
4490992	16036	0.107025325	5.938176
4490992	16037	-0.00920251	5.9411197
4490992	16038	0.11911696	5.8626237
4490992	16039	0.0826177	5.7470055
4490992	16040	0.1799407	5.62703
4490992	16041	0.21243972	5.5426826
4490992	16042	0.24116331	5.613359
4490992	16043	-0.6964973	5.045363
4490992	16044	-0.84576184	5.2941003
4490992	16045	-0.988284	5.470021
4490992	16046	-0.9764502	5.444679
4490992	16047	-0.3908209	5.6976995
4490992	16048	-0.557879	5.5871086
4490992	16049	-0.6205655	5.5939384
4490992	16050	-0.4875765	5.412496
4490992	16051	-0.56525725	5.4591846
4490992	16052	-0.64672804	5.5782733
4490992	16053	-0.74711984	5.7773576
4490992	16054	-0.6612731	5.5235977
4490992	16055	-0.7019013	5.5794163
4490992	16056	0.27936244	5.2330627
4490992	16057	0.18698007	5.308646
4490992	16058	-0.15080318	5.433299
4490992	16059	-0.30367097	5.5437913
4490992	16060	-0.11068028	5.1647773
4490992	16061	-0.002339363	5.113725
4490992	16062	0.3380428	4.7595196
4490992	16063	0.20710826	4.934112
4490992	16064	0.65234077	4.5760803
4490992	16065	0.8936393	4.3943253
4490992	16066	1.0599775	4.2147965
4490992	16067	1.1403981	4.170647
4490992	16068	1.0689389	4.2698874
4490992	16069	1.000977	4.4206686
4490992	16070	0.9380462	4.438107
4490992	16071	0.8060031	4.299486
4490992	16072	0.7522032	4.3808713
4490992	16073	0.7350788	4.4661007
4490992	16074	0.957747	4.1922417
4490992	16075	0.95726216	4.495438
4490992	16076	0.7804023	4.445284
4490992	16077	0.50718844	4.677037
4490992	16078	0.5300276	4.8056087
4490992	16079	0.30806744	4.9464054
4490992	16080	0.32319707	5.120774
4490992	16081	0.24433696	5.176469
4490992	16082	0.2297296	5.1171985
4490992	16083	0.2701537	5.114672
4490992	16084	0.24164945	5.2203817
4490992	16085	0.1927492	5.175571
4490992	16086	0.24566036	5.2057495
4490992	16087	0.18305975	5.176112
4490992	16088	0.41260713	4.520734
4490992	16089	0.61574674	4.144311
4490992	16090	0.61855555	4.5545707
4490992	16091	0.8574146	4.331316
4490992	16092	0.75679433	4.6235714
4490992	16093	0.7673073	4.7177186
4490992	16094	0.83320594	4.6731544
4490992	16095	0.69556093	4.794374
4490992	16096	0.72295654	4.762666
4490992	16097	-0.013309985	4.627038
4490992	16098	0.855616	4.482566
4490992	16099	1.1645441	4.2948003
4490992	16100	1.1043577	4.4370117
4490992	16101	0.88022256	4.7316194
4490992	16102	1.0877934	4.512066
4490992	16103	0.8993633	4.673958
4490992	16104	0.80231094	4.7263484
4490992	16105	1.1176902	4.4465027
4490992	16106	1.000729	4.5049176
4490992	16107	1.0243838	4.501837
4490992	16108	1.1876318	4.3537908
4490992	16109	1.2302575	4.2983985
4490992	16110	1.3823091	4.170461
4490992	16111	1.2905598	4.213504
4490992	16112	1.4583275	4.1263466
4490992	16113	1.3346354	4.216306
4490992	16114	1.1889732	4.3840895
4490992	16115	1.1132379	4.2595286
4490992	16116	1.3037645	4.1140084
4490992	16117	0.9069023	4.556638
4490992	16118	1.1316261	4.411106
4490992	16119	0.7111734	4.863011
4490992	16120	0.51249754	4.8402658
4490992	16121	0.33198524	5.3408437
4490992	16122	0.3332811	5.5127726
4490992	16123	0.26757723	5.5312376
4490992	16124	0.31906503	5.484391
4490992	16125	0.4285059	5.366768
4490992	16126	0.7519182	4.8923287
4490992	16127	0.8744205	4.966661
4490992	16128	0.96459043	4.894581
4490992	16129	1.07689	4.788111
4490992	16130	0.81394446	5.138044
4490992	16131	0.7813269	5.052282
4490992	16132	0.7990501	5.069942
4490992	16133	0.8080156	5.0540943
4490992	16134	0.8039485	5.051132
4490992	16135	0.17889333	5.201012
4490992	16136	1.0552177	4.514321
4490992	16137	1.0204806	4.7428308
4490992	16138	1.2502863	4.7509503
4490992	16139	1.4034841	4.670328
4490992	16140	1.6584977	4.463608
4490992	16141	1.6645025	4.400857
4490992	16142	-0.2232041	4.508677
4490992	16143	1.2148298	4.091127
4490992	16144	1.2925295	4.1560206
4490992	16145	1.1088178	4.5335474
4490992	16146	1.2630464	4.4690466
4490992	16147	2.0519571	3.5205991
4490992	16148	2.2369127	3.568457
4490992	16149	2.719046	2.944835
4490992	16150	2.9375615	3.0477815
4490992	16151	1.9789172	4.143097
4490992	16152	2.1515226	4.0040765
4490992	16153	2.3587604	3.8650734
4490992	16154	2.0362964	4.138054
4490992	16155	1.876077	4.110724
4490992	16156	1.9310335	4.160725
4490992	16157	1.9189996	3.983155
4490992	16158	2.030919	4.0491843
4490992	16159	1.92095	3.983279
4490992	16160	2.1259775	3.6859066
4490992	16161	2.4175272	3.631385
4490992	16162	2.8867488	2.9675124
4490992	16163	2.9748673	3.043875
4490992	16164	3.157919	2.8798556
4490992	16165	3.2697854	2.9372144
4490992	16166	3.5710826	2.5916533
4490992	16167	3.9068923	2.4030979
4490992	16168	4.0514026	2.274611
4490992	16169	3.913598	2.4064944
4490992	16170	4.7586684	1.5575438
4490992	16171	5.3944597	0.7233621
4490992	16172	6.1551614	-0.1699658
4490992	16173	6.1785355	-0.6024249
4490992	16174	6.5163727	-1.0437087
4490992	16175	6.306577	-0.80096424
4490992	16176	6.5435047	-0.9489046
4490992	16177	6.712904	-1.3225864
4490992	16178	7.062693	-1.8233925
4490992	16179	6.8403397	-1.9391835
4490992	16180	7.1887026	-2.5173542
4490992	16181	7.203107	-2.7840548
4490992	16182	7.17621	-2.7945356
4490992	16183	7.232536	-2.9615622
4490992	16184	7.141978	-2.911984
4490992	16185	7.2064524	-3.140896
4490992	16186	7.1017847	-3.1696606
4490992	16187	7.17432	-3.30811
4490992	16188	7.0996466	-3.2289484
4490992	16189	6.533296	-3.4703615
4490992	16190	5.178597	-3.167286
4490992	16191	4.9619546	-3.0353675
4490992	16192	4.6834936	-3.1293516
4490992	16193	4.7177887	-3.113965
4490992	16194	4.472702	-3.0077176
4490992	16195	4.021398	-2.9820633
4490992	16196	3.695599	-2.8693292
4490992	16197	3.7606864	-2.7857144
4490992	16198	4.252651	-2.4346783
4490992	16199	3.6685433	-2.3521593
4490992	16200	4.0166397	-2.5176866
4490992	16201	4.457748	-1.7167498
4490992	16202	4.03862	-2.0111716
4490992	16203	3.932403	-1.96455
4490992	16204	3.9676838	-1.95946
4490992	16205	4.5477023	-2.0755553
4490992	16206	3.8555627	-1.9421432
4490992	16207	4.1379027	-0.93395257
4490992	16208	4.1473436	-0.7701299
4490992	16209	4.820636	-1.0741006
4490992	16210	3.8192458	-0.5816629
4490992	16211	4.4491477	-0.7580145
4490992	16212	4.5241632	-0.85228527
4490992	16213	4.5599055	-1.6234192
4490992	16214	4.4603815	-1.7506527
4490992	16215	4.5397825	-1.8373396
4490992	16216	5.140572	-1.0650542
4490992	16217	4.9435925	-0.16919544
4490992	16218	5.0437846	-0.007626444
4490992	16219	3.5984106	-0.32328618
4490992	16220	3.4943757	-0.009975702
4490992	16221	3.451108	-0.06423378
4490992	16222	3.4890194	-0.063346595
4490992	16223	2.9648533	0.6948767
4490992	16224	2.9691873	0.3530654
4490992	16225	2.6782742	0.5103444
4490992	16226	3.1210732	0.23283002
4490992	16227	3.6440492	-0.29307705
4490992	16228	3.34829	0.09363189
4490992	16229	3.5565305	-0.23977791
4490992	16230	4.6025605	0.6528177
4490992	16231	4.0731015	0.8873068
4490992	16232	4.2083106	0.9437258
4490992	16233	3.3226266	-0.08953586
4490992	16234	3.91637	-0.33071774
4490992	16235	3.5162916	-0.16190544
4490992	16236	3.679799	-0.32412815
4490992	16237	3.8117838	0.9406545
4490992	16238	3.9245663	0.67233694
4490992	16239	4.174629	0.4317635
4490992	16240	4.352135	0.33565518
4490992	16241	3.9491549	0.65521395
4490992	16242	2.5428314	0.19551036
4490992	16243	2.7232885	0.39004996
4490992	16244	2.7472568	0.3398737
4490992	16245	2.3625722	0.52584004
4490992	16246	2.4956646	0.61882114
4490992	16247	3.552578	-0.46913278
4490992	16248	3.3451734	-0.16440585
4490992	16249	3.4721136	-0.16940668
4490992	16250	4.377448	0.569576
4490992	16251	4.1028857	0.56158566
4490992	16252	4.0806875	0.59346354
4490992	16253	4.23193	0.5331292
4490992	16254	4.1083174	0.61068285
4490992	16255	4.1493354	0.5842531
4490992	16256	4.1515827	0.5910107
4490992	16257	4.1776686	0.42000076
4490992	16258	4.2184596	0.50047207
4490992	16259	4.1740665	0.51854
4490992	16260	3.5062776	0.25627026
4490992	16261	3.6570525	-0.031114578
4490992	16262	4.1293755	-0.4061739
4490992	16263	4.032248	-0.3868848
4490992	16264	3.9771857	-0.34878248
4490992	16265	3.5454674	0.010995269
4490992	16266	3.5456252	-0.0073859394
4490992	16267	1.9658672	1.1577004
4490992	16268	2.153232	1.2543936
4490992	16269	2.28646	1.1035295
4490992	16270	1.7483102	1.66349
4490992	16271	1.4660447	1.8138328
4490992	16272	1.1039231	2.23519
4490992	16273	1.0577564	2.3366609
4490992	16274	0.9907321	2.4510844
4490992	16275	0.9607897	2.489629
4490992	16276	2.2188473	2.998151
4490992	16277	1.9731575	2.747843
4490992	16278	1.9125704	2.8089285
4490992	16279	1.8287522	2.9181752
4490992	16280	1.7608501	3.0050614
4490992	16281	1.7516211	2.9536147
4490992	16282	1.8526062	2.9671717
4490992	16283	1.8021337	3.0038803
4490992	16284	1.7625629	1.3642123
4490992	16285	1.5593725	2.8767698
4490992	16286	2.3098192	0.23893037
4490992	16287	2.3341932	0.46299538
4490992	16288	2.325595	0.6078764
4490992	16289	2.2648802	0.6763437
4490992	16290	2.2285924	0.73522925
4490992	16291	2.1578655	0.8127458
4490992	16292	2.0915127	0.84749746
4490992	16293	2.063902	0.8816292
4490992	16294	2.0264792	0.98846173
4490992	16295	2.4290895	0.4624994
4490992	16296	2.2176676	0.8091779
4490992	16297	2.4307632	0.4781318
4490992	16298	2.1325898	1.0397817
4490992	16299	1.896979	0.99067974
4490992	16300	2.4878163	0.40358695
4490992	16301	3.0275493	0.15977535
4490992	16302	3.0193548	0.11203107
4490992	16303	2.240271	0.90102303
4490992	16304	3.4548879	1.7050798
4490992	16305	3.1467428	1.8661191
4490992	16306	2.4111128	2.5252757
4490992	16307	3.0898566	1.6438334
4490992	16308	3.5600734	1.354907
4490992	16309	1.9150015	1.9356682
4490992	16310	1.6734465	1.679568
4490992	16311	1.216083	2.1510465
4490992	16312	2.1822686	1.1505682
4490992	16313	2.6052194	0.91377735
4490992	16314	3.1522613	0.35501358
4490992	16315	3.2475634	0.5669502
4490992	16316	3.3957887	0.21887568
4490992	16317	3.430799	0.33587328
4490992	16318	3.5981593	0.29315338
4490992	16319	3.4769373	0.36724898
4490992	16320	3.3751345	0.41676733
4490992	16321	3.5136843	0.15177247
4490992	16322	4.47834	1.086988
4490992	16323	4.1891737	1.319245
4490992	16324	4.2300477	1.2357581
4490992	16325	3.9889712	1.5655601
4490992	16326	4.054577	1.1782085
4490992	16327	3.7827268	-0.13165644
4490992	16328	2.9805017	0.4770076
4490992	16329	2.9396677	0.4078664
4490992	16330	2.8975587	0.47477588
4490992	16331	2.7058187	0.5624273
4490992	16332	1.9505824	1.367528
4490992	16333	2.3192272	0.97779596
4490992	16334	2.2292652	0.9561318
4490992	16335	2.4001918	0.7765664
4490992	16336	2.4441915	0.71231365
4490992	16337	2.522553	0.6902522
4490992	16338	2.4056578	0.81169343
4490992	16339	2.9728456	0.2825741
4490992	16340	3.6997323	-0.30213273
4490992	16341	3.6458673	-0.2334703
4490992	16342	3.9758482	-0.5646701
4490992	16343	2.9569836	0.3154774
4490992	16344	2.8971887	0.64839005
4490992	16345	3.079678	0.5022727
4490992	16346	3.5023427	1.3521007
4490992	16347	3.5835662	1.1688699
4490992	16348	3.6349697	1.196406
4490992	16349	2.950276	1.64838
4490992	16350	2.9998937	2.0965738
4490992	16351	3.7732763	0.26713762
4490992	16352	3.8110485	0.48959073
4490992	16353	4.1729937	0.38162395
4490992	16354	4.1068807	0.5989747
4490992	16355	4.2186394	0.31573662
4490992	16356	2.6601257	0.33756182
4490992	16357	1.9775316	1.2328229
4490992	16358	1.8921827	1.2420992
4490992	16359	2.0532622	0.9161768
4490992	16360	2.5846214	0.6546912
4490992	16361	2.46985	0.9379704
4490992	16362	2.6757302	0.71486926
4490992	16363	2.3791642	1.0572053
4490992	16364	2.481793	0.9093696
4490992	16365	2.4342546	1.0372577
4490992	16366	2.2644486	1.2073517
4490992	16367	2.1696086	1.170351
4490992	16368	2.9939432	0.37482932
4490992	16369	2.950491	0.46669903
4490992	16370	2.174932	1.1335481
4490992	16371	1.8491064	1.5067763
4490992	16372	2.6471448	2.2581205
4490992	16373	2.5439343	2.3374665
4490992	16374	2.5169635	2.3153899
4490992	16375	2.5822015	2.2157314
4490992	16376	2.5608392	2.3104877
4490992	16377	2.626771	2.262026
4490992	16378	2.6014194	2.189263
4490992	16379	2.8355784	1.9001675
4490992	16380	3.015624	1.788651
4490992	16381	2.898993	1.8456738
4490992	16382	2.9767222	1.7523384
4490992	16383	2.9847937	1.7540607
4490992	16384	2.9795017	1.7459505
4490992	16385	3.0339737	1.3006433
4490992	16386	2.4393206	2.3674734
4490992	16387	1.9867367	2.8215816
4490992	16388	1.1658597	1.461267
4490992	16389	1.2836465	1.3541857
4490992	16390	1.3906941	1.4905235
4490992	16391	1.4793104	1.3127025
4490992	16392	1.7795132	1.4788349
4490992	16393	1.5513037	0.25130835
4490992	16394	2.6758595	0.49016824
4490992	16395	2.6751704	0.47265646
4490992	16396	2.6463032	0.559029
4490992	16397	2.7332788	0.4599695
4490992	16398	2.8422704	1.5709469
4490992	16399	2.0174298	0.8668572
4490992	16400	1.855997	1.0909457
4490992	16401	1.9701749	1.0308305
4490992	16402	3.711564	0.9712833
4490992	16403	3.5555544	1.3371383
4490992	16404	3.594809	0.4850045
4490992	16405	3.527679	0.8012595
4490992	16406	2.3485055	0.38263962
4490992	16407	2.7042646	0.2527813
4490992	16408	2.8967009	0.13817134
4490992	16409	3.293467	-0.029097319
4490992	16410	3.5754027	-0.28643182
4490992	16411	3.0473323	0.19040659
4490992	16412	4.1441483	0.77315617
4490992	16413	3.9516978	0.8313589
4490992	16414	3.1047907	1.7820415
4490992	16415	2.711656	1.9193401
4490992	16416	2.881435	1.9605508
4490992	16417	3.5331988	-0.07439867
4490992	16418	2.6903715	0.4875761
4490992	16419	1.5985149	1.4860044
4490992	16420	2.289001	0.7258841
4490992	16421	3.0947738	1.7805998
4490992	16422	2.8402572	2.0569127
4490992	16423	2.7313228	2.047765
4490992	16424	2.7405972	0.36122552
4490992	16425	2.652732	0.45410135
4490992	16426	2.1024365	0.6860862
4490992	16427	1.883391	0.85427105
4490992	16428	2.1754837	0.5171733
4490992	16429	2.1780748	0.43957797
4490992	16430	2.001902	0.73144853
4490992	16431	2.736865	0.28300545
4490992	16432	3.0624843	0.14945486
4490992	16433	3.3695536	1.318553
4490992	16434	3.7584662	1.1121567
4490992	16435	3.5473266	1.5554676
4490992	16436	3.6993842	1.3382506
4490992	16437	4.1245337	0.8925216
4490992	16438	4.201753	0.9123777
4490992	16439	4.2870493	0.74055326
4490992	16440	4.397634	0.670357
4490992	16441	2.9304233	2.0018902
4490992	16442	2.3362355	2.8491287
4490992	16443	3.5147796	1.7366872
4490992	16444	3.3152962	1.873714
4490992	16445	3.956748	1.2590802
4490992	16446	3.9672213	1.2504067
4490992	16447	4.0006366	-0.48563057
4490992	16448	3.6150723	0.8398204
4490992	16449	1.5822886	0.4662538
4490992	16450	1.2574594	0.7280818
4490992	16451	1.2864866	0.50519335
4490992	16452	1.0050238	0.92271805
4490992	16453	2.9286966	0.24331006
4490992	16454	2.4357095	0.7923304
4490992	16455	2.990953	0.26317272
4490992	16456	2.817853	0.4918956
4490992	16457	2.484476	0.799255
4490992	16458	3.2201395	0.044221908
4490992	16459	2.9918723	0.29922596
4490992	16460	3.3907843	0.22640356
4490992	16461	3.1387095	0.21716061
4490992	16462	2.8446717	0.24616715
4490992	16463	3.4756718	0.9729574
4490992	16464	3.1893663	1.2191687
4490992	16465	2.2532907	0.52824223
4490992	16466	2.5947962	1.5099525
4490992	16467	2.517827	1.5356989
4490992	16468	2.8271751	1.4375437
4490992	16469	3.086471	-0.37773368
4490992	16470	2.2067084	0.4311172
4490992	16471	2.2447195	0.4496422
4490992	16472	2.0848355	0.60299623
4490992	16473	1.7147366	0.90876734
4490992	16474	0.90425396	1.4393975
4490992	16475	2.0171876	2.3697774
4490992	16476	0.73181236	2.019635
4490992	16477	1.3830528	1.353567
4490992	16478	1.207594	1.5580654
4490992	16479	2.8070045	-0.21407065
4490992	16480	2.9820638	0.25995693
4490992	16481	2.8869896	0.28152558
4490992	16482	0.6985208	2.041211
4490992	16483	0.40263134	2.0815265
4490992	16484	0.29009205	2.1519518
4490992	16485	0.25944132	2.1998625
4490992	16486	0.050908387	2.4871416
4490992	16487	-0.04632339	2.520223
4490992	16488	0.056223273	2.4175794
4490992	16489	0.036413074	2.2503364
4490992	16490	0.29055738	1.9341431
4490992	16491	0.33819133	1.7555642
4490992	16492	0.28813058	1.8677161
4490992	16493	-0.08743459	2.3779912
4490992	16494	0.8402904	2.7368703
4490992	16495	0.4696694	3.0699766
4490992	16496	0.6931679	2.9337308
4490992	16497	0.79292	2.786166
4490992	16498	0.85261214	2.8496866
4490992	16499	0.72757494	2.987468
4490992	16500	0.12472439	2.9852812
4490992	16501	0.5196419	0.88170433
4490992	16502	0.37002742	0.49518272
4490992	16503	1.2551049	0.7709589
4490992	16504	1.2061061	0.30653468
4490992	16505	1.2141688	0.24047849
4490992	16506	2.580637	0.7486055
4490992	16507	2.0269685	1.1435419
4490992	16508	1.855488	1.349966
4490992	16509	1.1304654	1.9022563
4490992	16510	1.6489516	1.1322262
4490992	16511	2.0456476	2.0343738
4490992	16512	2.4318485	2.0582237
4490992	16513	2.3023496	0.17778471
4490992	16514	2.1848536	0.3630142
4490992	16515	2.0626278	0.60180175
4490992	16516	2.0980678	0.6050134
4490992	16517	2.042366	0.7308159
4490992	16518	2.4237108	0.37119934
4490992	16519	2.7156696	0.23386386
4490992	16520	2.943448	0.17909417
4490992	16521	3.0719852	0.06074652
4490992	16522	3.4855695	1.1782672
4490992	16523	3.7722588	0.631258
4490992	16524	4.28125	0.4222676
4490992	16525	3.6481237	-0.5333621
4490992	16526	3.0198102	0.18867674
4490992	16527	3.0924697	0.006416142
4490992	16528	3.7432733	-0.4958023
4490992	16529	3.6383457	-0.44725928
4490992	16530	3.62636	-0.36009365
4490992	16531	3.7786226	-0.3961389
4490992	16532	3.8956556	-0.6328509
4490992	16533	3.8549628	-0.5732447
4490992	16534	4.804621	-1.1513087
4490992	16535	4.9383426	-1.53132
4490992	16536	5.2303014	-1.7804888
4490992	16537	5.077684	-1.7173388
4490992	16538	4.543944	-2.1738312
4490992	16539	4.8788114	-1.1608139
4490992	16540	4.612074	-1.2008905
4490992	16541	4.6065884	-0.18101954
4490992	16542	2.9490786	-0.111163914
4490992	16543	3.2208643	-0.028564274
4490992	16544	3.1286998	-0.015719682
4490992	16545	2.7176595	0.3023456
4490992	16546	2.0243902	1.0403066
4490992	16547	2.428193	0.8481833
4490992	16548	3.0227857	0.16983518
4490992	16549	2.1708713	0.9319694
4490992	16550	4.0371237	-0.8919529
4490992	16551	4.5054345	-1.0125062
4490992	16552	4.616229	-1.1081195
4490992	16553	2.1451306	0.7147838
4490992	16554	2.4353857	0.5885018
4490992	16555	2.291401	0.8506359
4490992	16556	1.6798593	1.3682628
4490992	16557	1.2873583	1.7145483
4490992	16558	1.6406814	1.2429218
4490992	16559	1.4174614	1.7110786
4490992	16560	1.868802	1.1751183
4490992	16561	1.6334752	1.5991881
4490992	16562	1.2827573	1.7839983
4490992	16563	2.5808463	2.3728673
4490992	16564	2.2404675	2.3139992
4490992	16565	2.062952	2.5466912
4490992	16566	1.9052829	2.5626535
4490992	16567	1.9719115	2.493185
4490992	16568	2.2924452	2.0222375
4490992	16569	2.56743	1.7724881
4490992	16570	2.911942	1.4907506
4490992	16571	2.9070845	1.4053186
4490992	16572	2.7238388	1.6702538
4490992	16573	2.4758854	2.147731
4490992	16574	2.7291732	1.7388079
4490992	16575	2.7490573	1.593915
4490992	16576	2.6530485	1.8271668
4490992	16577	2.8965402	1.6497557
4490992	16578	3.1879368	1.1767684
4490992	16579	2.767261	1.5257156
4490992	16580	2.5304222	1.8913057
4490992	16581	2.9630246	1.5064766
4490992	16582	2.9627695	1.609421
4490992	16583	2.0007052	0.5584309
4490992	16584	2.1200953	0.37502655
4490992	16585	2.1582127	0.40011814
4490992	16586	2.3880067	-0.43155673
4490992	16587	2.0176215	1.0671217
4490992	16588	2.626709	-0.7755957
4490992	16589	2.0307832	0.9848709
4490992	16590	2.141395	0.77228093
4490992	16591	1.9214133	0.79259527
4490992	16592	2.0191522	0.6651094
4490992	16593	2.0564308	0.6376878
4490992	16594	2.0734787	0.6168337
4490992	16595	1.9665807	0.62255144
4490992	16596	2.05477	0.43246755
4490992	16597	2.2220407	0.45092884
4490992	16598	2.4075122	0.30857846
4490992	16599	2.440652	0.33526668
4490992	16600	2.5443416	0.28487602
4490992	16601	2.5359912	0.28552166
4490992	16602	2.7396636	0.0627304
4490992	16603	2.527709	0.26350006
4490992	16604	2.6021662	0.16432181
4490992	16605	3.4345436	1.2017093
4490992	16606	3.07015	1.4028114
4490992	16607	2.4491248	1.9609911
4490992	16608	2.9096508	1.4546459
4490992	16609	3.096735	1.4524297
4490992	16610	3.1263294	1.2446893
4490992	16611	2.9359627	1.5320948
4490992	16612	2.8419743	1.4757526
4490992	16613	2.8787704	1.5909827
4490992	16614	2.7582798	1.7976291
4490992	16615	2.8760777	1.6641316
4490992	16616	2.752936	1.8326414
4490992	16617	2.6731844	1.9299791
4490992	16618	2.848835	1.6867397
4490992	16619	2.9535766	1.409733
4490992	16620	3.4303665	1.2355288
4490992	16621	2.9646173	0.40894046
4490992	16622	2.54416	0.35090515
4490992	16623	2.7135158	-0.2316144
4490992	16624	2.8803601	-0.35591364
4490992	16625	3.22967	-0.16598058
4490992	16626	2.731636	0.191151
4490992	16627	2.8052197	0.22049841
4490992	16628	2.909123	0.27195105
4490992	16629	2.8842673	0.06960049
4490992	16630	3.2071333	1.3412104
4490992	16631	3.042262	1.5371941
4490992	16632	2.648262	1.9117727
4490992	16633	3.4950213	1.1096216
4490992	16634	3.6977587	1.1648694
4490992	16635	3.295876	1.3731532
4490992	16636	3.534833	1.0071424
4490992	16637	3.8996515	0.8533592
4490992	16638	3.2570639	1.4223064
4490992	16639	3.2246928	1.2534891
4490992	16640	2.8105059	1.8921719
4490992	16641	2.761468	2.020075
4490992	16642	2.6268497	2.1147263
4490992	16643	2.8603487	1.5021431
4490992	16644	3.2376046	1.3777633
4490992	16645	3.2012248	1.3826655
4490992	16646	3.067037	1.52095
4490992	16647	3.1522021	1.2026783
4490992	16648	3.1562915	1.2149123
4490992	16649	3.193688	1.3210069
4490992	16650	3.1992545	1.2350296
4490992	16651	2.8919115	1.669441
4490992	16652	3.0685606	1.3555924
4490992	16653	3.1030588	1.5059011
4490992	16654	3.059268	1.6286066
4490992	16655	3.338389	1.3467567
4490992	16656	3.9562287	0.83546233
4490992	16657	4.084772	0.65234303
4490992	16658	4.208264	0.55615366
4490992	16659	4.2431636	0.53326845
4490992	16660	4.066577	0.79603195
4490992	16661	3.6494017	1.1044478
4490992	16662	3.6537333	1.1107293
4490992	16663	3.740685	1.0531727
4490992	16664	3.5892158	1.2141622
4490992	16665	3.3736935	1.4498454
4490992	16666	3.4326844	1.1151294
4490992	16667	3.208517	1.6105707
4490992	16668	3.4347372	1.4292701
4490992	16669	3.767374	1.1115408
4490992	16670	3.59134	1.2750661
4490992	16671	3.660677	1.199547
4490992	16672	3.3631768	1.5502803
4490992	16673	3.5826206	1.2578475
4490992	16674	3.5302896	1.3563964
4490992	16675	3.471518	1.390138
4490992	16676	3.5082636	1.3545457
4490992	16677	3.4217176	1.4319998
4490992	16678	3.4347935	1.4123515
4490992	16679	3.4788337	1.3753895
4490992	16680	3.4214811	1.4481978
4490992	16681	3.466673	1.3927437
4490992	16682	3.4176855	1.4659914
4490992	16683	3.2660155	1.6438901
4490992	16684	3.2120552	1.6741788
4490992	16685	3.4796348	1.1507474
4490992	16686	3.46037	1.3824202
4490992	16687	3.4245372	1.4442437
4490992	16688	3.5565834	1.1538776
4490992	16689	3.2589784	1.6290898
4490992	16690	3.1879077	1.6524
4490992	16691	3.1975527	1.4234115
4490992	16692	3.253519	1.5602856
4490992	16693	3.5046344	1.0929439
4490992	16694	3.219349	1.6227133
4490992	16695	3.327282	1.4837525
4490992	16696	3.3111901	1.3521158
4490992	16697	3.4307632	1.22591
4490992	16698	3.1965804	1.6629035
4490992	16699	3.3041282	1.550987
4490992	16700	3.288783	1.6200526
4490992	16701	3.1112242	1.7972102
4490992	16702	3.3913946	1.5133288
4490992	16703	3.2561774	1.6405532
4490992	16704	4.2663403	0.55396247
4490992	16705	4.4159184	0.4477395
4490992	16706	3.21004	-0.35236713
4490992	16707	4.0562186	0.7698629
4490992	16708	3.3692336	1.4098649
4490992	16709	3.8003035	1.0955493
4490992	16710	2.7998643	0.09220895
4490992	16711	3.1762333	0.015680939
4490992	16712	3.2514534	-0.09170446
4490992	16713	3.2397537	-0.100682884
4490992	16714	2.9652944	0.16808948
4490992	16715	2.4447594	0.61513627
4490992	16716	2.541748	0.54030013
4490992	16717	2.4268074	0.67150426
4490992	16718	3.1757789	0.06118676
4490992	16719	3.401023	-0.037121832
4490992	16720	2.3751545	0.68231404
4490992	16721	2.4188447	0.73601604
4490992	16722	3.461217	1.1733203
4490992	16723	3.717865	1.3565606
4490992	16724	3.2765312	1.6846716
4490992	16725	3.218513	1.6886106
4490992	16726	2.4686131	0.044583768
4490992	16727	2.5543032	0.060194343
4490992	16728	2.6453085	0.066230506
4490992	16729	3.490006	0.9722086
4490992	16730	2.991115	1.2181638
4490992	16731	2.8666654	1.3689777
4490992	16732	2.8649364	1.3275417
4490992	16733	3.0729175	1.1761781
4490992	16734	3.3877268	0.97358716
4490992	16735	3.543243	0.8701527
4490992	16736	3.4687762	0.9576347
4490992	16737	3.3811932	1.1018863
4490992	16738	3.3820004	1.0978309
4490992	16739	4.139045	0.07390949
4490992	16740	4.479559	-0.117284834
4490992	16741	3.5254993	0.7782651
4490992	16742	3.5107756	0.9103389
4490992	16743	3.5569139	0.9599513
4490992	16744	3.639505	0.8809098
4490992	16745	3.5590801	1.0527986
4490992	16746	3.756362	0.8094795
4490992	16747	3.7493663	0.87962294
4490992	16748	4.0131516	0.5347315
4490992	16749	4.318262	0.22059634
4490992	16750	3.8465652	0.6686046
4490992	16751	4.2085238	0.25949296
4490992	16752	4.0143576	0.4303365
4490992	16753	4.3120766	0.22029743
4490992	16754	4.305685	0.2764105
4490992	16755	4.1866636	-0.7602513
4490992	16756	4.502356	0.07081738
4490992	16757	2.7893252	0.036020726
4490992	16758	4.2477365	0.31447974
4490992	16759	4.5227737	0.1924493
4490992	16760	4.5196176	0.2511141
4490992	16761	4.483035	0.28879306
4490992	16762	4.406756	0.38601527
4490992	16763	4.4945526	0.3658546
4490992	16764	4.5044	0.37222418
4490992	16765	4.2500834	0.42585632
4490992	16766	2.4509087	0.28801277
4490992	16767	2.7687368	0.40517893
4490992	16768	2.8864427	0.28356573
4490992	16769	2.9596782	0.22780088
4490992	16770	2.806457	0.33989736
4490992	16771	2.7953386	0.31273583
4490992	16772	3.8894439	0.8344555
4490992	16773	3.9995656	0.5423944
4490992	16774	3.9610176	0.7510265
4490992	16775	3.360269	1.3645657
4490992	16776	3.5734062	1.013693
4490992	16777	3.771237	0.7762425
4490992	16778	3.6856818	1.0142118
4490992	16779	3.6233473	1.0292128
4490992	16780	1.8847765	0.46890858
4490992	16781	0.9204098	-0.7623409
4490992	16782	2.495319	-1.2460699
4490992	16783	2.3271294	-0.30519512
4490992	16784	2.3528924	-0.53473246
4490992	16785	2.4151993	-0.67900956
4490992	16786	2.4268885	-0.85347486
4490992	16787	2.7332125	-1.0467775
4490992	16788	2.8195167	-1.1228927
4490992	16789	2.3588428	-0.87199605
4490992	16790	2.7488394	-1.0261258
4490992	16791	1.9371489	-0.6144556
4490992	16792	1.8304352	-0.24389109
4490992	16793	1.700523	-0.09221333
4490992	16794	1.644564	-0.12378028
4490992	16795	1.5867251	-0.13486272
4490992	16796	1.5575494	-0.13436726
4490992	16797	1.5619518	-0.14341533
4490992	16798	1.5095354	-0.1069406
4490992	16799	1.4304168	-0.0013174713
4490992	16800	1.428212	1.430889
4490992	16801	1.7699493	0.9576862
4490992	16802	1.875086	0.902848
4490992	16803	1.5617863	1.2773991
4490992	16804	1.708001	1.0414444
4490992	16805	2.448545	0.2275751
4490992	16806	1.961068	0.93613946
4490992	16807	1.9606918	0.8693843
4490992	16808	1.8861264	0.8867645
4490992	16809	3.3212876	1.0740957
4490992	16810	2.8268104	1.5509956
4490992	16811	3.25385	1.1532412
4490992	16812	3.0416698	1.3364953
4490992	16813	3.15623	1.1887537
4490992	16814	3.3160725	1.1069154
4490992	16815	3.3768516	1.0042273
4490992	16816	3.2022538	0.9648198
4490992	16817	3.7873464	0.6811211
4490992	16818	3.9472156	0.41617772
4490992	16819	3.8538976	0.61873317
4490992	16820	3.6848383	0.8858254
4490992	16821	3.6445532	0.78622127
4490992	16822	3.7807999	0.56603825
4490992	16823	3.806457	0.6872748
4490992	16824	3.3643618	0.99029756
4490992	16825	3.2743206	1.3793111
4490992	16826	3.3984098	0.94285226
4490992	16827	3.4689698	1.2594119
4490992	16828	2.089254	2.6168218
4490992	16829	2.4909563	1.9102061
4490992	16830	2.8902774	1.6645427
4490992	16831	2.9305882	1.7402368
4490992	16832	2.8289132	1.8166969
4490992	16833	2.522347	1.8211606
4490992	16834	2.7091537	1.9785216
4490992	16835	2.666348	1.6139486
4490992	16836	2.7325807	2.0528715
4490992	16837	2.9606605	1.6979508
4490992	16838	3.5925188	1.1571845
4490992	16839	3.8767881	0.8038219
4490992	16840	3.720911	1.2335329
4490992	16841	2.4356732	-1.8176602
4490992	16842	0.94973195	-2.64308
4490992	16843	0.49999666	-1.2457491
4490992	16844	0.11609012	-1.3774225
4490992	16845	0.8387127	-1.3050177
4490992	16846	0.94187593	-1.1378403
4490992	16847	0.35880715	-0.48250708
4490992	16848	0.60296893	-0.73304987
4490992	16849	0.48951626	-0.91719776
4490992	16850	0.111498356	-0.50663763
4490992	16851	0.48665577	-1.1247346
4490992	16852	0.41911644	-0.9043977
4490992	16853	0.46137804	-0.7012731
4490992	16854	-0.026402265	-0.18478498
4490992	16855	-0.06589463	-0.2616568
4490992	16856	-0.08005768	-0.114172846
4490992	16857	-0.12591961	-0.108306855
4490992	16858	0.47143686	-0.7498388
4490992	16859	0.84415746	0.13647309
4490992	16860	0.3492748	0.4823099
4490992	16861	-0.3518518	1.3246411
4490992	16862	0.58888566	0.90822315
4490992	16863	0.45975125	1.089232
4490992	16864	0.6613492	1.1348101
4490992	16865	0.5817369	1.1820292
4490992	16866	0.5061629	1.2005534
4490992	16867	1.9340338	-0.66086984
4490992	16868	2.2201977	-0.5526109
4490992	16869	2.2815876	-0.49859503
4490992	16870	1.964717	0.6113205
4490992	16871	2.2294035	-0.7579754
4490992	16872	2.5700936	0.09165934
4490992	16873	2.3056374	0.2826738
4490992	16874	1.7857	0.725443
4490992	16875	2.5793443	1.4016633
4490992	16876	2.1931028	2.024301
4490992	16877	2.6131592	1.5978711
4490992	16878	2.872612	1.4666235
4490992	16879	3.0050626	1.3459358
4490992	16880	2.8091898	1.5325667
4490992	16881	3.0124784	1.3196243
4490992	16882	2.7209587	1.7824974
4490992	16883	2.863884	1.5591474
4490992	16884	3.4896307	1.0359361
4490992	16885	3.4291348	1.0295352
4490992	16886	3.142177	1.2809315
4490992	16887	2.8347197	1.5233248
4490992	16888	3.3679733	1.0509858
4490992	16889	3.3219147	1.1804283
4490992	16890	3.6959906	0.77196264
4490992	16891	3.9325962	0.6058804
4490992	16892	4.0246964	0.4811354
4490992	16893	4.245943	0.32449946
4490992	16894	4.164909	0.4228467
4490992	16895	4.029784	0.5487062
4490992	16896	4.246991	0.36346456
4490992	16897	4.281372	0.3761787
4490992	16898	4.204614	0.46785238
4490992	16899	4.133565	0.49640575
4490992	16900	4.1850605	0.4527087
4490992	16901	4.53701	0.18923512
4490992	16902	4.5348635	0.16547367
4490992	16903	3.9584632	0.8468672
4490992	16904	3.8964324	0.81725645
4490992	16905	3.6580114	1.1739175
4490992	16906	3.3375182	1.4434121
4490992	16907	3.6455674	1.2198853
4490992	16908	3.809712	1.0341368
4490992	16909	3.975699	0.8977225
4490992	16910	3.9353337	0.96468437
4490992	16911	4.1605725	0.81313336
4490992	16912	3.8016262	0.9050771
4490992	16913	3.5946894	1.2434962
4490992	16914	3.455512	1.3405563
4490992	16915	3.370492	1.3341808
4490992	16916	3.2978725	1.4703931
4490992	16917	3.1158328	1.7887576
4490992	16918	3.0618668	1.8580818
4490992	16919	1.2015038	1.4963177
4490992	16920	0.97774565	1.4534446
4490992	16921	1.2360213	1.6748071
4490992	16922	1.130833	1.5671344
4490992	16923	1.4802133	1.1169777
4490992	16924	2.1410527	0.4687762
4490992	16925	2.6140075	0.17028603
4490992	16926	2.482039	0.36380908
4490992	16927	2.3579383	0.36219832
4490992	16928	2.1631303	0.6227244
4490992	16929	2.1889749	0.5785849
4490992	16930	2.0614414	0.71712947
4490992	16931	1.1685858	1.7063513
4490992	16932	1.234757	1.5702462
4490992	16933	1.1617523	1.7000415
4490992	16934	0.5439302	2.4970155
4490992	16935	0.63663065	2.3701534
4490992	16936	0.5157305	2.5987792
4490992	16937	0.99292886	1.8059397
4490992	16938	1.4116298	1.5104612
4490992	16939	1.0461653	1.927021
4490992	16940	1.3144275	1.6226735
4490992	16941	1.0993313	1.8188212
4490992	16942	1.3803084	1.5313032
4490992	16943	1.9371225	0.42391667
4490992	16944	1.302586	1.5535276
4490992	16945	1.4542013	1.2817078
4490992	16946	1.5331727	1.4020716
4490992	16947	1.8447348	1.1481684
4490992	16948	2.0282793	0.92366886
4490992	16949	1.9897052	1.0963509
4490992	16950	2.050116	0.8284054
4490992	16951	3.0221205	1.505576
4490992	16952	2.9659514	1.528083
4490992	16953	2.9166598	1.577841
4490992	16954	2.8937545	1.6426864
4490992	16955	3.4749331	0.9306078
4490992	16956	3.8312597	0.8734441
4490992	16957	3.7319503	0.8516698
4490992	16958	3.3626661	1.2853706
4490992	16959	3.3097477	0.16645226
4490992	16960	3.4587207	0.6945896
4490992	16961	3.3289437	0.7565223
4490992	16962	3.4922304	0.7352165
4490992	16963	2.1483126	0.74753237
4490992	16964	3.5020547	0.5628586
4490992	16965	3.6402106	0.42322448
4490992	16966	3.3769712	0.58246505
4490992	16967	2.811462	1.1336975
4490992	16968	2.777483	1.1370403
4490992	16969	2.8280602	1.1391335
4490992	16970	2.7343488	1.213139
4490992	16971	2.9370193	0.9822005
4490992	16972	2.820631	1.0697236
4490992	16973	2.6506543	1.2934703
4490992	16974	2.9714155	1.1132185
4490992	16975	2.6856885	1.3061898
4490992	16976	2.490478	1.4468921
4490992	16977	2.7788806	1.1730175
4490992	16978	2.973106	1.0172067
4490992	16979	3.055365	0.879331
4490992	16980	3.0590172	0.95543504
4490992	16981	2.8873458	1.2392997
4490992	16982	3.0976157	1.0037827
4490992	16983	3.0965576	1.0038295
4490992	16984	3.5861301	0.6534554
4490992	16985	3.5758538	0.6409285
4490992	16986	3.0675707	1.0740201
4490992	16987	3.6824389	0.47963044
4490992	16988	4.202156	0.11461559
4490992	16989	3.997767	0.24932644
4490992	16990	3.7836914	0.4743239
4490992	16991	3.7841759	0.4436439
4490992	16992	3.8562226	0.3551176
4490992	16993	4.07003	0.008807212
4490992	16994	3.4648247	0.4392986
4490992	16995	3.1286612	0.82336915
4490992	16996	3.2876682	0.7208917
4490992	16997	3.2009215	0.80369437
4490992	16998	3.0933795	0.98621583
4490992	16999	3.0148506	1.0357074
4490992	17000	3.117784	0.99158907
4490992	17001	3.0790138	1.0524029
4490992	17002	3.1738925	0.91887903
4490992	17003	3.1115975	1.0686709
4490992	17004	3.041307	1.137461
4490992	17005	2.9429903	1.2871944
4490992	17006	3.8592048	0.46905378
4490992	17007	3.665783	0.6163844
4490992	17008	3.4515877	0.9269037
4490992	17009	3.8121085	0.56090224
4490992	17010	3.5470805	0.8906115
4490992	17011	3.5594954	0.8965583
4490992	17012	3.4018283	1.0504006
4490992	17013	3.3811798	1.0887408
4490992	17014	3.6221485	0.7867458
4490992	17015	3.6192937	0.84345174
4490992	17016	3.5256348	0.96609473
4490992	17017	3.502277	0.98658514
4490992	17018	3.573782	0.9656526
4490992	17019	3.5544362	0.99548244
4490992	17020	3.6635966	0.7962135
4490992	17021	3.6716847	0.8833308
4490992	17022	3.0713096	1.6481102
4490992	17023	3.124835	1.4089948
4490992	17024	3.9426403	0.6906775
4490992	17025	3.8904705	0.7530656
4490992	17026	3.8317604	0.71194017
4490992	17027	3.7746959	0.75673974
4490992	17028	3.8285484	0.6602931
4490992	17029	3.99618	0.5018984
4490992	17030	4.036017	0.5773519
4490992	17031	3.9388657	0.69890463
4490992	17032	3.9709325	0.65481234
4490992	17033	3.90739	0.7163063
4490992	17034	3.9749298	0.6432146
4490992	17035	4.007914	0.63618124
4490992	17036	3.9693704	0.66714776
4490992	17037	4.681107	0.018855363
4490992	17038	4.5300894	0.20687196
4490992	17039	4.2179155	0.48906973
4490992	17040	4.143197	0.43490502
4490992	17041	4.122112	0.56992114
4490992	17042	4.6350703	0.1754776
4490992	17043	2.569951	0.17861626
4490992	17044	2.398375	0.43002233
4490992	17045	2.3392115	0.55806565
4490992	17046	2.807427	0.19291052
4490992	17047	3.6405225	1.1108347
4490992	17048	3.5835338	1.1323799
4490992	17049	3.2500281	1.2447816
4490992	17050	2.547463	-0.1096887
4490992	17051	3.6898794	0.78122365
4490992	17052	2.241715	0.6330589
4490992	17053	2.3823977	0.83202493
4490992	17054	2.5521421	0.7439511
4490992	17055	2.581915	0.71329844
4490992	17056	2.5279841	0.7070823
4490992	17057	2.5425882	0.70780444
4490992	17058	2.5417523	0.7006383
4490992	17059	2.8523479	0.43123075
4490992	17060	2.596161	0.58665645
4490992	17061	2.4818726	0.5249804
4490992	17062	2.8027463	0.34337118
4490992	17063	2.731604	0.39330253
4490992	17064	2.5083518	0.50536335
4490992	17065	2.654387	0.4075128
4490992	17066	3.5739646	1.203325
4490992	17067	3.6292486	1.0765977
4490992	17068	3.967937	0.7695093
4490992	17069	2.5691304	0.18012163
4490992	17070	2.5288467	0.4160581
4490992	17071	2.7464752	0.25624284
4490992	17072	2.6936927	0.31388316
4490992	17073	2.7392602	0.32301113
4490992	17074	2.8230104	0.2907426
4490992	17075	3.241253	0.014842451
4490992	17076	3.038568	0.088083655
4490992	17077	3.431314	-0.10487193
4490992	17078	3.8434358	-0.32825518
4490992	17079	4.019092	-0.57737255
4490992	17080	4.469981	-0.9390185
4490992	17081	5.1540236	-1.2411488
4490992	17082	4.8573265	-1.1766202
4490992	17083	2.835239	-1.1963127
4490992	17084	2.9088302	-1.0896103
4490992	17085	3.5681858	-0.15006703
4490992	17086	3.1711955	-0.09238917
4490992	17087	3.8698444	0.36061063
4490992	17088	3.6109138	0.44019684
4490992	17089	3.5760326	0.5244787
4490992	17090	3.664763	0.5327939
4490992	17091	3.4925938	0.6718538
4490992	17092	3.4134321	0.88405263
4490992	17093	2.837872	1.2885647
4490992	17094	2.0963683	0.422757
4490992	17095	2.0757499	0.64315844
4490992	17096	2.221756	0.52580154
4490992	17097	2.26331	0.4500129
4490992	17098	2.4161906	0.44708595
4490992	17099	2.30304	0.48711076
4490992	17100	2.4094582	0.46265915
4490992	17101	2.3807235	0.4762145
4490992	17102	3.0701175	1.063846
4490992	17103	3.2030282	1.199982
4490992	17104	2.8306193	1.5150815
4490992	17105	3.0833015	1.3568448
4490992	17106	3.2260542	1.2148713
4490992	17107	3.5460324	0.9019097
4490992	17108	3.4991965	1.0461854
4490992	17109	2.8610082	1.6119397
4490992	17110	2.0791826	0.47067687
4490992	17111	1.87015	0.12915483
4490992	17112	2.2028022	1.4026595
4490992	17113	2.4781103	1.4962221
4490992	17114	2.9069476	1.6081195
4490992	17115	3.1696844	1.5432065
4490992	17116	3.304731	1.3754511
4490992	17117	3.1344266	1.3691251
4490992	17118	2.3516765	2.0641437
4490992	17119	2.8742023	1.5989509
4490992	17120	3.1047974	1.264482
4490992	17121	3.3408523	1.2399629
4490992	17122	4.288876	0.21004483
4490992	17123	4.241464	0.28431103
4490992	17124	4.0649877	0.44953647
4490992	17125	3.9981732	0.48449555
4490992	17126	3.8508	0.60770047
4490992	17127	3.913076	0.6746721
4490992	17128	3.8505225	0.6845093
4490992	17129	3.6394677	0.87503374
4490992	17130	2.2650084	0.44089583
4490992	17131	2.0004568	0.95988035
4490992	17132	1.6641029	1.3017977
4490992	17133	1.4754972	1.4341509
4490992	17134	0.8101944	2.5214784
4490992	17135	0.80664945	2.2072268
4490992	17136	0.58910465	2.2617543
4490992	17137	0.3452987	2.7469018
4490992	17138	0.4268098	2.7590318
4490992	17139	1.9778827	1.7346048
4490992	17140	1.2813033	2.6022162
4490992	17141	1.0878886	2.8674421
4490992	17142	1.1723019	2.8104088
4490992	17143	1.1631798	2.8161814
4490992	17144	1.0266657	2.9227285
4490992	17145	1.0346429	3.008624
4490992	17146	1.0854783	3.0106463
4490992	17147	1.0124737	3.1361778
4490992	17148	1.1414704	3.3616757
4490992	17149	0.7363477	3.795952
4490992	17150	0.6915704	3.9269316
4490992	17151	0.34001654	2.637443
4490992	17152	0.512956	2.2376115
4490992	17153	0.6338376	2.2021213
4490992	17154	0.8860862	1.9261017
4490992	17155	1.1769936	1.5021479
4490992	17156	1.5074698	1.1481317
4490992	17157	1.6243027	1.0035765
4490992	17158	1.7912337	0.9492637
4490992	17159	1.9524354	0.8505038
4490992	17160	1.9330112	0.8127595
4490992	17161	1.9139508	1.0043219
4490992	17162	1.6045588	1.2223343
4490992	17163	1.3213389	1.5422213
4490992	17164	1.2507235	1.6096792
4490992	17165	1.4266927	1.406545
4490992	17166	1.5580648	1.2162853
4490992	17167	1.6679951	1.1759733
4490992	17168	1.747429	1.1039305
4490992	17169	1.8930548	0.92894423
4490992	17170	2.142046	0.7421162
4490992	17171	2.1144176	0.840119
4490992	17172	2.6809568	0.16567788
4490992	17173	1.9893817	0.8375548
4490992	17174	1.8580941	0.9825189
4490992	17175	2.4200535	0.27455547
4490992	17176	2.6610956	0.22478047
4490992	17177	2.7300763	0.18649873
4490992	17178	2.4578695	0.42295727
4490992	17179	2.121696	0.66726327
4490992	17180	2.276494	1.447293
4490992	17181	2.0640006	1.9073973
4490992	17182	1.9508654	2.0204225
4490992	17183	1.6624981	2.1772025
4490992	17184	1.8145751	2.2109466
4490992	17185	1.6185614	2.439179
4490992	17186	1.6827825	2.462096
4490992	17187	1.7897226	2.456785
4490992	17188	1.6471225	2.3931942
4490992	17189	1.4707308	2.4494164
4490992	17190	1.365116	2.7150252
4490992	17191	1.6176523	2.6379743
4490992	17192	1.3874153	2.8733609
4490992	17193	1.7073334	2.5945008
4490992	17194	1.5070442	2.8041568
4490992	17195	1.3767505	3.033718
4490992	17196	1.5374554	2.8491724
4490992	17197	1.7109662	2.7370307
4490992	17198	1.5152296	2.9113963
4490992	17199	1.3887258	2.953944
4490992	17200	1.6056355	2.7036264
4490992	17201	1.9449252	2.4395921
4490992	17202	1.8419086	2.4069154
4490992	17203	2.191966	1.8354373
4490992	17204	2.1687012	1.9983695
4490992	17205	2.486858	1.90147
4490992	17206	2.8841128	1.6730268
4490992	17207	3.6622348	1.3893123
4490992	17208	2.5321302	0.89924335
4490992	17209	2.2363667	1.2419147
4490992	17210	2.0270581	1.2517079
4490992	17211	2.703476	1.7462895
4490992	17212	3.0799394	1.5176703
4490992	17213	3.4583368	1.1993098
4490992	17214	3.338694	1.3294505
4490992	17215	3.4659357	1.2586168
4490992	17216	3.319601	1.4324619
4490992	17217	3.2895665	1.3600199
4490992	17218	3.3024359	1.3649174
4490992	17219	3.2777867	1.3845413
4490992	17220	3.2452178	1.4148706
4490992	17221	3.1841626	1.4515523
4490992	17222	3.206152	1.377918
4490992	17223	3.315794	1.4554685
4490992	17224	3.8463287	0.71217644
4490992	17225	3.8835492	0.8773378
4490992	17226	3.9996018	0.77099144
4490992	17227	4.559966	0.17040256
4490992	17228	4.9981823	-0.10120812
4490992	17229	5.0650406	-0.18658775
4490992	17230	5.0015016	-0.15613002
4490992	17231	5.1302643	-0.22137158
4490992	17232	5.3984656	-0.50695807
4490992	17233	4.8179107	-0.042001337
4490992	17234	4.5496974	0.18403473
4490992	17235	3.7683625	1.0099889
4490992	17236	3.662074	1.2376515
4490992	17237	3.6353498	1.1949157
4490992	17238	3.5359774	1.518203
4490992	17239	3.2960925	1.6451895
4490992	17240	2.6809983	2.1614757
4490992	17241	2.1792822	2.5555525
4490992	17242	1.2933627	3.3684154
4490992	17243	1.2349399	3.599294
4490992	17244	1.0639423	3.7731302
4490992	17245	0.63698053	4.2890387
4490992	17246	0.55254257	4.1464806
4490992	17247	0.39195627	4.359755
4490992	17248	-0.5128017	4.769634
4490992	17249	-0.9524768	5.3547554
4490992	17250	-0.91465235	5.174653
4490992	17251	-0.7141712	4.738118
4490992	17252	-0.6645479	4.618163
4490992	17253	-0.39290512	3.3879104
4490992	17254	0.68211424	2.5938728
4490992	17255	-0.16879678	3.764078
4490992	17256	-0.25189978	4.0617404
4490992	17257	-0.41218877	4.2826233
4490992	17258	-0.015476078	3.616761
4490992	17259	-0.17908013	3.767729
4490992	17260	-0.19112882	3.7637637
4490992	17261	1.0039707	3.6966822
4490992	17262	0.6144407	4.0079837
4490992	17263	0.5460329	4.0284185
4490992	17264	0.42671585	4.3607173
4490992	17265	0.46252948	4.344402
4490992	17266	0.6857002	3.9113314
4490992	17267	1.0540544	3.6675665
4490992	17268	0.9980434	3.7198827
4490992	17269	1.1069793	3.6987526
4490992	17270	1.0051026	3.77618
4490992	17271	0.4294963	3.9713352
4490992	17272	0.20818537	4.071103
4490992	17273	0.18176001	3.9823086
4490992	17274	0.25039428	3.9035447
4490992	17275	0.5592507	3.6487172
4490992	17276	0.53993833	3.5782263
4490992	17277	0.56844354	3.4737694
4490992	17278	0.8091223	3.280852
4490992	17279	0.8036971	3.1381695
4490992	17280	0.88258326	3.0525637
4490992	17281	0.86041474	3.0719137
4490992	17282	1.215383	2.6450922
4490992	17283	1.2476577	2.5155656
4490992	17284	1.655075	2.1703105
4490992	17285	2.3595042	1.5502276
4490992	17286	2.5151224	1.5954423
4490992	17287	3.2432761	0.9926863
4490992	17288	2.83841	1.557684
4490992	17289	2.6919203	1.9823079
4490992	17290	2.3584342	2.2113585
4490992	17291	2.0287757	2.4142022
4490992	17292	2.1435652	2.4341547
4490992	17293	2.1755319	2.426138
4490992	17294	3.4938498	1.1650885
4490992	17295	3.601902	1.3170166
4490992	17296	3.3889542	1.4050627
4490992	17297	3.626967	0.8463391
4490992	17298	3.206349	-0.36453545
4490992	17299	2.4921556	0.15317032
4490992	17300	2.4783716	0.15732428
4490992	17301	2.6029458	1.5984886
4490992	17302	3.1718903	1.2017071
4490992	17303	3.0741844	1.3556608
4490992	17304	2.9717193	1.393478
4490992	17305	4.119281	0.2932231
4490992	17306	3.4900074	0.93918645
4490992	17307	2.1355796	2.2370508
4490992	17308	2.0011063	2.5214396
4490992	17309	1.6093487	2.4107552
4490992	17310	2.057218	2.5599644
4490992	17311	3.0937858	1.5770395
4490992	17312	3.1271415	1.8136876
4490992	17313	3.2336173	1.6325915
4490992	17314	2.6246328	1.5855312
4490992	17315	3.1447487	1.2643903
4490992	17316	3.2401319	1.5779378
4490992	17317	4.045655	0.77256703
4490992	17318	4.3021336	0.6973518
4490992	17319	4.210966	0.7901864
4490992	17320	4.708359	0.2216067
4490992	17321	3.2394729	-0.63815016
4490992	17322	3.4530544	1.0465214
4490992	17323	3.6992822	-0.43880433
4490992	17324	2.8039484	0.21409664
4490992	17325	3.1605778	1.215783
4490992	17326	3.556005	1.1161257
4490992	17327	3.5200257	1.3419203
4490992	17328	3.3808632	1.4096072
4490992	17329	3.7180982	1.3737824
4490992	17330	3.6292853	1.3120104
4490992	17331	2.9348598	2.1482394
4490992	17332	2.7713776	2.1017635
4490992	17333	2.7093763	2.1447692
4490992	17334	2.5834012	2.2760825
4490992	17335	3.2203388	1.7995782
4490992	17336	3.6176305	1.4165015
4490992	17337	3.27416	1.4120045
4490992	17338	4.3336663	0.52418995
4490992	17339	4.862146	0.23256555
4490992	17340	4.4865336	0.6380893
4490992	17341	4.1491055	0.86038053
4490992	17342	3.8596396	1.3438193
4490992	17343	3.7798882	1.2664658
4490992	17344	3.8930569	1.3183825
4490992	17345	3.8592148	1.3467196
4490992	17346	4.0405283	1.1945738
4490992	17347	3.0987692	2.0885293
4490992	17348	2.142181	2.7846913
4490992	17349	2.0792813	3.0326536
4490992	17350	1.9450091	3.2819657
4490992	17351	2.053853	3.2264845
4490992	17352	2.3852854	2.9261713
4490992	17353	2.4919796	2.9395278
4490992	17354	2.6919193	2.5583155
4490992	17355	2.3801217	2.8329675
4490992	17356	2.5421515	2.6019106
4490992	17357	2.5059657	2.756684
4490992	17358	2.6701298	2.7135723
4490992	17359	2.5688567	2.7942948
4490992	17360	2.8230247	2.6069357
4490992	17361	3.1702938	2.2151012
4490992	17362	3.2391033	2.1983955
4490992	17363	3.5905204	1.8377261
4490992	17364	3.512763	2.0075297
4490992	17365	3.7752643	1.8266723
4490992	17366	3.8814025	1.748132
4490992	17367	3.8246279	1.7874856
4490992	17368	3.880837	1.7715979
4490992	17369	3.910112	1.7504015
4490992	17370	3.790638	1.8418133
4490992	17371	3.8160086	1.8320453
4490992	17372	3.792592	1.6875172
4490992	17373	3.8300042	1.6152601
4490992	17374	4.255265	1.2360351
4490992	17375	4.5794463	0.5840956
4490992	17376	4.8012233	0.49745032
4490992	17377	4.6134543	0.658532
4490992	17378	4.049092	1.1306328
4490992	17379	3.817212	1.3376867
4490992	17380	3.352841	1.6226003
4490992	17381	2.9559703	1.8869085
4490992	17382	3.1723742	1.6521146
4490992	17383	3.4591641	1.6590242
4490992	17384	3.2412639	-2.5581646
4490992	17385	2.2906837	-3.5210376
4490992	17386	1.8703269	-3.358856
4490992	17387	2.4190197	-3.1129417
4490992	17388	2.2915034	-2.8184378
4490992	17389	2.4808068	-2.723308
4490992	17390	2.6739283	-2.6601865
4490992	17391	2.77287	-2.6667879
4490992	17392	2.7216344	-2.6441488
4490992	17393	2.7031183	-2.5713003
4490992	17394	1.7898334	-2.0044096
4490992	17395	2.1236253	-2.2912383
4490992	17396	2.7942486	-2.5764072
4490992	17397	3.3351526	-2.821331
4490992	17398	2.625031	-2.1661167
4490992	17399	2.8971786	-2.355549
4490992	17400	3.1032324	-2.4927037
4490992	17401	3.3741202	-2.561329
4490992	17402	3.4504628	-2.6226802
4490992	17403	3.5274448	-2.6791577
4490992	17404	4.454356	-2.3117504
4490992	17405	4.0470405	-1.4326738
4490992	17406	4.00736	-1.3803277
4490992	17407	3.3129172	-0.92985106
4490992	17408	4.03168	-1.343461
4490992	17409	5.405307	-2.1263933
4490992	17410	5.236925	-2.1625836
4490992	17411	5.6592717	-1.4362291
4490992	17412	5.0674324	-1.1786262
4490992	17413	5.2272153	-0.63414705
4490992	17414	4.929463	-0.3144673
4490992	17415	5.2756333	-0.67872894
4490992	17416	3.8302975	-0.9583105
4490992	17417	4.20802	-0.4366075
4490992	17418	4.28392	-0.5115737
4490992	17419	5.0954924	-1.2648902
4490992	17420	3.2431211	-1.3535773
4490992	17421	3.5263906	-1.0592964
4490992	17422	3.1863208	-1.096766
4490992	17423	3.657414	-0.32845843
4490992	17424	3.075327	1.0354034
4490992	17425	3.8467088	0.9731374
4490992	17426	3.1741185	0.021276087
4490992	17427	2.968204	0.569155
4490992	17428	3.0263453	0.4082826
4490992	17429	3.0312858	0.37736973
4490992	17430	2.907237	0.43208078
4490992	17431	2.5224786	0.7890142
4490992	17432	2.0804963	1.2257907
4490992	17433	2.0458112	1.3027405
4490992	17434	1.8476211	1.4220864
4490992	17435	1.5780259	1.9298611
4490992	17436	1.0241357	2.3536923
4490992	17437	0.81709313	2.628786
4490992	17438	-0.26208317	0.76825583
4490992	17439	-0.16615781	-0.22335577
4490992	17440	-0.0039299726	0.05112174
4490992	17441	0.25216603	0.5743878
4490992	17442	1.1290768	0.49275532
4490992	17443	0.7089559	0.5952102
4490992	17444	0.8563	0.66573846
4490992	17445	0.33727354	1.019378
4490992	17446	0.36295617	0.98110855
4490992	17447	0.41970128	0.98256505
4490992	17448	0.2506088	1.1861205
4490992	17449	0.1523143	1.2998453
4490992	17450	1.8693966	1.3202769
4490992	17451	1.9798859	1.3594819
4490992	17452	1.7044374	1.4386829
4490992	17453	2.698522	0.07575825
4490992	17454	2.2702198	0.7938248
4490992	17455	3.097755	-0.03677556
4490992	17456	3.2434478	-0.15459126
4490992	17457	3.6722898	-0.4035637
4490992	17458	3.9020143	0.7574053
4490992	17459	4.0919847	0.64146173
4490992	17460	3.9235306	0.9081167
4490992	17461	2.1758156	0.5647299
4490992	17462	2.618565	0.64641035
4490992	17463	2.659927	0.6730801
4490992	17464	2.3572426	0.75336766
4490992	17465	2.1600575	0.9600116
4490992	17466	1.6953925	1.3592092
4490992	17467	1.6004738	1.622046
4490992	17468	1.5664603	1.4762222
4490992	17469	2.2187457	0.7485925
4490992	17470	2.5436778	0.5566697
4490992	17471	1.5137655	1.5331074
4490992	17472	2.0958977	0.67545426
4490992	17473	2.3579545	0.7773645
4490992	17474	3.146658	-0.010780275
4490992	17475	2.7422123	0.41086742
4490992	17476	2.7584543	0.36057284
4490992	17477	2.820561	0.3236151
4490992	17478	2.966527	0.15017775
4490992	17479	3.6713362	1.2481552
4490992	17480	3.2319942	1.6381409
4490992	17481	3.248548	1.3509449
4490992	17482	3.210775	1.4860325
4490992	17483	1.9243051	2.0983913
4490992	17484	2.1908703	1.8943872
4490992	17485	2.0497131	1.8571484
4490992	17486	2.1264043	2.309141
4490992	17487	1.3032104	1.1457186
4490992	17488	0.7285671	1.8049705
4490992	17489	0.59491277	1.9360142
4490992	17490	1.2623575	1.0899109
4490992	17491	1.4318414	0.97888184
4490992	17492	1.2312976	1.3841244
4490992	17493	1.160583	1.3191168
4490992	17494	1.1893201	1.2704976
4490992	17495	1.2366357	1.2431688
4490992	17496	1.3030821	1.2171917
4490992	17497	1.0901828	1.4678766
4490992	17498	0.6044117	1.9669147
4490992	17499	1.0331765	1.4603984
4490992	17500	1.0681703	1.4280223
4490992	17501	1.6380647	0.8757769
4490992	17502	2.4584942	1.4980845
4490992	17503	2.5672426	-0.3129816
4490992	17504	2.4112444	1.54902
4490992	17505	2.2541919	1.9295816
4490992	17506	2.0955458	2.0670931
4490992	17507	2.3002725	0.036798507
4490992	17508	2.0500493	-0.58229023
4490992	17509	2.1859107	-0.66608286
4490992	17510	2.0894327	0.67765987
4490992	17511	1.8360413	0.8766639
4490992	17512	1.8388168	0.8753885
4490992	17513	1.4534912	1.4101319
4490992	17514	1.6983205	1.0170395
4490992	17515	2.0739727	0.5826168
4490992	17516	2.1563382	0.5791236
4490992	17517	2.8253517	1.1887492
4490992	17518	1.9628111	2.2452214
4490992	17519	1.5831991	2.5146923
4490992	17520	1.449319	2.561457
4490992	17521	1.4233527	2.5652092
4490992	17522	1.2470725	2.862399
4490992	17523	2.1696477	-1.2656776
4490992	17524	1.0055511	-0.34717673
4490992	17525	1.5963992	1.0882792
4490992	17526	1.4870882	1.155881
4490992	17527	1.4015145	1.3097621
4490992	17528	1.2937365	1.4297103
4490992	17529	1.5768448	1.0670419
4490992	17530	1.6834933	1.0164813
4490992	17531	1.75832	1.0068917
4490992	17532	1.7578663	1.1156198
4490992	17533	1.7637945	0.9573859
4490992	17534	1.464036	1.4980265
4490992	17535	1.7280818	1.1342161
4490992	17536	1.7562824	1.1410164
4490992	17537	2.0850015	0.819319
4490992	17538	2.158743	0.75092196
4490992	17539	2.2368832	0.6651733
4490992	17540	1.9455005	0.9923154
4490992	17541	3.65973	0.9753275
4490992	17542	3.506019	1.2204185
4490992	17543	3.6594424	1.0445262
4490992	17544	3.9662938	0.711187
4490992	17545	4.0702887	0.6359594
4490992	17546	3.9849544	0.7369168
4490992	17547	3.9238038	0.7871735
4490992	17548	3.8890471	0.7725253
4490992	17549	3.6378827	0.68495405
4490992	17550	3.4333339	0.8088386
4490992	17551	3.8590827	0.36882988
4490992	17552	3.5841546	0.68964076
4490992	17553	3.2322083	0.9457296
4490992	17554	3.327826	0.86184037
4490992	17555	3.3463612	0.8702105
4490992	17556	3.188087	1.0489148
4490992	17557	3.4652233	0.7302003
4490992	17558	3.3144407	0.9615203
4490992	17559	3.3183136	0.8890717
4490992	17560	3.6379266	0.6271546
4490992	17561	3.5414462	0.66493416
4490992	17562	3.6072211	0.66051006
4490992	17563	3.6008258	0.99939466
4490992	17564	3.8883767	0.76976097
4490992	17565	3.871344	0.8018774
4490992	17566	4.066803	0.5519594
4490992	17567	4.046582	0.6599506
4490992	17568	3.7457075	1.1184466
4490992	17569	3.2734613	1.644906
4490992	17570	3.2679195	1.5580773
4490992	17571	3.1873608	1.6036313
4490992	17572	3.2819724	1.7276802
4490992	17573	3.0760078	0.3116791
4490992	17574	1.9581805	0.4850218
4490992	17575	1.6705896	0.779724
4490992	17576	1.2050363	1.7187011
4490992	17577	2.0377326	0.72514355
4490992	17578	2.7374783	0.2875832
4490992	17579	3.7602906	1.0003198
4490992	17580	3.925603	-1.0237885
4490992	17581	3.211111	-0.47345272
4490992	17582	3.359107	-0.42287454
4490992	17583	3.5236945	1.3191798
4490992	17584	4.227533	0.5051228
4490992	17585	4.028907	0.7879789
4490992	17586	4.131567	0.6919743
4490992	17587	4.544028	0.32020643
4490992	17588	4.4779906	0.40191177
4490992	17589	4.6429043	0.12287906
4490992	17590	4.6759014	0.08344284
4490992	17591	4.639409	0.124479085
4490992	17592	4.7051616	0.07638249
4490992	17593	4.8740153	-0.18969336
4490992	17594	4.708773	0.15605643
4490992	17595	4.0089226	0.94751203
4490992	17596	4.1329217	0.84828174
4490992	17597	4.893021	-0.2025809
4490992	17598	5.4464135	-0.56255144
4490992	17599	5.7696004	-0.81428325
4490992	17600	5.386387	-1.6444952
4490992	17601	4.9435625	-1.7499858
4490992	17602	4.422188	-1.7197425
4490992	17603	2.45505	-1.6596155
4490992	17604	2.4546728	-0.6341982
4490992	17605	2.6178308	-0.42271584
4490992	17606	2.271895	-0.4797956
4490992	17607	3.9308963	-0.34531426
4490992	17608	3.8028631	-0.35579994
4490992	17609	3.5163388	-0.27168328
4490992	17610	3.498406	-0.2837597
4490992	17611	3.2836323	-0.08114454
4490992	17612	3.2056317	-0.063889086
4490992	17613	2.9764233	0.10252258
4490992	17614	3.0788107	-0.078899086
4490992	17615	3.3786678	1.0395976
4490992	17616	2.025128	0.72716594
4490992	17617	2.088058	1.0863905
4490992	17618	2.165607	1.0336124
4490992	17619	1.2794592	1.7958603
4490992	17620	1.1204761	2.1640296
4490992	17621	0.98586845	2.0102127
4490992	17622	1.5080131	1.4491248
4490992	17623	1.7979838	1.1309533
4490992	17624	1.9451538	1.1272148
4490992	17625	1.2939485	1.6369147
4490992	17626	1.1909405	1.7918723
4490992	17627	1.0056863	1.9212213
4490992	17628	1.0028957	1.7680316
4490992	17629	1.2496841	1.5961459
4490992	17630	0.95493877	1.8442922
4490992	17631	1.0491542	1.7704592
4490992	17632	0.93592787	1.7965
4490992	17633	1.0563694	1.741926
4490992	17634	1.1478803	1.589042
4490992	17635	1.2117525	1.5540993
4490992	17636	1.2002981	1.6033986
4490992	17637	1.3127618	1.5011511
4490992	17638	1.9319667	2.2071779
4490992	17639	1.647868	2.584028
4490992	17640	1.6335944	0.2887697
4490992	17641	1.5914131	0.9325104
4490992	17642	1.5318047	0.8549551
4490992	17643	1.8061687	0.411912
4490992	17644	1.1739452	1.1755991
4490992	17645	1.1907152	1.2006463
4490992	17646	0.8342761	1.5095679
4490992	17647	0.72951174	1.5779011
4490992	17648	0.67560184	1.6533542
4490992	17649	0.9361677	1.2775271
4490992	17650	1.1473774	1.0777279
4490992	17651	3.2497444	-0.54937303
4490992	17652	3.5837746	-0.3468619
4490992	17653	3.7363029	0.8100221
4490992	17654	3.800856	0.99271286
4490992	17655	4.0420356	0.7834039
4490992	17656	4.191861	0.7088461
4490992	17657	4.2303963	0.7081814
4490992	17658	4.172323	0.6983725
4490992	17659	4.350478	0.53530276
4490992	17660	4.182981	0.58865273
4490992	17661	4.256854	0.6456946
4490992	17662	4.486514	0.38026056
4490992	17663	5.1412463	-0.19295272
4490992	17664	4.9774046	0.059815496
4490992	17665	5.375425	-0.14379218
4490992	17666	4.568321	0.5401577
4490992	17667	5.441626	-0.3637489
4490992	17668	5.021478	-1.2933409
4490992	17669	4.9266973	-1.2331724
4490992	17670	4.895726	0.028742135
4490992	17671	5.3084517	-0.26389968
4490992	17672	5.5578675	-0.21036465
4490992	17673	5.2001576	0.019455045
4490992	17674	5.032612	-0.4860241
4490992	17675	3.7436247	-0.3645032
4490992	17676	3.9454303	-0.43393975
4490992	17677	3.7296638	-0.3136267
4490992	17678	3.8867173	-0.32810378
4490992	17679	3.8202424	-0.28472304
4490992	17680	3.5269618	0.059906453
4490992	17681	3.6924706	1.1574053
4490992	17682	4.1983914	0.6542225
4490992	17683	4.4221816	0.6434623
4490992	17684	3.086854	-0.28072444
4490992	17685	3.4135046	-0.43205163
4490992	17686	2.889845	-0.28603548
4490992	17687	2.8826857	-0.3724501
4490992	17688	4.1402903	-0.3894253
4490992	17689	4.1133003	-0.6154783
4490992	17690	4.096565	-0.59834117
4490992	17691	4.0822644	-0.5754373
4490992	17692	4.0135508	-0.4794916
4490992	17693	3.895606	-0.4455752
4490992	17694	3.8221292	-0.42953068
4490992	17695	3.1200356	-0.07712132
4490992	17696	2.8047915	0.27117303
4490992	17697	3.6219988	-0.5254551
4490992	17698	2.240683	-0.55566967
4490992	17699	1.9798883	-0.1956107
4490992	17700	1.8697459	-0.09581208
4490992	17701	2.8925548	0.15231606
4490992	17702	2.849197	0.18738899
4490992	17703	2.8897161	0.11449751
4490992	17704	2.929883	0.119852096
4490992	17705	3.907816	-0.24741107
4490992	17706	3.68091	-0.019518644
4490992	17707	4.119325	0.45508775
4490992	17708	4.0428658	0.6363199
4490992	17709	3.065236	1.5675921
4490992	17710	3.5057602	1.2582079
4490992	17711	3.6131568	1.2261966
4490992	17712	3.3430362	1.5023756
4490992	17713	3.1704555	1.6940651
4490992	17714	2.338172	2.4660442
4490992	17715	1.8987314	2.793179
4490992	17716	1.758737	2.9755247
4490992	17717	1.4024503	3.2877467
4490992	17718	1.3356897	3.4335375
4490992	17719	0.8326247	3.8008993
4490992	17720	1.1096641	3.286568
4490992	17721	0.76251876	3.7614348
4490992	17722	0.49647653	3.9398458
4490992	17723	0.47672528	4.093819
4490992	17724	0.59927905	3.8957226
4490992	17725	0.43439215	4.136349
4490992	17726	0.518422	3.952484
4490992	17727	-0.3117379	2.916042
4490992	17728	0.09130669	2.259556
4490992	17729	0.22123766	2.516402
4490992	17730	0.15182525	2.6383107
4490992	17731	0.16132432	2.6485808
4490992	17732	0.25108713	2.688449
4490992	17733	0.3565027	2.492638
4490992	17734	-0.46344694	3.5121953
4490992	17735	0.39209408	2.5495305
4490992	17736	0.35145664	2.5919154
4490992	17737	0.29964995	2.7224627
4490992	17738	0.5026878	2.435677
4490992	17739	0.49178934	2.4840598
4490992	17740	0.9615767	1.7792499
4490992	17741	0.5185015	2.3677533
4490992	17742	0.21932793	2.6972516
4490992	17743	0.39537823	2.4987836
4490992	17744	0.5126666	2.409452
4490992	17745	0.13069063	-0.15857774
4490992	17746	0.14165169	-0.5866414
4490992	17747	0.05960256	-0.38300207
4490992	17748	0.48644942	-0.31931573
4490992	17749	0.09771609	0.110522956
4490992	17750	-0.15144709	0.39862654
4490992	17751	-0.118177205	0.31459376
4490992	17752	-0.09190923	0.22473541
4490992	17753	-0.18522432	0.3404893
4490992	17754	-0.21417233	0.396574
4490992	17755	-0.10807365	2.0330713
4490992	17756	0.070851326	1.0071511
4490992	17757	1.6669935	1.0092711
4490992	17758	2.0513544	0.41289344
4490992	17759	2.0156388	0.61959374
4490992	17760	2.2819676	0.51055384
4490992	17761	1.8115939	0.97600186
4490992	17762	1.4505315	0.20761195
4490992	17763	1.4046758	0.055353135
4490992	17764	1.3339243	1.9407015
4490992	17765	1.9453546	1.0470431
4490992	17766	2.2041993	0.7979138
4490992	17767	1.9408947	1.1521918
4490992	17768	2.0602489	1.1020012
4490992	17769	1.8050302	1.2301285
4490992	17770	2.0701895	0.9186615
4490992	17771	2.195068	0.77179253
4490992	17772	2.3646936	0.6661489
4490992	17773	2.197176	0.8865124
4490992	17774	2.1652737	0.7930715
4490992	17775	2.9828286	1.5741205
4490992	17776	1.2625196	1.4740744
4490992	17777	1.3111148	1.3941063
4490992	17778	1.3250593	1.4282267
4490992	17779	2.1650271	0.60105383
4490992	17780	3.0676064	-0.21431604
4490992	17781	3.0405855	-0.13028646
4490992	17782	3.052495	-0.013679743
4490992	17783	2.8993673	0.08353439
4490992	17784	2.242857	0.65947473
4490992	17785	2.0333104	0.7290255
4490992	17786	2.5546389	0.33911708
4490992	17787	2.3262444	0.39167598
4490992	17788	3.3774333	1.1041666
4490992	17789	1.28484	1.3680646
4490992	17790	1.0968657	1.5017903
4490992	17791	1.8280367	0.9881786
4490992	17792	2.0950813	0.6087426
4490992	17793	2.093876	0.79754066
4490992	17794	1.9881247	0.90137243
4490992	17795	1.9624177	0.8918536
4490992	17796	2.0024934	1.1163357
4490992	17797	1.7579814	1.383065
4490992	17798	1.5861384	1.2369413
4490992	17799	1.3948504	1.5341752
4490992	17800	1.5203508	1.3345025
4490992	17801	1.7272128	1.1295519
4490992	17802	2.0872135	0.6510812
4490992	17803	1.8601397	1.1006474
4490992	17804	2.1179814	0.894958
4490992	17805	2.1208029	0.90141785
4490992	17806	3.1737742	-0.25560343
4490992	17807	3.649424	-0.35621834
4490992	17808	3.6615677	-0.3931042
4490992	17809	4.4696417	-0.067290395
4490992	17810	4.5469728	-0.09462643
4490992	17811	4.370483	0.13697323
4490992	17812	4.583723	-0.15306365
4490992	17813	3.721613	0.7134316
4490992	17814	2.8669443	-0.06708169
4490992	17815	2.2166834	0.5760306
4490992	17816	1.5123609	1.2127398
4490992	17817	1.382933	1.5138298
4490992	17818	1.4224137	1.4733073
4490992	17819	1.4138298	1.5219322
4490992	17820	0.7331363	1.0114542
4490992	17821	1.5402795	0.6631628
4490992	17822	1.2142282	0.8009033
4490992	17823	1.8390592	0.9908426
4490992	17824	1.4787623	1.3874224
4490992	17825	1.2192625	1.7591882
4490992	17826	1.1803664	1.6909797
4490992	17827	2.534854	0.35893336
4490992	17828	3.1078215	-0.004028827
4490992	17829	3.152217	0.05093482
4490992	17830	3.1831045	-0.0072155297
4490992	17831	3.3571973	-0.29020455
4490992	17832	3.3039436	-0.17434484
4490992	17833	3.787243	0.60632527
4490992	17834	3.878749	0.50938666
4490992	17835	3.9636106	0.44069007
4490992	17836	3.3865824	-0.46573317
4490992	17837	4.000212	-0.80259705
4490992	17838	3.2234645	-0.650496
4490992	17839	3.1685562	-0.5506692
4490992	17840	2.858904	-0.372532
4490992	17841	2.761819	-0.25943857
4490992	17842	1.9570793	0.32469413
4490992	17843	2.1247935	0.302085
4490992	17844	2.1231275	0.3243269
4490992	17845	2.1158175	0.3120238
4490992	17846	1.952561	0.43659547
4490992	17847	2.0523982	0.34371522
4490992	17848	1.4354393	0.92197955
4490992	17849	1.6291996	0.7868638
4490992	17850	1.6666731	0.7768711
4490992	17851	1.6512033	0.82449603
4490992	17852	1.058236	1.4402213
4490992	17853	0.96407056	1.4788533
4490992	17854	0.9023874	1.5385871
4490992	17855	0.6980678	1.8670409
4490992	17856	-0.016275346	1.332643
4490992	17857	1.7994448	1.2669398
4490992	17858	1.8858505	0.5461924
4490992	17859	2.0092807	0.45713022
4490992	17860	2.0923705	0.44178936
4490992	17861	2.331377	0.2425367
4490992	17862	2.5745435	0.11404577
4490992	17863	3.5811858	-0.7628938
4490992	17864	3.9668913	0.37627175
4490992	17865	3.9810557	0.36501732
4490992	17866	4.157341	0.3366697
4490992	17867	4.232433	0.26995555
4490992	17868	4.161964	0.24615678
4490992	17869	4.066807	0.07887098
4490992	17870	3.3708224	-0.6369801
4490992	17871	3.070014	-0.57732505
4490992	17872	3.1155968	-0.4969823
4490992	17873	1.5919212	0.38887694
4490992	17874	1.443738	1.1447561
4490992	17875	2.3760204	-0.015923291
4490992	17876	2.347206	0.13373664
4490992	17877	2.3075838	0.20636961
4490992	17878	2.2473874	0.373346
4490992	17879	2.28164	0.29733178
4490992	17880	2.0544252	0.51736677
4490992	17881	2.0328279	0.4736562
4490992	17882	2.80727	-0.19926623
4490992	17883	2.4780636	0.12212315
4490992	17884	2.4030185	0.22536704
4490992	17885	1.6106824	0.8558587
4490992	17886	1.3966949	1.0632092
4490992	17887	1.3090348	1.0928496
4490992	17888	3.0131583	1.3931365
4490992	17889	3.2110295	1.2262797
4490992	17890	3.189693	1.3488848
4490992	17891	3.2173662	1.1645076
4490992	17892	2.1982574	2.0749466
4490992	17893	2.3592715	1.9517813
4490992	17894	2.3397355	2.0167906
4490992	17895	2.4388556	1.9727266
4490992	17896	2.7494192	1.7358096
4490992	17897	1.1885252	3.4269588
4490992	17898	1.5669974	3.3017216
4490992	17899	1.8892854	2.9748373
4490992	17900	1.0278528	1.7023394
4490992	17901	2.8797374	1.804534
4490992	17902	2.22828	0.8542658
4490992	17903	1.6925277	1.2013934
4490992	17904	1.7323421	0.27406743
4490992	17905	1.5373071	0.342509
4490992	17906	0.9666239	2.0257752
4490992	17907	1.1919242	1.5779893
4490992	17908	1.3917407	1.5234699
4490992	17909	1.9221278	-0.024058223
4490992	17910	1.0110704	1.6681075
4490992	17911	2.21733	-0.55394673
4490992	17912	1.0700259	1.6182756
4490992	17913	1.5451752	1.3116554
4490992	17914	1.3524342	1.5389907
4490992	17915	1.1394166	1.7385151
4490992	17916	1.1683732	1.7826355
4490992	17917	1.208055	1.6954775
4490992	17918	1.1902469	1.8022013
4490992	17919	1.2163211	1.6844151
4490992	17920	1.2946863	1.5981841
4490992	17921	1.5993329	1.4225442
4490992	17922	1.6269718	1.3575956
4490992	17923	2.1590881	0.7892983
4490992	17924	2.2917929	0.6915252
4490992	17925	2.5228024	0.67021537
4490992	17926	2.2439232	0.7409935
4490992	17927	1.531895	1.3967159
4490992	17928	1.1412101	1.5763764
4490992	17929	1.0377618	1.6725595
4490992	17930	1.03879	1.6813273
4490992	17931	1.0382963	1.7484992
4490992	17932	1.0002583	1.7711942
4490992	17933	0.9173398	1.7594581
4490992	17934	1.3241448	1.3396556
4490992	17935	1.5841054	1.2864463
4490992	17936	1.4356478	1.4823815
4490992	17937	0.9922956	1.8839755
4490992	17938	0.7910831	2.1087105
4490992	17939	0.6900517	2.256564
4490992	17940	0.5035701	2.514433
4490992	17941	0.6257901	2.2744746
4490992	17942	0.7057128	1.9288495
4490992	17943	2.2404375	2.2194858
4490992	17944	1.8646501	2.4434311
4490992	17945	2.744657	1.3068811
4490992	17946	2.8420815	1.6546235
4490992	17947	2.709467	0.072923094
4490992	17948	2.4259772	0.020366848
4490992	17949	2.6711388	-0.12282333
4490992	17950	0.53896046	1.8080406
4490992	17951	-0.04373938	3.0257378
4490992	17952	0.280029	2.2258472
4490992	17953	0.8759513	1.3891416
4490992	17954	0.8603611	1.7859404
4490992	17955	0.45242023	2.3906188
4490992	17956	1.7045861	2.9787002
4490992	17957	1.610257	2.8397338
4490992	17958	1.48041	3.0428889
4490992	17959	1.4324683	1.7447388
4490992	17960	1.219274	1.6965053
4490992	17961	1.1631725	1.7683306
4490992	17962	1.3339175	1.5527761
4490992	17963	1.3906178	1.4545494
4490992	17964	2.2618713	2.2046435
4490992	17965	2.0777469	0.64448607
4490992	17966	2.1717305	0.41234925
4490992	17967	2.0921898	2.2499337
4490992	17968	2.6705656	1.7994268
4490992	17969	2.2512436	2.0542297
4490992	17970	2.275104	2.0600283
4490992	17971	2.2517457	2.2461894
4490992	17972	1.8966802	2.5007956
4490992	17973	2.0691514	2.4098399
4490992	17974	2.8358111	1.8781152
4490992	17975	3.27951	1.3744847
4490992	17976	3.1483488	1.4513512
4490992	17977	3.1864262	1.3010678
4490992	17978	3.553503	0.80752325
4490992	17979	3.4254584	0.9865496
4490992	17980	3.5314593	1.0277148
4490992	17981	3.6593914	0.84779215
4490992	17982	3.7084002	0.8137846
4490992	17983	3.3782878	1.1887814
4490992	17984	3.1139855	1.2651027
4490992	17985	3.0866933	1.2056069
4490992	17986	2.8523932	1.4633894
4490992	17987	2.8914628	1.3798817
4490992	17988	2.6229353	0.05165419
4490992	17989	1.9633547	0.5812495
4490992	17990	1.9073783	0.6603615
4490992	17991	1.6560379	0.91844594
4490992	17992	1.5905992	0.9512937
4490992	17993	1.5427674	1.1122453
4490992	17994	1.718284	0.9464824
4490992	17995	1.4540166	1.2905991
4490992	17996	0.96125555	1.8103061
4490992	17997	-0.077418536	1.5228288
4490992	17998	0.7489542	1.8079066
4490992	17999	0.7870648	1.7954938
4490992	18000	2.0564375	2.3186605
4490992	18001	0.19701558	1.612709
4490992	18002	1.3957402	0.99101746
4490992	18003	2.618011	1.701889
4490992	18004	3.2330208	0.8161696
4490992	18005	2.7556953	1.5594897
4490992	18006	2.3963666	0.10087147
4490992	18007	2.104001	0.719653
4490992	18008	2.2151513	1.1848483
4490992	18009	1.9844269	2.0022266
4490992	18010	2.3600826	1.9722335
4490992	18011	1.0246487	1.7969246
4490992	18012	1.1927922	1.5675056
4490992	18013	2.9601827	0.34367535
4490992	18014	0.79085004	0.62177944
4490992	18015	0.8547553	0.57083976
4490992	18016	0.8276684	0.71380126
4490992	18017	1.3557825	0.2779295
4490992	18018	2.329454	0.9887568
4490992	18019	2.0491848	2.3047636
4490992	18020	1.5816196	1.2056937
4490992	18021	1.9861065	1.0505435
4490992	18022	3.236566	1.3126922
4490992	18023	2.8594522	1.8258748
4490992	18024	2.8519626	1.8865128
4490992	18025	2.8027554	1.8457127
4490992	18026	3.3203974	1.2936345
4490992	18027	3.1540704	1.5289243
4490992	18028	3.0322719	-0.0068162084
4490992	18029	2.6231546	0.23151818
4490992	18030	2.811594	0.26921013
4490992	18031	2.6448417	0.33749953
4490992	18032	3.0058298	0.01576534
4490992	18033	3.1617155	0.023119897
4490992	18034	2.8862433	0.20120957
4490992	18035	3.1753917	-0.05807978
4490992	18036	3.125144	-0.0057535768
4490992	18037	2.477365	-1.2026925
4490992	18038	0.953459	-0.7635988
4490992	18039	1.3080252	-0.41829377
4490992	18040	1.1563697	-0.45450297
4490992	18041	1.4384133	-0.68974316
4490992	18042	2.468421	-0.6283936
4490992	18043	2.299058	-0.495325
4490992	18044	1.9919184	0.80658054
4490992	18045	2.030024	0.7566873
4490992	18046	2.1876225	0.68005335
4490992	18047	1.9033319	0.99615324
4490992	18048	2.306666	0.59065235
4490992	18049	3.062777	1.0631595
4490992	18050	2.8552265	-0.7690736
4490992	18051	2.60458	-0.02247873
4490992	18052	2.6079435	0.008820891
4490992	18053	2.516282	0.0803487
4490992	18054	2.602069	0.18308005
4490992	18055	2.769549	-0.052982688
4490992	18056	2.4509654	0.27500454
4490992	18057	2.4406338	0.31190994
4490992	18058	2.6156054	0.19709995
4490992	18059	2.6291642	0.17260757
4490992	18060	2.487142	0.25684842
4490992	18061	2.5976858	0.2087507
4490992	18062	2.4518495	0.35651287
4490992	18063	2.4619598	0.31612155
4490992	18064	2.3997502	0.37251994
4490992	18065	2.3739796	0.41309932
4490992	18066	3.0144148	-0.13811222
4490992	18067	2.579125	0.08238515
4490992	18068	2.7148576	0.069738
4490992	18069	2.643299	0.17426506
4490992	18070	2.7896924	0.015161961
4490992	18071	2.6816607	0.13705263
4490992	18072	2.7162008	0.09225324
4490992	18073	2.4189653	0.49388185
4490992	18074	2.6279316	0.29020014
4490992	18075	3.657927	-0.4674913
4490992	18076	3.4484606	-0.39158118
4490992	18077	2.2563038	-0.59880495
4490992	18078	2.846119	0.3764105
4490992	18079	2.679473	0.38115147
4490992	18080	2.6963258	0.4058574
4490992	18081	2.7562246	0.39309868
4490992	18082	2.7815757	0.3463792
4490992	18083	1.2020442	0.20546874
4490992	18084	1.5760309	0.061786324
4490992	18085	1.4594156	-0.021161228
4490992	18086	1.5413975	0.14104506
4490992	18087	1.4579785	0.30580994
4490992	18088	3.494163	0.023136169
4490992	18089	3.6674466	0.13146934
4490992	18090	3.6214042	-0.112921655
4490992	18091	3.7572613	-0.43903533
4490992	18092	3.2999568	-0.10566643
4490992	18093	3.1877189	0.10137382
4490992	18094	2.4056149	0.42978874
4490992	18095	2.305574	0.518963
4490992	18096	2.816021	0.08349416
4490992	18097	3.8052173	-0.60858524
4490992	18098	4.3272233	0.13280377
4490992	18099	4.024956	0.39500025
4490992	18100	4.117976	0.67902136
4490992	18101	4.112709	0.499882
4490992	18102	3.964892	0.71318233
4490992	18103	3.8014703	0.8679184
4490992	18104	3.7944055	0.9440329
4490992	18105	3.572134	1.1659555
4490992	18106	3.4503517	1.2712142
4490992	18107	4.0815563	0.583182
4490992	18108	4.115323	0.4952803
4490992	18109	3.6297517	1.0466044
4490992	18110	3.424644	0.9875301
4490992	18111	3.6139712	1.079041
4490992	18112	3.666841	0.8903593
4490992	18113	3.625915	1.0185071
4490992	18114	3.7100139	0.9038733
4490992	18115	3.5100975	1.1290121
4490992	18116	3.731248	0.90404665
4490992	18117	4.0906563	0.57411957
4490992	18118	3.9605412	0.48239878
4490992	18119	3.7845297	0.9038553
4490992	18120	3.6931453	0.7587999
4490992	18121	3.4753447	1.2263386
4490992	18122	3.255259	1.1328062
4490992	18123	3.308807	1.2390206
4490992	18124	3.2447844	1.2242354
4490992	18125	3.254459	1.2847146
4490992	18126	3.320291	1.33339
4490992	18127	3.1826582	1.3290654
4490992	18128	3.8731666	0.78612816
4490992	18129	3.659327	0.7033483
4490992	18130	3.589056	1.1204244
4490992	18131	3.533008	1.0926001
4490992	18132	3.4156322	1.3858212
4490992	18133	3.3850884	1.4078591
4490992	18134	3.7492886	1.1381772
4490992	18135	3.6077065	1.0191121
4490992	18136	3.835792	1.1277981
4490992	18137	3.897233	0.73692334
4490992	18138	3.9138331	0.97958493
4490992	18139	3.880262	0.92448306
4490992	18140	3.8059607	1.1223847
4490992	18141	3.9132323	0.99819803
4490992	18142	3.8814054	1.0434499
4490992	18143	3.811336	1.1793355
4490992	18144	3.7397723	1.1010101
4490992	18145	3.6299386	1.3639667
4490992	18146	3.7423239	1.2152797
4490992	18147	3.0930295	2.016012
4490992	18148	2.7292476	2.0801175
4490992	18149	2.3400464	2.5394683
4490992	18150	2.001131	2.7786405
4490992	18151	1.5495671	3.401754
4490992	18152	1.0589275	3.937195
4490992	18153	1.028724	4.025187
4490992	18154	0.87126684	4.174665
4490992	18155	0.704937	4.3337703
4490992	18156	0.6415523	4.328295
4490992	18157	0.7697569	4.1641464
4490992	18158	0.35638165	4.624051
4490992	18159	0.16267633	4.385107
4490992	18160	-0.40442884	3.4615018
4490992	18161	-0.44429666	3.2845254
4490992	18162	-0.37371618	3.1367188
4490992	18163	0.46212745	3.2366455
4490992	18164	0.26435173	3.2758148
4490992	18165	0.35097694	3.16176
4490992	18166	0.42426574	3.1498463
4490992	18167	0.49121875	2.9540942
4490992	18168	0.5583043	2.972794
4490992	18169	0.5445496	2.9459624
4490992	18170	0.48400313	3.1368866
4490992	18171	-0.22005653	2.6103911
4490992	18172	-0.18427718	2.37322
4490992	18173	-0.21905726	2.4504304
4490992	18174	0.80096424	2.6358838
4490992	18175	0.45216167	2.8791664
4490992	18176	0.7082057	2.5911117
4490992	18177	0.6945151	2.5317547
4490992	18178	0.69617736	2.5326157
4490992	18179	0.8660029	2.2376595
4490992	18180	0.7120688	2.3872008
4490992	18181	0.73890924	2.4849463
4490992	18182	0.8544507	2.248953
4490992	18183	1.3268218	1.7897539
4490992	18184	1.3740141	1.8959227
4490992	18185	1.3098562	2.0798478
4490992	18186	1.3907198	2.043588
4490992	18187	1.3377843	2.068404
4490992	18188	1.4964396	1.8890781
4490992	18189	1.5207666	1.9263515
4490992	18190	1.7899338	1.6855273
4490992	18191	1.92531	1.5435748
4490992	18192	1.7000631	1.9468963
4490992	18193	1.7702321	1.7969382
4490992	18194	1.7276949	1.8487477
4490992	18195	1.8941487	1.62713
4490992	18196	1.8967899	1.6729627
4490992	18197	2.296659	1.3413153
4490992	18198	2.4397874	1.0577778
4490992	18199	3.0727239	0.5223032
4490992	18200	3.295041	0.38957444
4490992	18201	3.4801283	0.21471033
4490992	18202	3.2624192	0.44531557
4490992	18203	3.3474178	0.31164685
4490992	18204	3.458519	-0.47959763
4490992	18205	2.9805088	0.4677095
4490992	18206	1.5973531	0.42518303
4490992	18207	1.5584637	0.44979647
4490992	18208	3.3036504	0.16611949
4490992	18209	3.0740232	0.4025804
4490992	18210	3.0506988	0.40742144
4490992	18211	3.2856493	0.15613154
4490992	18212	3.2529721	0.18290678
4490992	18213	2.7343774	0.49384823
4490992	18214	2.3904572	0.8886225
4490992	18215	2.252151	1.0445817
4490992	18216	2.1698937	1.1418487
4490992	18217	2.1251144	1.2055811
4490992	18218	2.2820349	0.94757867
4490992	18219	2.322259	1.0904328
4490992	18220	2.4262295	0.99606705
4490992	18221	2.4126463	1.0416518
4490992	18222	2.337728	1.1189144
4490992	18223	2.3532147	1.0940691
4490992	18224	2.0362225	1.3819976
4490992	18225	1.9265691	1.5058641
4490992	18226	2.046864	1.3885102
4490992	18227	2.2561002	1.2145424
4490992	18228	2.07624	1.4253824
4490992	18229	1.9816977	1.3465976
4490992	18230	2.7738047	2.309697
4490992	18231	2.4547443	2.569898
4490992	18232	2.1531162	2.826566
4490992	18233	2.2792678	2.6855912
4490992	18234	2.2833114	2.7910402
4490992	18235	2.9290729	2.1192758
4490992	18236	2.2828083	2.7176313
4490992	18237	1.9297603	2.9741907
4490992	18238	1.8371559	3.1040359
4490992	18239	1.0262779	2.347516
4490992	18240	0.6828793	1.2531945
4490992	18241	0.6117761	1.266654
4490992	18242	0.45217204	1.6322734
4490992	18243	1.3419683	2.3124988
4490992	18244	2.0896544	1.6300786
4490992	18245	2.0270705	2.6302552
4490992	18246	2.576055	2.4005685
4490992	18247	1.9141499	3.2270508
4490992	18248	1.2749223	1.5449839
4490992	18249	1.0301589	1.9842305
4490992	18250	0.8741976	2.0056973
4490992	18251	1.741676	0.7884284
4490992	18252	2.6416435	1.6672883
4490992	18253	2.4966044	1.9395151
4490992	18254	1.2384578	1.3730341
4490992	18255	1.6542829	0.9720485
4490992	18256	1.7195541	1.0383532
4490992	18257	1.9462491	0.8983849
4490992	18258	2.0777578	0.7774813
4490992	18259	1.8545159	1.0669204
4490992	18260	1.855986	1.0395131
4490992	18261	1.7860986	1.0752115
4490992	18262	2.9439707	1.5345646
4490992	18263	2.1037674	2.516683
4490992	18264	1.727882	2.91886
4490992	18265	1.7624642	2.9150186
4490992	18266	1.5190247	3.172239
4490992	18267	2.7148547	1.9470637
4490992	18268	2.8999534	1.9513273
4490992	18269	2.500022	2.233547
4490992	18270	2.9466867	1.5604951
4490992	18271	3.0806437	1.5231762
4490992	18272	2.5798092	2.0935535
4490992	18273	2.3325539	2.3958285
4490992	18274	2.4006915	2.2550526
4490992	18275	2.432457	2.2778616
4490992	18276	2.9513264	1.9410515
4490992	18277	3.298118	1.3290315
4490992	18278	3.2883687	1.5329242
4490992	18279	3.5316362	1.0282869
4490992	18280	2.4580083	0.39908293
4490992	18281	2.3281646	0.512547
4490992	18282	2.2905765	0.55463004
4490992	18283	2.1799126	0.6547799
4490992	18284	1.675948	1.0561249
4490992	18285	1.723919	1.054337
4490992	18286	1.7613922	0.975683
4490992	18287	1.740712	1.0712812
4490992	18288	1.5546201	1.2647407
4490992	18289	1.3532202	1.490876
4490992	18290	2.595983	2.2765539
4490992	18291	2.076613	2.706581
4490992	18292	1.6732482	3.0717773
4490992	18293	1.5389234	3.225117
4490992	18294	1.511602	3.2916594
4490992	18295	1.393692	1.5347307
4490992	18296	2.645903	-0.054503113
4490992	18297	1.573217	1.2714955
4490992	18298	2.6965375	2.0901878
4490992	18299	1.5476409	1.1068014
4490992	18300	0.05169922	1.374161
4490992	18301	0.36629087	1.055869
4490992	18302	0.5600264	0.6889458
4490992	18303	2.3866196	0.7226412
4490992	18304	1.8219134	2.3868048
4490992	18305	1.4281384	1.0567896
4490992	18306	1.4852259	1.1163598
4490992	18307	1.9787778	0.7865385
4490992	18308	2.6875768	1.7077565
4490992	18309	2.4512362	1.8055394
4490992	18310	2.5904436	1.7917118
4490992	18311	2.807631	1.7150438
4490992	18312	2.994803	1.5593321
4490992	18313	3.0196705	1.4521431
4490992	18314	2.9285617	1.6299269
4490992	18315	3.086382	1.3015406
4490992	18316	3.1106372	1.5383654
4490992	18317	3.0251021	1.5223765
4490992	18318	3.1073265	1.462728
4490992	18319	2.9984703	1.3708664
4490992	18320	3.5865502	1.0490938
4490992	18321	3.0923696	1.5746031
4490992	18322	3.5996904	0.9962379
4490992	18323	3.6862288	0.99678075
4490992	18324	3.534593	1.1675268
4490992	18325	3.4052944	1.077532
4490992	18326	3.14427	1.5920694
4490992	18327	2.8858247	1.5748575
4490992	18328	3.6098132	1.0723673
4490992	18329	3.839282	0.86993
4490992	18330	3.8927631	0.6453332
4490992	18331	3.6539388	1.0631745
4490992	18332	3.7029424	0.9304162
4490992	18333	3.725286	0.8003528
4490992	18334	3.7487926	0.9200392
4490992	18335	3.7063284	0.9642379
4490992	18336	3.5031781	-0.528507
4490992	18337	4.1927433	0.5008656
4490992	18338	3.8145642	0.63760006
4490992	18339	3.4920788	0.9987261
4490992	18340	3.6931043	0.83212566
4490992	18341	3.4157677	1.0720314
4490992	18342	3.3659263	1.0487325
4490992	18343	3.181582	1.3227605
4490992	18344	2.3541975	2.1778762
4490992	18345	2.5237489	2.2711873
4490992	18346	2.5527167	2.27983
4490992	18347	2.479444	2.3541799
4490992	18348	2.551262	2.3164358
4490992	18349	2.7464628	2.1639574
4490992	18350	2.5812106	2.040545
4490992	18351	2.7526917	2.1795387
4490992	18352	2.5268407	2.3648925
4490992	18353	2.3382816	2.4943464
4490992	18354	2.229042	2.7182152
4490992	18355	2.4767962	2.5473287
4490992	18356	3.0700526	2.0102134
4490992	18357	2.4989662	2.3345988
4490992	18358	3.1152	1.6703701
4490992	18359	3.0950885	1.7160027
4490992	18360	3.2012372	1.5985107
4490992	18361	3.2872992	1.4631438
4490992	18362	3.0700502	1.6693814
4490992	18363	3.00846	1.7305377
4490992	18364	3.4664235	1.3446599
4490992	18365	3.5749989	1.1878701
4490992	18366	2.4971733	0.36968985
4490992	18367	2.2773647	0.8837837
4490992	18368	1.9258713	0.98650515
4490992	18369	1.8644205	1.1438755
4490992	18370	1.9593023	0.86245084
4490992	18371	1.9617122	0.95071447
4490992	18372	1.6217064	1.3080164
4490992	18373	3.183661	1.7439535
4490992	18374	2.9776292	2.079218
4490992	18375	2.7184339	2.2410023
4490992	18376	3.3913274	1.5381783
4490992	18377	3.2774777	1.73
4490992	18378	2.420226	0.5553007
4490992	18379	2.3663535	0.5815867
4490992	18380	2.4440928	0.48045698
4490992	18381	2.4934177	0.44597915
4490992	18382	2.5837955	0.3169076
4490992	18383	2.1313372	0.5727478
4490992	18384	3.4239073	1.2070725
4490992	18385	3.5640516	1.056473
4490992	18386	3.317244	1.2112285
4490992	18387	3.318622	1.2588065
4490992	18388	3.644042	0.9745672
4490992	18389	3.75391	0.8271918
4490992	18390	3.8482833	0.7010348
4490992	18391	3.8604703	0.68245614
4490992	18392	3.723423	0.8066404
4490992	18393	3.6611075	0.8739021
4490992	18394	3.760632	0.8140998
4490992	18395	3.810032	0.76955867
4490992	18396	3.7100415	0.9135208
4490992	18397	3.7418766	0.87445796
4490992	18398	3.653463	1.0055825
4490992	18399	4.036143	0.64688194
4490992	18400	3.8088999	0.68147933
4490992	18401	3.9238324	0.78907835
4490992	18402	3.6695848	0.93903875
4490992	18403	3.8637648	0.77503
4490992	18404	4.4103446	0.21130046
4490992	18405	4.0765653	0.63271
4490992	18406	4.1253657	0.55362
4490992	18407	4.119558	0.60206723
4490992	18408	4.1196523	0.60988855
4490992	18409	4.1471424	0.58488846
4490992	18410	4.1707463	0.585564
4490992	18411	4.184644	0.588094
4490992	18412	4.344197	0.40362385
4490992	18413	4.437805	0.32216433
4490992	18414	5.197413	-0.5481798
4490992	18415	5.3307347	-0.61653244
4490992	18416	5.209348	-0.43355167
4490992	18417	5.052705	-0.36357817
4490992	18418	4.9498477	-0.29599714
4490992	18419	4.874839	-0.18683678
4490992	18420	4.8757253	-0.1534298
4490992	18421	4.8831954	-0.12435618
4490992	18422	4.8586307	-0.09649485
4490992	18423	4.8834715	-0.10111597
4490992	18424	4.8858237	-0.0762136
4490992	18425	4.8893437	-0.05854115
4490992	18426	4.8953323	-0.048657537
4490992	18427	4.8982387	-0.039142728
4490992	18428	4.9058466	-0.03955826
4490992	18429	4.9085746	-0.032488644
4490992	18430	4.911392	-0.029669434
4490992	18431	4.904168	-0.024653733
4490992	18432	4.647499	0.051627964
4490992	18433	4.701968	-0.10231364
4490992	18434	4.6534986	0.04741308
4490992	18435	4.6384583	0.05719158
4490992	18436	4.6704865	0.07539758
4490992	18437	4.6832685	0.08355197
4490992	18438	4.697421	0.09431586
4490992	18439	4.7079873	0.10308877
4490992	18440	4.717441	0.111792415
4490992	18441	4.7235394	0.119743854
4490992	18442	4.733449	0.12242082
4490992	18443	4.7416806	0.12370023
4490992	18444	4.7474318	0.12564859
4490992	18445	4.7516003	0.12790194
4490992	18446	4.75488	0.12945
4490992	18447	4.7571254	0.13137606
4490992	18448	4.7602034	0.13234308
4490992	18449	4.7623105	0.13420668
4490992	18450	4.7648444	0.1349847
4490992	18451	4.7663107	0.13629451
4490992	18452	4.768192	0.13672855
4490992	18453	4.756817	0.13861701
4490992	18454	4.7243543	-0.06809667
4490992	18455	4.623162	0.04724589
4490992	18456	4.6464562	0.013572633
4490992	18457	3.4260511	-0.3424972
4490992	18458	4.0501456	0.6060835
4490992	18459	2.9531717	-0.05149755
4490992	18460	3.1877933	0.050664574
4490992	18461	3.4280005	-0.07875937
4490992	18462	3.2155466	0.050542623
4490992	18463	3.24338	0.049197882
4490992	18464	3.4747095	-0.058453113
4490992	18465	3.419919	-0.025763929
4490992	18466	3.30199	0.06079349
4490992	18467	3.242303	0.11534849
4490992	18468	3.2608085	0.111596435
4490992	18469	3.0376625	0.19301328
4490992	18470	3.0442061	0.15605405
4490992	18471	3.0728168	0.21171543
4490992	18472	2.9490094	0.25181565
4490992	18473	2.9813752	0.2662476
4490992	18474	3.0018377	0.19939163
4490992	18475	2.943471	0.296437
4490992	18476	2.8105679	0.49198708
4490992	18477	3.413641	0.23856047
4490992	18478	3.570249	0.07410392
4490992	18479	2.815486	0.2415745
4490992	18480	2.8074346	0.34994707
4490992	18481	2.7663074	0.35093316
4490992	18482	2.6204915	0.46225277
4490992	18483	2.6679087	0.41869417
4490992	18484	1.7254962	1.2761581
4490992	18485	2.1210003	1.1771162
4490992	18486	2.6581364	2.3445663
4490992	18487	2.5914965	2.2376416
4490992	18488	1.2607775	1.7486932
4490992	18489	1.331546	1.3891423
4490992	18490	2.4899206	1.8917603
4490992	18491	2.2842479	2.0796025
4490992	18492	2.396573	2.1419296
4490992	18493	2.8991885	1.6578112
4490992	18494	2.4691906	1.9525487
4490992	18495	2.1706839	2.335362
4490992	18496	2.1400423	2.2482705
4490992	18497	2.053215	2.427094
4490992	18498	2.1990252	2.3058448
4490992	18499	2.3273926	2.3911252
4490992	18500	3.5228057	0.6484649
4490992	18501	3.9168677	0.29269728
4490992	18502	3.8630385	0.2608473
4490992	18503	3.8707614	0.20101574
4490992	18504	3.6036506	0.43968907
4490992	18505	3.6297188	0.3815634
4490992	18506	3.5924397	0.4188871
4490992	18507	3.6376934	0.35811338
4490992	18508	3.5533662	0.44045874
4490992	18509	3.6774049	0.28218344
4490992	18510	3.6805844	0.3165522
4490992	18511	3.6619225	0.3045155
4490992	18512	3.7278914	0.18203864
4490992	18513	3.8554444	0.09049544
4490992	18514	3.8097868	0.0888634
4490992	18515	1.9586586	-0.5132185
4490992	18516	1.6002291	-0.48097908
4490992	18517	2.8513541	0.27129188
4490992	18518	2.3221216	0.41006175
4490992	18519	2.1532264	0.4848028
4490992	18520	2.0208068	0.51164985
4490992	18521	2.000091	0.51598704
4490992	18522	2.4996462	0.21747813
4490992	18523	2.6427364	0.218402
4490992	18524	2.7782679	-0.0074223876
4490992	18525	2.208972	0.37517813
4490992	18526	2.2364297	0.4843029
4490992	18527	1.8760682	0.7679839
4490992	18528	2.8029838	1.7160332
4490992	18529	2.4067745	1.9886096
4490992	18530	2.2319365	2.1203418
4490992	18531	2.310955	2.1063445
4490992	18532	2.370792	2.2574546
4490992	18533	2.2951841	1.9931555
4490992	18534	2.4239435	2.0295477
4490992	18535	2.3513498	2.150791
4490992	18536	1.008129	1.4763478
4490992	18537	0.8305118	1.6090038
4490992	18538	1.4477642	1.0992918
4490992	18539	1.0098848	1.5510292
4490992	18540	2.3264618	1.7812493
4490992	18541	2.566947	1.506574
4490992	18542	2.5024056	1.724436
4490992	18543	1.9510816	2.5540385
4490992	18544	1.7107474	2.9657183
4490992	18545	1.687909	3.065741
4490992	18546	1.88897	2.7584429
4490992	18547	2.5582633	2.0484376
4490992	18548	2.7836928	1.8430943
4490992	18549	3.0905604	1.4074297
4490992	18550	3.1788492	1.3199662
4490992	18551	3.2295766	1.3350614
4490992	18552	3.2667303	1.2475001
4490992	18553	3.1925535	1.3378226
4490992	18554	3.3175044	1.2092274
4490992	18555	3.2860618	1.2671285
4490992	18556	3.28965	1.2726183
4490992	18557	3.4468594	1.1853276
4490992	18558	3.4300022	0.9840001
4490992	18559	3.6263404	0.8262732
4490992	18560	3.5399003	0.8051107
4490992	18561	3.3876538	0.97678196
4490992	18562	3.4186301	0.98610127
4490992	18563	3.6302004	0.7974093
4490992	18564	3.7174	0.7335093
4490992	18565	3.6991706	0.7946371
4490992	18566	3.5154314	0.95855296
4490992	18567	3.6836982	0.69435036
4490992	18568	3.4531956	0.9631214
4490992	18569	3.36489	1.0265803
4490992	18570	3.304534	1.1404237
4490992	18571	3.041523	1.3013005
4490992	18572	3.1933732	1.3053985
4490992	18573	3.4795923	0.97960615
4490992	18574	3.565988	0.9365128
4490992	18575	3.5813704	0.9040475
4490992	18576	3.5207386	0.97859645
4490992	18577	3.4602027	1.0518346
4490992	18578	3.479694	1.0576367
4490992	18579	3.6070366	0.9208131
4490992	18580	3.6454835	0.91054964
4490992	18581	3.726112	0.81612515
4490992	18582	3.8135562	0.7501471
4490992	18583	3.7192416	0.83900726
4490992	18584	3.993609	0.5337901
4490992	18585	4.140424	0.4330183
4490992	18586	4.705482	-0.04365948
4490992	18587	4.8456187	0.0036527812
4490992	18588	4.9455028	-0.11443499
4490992	18589	4.854645	-0.06769344
4490992	18590	4.6686196	-0.0925045
4490992	18591	4.648005	-0.17510748
4490992	18592	4.5342426	-0.09382275
4490992	18593	4.4355383	-0.032941878
4490992	18594	4.398376	-0.020600498
4490992	18595	3.2827587	-0.6927984
4490992	18596	3.2878528	-0.47841126
4490992	18597	2.8946838	-0.434014
4490992	18598	3.0571775	-0.36706072
4490992	18599	4.2077365	0.37837675
4490992	18600	3.5844498	0.67034245
4490992	18601	3.4218888	0.55224824
4490992	18602	3.8050127	0.25973186
4490992	18603	3.9197392	0.0551897
4490992	18604	4.0198193	-0.0837197
4490992	18605	4.1569753	-0.14815533
4490992	18606	3.7286701	0.2023553
4490992	18607	4.291172	-0.30588055
4490992	18608	4.102153	-0.21482751
4490992	18609	4.222038	-0.29956192
4490992	18610	4.1518188	-0.337585
4490992	18611	4.1468563	-0.22617434
4490992	18612	4.1393056	-0.29900518
4490992	18613	4.5026937	-0.49338362
4490992	18614	4.426045	-0.5225804
4490992	18615	4.166263	-0.26011777
4490992	18616	4.549299	-0.54637855
4490992	18617	4.365458	-0.57650435
4490992	18618	4.437995	-0.40785027
4490992	18619	4.3115845	-0.39674133
4490992	18620	4.3412404	-0.38591924
4490992	18621	4.3614545	-0.41444167
4490992	18622	4.331359	-0.36866182
4490992	18623	4.359245	-0.40599883
4490992	18624	4.314537	-0.32148612
4490992	18625	4.3345313	-0.40474272
4490992	18626	4.2906995	-0.31454647
4490992	18627	4.421089	-0.46768284
4490992	18628	4.3016634	-0.32991272
4490992	18629	4.2432847	-0.31587234
4490992	18630	3.8594775	0.103743285
4490992	18631	4.231965	-0.3254827
4490992	18632	4.245488	-0.23014447
4490992	18633	4.2613916	-0.3043049
4490992	18634	4.2762995	-0.25616306
4490992	18635	4.296163	-0.31658953
4490992	18636	4.282654	-0.24511217
4490992	18637	4.3084393	-0.28592175
4490992	18638	4.329932	-0.3037221
4490992	18639	4.354026	-0.29736984
4490992	18640	4.25761	-1.4085605
4490992	18641	4.2916436	-1.2227416
4490992	18642	4.633489	-0.2540123
4490992	18643	4.0707455	0.025338978
4490992	18644	2.6996622	-0.22771363
4490992	18645	2.7233467	-0.06905323
4490992	18646	2.5876083	0.027822465
4490992	18647	2.4744668	0.08684209
4490992	18648	2.2118855	-0.061386436
4490992	18649	2.5663495	0.009863675
4490992	18650	2.4583597	0.017484367
4490992	18651	2.354375	0.29079637
4490992	18652	1.2082428	1.1112071
4490992	18653	1.1851099	1.3963131
4490992	18654	2.8042316	1.3009906
4490992	18655	0.62451065	1.7170627
4490992	18656	0.8351207	1.8034482
4490992	18657	0.8383182	1.6647804
4490992	18658	0.7520559	1.7988789
4490992	18659	2.5826678	1.4992619
4490992	18660	0.45798337	1.8459282
4490992	18661	1.0788549	1.5881615
4490992	18662	1.7323209	0.7655072
4490992	18663	0.6926178	1.974287
4490992	18664	2.3926	1.8407056
4490992	18665	2.3429952	1.9970374
4490992	18666	2.2718487	2.1081753
4490992	18667	1.9673315	2.5628855
4490992	18668	2.4440851	2.0268793
4490992	18669	2.8240461	1.7372892
4490992	18670	1.1109978	1.2950131
4490992	18671	0.9102794	1.5191739
4490992	18672	0.51966214	2.0235002
4490992	18673	2.387086	1.8126462
4490992	18674	0.32403743	2.2332046
4490992	18675	1.6107098	1.2923346
4490992	18676	1.9643315	0.65042865
4490992	18677	0.61776364	2.1387177
4490992	18678	2.2989645	2.124661
4490992	18679	2.174872	2.2607832
4490992	18680	2.1030912	2.3357823
4490992	18681	1.9984754	2.488627
4490992	18682	2.6269217	1.9999809
4490992	18683	3.523776	1.0286281
4490992	18684	3.857997	0.7830548
4490992	18685	3.8781996	0.7272941
4490992	18686	2.630941	0.15854588
4490992	18687	2.626309	0.19788656
4490992	18688	2.481978	0.30966762
4490992	18689	2.5470166	0.1827912
4490992	18690	2.692812	0.06985572
4490992	18691	2.5161996	0.2663189
4490992	18692	2.4379973	0.3245342
4490992	18693	1.4541845	1.0373131
4490992	18694	2.3688965	0.2703391
4490992	18695	1.9770952	0.6465609
4490992	18696	2.355898	0.2961773
4490992	18697	2.5540657	-0.007883489
4490992	18698	2.617653	-0.010900825
4490992	18699	2.584673	0.026014447
4490992	18700	2.7285042	-0.16572312
4490992	18701	2.8217082	-0.06736058
4490992	18702	2.9399438	-0.3959267
4490992	18703	2.7271075	-0.122437984
4490992	18704	2.9299026	-0.23975086
4490992	18705	3.9048963	0.21443668
4490992	18706	3.636991	0.3644735
4490992	18707	3.4019647	0.5526713
4490992	18708	3.5442019	0.5453099
4490992	18709	2.7210503	1.2465361
4490992	18710	2.798365	1.263886
4490992	18711	3.0606923	1.1437674
4490992	18712	2.513228	1.5513995
4490992	18713	3.0657473	1.199787
4490992	18714	3.2056131	1.1259509
4490992	18715	3.186535	1.0871238
4490992	18716	3.1729345	0.93442416
4490992	18717	3.2614045	0.9539968
4490992	18718	3.2444263	0.8409232
4490992	18719	3.2318773	0.96281064
4490992	18720	3.2659802	0.9003539
4490992	18721	3.2617025	0.9827379
4490992	18722	3.3807435	0.8157886
4490992	18723	3.3306928	0.8910606
4490992	18724	3.3266702	0.9021734
4490992	18725	4.139921	0.14964947
4490992	18726	3.9156399	0.14287564
4490992	18727	4.0397115	0.31491455
4490992	18728	3.899332	0.3145508
4490992	18729	3.8572283	0.23811606
4490992	18730	3.8764277	0.3123965
4490992	18731	4.0017595	0.14720169
4490992	18732	4.0053697	0.23872629
4490992	18733	4.162688	0.026920646
4490992	18734	3.8538475	0.18079838
4490992	18735	3.8737116	0.31197968
4490992	18736	3.8217297	0.30264565
4490992	18737	3.9135103	0.17907354
4490992	18738	3.6397567	0.36578986
4490992	18739	2.786255	1.128164
4490992	18740	1.8784627	2.439445
4490992	18741	1.2522663	3.065374
4490992	18742	1.4551858	2.7913291
4490992	18743	1.471136	2.755729
4490992	18744	1.3253162	2.9018552
4490992	18745	1.62352	2.7014403
4490992	18746	1.0048981	1.39925
4490992	18747	2.7588067	1.1622375
4490992	18748	2.8468108	1.332829
4490992	18749	3.181562	1.0532233
4490992	18750	1.1580276	1.12413
4490992	18751	0.97788477	1.2208644
4490992	18752	1.0505406	1.1223494
4490992	18753	1.1707656	1.075012
4490992	18754	1.3850554	0.8146765
4490992	18755	1.4646015	0.77226865
4490992	18756	0.96138215	1.468611
4490992	18757	2.1552458	2.231625
4490992	18758	1.8646625	1.730303
4490992	18759	1.5896934	0.27747676
4490992	18760	1.6225516	0.34279516
4490992	18761	1.6735123	0.37654856
4490992	18762	1.5954095	0.4194962
4490992	18763	2.2370276	1.5848501
4490992	18764	2.191743	1.3889482
4490992	18765	2.07024	-0.32635114
4490992	18766	1.9478806	-0.10754269
4490992	18767	2.4215117	1.3011156
4490992	18768	2.2984533	1.224289
4490992	18769	2.3423376	-0.5126686
4490992	18770	2.1441245	-0.26889718
4490992	18771	2.5699887	1.2532417
4490992	18772	2.4972072	1.0291085
4490992	18773	2.4435034	-0.58679324
4490992	18774	3.5246506	0.24551901
4490992	18775	3.7733722	-0.060788155
4490992	18776	3.5150943	0.28661552
4490992	18777	3.5494366	0.28994283
4490992	18778	3.3411717	0.45256248
4490992	18779	3.381258	0.46767154
4490992	18780	4.0374517	-0.17732197
4490992	18781	3.2598948	0.6287086
4490992	18782	3.0940285	0.6479229
4490992	18783	3.2832875	0.5589427
4490992	18784	3.8980908	-0.07330713
4490992	18785	3.914896	0.00758332
4490992	18786	3.594317	0.260945
4490992	18787	3.8322496	-0.015282631
4490992	18788	4.1070504	-0.21679465
4490992	18789	4.0957084	-0.1982547
4490992	18790	4.0141315	-0.13687125
4490992	18791	3.9267502	-0.051641405
4490992	18792	4.1663294	-0.31464702
4490992	18793	3.978104	-0.11370736
4490992	18794	3.9470415	-0.11746287
4490992	18795	4.07567	-0.25683153
4490992	18796	4.034609	-0.18613425
4490992	18797	4.155721	-0.3195451
4490992	18798	3.7556214	0.13949427
4490992	18799	3.6963449	0.018207878
4490992	18800	3.7509394	0.060479254
4490992	18801	4.144675	-0.2549305
4490992	18802	3.8978395	0.07162389
4490992	18803	4.057205	-0.14033467
4490992	18804	3.9563732	0.04853055
4490992	18805	3.9304433	-0.010961026
4490992	18806	3.4564772	0.53776455
4490992	18807	3.8885174	0.020949513
4490992	18808	4.1832237	-0.14713937
4490992	18809	4.195298	-0.13563833
4490992	18810	4.2722507	-0.22063306
4490992	18811	4.3062954	-0.22766146
4490992	18812	4.3331466	-0.2755583
4490992	18813	4.3877807	-0.33435118
4490992	18814	4.7133594	-0.54739285
4490992	18815	4.4210343	-0.3602798
4490992	18816	4.562982	-0.52767915
4490992	18817	3.0702686	-0.7301984
4490992	18818	2.6623135	-0.10327935
4490992	18819	2.8189	-0.18759912
4490992	18820	2.5348983	-0.1160948
4490992	18821	2.604094	-0.11470547
4490992	18822	2.5279865	-0.020421118
4490992	18823	2.2979598	0.17875567
4490992	18824	2.2399564	0.3415859
4490992	18825	2.122614	0.33277807
4490992	18826	2.1333432	0.41301504
4490992	18827	2.064601	0.47993752
4490992	18828	2.0303168	0.40397397
4490992	18829	1.9814028	0.6107805
4490992	18830	1.8602296	0.65905714
4490992	18831	1.5624062	0.99383366
4490992	18832	1.4516265	1.1765095
4490992	18833	1.4165627	1.0456978
4490992	18834	1.2083913	1.3858067
4490992	18835	1.7466754	0.77161944
4490992	18836	1.700869	1.0152193
4490992	18837	0.8326347	1.8767447
4490992	18838	1.0081112	1.4146504
4490992	18839	0.9086045	1.5564399
4490992	18840	1.0096439	1.5980906
4490992	18841	1.1551125	1.3907907
4490992	18842	1.4196192	1.1850003
4490992	18843	1.7283896	0.6420144
4490992	18844	1.3331399	1.3052174
4490992	18845	1.1799996	1.398185
4490992	18846	1.6393789	0.8466865
4490992	18847	1.6150798	0.90027094
4490992	18848	1.6022712	0.6811286
4490992	18849	1.4572947	0.8482959
4490992	18850	1.9733895	0.49691883
4490992	18851	1.7538062	0.6713481
4490992	18852	1.4080915	0.973276
4490992	18853	0.759295	1.7187691
4490992	18854	1.6512357	0.7643888
4490992	18855	1.4820582	1.1097076
4490992	18856	1.6587962	0.8876214
4490992	18857	2.0105515	0.3548971
4490992	18858	3.3613863	1.0386969
4490992	18859	3.3492131	1.0305042
4490992	18860	3.2453213	1.0930398
4490992	18861	3.2825341	1.0366204
4490992	18862	3.7366738	0.5005766
4490992	18863	3.6766357	0.50352097
4490992	18864	3.548533	0.7125542
4490992	18865	3.4246793	0.73966885
4490992	18866	3.5065017	0.6872046
4490992	18867	3.7324739	0.42318723
4490992	18868	3.8505707	0.33289012
4490992	18869	3.743291	0.38016966
4490992	18870	3.746121	0.37428465
4490992	18871	3.7510672	0.36576024
4490992	18872	3.5920863	0.5417237
4490992	18873	3.5247068	0.5915345
4490992	18874	3.4303389	0.7131114
4490992	18875	3.8965425	0.2538434
4490992	18876	3.4958954	0.6637435
4490992	18877	3.7864861	0.3653756
4490992	18878	3.2792683	0.9235858
4490992	18879	3.5208426	0.66046965
4490992	18880	3.8241353	0.45343766
4490992	18881	4.085317	0.17505273
4490992	18882	3.983819	0.2480788
4490992	18883	2.51086	1.7079034
4490992	18884	2.4005504	2.0462458
4490992	18885	1.5534679	2.7844558
4490992	18886	1.3157271	3.1661406
4490992	18887	0.32273316	4.0047784
4490992	18888	1.0908226	3.6781852
4490992	18889	0.95636356	3.676411
4490992	18890	0.67368376	3.8812659
4490992	18891	0.72058666	3.9064653
4490992	18892	0.39454085	4.1612115
4490992	18893	0.3256697	4.3098044
4490992	18894	0.22162676	4.589212
4490992	18895	0.021194696	4.815225
4490992	18896	-0.11726844	5.0680656
4490992	18897	-0.19138211	5.033236
4490992	18898	-0.22794718	5.166933
4490992	18899	-0.16724405	5.1992216
4490992	18900	0.09961957	4.816089
4490992	18901	0.06979376	4.8530674
4490992	18902	0.2797011	4.6631937
4490992	18903	0.46498585	4.615155
4490992	18904	0.22035551	4.6885843
4490992	18905	0.8141403	4.239138
4490992	18906	0.79108715	4.1910295
4490992	18907	1.0586258	3.8318913
4490992	18908	1.1442764	4.0358033
4490992	18909	1.2468886	3.8861363
4490992	18910	1.0410627	3.939864
4490992	18911	1.4070435	3.7215722
4490992	18912	1.781217	3.3619494
4490992	18913	2.0015898	3.2343385
4490992	18914	2.6238093	2.6506853
4490992	18915	2.8024616	2.5748596
4490992	18916	2.6088395	2.7338889
4490992	18917	2.6718607	2.659006
4490992	18918	2.7307825	2.6104746
4490992	18919	2.7173266	2.6882746
4490992	18920	2.7450361	2.6862879
4490992	18921	3.2852883	2.1655154
4490992	18922	3.3606992	1.9080987
4490992	18923	4.025528	1.1769385
4490992	18924	3.7960076	1.5610614
4490992	18925	2.9970593	2.2186098
4490992	18926	2.3190002	2.7424238
4490992	18927	2.0814571	3.1230538
4490992	18928	2.1283073	3.1017964
4490992	18929	1.9954168	3.2693307
4490992	18930	1.8187	3.4101584
4490992	18931	1.684064	3.4496863
4490992	18932	1.917528	3.232353
4490992	18933	2.1717162	2.8383424
4490992	18934	2.559073	2.6549265
4490992	18935	2.644885	2.629365
4490992	18936	2.316039	2.9038684
4490992	18937	1.8090061	3.3802607
4490992	18938	2.077013	3.1382842
4490992	18939	2.1207857	2.9591691
4490992	18940	2.103466	3.0271776
4490992	18941	3.0444002	2.0665467
4490992	18942	3.5003629	1.7732038
4490992	18943	3.8052554	1.4146572
4490992	18944	2.8409963	0.55953956
4490992	18945	3.1469793	1.7951045
4490992	18946	3.2655993	1.4444152
4490992	18947	3.2088733	1.5892215
4490992	18948	3.4561262	1.4556069
4490992	18949	3.7317057	1.1946028
4490992	18950	3.0819626	1.7066584
4490992	18951	2.9081311	1.7835302
4490992	18952	2.9293942	1.8193452
4490992	18953	2.9834838	1.7852888
4490992	18954	3.0479045	1.7232251
4490992	18955	3.123145	1.5612884
4490992	18956	2.962688	1.8247008
4490992	18957	2.98565	1.8009026
4490992	18958	2.8735533	1.834167
4490992	18959	2.8342113	1.9624963
4490992	18960	3.5256677	1.2965467
4490992	18961	3.3079953	1.4778051
4490992	18962	3.432691	1.267456
4490992	18963	2.6715264	2.0926769
4490992	18964	2.5782614	2.1962492
4490992	18965	2.5254998	2.3368647
4490992	18966	1.871162	2.8520153
4490992	18967	1.7825752	3.1000512
4490992	18968	1.7224265	3.0217826
4490992	18969	1.79764	3.0521338
4490992	18970	1.901605	2.9108875
4490992	18971	1.9005984	2.9636629
4490992	18972	1.4605064	1.7082181
4490992	18973	1.0975238	1.8431613
4490992	18974	1.1096852	1.9800963
4490992	18975	0.5590563	1.2726594
4490992	18976	2.2509341	0.859012
4490992	18977	1.4292604	1.5737362
4490992	18978	1.8258554	1.3498611
4490992	18979	1.7645947	1.3859633
4490992	18980	1.8819734	1.3392658
4490992	18981	1.8073157	1.3031014
4490992	18982	1.7476734	1.2705245
4490992	18983	3.2823482	1.1709677
4490992	18984	2.569653	2.2204723
4490992	18985	2.429263	2.4542286
4490992	18986	2.3214917	2.508232
4490992	18987	2.3521323	2.4812284
4490992	18988	2.1951509	2.5687473
4490992	18989	2.1899257	2.5913944
4490992	18990	2.516531	2.3024783
4490992	18991	3.0497322	1.699516
4490992	18992	3.0560803	1.3976308
4490992	18993	2.3505054	0.28090975
4490992	18994	2.699222	1.4860429
4490992	18995	2.7699733	1.3689468
4490992	18996	2.854528	1.3213042
4490992	18997	3.0840573	1.2498099
4490992	18998	1.7574936	0.9446639
4490992	18999	3.310193	0.6754612
4490992	19000	3.3619099	0.8225627
4490992	19001	3.2310877	1.0986004
4490992	19002	3.367247	0.9965261
4490992	19003	3.3377848	0.841105
4490992	19004	3.226873	1.1177914
4490992	19005	3.2168336	1.0873711
4490992	19006	3.192089	1.1480571
4490992	19007	3.0280108	1.3428833
4490992	19008	3.102796	0.9886745
4490992	19009	3.2572966	1.1004175
4490992	19010	3.5037608	0.8060669
4490992	19011	3.1257448	1.2956917
4490992	19012	3.1171064	0.98791337
4490992	19013	2.9833083	1.4009416
4490992	19014	3.1754184	1.2263161
4490992	19015	3.1549644	1.052022
4490992	19016	3.202281	1.2034379
4490992	19017	3.3637285	1.068212
4490992	19018	3.448668	0.81810427
4490992	19019	3.217465	1.2275838
4490992	19020	3.7344527	0.8038595
4490992	19021	3.7152524	0.95799816
4490992	19022	4.1308737	0.50357497
4490992	19023	4.2723846	0.49081376
4490992	19024	4.0987644	0.62404656
4490992	19025	4.0215445	0.6344098
4490992	19026	3.9394236	0.69621205
4490992	19027	3.794643	0.8712295
4490992	19028	3.7423315	0.9269167
4490992	19029	3.6990175	0.9563979
4490992	19030	3.820611	0.8175218
4490992	19031	3.7273278	0.96066105
4490992	19032	3.9020152	0.76406777
4490992	19033	3.0101194	-0.14197195
4490992	19034	1.485591	0.081370324
4490992	19035	1.9799021	1.1552073
4490992	19036	1.7483631	1.2011877
4490992	19037	1.8081795	1.221638
4490992	19038	1.7911979	1.215053
4490992	19039	1.4669319	1.457304
4490992	19040	0.9193107	1.89785
4490992	19041	0.76237965	2.2710495
4490992	19042	0.5307493	2.3785062
4490992	19043	0.60277224	2.4814525
4490992	19044	1.9034673	2.7738402
4490992	19045	1.343491	3.0765662
4490992	19046	0.86356294	2.0406208
4490992	19047	0.96477234	1.9283931
4490992	19048	0.94156146	2.1356218
4490992	19049	0.8685788	2.227378
4490992	19050	0.81025743	2.298317
4490992	19051	0.73036003	2.3965487
4490992	19052	2.123065	2.3519828
4490992	19053	2.2177052	2.0629222
4490992	19054	1.8672541	2.499265
4490992	19055	2.1711311	2.2228203
4490992	19056	2.1232634	0.81699896
4490992	19057	1.9211055	0.7932509
4490992	19058	1.4082878	1.4275403
4490992	19059	1.9468809	0.6551428
4490992	19060	2.135233	0.6913241
4490992	19061	1.2587025	1.6143303
4490992	19062	1.1500336	1.5472915
4490992	19063	1.5593895	1.1311938
4490992	19064	1.6371228	0.980896
4490992	19065	1.637184	1.2625684
4490992	19066	2.749631	0.179907
4490992	19067	2.0126119	1.0395364
4490992	19068	1.832286	1.0441147
4490992	19069	2.7997065	1.3623301
4490992	19070	2.1665554	2.4227395
4490992	19071	1.9809319	2.5007436
4490992	19072	1.7812439	2.7957377
4490992	19073	0.77511954	3.3380752
4490992	19074	0.65860975	3.540292
4490992	19075	1.208405	2.8806658
4490992	19076	1.9192337	2.6550117
4490992	19077	0.5689479	3.2717335
4490992	19078	1.6178862	2.9384527
4490992	19079	1.5055836	3.1670954
4490992	19080	1.6566471	3.138196
4490992	19081	1.107302	3.6611598
4490992	19082	1.1455569	3.641084
4490992	19083	1.1576769	3.7085435
4490992	19084	1.2209793	3.722986
4490992	19085	0.6496391	4.1313
4490992	19086	1.0559183	3.8409064
4490992	19087	0.994807	4.028221
4490992	19088	0.055630207	2.5508711
4490992	19089	1.3715276	1.9631255
4490992	19090	0.9441931	2.223523
4490992	19091	0.96085644	1.451578
4490992	19092	0.5360383	1.6688676
4490992	19093	0.66040814	1.4972857
4490992	19094	0.7121792	1.2105794
4490992	19095	0.45628458	1.5622127
4490992	19096	0.62785625	1.1395701
4490992	19097	2.2293282	1.5000695
4490992	19098	1.3978511	2.141114
4490992	19099	1.5448686	2.375364
4490992	19100	1.0513967	2.8236518
4490992	19101	0.97333586	2.8670766
4490992	19102	1.0238011	2.7379284
4490992	19103	2.2446065	2.9929848
4490992	19104	2.040454	2.9614747
4490992	19105	1.7368659	3.2739089
4490992	19106	2.2750106	2.5075884
4490992	19107	2.332355	2.42083
4490992	19108	1.6105009	3.3784893
4490992	19109	2.1322818	3.024937
4490992	19110	2.4267402	2.9523623
4490992	19111	1.9344114	3.6298144
4490992	19112	1.4662989	2.341076
4490992	19113	1.251237	2.3130865
4490992	19114	1.4191957	2.2040184
4490992	19115	1.4860579	2.0886528
4490992	19116	1.5844351	1.965622
4490992	19117	1.6588739	1.8796229
4490992	19118	1.6956648	1.8727055
4490992	19119	2.946837	2.3903074
4490992	19120	2.6570601	2.6415408
4490992	19121	3.1611433	2.1966684
4490992	19122	2.741037	2.6225705
4490992	19123	3.6461601	1.4946036
4490992	19124	4.0343103	1.4457514
4490992	19125	3.24829	1.968548
4490992	19126	3.309997	2.234412
4490992	19127	3.4692702	2.081181
4490992	19128	3.4685392	2.099864
4490992	19129	3.5886798	1.9791639
4490992	19130	4.045715	1.3621241
4490992	19131	4.3079376	1.0417207
4490992	19132	4.05588	1.3261226
4490992	19133	3.7539277	1.7761049
4490992	19134	3.8670263	1.5989053
4490992	19135	3.8418603	1.7995002
4490992	19136	3.4752216	2.103976
4490992	19137	3.396883	2.3122308
4490992	19138	3.2272725	2.3345304
4490992	19139	3.3009782	2.4203851
4490992	19140	3.2904382	2.3741865
4490992	19141	3.338149	2.3155313
4490992	19142	3.3596983	2.2562757
4490992	19143	3.0584173	2.6962132
4490992	19144	4.069928	1.1301767
4490992	19145	4.193473	1.045468
4490992	19146	4.4444175	0.71527016
4490992	19147	4.627617	0.43350717
4490992	19148	4.7007337	0.28280357
4490992	19149	4.6199527	0.35675928
4490992	19150	4.671983	0.23563996
4490992	19151	4.513761	0.4050664
4490992	19152	4.4434	0.44392845
4490992	19153	4.608584	0.24405882
4490992	19154	4.652333	0.20525536
4490992	19155	4.7241135	0.08741984
4490992	19156	3.720161	-0.85895514
4490992	19157	4.6217237	0.019462675
4490992	19158	4.0645013	0.44630715
4490992	19159	4.3626137	0.54376364
4490992	19160	4.409954	0.46886274
4490992	19161	4.4557605	0.4568896
4490992	19162	2.239934	-0.38821042
4490992	19163	2.1759348	-0.3673912
4490992	19164	2.255355	-0.39405537
4490992	19165	2.3341665	-0.43973437
4490992	19166	1.4478602	0.26506343
4490992	19167	2.6406617	0.7310741
4490992	19168	1.9869188	1.1156236
4490992	19169	1.8924469	1.3382796
4490992	19170	1.7500323	1.4822029
4490992	19171	1.6996583	1.6300578
4490992	19172	1.4364533	1.89241
4490992	19173	1.4225117	1.9681654
4490992	19174	1.658305	1.4820244
4490992	19175	2.351386	1.0610934
4490992	19176	2.803028	0.61076784
4490992	19177	3.1133618	0.43223396
4490992	19178	2.9938974	0.40917268
4490992	19179	1.8627175	1.448533
4490992	19180	1.5769719	1.786552
4490992	19181	1.3706678	1.9760797
4490992	19182	1.2700438	2.1679113
4490992	19183	1.5667468	1.89554
4490992	19184	1.5721339	1.8345685
4490992	19185	1.6488343	1.8053625
4490992	19186	1.5238568	2.0077446
4490992	19187	2.5114927	2.6096926
4490992	19188	2.0513153	2.922539
4490992	19189	2.1967802	2.9322262
4490992	19190	2.1425872	2.9866803
4490992	19191	1.7686156	3.4977374
4490992	19192	1.9935957	3.301291
4490992	19193	2.3902726	2.886821
4490992	19194	2.372715	2.7851405
4490992	19195	2.630221	2.7093008
4490992	19196	3.0668926	2.190549
4490992	19197	3.1517448	2.217519
4490992	19198	2.3592725	2.9805841
4490992	19199	2.4040098	2.9703808
4490992	19200	1.6524962	3.6285913
4490992	19201	1.8164219	3.5442822
4490992	19202	1.8095063	3.3235617
4490992	19203	1.3272407	3.8900373
4490992	19204	1.4164834	3.8416607
4490992	19205	1.0679467	4.1615467
4490992	19206	0.99723685	4.1950436
4490992	19207	0.17633677	3.7317903
4490992	19208	-0.021671385	2.7160707
4490992	19209	-0.09230533	2.1220045
4490992	19210	0.1946832	1.6261663
4490992	19211	0.23974365	1.513216
4490992	19212	1.232735	1.7646766
4490992	19213	1.29285	1.2327477
4490992	19214	1.3912172	1.4366891
4490992	19215	0.9724531	2.0444553
4490992	19216	2.1936126	1.94611
4490992	19217	2.3363976	1.8296864
4490992	19218	1.6380938	2.7361157
4490992	19219	1.909114	2.6111658
4490992	19220	1.9388107	2.788235
4490992	19221	1.5491742	3.206069
4490992	19222	1.5723768	3.3149192
4490992	19223	1.4937328	3.5163405
4490992	19224	1.4462527	3.494106
4490992	19225	1.4581296	3.6608713
4490992	19226	2.2126212	3.0715277
4490992	19227	2.4602275	2.8219857
4490992	19228	2.5204482	2.6912205
4490992	19229	2.139464	2.7172344
4490992	19230	2.2528067	2.884542
4490992	19231	2.3677926	2.8435526
4490992	19232	2.7225952	2.1981256
4490992	19233	2.6861725	2.3189104
4490992	19234	2.5011406	2.7568057
4490992	19235	2.9050484	2.1809237
4490992	19236	2.6885571	2.3650393
4490992	19237	2.8666892	2.2652495
4490992	19238	3.7229638	1.3032115
4490992	19239	3.839347	0.99050987
4490992	19240	3.3982425	1.3137835
4490992	19241	3.6418104	1.046302
4490992	19242	3.8070173	0.7639575
4490992	19243	3.795609	0.8160182
4490992	19244	3.6318398	1.008099
4490992	19245	3.6813436	0.9976871
4490992	19246	4.00605	0.9773632
4490992	19247	3.060347	0.186286
4490992	19248	3.50532	1.8793123
4490992	19249	3.7773438	1.9908493
4490992	19250	2.6335936	1.1357721
4490992	19251	2.5470252	1.4757895
4490992	19252	2.6031957	1.5010874
4490992	19253	2.5400724	1.5760889
4490992	19254	2.4899669	1.6202705
4490992	19255	2.6724415	1.3078566
4490992	19256	2.7257977	1.4733753
4490992	19257	2.6797194	1.4909772
4490992	19258	3.0009565	2.385812
4490992	19259	3.0142765	2.1819293
4490992	19260	3.460719	-0.10225114
4490992	19261	3.318017	0.4618329
4490992	19262	3.1064053	0.7794868
4490992	19263	2.9895005	1.0068318
4490992	19264	2.5482607	1.3302182
4490992	19265	2.8057656	2.4434345
4490992	19266	2.8456335	2.3222945
4490992	19267	3.1691499	-0.06524536
4490992	19268	3.1187425	0.45204768
4490992	19269	2.909	0.8565974
4490992	19270	2.738861	2.4652984
4490992	19271	2.8631816	2.3937373
4490992	19272	2.922472	2.3449097
4490992	19273	3.1285872	0.16018066
4490992	19274	3.1520658	0.47252932
4490992	19275	2.9575534	0.84022903
4490992	19276	2.6483712	2.55243
4490992	19277	2.704217	2.4475076
4490992	19278	2.768262	2.4048553
4490992	19279	3.1097226	0.18879852
4490992	19280	3.1728044	0.46627137
4490992	19281	3.0047293	0.7931454
4490992	19282	2.6413474	2.5523403
4490992	19283	2.6339788	2.4528198
4490992	19284	3.2013545	-0.00855118
4490992	19285	3.2386017	0.35441318
4490992	19286	3.0830164	0.67242694
4490992	19287	2.6808414	2.496727
4490992	19288	2.6556635	2.4160216
4490992	19289	3.342204	-0.01759541
4490992	19290	3.3290877	0.41428855
4490992	19291	3.1754456	0.6435288
4490992	19292	2.7075052	2.500142
4490992	19293	2.6863327	2.3867538
4490992	19294	3.3060298	-0.054833412
4490992	19295	3.3297367	0.34541777
4490992	19296	2.8168726	2.3224385
4490992	19297	2.6571712	2.3966439
4490992	19298	3.3124356	-0.07592395
4490992	19299	3.3217182	0.3427746
4490992	19300	3.1829276	0.582415
4490992	19301	2.7401347	2.4410796
4490992	19302	2.6932898	2.3766363
4490992	19303	3.3624392	-0.018876761
4490992	19304	3.3892646	0.37293223
4490992	19305	2.8079166	2.3274386
4490992	19306	2.6554232	2.373705
4490992	19307	3.327983	-0.115555614
4490992	19308	3.2988763	0.35212138
4490992	19309	2.801322	2.3373852
4490992	19310	2.6515017	2.365901
4490992	19311	3.3203864	-0.1072596
4490992	19312	3.3238153	0.32379374
4490992	19313	2.777429	2.3136685
4490992	19314	2.6840782	2.361152
4490992	19315	3.3503485	-0.09240818
4490992	19316	3.3174696	0.39565834
4490992	19317	2.809474	0.8617997
4490992	19318	2.5016966	2.619782
4490992	19319	2.511747	2.5408313
4490992	19320	3.0688	0.028632343
4490992	19321	3.0899744	0.4222785
4490992	19322	2.6561341	2.4184754
4490992	19323	2.5582561	2.5028894
4490992	19324	3.13735	0.010818809
4490992	19325	3.1534653	0.40236512
4490992	19326	2.6454554	2.458573
4490992	19327	2.51615	2.4716077
4490992	19328	3.1039958	-0.008938968
4490992	19329	3.1337986	0.35823908
4490992	19330	2.6399212	2.4340863
4490992	19331	2.5231018	2.4446983
4490992	19332	3.114797	-0.029297978
4490992	19333	3.1442266	0.3327711
4490992	19334	2.6470814	2.4136732
4490992	19335	2.5271225	2.4206274
4490992	19336	3.114067	-0.038313925
4490992	19337	3.1477203	0.31443897
4490992	19338	2.6465669	2.4000275
4490992	19339	2.5407667	2.4015064
4490992	19340	3.1183414	-0.048523843
4490992	19341	3.1544704	0.30752572
4490992	19342	2.648767	2.3920903
4490992	19343	2.531095	2.3814054
4490992	19344	3.1111236	-0.05293536
4490992	19345	3.1461463	0.29197004
4490992	19346	2.6581683	2.3626664
4490992	19347	2.5305247	2.3683476
4490992	19348	3.161312	-0.054566056
4490992	19349	3.179545	0.32937774
4490992	19350	2.6597157	2.3791335
4490992	19351	2.5339932	2.352412
4490992	19352	3.1017418	-0.04664445
4490992	19353	3.149231	0.28602007
4490992	19354	2.6589017	2.3510005
4490992	19355	2.5363345	2.3421693
4490992	19356	3.1146593	-0.053801626
4490992	19357	3.1535654	0.28299645
4490992	19358	2.6602397	2.3347456
4490992	19359	2.5355911	2.3349817
4490992	19360	3.1069546	-0.056297243
4490992	19361	3.1538587	0.2745596
4490992	19362	2.6549983	2.3390443
4490992	19363	2.5197759	2.3377964
4490992	19364	3.167284	-0.14432201
4490992	19365	3.1624942	0.23336014
4490992	19366	2.6871896	2.2968428
4490992	19367	2.5618267	2.300717
4490992	19368	3.1217742	-0.08800742
4490992	19369	3.1602101	0.24785027
4490992	19370	2.667098	2.3054857
4490992	19371	2.5241709	2.3185258
4490992	19372	3.1748319	-0.15949646
4490992	19373	3.1644545	0.21500346
4490992	19374	2.6886997	2.2747984
4490992	19375	2.5575948	2.285211
4490992	19376	3.1618028	-0.11156866
4490992	19377	3.178141	0.2524903
4490992	19378	2.6648722	2.301673
4490992	19379	2.5431294	2.285926
4490992	19380	3.105721	-0.090628356
4490992	19381	3.14894	0.22856149
4490992	19382	2.6638155	2.2752452
4490992	19383	2.5317235	2.288048
4490992	19384	3.1282673	-0.11510238
4490992	19385	3.157559	0.2148144
4490992	19386	2.6690745	2.2651894
4490992	19387	2.5306592	2.2798069
4490992	19388	3.128684	-0.12463534
4490992	19389	3.1572366	0.2067075
4490992	19390	2.669217	2.2577186
4490992	19391	2.5421233	2.2675953
4490992	19392	3.1127596	-0.11118612
4490992	19393	3.156623	0.21497557
4490992	19394	2.6536326	2.276014
4490992	19395	2.5249486	2.260273
4490992	19396	3.097157	-0.112222195
4490992	19397	3.1436715	0.21105215
4490992	19398	2.651741	2.2624545
4490992	19399	2.5185556	2.2559779
4490992	19400	3.0995545	-0.11562359
4490992	19401	3.143372	0.20796636
4490992	19402	2.6520634	2.2561495
4490992	19403	2.5181074	2.2493222
4490992	19404	3.1515164	-0.12885395
4490992	19405	3.1691003	0.23334977
4490992	19406	2.6467495	2.2731948
4490992	19407	2.5146656	2.2409768
4490992	19408	3.069798	-0.11048883
4490992	19409	2.6769614	2.088439
4490992	19410	3.3851242	-0.43421263
4490992	19411	2.969079	1.8153622
4490992	19412	2.8706393	1.9396081
4490992	19413	3.69376	-0.37446275
4490992	19414	2.9973512	0.5768814
4490992	19415	4.1183157	1.3276992
4490992	19416	3.3710885	2.159424
4490992	19417	3.3161488	1.8140419
4490992	19418	3.3313665	2.3284295
4490992	19419	3.6796303	1.9121544
4490992	19420	3.1140614	2.5720017
4490992	19421	2.8844337	2.7508006
4490992	19422	2.9517512	2.8246171
4490992	19423	2.8408508	2.469005
4490992	19424	2.8912568	2.7048683
4490992	19425	2.3409133	1.2041591
4490992	19426	3.0575833	1.2977141
4490992	19427	3.335865	1.3159584
4490992	19428	3.1143212	1.6929104
4490992	19429	2.7959027	2.0686004
4490992	19430	1.7819904	3.2159333
4490992	19431	1.9591063	3.043382
4490992	19432	1.309813	3.766466
4490992	19433	0.96267676	4.2782397
4490992	19434	1.12577	4.1718364
4490992	19435	1.1538086	4.0240426
4490992	19436	1.1755614	4.0926957
4490992	19437	1.2890596	4.1479573
4490992	19438	1.1098381	4.326924
4490992	19439	1.185398	4.120395
4490992	19440	1.1555734	4.1349287
4490992	19441	0.9014405	4.4729314
4490992	19442	0.72360766	4.245816
4490992	19443	0.68110716	4.4533496
4490992	19444	0.68789935	4.431111
4490992	19445	0.67055976	4.398187
4490992	19446	0.7542256	4.3703456
4490992	19447	0.7442726	4.428173
4490992	19448	0.8442501	4.347184
4490992	19449	0.78160465	4.5092936
4490992	19450	0.8386766	4.439713
4490992	19451	0.940917	4.344925
4490992	19452	0.9068563	4.2979484
4490992	19453	0.9357673	4.277239
4490992	19454	0.93005764	4.212561
4490992	19455	0.9910462	4.211746
4490992	19456	1.0157138	4.137452
4490992	19457	0.8500476	4.3916154
4490992	19458	1.0077602	4.1812015
4490992	19459	0.9390142	4.3652163
4490992	19460	0.97366786	4.207317
4490992	19461	0.9486302	4.13949
4490992	19462	0.93769276	4.1487756
4490992	19463	0.8369807	4.3268466
4490992	19464	0.8954176	4.2134743
4490992	19465	0.95800936	4.1076136
4490992	19466	0.8926958	4.318451
4490992	19467	0.900939	4.17787
4490992	19468	1.0110093	4.039124
4490992	19469	1.248458	3.9749067
4490992	19470	1.3773518	3.88747
4490992	19471	1.7672845	3.6542175
4490992	19472	1.9677893	3.5173955
4490992	19473	2.2069445	3.0343676
4490992	19474	2.320434	3.107796
4490992	19475	3.101812	2.2770064
4490992	19476	3.8178687	1.5288088
4490992	19477	3.6297116	1.818254
4490992	19478	3.5819316	1.8504233
4490992	19479	3.8939357	1.4865726
4490992	19480	4.0209503	1.392635
4490992	19481	3.2463183	2.5239785
4490992	19482	2.5285625	2.9477167
4490992	19483	2.5161958	3.0699246
4490992	19484	2.5195532	3.0822477
4490992	19485	1.4876361	4.1391287
4490992	19486	1.0366321	4.406047
4490992	19487	0.4682997	4.7027392
4490992	19488	0.4661373	4.736789
4490992	19489	0.64043164	4.4273357
4490992	19490	0.21152395	4.9592757
4490992	19491	0.12849051	4.955876
4490992	19492	0.29643512	4.838295
4490992	19493	0.47491252	4.7234898
4490992	19494	0.68941915	4.346381
4490992	19495	1.2445405	3.844342
4490992	19496	2.0591054	3.520373
4490992	19497	1.7617637	3.7547634
4490992	19498	2.463397	3.1034434
4490992	19499	2.6049776	2.8968692
4490992	19500	2.7013216	2.7701292
4490992	19501	2.9398804	2.5649095
4490992	19502	3.152215	2.2597203
4490992	19503	3.3275385	2.1792102
4490992	19504	3.5598836	1.8261936
4490992	19505	3.5933814	1.9794192
4490992	19506	3.7960706	1.4995028
4490992	19507	3.8750167	1.4870931
4490992	19508	3.4218478	0.29821
4490992	19509	2.5862627	-0.5166237
4490992	19510	2.4782743	-0.67737585
4490992	19511	2.7357926	0.7002219
4490992	19512	3.4166346	-0.4358042
4490992	19513	3.8155189	-0.5682031
4490992	19514	3.7316732	-0.5968054
4490992	19515	3.5130649	-0.2995265
4490992	19516	2.9006124	0.0775843
4490992	19517	2.0541682	0.796867
4490992	19518	1.7526344	1.153836
4490992	19519	2.441821	0.49127385
4490992	19520	2.5696745	0.35868755
4490992	19521	2.1583652	0.69413877
4490992	19522	2.015952	0.84574425
4490992	19523	1.9220687	1.1581472
4490992	19524	2.1459098	0.9915875
4490992	19525	2.4362774	0.45950797
4490992	19526	2.1486712	0.87220955
4490992	19527	2.1993303	0.8469384
4490992	19528	3.2161531	1.460404
4490992	19529	2.2230215	2.5527093
4490992	19530	1.9337434	2.8757327
4490992	19531	0.859674	3.8570812
4490992	19532	0.77132845	4.076012
4490992	19533	0.62166166	4.093676
4490992	19534	0.8263471	3.607797
4490992	19535	0.91965675	3.9498737
4490992	19536	0.25589955	4.3916154
4490992	19537	-0.12339851	4.2213936
4490992	19538	1.1927066	3.8751814
4490992	19539	0.70796835	4.067401
4490992	19540	1.4681139	3.068245
4490992	19541	1.5495106	3.0208902
4490992	19542	2.57648	1.7741587
4490992	19543	2.630362	2.291384
4490992	19544	2.8653617	2.0969656
4490992	19545	2.6622138	2.3000185
4490992	19546	2.4636312	2.493124
4490992	19547	2.6572413	2.25975
4490992	19548	3.6030774	1.2044914
4490992	19549	2.6531649	1.8943486
4490992	19550	2.9121132	1.9973509
4490992	19551	3.2530642	1.5927625
4490992	19552	3.4140143	1.4465277
4490992	19553	3.2520814	1.5991383
4490992	19554	3.39647	1.4690881
4490992	19555	3.54319	1.3641559
4490992	19556	2.457137	0.54838073
4490992	19557	1.7371701	1.4195673
4490992	19558	0.8190917	2.4594715
4490992	19559	0.6004721	2.6881676
4490992	19560	-0.06848404	3.080272
4490992	19561	1.003046	3.0615268
4490992	19562	0.42699206	3.4546437
4490992	19563	0.44924313	3.6890333
4490992	19564	0.13990504	3.9703953
4490992	19565	0.6806451	3.286795
4490992	19566	0.94263697	3.1319017
4490992	19567	0.53696036	3.5665925
4490992	19568	0.34079736	3.8527658
4490992	19569	0.3273806	3.8023455
4490992	19570	0.7208619	3.268576
4490992	19571	0.51738	3.6432111
4490992	19572	0.27972227	3.7495472
4490992	19573	0.20941877	4.003103
4490992	19574	0.063099384	4.0645084
4490992	19575	0.45204622	3.5628564
4490992	19576	1.051853	2.9615827
4490992	19577	0.8985425	2.8661966
4490992	19578	0.87273824	3.1183283
4490992	19579	1.11793	2.9367127
4490992	19580	1.5894014	2.423596
4490992	19581	1.9563841	2.0907533
4490992	19582	1.9367524	2.2648344
4490992	19583	1.7592446	2.4523487
4490992	19584	1.5552503	2.57903
4490992	19585	1.6373969	2.5499551
4490992	19586	1.6913234	2.4926007
4490992	19587	1.7906607	2.4459288
4490992	19588	2.0253859	2.2542737
4490992	19589	2.2082124	2.0056303
4490992	19590	2.7055821	1.6557128
4490992	19591	2.6633673	1.5868354
4490992	19592	2.9699478	1.8521619
4490992	19593	2.9853477	2.0051706
4490992	19594	4.23023	0.6937238
4490992	19595	4.2870417	0.8368292
4490992	19596	4.9807754	-0.03645447
4490992	19597	5.129123	-0.20658314
4490992	19598	4.975878	0.0028698444
4490992	19599	4.8672004	0.052791744
4490992	19600	3.4129052	-0.87231094
4490992	19601	3.438469	-0.099218756
4490992	19602	2.127717	-0.7216358
4490992	19603	1.6493922	-0.732819
4490992	19604	1.9651412	-0.43756264
4490992	19605	1.7679137	-0.5023871
4490992	19606	1.8804902	-0.5417349
4490992	19607	1.9204224	-0.5375335
4490992	19608	2.669271	-1.0431234
4490992	19609	4.2184553	-0.35939944
4490992	19610	3.8029294	-0.36595145
4490992	19611	3.005362	0.35572138
4490992	19612	3.002985	0.13620326
4490992	19613	2.737101	0.42717782
4490992	19614	3.111391	0.13056794
4490992	19615	3.0849977	-0.0049046874
4490992	19616	2.9721713	0.20442691
4490992	19617	3.1958427	-0.061362773
4490992	19618	3.2521706	-0.11509776
4490992	19619	3.4311128	-0.24195428
4490992	19620	1.7292753	-0.3933929
4490992	19621	1.5473579	-0.21302997
4490992	19622	1.5110909	-0.24061891
4490992	19623	1.5245908	-0.24562137
4490992	19624	1.1032361	0.054971486
4490992	19625	0.9719342	0.046500534
4490992	19626	3.0836115	0.14763477
4490992	19627	2.6476355	0.23981151
4490992	19628	3.208836	0.019690573
4490992	19629	2.5985641	0.40244856
4490992	19630	2.2942882	0.05909607
4490992	19631	1.5106641	0.12813237
4490992	19632	1.2346926	0.23667541
4490992	19633	0.9407507	0.6549237
4490992	19634	2.8062677	0.402674
4490992	19635	2.3698592	0.61782706
4490992	19636	2.4118109	0.48515192
4490992	19637	2.372232	0.46181634
4490992	19638	1.6264032	0.4295182
4490992	19639	1.2944924	0.39169243
4490992	19640	1.1551429	0.3939043
4490992	19641	0.43700612	1.2412236
4490992	19642	0.30836838	1.2782934
4490992	19643	0.3107108	1.181789
4490992	19644	2.14153	0.8181788
4490992	19645	1.361627	1.1281466
4490992	19646	2.7935724	0.16744933
4490992	19647	3.1020207	-0.08759564
4490992	19648	3.4547672	-0.27973756
4490992	19649	3.351488	-0.36024213
4490992	19650	2.3308692	0.52045107
4490992	19651	3.207263	-0.124770045
4490992	19652	3.1133847	-0.055971533
4490992	19653	3.194315	-0.13726339
4490992	19654	2.608581	0.43190315
4490992	19655	3.7499657	-0.5288725
4490992	19656	3.726709	-0.4758242
4490992	19657	3.0551953	-0.024782538
4490992	19658	3.6735358	-0.43189895
4490992	19659	3.2540426	-0.24935926
4490992	19660	3.9694262	-0.62563705
4490992	19661	3.6802192	0.30062
4490992	19662	3.1750116	1.0138003
4490992	19663	1.4025037	1.1079391
4490992	19664	1.633742	1.324795
4490992	19665	1.57474	1.295412
4490992	19666	1.5099458	1.3604434
4490992	19667	2.1978226	1.8162148
4490992	19668	2.3395863	1.273735
4490992	19669	2.6455889	1.405998
4490992	19670	2.544788	1.4819282
4490992	19671	2.3789954	0.084935576
4490992	19672	2.109364	0.41077366
4490992	19673	2.036851	0.47460946
4490992	19674	1.8886291	0.61017895
4490992	19675	1.8219723	0.6718757
4490992	19676	1.7348198	0.8473376
4490992	19677	1.6911303	0.89615583
4490992	19678	1.3735827	1.1639773
4490992	19679	1.555225	1.0278816
4490992	19680	1.5584573	1.1390435
4490992	19681	1.7140721	0.9446826
4490992	19682	1.9196833	0.7293078
4490992	19683	2.4877944	0.31960884
4490992	19684	2.4199853	0.40149394
4490992	19685	2.284112	0.39909837
4490992	19686	2.808576	1.4536746
4490992	19687	2.9032574	1.1018239
4490992	19688	2.275218	1.6003575
4490992	19689	2.6504407	1.5871449
4490992	19690	2.5587149	1.7093523
4490992	19691	2.8062758	1.563874
4490992	19692	2.869298	1.6130013
4490992	19693	2.8323627	1.5665131
4490992	19694	2.918449	1.5472913
4490992	19695	2.7758532	1.6990519
4490992	19696	2.784562	1.7437007
4490992	19697	2.8343801	1.7222993
4490992	19698	3.0427923	1.5716705
4490992	19699	2.872861	1.7287004
4490992	19700	2.8468685	1.7208529
4490992	19701	2.7258258	1.8230405
4490992	19702	2.931622	1.6664288
4490992	19703	2.872713	1.8974485
4490992	19704	2.849145	1.7516387
4490992	19705	2.486474	2.0898767
4490992	19706	2.5368972	1.7732267
4490992	19707	3.1494408	1.4945209
4490992	19708	3.319481	1.305384
4490992	19709	3.7582078	0.99190116
4490992	19710	3.9079604	0.85491824
4490992	19711	3.8800282	0.8718432
4490992	19712	3.3617954	-0.41386873
4490992	19713	3.1522584	-0.16936034
4490992	19714	3.279501	-0.15388623
4490992	19715	2.3180208	0.4149504
4490992	19716	2.2591777	0.78225267
4490992	19717	2.3189816	0.7228149
4490992	19718	2.0953054	1.0229053
4490992	19719	2.4430208	0.6543901
4490992	19720	2.4511523	0.72729623
4490992	19721	2.3810797	0.82714367
4490992	19722	1.9200667	1.3445232
4490992	19723	1.5802966	1.6941633
4490992	19724	1.4922217	1.8734367
4490992	19725	1.4513441	1.8521945
4490992	19726	2.9279327	2.1439862
4490992	19727	3.2295055	1.7280092
4490992	19728	3.007434	1.912739
4490992	19729	2.9752731	1.9083481
4490992	19730	3.150917	1.7306418
4490992	19731	3.1493125	1.4920442
4490992	19732	3.2478256	1.6273205
4490992	19733	3.0776086	1.8090835
4490992	19734	2.9359326	1.9264011
4490992	19735	2.964964	1.7895947
4490992	19736	2.2871785	0.6461761
4490992	19737	3.0935397	1.5843668
4490992	19738	3.289658	1.4593652
4490992	19739	2.9139404	1.6919842
4490992	19740	3.017787	1.6595211
4490992	19741	3.358554	1.420848
4490992	19742	3.4364252	1.4578931
4490992	19743	3.5188417	1.2895875
4490992	19744	3.0309405	1.7549078
4490992	19745	3.344998	1.4292727
4490992	19746	3.3919187	1.456917
4490992	19747	3.2243404	1.5790696
4490992	19748	3.2960815	1.5501497
4490992	19749	3.103025	1.5830414
4490992	19750	2.9230356	1.9173548
4490992	19751	3.1172042	1.7326038
4490992	19752	2.961537	1.9626675
4490992	19753	2.8507733	2.051064
4490992	19754	2.6114411	2.2682366
4490992	19755	2.460218	2.4612434
4490992	19756	2.3718328	2.5823462
4490992	19757	1.6981202	2.8974648
4490992	19758	2.046145	2.691616
4490992	19759	1.9663767	2.5061102
4490992	19760	1.7144505	3.2028472
4490992	19761	1.1474632	3.863413
4490992	19762	1.2971654	3.8227923
4490992	19763	1.3360883	4.093775
4490992	19764	1.8189718	3.6696994
4490992	19765	2.0217266	3.4241652
4490992	19766	2.1108708	3.2820473
4490992	19767	1.500604	2.736606
4490992	19768	2.07452	3.1857464
4490992	19769	1.8859614	3.1260371
4490992	19770	1.9171933	3.0500076
4490992	19771	2.1649265	2.6467886
4490992	19772	1.6464456	3.1164036
4490992	19773	2.1118255	2.8065245
4490992	19774	0.45892078	3.0716693
4490992	19775	1.8543817	3.0395763
4490992	19776	1.43143	3.3318634
4490992	19777	1.4010553	3.5125744
4490992	19778	1.4005411	3.5814292
4490992	19779	1.6294018	3.2602923
4490992	19780	1.4514347	3.432925
4490992	19781	1.4511262	3.4302683
4490992	19782	1.0474386	3.6799648
4490992	19783	0.028152049	4.3619223
4490992	19784	0.079494	4.3030634
4490992	19785	0.119632006	4.2557054
4490992	19786	0.6488199	3.4475417
4490992	19787	0.8316896	3.3254364
4490992	19788	1.32525	2.654917
4490992	19789	0.5187341	2.105311
4490992	19790	-0.20745882	2.593144
4490992	19791	0.964285	2.4216537
4490992	19792	1.0814991	2.3281567
4490992	19793	1.060028	2.6977813
4490992	19794	0.4177456	2.3983953
4490992	19795	0.13821834	3.1293542
4490992	19796	0.45180452	2.7007933
4490992	19797	0.59544516	2.5323467
4490992	19798	0.07110983	3.4602137
4490992	19799	0.19633514	3.3233933
4490992	19800	0.19097573	3.2561367
4490992	19801	0.52374494	2.098078
4490992	19802	0.8877524	1.6651306
4490992	19803	0.99878323	1.8431633
4490992	19804	0.7922723	1.8768337
4490992	19805	1.5070921	2.4712038
4490992	19806	0.91579044	3.0168223
4490992	19807	0.8443477	3.372261
4490992	19808	0.86357915	3.3707354
4490992	19809	1.186479	3.300892
4490992	19810	1.2998358	2.9836118
4490992	19811	1.8714012	2.2705567
4490992	19812	1.5673233	2.60607
4490992	19813	0.7218206	3.4017866
4490992	19814	0.67991805	3.544131
4490992	19815	1.5601062	3.2138722
4490992	19816	1.1245804	3.6420314
4490992	19817	1.0339332	3.7250955
4490992	19818	1.3492835	3.276087
4490992	19819	1.3402944	3.3904414
4490992	19820	1.3879575	3.3192782
4490992	19821	1.2642341	3.4154532
4490992	19822	1.3617445	3.4669304
4490992	19823	1.7199012	3.148196
4490992	19824	1.7961589	3.1699896
4490992	19825	1.9980875	2.901465
4490992	19826	0.5468221	0.84009874
4490992	19827	0.25185436	0.47372583
4490992	19828	1.1063786	1.0138334
4490992	19829	1.0922408	2.3815956
4490992	19830	1.0564966	2.415306
4490992	19831	1.067897	2.646359
4490992	19832	0.89021003	2.9068785
4490992	19833	0.9413928	2.9778926
4490992	19834	2.4401364	2.781702
4490992	19835	1.9611858	3.2414372
4490992	19836	2.2164845	3.225788
4490992	19837	3.3231645	1.953166
4490992	19838	3.776988	1.6488497
4490992	19839	4.2401977	1.1705277
4490992	19840	4.4406967	0.8285333
4490992	19841	3.3183742	1.8836265
4490992	19842	3.4049788	1.8736026
4490992	19843	3.548174	1.8724084
4490992	19844	3.6589746	1.7590559
4490992	19845	4.8068333	0.45716932
4490992	19846	4.1644354	1.0703087
4490992	19847	4.3307824	0.8441138
4490992	19848	4.668333	0.45311597
4490992	19849	4.4551587	0.75621533
4490992	19850	4.98074	0.06402144
4490992	19851	3.8945255	0.9713956
4490992	19852	4.2372055	0.67568994
4490992	19853	4.3216567	0.6664047
4490992	19854	4.756824	0.3516586
4490992	19855	4.503013	0.51449203
4490992	19856	4.234387	0.97538567
4490992	19857	4.2310867	0.9962238
4490992	19858	4.165799	0.9544548
4490992	19859	3.4878836	1.7880585
4490992	19860	3.4285293	1.9693749
4490992	19861	3.7524505	1.5673101
4490992	19862	3.8465948	1.401627
4490992	19863	3.3200364	2.1483655
4490992	19864	3.7305107	1.6760347
4490992	19865	3.9685292	1.527931
4490992	19866	3.5221977	1.9954753
4490992	19867	3.8917155	1.5972703
4490992	19868	3.8626156	1.4625994
4490992	19869	3.8281446	1.6319067
4490992	19870	4.111578	1.3113513
4490992	19871	4.1367693	1.1366318
4490992	19872	4.484991	0.5885503
4490992	19873	4.487598	0.7582325
4490992	19874	4.338999	0.9076539
4490992	19875	4.324541	0.91850984
4490992	19876	4.303284	0.9777943
4490992	19877	4.3855658	0.8547251
4490992	19878	4.7887845	0.39749047
4490992	19879	5.6555033	-0.44858435
4490992	19880	5.303924	-0.23464118
4490992	19881	5.601471	-0.7907737
4490992	19882	5.2821026	-0.53027886
4490992	19883	5.130293	-0.3034411
4490992	19884	5.2677603	-0.5242684
4490992	19885	5.0678906	-0.14386427
4490992	19886	5.157418	-0.35111487
4490992	19887	5.6735926	-0.82546884
4490992	19888	5.1176615	-0.23861499
4490992	19889	5.0197744	-0.09752235
4490992	19890	5.019927	-0.09550503
4490992	19891	5.0494227	0.0407165
4490992	19892	4.894683	0.07763931
4490992	19893	2.418013	0.48287782
4490992	19894	2.6650481	0.14531657
4490992	19895	2.1779337	0.7070031
4490992	19896	2.4262352	0.46035966
4490992	19897	2.465002	0.5275425
4490992	19898	2.8765383	0.13785222
4490992	19899	2.7553077	0.23551723
4490992	19900	2.7511387	0.32316706
4490992	19901	3.4275846	1.1501229
4490992	19902	3.7588053	0.9612818
4490992	19903	3.9405208	0.9956168
4490992	19904	3.271522	1.3681873
4490992	19905	3.950728	0.9009607
4490992	19906	3.831716	1.1263827
4490992	19907	3.9855576	0.9169992
4490992	19908	3.906136	1.1133347
4490992	19909	3.5927134	1.3995999
4490992	19910	3.698728	1.6821163
4490992	19911	3.5935812	1.6350384
4490992	19912	3.332121	2.4415352
4490992	19913	2.3903494	2.6175225
4490992	19914	2.2500534	2.80741
4490992	19915	2.3477921	2.3812966
4490992	19916	2.713552	2.0069623
4490992	19917	2.6525865	2.1881378
4490992	19918	2.629418	2.4096847
4490992	19919	2.3410106	2.5895798
4490992	19920	2.315773	2.241766
4490992	19921	2.3993235	2.3629534
4490992	19922	2.1326609	2.6381762
4490992	19923	3.2047448	1.2883867
4490992	19924	3.6576939	0.9821956
4490992	19925	4.7325606	0.62003005
4490992	19926	4.8606596	0.54906166
4490992	19927	4.973313	0.41069862
4490992	19928	5.0362988	0.34744415
4490992	19929	5.102401	0.3088269
4490992	19930	5.011427	0.45999262
4490992	19931	5.0740614	0.38815138
4490992	19932	5.0721188	0.4727439
4490992	19933	5.139635	0.4019852
4490992	19934	5.1777906	0.3957738
4490992	19935	5.2442155	0.37685445
4490992	19936	5.0943	0.6108997
4490992	19937	5.1088047	0.53406036
4490992	19938	4.4381065	1.3695098
4490992	19939	3.851923	2.0766263
4490992	19940	4.378003	1.5586679
4490992	19941	4.495281	1.6465437
4490992	19942	4.8250604	1.0822629
4490992	19943	4.9307084	0.9446254
4490992	19944	4.595089	1.180085
4490992	19945	3.9938507	1.4526861
4490992	19946	4.088263	0.8018733
4490992	19947	4.447648	0.5585072
4490992	19948	3.1391659	1.8016934
4490992	19949	3.0663166	2.0078053
4490992	19950	3.3789163	1.8409393
4490992	19951	2.5064936	2.7437835
4490992	19952	2.1494646	3.0838268
4490992	19953	2.2187152	3.1215894
4490992	19954	1.911312	3.0824382
4490992	19955	1.8085748	3.3305535
4490992	19956	2.0347538	3.0202692
4490992	19957	1.7600414	3.4309316
4490992	19958	0.81268346	4.5582094
4490992	19959	0.6038823	4.7913294
4490992	19960	0.24596936	5.138729
4490992	19961	0.50785077	4.962935
4490992	19962	0.29102188	5.264333
4490992	19963	0.13222164	5.43749
4490992	19964	-0.08413628	4.466484
4490992	19965	-0.21257183	3.8662164
4490992	19966	0.489933	4.3183427
4490992	19967	0.3401931	4.62729
4490992	19968	0.5149386	4.288066
4490992	19969	1.1237922	4.608289
4490992	19970	0.9450729	4.064513
4490992	19971	0.9855664	4.2375126
4490992	19972	0.5173975	4.5070114
4490992	19973	0.6865865	4.4242764
4490992	19974	1.4413478	3.9696882
4490992	19975	1.309391	4.168436
4490992	19976	0.24068666	3.832363
4490992	19977	0.3814305	3.8690073
4490992	19978	0.395756	4.243328
4490992	19979	0.7510805	3.9233563
4490992	19980	1.2723897	3.6495402
4490992	19981	1.5104526	3.5046363
4490992	19982	1.6844119	3.4490125
4490992	19983	2.0676847	3.1898212
4490992	19984	2.0111175	3.2482996
4490992	19985	2.2063336	3.1207638
4490992	19986	2.2342248	3.0495965
4490992	19987	2.4160485	2.9284384
4490992	19988	2.3472977	2.9742231
4490992	19989	3.0037217	2.2014215
4490992	19990	3.4110203	1.9151871
4490992	19991	3.965114	1.3289427
4490992	19992	3.4708729	1.9192574
4490992	19993	3.2509341	1.9445353
4490992	19994	3.2947025	2.0006824
4490992	19995	3.1828098	2.1042438
4490992	19996	3.276556	2.0512755
4490992	19997	3.4953346	1.8916144
4490992	19998	3.3407483	2.0588794
4490992	19999	3.5221038	1.9013913
