seq_ix	step_in_seq	t0	t1
256678	99	5.1324987	1.8299725
256678	100	5.13011	1.9025197
256678	101	4.744612	2.4221077
256678	102	4.8265777	2.1738925
256678	103	4.8070345	2.4883924
256678	104	4.7753406	2.4868567
256678	105	5.4461946	1.8710394
256678	106	5.455193	0.417245
256678	107	5.180265	2.044755
256678	108	5.248283	1.7525856
256678	109	5.403697	1.7950542
256678	110	5.1418614	1.887363
256678	111	5.370126	1.6563559
256678	112	5.117127	2.093934
256678	113	5.595096	1.4789436
256678	114	5.4546638	1.7291219
256678	115	4.947856	2.3087168
256678	116	5.306969	0.70958376
256678	117	4.5640645	2.0560768
256678	118	4.591106	2.1344674
256678	119	3.6415253	2.6401868
256678	120	3.8213148	0.58144
256678	121	3.955083	0.49119875
256678	122	4.5151305	1.0338311
256678	123	4.6232047	0.85949576
256678	124	3.5463896	1.6626546
256678	125	4.1894145	0.87849736
256678	126	4.908229	2.053964
256678	127	4.5762024	1.0881495
256678	128	3.9407082	2.2041276
256678	129	3.1004572	3.4726374
256678	130	2.4405618	4.0134754
256678	131	3.489511	3.4877954
256678	132	3.4341908	3.5432222
256678	133	4.114673	2.6613333
256678	134	4.3492045	3.57632
256678	135	5.4483275	1.8620105
256678	136	5.4771085	1.9049015
256678	137	5.2964277	1.6389871
256678	138	4.5337687	2.5006793
256678	139	4.3066688	2.585368
256678	140	3.851398	3.626952
256678	141	3.4090652	4.082694
256678	142	3.4699526	3.9146492
256678	143	4.1292686	3.392347
256678	144	4.826064	2.4271715
256678	145	5.8015637	1.017995
256678	146	3.9851675	-0.09385604
256678	147	3.985979	1.1966747
256678	148	3.9259124	0.78636587
256678	149	3.72786	0.7745384
256678	150	2.707078	0.6486145
256678	151	2.9333944	0.4987068
256678	152	3.2525692	0.24152514
256678	153	4.42274	1.6086056
256678	154	4.9385276	0.91935253
256678	155	5.2277236	1.0701606
256678	156	5.1862507	1.0931561
256678	157	4.947867	1.4218078
256678	158	4.560293	1.6842761
256678	159	4.2082877	2.3699827
256678	160	4.400376	1.8908479
256678	161	4.3859124	2.1596005
256678	162	4.25461	2.4436743
256678	163	3.3841524	3.0982435
256678	164	3.8225765	2.798131
256678	165	3.5470176	2.7485757
256678	166	4.3960776	2.0103967
256678	167	5.4950943	0.6132978
256678	168	5.547714	0.96310437
256678	169	5.4487777	0.73440087
256678	170	5.206309	0.9907838
256678	171	5.1574206	0.7466992
256678	172	5.883639	-0.15494579
256678	173	4.3854775	-1.425086
256678	174	4.7827206	-1.1949251
256678	175	4.15046	-0.7778722
256678	176	4.9451704	-0.35717744
256678	177	4.883268	-0.31901044
256678	178	4.413418	-0.07430661
256678	179	4.5936465	-0.106494695
256678	180	4.523241	-0.15522048
256678	181	4.7390823	0.52014685
256678	182	4.9849386	0.2793292
256678	183	5.1333413	0.9662709
256678	184	4.907166	1.4648
256678	185	4.8462014	1.8465271
256678	186	5.3351607	1.7772574
256678	187	5.3117447	1.7746596
256678	188	4.5397615	2.538759
256678	189	4.880442	2.1914933
256678	190	5.1139503	2.0426767
256678	191	5.0291634	1.9916625
256678	192	4.9141445	2.0740232
256678	193	5.1573176	1.584358
256678	194	4.788543	2.161798
256678	195	5.096323	1.4957342
256678	196	5.206637	1.4086167
256678	197	5.3464494	1.0600309
256678	198	5.396259	0.9811324
256678	199	5.4007244	1.0238615
256678	200	5.460841	0.9073672
256678	201	5.3988175	0.9869894
256678	202	5.3875413	0.9569485
256678	203	5.3874807	0.9355631
256678	204	5.426307	0.8678551
256678	205	5.459907	0.81484663
256678	206	5.4623647	0.79826784
256678	207	5.4659996	0.7235106
256678	208	4.0920787	0.28854123
256678	209	4.6047444	1.3177906
256678	210	4.4263773	1.145017
256678	211	4.1827245	1.2896179
256678	212	4.5238795	2.3550887
256678	213	4.2274346	2.6611376
256678	214	4.083524	2.741196
256678	215	4.4355454	2.546441
256678	216	4.648857	2.3374488
256678	217	4.2963066	2.8183029
256678	218	4.52998	2.5229814
256678	219	4.5571704	2.5478315
256678	220	3.434115	1.4627765
256678	221	4.24494	2.4098363
256678	222	4.140665	2.3086817
256678	223	4.0182695	2.2785263
256678	224	3.9208302	2.2249942
256678	225	3.622829	2.8746371
256678	226	3.5704813	3.0914166
256678	227	3.4166799	3.238815
256678	228	3.4882908	3.4625847
256678	229	3.645957	3.1412973
256678	230	3.1694422	3.8919709
256678	231	3.4904022	3.7393458
256678	232	3.5950022	3.7924917
256678	233	3.680698	3.4770694
256678	234	4.1418805	3.2572875
256678	235	3.8926659	3.637726
256678	236	3.490559	3.982344
256678	237	3.8863502	3.704365
256678	238	3.8662071	3.7257822
256678	239	3.9392076	3.757208
256678	240	3.8920126	3.6876132
256678	241	3.943431	3.6273377
256678	242	3.5234385	4.083337
256678	243	3.5285282	4.072081
256678	244	3.2454886	4.2683315
256678	245	2.659737	4.3978567
256678	246	1.577053	5.10674
256678	247	1.3923622	5.0843506
256678	248	1.6180409	4.934036
256678	249	1.6619993	4.850896
256678	250	1.7226852	4.8875704
256678	251	1.5329949	4.9338813
256678	252	1.5630518	4.8324127
256678	253	1.0879883	5.0238085
256678	254	0.37231368	5.4618225
256678	255	0.5301554	5.487443
256678	256	0.7551731	5.3586955
256678	257	0.5200305	5.5382104
256678	258	1.668243	4.9682918
256678	259	0.8024323	5.5519557
256678	260	0.84249306	5.6246243
256678	261	1.0755131	5.458477
256678	262	1.1947447	5.378258
256678	263	1.7516936	5.067602
256678	264	1.367264	5.2594724
256678	265	0.9460064	5.522177
256678	266	0.68190074	5.817669
256678	267	0.5604347	5.8048077
256678	268	0.1225943	5.320235
256678	269	0.08383882	4.8975606
256678	270	0.031694353	4.7183285
256678	271	0.76819885	4.536584
256678	272	1.653864	4.0221987
256678	273	1.6215032	3.9880059
256678	274	1.5085729	4.7839584
256678	275	3.3747635	3.7385676
256678	276	2.928515	4.050955
256678	277	2.5951037	4.2503667
256678	278	2.604486	4.2487073
256678	279	2.8133678	4.014991
256678	280	2.5828366	4.1896963
256678	281	2.9786682	3.1350415
256678	282	3.792543	2.0826058
256678	283	3.7491078	3.1093042
256678	284	3.540195	3.4027798
256678	285	3.6005278	3.7030795
256678	286	3.6404986	3.6435502
256678	287	2.5918531	2.7512352
256678	288	2.2072067	1.3009632
256678	289	1.3224477	3.0004096
256678	290	3.0568938	3.24185
256678	291	3.0554585	3.4708464
256678	292	2.6041093	3.942887
256678	293	1.7254096	4.669544
256678	294	1.3294014	3.9446232
256678	295	1.1359296	3.8735015
256678	296	2.0992599	4.138301
256678	297	1.9521595	4.1310234
256678	298	1.7295204	4.4526167
256678	299	2.5659094	3.830301
256678	300	2.8607302	4.165516
256678	301	1.8311363	4.885145
256678	302	1.8413502	5.0788994
256678	303	2.0046968	4.9379663
256678	304	2.564753	4.506906
256678	305	2.45428	4.693657
256678	306	1.1195775	4.0676956
256678	307	1.2785901	4.2706904
256678	308	1.0421548	4.6960416
256678	309	1.685769	3.9146197
256678	310	3.0897408	3.8385513
256678	311	2.2992272	4.310747
256678	312	2.6812787	4.58394
256678	313	1.78132	4.4355817
256678	314	1.0472032	3.548794
256678	315	0.6810149	2.6586454
256678	316	1.0050519	2.448004
256678	317	1.7199105	2.7532709
256678	318	2.783393	3.5647728
256678	319	2.5471716	1.585088
256678	320	2.0287762	2.1226463
256678	321	2.2172155	3.4050949
256678	322	3.1935148	3.0900567
256678	323	2.4923973	3.8485682
256678	324	3.1519175	2.3038795
256678	325	1.4766243	3.1407557
256678	326	2.9650116	3.2475333
256678	327	2.6855316	4.184018
256678	328	2.9789605	3.912649
256678	329	1.8061188	3.5755255
256678	330	3.1678371	3.7904856
256678	331	2.5050626	4.15019
256678	332	1.9232539	3.1713622
256678	333	2.5717301	2.039703
256678	334	3.3801522	2.8137279
256678	335	2.6557326	2.1138513
256678	336	2.7258024	2.1100264
256678	337	3.8889656	2.9013844
256678	338	3.6869326	3.2657409
256678	339	4.5791755	2.1575458
256678	340	4.559903	2.2155938
256678	341	4.167187	2.8679776
256678	342	3.5545092	3.3071032
256678	343	2.3227296	3.699857
256678	344	-0.19432518	5.573104
256678	345	0.4030366	4.208479
256678	346	0.06229621	4.160129
256678	347	0.068317235	4.3299055
256678	348	0.73744774	2.7327602
256678	349	0.8347713	3.5472238
256678	350	0.8999711	4.1510344
256678	351	1.724821	2.0085511
256678	352	2.3810558	2.5493197
256678	353	2.366848	2.6725538
256678	354	2.0560803	3.9035246
256678	355	1.1205049	3.2651196
256678	356	2.1111264	3.857824
256678	357	2.2161393	3.4783099
256678	358	3.9670253	1.6761463
256678	359	4.157107	2.5389342
256678	360	4.9065647	1.446361
256678	361	4.677	1.6096854
256678	362	4.1195173	1.8724649
256678	363	4.4530973	1.9285197
256678	364	4.341008	1.9035714
256678	365	4.484627	2.0600142
256678	366	4.783065	1.6744609
256678	367	4.993281	1.4340419
256678	368	4.7972336	1.8121922
256678	369	4.7000175	1.5504916
256678	370	4.546566	1.9591267
256678	371	4.287658	2.2549584
256678	372	3.5987859	3.3163543
256678	373	3.8711653	3.2038093
256678	374	3.872107	3.2396798
256678	375	4.0479827	3.1847532
256678	376	4.338636	2.7825189
256678	377	4.2058825	2.9834511
256678	378	3.9167461	3.1935046
256678	379	3.352365	3.6484683
256678	380	3.5357332	3.3777235
256678	381	2.612237	3.5782602
256678	382	1.8972875	4.396922
256678	383	3.140232	4.3772306
256678	384	2.4111748	4.3970423
256678	385	2.547248	4.217347
256678	386	2.098434	4.4300838
256678	387	1.6456522	3.880428
256678	388	2.1041245	3.188815
256678	389	2.9990096	3.547396
256678	390	2.679978	4.1732225
256678	391	2.487927	3.937874
256678	392	1.1581413	3.7431214
256678	393	2.5983605	3.952286
256678	394	2.1731644	4.163437
256678	395	2.1750197	2.1438498
256678	396	1.3154343	2.8751404
256678	397	2.1944184	3.546921
256678	398	2.481763	2.1998608
256678	399	2.1667056	3.8787143
256678	400	2.5087333	3.7513793
256678	401	1.0273434	3.736852
256678	402	3.1689095	3.546725
256678	403	3.591588	2.9376361
256678	404	4.2205014	2.0270963
256678	405	4.772504	1.4107559
256678	406	4.395985	1.6910198
256678	407	3.2493348	2.787081
256678	408	3.543088	2.7270594
256678	409	4.284483	2.00824
256678	410	4.7161694	1.9753613
256678	411	4.283494	2.2348032
256678	412	4.0435514	2.261781
256678	413	4.1656094	2.3184657
256678	414	3.960588	2.5269592
256678	415	4.1160216	2.226126
256678	416	4.082211	2.5987043
256678	417	4.1554184	2.3511338
256678	418	4.0927515	2.7756891
256678	419	3.5606852	3.2526298
256678	420	2.3210444	2.6005826
256678	421	2.2546344	1.9429331
256678	422	2.4754171	3.3574402
256678	423	3.0802774	3.4903152
256678	424	2.9796262	2.5677004
256678	425	3.525607	3.1558242
256678	426	3.26256	3.5259542
256678	427	2.831698	2.8985786
256678	428	2.3096986	2.4638858
256678	429	1.9000248	2.953275
256678	430	1.763079	3.0542018
256678	431	3.010343	3.3329628
256678	432	2.2251606	3.9688413
256678	433	3.0877852	3.4015691
256678	434	3.0875406	3.6888134
256678	435	2.720736	3.6410363
256678	436	3.7950954	2.8074377
256678	437	4.0275345	2.5471678
256678	438	3.5969443	3.6185224
256678	439	4.148671	3.1569748
256678	440	4.0677524	3.323996
256678	441	3.9042492	3.5471666
256678	442	4.6701818	3.0673811
256678	443	4.548652	2.8845007
256678	444	6.0604367	0.7344141
256678	445	5.775213	0.8937968
256678	446	5.5264387	0.8019334
256678	447	5.543353	0.4297482
256678	448	5.8300915	0.086253256
256678	449	5.7286644	0.09681472
256678	450	5.6470838	0.002408743
256678	451	5.620269	0.18408069
256678	452	5.4329123	0.2963709
256678	453	5.031412	0.6112524
256678	454	4.485598	1.8652751
256678	455	4.158548	2.4497936
256678	456	3.3735747	2.595397
256678	457	3.3308058	2.4023073
256678	458	3.7384348	2.011442
256678	459	4.2260647	1.8809111
256678	460	4.2376456	3.0440521
256678	461	4.566536	0.98797834
256678	462	4.5412807	1.2081734
256678	463	4.6421914	0.87381864
256678	464	4.123933	1.1325054
256678	465	3.336299	1.9343524
256678	466	4.6862187	0.66613317
256678	467	4.810544	1.6011229
256678	468	4.553573	1.7223122
256678	469	4.601264	1.5849926
256678	470	3.6765552	2.469764
256678	471	4.0137005	0.8830191
256678	472	4.8636293	1.9039924
256678	473	4.556001	1.3535814
256678	474	4.2897363	1.8487225
256678	475	4.5536885	1.5805588
256678	476	4.5156617	2.0061235
256678	477	4.4374475	2.4475315
256678	478	3.844019	3.265983
256678	479	3.432362	3.425674
256678	480	2.9980445	4.1226587
256678	481	2.4697442	4.5328517
256678	482	2.233921	4.7435174
256678	483	2.2043214	4.7765117
256678	484	2.659628	4.443747
256678	485	2.5783396	4.5562615
256678	486	2.373683	4.581489
256678	487	3.4099789	3.7511919
256678	488	3.786932	3.533065
256678	489	3.9837127	3.4679573
256678	490	3.6569767	3.663565
256678	491	3.6614761	3.8826072
256678	492	3.968237	3.6033933
256678	493	4.2918777	3.3161912
256678	494	5.3823595	1.7513502
256678	495	5.7590904	1.1006788
256678	496	5.3538547	1.2893119
256678	497	5.9863057	-0.027450562
256678	498	5.7119794	-0.13554755
256678	499	5.7670445	-0.24377188
256678	500	5.6237855	-0.13327697
256678	501	5.407819	-0.19685453
256678	502	5.6479416	-0.3694253
256678	503	5.5856833	-0.28398663
256678	504	6.2702475	-1.0998794
256678	505	6.711681	-1.5931615
256678	506	6.5515003	-1.4745587
256678	507	6.4876814	-1.6274261
256678	508	6.3601475	-1.6630106
256678	509	4.336151	-2.4372656
256678	510	0.9693606	-1.7605497
256678	511	0.57230616	-1.3127702
256678	512	0.8071842	-1.1976873
256678	513	1.0298986	-0.953408
256678	514	1.1896687	-0.723364
256678	515	1.2176265	-0.7290927
256678	516	1.2154497	-0.14649788
256678	517	1.1111776	-0.11675322
256678	518	1.3043195	0.38457623
256678	519	1.2347944	0.35852298
256678	520	1.455848	0.9473592
256678	521	1.7134279	1.3599358
256678	522	1.7912472	1.1081703
256678	523	1.7575852	1.1532668
256678	524	2.000648	2.1444974
256678	525	1.213601	1.654995
256678	526	1.2571234	1.8671346
256678	527	1.2034823	1.830297
256678	528	3.222062	1.9469693
256678	529	3.3809252	2.0816383
256678	530	3.46518	0.44749257
256678	531	3.0771513	1.008428
256678	532	3.2960649	0.8533126
256678	533	2.9409018	1.2870731
256678	534	2.111638	1.5833817
256678	535	1.6029435	2.5705724
256678	536	1.9161707	2.2553048
256678	537	1.4482883	1.8278289
256678	538	3.4613032	2.4686255
256678	539	3.316485	1.3327516
256678	540	2.4866462	2.1192646
256678	541	1.435204	1.9656963
256678	542	0.1889261	2.589693
256678	543	2.6903887	2.1569843
256678	544	1.6392921	2.5813303
256678	545	0.7374991	2.2293758
256678	546	-0.35830817	2.492678
256678	547	0.4283589	1.7064924
256678	548	0.37813032	1.5948346
256678	549	2.565895	1.2918708
256678	550	3.148119	1.4027715
256678	551	2.956039	2.141153
256678	552	2.0244446	1.104445
256678	553	2.160768	1.0526562
256678	554	2.368423	2.1993473
256678	555	3.3677998	2.8888261
256678	556	4.4016137	1.2149465
256678	557	4.457296	1.103028
256678	558	5.524599	-0.46397313
256678	559	4.937084	-0.2539879
256678	560	4.8032036	-0.050507754
256678	561	4.6608615	-0.021680176
256678	562	4.899797	-0.47730768
256678	563	4.965238	-0.6686472
256678	564	4.876605	-0.7107951
256678	565	4.675101	-0.44578204
256678	566	4.644246	-0.5224881
256678	567	4.983866	-0.7451669
256678	568	5.0919685	-0.9505806
256678	569	4.9113746	-0.4693206
256678	570	4.666249	-0.5646463
256678	571	5.763786	-1.5434232
256678	572	5.365161	-1.1325154
256678	573	5.7765794	-1.6500756
256678	574	5.727804	-1.9121757
256678	575	6.001563	-2.2701797
256678	576	5.742773	-1.9069934
256678	577	6.3207903	-2.4934824
256678	578	1.8425912	-2.0816793
256678	579	0.55610573	-1.1298764
256678	580	0.3628484	-0.5338468
256678	581	0.4510054	-0.38556272
256678	582	0.37427747	-0.3557154
256678	583	0.6878073	-0.060558945
256678	584	0.5558311	-0.04897961
256678	585	1.1348917	0.036888093
256678	586	0.8479885	0.2600083
256678	587	0.91972256	0.18285194
256678	588	1.187014	0.34620342
256678	589	1.3687927	0.8399141
256678	590	1.4156057	0.6353339
256678	591	1.603845	1.4258903
256678	592	1.6166719	1.1293297
256678	593	2.1518307	0.9746038
256678	594	2.5210466	1.4909346
256678	595	3.513742	1.6467085
256678	596	3.2902536	2.0842528
256678	597	3.2859259	2.0289972
256678	598	3.7479897	1.5508697
256678	599	3.9791455	1.6076653
256678	600	4.125361	1.7949703
256678	601	4.2611265	1.4435909
256678	602	4.5410643	1.4009966
256678	603	5.435178	0.19980237
256678	604	5.5153584	0.16010222
256678	605	5.462466	-0.048722446
256678	606	5.685011	-0.3496496
256678	607	3.2897286	-0.5014944
256678	608	3.3227448	-0.24569626
256678	609	3.789476	0.12359467
256678	610	3.7660923	0.07043567
256678	611	3.5534267	0.05533889
256678	612	3.8241358	0.9211657
256678	613	3.8472362	0.490842
256678	614	3.831377	0.47931555
256678	615	4.0572205	1.1768568
256678	616	4.0488353	0.9253961
256678	617	4.0229445	0.8757374
256678	618	4.290416	0.654287
256678	619	4.9426517	0.91691184
256678	620	4.8318086	0.91528976
256678	621	4.321013	1.5868921
256678	622	3.8344889	1.9639995
256678	623	4.16543	1.7392278
256678	624	4.196929	1.6854336
256678	625	4.6211386	1.2399967
256678	626	4.407195	1.5938168
256678	627	4.269511	1.7205622
256678	628	3.956397	2.214668
256678	629	4.062092	1.958489
256678	630	4.3680415	1.8574183
256678	631	4.387963	1.9509544
256678	632	4.4760714	1.9264381
256678	633	4.4309483	2.122907
256678	634	4.5814724	1.9286873
256678	635	4.5798607	2.0048394
256678	636	5.01367	1.5578673
256678	637	5.172086	1.2623204
256678	638	5.136216	1.4667058
256678	639	4.907227	1.6800764
256678	640	5.0008597	1.714107
256678	641	4.879655	1.8355033
256678	642	4.6874924	1.9745734
256678	643	4.7578745	1.8117943
256678	644	5.3895397	1.0843103
256678	645	5.2638645	1.0658833
256678	646	5.1673417	1.1747589
256678	647	5.4135437	0.5662565
256678	648	6.0568357	-0.20892972
256678	649	6.084637	-0.20842776
256678	650	5.942635	-0.25025478
256678	651	5.788735	-0.08188471
256678	652	5.3822737	0.5806103
256678	653	4.9743614	0.7051326
256678	654	4.9700146	0.77430296
256678	655	4.932645	1.115209
256678	656	3.9406967	2.7721057
256678	657	3.7438178	3.1990306
256678	658	3.883244	2.8520865
256678	659	4.151871	2.7245665
256678	660	3.6094265	3.3698323
256678	661	2.863667	4.024558
256678	662	3.2866712	3.8418133
256678	663	3.3475623	3.6859457
256678	664	3.5480013	3.5409954
256678	665	3.5475626	3.495861
256678	666	3.5846014	3.561498
256678	667	3.4723697	3.6221592
256678	668	2.883833	4.158514
256678	669	2.9836383	4.1434717
256678	670	3.2140188	3.8129165
256678	671	4.183189	2.9878883
256678	672	5.4393444	1.222615
256678	673	6.1993513	-0.30855432
256678	674	6.0079637	0.00010806322
256678	675	5.4325128	0.9330101
256678	676	5.245334	1.0665138
256678	677	5.2146225	1.2512045
256678	678	5.1893578	1.1315025
256678	679	5.1727085	1.1815159
256678	680	5.1233845	1.2857932
256678	681	5.1207266	1.1758322
256678	682	5.1909137	1.2164961
256678	683	5.407022	0.7937362
256678	684	5.0477176	1.3866153
256678	685	4.899153	1.5616055
256678	686	4.5558443	1.7897863
256678	687	4.865548	1.6522005
256678	688	5.1897492	0.9667876
256678	689	4.9530215	1.0660665
256678	690	5.046285	1.3336225
256678	691	4.7152443	1.6218412
256678	692	4.154767	2.7970264
256678	693	2.5605416	4.3270855
256678	694	2.843051	4.528447
256678	695	3.5292659	3.990852
256678	696	3.8351345	3.5570104
256678	697	3.7519174	3.8735917
256678	698	4.1315575	3.45147
256678	699	3.4675117	4.0790763
256678	700	3.0424519	4.4135427
256678	701	3.108842	4.401447
256678	702	3.548522	3.858167
256678	703	2.4715796	4.5734982
256678	704	1.5093538	5.0540204
256678	705	2.56564	4.379099
256678	706	1.8577377	4.4993286
256678	707	3.5312314	3.5471423
256678	708	3.522873	3.334713
256678	709	2.9402885	3.876146
256678	710	3.443831	3.8649848
256678	711	3.1634755	3.8797872
256678	712	3.1787386	4.222697
256678	713	2.9105225	4.1601562
256678	714	2.5561037	4.3415794
256678	715	1.6813194	4.843802
256678	716	0.9512541	5.227912
256678	717	0.99869084	5.268528
256678	718	0.15229994	3.8282015
256678	719	0.39662164	2.660672
256678	720	0.14008093	2.482182
256678	721	0.234608	2.8078227
256678	722	0.5589869	2.4302804
256678	723	0.8664658	2.461464
256678	724	1.1247318	2.2562082
256678	725	1.0641594	1.2546769
256678	726	-0.15443456	3.4948847
256678	727	3.1734247	2.46639
256678	728	2.9134269	3.0994945
256678	729	1.7313427	1.7297499
256678	730	1.736365	1.822928
256678	731	1.6868516	1.9731247
256678	732	1.7088002	1.9200904
256678	733	1.8893229	1.9936283
256678	734	1.4775196	2.3429682
256678	735	2.261385	2.5630293
256678	736	1.0103631	2.6635602
256678	737	2.3056397	0.8933562
256678	738	1.3062001	1.163608
256678	739	0.8973311	1.0980698
256678	740	0.7956526	1.1888198
256678	741	1.3146265	1.7847774
256678	742	1.1977025	1.420628
256678	743	3.7609606	1.8367779
256678	744	3.685872	2.3792946
256678	745	4.076169	1.8026145
256678	746	3.6844578	1.9289424
256678	747	2.3898973	1.402066
256678	748	2.956283	1.0531613
256678	749	2.9362302	0.945753
256678	750	4.532169	-0.26114756
256678	751	4.5115504	-0.37883893
256678	752	4.4407353	-0.036726087
256678	753	4.985984	0.67912424
256678	754	4.765484	-0.4512573
256678	755	4.6864967	-0.33800852
256678	756	4.605941	1.2037097
256678	757	3.7714195	1.256713
256678	758	3.1045814	2.223873
256678	759	3.491507	0.106889814
256678	760	3.4092426	-0.4649523
256678	761	3.4395924	-0.47422573
256678	762	3.3154593	-0.39028665
256678	763	2.9584646	0.53749096
256678	764	3.076189	0.39566424
256678	765	2.988163	0.55050576
256678	766	3.1540942	0.20879373
256678	767	4.2636333	0.85091555
256678	768	4.159603	0.6076509
256678	769	4.1391735	0.7640456
256678	770	4.1880946	0.7630205
256678	771	4.52261	0.13712737
256678	772	4.587452	-0.04669103
256678	773	4.681647	-0.097961694
256678	774	4.648249	-0.14056164
256678	775	4.7413754	-0.19528475
256678	776	4.733822	-0.36753333
256678	777	4.4416513	0.23579326
256678	778	4.5452857	0.27426073
256678	779	4.185219	1.1330457
256678	780	4.8065853	0.6591883
256678	781	4.8986025	0.38992277
256678	782	5.0421157	0.38991478
256678	783	5.7152667	-0.76993114
256678	784	6.4308105	-1.6314994
256678	785	6.171031	-1.6827835
256678	786	5.699135	-0.86991215
256678	787	5.4275084	-0.4589195
256678	788	5.3391523	-0.43361604
256678	789	5.1065335	-0.20533273
256678	790	6.2220316	-1.4024034
256678	791	6.7475986	-1.9874552
256678	792	6.0549397	-1.2388963
256678	793	6.074971	-1.3367854
256678	794	5.968555	-1.0455269
256678	795	5.9816046	-1.109896
256678	796	5.8104863	-0.8256715
256678	797	5.7945023	-0.9056858
256678	798	5.853114	-1.251688
256678	799	6.237923	-1.7465591
256678	800	5.8202677	-1.0607132
256678	801	5.3492055	-0.30434635
256678	802	5.3181486	-0.18230176
256678	803	5.4728985	-0.296527
256678	804	4.664683	1.0794386
256678	805	4.542482	1.1848884
256678	806	4.225512	2.2180688
256678	807	3.874669	2.5346677
256678	808	4.3100924	2.4006934
256678	809	4.171314	2.7043333
256678	810	4.1400194	2.5648813
256678	811	4.256477	2.6413276
256678	812	3.9014907	2.90352
256678	813	3.366685	3.5354009
256678	814	2.934176	4.018618
256678	815	2.4919639	4.4094567
256678	816	3.033999	3.9792554
256678	817	1.6407253	4.3600936
256678	818	2.68533	4.1973405
256678	819	2.6077151	4.1894994
256678	820	2.6230307	4.155451
256678	821	2.2435765	4.378503
256678	822	2.379212	4.352401
256678	823	3.1546144	3.9731214
256678	824	3.2380066	3.9180796
256678	825	2.787088	4.3698106
256678	826	3.0219455	4.1833534
256678	827	2.3792744	4.360262
256678	828	2.2436185	4.4178715
256678	829	2.4680681	4.2408857
256678	830	2.4358125	4.303972
256678	831	2.6551247	4.233036
256678	832	2.0127153	4.6632295
256678	833	1.9816862	4.7560954
256678	834	0.10123837	5.354651
256678	835	0.8218421	5.0241466
256678	836	1.6443659	4.67581
256678	837	1.4337794	4.3108344
256678	838	0.67695487	3.5010831
256678	839	0.54223466	3.852164
256678	840	0.8665534	3.4955037
256678	841	1.4184117	2.7130098
256678	842	1.6085712	3.5400658
256678	843	2.875094	3.189256
256678	844	0.967872	3.5215533
256678	845	1.4552687	3.387691
256678	846	1.4651973	2.674036
256678	847	1.5878235	2.5293674
256678	848	0.7930019	2.6266754
256678	849	1.025411	2.3532488
256678	850	0.9212147	2.595093
256678	851	1.0920897	3.1888592
256678	852	1.3312027	2.839116
256678	853	1.3483225	3.5882418
256678	854	1.8615307	2.9544768
256678	855	1.8219548	2.9247084
256678	856	1.8935758	1.8079786
256678	857	1.9229873	1.8112025
256678	858	1.5510393	3.3137066
256678	859	3.3936772	2.610238
256678	860	2.9120169	1.5896263
256678	861	3.131979	3.0796034
256678	862	3.0861726	2.9857714
256678	863	2.9395623	3.1480894
256678	864	2.9107318	3.273755
256678	865	2.3603806	2.4812584
256678	866	3.1500673	3.0150537
256678	867	3.780653	3.1423655
256678	868	3.6144862	3.2524045
256678	869	2.7202764	3.274077
256678	870	2.6205778	3.4522047
256678	871	2.5792766	3.627
256678	872	2.4824142	3.7589047
256678	873	2.4596863	3.78533
256678	874	2.8375397	3.608897
256678	875	3.9231486	2.1449053
256678	876	2.3052282	1.2660371
256678	877	3.3514352	1.0183898
256678	878	3.4208775	1.1008577
256678	879	3.6410356	1.9881687
256678	880	4.0454645	1.6450222
256678	881	3.9896994	1.7375786
256678	882	3.933166	1.8083003
256678	883	3.9316206	1.8281665
256678	884	3.7942529	0.90850854
256678	885	2.9037333	0.81772435
256678	886	3.9747372	1.5554473
256678	887	4.4014463	0.6238452
256678	888	3.2265964	0.39809898
256678	889	3.8769665	0.21388945
256678	890	4.031331	1.2484963
256678	891	2.7461896	0.5912843
256678	892	2.0634289	0.69254375
256678	893	2.625208	1.2843152
256678	894	4.3437686	1.406781
256678	895	4.177623	0.5698103
256678	896	4.1204205	0.7837697
256678	897	3.3718772	1.7167463
256678	898	2.9841619	1.363154
256678	899	2.0241737	1.4021904
256678	900	1.3932855	1.466997
256678	901	1.9801613	1.8625386
256678	902	3.791597	1.9386389
256678	903	3.3827486	1.8799131
256678	904	3.6332755	1.7563889
256678	905	3.513165	2.2857137
256678	906	3.131362	1.0733311
256678	907	1.9982892	1.3595852
256678	908	1.410679	1.3999059
256678	909	2.0755558	1.7819169
256678	910	3.914062	1.9010675
256678	911	3.5708823	1.8360612
256678	912	4.799572	0.08865574
256678	913	4.8616033	0.05842653
256678	914	2.4569716	-0.2904301
256678	915	1.495792	0.2709618
256678	916	1.7737476	0.963537
256678	917	1.6659247	0.86867785
256678	918	1.5772167	0.9181218
256678	919	1.8914815	0.6010866
256678	920	1.6050428	0.29843548
256678	921	1.8403412	0.93918157
256678	922	1.5929955	0.990433
256678	923	1.1342508	0.86118305
256678	924	1.2448041	0.7444104
256678	925	1.6348721	1.2789733
256678	926	3.9660106	1.0822997
256678	927	4.0268817	0.41870913
256678	928	3.8514032	0.5601046
256678	929	0.8108444	1.0391566
256678	930	1.2375098	1.2014154
256678	931	0.7942312	1.2120055
256678	932	0.4404168	1.1918329
256678	933	0.8138039	1.5176356
256678	934	3.4300241	1.0543014
256678	935	3.553742	1.1053162
256678	936	0.62688804	1.3689653
256678	937	1.2104796	1.1097353
256678	938	-0.123479575	1.8713222
256678	939	0.30907285	2.0648801
256678	940	3.1703558	1.3999434
256678	941	3.2462988	1.5093654
256678	942	5.018849	-0.014276475
256678	943	4.199571	-0.32130486
256678	944	1.6420006	-0.2466432
256678	945	0.25176919	0.37970278
256678	946	0.4450217	0.37615272
256678	947	0.82107365	0.6646826
256678	948	3.51971	0.1157383
256678	949	3.8281307	-0.08562645
256678	950	3.6729035	-0.13297358
256678	951	3.4136	0.31701335
256678	952	1.2055147	0.90150404
256678	953	0.4304754	0.95522594
256678	954	0.095795035	1.0109342
256678	955	0.02329415	0.6146791
256678	956	0.1310718	1.173311
256678	957	0.04846728	1.3361546
256678	958	-0.037855238	1.3506932
256678	959	0.10059112	1.864444
256678	960	0.64011884	1.5762467
256678	961	0.55137944	1.543947
256678	962	1.042342	1.6836147
256678	963	3.385079	1.9681642
256678	964	1.9604772	1.2084119
256678	965	1.8828682	0.050937027
256678	966	1.8653435	1.1137154
256678	967	2.1266446	1.3968025
256678	968	2.014606	1.4936589
256678	969	1.9810041	1.479077
256678	970	1.9755119	1.5279247
256678	971	1.999623	1.5369668
256678	972	2.4294486	0.76422703
256678	973	2.6689582	1.1493465
256678	974	2.8380752	1.1055229
256678	975	3.393983	2.0270927
256678	976	3.846757	1.4203936
256678	977	2.840932	2.2051587
256678	978	2.3957858	2.989653
256678	979	2.2647166	3.5805233
256678	980	2.9263167	2.43177
256678	981	3.0514488	2.86325
256678	982	0.9541688	2.434781
256678	983	0.58100235	2.1704555
256678	984	-0.19061643	2.1400728
256678	985	0.039184034	1.8693569
256678	986	0.24198592	2.2962058
256678	987	1.6523496	1.0602946
256678	988	1.4816103	0.74900293
256678	989	1.2441106	0.4882743
256678	990	3.668016	0.9174832
256678	991	2.9683628	0.7491238
256678	992	3.2212949	1.9341216
256678	993	1.3820423	1.2507751
256678	994	0.54599655	1.7943149
256678	995	0.33379906	1.5437052
256678	996	0.053913534	1.4979893
256678	997	2.9038963	0.5692264
256678	998	3.3318152	1.2513461
256678	999	2.9788985	1.4669068
256678	1000	3.7394004	0.61689734
256678	1001	0.81099117	0.7945131
256678	1002	1.3923595	1.5425334
256678	1003	-0.34450918	1.543664
256678	1004	-0.045951337	1.4017159
256678	1005	2.613505	1.2427154
256678	1006	2.9745607	-0.04413688
256678	1007	3.2822862	0.016563863
256678	1008	3.172329	0.74606
256678	1009	3.7755637	1.6846304
256678	1010	3.606626	1.8677025
256678	1011	4.8045015	0.37078378
256678	1012	5.227241	0.14326623
256678	1013	5.3704963	-0.788957
256678	1014	4.6222644	0.41316846
256678	1015	4.4524937	0.4434745
256678	1016	4.313337	1.1617395
256678	1017	4.1870904	1.365525
256678	1018	4.2648964	1.3273345
256678	1019	4.2497206	1.182982
256678	1020	3.6941743	2.326555
256678	1021	1.3708998	3.1844213
256678	1022	1.057166	2.688789
256678	1023	1.2480094	2.5071256
256678	1024	2.756544	2.512099
256678	1025	2.45111	3.016096
256678	1026	2.3739715	3.1502476
256678	1027	2.3470874	3.1710904
256678	1028	2.4769526	3.1085908
256678	1029	4.416027	1.2218248
256678	1030	4.7007155	0.97262454
256678	1031	4.7919917	0.6116432
256678	1032	4.808878	0.5246099
256678	1033	3.599771	1.5248109
256678	1034	3.08856	2.1949358
256678	1035	3.656847	2.752032
256678	1036	4.6930423	1.903019
256678	1037	3.3375826	1.3645204
256678	1038	3.8732123	1.1779066
256678	1039	4.0466228	0.74097764
256678	1040	4.4279685	1.6216822
256678	1041	5.0579047	0.66182053
256678	1042	3.5731773	1.8776269
256678	1043	3.6190023	2.7988122
256678	1044	3.691585	2.9171038
256678	1045	3.9225802	2.5056906
256678	1046	4.0889573	2.3639803
256678	1047	4.3134413	2.198558
256678	1048	3.4765358	1.1149206
256678	1049	3.5815153	1.3331678
256678	1050	3.334436	2.1539826
256678	1051	4.687001	0.6377393
256678	1052	4.7144957	0.6792557
256678	1053	4.6379533	0.6416248
256678	1054	4.6422825	0.6802584
256678	1055	4.229298	1.7592838
256678	1056	5.22976	0.7099478
256678	1057	5.5185566	0.48749176
256678	1058	5.4023733	0.56253695
256678	1059	5.1299057	0.66957057
256678	1060	5.196143	0.43142626
256678	1061	4.0978723	-0.6553029
256678	1062	5.3194666	-0.17431149
256678	1063	5.510849	-0.5524427
256678	1064	5.630904	-0.59821296
256678	1065	5.696005	-0.84668493
256678	1066	5.7930255	-0.9286301
256678	1067	6.05818	-1.4215261
256678	1068	5.700578	-1.0563844
256678	1069	5.6870365	-1.1152159
256678	1070	5.8765187	-1.3197541
256678	1071	5.638928	-0.9879885
256678	1072	6.1192226	-1.3023093
256678	1073	6.247044	-1.5627995
256678	1074	6.3524623	-1.7937214
256678	1075	6.048582	-1.636006
256678	1076	6.003514	-1.5140346
256678	1077	6.048381	-1.6639415
256678	1078	5.863254	-1.176204
256678	1079	5.855887	-1.3212208
256678	1080	5.979131	-1.291992
256678	1081	6.048052	-1.4351491
256678	1082	5.8136206	-1.1561922
256678	1083	5.67874	-1.0840657
256678	1084	6.0631833	-1.4709499
256678	1085	5.987492	-1.4410911
256678	1086	5.9284496	-1.3893833
256678	1087	6.0104012	-1.4844646
256678	1088	5.90661	-1.4067327
256678	1089	5.916298	-1.4054463
256678	1090	6.1506596	-1.6312621
256678	1091	6.1827846	-1.6597772
256678	1092	5.8812566	-1.4221379
256678	1093	6.381591	-1.9686989
256678	1094	6.743827	-2.3598533
256678	1095	6.735792	-2.6777048
256678	1096	2.9202123	-2.2199874
256678	1097	0.95255053	-1.7069106
256678	1098	0.739141	-1.2972258
256678	1099	0.47712696	-0.5208086
256678	1100	0.3605106	-0.31017047
256678	1101	0.63665855	-0.18966267
256678	1102	0.7451892	0.042606145
256678	1103	1.4029553	-0.5773167
256678	1104	1.607114	-0.5715274
256678	1105	1.7703663	-0.20260414
256678	1106	1.4113989	-0.040439874
256678	1107	1.6758686	-0.30197084
256678	1108	1.9033478	-0.45332053
256678	1109	1.8251258	0.02292025
256678	1110	1.7117497	0.69920707
256678	1111	1.7278527	0.58735025
256678	1112	1.2418959	0.29933092
256678	1113	1.5201129	0.15071121
256678	1114	1.7348167	0.8387642
256678	1115	1.9267999	1.3033961
256678	1116	2.0830703	1.0465966
256678	1117	2.1716847	1.0736274
256678	1118	2.4813833	0.8254627
256678	1119	2.0860949	1.0474899
256678	1120	1.9461249	0.11702648
256678	1121	4.223227	1.1219673
256678	1122	0.8350667	0.17152688
256678	1123	1.0344068	1.0647776
256678	1124	1.4002703	0.27635333
256678	1125	1.9823896	0.83306575
256678	1126	2.0185833	0.5229503
256678	1127	2.1720343	0.457467
256678	1128	2.1536045	0.4675896
256678	1129	4.1678276	1.0044764
256678	1130	3.8400846	0.9824188
256678	1131	4.0041904	1.0758474
256678	1132	4.0703816	0.9516207
256678	1133	3.915615	1.0318353
256678	1134	3.893124	1.0653871
256678	1135	3.725007	1.2401296
256678	1136	2.1457644	0.9491695
256678	1137	3.8488436	1.3103092
256678	1138	3.824761	1.8574286
256678	1139	4.384447	1.0522945
256678	1140	4.6778817	1.0166696
256678	1141	4.8979783	0.22845027
256678	1142	5.345065	-0.21043116
256678	1143	4.8299875	0.5153831
256678	1144	5.2804146	-0.20538807
256678	1145	5.024097	0.2710307
256678	1146	5.1471243	-0.12096229
256678	1147	5.344535	-0.16508219
256678	1148	5.559284	-0.43912837
256678	1149	5.318741	-0.15901673
256678	1150	5.1853733	-0.21032232
256678	1151	5.0998497	-0.0949882
256678	1152	4.9410124	0.16604921
256678	1153	5.006373	0.04104528
256678	1154	5.34277	-0.20728067
256678	1155	4.8720474	0.35548738
256678	1156	4.802034	0.31615302
256678	1157	4.646277	0.61015546
256678	1158	3.9738493	1.8495429
256678	1159	3.6700764	2.1725414
256678	1160	2.6297402	3.6767056
256678	1161	2.747264	3.8373034
256678	1162	2.7227125	3.85202
256678	1163	2.745925	3.8533137
256678	1164	2.829966	3.4347415
256678	1165	3.240654	2.9866133
256678	1166	4.5139713	1.474079
256678	1167	4.806206	1.2981739
256678	1168	5.300004	0.4447352
256678	1169	5.174586	0.44261375
256678	1170	5.184146	0.41152582
256678	1171	5.2271495	0.23971996
256678	1172	4.9123964	0.58275366
256678	1173	4.5551295	1.1971887
256678	1174	4.6508813	1.1550122
256678	1175	5.252867	0.19147769
256678	1176	5.28174	0.26670805
256678	1177	5.238302	0.2743906
256678	1178	5.175525	0.33842853
256678	1179	5.107573	0.40344504
256678	1180	4.9562483	0.48550674
256678	1181	4.79215	1.0188049
256678	1182	4.558382	1.5517144
256678	1183	4.347372	1.6454325
256678	1184	4.365874	1.6520772
256678	1185	4.43705	1.5459116
256678	1186	4.711326	1.4147497
256678	1187	4.9416223	0.8575611
256678	1188	5.0504365	0.9278413
256678	1189	5.0496273	0.8084158
256678	1190	4.9551086	0.8775562
256678	1191	5.2230463	0.3222892
256678	1192	5.2203603	0.26999483
256678	1193	4.744506	0.88680923
256678	1194	4.767223	0.8952701
256678	1195	5.0359144	0.4381198
256678	1196	5.80414	-0.3828199
256678	1197	5.6298275	-0.03725952
256678	1198	5.4363456	-0.08812064
256678	1199	4.1132364	2.0344956
256678	1200	3.8264523	2.3547711
256678	1201	3.98343	2.786461
256678	1202	4.127265	2.8330295
256678	1203	4.191675	2.8573973
256678	1204	4.769812	1.5389354
256678	1205	4.8060303	1.6767676
256678	1206	4.772531	1.4477671
256678	1207	4.646045	1.645297
256678	1208	4.5820165	1.9249647
256678	1209	4.6767244	1.7344584
256678	1210	4.6520905	1.8793006
256678	1211	4.646303	1.6506419
256678	1212	4.585609	1.5240147
256678	1213	4.9457736	0.9130688
256678	1214	5.0387993	0.94938135
256678	1215	5.2852926	0.454416
256678	1216	5.4369946	0.31154713
256678	1217	5.2550473	0.4158348
256678	1218	5.3598742	0.31906703
256678	1219	5.628456	-0.056842208
256678	1220	5.8558946	-0.24006969
256678	1221	5.624661	-0.02400735
256678	1222	4.8270054	0.61475766
256678	1223	4.618955	1.3327067
256678	1224	5.173315	0.85450363
256678	1225	5.3008	0.763607
256678	1226	5.426947	0.6786151
256678	1227	5.463035	0.5389235
256678	1228	5.44068	0.63523126
256678	1229	5.3787456	0.7932435
256678	1230	5.5633783	0.27719644
256678	1231	5.92999	-0.38905126
256678	1232	3.5967145	-1.0767368
256678	1233	2.982892	-0.37124938
256678	1234	2.8042436	-0.21588224
256678	1235	2.6472507	-0.09443945
256678	1236	3.0217457	-0.42061213
256678	1237	3.1166005	-0.47556236
256678	1238	3.7441354	-0.027953327
256678	1239	3.3581653	0.15913758
256678	1240	3.1955614	1.1068796
256678	1241	3.3615584	0.81370664
256678	1242	3.2740622	0.9252664
256678	1243	3.3442078	0.86306083
256678	1244	3.639615	1.7303236
256678	1245	3.7904735	1.3999085
256678	1246	2.4993615	1.1106895
256678	1247	3.2538385	2.0679276
256678	1248	3.843089	2.3523436
256678	1249	4.0634055	2.0384336
256678	1250	4.421474	2.0509121
256678	1251	3.953363	2.554442
256678	1252	3.9323134	2.7368877
256678	1253	3.9960885	2.8196292
256678	1254	4.2232437	2.6647727
256678	1255	4.183447	2.5494437
256678	1256	4.1824136	2.688746
256678	1257	4.468171	2.5247402
256678	1258	4.6138396	2.355265
256678	1259	4.4953976	2.626981
256678	1260	5.556181	1.2693539
256678	1261	5.82495	1.0803912
256678	1262	5.6750216	1.3089092
256678	1263	5.1676784	1.5323801
256678	1264	5.5436487	0.6707934
256678	1265	5.370242	0.8487059
256678	1266	5.262922	0.898973
256678	1267	5.5635242	0.74098027
256678	1268	5.5421014	0.59093153
256678	1269	5.5343714	0.661842
256678	1270	5.4418125	0.66192603
256678	1271	5.8674912	0.3080915
256678	1272	6.094262	-0.010031432
256678	1273	6.364998	-0.6005036
256678	1274	6.6064777	-0.9100524
256678	1275	6.424444	-0.6849379
256678	1276	6.2083793	-0.5535121
256678	1277	6.4293923	-0.87958294
256678	1278	6.2523093	-0.7676861
256678	1279	6.2840095	-0.6404102
256678	1280	5.9733925	-0.31859004
256678	1281	6.057661	-0.31437057
256678	1282	6.373605	-0.5583779
256678	1283	6.2988963	-0.6979766
256678	1284	6.2730193	-0.5234761
256678	1285	6.33515	-0.6961317
256678	1286	6.600636	-1.0303087
256678	1287	6.354192	-0.69372964
256678	1288	6.799413	-1.1902963
256678	1289	6.793638	-1.4499838
256678	1290	6.767332	-1.3911837
256678	1291	6.7341027	-1.5149384
256678	1292	6.240805	-2.3134227
256678	1293	6.9988184	-2.6485264
256678	1294	6.834061	-2.4566019
256678	1295	6.9039745	-1.4173267
256678	1296	6.5341625	-1.350447
256678	1297	6.917908	-1.3390875
256678	1298	6.5680203	-1.2501574
256678	1299	6.5160913	-1.318175
256678	1300	6.354446	-1.203381
256678	1301	6.1782694	-1.1245174
256678	1302	6.137979	-1.1423497
256678	1303	5.8871245	-0.9721768
256678	1304	6.409433	-1.2450534
256678	1305	5.8746815	-0.034338713
256678	1306	6.074265	-0.2613233
256678	1307	6.542249	-0.3661745
256678	1308	6.2216783	-0.4761983
256678	1309	6.3089294	-0.57368004
256678	1310	5.9132853	-0.48261636
256678	1311	5.611033	-0.10536116
256678	1312	5.5284634	0.7980294
256678	1313	5.7235165	0.6491879
256678	1314	5.8360815	0.626642
256678	1315	5.7667074	0.60225797
256678	1316	5.795865	0.55968237
256678	1317	6.4442835	0.16388866
256678	1318	6.245715	0.08298406
256678	1319	6.0572004	0.105872124
256678	1320	5.7626886	1.2639165
256678	1321	5.7507415	1.3470799
256678	1322	5.876639	1.415168
256678	1323	5.904403	1.3521876
256678	1324	5.883703	1.4042487
256678	1325	5.702811	1.4501196
256678	1326	5.4815245	1.7670064
256678	1327	6.0044656	1.21762
256678	1328	6.0104337	1.0032578
256678	1329	5.8971553	0.31189767
256678	1330	6.047971	0.025606066
256678	1331	5.8559246	1.2625657
256678	1332	5.824655	1.1344051
256678	1333	5.9360957	1.2991797
256678	1334	5.9196916	1.2612679
256678	1335	6.051288	-0.37117323
256678	1336	6.662472	-0.44579265
256678	1337	6.5680423	-0.49082208
256678	1338	6.311146	0.40776107
256678	1339	6.289256	0.67135525
256678	1340	6.243226	0.73284745
256678	1341	6.0806313	1.0606256
256678	1342	5.292854	1.9902925
256678	1343	5.8174453	1.6744859
256678	1344	5.443507	1.9967113
256678	1345	5.8142867	1.6033645
256678	1346	5.9484434	1.4303793
256678	1347	5.481422	1.9815576
256678	1348	5.7731915	1.7564747
256678	1349	5.2604876	0.8161838
256678	1350	5.886039	1.5854802
256678	1351	5.6456623	1.7672179
256678	1352	5.3432846	2.259184
256678	1353	5.365805	2.1400383
256678	1354	5.269536	2.291951
256678	1355	5.2341638	2.1972845
256678	1356	5.281066	2.056716
256678	1357	5.145983	2.2712722
256678	1358	5.1244283	2.1910398
256678	1359	5.275902	2.2620084
256678	1360	5.982773	1.5126272
256678	1361	5.721645	1.8263516
256678	1362	5.89813	1.7355118
256678	1363	6.4302053	1.2694186
256678	1364	6.116124	1.3645067
256678	1365	6.264104	1.11883
256678	1366	6.222608	1.2819794
256678	1367	6.0587854	1.4791561
256678	1368	5.990934	1.5115184
256678	1369	6.0939035	1.3318765
256678	1370	6.258411	1.0094329
256678	1371	5.787898	1.6544645
256678	1372	5.64555	1.8649998
256678	1373	5.4798393	2.0430825
256678	1374	6.03645	1.4454801
256678	1375	5.953202	1.6441648
256678	1376	5.633402	1.8556802
256678	1377	5.1818943	1.0147576
256678	1378	5.5646973	1.9336512
256678	1379	5.482169	1.843663
256678	1380	5.572393	1.7873235
256678	1381	5.7412944	1.4849136
256678	1382	5.6989403	1.7432275
256678	1383	5.449736	1.8703115
256678	1384	5.3642445	1.8897586
256678	1385	5.463976	1.771239
256678	1386	5.2467027	1.9883409
256678	1387	5.2132277	1.9771249
256678	1388	5.3787284	1.9785109
256678	1389	5.379462	2.0919955
256678	1390	5.3201895	2.1283486
256678	1391	4.9793644	2.5123436
256678	1392	4.6392083	2.939323
256678	1393	4.933029	2.8018305
256678	1394	4.6225204	2.9995878
256678	1395	4.552108	3.1188312
256678	1396	4.496748	3.2092452
256678	1397	3.7593088	2.5993657
256678	1398	4.495359	2.9223733
256678	1399	4.3171415	3.3324277
256678	1400	4.674826	2.9337554
256678	1401	3.9339666	3.5625637
256678	1402	3.792594	3.7484367
256678	1403	3.9005198	3.6586983
256678	1404	4.0042152	3.6820104
256678	1405	3.7443662	3.8768985
256678	1406	3.0154233	4.1846213
256678	1407	2.7793503	4.2826095
256678	1408	2.8940268	4.1847205
256678	1409	3.0294375	4.035914
256678	1410	3.327536	3.746651
256678	1411	3.057898	4.083075
256678	1412	2.2977352	4.6682477
256678	1413	2.618188	4.3777256
256678	1414	2.9734645	4.137787
256678	1415	2.847889	4.193368
256678	1416	3.015274	4.028756
256678	1417	2.1264653	4.734408
256678	1418	2.7555017	4.5225673
256678	1419	3.770887	4.0292153
256678	1420	4.0363064	3.9022586
256678	1421	4.1460485	3.8685544
256678	1422	4.1771836	3.903878
256678	1423	4.370585	3.667248
256678	1424	3.6393685	4.20503
256678	1425	3.4536252	4.301633
256678	1426	3.3487892	4.2902145
256678	1427	3.3883128	4.3157454
256678	1428	3.0278492	4.5887694
256678	1429	2.7542062	4.794145
256678	1430	3.51753	4.356577
256678	1431	2.7238626	4.714322
256678	1432	2.998289	4.537663
256678	1433	2.9197168	4.4612784
256678	1434	1.9436477	5.1714916
256678	1435	0.70294	5.6830845
256678	1436	1.5146803	5.2449946
256678	1437	1.8344499	4.926565
256678	1438	1.8373102	4.9190784
256678	1439	0.424276	3.7474139
256678	1440	1.1060022	3.278065
256678	1441	1.6794983	3.9511702
256678	1442	1.7059597	3.4000142
256678	1443	2.2522354	2.7857604
256678	1444	2.6351032	2.3786585
256678	1445	3.3812418	3.227624
256678	1446	4.4102874	2.906023
256678	1447	4.473194	3.0161343
256678	1448	4.949726	2.4960341
256678	1449	4.9696136	2.7020857
256678	1450	5.053173	1.9807417
256678	1451	4.525483	0.9504932
256678	1452	4.368397	1.1980015
256678	1453	4.285176	1.66839
256678	1454	4.504453	1.6336436
256678	1455	4.6248903	1.4704536
256678	1456	3.3906326	0.68117595
256678	1457	3.4003105	0.7396934
256678	1458	4.47572	2.1095088
256678	1459	4.147157	2.30311
256678	1460	5.1690674	1.1599563
256678	1461	1.825481	1.1000509
256678	1462	1.7366039	1.067685
256678	1463	2.0288749	1.7664709
256678	1464	2.1471195	1.6022112
256678	1465	2.0425997	1.6238475
256678	1466	2.498983	1.3625109
256678	1467	3.9127593	2.476269
256678	1468	4.043188	2.4819953
256678	1469	4.0713096	2.447571
256678	1470	4.3566422	2.1690445
256678	1471	3.8488994	1.580451
256678	1472	3.832149	1.495777
256678	1473	4.3505144	2.5104883
256678	1474	4.7478437	0.36389044
256678	1475	4.638428	0.87826407
256678	1476	4.383559	1.4927834
256678	1477	4.406487	1.3958743
256678	1478	4.34153	1.3541728
256678	1479	4.000371	0.32553062
256678	1480	4.082201	1.9329593
256678	1481	4.445295	2.280782
256678	1482	2.2056808	2.3779564
256678	1483	4.190714	2.1949422
256678	1484	3.4860363	1.6709578
256678	1485	3.3563004	2.509252
256678	1486	3.0620418	2.8526947
256678	1487	2.4794512	2.2899647
256678	1488	3.2122893	1.2718527
256678	1489	2.0337896	0.9081799
256678	1490	2.1842995	1.9613326
256678	1491	2.5057783	1.5801265
256678	1492	2.4136233	1.5013068
256678	1493	3.7675223	2.7598681
256678	1494	3.6442275	2.6930237
256678	1495	3.5715966	2.7827518
256678	1496	3.3057122	1.6312394
256678	1497	3.178989	1.9119582
256678	1498	3.9990964	2.7266457
256678	1499	4.293553	2.585081
256678	1500	4.4627504	2.2509892
256678	1501	4.329409	2.462421
256678	1502	4.969565	1.8138108
256678	1503	5.3025146	1.5143967
256678	1504	5.1938634	1.5804803
256678	1505	5.540765	1.4529768
256678	1506	5.4919906	1.7166226
256678	1507	5.2480364	1.6370792
256678	1508	5.110807	1.9105422
256678	1509	4.896968	2.1451344
256678	1510	5.2300787	1.7030637
256678	1511	4.9383955	2.192233
256678	1512	4.86494	2.1390882
256678	1513	4.9059577	2.2301667
256678	1514	4.7765427	2.1349382
256678	1515	4.6308947	2.373238
256678	1516	4.6661663	2.1815243
256678	1517	4.812607	2.2367723
256678	1518	4.3635654	2.890615
256678	1519	4.6520762	2.6569293
256678	1520	4.2053623	3.317042
256678	1521	4.485537	3.002144
256678	1522	4.3311777	3.3344011
256678	1523	4.375173	2.7802742
256678	1524	4.5090737	2.9127643
256678	1525	4.452784	2.9037285
256678	1526	4.0261765	1.7332652
256678	1527	3.833569	2.0946045
256678	1528	3.7018108	2.3198261
256678	1529	2.5095663	1.2796315
256678	1530	3.6856484	1.7439182
256678	1531	3.2734122	1.9926801
256678	1532	3.0164132	2.2052252
256678	1533	3.8206172	3.3544922
256678	1534	4.7009406	2.2877874
256678	1535	5.0226026	2.0965254
256678	1536	4.865246	1.9955225
256678	1537	5.090623	1.7420115
256678	1538	5.5391536	0.98163986
256678	1539	5.628049	1.2500466
256678	1540	5.702783	0.8113537
256678	1541	5.8086715	0.95919144
256678	1542	5.692033	0.86745
256678	1543	5.732714	0.8042842
256678	1544	5.69941	1.0030241
256678	1545	5.7295775	0.8677207
256678	1546	5.668856	0.9379022
256678	1547	5.5898414	0.94359386
256678	1548	5.588138	1.0256118
256678	1549	5.496025	1.0977057
256678	1550	5.842982	0.6217612
256678	1551	5.938162	0.67863786
256678	1552	5.9261236	0.58190656
256678	1553	5.800844	0.7911551
256678	1554	5.617369	0.8770802
256678	1555	5.6191163	1.0114584
256678	1556	6.082455	0.33778206
256678	1557	6.1141543	0.32345626
256678	1558	6.0135403	0.54706097
256678	1559	5.9221005	0.5270728
256678	1560	6.020417	0.557107
256678	1561	5.737298	0.7295599
256678	1562	5.654487	0.8269379
256678	1563	5.6394596	0.98462534
256678	1564	5.6136026	0.8649888
256678	1565	5.5910697	0.9293498
256678	1566	5.595695	0.8987242
256678	1567	5.77918	0.76961935
256678	1568	5.7040424	0.80120265
256678	1569	5.5687118	0.92714727
256678	1570	5.5498285	0.96401775
256678	1571	5.781177	0.7372775
256678	1572	5.6864624	0.87237
256678	1573	5.6347604	0.8168496
256678	1574	5.5433774	0.98372924
256678	1575	5.7962193	0.74681556
256678	1576	5.6880994	0.8606508
256678	1577	5.3797455	1.153984
256678	1578	5.208024	1.6263106
256678	1579	4.584922	2.5303144
256678	1580	3.5355377	3.7117898
256678	1581	3.3879485	3.979562
256678	1582	2.6063857	4.494904
256678	1583	2.20472	4.728321
256678	1584	2.503182	4.43369
256678	1585	2.3296824	4.4407544
256678	1586	2.322978	4.476117
256678	1587	1.0901371	4.1518517
256678	1588	2.2519598	2.596063
256678	1589	2.6922798	2.6468618
256678	1590	3.326089	3.8826954
256678	1591	2.096273	4.411488
256678	1592	2.082075	4.586706
256678	1593	2.9644718	3.7668417
256678	1594	3.1386375	3.783954
256678	1595	3.244595	3.6510785
256678	1596	1.6484593	3.566766
256678	1597	1.1313319	3.367
256678	1598	1.3605597	3.0848417
256678	1599	2.3410568	3.8246806
256678	1600	1.729184	4.275253
256678	1601	1.6355194	4.324717
256678	1602	1.418269	4.5904455
256678	1603	0.38846928	5.0258236
256678	1604	-0.2774329	4.3109217
256678	1605	0.036779106	4.1332903
256678	1606	0.33422995	4.182484
256678	1607	0.5599698	4.009067
256678	1608	0.4978658	4.1247363
256678	1609	0.62739885	3.855481
256678	1610	0.47735924	3.7575853
256678	1611	0.088588	3.1849117
256678	1612	0.27944857	3.0676308
256678	1613	0.9544145	2.1667535
256678	1614	2.5422235	2.6742654
256678	1615	1.3234556	4.3225408
256678	1616	1.0050755	4.643764
256678	1617	1.4634191	4.2839546
256678	1618	1.7125303	4.178001
256678	1619	1.7197152	4.202387
256678	1620	0.8000243	3.165324
256678	1621	1.5018569	2.9962432
256678	1622	1.3338734	4.2573805
256678	1623	1.9921018	2.6283958
256678	1624	1.8593501	2.3068113
256678	1625	1.2032912	2.5551825
256678	1626	1.3050499	2.3521428
256678	1627	1.3802874	2.2679894
256678	1628	1.4199913	2.1293545
256678	1629	1.4357538	2.087085
256678	1630	3.029687	2.9532428
256678	1631	2.919186	3.108372
256678	1632	3.6153455	2.7790403
256678	1633	4.9726863	0.10113987
256678	1634	5.4753175	-0.47552502
256678	1635	5.8811216	-1.1931945
256678	1636	5.9989715	-1.3053614
256678	1637	5.935133	-1.4184681
256678	1638	5.951782	-1.5421282
256678	1639	5.9655356	-1.6580514
256678	1640	6.1076846	-1.801146
256678	1641	6.010044	-1.7239097
256678	1642	5.7760305	-1.5196879
256678	1643	3.4662657	-1.6140728
256678	1644	0.03527063	-0.74696577
256678	1645	-0.19096401	-0.059378684
256678	1646	-0.092392504	0.057709903
256678	1647	-0.022037089	0.31595448
256678	1648	-0.10414907	1.3726977
256678	1649	0.26876903	1.5751371
256678	1650	0.22930586	1.4197489
256678	1651	0.9276891	0.7968024
256678	1652	3.3935595	0.72117686
256678	1653	3.575457	0.9588742
256678	1654	3.7808275	0.6797221
256678	1655	3.8424582	0.50171363
256678	1656	3.5592432	0.70333385
256678	1657	3.87285	0.35564044
256678	1658	4.0749545	0.2546442
256678	1659	3.7684565	0.60518396
256678	1660	2.7124	0.05919972
256678	1661	2.6983447	-0.21848693
256678	1662	2.7455459	0.5833392
256678	1663	1.8763741	1.3818344
256678	1664	1.543727	0.86463785
256678	1665	2.1837802	0.41134724
256678	1666	3.7200747	1.3352041
256678	1667	3.240562	2.253306
256678	1668	3.2143636	2.6547093
256678	1669	3.7563238	2.0299308
256678	1670	4.34892	1.5668833
256678	1671	4.992926	0.46280852
256678	1672	3.2466946	-0.09613323
256678	1673	1.6016473	0.19824609
256678	1674	1.9878265	0.9591348
256678	1675	1.4824222	1.140063
256678	1676	0.94621086	1.3517267
256678	1677	0.635424	1.1926193
256678	1678	0.3649212	1.3468813
256678	1679	0.46171415	1.5140821
256678	1680	0.73301494	0.83152556
256678	1681	3.258706	0.76021695
256678	1682	2.6048512	1.7654088
256678	1683	2.5951018	1.7143524
256678	1684	2.6119547	1.8626904
256678	1685	3.8952236	0.6804863
256678	1686	3.9685597	0.39247146
256678	1687	3.6282368	1.5090657
256678	1688	3.5764737	1.8334341
256678	1689	3.9950557	1.2084901
256678	1690	4.037971	1.1863792
256678	1691	3.2563248	2.040113
256678	1692	3.2252831	2.757888
256678	1693	2.235695	2.5085294
256678	1694	3.5905385	2.3833022
256678	1695	2.963438	1.8356025
256678	1696	3.0084672	1.9578531
256678	1697	2.7662745	0.80894196
256678	1698	3.0295973	2.109116
256678	1699	2.5733843	2.3230553
256678	1700	2.465754	2.2371933
256678	1701	3.2444782	2.6786616
256678	1702	2.7340693	3.0978005
256678	1703	2.1915612	2.5775337
256678	1704	2.2788105	2.5222075
256678	1705	3.7591906	1.1014006
256678	1706	3.7631726	1.1457428
256678	1707	3.7959208	1.0187732
256678	1708	3.4625344	2.43486
256678	1709	3.36232	2.7435064
256678	1710	2.8049426	2.9761138
256678	1711	2.927083	3.2224934
256678	1712	2.701911	3.321768
256678	1713	2.3349895	3.5908344
256678	1714	2.331736	3.6052477
256678	1715	2.2226763	3.1966946
256678	1716	2.3765774	3.0549843
256678	1717	2.9041686	2.7960787
256678	1718	2.7811894	3.2502046
256678	1719	2.9707756	3.3626711
256678	1720	1.5529362	3.102566
256678	1721	1.8798915	3.1084194
256678	1722	2.218975	2.8379483
256678	1723	2.2146144	2.6993377
256678	1724	2.7507005	2.3897293
256678	1725	4.2695956	0.8166572
256678	1726	5.1273212	-0.22828946
256678	1727	2.2457042	-0.4534615
256678	1728	4.0881586	0.71443474
256678	1729	4.607211	-0.10178104
256678	1730	3.875658	0.641291
256678	1731	4.1680093	1.0022216
256678	1732	4.7320647	0.040388018
256678	1733	1.2767991	0.14846745
256678	1734	1.1658363	-0.32887053
256678	1735	1.3368164	-0.6441666
256678	1736	1.5556763	-0.7698202
256678	1737	2.1432562	-0.7496464
256678	1738	0.65509546	-0.09276354
256678	1739	0.2607625	0.24614027
256678	1740	2.9093995	0.24404481
256678	1741	2.9592714	0.62181747
256678	1742	3.445485	0.6507859
256678	1743	0.8695115	0.13570365
256678	1744	0.16218805	0.71741784
256678	1745	0.566062	1.1914827
256678	1746	0.49435365	1.0759473
256678	1747	0.1830725	0.8793938
256678	1748	0.43312746	1.299494
256678	1749	2.6590824	0.826872
256678	1750	2.5024529	0.7911867
256678	1751	2.1604805	0.24519244
256678	1752	2.7463193	1.5063804
256678	1753	0.8178011	0.8085531
256678	1754	0.25552434	1.1696824
256678	1755	0.5118121	1.0515062
256678	1756	0.1257137	0.9317496
256678	1757	2.7407327	0.30652073
256678	1758	3.8856568	0.51262856
256678	1759	3.55477	1.2118045
256678	1760	3.9109135	0.98223126
256678	1761	4.3558035	0.54792464
256678	1762	4.947541	-0.52434975
256678	1763	5.057113	-1.0237349
256678	1764	5.0712695	-1.1619185
256678	1765	5.0577273	-1.1795131
256678	1766	4.9620094	-1.3708239
256678	1767	5.0512695	-1.115021
256678	1768	4.9676776	-1.0598198
256678	1769	4.611902	-0.61567587
256678	1770	4.4152403	-0.48237973
256678	1771	2.3136	1.9701436
256678	1772	0.7421218	2.8224695
256678	1773	1.0860175	2.7795486
256678	1774	2.6103868	0.73698986
256678	1775	2.3731685	-0.054110646
256678	1776	0.7805834	0.5812683
256678	1777	0.2313798	0.88426805
256678	1778	0.2605716	0.78850317
256678	1779	-0.06705281	0.62783146
256678	1780	0.088261545	0.62537706
256678	1781	0.4920566	0.41250566
256678	1782	0.5985484	0.9768766
256678	1783	2.9561596	0.92370963
256678	1784	2.2370048	0.91285336
256678	1785	0.8090142	0.38798925
256678	1786	-0.18926808	0.43969473
256678	1787	-0.076931536	0.44381365
256678	1788	0.0021776557	0.3889741
256678	1789	0.40347815	0.28091052
256678	1790	0.26742625	0.6302316
256678	1791	0.24202079	0.52831125
256678	1792	0.24775326	0.49982652
256678	1793	0.74962044	0.42413482
256678	1794	2.8947887	0.6129935
256678	1795	3.5325012	0.77161527
256678	1796	3.3785396	0.9837457
256678	1797	3.6881132	1.0184264
256678	1798	3.7014008	1.4784155
256678	1799	3.745718	1.4007397
256678	1800	4.0945616	1.1935997
256678	1801	4.020649	1.357429
256678	1802	3.3271484	1.8522518
256678	1803	2.4232912	3.1433034
256678	1804	2.8123446	1.4843783
256678	1805	2.2401967	0.8821559
256678	1806	1.7054111	0.8524082
256678	1807	3.9303966	1.2327391
256678	1808	3.7409582	2.2366886
256678	1809	3.9641051	2.1920042
256678	1810	4.2105613	2.155694
256678	1811	4.320795	2.1097472
256678	1812	4.3635755	2.0100775
256678	1813	4.4403915	2.1756084
256678	1814	5.7842155	-0.44412664
256678	1815	5.826988	-0.6538447
256678	1816	5.816367	-1.0818045
256678	1817	5.662101	-0.90672725
256678	1818	5.9687943	-1.7805268
256678	1819	6.4094143	-2.3591473
256678	1820	5.5634003	-1.6210837
256678	1821	5.568675	-1.5511256
256678	1822	5.5556865	-1.5134895
256678	1823	1.783151	-1.6498721
256678	1824	1.2877599	-1.8810555
256678	1825	-0.34704858	-2.516991
256678	1826	-0.97452325	-1.6082002
256678	1827	-1.0636324	-1.1561549
256678	1828	-0.88831353	-0.74697244
256678	1829	-0.57522047	-0.93649656
256678	1830	-0.38138086	-0.72816616
256678	1831	-0.35145557	-0.47512352
256678	1832	-0.23619646	-0.28812176
256678	1833	-0.4088549	-0.05773875
256678	1834	-0.4767809	0.19897154
256678	1835	-0.34002215	-0.0521169
256678	1836	0.35018933	-0.16660452
256678	1837	-0.13613403	0.20798305
256678	1838	-0.15142182	-0.21725866
256678	1839	2.926621	-0.047931433
256678	1840	3.6320586	0.6220268
256678	1841	4.0619354	-0.12377185
256678	1842	4.785933	-0.7883586
256678	1843	4.787575	-0.84239197
256678	1844	5.189648	-1.3331676
256678	1845	5.1941915	-1.5125275
256678	1846	5.301346	-1.5725453
256678	1847	5.6208634	-2.2092469
256678	1848	0.20314825	-1.1653398
256678	1849	-0.46477732	-0.49570975
256678	1850	-0.5038797	-0.51063836
256678	1851	-0.39099964	-0.29343113
256678	1852	-0.2765411	-0.010013789
256678	1853	0.124233246	-0.54571927
256678	1854	0.41508698	-0.71833754
256678	1855	0.36600375	-0.6085894
256678	1856	0.35976887	-0.025136918
256678	1857	0.19455922	0.20673737
256678	1858	0.22400951	0.44466582
256678	1859	0.16480726	0.6170919
256678	1860	0.44485015	0.22639325
256678	1861	0.512493	0.12703231
256678	1862	0.77701247	0.33556333
256678	1863	0.55560446	0.3420311
256678	1864	0.9028375	0.7980571
256678	1865	0.6919384	0.7451813
256678	1866	1.2978364	0.51375043
256678	1867	1.3404583	0.55159855
256678	1868	1.5975989	0.103012055
256678	1869	1.9653019	0.583977
256678	1870	1.8599492	1.2343321
256678	1871	3.6014862	1.6298416
256678	1872	3.117288	0.54794
256678	1873	1.1464183	1.3390049
256678	1874	1.4101173	1.2098348
256678	1875	1.5946401	1.859422
256678	1876	1.6182858	1.6561315
256678	1877	3.3941479	1.9608228
256678	1878	3.0387678	2.2077918
256678	1879	3.1071992	2.482285
256678	1880	3.4306736	2.3350697
256678	1881	3.3983817	2.2657144
256678	1882	3.2208414	2.57597
256678	1883	3.533996	2.4848328
256678	1884	3.3356571	2.7959776
256678	1885	3.458034	2.590289
256678	1886	3.8788776	2.2052462
256678	1887	3.8770742	2.2535195
256678	1888	3.8214293	2.2482355
256678	1889	3.8945336	2.1854253
256678	1890	3.9332967	2.1302218
256678	1891	3.8133545	2.1946235
256678	1892	3.5336075	2.476201
256678	1893	3.1277676	2.6320398
256678	1894	3.7287335	2.2682712
256678	1895	3.756731	2.2732558
256678	1896	3.9060836	2.220341
256678	1897	3.687119	2.4619067
256678	1898	4.077563	1.9228089
256678	1899	3.8926382	2.1302564
256678	1900	3.8076997	2.217453
256678	1901	3.8157253	2.2004879
256678	1902	3.845107	2.1806588
256678	1903	3.9591818	2.1164596
256678	1904	3.656817	2.3762338
256678	1905	3.8925242	2.243502
256678	1906	3.8276072	2.3278446
256678	1907	3.9864392	2.1292129
256678	1908	2.9404879	3.523381
256678	1909	2.7770371	3.6348364
256678	1910	2.7526155	3.6659005
256678	1911	2.7710052	3.6395109
256678	1912	0.061137497	3.725765
256678	1913	0.6211965	3.9626377
256678	1914	0.93924916	2.4266124
256678	1915	0.96954095	2.393396
256678	1916	1.9107682	1.3723114
256678	1917	3.312982	2.4203703
256678	1918	2.0330963	3.6005423
256678	1919	1.6443418	3.861355
256678	1920	1.4872496	2.0863822
256678	1921	1.8256134	1.626838
256678	1922	1.9581553	1.3981668
256678	1923	2.1758833	2.5261633
256678	1924	3.0890813	1.1454604
256678	1925	3.405003	0.8740479
256678	1926	2.426289	0.46378317
256678	1927	3.4370918	-0.67774904
256678	1928	0.79740167	0.054089755
256678	1929	1.162045	0.620612
256678	1930	1.082905	0.14850101
256678	1931	1.2264458	0.20891443
256678	1932	1.3059131	0.13931182
256678	1933	1.2591996	0.21737358
256678	1934	3.8353791	0.29939714
256678	1935	3.5353575	2.0260537
256678	1936	3.7253323	2.2326958
256678	1937	3.359746	2.5962894
256678	1938	-0.0628103	3.1769683
256678	1939	0.1782682	3.274431
256678	1940	0.3103441	2.285609
256678	1941	0.47480202	0.83490527
256678	1942	0.96781385	0.9449425
256678	1943	0.91202736	0.9043504
256678	1944	0.86475706	1.0430592
256678	1945	1.1153989	0.7111615
256678	1946	1.0653969	0.7422905
256678	1947	1.242893	1.5653014
256678	1948	1.3352745	1.1922301
256678	1949	1.4448162	0.9423262
256678	1950	1.4320574	0.9158981
256678	1951	1.4967676	0.92478967
256678	1952	1.6050063	0.86124015
256678	1953	1.5482908	1.7596557
256678	1954	1.4347222	2.8107145
256678	1955	1.9236833	2.1538875
256678	1956	0.9777665	1.8463748
256678	1957	0.70564103	2.5587246
256678	1958	0.36550397	2.6150236
256678	1959	0.54089034	1.0832801
256678	1960	1.3308885	0.96035147
256678	1961	1.0918055	1.165382
256678	1962	1.0829027	1.5252966
256678	1963	1.1026071	1.7307575
256678	1964	2.0263176	1.6077461
256678	1965	2.0771742	1.3890837
256678	1966	2.2699218	2.398931
256678	1967	3.8377547	2.3471515
256678	1968	3.3045511	1.1040503
256678	1969	2.786189	0.48043218
256678	1970	2.6545048	0.82764566
256678	1971	2.5725927	2.0467649
256678	1972	2.8515692	1.4121281
256678	1973	3.0131817	2.296891
256678	1974	2.1714554	1.73423
256678	1975	1.665357	1.485939
256678	1976	1.191527	1.370036
256678	1977	3.4265537	1.5119992
256678	1978	2.9421902	0.84065545
256678	1979	2.6539812	0.641387
256678	1980	0.8745012	0.77663386
256678	1981	1.2123402	0.72404253
256678	1982	0.77216303	0.6187452
256678	1983	1.1353596	0.8449211
256678	1984	1.2352351	1.3083942
256678	1985	1.1844132	1.9416809
256678	1986	3.0574331	2.3060932
256678	1987	2.0786543	0.22224632
256678	1988	1.8865196	0.6998519
256678	1989	1.6676811	1.0234221
256678	1990	1.7164797	2.6087558
256678	1991	1.9578856	2.2756236
256678	1992	2.6258526	1.2306674
256678	1993	1.8416921	0.51266396
256678	1994	1.259414	0.30061725
256678	1995	1.4002038	0.47957894
256678	1996	1.6176032	0.73100233
256678	1997	1.573387	0.7445967
256678	1998	2.0414371	0.21747074
256678	1999	2.1337204	0.22825673
256678	2000	2.1311007	0.88198805
256678	2001	2.4739265	0.17432085
256678	2002	2.8661165	-0.14474174
256678	2003	2.7623782	0.80803955
256678	2004	2.9672923	0.50424063
256678	2005	3.923851	1.7627609
256678	2006	4.163575	0.81685805
256678	2007	4.3875813	0.3646858
256678	2008	5.0316257	-0.39131805
256678	2009	4.911148	-0.5560314
256678	2010	4.977647	-0.6703324
256678	2011	5.0138965	-0.70370287
256678	2012	5.1034894	-0.83771
256678	2013	5.110723	-0.82885265
256678	2014	5.320396	-1.0389194
256678	2015	4.9788833	-0.45329383
256678	2016	4.765009	-0.38080186
256678	2017	4.3174334	0.112927824
256678	2018	4.3441014	0.14277884
256678	2019	4.568462	-0.23698625
256678	2020	4.3323298	0.116185814
256678	2021	4.715258	0.029071212
256678	2022	4.6546354	-0.0132293105
256678	2023	4.6055884	0.15845522
256678	2024	4.3773403	0.32581088
256678	2025	4.532083	0.25854513
256678	2026	4.698229	-0.10284501
256678	2027	4.5366826	0.13645473
256678	2028	4.09755	0.5337815
256678	2029	2.9858112	2.206079
256678	2030	2.833753	2.8134356
256678	2031	3.139606	2.970712
256678	2032	2.955543	3.2977824
256678	2033	3.0402384	3.3450968
256678	2034	3.320074	3.1680505
256678	2035	3.083922	3.369336
256678	2036	2.1636047	3.941419
256678	2037	1.5185889	4.516298
256678	2038	0.68942857	3.94968
256678	2039	0.6740539	3.9000971
256678	2040	0.5661744	4.140763
256678	2041	1.8146192	2.559426
256678	2042	0.73531437	2.8000221
256678	2043	0.19144928	2.9754775
256678	2044	-0.26397523	2.8572972
256678	2045	0.1334672	3.2471154
256678	2046	0.25657648	2.7810748
256678	2047	0.2772913	2.6800458
256678	2048	2.2097883	3.067569
256678	2049	1.9174334	3.7825859
256678	2050	2.2440343	3.5887291
256678	2051	2.4154825	3.5011296
256678	2052	2.385047	3.4562628
256678	2053	1.0076569	4.5367265
256678	2054	-0.1657716	5.258486
256678	2055	0.05871457	5.255251
256678	2056	0.23216319	5.0617986
256678	2057	0.7649138	4.9022756
256678	2058	1.3008677	4.5750546
256678	2059	0.5324998	3.701824
256678	2060	-0.26321602	3.996165
256678	2061	1.5033857	3.7832406
256678	2062	1.9347254	3.3493984
256678	2063	0.7329136	4.5001216
256678	2064	1.0239903	4.473646
256678	2065	1.0662023	4.448979
256678	2066	1.3514837	4.120343
256678	2067	1.4021488	4.182948
256678	2068	1.4892148	4.187954
256678	2069	0.3370933	5.0943346
256678	2070	-0.1228399	4.8000445
256678	2071	0.25397497	4.37923
256678	2072	0.17233628	4.5404024
256678	2073	0.22366625	4.410916
256678	2074	-0.43564147	4.17974
256678	2075	0.22876066	3.8298604
256678	2076	0.36465937	3.8329337
256678	2077	0.15463316	4.0984483
256678	2078	-0.042217433	4.383441
256678	2079	0.27140933	4.329032
256678	2080	0.18444967	3.6415408
256678	2081	0.33019906	3.8112528
256678	2082	0.6703348	3.9309924
256678	2083	0.89695776	3.7268207
256678	2084	1.3478326	3.8681939
256678	2085	1.6042551	3.589287
256678	2086	2.2012897	3.717776
256678	2087	2.0902348	3.5758083
256678	2088	2.1035295	3.7612731
256678	2089	1.7662421	4.2127934
256678	2090	2.107356	4.0436683
256678	2091	1.4279712	4.563608
256678	2092	2.1757803	4.0803237
256678	2093	2.4510303	3.882241
256678	2094	2.6377978	3.812957
256678	2095	3.0498195	3.5202837
256678	2096	2.6090622	3.9081047
256678	2097	4.505105	2.4853272
256678	2098	4.940548	2.3058696
256678	2099	4.585957	2.4509945
256678	2100	4.2847395	2.651568
256678	2101	4.2728653	2.7186778
256678	2102	5.589432	1.065237
256678	2103	5.90565	0.63134825
256678	2104	5.9548597	0.28457716
256678	2105	5.899315	0.035743237
256678	2106	6.580803	-0.7885182
256678	2107	6.2802625	-0.84884787
256678	2108	5.992344	-0.7894144
256678	2109	5.8719106	-0.7404375
256678	2110	5.8130527	-0.74781764
256678	2111	5.304599	-0.15458488
256678	2112	5.3098	-0.17649359
256678	2113	5.3156786	-0.10366297
256678	2114	5.2953258	-0.04130122
256678	2115	5.5760393	-0.43205702
256678	2116	5.7274227	-0.5539857
256678	2117	5.656139	-0.6676667
256678	2118	5.4600134	-0.3536381
256678	2119	5.245974	-0.07785073
256678	2120	5.3727617	-0.390451
256678	2121	5.495248	-0.417845
256678	2122	5.443254	-0.3816325
256678	2123	4.970608	0.18441728
256678	2124	4.6753306	0.6029149
256678	2125	5.5147805	-0.51899076
256678	2126	5.664152	-0.6983244
256678	2127	5.383022	-0.11820951
256678	2128	4.872641	0.58100307
256678	2129	5.0878334	0.27613893
256678	2130	5.3717403	0.15956494
256678	2131	5.3076625	0.30314955
256678	2132	5.25693	0.3352318
256678	2133	5.5347567	0.03802839
256678	2134	5.2450156	0.46644732
256678	2135	5.2246165	0.42175475
256678	2136	5.225569	0.39716664
256678	2137	4.6886683	0.9574555
256678	2138	4.1004868	1.743396
256678	2139	4.2277036	1.9097502
256678	2140	4.255728	1.9758911
256678	2141	3.8568192	2.8632834
256678	2142	3.8741345	2.8710675
256678	2143	4.082946	2.7093263
256678	2144	3.9514499	2.7581758
256678	2145	3.6183162	3.372548
256678	2146	3.2163467	3.699855
256678	2147	1.8592306	4.114407
256678	2148	3.3669882	3.441727
256678	2149	3.1873536	3.601763
256678	2150	4.155864	2.8469393
256678	2151	3.5424986	3.4743035
256678	2152	3.2059546	3.8301837
256678	2153	3.4142041	3.6837046
256678	2154	3.8852248	3.1930969
256678	2155	2.7881217	4.224299
256678	2156	2.6706429	4.3249464
256678	2157	2.63233	4.3666596
256678	2158	2.6023211	4.525993
256678	2159	2.8771977	4.349716
256678	2160	3.1317787	4.118155
256678	2161	3.6308923	3.8063343
256678	2162	3.2719798	4.1501217
256678	2163	3.5237188	3.8870318
256678	2164	3.9856434	3.4033132
256678	2165	3.3018365	4.0008736
256678	2166	3.7011456	3.8337014
256678	2167	3.4789076	3.9180543
256678	2168	3.7620807	3.6258123
256678	2169	3.257896	4.023138
256678	2170	3.9371438	3.5783908
256678	2171	3.8256884	3.7141683
256678	2172	3.8121653	3.7208722
256678	2173	4.1942053	3.2387867
256678	2174	5.003438	2.3975956
256678	2175	4.2067747	2.8869119
256678	2176	4.53344	2.8982913
256678	2177	4.424229	2.8223727
256678	2178	4.4583087	3.055132
256678	2179	4.2422733	2.9744732
256678	2180	4.3141017	3.1804247
256678	2181	4.0484967	3.2552147
256678	2182	3.7167573	3.4149265
256678	2183	4.162363	3.2134266
256678	2184	4.3842144	2.7796807
256678	2185	4.832868	1.9864736
256678	2186	4.5646925	2.5047677
256678	2187	4.0503154	2.8752992
256678	2188	3.9248571	3.4636638
256678	2189	3.9004831	3.3934696
256678	2190	4.1142006	3.22795
256678	2191	3.8540144	3.5316093
256678	2192	3.6322813	3.703509
256678	2193	3.831221	3.7182238
256678	2194	3.920896	3.6020572
256678	2195	2.5803332	3.75822
256678	2196	2.7403502	3.4440944
256678	2197	3.6138196	2.8554955
256678	2198	4.306009	1.9300685
256678	2199	4.4232035	2.6090689
256678	2200	3.6284404	3.533194
256678	2201	4.311944	3.026157
256678	2202	4.6234655	2.8171122
256678	2203	4.796701	2.883378
256678	2204	4.8244724	2.877447
256678	2205	4.6193967	3.0698411
256678	2206	4.793504	2.7976575
256678	2207	4.6743555	3.2617087
256678	2208	4.6298227	3.153291
256678	2209	4.642759	3.255399
256678	2210	5.4872975	1.8775477
256678	2211	5.0872555	2.4321156
256678	2212	5.247501	2.0152307
256678	2213	5.508678	1.3793442
256678	2214	5.7497587	1.0296491
256678	2215	5.853764	0.6367216
256678	2216	5.955257	0.39398113
256678	2217	5.28673	0.95014215
256678	2218	5.527315	0.5227525
256678	2219	5.6355753	0.21414629
256678	2220	5.3142366	0.76720285
256678	2221	2.561798	-1.1486069
256678	2222	2.7621179	-1.7414408
256678	2223	1.4040902	-2.4088762
256678	2224	0.14440244	-0.91119003
256678	2225	0.7497051	-1.0597948
256678	2226	0.5676533	-0.80831826
256678	2227	0.58815837	-0.77675474
256678	2228	0.37642986	-0.33406967
256678	2229	0.5584215	-0.18696773
256678	2230	0.38290673	-0.17372888
256678	2231	0.37392175	-0.17233956
256678	2232	0.26653272	0.29756913
256678	2233	0.4620027	0.29015198
256678	2234	0.30064005	0.80492115
256678	2235	0.32266724	0.9875257
256678	2236	0.3231315	1.4488755
256678	2237	0.56245565	1.1050582
256678	2238	2.221663	-0.4047756
256678	2239	2.2565026	-0.4093127
256678	2240	1.9140986	-0.10554594
256678	2241	4.4294915	0.14344063
256678	2242	4.1077075	-0.03330767
256678	2243	3.8543186	0.43451133
256678	2244	2.9365277	0.3613265
256678	2245	3.0963044	0.77987254
256678	2246	3.281559	0.54738915
256678	2247	3.4818006	0.32090375
256678	2248	3.7744384	-0.018081665
256678	2249	4.410519	1.1442927
256678	2250	3.678678	1.5962033
256678	2251	3.4665594	1.881953
256678	2252	3.6864648	2.0887682
256678	2253	4.80163	0.6517576
256678	2254	5.278334	0.30342814
256678	2255	5.2736626	0.15127036
256678	2256	5.279466	0.19525811
256678	2257	5.12642	0.13706794
256678	2258	5.235586	0.060133666
256678	2259	5.246285	0.0737237
256678	2260	5.174436	0.13490185
256678	2261	5.0989594	0.17047277
256678	2262	4.801323	0.4039015
256678	2263	4.8235188	0.41697267
256678	2264	5.539504	-0.5175758
256678	2265	5.7582393	-0.8410417
256678	2266	5.887243	-1.109712
256678	2267	5.680998	-1.0612637
256678	2268	5.6624556	-1.1327498
256678	2269	5.517669	-0.9299121
256678	2270	5.601776	-1.1775895
256678	2271	5.8537374	-1.4939367
256678	2272	5.676545	-1.199473
256678	2273	6.082718	-1.567055
256678	2274	5.88997	-1.403984
256678	2275	6.152875	-1.6279554
256678	2276	6.299982	-1.8281176
256678	2277	3.8398452	-1.8098193
256678	2278	4.5686884	-1.9646454
256678	2279	4.532511	-1.9110554
256678	2280	5.33705	-1.9409375
256678	2281	5.3335075	-1.3573637
256678	2282	1.3662064	-0.35243225
256678	2283	2.2062812	-0.46176663
256678	2284	2.8779001	-0.19024742
256678	2285	3.0380359	-0.33831656
256678	2286	3.171682	-0.54177034
256678	2287	3.5859137	-0.30159998
256678	2288	3.7782912	-0.44022155
256678	2289	3.8836308	-0.5676377
256678	2290	4.266397	-0.1896781
256678	2291	4.510044	-0.4461569
256678	2292	3.122798	-0.41639403
256678	2293	2.253343	-0.24470754
256678	2294	2.832818	0.2436141
256678	2295	2.7051544	0.00095051527
256678	2296	3.4828548	0.22030756
256678	2297	4.552745	1.0283346
256678	2298	4.2632866	-0.32303363
256678	2299	4.1362977	0.13550255
256678	2300	2.2415428	-0.23134723
256678	2301	3.1415467	0.27200457
256678	2302	3.0178652	0.16451952
256678	2303	4.4199333	0.94841945
256678	2304	3.9082627	1.0975647
256678	2305	3.8919353	1.2807649
256678	2306	3.9784918	1.4522436
256678	2307	4.144826	1.3373033
256678	2308	3.929132	1.6953142
256678	2309	4.10245	1.7212179
256678	2310	4.2913394	1.5973177
256678	2311	4.159345	2.0073953
256678	2312	4.287337	1.879694
256678	2313	4.4510927	1.6752038
256678	2314	4.462309	1.6545475
256678	2315	4.876553	0.96706116
256678	2316	4.538207	1.1496407
256678	2317	4.6448154	0.91203046
256678	2318	4.644932	0.88986206
256678	2319	4.519592	0.7922149
256678	2320	4.311853	0.85907733
256678	2321	4.348215	1.1166625
256678	2322	4.254965	1.0886018
256678	2323	3.9498162	1.261239
256678	2324	3.7706146	1.5562782
256678	2325	3.596949	1.7550926
256678	2326	3.8155074	1.8501797
256678	2327	3.7469687	1.927877
256678	2328	3.337438	3.0202634
256678	2329	4.121832	1.3011141
256678	2330	5.162761	-0.030830503
256678	2331	5.480603	-0.4004194
256678	2332	5.4571614	-0.4080182
256678	2333	5.2948847	-0.3746178
256678	2334	5.268726	-0.21388277
256678	2335	5.22438	-0.28089872
256678	2336	5.2236943	-0.29935014
256678	2337	4.9622846	0.16975865
256678	2338	4.7967367	0.29639104
256678	2339	4.793482	0.28740463
256678	2340	4.4294953	0.8285278
256678	2341	4.2891726	0.91927683
256678	2342	3.6371107	2.2557373
256678	2343	4.018074	1.4952518
256678	2344	5.1650157	0.4564298
256678	2345	5.2166815	0.42674485
256678	2346	4.472299	1.209704
256678	2347	4.3448663	1.2872527
256678	2348	4.1866007	1.8447597
256678	2349	4.515192	1.326028
256678	2350	4.5680375	1.2060989
256678	2351	4.349638	1.7302608
256678	2352	3.5710692	2.9017346
256678	2353	2.9691281	3.90811
256678	2354	2.3934531	4.1470985
256678	2355	2.4758859	4.182474
256678	2356	2.48277	4.1315765
256678	2357	2.4247656	4.1496153
256678	2358	2.5908957	4.0231843
256678	2359	2.3028655	4.2124486
256678	2360	2.5582476	4.1337414
256678	2361	2.6014457	4.03898
256678	2362	2.646821	4.0018516
256678	2363	2.619298	3.9591205
256678	2364	1.4135574	4.9550424
256678	2365	1.9259673	4.7229586
256678	2366	2.2576966	4.609667
256678	2367	2.1186347	4.7494707
256678	2368	0.57144034	4.8971744
256678	2369	1.1602699	5.0734363
256678	2370	1.3654199	4.9932065
256678	2371	2.2751527	4.6545863
256678	2372	2.5129008	4.5761113
256678	2373	2.914721	4.4214683
256678	2374	2.8530016	4.40926
256678	2375	2.507741	4.872208
256678	2376	1.493636	4.9017367
256678	2377	2.2901492	4.819798
256678	2378	2.3633666	4.7348557
256678	2379	2.4157324	4.813573
256678	2380	2.8859062	4.5706
256678	2381	3.194068	4.3069434
256678	2382	3.406239	4.1843343
256678	2383	3.0165825	4.567515
256678	2384	2.6269956	4.816449
256678	2385	1.3751705	5.1911387
256678	2386	1.7288843	4.93961
256678	2387	1.287635	5.2530565
256678	2388	1.3324922	5.205928
256678	2389	1.9885758	4.4477854
256678	2390	1.2055483	5.1919966
256678	2391	1.4563041	5.060039
256678	2392	0.65008295	5.6097035
256678	2393	1.022137	5.3998437
256678	2394	1.50499	4.692734
256678	2395	1.2500576	4.9216905
256678	2396	0.9115646	5.2152324
256678	2397	1.3350837	4.856124
256678	2398	1.3697633	4.7175865
256678	2399	1.0864327	5.1318398
256678	2400	1.8925952	4.670178
256678	2401	2.425025	4.4229684
256678	2402	2.1063066	4.700694
256678	2403	2.8162632	4.2883897
256678	2404	2.2577472	4.768602
256678	2405	2.4140902	4.6284375
256678	2406	3.1868062	4.026759
256678	2407	3.0166516	4.141141
256678	2408	2.881147	4.2028656
256678	2409	2.5236955	4.507066
256678	2410	2.2657905	4.674108
256678	2411	2.467255	4.5051594
256678	2412	2.4087195	4.4456882
256678	2413	2.6002007	4.0661244
256678	2414	2.646185	4.277586
256678	2415	2.8542142	4.239945
256678	2416	3.2452965	4.184851
256678	2417	4.009386	3.2713141
256678	2418	4.5797224	2.7062714
256678	2419	5.734854	1.052665
256678	2420	6.2074766	0.5737307
256678	2421	5.546013	1.099344
256678	2422	5.083833	1.5035489
256678	2423	4.0723114	2.8429892
256678	2424	3.8729353	3.5077634
256678	2425	1.2796165	4.2049637
256678	2426	2.229906	4.3938556
256678	2427	1.6639444	3.6007502
256678	2428	2.0628343	3.052666
256678	2429	2.4130754	1.4831815
256678	2430	2.931394	1.0966511
256678	2431	2.9475813	1.248599
256678	2432	2.846303	1.1964675
256678	2433	2.8858466	1.241819
256678	2434	2.8288417	1.1953851
256678	2435	3.0820656	0.952747
256678	2436	4.4596434	1.7583961
256678	2437	4.217765	1.9372091
256678	2438	4.090048	2.028867
256678	2439	3.807457	1.1076014
256678	2440	4.1349025	0.7841096
256678	2441	4.319881	0.83570266
256678	2442	3.6805615	1.4430828
256678	2443	4.0090613	1.4308273
256678	2444	1.8742267	0.8282367
256678	2445	1.0814817	0.95297515
256678	2446	1.1426344	1.0158658
256678	2447	0.9372783	0.9636444
256678	2448	1.1135305	0.83096206
256678	2449	1.5523394	1.2345341
256678	2450	1.7338136	1.7489305
256678	2451	3.9371881	1.6911001
256678	2452	3.5083313	0.06655136
256678	2453	3.4397864	0.30568245
256678	2454	3.6700993	0.4376811
256678	2455	3.3659997	0.77414083
256678	2456	1.9892229	0.39979604
256678	2457	1.1751415	0.60090077
256678	2458	1.2039455	0.6895379
256678	2459	1.2868092	0.5007981
256678	2460	1.767126	0.90596235
256678	2461	1.6159858	0.8809662
256678	2462	0.86511254	1.0041783
256678	2463	1.1821815	0.79767334
256678	2464	0.969273	0.87698936
256678	2465	1.0661517	0.7988918
256678	2466	1.6579605	0.94748473
256678	2467	1.4064028	0.27791324
256678	2468	1.4862654	1.6822636
256678	2469	1.8440336	-0.17324534
256678	2470	1.9962214	-0.12856549
256678	2471	4.0552983	0.022967368
256678	2472	4.1529603	0.3429564
256678	2473	3.835185	0.42509726
256678	2474	3.8150868	0.43057582
256678	2475	3.8578448	0.078380615
256678	2476	3.494316	0.6383132
256678	2477	0.62262356	1.0078324
256678	2478	1.2510071	1.3469387
256678	2479	0.38662547	1.4911987
256678	2480	0.6562921	1.3975443
256678	2481	0.48921138	1.4579672
256678	2482	0.807603	1.0372666
256678	2483	3.243918	0.686623
256678	2484	3.501401	1.5017039
256678	2485	2.8392391	1.7663677
256678	2486	0.72374773	1.628535
256678	2487	1.1684607	1.3634129
256678	2488	0.60718715	1.244841
256678	2489	0.84751415	1.0139925
256678	2490	1.072166	0.8138509
256678	2491	1.4931632	1.0854269
256678	2492	1.5920745	1.6143215
256678	2493	3.8066144	1.4377388
256678	2494	3.421969	0.009154499
256678	2495	3.538209	0.258041
256678	2496	2.9928756	0.94158757
256678	2497	4.506571	-0.34707344
256678	2498	4.611805	0.8122909
256678	2499	4.347639	1.409279
256678	2500	4.2581854	1.548207
256678	2501	3.9687996	1.9008768
256678	2502	4.323128	1.6926298
256678	2503	4.321787	1.810463
256678	2504	4.17983	2.1203685
256678	2505	3.7489338	2.9547448
256678	2506	2.532845	3.8694289
256678	2507	2.3755703	4.0795903
256678	2508	3.337551	3.4251974
256678	2509	3.545702	3.2017605
256678	2510	3.4774652	3.4185696
256678	2511	3.1595845	3.6393573
256678	2512	2.1308846	4.4751115
256678	2513	2.638638	4.2329016
256678	2514	2.1362042	4.599369
256678	2515	2.1919866	4.44135
256678	2516	1.7807764	4.650356
256678	2517	-0.23624438	4.9696593
256678	2518	0.5483918	4.3042445
256678	2519	0.737427	4.2426276
256678	2520	1.2136894	2.6903539
256678	2521	1.5629574	1.8888874
256678	2522	3.2116857	3.1206906
256678	2523	3.4553833	2.7749226
256678	2524	4.189636	2.294065
256678	2525	4.1796546	1.8445232
256678	2526	4.74746	1.111353
256678	2527	4.517215	1.096246
256678	2528	5.067455	0.35181502
256678	2529	4.8897595	0.55663764
256678	2530	4.560518	1.1135968
256678	2531	4.8963313	0.33844623
256678	2532	4.9890523	0.0099717975
256678	2533	5.38005	-0.48570004
256678	2534	4.921759	-0.027494133
256678	2535	5.144671	-0.41108522
256678	2536	5.390857	-0.7860831
256678	2537	2.5813107	-1.151146
256678	2538	3.0610423	-1.314296
256678	2539	3.3697214	-0.72568953
256678	2540	3.2023277	-0.5698538
256678	2541	3.5703316	-0.27818817
256678	2542	4.708727	0.26832607
256678	2543	4.897083	0.14065292
256678	2544	4.801646	0.042320937
256678	2545	5.398238	-0.6243222
256678	2546	5.2633758	-0.55530167
256678	2547	5.7550063	-0.93692935
256678	2548	5.8137407	-1.1783402
256678	2549	6.219316	-1.4989829
256678	2550	4.794795	-1.7640185
256678	2551	5.0809236	-1.7576913
256678	2552	5.363543	-1.4994584
256678	2553	1.8297073	-0.9156506
256678	2554	2.748674	-0.99974036
256678	2555	2.4524012	-0.7457209
256678	2556	2.3163285	-0.66126853
256678	2557	2.3081708	-0.65601325
256678	2558	3.2648873	-1.2643154
256678	2559	3.6520162	-0.97580886
256678	2560	3.7577891	-1.012822
256678	2561	3.5394816	-0.9680047
256678	2562	3.3786345	-1.0006932
256678	2563	3.7196412	-0.5588913
256678	2564	3.7867932	-0.6200118
256678	2565	3.5068913	-0.5107823
256678	2566	3.7328806	0.15141645
256678	2567	3.8798537	-0.14841312
256678	2568	4.03889	-0.1909832
256678	2569	4.7173276	0.54497755
256678	2570	4.523479	0.46307728
256678	2571	4.513685	0.52120924
256678	2572	4.5189743	0.52218103
256678	2573	4.6312323	0.32686886
256678	2574	4.526075	0.23299977
256678	2575	4.565938	0.23803869
256678	2576	4.519813	0.09390584
256678	2577	4.780399	-0.018795162
256678	2578	4.2643623	0.16695234
256678	2579	4.3122993	0.30933163
256678	2580	4.486694	0.3456941
256678	2581	4.431021	0.50547266
256678	2582	3.7004714	1.6776259
256678	2583	3.6560144	1.8834405
256678	2584	3.9206696	1.6379781
256678	2585	3.9148836	2.0751803
256678	2586	4.2522626	1.5745034
256678	2587	4.350641	1.4820089
256678	2588	4.24846	1.7780037
256678	2589	4.2622585	1.7532859
256678	2590	4.3663254	1.5245001
256678	2591	4.3316216	1.5610328
256678	2592	4.1616735	1.912997
256678	2593	3.7034593	2.6559641
256678	2594	3.9186115	2.3613825
256678	2595	3.7943907	2.5774217
256678	2596	4.564952	1.4120744
256678	2597	4.830118	0.94205725
256678	2598	5.0139613	0.39674833
256678	2599	4.7576985	0.3881134
256678	2600	4.821402	0.40828684
256678	2601	4.6289773	0.6990614
256678	2602	4.789365	0.42518994
256678	2603	4.6429553	0.37201163
256678	2604	4.542689	0.66807663
256678	2605	4.935678	0.12336072
256678	2606	5.5342045	-0.59408915
256678	2607	5.682584	-0.71573895
256678	2608	5.853815	-0.84689426
256678	2609	5.3008475	-1.583697
256678	2610	4.974604	-0.7502919
256678	2611	4.89471	-0.59792614
256678	2612	4.963283	-0.676717
256678	2613	5.0322447	-0.7375967
256678	2614	5.3917203	-1.0795821
256678	2615	4.895431	0.03928837
256678	2616	5.026977	0.12790826
256678	2617	5.281407	-0.17949846
256678	2618	5.303456	-0.23176658
256678	2619	5.447117	-0.46578887
256678	2620	2.7915325	-0.7811773
256678	2621	2.2626443	0.052680165
256678	2622	2.1837564	0.24688396
256678	2623	2.2278848	0.19218335
256678	2624	2.2095408	0.23366609
256678	2625	2.164104	0.29206768
256678	2626	2.1145878	0.33435717
256678	2627	2.391635	0.8591255
256678	2628	2.2341547	0.8458282
256678	2629	2.1431375	0.8478507
256678	2630	2.1717596	0.8775735
256678	2631	2.171259	0.88001585
256678	2632	2.3939724	1.7688029
256678	2633	3.6249352	2.0441942
256678	2634	3.9096346	1.9311743
256678	2635	4.183515	1.8703861
256678	2636	3.9778018	2.1569602
256678	2637	3.9543352	1.9216027
256678	2638	3.74261	2.078998
256678	2639	3.8931541	2.1724348
256678	2640	3.9620047	2.010622
256678	2641	3.7720914	2.3438876
256678	2642	3.6948662	2.2588356
256678	2643	3.789527	2.380909
256678	2644	3.9060688	2.0985613
256678	2645	3.7236958	2.4247334
256678	2646	3.9917822	2.0193977
256678	2647	4.022494	1.9856575
256678	2648	3.9726648	1.9263544
256678	2649	3.9121265	2.0229056
256678	2650	3.9257345	2.1007535
256678	2651	3.963447	1.8712676
256678	2652	3.9998903	1.8914855
256678	2653	3.9236388	1.906486
256678	2654	3.9110575	1.8846791
256678	2655	3.895091	1.9492078
256678	2656	3.8167806	2.1206703
256678	2657	3.658751	2.3921373
256678	2658	4.083773	1.9440382
256678	2659	3.874444	2.2153292
256678	2660	3.6794071	2.3469653
256678	2661	3.9990382	1.9476511
256678	2662	3.6777506	2.495676
256678	2663	3.683765	2.350517
256678	2664	3.2627444	2.5679326
256678	2665	3.1385288	3.1802406
256678	2666	3.667642	2.3320546
256678	2667	3.3635483	2.7645195
256678	2668	3.8694592	2.3716714
256678	2669	3.7280898	2.4613426
256678	2670	3.380856	2.717887
256678	2671	3.6011553	2.5079975
256678	2672	3.6316042	2.3088982
256678	2673	2.276875	0.92918897
256678	2674	2.377521	0.9739822
256678	2675	2.7939892	1.7970266
256678	2676	2.7142663	1.8516703
256678	2677	2.7491994	1.8740435
256678	2678	3.133655	2.870428
256678	2679	3.2844772	2.740277
256678	2680	3.0530658	2.7901783
256678	2681	3.6696572	2.4988997
256678	2682	3.003724	2.988678
256678	2683	2.975532	3.5023873
256678	2684	2.99332	3.506203
256678	2685	2.6567335	3.8032515
256678	2686	2.93994	3.5796268
256678	2687	3.0148354	3.578151
256678	2688	2.782041	3.5200403
256678	2689	3.0139856	3.586436
256678	2690	3.1098385	3.4992273
256678	2691	2.8717895	3.402225
256678	2692	2.7127824	3.800977
256678	2693	2.9077535	3.657694
256678	2694	1.933983	4.2546134
256678	2695	1.7040983	4.3589616
256678	2696	1.9060847	3.8349607
256678	2697	1.608219	4.4221997
256678	2698	1.5146784	4.380442
256678	2699	1.765616	4.259082
256678	2700	2.2928753	3.8868191
256678	2701	2.7807145	2.9903088
256678	2702	3.64362	2.556332
256678	2703	3.6927304	2.4566197
256678	2704	4.14892	1.8179085
256678	2705	4.956905	1.1447607
256678	2706	5.140905	1.2319944
256678	2707	5.277103	0.90769243
256678	2708	5.3909335	0.8113309
256678	2709	5.3830805	0.8487214
256678	2710	5.2232213	0.9636141
256678	2711	5.106622	1.0651639
256678	2712	5.073862	0.9275129
256678	2713	5.080352	1.0067799
256678	2714	5.2530727	0.91011155
256678	2715	4.5455728	1.6982296
256678	2716	4.485584	1.8791804
256678	2717	4.5903153	1.6842048
256678	2718	4.5108137	1.9274726
256678	2719	4.431912	1.7980118
256678	2720	4.609105	1.8192942
256678	2721	4.630365	1.7201276
256678	2722	4.538561	1.8760583
256678	2723	4.938255	1.4173483
256678	2724	4.9317493	1.482461
256678	2725	5.207481	1.0878055
256678	2726	5.4787374	0.9918817
256678	2727	5.379182	1.2477611
256678	2728	5.371934	1.2337041
256678	2729	5.398359	0.9288511
256678	2730	5.4061384	0.66455805
256678	2731	5.607606	0.6427249
256678	2732	5.4130497	-0.8714427
256678	2733	5.3880086	-0.3025695
256678	2734	5.1213636	-0.11556682
256678	2735	5.2585607	-0.07573086
256678	2736	5.1551404	-0.07210463
256678	2737	5.1096625	-0.054698795
256678	2738	5.2350163	0.50357354
256678	2739	5.552448	0.3816751
256678	2740	5.2623487	0.66842544
256678	2741	5.405215	0.75392663
256678	2742	5.3670583	0.4980429
256678	2743	5.5485125	1.1667237
256678	2744	5.234427	1.4648813
256678	2745	5.1368194	1.6819072
256678	2746	5.123301	1.6730597
256678	2747	5.2451444	1.6539216
256678	2748	5.2298827	1.7465565
256678	2749	5.1095457	1.8544333
256678	2750	5.354818	1.6042275
256678	2751	5.6432595	1.3700306
256678	2752	5.576996	1.4167022
256678	2753	4.894061	2.2999303
256678	2754	4.93319	2.25109
256678	2755	5.040396	2.2327356
256678	2756	4.953159	2.2895212
256678	2757	4.7990913	2.4489815
256678	2758	5.2002974	1.7660279
256678	2759	5.368744	1.6780167
256678	2760	5.267742	1.6633863
256678	2761	5.169309	0.43542424
256678	2762	5.316617	0.8131211
256678	2763	5.1294265	0.88650966
256678	2764	5.1688933	1.6916363
256678	2765	4.9298406	2.1051273
256678	2766	5.1054187	2.019684
256678	2767	5.2988157	1.889792
256678	2768	4.9786863	2.1731894
256678	2769	5.0147543	2.0147004
256678	2770	5.214958	1.8313622
256678	2771	5.1727448	1.8330193
256678	2772	5.300874	1.7682533
256678	2773	5.1844015	1.8313308
256678	2774	5.1925745	1.9234002
256678	2775	5.3795457	1.6321919
256678	2776	5.1828213	1.8376689
256678	2777	5.244655	1.8025987
256678	2778	5.439737	1.3882216
256678	2779	5.2400584	1.6332657
256678	2780	5.191517	1.7796774
256678	2781	5.242391	1.5664594
256678	2782	5.247915	1.6497884
256678	2783	5.3850226	1.3942546
256678	2784	5.183844	1.5994642
256678	2785	5.377557	1.4513611
256678	2786	5.3235745	1.445351
256678	2787	5.447607	1.3582067
256678	2788	5.565031	1.3155407
256678	2789	5.574539	1.3873707
256678	2790	5.5998917	1.2610983
256678	2791	5.6388087	1.1389518
256678	2792	5.6238556	1.1736977
256678	2793	5.619053	1.114601
256678	2794	5.6151752	1.1310059
256678	2795	5.546717	1.2120304
256678	2796	5.5060725	1.3881056
256678	2797	5.4008408	1.4932351
256678	2798	5.5358095	1.3055826
256678	2799	5.487457	1.3997502
256678	2800	5.4418306	1.5771246
256678	2801	5.4115567	1.5566392
256678	2802	5.4256988	1.4500202
256678	2803	5.209613	0.40955713
256678	2804	5.179819	1.5711706
256678	2805	5.0175505	1.580802
256678	2806	4.926295	1.7762072
256678	2807	4.9591675	1.7034457
256678	2808	5.1472735	1.5699058
256678	2809	5.1525884	1.6290088
256678	2810	5.202093	1.5372082
256678	2811	5.5759325	1.0781597
256678	2812	5.2789063	1.4398752
256678	2813	5.3753233	1.5964928
256678	2814	5.524279	1.1099685
256678	2815	5.5554905	1.3029702
256678	2816	5.509508	1.1723003
256678	2817	5.547105	1.2524011
256678	2818	5.462755	1.1771142
256678	2819	5.403104	1.4927274
256678	2820	5.3738127	1.3143648
256678	2821	5.4741497	1.1945312
256678	2822	5.3797774	1.2629751
256678	2823	5.4319725	1.25303
256678	2824	5.3967032	1.0218201
256678	2825	5.3867526	1.261592
256678	2826	5.4664235	1.157448
256678	2827	5.500344	1.0368963
256678	2828	5.503899	0.97683704
256678	2829	5.5654516	0.93974984
256678	2830	5.4532046	1.0514772
256678	2831	5.504121	0.9468223
256678	2832	5.208903	1.5517521
256678	2833	5.1001835	1.723167
256678	2834	5.165271	1.6282744
256678	2835	5.2007895	1.6895885
256678	2836	5.2859807	1.4236724
256678	2837	5.230714	1.6008022
256678	2838	5.78312	0.9456965
256678	2839	5.895903	0.6492137
256678	2840	6.172908	0.81184816
256678	2841	5.9807386	0.7123486
256678	2842	5.926282	0.88465416
256678	2843	5.8850007	1.159007
256678	2844	5.902645	1.0756164
256678	2845	5.547916	1.5932946
256678	2846	5.612518	1.5221654
256678	2847	6.060988	1.2926674
256678	2848	5.956302	1.3502542
256678	2849	5.6375127	1.8568854
256678	2850	5.534061	1.9340475
256678	2851	5.7646956	1.7050848
256678	2852	5.9074206	1.5774128
256678	2853	5.762043	1.7979171
256678	2854	5.785689	1.7636914
256678	2855	5.61068	2.0231094
256678	2856	5.512915	2.0517218
256678	2857	5.562481	2.0175827
256678	2858	5.553487	2.012304
256678	2859	5.612685	1.9257977
256678	2860	5.6828847	1.6591077
256678	2861	5.624544	1.8199782
256678	2862	5.706154	1.7652259
256678	2863	5.6027145	2.0108116
256678	2864	5.620951	1.9538314
256678	2865	5.7026834	1.8932583
256678	2866	5.639757	1.9315145
256678	2867	5.689745	1.8678517
256678	2868	5.703488	1.9046328
256678	2869	5.799336	1.8359604
256678	2870	5.7393627	1.9051642
256678	2871	5.4131417	2.4156687
256678	2872	5.3836308	2.4918113
256678	2873	5.1604652	2.7625337
256678	2874	5.1481705	2.76972
256678	2875	5.0253005	2.8389907
256678	2876	4.9233027	3.0491505
256678	2877	4.8563914	3.1039538
256678	2878	4.904701	2.9984598
256678	2879	4.860999	3.0619726
256678	2880	4.877655	2.979688
256678	2881	5.149521	2.7799225
256678	2882	5.3274107	2.6275625
256678	2883	5.357589	2.6529353
256678	2884	5.285804	2.6944804
256678	2885	5.443927	2.5781295
256678	2886	6.0533066	1.7155542
256678	2887	6.1178083	1.625509
256678	2888	6.171416	1.6626947
256678	2889	6.243058	1.6622424
256678	2890	6.4243627	1.5396072
256678	2891	6.33785	1.6253443
256678	2892	6.286813	1.7427671
256678	2893	6.2894826	1.714817
256678	2894	6.7641144	1.1584573
256678	2895	6.740768	1.1181132
256678	2896	6.686152	1.3080919
256678	2897	6.7156363	1.196722
256678	2898	6.6774344	1.3107249
256678	2899	6.6099706	1.3516012
256678	2900	6.6036243	1.4093859
256678	2901	6.584914	1.4133953
256678	2902	6.5673766	1.4543883
256678	2903	6.5745053	1.4133338
256678	2904	6.514078	1.455777
256678	2905	6.5170646	1.4773399
256678	2906	6.4081087	1.5878916
256678	2907	6.437784	1.5599961
256678	2908	6.518613	1.49622
256678	2909	6.8052635	1.1127336
256678	2910	6.840001	1.0398113
256678	2911	6.6956224	1.3063998
256678	2912	6.592449	1.4203811
256678	2913	6.603268	1.4652946
256678	2914	6.9177136	1.0913082
256678	2915	7.000606	0.73516583
256678	2916	6.661899	1.274006
256678	2917	6.5392017	1.5286986
256678	2918	7.5982575	0.23682985
256678	2919	7.754866	-0.0012515783
256678	2920	8.023899	-0.037163705
256678	2921	8.078944	-0.22906026
256678	2922	8.154271	-0.22413434
256678	2923	8.118901	-0.23607084
256678	2924	7.806482	0.042239577
256678	2925	7.954906	-0.94754994
256678	2926	7.7166	-0.003166616
256678	2927	7.506247	0.16292879
256678	2928	7.547625	0.1635975
256678	2929	7.5476756	0.14071456
256678	2930	7.551802	0.0935891
256678	2931	7.539926	0.0974125
256678	2932	7.7004104	0.10104713
256678	2933	7.436862	0.6013725
256678	2934	7.631103	0.6201755
256678	2935	7.682301	0.41694954
256678	2936	7.720427	0.44792405
256678	2937	7.865519	0.1822485
256678	2938	7.8394923	-0.47182322
256678	2939	7.498422	0.3762968
256678	2940	7.390454	0.41083166
256678	2941	7.50919	0.36995283
256678	2942	7.4971757	0.30985823
256678	2943	7.4854383	0.32831165
256678	2944	7.5352864	0.25034496
256678	2945	7.555734	0.09136006
256678	2946	7.744639	0.0562329
256678	2947	7.7053075	-0.113765
256678	2948	7.659163	0.037314713
256678	2949	7.7231765	0.058039576
256678	2950	7.8182406	0.078778595
256678	2951	7.625994	0.19593528
256678	2952	7.7262063	0.14569697
256678	2953	7.5172124	0.25357905
256678	2954	7.4648585	0.426793
256678	2955	7.6073327	0.28266785
256678	2956	7.387068	0.42438766
256678	2957	7.6349263	0.30811992
256678	2958	7.7078023	0.0050690174
256678	2959	7.6208596	0.23168543
256678	2960	7.6818366	0.23665401
256678	2961	7.744103	-0.07259348
256678	2962	7.6104445	0.21073285
256678	2963	7.675406	0.27820095
256678	2964	7.740072	-0.023227096
256678	2965	7.8466115	-0.6650512
256678	2966	7.6880593	-0.13654304
256678	2967	7.474453	-0.028454661
256678	2968	7.549524	-0.063916594
256678	2969	7.5328593	-0.10384035
256678	2970	7.530208	-0.14678138
256678	2971	7.5070167	-0.14443862
256678	2972	7.5144763	-0.17641309
256678	2973	7.5337462	-0.1982711
256678	2974	7.6074014	-0.34507388
256678	2975	7.4926305	0.07420632
256678	2976	7.512116	0.24835762
256678	2977	7.6397777	0.02503872
256678	2978	7.7090964	-0.2633029
256678	2979	7.4040956	0.20466158
256678	2980	7.3047023	0.53470767
256678	2981	7.443373	0.27555183
256678	2982	7.3606024	0.48143438
256678	2983	7.3058686	0.56598604
256678	2984	7.2500887	0.6508635
256678	2985	7.129475	0.8790128
256678	2986	7.109334	0.9231652
256678	2987	7.313675	0.70267093
256678	2988	7.379627	0.44284317
256678	2989	7.46383	0.34500763
256678	2990	7.4100323	0.4411669
256678	2991	7.4823785	0.36448458
256678	2992	7.37647	0.44178644
256678	2993	7.4308515	0.43998393
256678	2994	7.347085	0.457005
256678	2995	7.0573606	0.7802813
256678	2996	7.231991	0.6757623
256678	2997	7.090482	0.7583358
256678	2998	7.2219625	0.6951698
256678	2999	7.2537947	0.5759505
256678	3000	7.503677	0.14281437
256678	3001	7.377149	-0.8362613
256678	3002	7.1555805	0.0060260296
256678	3003	7.252537	-0.113849014
256678	3004	7.312482	-0.20269543
256678	3005	7.1662855	0.4833841
256678	3006	7.1004558	0.5047469
256678	3007	7.2162566	0.5169716
256678	3008	7.25346	0.45736638
256678	3009	7.297306	0.38227835
256678	3010	7.257795	0.42340216
256678	3011	7.4966865	0.41941187
256678	3012	7.3097672	0.783779
256678	3013	7.177629	1.099366
256678	3014	7.194459	1.0663769
256678	3015	7.1744018	1.1308662
256678	3016	7.165868	1.1194867
256678	3017	7.2030506	1.1454861
256678	3018	7.0457273	1.2589408
256678	3019	6.7424374	1.7157693
256678	3020	7.0872593	1.322334
256678	3021	7.1918736	1.1460185
256678	3022	7.007292	1.3063272
256678	3023	7.1191854	1.1061478
256678	3024	7.1157074	1.1841924
256678	3025	6.8935957	1.4187438
256678	3026	7.1224213	1.35507
256678	3027	7.0906243	1.2552893
256678	3028	7.0601373	1.3796653
256678	3029	6.910342	1.5297343
256678	3030	6.575837	1.7412705
256678	3031	6.3920603	1.9132035
256678	3032	6.303941	1.9841144
256678	3033	6.280116	1.9780927
256678	3034	6.2251673	2.047913
256678	3035	6.2289357	2.0100117
256678	3036	6.208671	2.0395377
256678	3037	6.3924756	1.8899412
256678	3038	6.4619493	1.7801304
256678	3039	6.68172	1.6780019
256678	3040	6.585358	1.7501705
256678	3041	6.8018017	1.6222868
256678	3042	7.047784	1.2609241
256678	3043	7.140339	1.1100751
256678	3044	6.9698496	1.1117611
256678	3045	6.6870284	1.4800822
256678	3046	6.886708	1.4239084
256678	3047	6.6359706	1.5647478
256678	3048	6.2874403	2.080439
256678	3049	6.150165	2.2199929
256678	3050	6.265436	2.2728777
256678	3051	6.249851	2.240331
256678	3052	6.2095437	2.2455282
256678	3053	6.124501	2.3066742
256678	3054	5.9786277	2.4891157
256678	3055	6.0840425	2.4570796
256678	3056	6.106765	2.2672713
256678	3057	6.1998434	2.299685
256678	3058	6.113445	2.3343947
256678	3059	6.165252	2.318149
256678	3060	5.9420915	2.6096294
256678	3061	5.8330956	2.7753346
256678	3062	5.87693	2.716993
256678	3063	5.7902794	2.7900448
256678	3064	5.730387	2.8531086
256678	3065	5.5749683	2.93097
256678	3066	5.523418	3.0295527
256678	3067	5.340172	3.205462
256678	3068	5.164574	3.3488066
256678	3069	5.371785	3.2393386
256678	3070	5.4188457	3.076365
256678	3071	5.5575814	3.0665293
256678	3072	5.6386166	2.9159029
256678	3073	5.5896535	2.9128153
256678	3074	5.563711	2.9434342
256678	3075	5.649446	2.9392023
256678	3076	6.289821	1.8995056
256678	3077	6.126104	2.1807466
256678	3078	6.30224	1.9958606
256678	3079	6.200029	2.0887456
256678	3080	6.5452003	1.8287706
256678	3081	6.35349	2.1855357
256678	3082	6.4159985	2.2139795
256678	3083	6.165967	2.4234362
256678	3084	6.1480293	2.4754186
256678	3085	6.4364495	2.2587955
256678	3086	6.1767144	2.4215927
256678	3087	6.091762	2.4844902
256678	3088	6.130063	2.526422
256678	3089	6.1723604	2.5579093
256678	3090	6.0494494	2.6294575
256678	3091	5.991747	2.693844
256678	3092	6.2915454	2.4831765
256678	3093	6.2255034	2.4666116
256678	3094	6.215278	2.509971
256678	3095	6.3470078	2.4175599
256678	3096	6.3021355	2.396266
256678	3097	6.4688215	2.3223243
256678	3098	5.7800245	2.871091
256678	3099	6.1080194	2.6869972
256678	3100	5.819948	2.780328
256678	3101	5.7624836	2.8881037
256678	3102	5.648887	3.0146499
256678	3103	5.736533	3.0216925
256678	3104	5.4890924	3.1688437
256678	3105	5.589876	3.0990665
256678	3106	5.538003	3.1458013
256678	3107	5.5195904	3.2301955
256678	3108	5.424062	3.165423
256678	3109	5.3872514	3.2668602
256678	3110	5.566532	3.1988447
256678	3111	5.498335	3.1606698
256678	3112	5.450737	3.2087967
256678	3113	5.2912273	3.4349124
256678	3114	5.061682	3.670058
256678	3115	5.2200966	3.7117097
256678	3116	5.2029114	3.6100147
256678	3117	5.2294383	3.5866458
256678	3118	4.9832478	3.8886006
256678	3119	5.0361724	3.8041918
256678	3120	5.237535	3.6422799
256678	3121	5.273499	3.3896499
256678	3122	5.308118	3.3896265
256678	3123	5.1482277	3.4872565
256678	3124	5.205205	3.518499
256678	3125	5.184232	3.4224417
256678	3126	4.7521253	3.999728
256678	3127	4.6808987	4.0499396
256678	3128	4.6260314	4.184773
256678	3129	4.7641106	4.0591784
256678	3130	4.7275305	4.007878
256678	3131	4.6131573	3.9987133
256678	3132	4.787045	4.0038557
256678	3133	4.6729226	4.035264
256678	3134	4.7901297	4.00681
256678	3135	4.8579783	3.842704
256678	3136	5.2146	3.608023
256678	3137	5.4729967	3.409191
256678	3138	5.4444814	3.3930726
256678	3139	5.5213923	3.4227693
256678	3140	5.3521395	3.5169783
256678	3141	5.538002	3.482483
256678	3142	5.5582604	3.325608
256678	3143	5.5881276	3.2768145
256678	3144	5.866845	2.8453987
256678	3145	5.920169	2.9394855
256678	3146	5.9917064	2.9889698
256678	3147	5.989498	2.8545406
256678	3148	6.059161	2.8398097
256678	3149	5.8985353	3.0163624
256678	3150	5.8125486	3.0838065
256678	3151	5.775411	3.1444392
256678	3152	5.7515445	3.1490006
256678	3153	5.807567	3.1494493
256678	3154	5.8771434	3.056344
256678	3155	5.844583	2.9677157
256678	3156	6.240017	2.697821
256678	3157	6.3753405	2.413894
256678	3158	6.7244554	2.0998151
256678	3159	6.7003765	2.0632427
256678	3160	6.759351	1.9332175
256678	3161	6.715643	1.8943303
256678	3162	6.666747	1.8672745
256678	3163	6.802902	1.8193133
256678	3164	6.8107705	1.8365023
256678	3165	6.79567	1.9281466
256678	3166	6.863487	1.8252137
256678	3167	6.8589764	1.7594435
256678	3168	7.0751123	1.6775169
256678	3169	7.2307878	1.4193803
256678	3170	7.0078545	1.6214948
256678	3171	7.1169195	1.6230931
256678	3172	7.0916705	1.5645561
256678	3173	7.0116506	1.6736367
256678	3174	6.941859	1.7383189
256678	3175	6.9328485	1.7797644
256678	3176	6.7520237	1.9653568
256678	3177	7.0022593	1.7480607
256678	3178	6.76132	1.9501865
256678	3179	6.7940874	2.0352948
256678	3180	7.0641127	1.6448488
256678	3181	6.8853817	1.7514925
256678	3182	6.9139347	1.8074665
256678	3183	7.0260067	1.7221639
256678	3184	6.9470434	1.79673
256678	3185	7.1615477	1.5349138
256678	3186	7.39003	1.1326169
256678	3187	7.3206115	1.0596275
256678	3188	7.556536	0.74513936
256678	3189	7.4783072	0.7393967
256678	3190	7.2994227	0.8954158
256678	3191	7.4329896	0.8147774
256678	3192	7.1151114	1.3253639
256678	3193	7.2126083	1.4284415
256678	3194	7.2019477	1.3505583
256678	3195	7.26353	1.3081342
256678	3196	7.158339	1.399386
256678	3197	7.1947765	1.3965826
256678	3198	7.248709	1.3977548
256678	3199	7.330202	1.2966878
256678	3200	7.1912985	1.4008324
256678	3201	7.2152553	1.4197208
256678	3202	7.505791	1.1763248
256678	3203	7.5457654	1.0165496
256678	3204	7.5091615	1.0533154
256678	3205	7.380057	1.2827119
256678	3206	7.229357	1.4341261
256678	3207	7.4983106	1.1284081
256678	3208	7.7527957	0.16362426
256678	3209	7.7222753	0.5302286
256678	3210	7.758059	1.0169765
256678	3211	7.600309	1.2930667
256678	3212	7.586451	1.2967758
256678	3213	7.3951335	1.4828231
256678	3214	7.5324235	1.4823595
256678	3215	7.539531	1.3653603
256678	3216	7.514272	1.3850377
256678	3217	7.6044164	1.3484154
256678	3218	7.529692	1.3246858
256678	3219	7.4072747	1.4927368
256678	3220	6.5230627	2.4149399
256678	3221	5.653993	3.3314958
256678	3222	5.4844437	3.517913
256678	3223	5.4888787	3.5649045
256678	3224	5.54067	3.3891687
256678	3225	4.9280744	4.1381445
256678	3226	5.0175223	3.8489096
256678	3227	4.1557636	4.738675
256678	3228	3.069034	5.2852526
256678	3229	2.9195175	5.194956
256678	3230	4.5064087	4.249046
256678	3231	4.3863964	4.2904487
256678	3232	4.4934387	4.2147455
256678	3233	4.3828025	4.141458
256678	3234	4.02486	4.505455
256678	3235	3.968676	4.491263
256678	3236	4.0399776	4.433067
256678	3237	5.0359244	3.582762
256678	3238	5.5518255	3.123024
256678	3239	5.6279016	3.056488
256678	3240	5.3306084	3.4078462
256678	3241	5.363826	3.364787
256678	3242	5.7915134	3.0368104
256678	3243	6.028142	2.6328695
256678	3244	6.075749	2.6943934
256678	3245	6.059996	2.7447777
256678	3246	6.064158	2.7823973
256678	3247	6.1145563	2.7546303
256678	3248	5.814159	2.98387
256678	3249	5.9578323	2.983542
256678	3250	5.8553834	2.9394634
256678	3251	5.604674	3.2452238
256678	3252	5.844636	3.0391724
256678	3253	6.298784	2.202615
256678	3254	6.5971665	1.7981291
256678	3255	6.943775	1.6350896
256678	3256	6.433087	2.3014965
256678	3257	5.941111	2.7966347
256678	3258	5.874917	2.6986053
256678	3259	5.9724545	2.7044017
256678	3260	5.7626753	2.9341972
256678	3261	6.0337634	2.6499398
256678	3262	6.204221	2.534477
256678	3263	6.314384	2.3862877
256678	3264	5.825076	2.8581522
256678	3265	6.0244517	2.7624815
256678	3266	5.5318356	3.1776679
256678	3267	6.036755	2.5851057
256678	3268	6.16233	2.4966426
256678	3269	6.049752	2.742597
256678	3270	6.150477	2.4668937
256678	3271	6.3700337	2.4962847
256678	3272	6.299232	2.4539533
256678	3273	6.1856155	2.606402
256678	3274	5.7657833	3.0811446
256678	3275	5.929692	2.7619288
256678	3276	6.139524	2.743531
256678	3277	6.0641913	2.7629402
256678	3278	6.030916	2.7970638
256678	3279	5.9294896	2.9385412
256678	3280	5.6923003	3.3065042
256678	3281	5.690897	3.1937609
256678	3282	5.698017	3.192386
256678	3283	6.086331	2.5240114
256678	3284	5.774965	2.969063
256678	3285	6.003154	2.7653444
256678	3286	5.8797297	2.8238914
256678	3287	5.8435097	2.829072
256678	3288	5.771936	2.9809184
256678	3289	5.8690658	2.9105563
256678	3290	5.8735833	2.8433022
256678	3291	5.8247466	2.8877954
256678	3292	6.3066463	2.3485603
256678	3293	5.97468	2.7215936
256678	3294	5.8029027	2.8518445
256678	3295	6.0089507	2.6654768
256678	3296	5.801484	2.8464613
256678	3297	5.8038487	2.8263025
256678	3298	6.369781	2.4336047
256678	3299	6.442815	2.2333107
256678	3300	6.3675776	2.3719456
256678	3301	6.3460565	2.4000554
256678	3302	5.9333496	2.749831
256678	3303	5.5696797	3.1924188
256678	3304	5.6496487	2.9991305
256678	3305	5.8987317	2.8292966
256678	3306	5.9318247	2.7344143
256678	3307	5.9564123	2.7730064
256678	3308	5.921089	2.7880805
256678	3309	5.9280562	2.78672
256678	3310	5.9778233	2.7070625
256678	3311	5.7321267	2.8872576
256678	3312	5.6354012	2.9488158
256678	3313	5.7616854	2.8586845
256678	3314	5.7847896	2.8807116
256678	3315	5.9485793	2.715828
256678	3316	5.7703195	2.89015
256678	3317	5.864351	2.8584294
256678	3318	5.4301004	3.3197615
256678	3319	4.9736753	3.6565263
256678	3320	4.9298825	3.8111165
256678	3321	5.4606266	3.2302666
256678	3322	5.9255543	2.7772348
256678	3323	5.9646363	2.6158812
256678	3324	6.27064	2.43673
256678	3325	6.5846	2.0860088
256678	3326	6.4822726	2.1508796
256678	3327	6.4899163	2.2120557
256678	3328	6.48038	2.2387667
256678	3329	6.4021792	2.2558575
256678	3330	6.3816757	2.4567153
256678	3331	5.616523	3.2110324
256678	3332	4.992893	3.2867405
256678	3333	4.825915	3.8291285
256678	3334	4.5917196	4.2078795
256678	3335	4.358164	4.4515295
256678	3336	3.8679414	4.1042004
256678	3337	3.6839247	4.1550345
256678	3338	3.7338362	4.409087
256678	3339	4.3340225	4.007425
256678	3340	4.5302486	3.7751958
256678	3341	4.65738	4.032349
256678	3342	4.020235	3.6095207
256678	3343	3.9895782	3.9700305
256678	3344	3.4132042	3.1434054
256678	3345	3.5864425	3.3336837
256678	3346	3.3304954	3.8646762
256678	3347	3.7276292	3.2726152
256678	3348	3.9456162	1.0444386
256678	3349	4.3720465	0.9669399
256678	3350	5.316954	2.0442212
256678	3351	5.132802	2.838682
256678	3352	4.8683815	3.3925507
256678	3353	4.5663075	4.087682
256678	3354	5.177048	3.5240676
256678	3355	2.8851118	2.3744588
256678	3356	2.944429	2.2140312
256678	3357	3.0369334	1.9927492
256678	3358	3.6505313	2.5646114
256678	3359	3.4213696	2.5145397
256678	3360	3.6230602	2.3592222
256678	3361	4.6549506	3.1710286
256678	3362	5.1949077	2.9220445
256678	3363	5.213626	3.1083066
256678	3364	5.390757	3.1064684
256678	3365	4.8275867	3.5121276
256678	3366	3.8840222	4.173282
256678	3367	3.8669915	4.337001
256678	3368	3.3546648	4.7494817
256678	3369	2.713328	4.963224
256678	3370	2.3762398	5.296835
256678	3371	2.4832182	5.1903844
256678	3372	0.5737053	4.35534
256678	3373	1.8968047	3.2008033
256678	3374	1.3968316	4.1193333
256678	3375	1.4673965	4.152462
256678	3376	2.3139706	4.1687174
256678	3377	2.2019014	4.1718535
256678	3378	3.2145896	4.475288
256678	3379	3.9199152	4.1587977
256678	3380	1.8903009	4.762697
256678	3381	3.2426505	4.2404985
256678	3382	3.7859526	4.2649417
256678	3383	4.7958317	3.7693884
256678	3384	5.325014	3.3362482
256678	3385	5.3764606	2.9178886
256678	3386	5.6056395	2.7101207
256678	3387	4.997937	3.2658727
256678	3388	5.1619277	3.0641415
256678	3389	5.1978173	3.132604
256678	3390	5.2094502	2.9708161
256678	3391	4.7026587	3.4064448
256678	3392	4.902554	3.3212862
256678	3393	5.259965	2.8000588
256678	3394	5.2865787	2.8288982
256678	3395	5.2881155	2.4054842
256678	3396	4.4128933	1.4203559
256678	3397	4.5719366	2.8294437
256678	3398	2.8628001	2.7171938
256678	3399	3.6287074	2.7634718
256678	3400	4.954989	3.1399932
256678	3401	4.5862136	3.5210507
256678	3402	3.495523	2.553651
256678	3403	2.0989347	2.201604
256678	3404	2.5257912	3.4103856
256678	3405	2.5381203	3.1248322
256678	3406	2.6548896	3.0609238
256678	3407	2.8951497	2.8202636
256678	3408	4.0146933	3.5547616
256678	3409	3.5514054	3.1607058
256678	3410	4.2194614	2.8043008
256678	3411	3.2559156	1.7010591
256678	3412	3.1290917	2.0405629
256678	3413	3.3222613	2.5718856
256678	3414	3.3716946	2.5094805
256678	3415	4.381995	3.1567388
256678	3416	3.8643742	2.4368339
256678	3417	2.7185974	1.8152423
256678	3418	2.809342	3.2039819
256678	3419	2.8366885	3.0094361
256678	3420	4.1101465	3.3904507
256678	3421	3.5674334	2.7042072
256678	3422	4.2897415	2.4370677
256678	3423	3.2220974	1.3926703
256678	3424	4.417362	2.9107988
256678	3425	4.600092	3.0173628
256678	3426	4.4960585	3.3000677
256678	3427	5.098444	2.86655
256678	3428	5.2170315	2.5852773
256678	3429	5.230961	2.6744366
256678	3430	4.4075465	3.3580801
256678	3431	4.695227	3.4996722
256678	3432	5.2037287	2.9172537
256678	3433	5.672598	2.4304786
256678	3434	5.283917	2.734508
256678	3435	5.135424	2.8589406
256678	3436	4.527461	3.3043048
256678	3437	4.86139	3.086481
256678	3438	4.8285317	3.0180542
256678	3439	4.7986565	2.9889767
256678	3440	4.637389	3.2100766
256678	3441	5.033832	2.8486736
256678	3442	4.3422422	3.5809205
256678	3443	3.9474401	4.154767
256678	3444	4.0157824	4.0648046
256678	3445	3.6644964	4.296589
256678	3446	3.74613	4.2392793
256678	3447	3.895957	4.1425676
256678	3448	3.9484296	4.095688
256678	3449	4.0466795	4.048475
256678	3450	5.3265204	2.6209402
256678	3451	4.425769	3.5327952
256678	3452	4.471749	3.612522
256678	3453	4.7908373	3.286588
256678	3454	4.673709	3.368839
256678	3455	4.5582023	3.4040215
256678	3456	4.714368	3.2020402
256678	3457	4.7015686	3.2530713
256678	3458	4.8852005	3.1140428
256678	3459	4.8720145	3.064086
256678	3460	4.5504265	3.270651
256678	3461	4.7307916	3.1012514
256678	3462	4.749055	3.0576317
256678	3463	4.988475	2.868641
256678	3464	5.160797	2.7021422
256678	3465	5.03042	2.8953173
256678	3466	5.069108	2.8700008
256678	3467	5.0727587	2.8445132
256678	3468	5.0011077	2.9252453
256678	3469	4.9655538	2.918244
256678	3470	4.8604198	2.9923859
256678	3471	4.766739	3.0183792
256678	3472	5.187694	2.2065423
256678	3473	4.995658	0.78731024
256678	3474	4.6404934	1.4277331
256678	3475	4.467883	1.4421585
256678	3476	5.2020245	2.6945128
256678	3477	4.9276404	3.022332
256678	3478	5.2012405	3.02374
256678	3479	3.7638612	3.679324
256678	3480	4.001056	3.8446548
256678	3481	3.9312649	3.6539428
256678	3482	4.1742373	3.654658
256678	3483	3.3976011	3.7701366
256678	3484	2.4321928	4.7765007
256678	3485	2.0908785	4.8861737
256678	3486	2.1451712	4.830733
256678	3487	2.850535	4.396062
256678	3488	3.6891956	3.6491091
256678	3489	2.418333	4.576494
256678	3490	2.365726	4.7275643
256678	3491	2.0169735	4.9971433
256678	3492	2.2161999	4.8951287
256678	3493	2.393239	4.9044037
256678	3494	3.4884639	4.148039
256678	3495	4.435071	3.822667
256678	3496	5.258171	2.8179846
256678	3497	5.43556	2.5234222
256678	3498	5.6885695	2.4781168
256678	3499	5.5496497	2.4510062
256678	3500	5.697044	2.4836907
256678	3501	5.7127857	2.2996335
256678	3502	5.6917634	2.4230204
256678	3503	5.5429244	2.4163513
256678	3504	5.678176	2.4127038
256678	3505	2.9183407	4.29415
256678	3506	2.0656471	5.3194966
256678	3507	1.1690431	5.6347365
256678	3508	0.9724008	5.7197957
256678	3509	0.7039684	5.8230376
256678	3510	0.6336862	5.822757
256678	3511	-0.6789641	4.9975934
256678	3512	-0.12693846	4.3220806
256678	3513	-0.03194824	4.9760265
256678	3514	-0.0813857	4.1242576
256678	3515	0.15866685	4.2918406
256678	3516	-0.024430394	4.468712
256678	3517	0.35627013	4.1885586
256678	3518	0.7974793	4.3497086
256678	3519	0.8603506	3.3501873
256678	3520	3.9888616	3.0935338
256678	3521	2.5607572	4.301527
256678	3522	2.2078042	4.661651
256678	3523	1.4994155	4.735016
256678	3524	1.5700239	3.6970856
256678	3525	1.2967292	4.4128575
256678	3526	1.3975153	4.5498
256678	3527	1.1147783	4.7971287
256678	3528	2.4314532	4.7636795
256678	3529	3.4395027	3.787285
256678	3530	2.135561	3.2142766
256678	3531	1.3919398	3.0046308
256678	3532	3.293911	4.093807
256678	3533	2.5317144	4.703069
256678	3534	2.8128443	4.583864
256678	3535	3.0243816	4.414559
256678	3536	3.483673	4.3642483
256678	3537	3.3864918	4.563267
256678	3538	3.7969093	4.3177304
256678	3539	3.98102	3.9755394
256678	3540	2.5096645	4.0111127
256678	3541	1.9546098	4.03518
256678	3542	1.8306874	4.313411
256678	3543	1.609862	4.5648837
256678	3544	0.6347362	1.4289371
256678	3545	0.5482271	2.64904
256678	3546	1.2218385	2.8935394
256678	3547	1.0399421	2.9663846
256678	3548	1.0869445	3.0864346
256678	3549	0.9630343	3.182519
256678	3550	1.4184939	3.667814
256678	3551	1.3214728	3.527543
256678	3552	1.1475556	3.9032543
256678	3553	1.1203674	4.020848
256678	3554	0.9442296	4.3205485
256678	3555	1.475372	4.6511354
256678	3556	2.6526613	4.2345676
256678	3557	1.2217432	4.446801
256678	3558	2.2617054	4.239703
256678	3559	1.8411194	4.415007
256678	3560	2.7632937	4.100453
256678	3561	2.9730496	3.9545743
256678	3562	1.96461	3.7459342
256678	3563	1.4653915	4.418443
256678	3564	1.3233695	4.127554
256678	3565	2.309476	3.9041574
256678	3566	1.7741519	4.4622188
256678	3567	0.98918366	4.2648673
256678	3568	1.310076	2.642101
256678	3569	1.1249058	2.8002882
256678	3570	1.1155443	2.8161893
256678	3571	1.2426436	3.356094
256678	3572	1.0701048	3.1745586
256678	3573	1.636212	3.6405866
256678	3574	1.477182	3.4933217
256678	3575	1.2883464	4.081613
256678	3576	1.9896976	4.0362253
256678	3577	1.8767294	4.010621
256678	3578	2.609746	4.5890393
256678	3579	3.104517	3.8963573
256678	3580	3.6980305	4.399175
256678	3581	2.7013745	4.190452
256678	3582	3.429657	3.7202394
256678	3583	3.3573232	3.8056629
256678	3584	3.7126164	3.3147593
256678	3585	3.3085284	3.7286065
256678	3586	2.7825184	4.223671
256678	3587	3.2470126	4.209524
256678	3588	1.8889307	4.1942763
256678	3589	2.3629842	5.012018
256678	3590	3.308488	4.13707
256678	3591	3.2348218	3.09957
256678	3592	3.5615506	3.9877164
256678	3593	3.7852907	1.9562216
256678	3594	3.6035767	3.7125585
256678	3595	4.245308	1.6063046
256678	3596	4.243864	1.535884
256678	3597	2.825429	1.6507277
256678	3598	2.0238805	1.2465168
256678	3599	4.1421347	2.0706475
256678	3600	3.5592303	2.724758
256678	3601	1.6862389	2.74384
256678	3602	4.3092365	3.1276088
256678	3603	2.9411573	2.4952786
256678	3604	2.5863428	1.6987267
256678	3605	2.325656	2.4311202
256678	3606	2.2566814	2.5062597
256678	3607	2.011538	1.87882
256678	3608	1.4759833	1.6296251
256678	3609	1.40696	4.2483234
256678	3610	2.044886	4.065616
256678	3611	1.1677613	4.8184586
256678	3612	1.4989151	5.039211
256678	3613	2.1436086	2.1508787
256678	3614	2.279399	3.4976277
256678	3615	2.263133	3.2647266
256678	3616	2.2581677	3.4189944
256678	3617	2.3554616	3.455987
256678	3618	1.8418711	1.8093638
256678	3619	1.4542625	2.9866428
256678	3620	1.4000802	3.4416678
256678	3621	2.185389	3.4065826
256678	3622	3.0430837	3.6581466
256678	3623	2.9459805	2.3596857
256678	3624	2.729866	0.3636271
256678	3625	2.1585054	3.535975
256678	3626	2.1220293	3.4186912
256678	3627	1.646617	2.7375317
256678	3628	1.7974666	2.321644
256678	3629	1.8447689	2.2444856
256678	3630	1.8653747	2.155696
256678	3631	1.8480965	2.1424513
256678	3632	3.52281	3.3703983
256678	3633	3.464438	3.5815446
256678	3634	2.5001569	2.40204
256678	3635	2.6059976	1.2213281
256678	3636	2.1053991	1.9556067
256678	3637	1.1610745	1.5958967
256678	3638	1.3896346	1.2681245
256678	3639	2.8033795	1.9374754
256678	3640	3.7011604	2.525408
256678	3641	3.0215201	1.0295374
256678	3642	3.522151	2.2720222
256678	3643	4.058011	1.7661586
256678	3644	4.184227	2.885108
256678	3645	4.576468	2.9556527
256678	3646	5.2575536	1.9489248
256678	3647	5.4199367	1.9443722
256678	3648	5.7941337	1.3045799
256678	3649	5.4593487	1.5482776
256678	3650	5.3726254	1.5621212
256678	3651	5.4147654	1.5684435
256678	3652	5.239246	1.7254903
256678	3653	5.6444764	1.1220303
256678	3654	5.5199456	1.0651163
256678	3655	5.8640738	0.6574153
256678	3656	5.515187	0.89150536
256678	3657	5.4846764	0.8234639
256678	3658	5.612692	0.8174468
256678	3659	4.0400476	0.10218999
256678	3660	4.405634	1.414767
256678	3661	4.544641	0.8977903
256678	3662	4.441268	0.9763291
256678	3663	4.3587236	1.0930741
256678	3664	2.3812356	0.041398138
256678	3665	2.0803785	0.93439233
256678	3666	2.0704327	0.9372276
256678	3667	1.9802862	0.84333897
256678	3668	2.5727725	1.4165188
256678	3669	1.5916597	1.1591891
256678	3670	1.8125783	1.0226055
256678	3671	2.34063	1.6661286
256678	3672	3.94038	2.068641
256678	3673	2.5602398	0.5327704
256678	3674	2.265314	1.4042978
256678	3675	2.457097	2.7278378
256678	3676	2.302734	1.719718
256678	3677	1.9821666	1.9895759
256678	3678	3.5033526	0.8400475
256678	3679	3.1663532	2.060822
256678	3680	2.1033092	1.5880606
256678	3681	3.8688855	2.1088436
256678	3682	3.2510815	2.0335062
256678	3683	2.6601043	1.8097284
256678	3684	3.0115824	1.6529756
256678	3685	3.2503014	1.9594789
256678	3686	3.0867343	0.69209385
256678	3687	3.4468584	1.5265284
256678	3688	1.2825508	1.633718
256678	3689	1.4914023	1.3500848
256678	3690	2.0805516	1.8426547
256678	3691	3.9551091	2.1326067
256678	3692	3.3247037	2.1091607
256678	3693	2.9238353	2.6414602
256678	3694	2.5209737	2.2114873
256678	3695	2.5416179	1.3836212
256678	3696	2.8193035	2.4908676
256678	3697	3.03515	1.897505
256678	3698	4.0376854	2.3941739
256678	3699	3.4707694	3.2175238
256678	3700	2.9373446	2.31765
256678	3701	2.5727377	1.51364
256678	3702	2.782084	1.7379727
256678	3703	2.949422	1.6574178
256678	3704	2.1559095	0.88000476
256678	3705	2.548143	0.46493396
256678	3706	3.2353568	0.9213139
256678	3707	3.128529	0.83961976
256678	3708	3.5400023	1.7829459
256678	3709	2.3650155	1.204646
256678	3710	4.135433	1.7167645
256678	3711	3.8411336	2.0681252
256678	3712	3.7232533	2.3628435
256678	3713	3.1927142	1.5297871
256678	3714	2.9233623	0.73892653
256678	3715	1.3612354	0.8365778
256678	3716	2.0578942	0.70045686
256678	3717	2.109571	1.5703232
256678	3718	1.5056611	1.1044356
256678	3719	2.0792904	1.8099904
256678	3720	1.9708537	1.6021354
256678	3721	3.936399	1.7475331
256678	3722	1.2671467	2.3310044
256678	3723	1.3658035	2.2637305
256678	3724	1.6638404	0.65883803
256678	3725	3.4784818	1.2612201
256678	3726	2.6492639	0.85166764
256678	3727	1.3994662	0.84348094
256678	3728	1.5957958	1.024441
256678	3729	1.5808526	0.74505687
256678	3730	2.1968627	1.3811324
256678	3731	1.9725395	1.4039232
256678	3732	1.3579015	1.1649748
256678	3733	1.8028647	1.835799
256678	3734	3.5711117	2.023537
256678	3735	3.0129547	1.6505492
256678	3736	2.392034	1.373065
256678	3737	2.4785562	1.7094405
256678	3738	3.1071358	1.1807741
256678	3739	1.756318	0.08270565
256678	3740	2.0913777	-0.22490478
256678	3741	2.2361841	0.46809253
256678	3742	1.8681942	0.57759666
256678	3743	1.7737278	0.5902593
256678	3744	2.1576486	1.2980767
256678	3745	3.7725968	1.4788612
256678	3746	3.2971635	0.9737042
256678	3747	2.7772908	0.479592
256678	3748	2.9150586	0.39779565
256678	3749	2.6723285	1.0006055
256678	3750	2.8362474	1.2023832
256678	3751	1.5836333	0.4549398
256678	3752	1.5140032	1.0976744
256678	3753	1.7273458	0.63640773
256678	3754	1.8928801	0.33166292
256678	3755	2.0647554	0.27023068
256678	3756	2.3623562	1.0882165
256678	3757	2.2506819	1.0884762
256678	3758	1.9919375	1.2366952
256678	3759	3.571463	1.6712387
256678	3760	3.1469078	1.096141
256678	3761	2.4538012	0.67752624
256678	3762	1.3242205	0.62588537
256678	3763	1.4582734	1.1446183
256678	3764	1.4836375	0.7288183
256678	3765	1.6785024	0.44514617
256678	3766	2.1116924	1.2908682
256678	3767	1.9618052	1.2593117
256678	3768	1.6437522	1.5347366
256678	3769	1.7313002	0.38332435
256678	3770	3.839747	0.79950106
256678	3771	3.5101938	1.69386
256678	3772	3.6739354	1.8671298
256678	3773	2.9594207	0.49718502
256678	3774	2.865488	1.3735188
256678	3775	3.4221892	2.0549552
256678	3776	3.5903802	0.2347947
256678	3777	2.5974598	2.2127795
256678	3778	3.1178603	1.8394387
256678	3779	3.1785603	2.9618485
256678	3780	3.597744	1.1600591
256678	3781	2.9854388	0.76798487
256678	3782	2.8645601	2.2186987
256678	3783	3.2633677	2.7518878
256678	3784	3.6834025	1.088994
256678	3785	3.0614371	0.72895145
256678	3786	3.1955667	1.3021274
256678	3787	2.1572237	0.27222243
256678	3788	2.4510536	0.5963577
256678	3789	2.4984922	0.4392291
256678	3790	3.1049924	1.2706246
256678	3791	3.1324892	0.8642719
256678	3792	3.4009633	1.1637655
256678	3793	0.84706426	1.4828886
256678	3794	1.931049	1.6501505
256678	3795	1.310696	-0.04159841
256678	3796	1.5859524	0.8170383
256678	3797	1.8475028	1.5417616
256678	3798	1.4887763	-0.101125926
256678	3799	3.6468644	0.4538693
256678	3800	2.8242278	1.3711203
256678	3801	2.4434714	0.7657188
256678	3802	0.9230443	0.8993908
256678	3803	0.6641737	0.4525976
256678	3804	3.059925	0.24354634
256678	3805	2.989985	-0.17161867
256678	3806	3.6760645	0.70227516
256678	3807	3.738687	0.41116807
256678	3808	3.9494076	1.3413051
256678	3809	2.5031772	1.4386492
256678	3810	2.8168035	-0.7288108
256678	3811	1.0598954	-0.36151755
256678	3812	1.3133847	0.29139492
256678	3813	1.2468362	0.14197484
256678	3814	1.4362364	-0.06919736
256678	3815	1.9004256	0.6176858
256678	3816	3.8108292	0.79640937
256678	3817	3.3050103	0.4328098
256678	3818	3.0108886	-0.16040099
256678	3819	3.5583386	1.4825945
256678	3820	3.5715523	2.284697
256678	3821	3.9489355	0.58900905
256678	3822	3.4408245	0.12064758
256678	3823	3.329669	1.5438077
256678	3824	3.5847158	2.2263024
256678	3825	4.039671	0.4413801
256678	3826	3.5402951	0.059720784
256678	3827	3.2403493	1.9208829
256678	3828	3.60566	1.5224255
256678	3829	3.485219	2.6302242
256678	3830	4.0769854	-0.11534861
256678	3831	3.8039875	0.6134169
256678	3832	3.3296952	1.9682751
256678	3833	3.924909	0.9515691
256678	3834	3.8513908	2.2298987
256678	3835	4.273901	-0.28928262
256678	3836	3.8981428	-0.23917018
256678	3837	3.4971828	0.72928977
256678	3838	2.7582283	1.7309027
256678	3839	2.8167086	1.196538
256678	3840	2.8582115	1.2886833
256678	3841	4.489857	-0.15647861
256678	3842	4.665872	-0.40740836
256678	3843	1.5713817	-0.11474651
256678	3844	1.3080506	0.2191079
256678	3845	2.8489938	0.8759091
256678	3846	2.3964295	2.0912492
256678	3847	2.4863358	2.1526744
256678	3848	2.5340862	2.21832
256678	3849	2.2875042	2.4099905
256678	3850	3.2433767	2.7799368
256678	3851	3.2157393	2.899329
256678	3852	3.7210908	2.9234443
256678	3853	3.3139	2.4037163
256678	3854	3.182672	2.7067063
256678	3855	3.1025271	2.805777
256678	3856	1.9990562	3.8230784
256678	3857	1.874658	4.7854195
256678	3858	2.1579862	4.5164957
256678	3859	1.0879934	3.65784
256678	3860	1.1126956	4.3272943
256678	3861	0.913728	4.5527844
256678	3862	1.6898104	4.6521316
256678	3863	1.914317	4.9898963
256678	3864	2.7348123	4.4330497
256678	3865	2.4136987	4.60762
256678	3866	1.9956166	4.2197633
256678	3867	1.3635138	4.245109
256678	3868	1.3727721	4.298587
256678	3869	0.75682604	4.1111135
256678	3870	1.2062435	3.627949
256678	3871	1.9583176	2.8146968
256678	3872	0.96658576	3.711085
256678	3873	1.312214	3.7564862
256678	3874	1.489303	3.654217
256678	3875	1.5476822	3.52275
256678	3876	1.1538013	4.0879216
256678	3877	1.1440152	4.853206
256678	3878	0.61517525	5.0027914
256678	3879	1.8595465	4.984024
256678	3880	2.232561	4.379163
256678	3881	0.62578714	3.983247
256678	3882	1.9700347	4.494457
256678	3883	2.5795689	4.1442513
256678	3884	2.6229258	3.994436
256678	3885	2.8405066	3.8706791
256678	3886	2.7467542	4.010873
256678	3887	2.7337399	4.0439825
256678	3888	1.2395493	4.6036353
256678	3889	1.5849813	4.481169
256678	3890	1.4788735	4.441794
256678	3891	1.7093982	4.478943
256678	3892	3.1215663	3.3794706
256678	3893	2.8572092	3.3460772
256678	3894	1.787095	3.2834742
256678	3895	2.9878187	3.4407744
256678	3896	2.4838657	3.3742836
256678	3897	2.1551123	2.6151447
256678	3898	2.0742369	2.4441738
256678	3899	3.5382276	3.2717583
256678	3900	3.297102	3.2093196
256678	3901	3.0197096	3.7682393
256678	3902	3.1402993	3.7560632
256678	3903	3.5514421	3.572294
256678	3904	3.7422223	3.4879136
256678	3905	3.344768	3.8566172
256678	3906	3.4298296	3.7564957
256678	3907	3.7343955	3.6683357
256678	3908	3.8689256	3.4685247
256678	3909	3.6911044	3.7489512
256678	3910	3.6569843	3.777322
256678	3911	4.023878	3.560973
256678	3912	3.8278599	3.8075497
256678	3913	3.8163037	3.8934615
256678	3914	3.7857618	3.896773
256678	3915	3.8704414	3.9083989
256678	3916	4.06753	3.664817
256678	3917	3.8484955	3.9739625
256678	3918	4.0245695	3.75185
256678	3919	4.0234804	3.6446707
256678	3920	4.827032	2.8743153
256678	3921	4.971412	2.6709502
256678	3922	4.9261284	2.6410918
256678	3923	3.626481	1.2535206
256678	3924	3.4641767	0.56912386
256678	3925	2.9471164	0.6831924
256678	3926	3.0482593	1.2943842
256678	3927	3.598404	1.7749596
256678	3928	3.6827044	0.05546412
256678	3929	3.6667085	0.49026552
256678	3930	3.983705	1.2909684
256678	3931	4.54964	0.3351238
256678	3932	4.744239	1.9911406
256678	3933	4.211195	2.4080746
256678	3934	3.7300897	1.7318451
256678	3935	3.7170434	1.0678726
256678	3936	3.3339171	1.748025
256678	3937	2.6555195	2.2849054
256678	3938	3.8538303	1.0547534
256678	3939	2.9151921	1.1212969
256678	3940	3.154025	1.0746049
256678	3941	2.999557	2.3040712
256678	3942	3.7485695	2.4104164
256678	3943	3.209062	1.5400083
256678	3944	3.6004987	0.26570937
256678	3945	2.3271332	0.9712856
256678	3946	2.4572902	1.0199658
256678	3947	2.8495874	1.2540671
256678	3948	3.2927704	0.6742195
256678	3949	4.511086	1.8198698
256678	3950	4.431991	1.6151304
256678	3951	4.117308	2.2071168
256678	3952	3.9241424	2.4958613
256678	3953	3.2024093	2.5650232
256678	3954	3.253162	1.4152567
256678	3955	3.2097182	1.4675423
256678	3956	2.5953746	2.1066802
256678	3957	2.9543686	1.8663261
256678	3958	4.1379957	0.8162185
256678	3959	3.0631495	0.90715325
256678	3960	2.7031689	0.74103355
256678	3961	2.6773553	1.6417222
256678	3962	1.8956205	1.2853076
256678	3963	2.685718	1.4491476
256678	3964	2.9486165	0.9872451
256678	3965	4.2270923	1.881628
256678	3966	4.0633645	2.1247215
256678	3967	3.3377628	3.2047148
256678	3968	2.859292	3.1019707
256678	3969	2.696354	2.3230512
256678	3970	2.6188006	2.3744252
256678	3971	3.402834	3.1301138
256678	3972	1.6688205	2.924516
256678	3973	1.784504	2.9306033
256678	3974	1.8194448	2.8696446
256678	3975	2.232298	2.5174594
256678	3976	2.7274103	2.4545188
256678	3977	2.7137246	2.4083576
256678	3978	2.8686795	2.1967123
256678	3979	3.3098097	0.8800696
256678	3980	3.3689818	0.7513573
256678	3981	3.3378263	0.87537
256678	3982	2.472875	0.8020303
256678	3983	2.1172686	0.6256025
256678	3984	2.1199088	1.2487669
256678	3985	2.2103958	0.9399669
256678	3986	2.2094126	0.99748874
256678	3987	2.2547626	0.97901917
256678	3988	3.09557	1.0584084
256678	3989	3.4179473	0.60092723
256678	3990	3.5449715	1.5446548
256678	3991	4.277325	1.8551533
256678	3992	3.774016	1.0569394
256678	3993	3.5445843	0.9637196
256678	3994	3.1836424	1.395085
256678	3995	2.8442802	1.56217
256678	3996	2.8462725	1.7008765
256678	3997	2.9605823	0.9654784
256678	3998	3.4007115	1.7742817
256678	3999	4.1807685	0.5724207
256678	4000	4.241037	0.5363562
256678	4001	4.3815546	0.38539687
256678	4002	4.4465427	1.5451891
256678	4003	4.1900806	1.7809484
256678	4004	4.2469788	2.6491725
256678	4005	3.6873708	1.9437008
256678	4006	3.6738715	2.0716836
256678	4007	4.217032	1.5971153
256678	4008	4.1769114	2.7906723
256678	4009	3.9112754	3.1440063
256678	4010	3.814695	3.3664122
256678	4011	4.1031413	3.2984567
256678	4012	3.8317242	3.4725423
256678	4013	4.066285	3.4168115
256678	4014	4.353973	3.2426124
256678	4015	4.364048	3.2415366
256678	4016	3.8188148	3.5838296
256678	4017	3.6766386	3.5638487
256678	4018	3.4683142	3.8646963
256678	4019	3.4863877	3.9586651
256678	4020	2.2599854	4.2605166
256678	4021	1.3046772	3.8879874
256678	4022	2.5709968	3.9731257
256678	4023	2.130649	3.1503944
256678	4024	2.569274	2.5669165
256678	4025	3.70332	3.4713964
256678	4026	3.580894	3.7362525
256678	4027	3.6181912	3.813946
256678	4028	3.7094302	3.7355053
256678	4029	4.122007	3.3767166
256678	4030	4.3491917	3.223046
256678	4031	4.25853	3.2870085
256678	4032	4.4090123	3.3334942
256678	4033	4.5776296	3.0118504
256678	4034	4.733498	2.9909506
256678	4035	4.712185	2.706932
256678	4036	4.6770916	2.9509013
256678	4037	4.683725	2.901564
256678	4038	4.5320697	3.1592743
256678	4039	2.2752604	4.078629
256678	4040	3.4597368	3.9953349
256678	4041	3.755567	3.6924179
256678	4042	3.481944	3.927059
256678	4043	3.8113604	3.7345822
256678	4044	3.9602733	3.586096
256678	4045	4.33713	3.4701073
256678	4046	4.4258757	3.4970658
256678	4047	0.5229553	2.411865
256678	4048	1.1965375	2.8816237
256678	4049	1.1808821	1.3469279
256678	4050	1.0901016	1.2443331
256678	4051	0.8583443	2.4892876
256678	4052	1.2575629	2.923727
256678	4053	2.4815207	2.2370603
256678	4054	2.3319154	2.4033551
256678	4055	2.183497	1.3754506
256678	4056	2.167951	1.4931967
256678	4057	2.0440125	1.6076927
256678	4058	1.7597889	1.8518143
256678	4059	1.8244542	2.0375535
256678	4060	1.8288771	1.9053354
256678	4061	1.9393467	1.8393307
256678	4062	2.0070195	1.8336706
256678	4063	2.632433	1.2218934
256678	4064	4.0229387	-0.09612426
256678	4065	3.9963818	0.097456664
256678	4066	2.1308684	0.25552407
256678	4067	2.7323828	0.18327883
256678	4068	2.5822601	0.712744
256678	4069	3.6487536	1.3655992
256678	4070	3.6624045	0.6578126
256678	4071	3.3465166	1.817137
256678	4072	4.3471456	0.4838858
256678	4073	4.3529086	0.45046642
256678	4074	4.360621	0.34063622
256678	4075	3.5276337	-0.6525103
256678	4076	0.80109704	0.31068245
256678	4077	0.8284497	0.6240084
256678	4078	0.8892435	0.88433945
256678	4079	0.56859386	1.3131896
256678	4080	3.2374463	0.70350873
256678	4081	3.131411	1.8893795
256678	4082	2.7233667	0.12819657
256678	4083	0.31912684	1.1543992
256678	4084	0.91116214	0.9723841
256678	4085	0.7495619	1.4025068
256678	4086	0.3200925	1.4040023
256678	4087	0.4750468	1.4350728
256678	4088	3.094438	0.63180125
256678	4089	2.9746003	1.8879616
256678	4090	3.4385467	1.9028604
256678	4091	3.2487555	-0.20255932
256678	4092	2.9636235	-0.73588085
256678	4093	2.2718434	0.5477439
256678	4094	3.0522795	0.5002222
256678	4095	2.9460797	1.1137676
256678	4096	2.8738165	1.402272
256678	4097	2.8862333	1.3043406
256678	4098	2.7730641	1.3687428
256678	4099	3.2104235	0.6341692
256678	4100	2.7378612	2.0187635
256678	4101	2.655952	2.0322237
256678	4102	2.5534935	2.1426144
256678	4103	3.0071611	1.8434243
256678	4104	2.9431887	1.7412133
256678	4105	1.9429668	1.3942183
256678	4106	2.0948544	1.6589348
256678	4107	2.4054942	1.3953861
256678	4108	3.0798864	-0.18496603
256678	4109	3.1377668	-0.13779834
256678	4110	1.7294601	0.13681081
256678	4111	2.1820335	0.3640751
256678	4112	2.2713275	0.31142828
256678	4113	2.281218	0.28906652
256678	4114	2.6545787	0.5176008
256678	4115	4.216645	1.0051953
256678	4116	3.4830117	0.58796203
256678	4117	4.283018	-0.1470091
256678	4118	4.042615	-0.04509774
256678	4119	3.96321	0.13778809
256678	4120	2.5137615	-0.39601952
256678	4121	1.1941636	0.35474834
256678	4122	1.8365535	0.43357548
256678	4123	1.7690271	0.5184598
256678	4124	3.8250961	0.51223505
256678	4125	3.418724	1.6722939
256678	4126	4.033389	0.81957674
256678	4127	4.248604	0.9088292
256678	4128	4.034982	0.9500847
256678	4129	4.1226225	0.8132832
256678	4130	3.0614371	0.20876077
256678	4131	1.4486135	0.5416615
256678	4132	1.7143437	1.1176614
256678	4133	1.6336058	1.0795324
256678	4134	3.7352839	1.3026217
256678	4135	3.2226748	1.9748147
256678	4136	2.005403	1.6304004
256678	4137	0.91876507	1.8461764
256678	4138	1.2903546	1.6182647
256678	4139	2.958499	1.8079267
256678	4140	2.326867	2.363083
256678	4141	2.8314838	0.47944823
256678	4142	2.4762297	0.16465059
256678	4143	2.7040558	-0.4388471
256678	4144	2.5975885	-0.83117396
256678	4145	3.3353891	-0.878234
256678	4146	3.386714	-0.6289485
256678	4147	2.6006265	0.41317186
256678	4148	2.4529576	0.5450151
256678	4149	2.3357954	0.70822823
256678	4150	2.4709563	0.731717
256678	4151	2.3245916	0.7235379
256678	4152	2.391101	0.634092
256678	4153	3.6401463	0.40554598
256678	4154	3.7617302	0.9993402
256678	4155	3.17584	0.33757588
256678	4156	3.7134457	-0.17618525
256678	4157	3.523306	-0.14484179
256678	4158	3.8177009	-0.35630247
256678	4159	4.0847015	-0.77327573
256678	4160	5.2035265	-1.5693156
256678	4161	0.5586697	-0.43078905
256678	4162	0.4185505	0.5407195
256678	4163	0.4085021	0.5853901
256678	4164	0.17241168	0.8459686
256678	4165	0.22844106	0.7441348
256678	4166	0.15309668	0.91168463
256678	4167	0.7748263	0.8177705
256678	4168	0.8833599	0.553041
256678	4169	0.84706426	0.44598332
256678	4170	0.9411212	0.37454483
256678	4171	3.3217292	-0.020063132
256678	4172	3.5610323	0.77439404
256678	4173	3.6430726	0.74786615
256678	4174	1.8417994	0.55221975
256678	4175	0.1946736	1.4669846
256678	4176	2.8835478	0.39534155
256678	4177	3.2651815	0.1931366
256678	4178	3.4291244	0.10334322
256678	4179	3.589275	-0.14263335
256678	4180	2.9633212	0.090432316
256678	4181	1.8162669	-0.3819868
256678	4182	2.7384567	-0.9651363
256678	4183	1.4257721	0.17831728
256678	4184	2.1206646	0.505643
256678	4185	2.0745878	0.28495362
256678	4186	2.653102	0.06972584
256678	4187	2.279675	0.4165925
256678	4188	2.2491264	0.38725558
256678	4189	2.3039193	0.3543609
256678	4190	2.3645644	0.36452666
256678	4191	2.5517716	0.3858883
256678	4192	3.702591	0.005722344
256678	4193	4.057927	0.5802977
256678	4194	4.2411804	0.36386946
256678	4195	4.178316	0.5887326
256678	4196	3.323964	0.28865513
256678	4197	3.5236683	0.46918198
256678	4198	3.6111484	0.33124694
256678	4199	3.6119018	0.40791652
256678	4200	3.5823603	1.1127964
256678	4201	4.289952	1.7038229
256678	4202	4.253218	1.7929893
256678	4203	4.3409615	1.3651475
256678	4204	4.4337945	1.5036234
256678	4205	4.4190507	1.2923627
256678	4206	4.1087155	-0.15872273
256678	4207	4.362316	-0.36720192
256678	4208	3.5435681	0.5786021
256678	4209	3.4128428	1.8225679
256678	4210	3.178043	2.191746
256678	4211	3.9981933	0.123526126
256678	4212	0.77636635	1.4929675
256678	4213	2.6396537	1.5014327
256678	4214	2.3117056	2.4226003
256678	4215	2.641035	1.8140285
256678	4216	1.9334394	1.6221013
256678	4217	1.517402	1.4460175
256678	4218	1.6136638	1.2751739
256678	4219	1.0622483	1.3373257
256678	4220	3.5643387	0.98760664
256678	4221	3.635591	0.5817574
256678	4222	3.6788578	0.60476875
256678	4223	3.388358	0.8114536
256678	4224	2.6420956	0.4567159
256678	4225	2.4005866	0.8534496
256678	4226	2.4635458	-0.24219671
256678	4227	2.7655773	-0.81611633
256678	4228	1.6472307	1.8991513
256678	4229	2.3214722	2.5911531
256678	4230	3.9479861	1.0325054
256678	4231	2.1113915	0.7837285
256678	4232	2.1668172	0.07229981
256678	4233	2.8695273	0.4620472
256678	4234	2.6436615	0.63812244
256678	4235	2.6798172	0.49217615
256678	4236	3.0233989	0.8141285
256678	4237	3.0043774	0.67527616
256678	4238	3.3638725	1.1869586
256678	4239	3.7541575	0.77605784
256678	4240	3.843296	0.6808814
256678	4241	2.3580842	0.94821036
256678	4242	3.1848989	-0.42018634
256678	4243	3.7348194	-0.54663545
256678	4244	0.8506168	0.45482638
256678	4245	0.94082737	1.0390525
256678	4246	0.89704204	1.065339
256678	4247	0.96904826	0.9781867
256678	4248	2.9661026	0.8221345
256678	4249	1.885357	0.75108385
256678	4250	-0.061707526	1.965455
256678	4251	1.9522551	1.5785882
256678	4252	1.3437214	1.7764671
256678	4253	-0.33652171	2.3232207
256678	4254	-0.22346532	2.474572
256678	4255	1.4446838	2.0322099
256678	4256	2.528761	2.5111809
256678	4257	3.2971325	0.32410547
256678	4258	0.6155367	1.5848844
256678	4259	0.8172699	1.5442998
256678	4260	0.8289007	2.2524083
256678	4261	1.5617977	2.2116663
256678	4262	2.7295027	0.6245408
256678	4263	2.8473043	1.6516054
256678	4264	3.365684	0.8554169
256678	4265	3.3515363	1.9988918
256678	4266	3.5412445	2.035836
256678	4267	3.4609704	1.7556934
256678	4268	3.742498	2.6948092
256678	4269	1.0484008	1.6752138
256678	4270	0.73965466	1.4935737
256678	4271	1.3314189	-0.7380557
256678	4272	1.3632054	-1.0134497
256678	4273	1.0232066	2.7912364
256678	4274	0.38635337	3.4889112
256678	4275	1.14333	2.4814541
256678	4276	0.5451158	3.726487
256678	4277	1.5470363	3.601673
256678	4278	1.9329635	2.980052
256678	4279	2.426879	2.5725408
256678	4280	1.3873521	2.665038
256678	4281	1.8819689	0.82922804
256678	4282	1.9172298	3.6267612
256678	4283	1.1052802	3.674012
256678	4284	1.148767	0.92546916
256678	4285	1.7072028	-0.84545314
256678	4286	1.8776599	-0.7083741
256678	4287	1.7805382	-0.20831093
256678	4288	1.5182453	0.025395244
256678	4289	1.8830005	-0.32366368
256678	4290	1.4483842	-0.07148564
256678	4291	0.9908452	0.3788511
256678	4292	1.5859519	-0.5099798
256678	4293	2.1240988	-0.6643389
256678	4294	2.786244	-0.35825136
256678	4295	2.7369704	-0.033133626
256678	4296	2.9805412	-0.34232393
256678	4297	2.7851324	-0.2810642
256678	4298	2.7805328	-0.3479251
256678	4299	2.8117309	0.4627783
256678	4300	3.0105538	0.54148614
256678	4301	2.9399657	0.7826047
256678	4302	2.7422523	0.9147961
256678	4303	2.7672448	0.89048135
256678	4304	2.484366	2.2546835
256678	4305	3.3097034	2.536233
256678	4306	4.434193	0.8259057
256678	4307	2.8113933	0.79818857
256678	4308	3.4773822	-0.29742593
256678	4309	1.9041406	0.18096378
256678	4310	2.372592	0.53073466
256678	4311	2.423544	1.2373284
256678	4312	3.0657263	0.41361365
256678	4313	3.30539	1.450759
256678	4314	3.1593409	2.184511
256678	4315	3.3787112	-0.008928984
256678	4316	1.9106466	1.155475
256678	4317	0.5185702	0.5971893
256678	4318	1.5416883	-0.70519084
256678	4319	1.3821774	-1.1313907
256678	4320	1.3517579	-0.94844246
256678	4321	1.5786475	-0.85783494
256678	4322	1.3974183	-0.72531974
256678	4323	0.5907073	0.07535645
256678	4324	0.7187413	-0.14932847
256678	4325	1.3071376	-0.560927
256678	4326	1.645085	-0.9125413
256678	4327	1.8257169	-0.40184864
256678	4328	1.7444886	-0.35725635
256678	4329	1.6408778	-0.22865944
256678	4330	1.8672959	-0.56049323
256678	4331	1.9363712	0.15604451
256678	4332	2.1444602	-0.055303395
256678	4333	2.0819902	0.041682273
256678	4334	1.9422153	0.07465741
256678	4335	1.8483521	0.9907781
256678	4336	1.7813588	0.77325463
256678	4337	2.6779904	0.9776149
256678	4338	3.6516643	-0.13134837
256678	4339	3.6278133	0.6988096
256678	4340	3.5642	1.4285797
256678	4341	3.938714	0.8830248
256678	4342	2.660605	0.42166087
256678	4343	2.1873488	1.4115938
256678	4344	1.4206692	0.5767939
256678	4345	1.4823245	0.86552775
256678	4346	1.2414078	1.0369568
256678	4347	1.0990143	-0.63009524
256678	4348	1.5679063	-0.98630595
256678	4349	1.4758296	-0.6115377
256678	4350	1.3580098	-0.38297936
256678	4351	1.2875711	-0.40494618
256678	4352	1.2917861	-0.50099415
256678	4353	2.2085104	-1.3571402
256678	4354	1.3779163	-1.0213891
256678	4355	3.28235	-0.66113216
256678	4356	3.7768083	-0.99517703
256678	4357	3.841373	-0.65956366
256678	4358	4.0309095	-0.72141314
256678	4359	4.356307	-0.9587239
256678	4360	4.3804708	-1.0131856
256678	4361	4.6273	-0.6175137
256678	4362	5.090168	-1.0333298
256678	4363	5.0355864	-1.0659856
256678	4364	5.141627	-1.157971
256678	4365	3.6152759	-1.0712584
256678	4366	3.834145	-0.38570482
256678	4367	3.9702196	-0.5314665
256678	4368	4.2094865	-0.22408669
256678	4369	4.5190253	-0.43286896
256678	4370	4.451414	-0.4024114
256678	4371	4.509476	-0.5361958
256678	4372	4.396818	-1.2419919
256678	4373	0.43637788	0.1231412
256678	4374	0.5007256	0.8072721
256678	4375	0.45010716	0.8389052
256678	4376	1.2693732	0.50350296
256678	4377	1.8351046	-0.31172597
256678	4378	2.083322	-0.05234629
256678	4379	2.246612	-0.19103926
256678	4380	2.3826628	0.44967273
256678	4381	2.5580816	0.14295426
256678	4382	4.2530317	0.6518631
256678	4383	2.513165	1.8758392
256678	4384	1.791624	0.65540814
256678	4385	1.5839325	1.0716951
256678	4386	0.6036135	0.91368234
256678	4387	1.5064408	-0.34653136
256678	4388	1.1377311	-0.67274594
256678	4389	1.5506309	-0.3323123
256678	4390	1.515622	-0.18706489
256678	4391	1.4051596	-0.12686297
256678	4392	1.5341259	-0.27139163
256678	4393	1.9181436	-0.39562577
256678	4394	2.0857754	0.45723197
256678	4395	2.0894752	0.21511301
256678	4396	1.894992	0.26911488
256678	4397	2.1746655	-0.045734197
256678	4398	2.6594305	0.10437909
256678	4399	3.02522	0.44971678
256678	4400	2.9471607	0.43633136
256678	4401	2.824411	0.4030504
256678	4402	2.7697134	0.7310804
256678	4403	2.4344053	1.9812131
256678	4404	2.6111646	1.665988
256678	4405	3.4552836	1.9807591
256678	4406	4.4846935	0.59454334
256678	4407	2.989902	0.45002088
256678	4408	3.7863574	-0.5455448
256678	4409	1.4417925	0.3448082
256678	4410	1.8332106	0.6403415
256678	4411	2.0675225	0.1628795
256678	4412	2.491521	0.60581243
256678	4413	2.4236784	0.5760237
256678	4414	1.7918001	0.3936657
256678	4415	2.0877557	0.8609636
256678	4416	2.4175425	0.29001918
256678	4417	2.5457149	1.0054591
256678	4418	2.2713804	0.3469005
256678	4419	1.7735902	0.3288155
256678	4420	1.7194887	0.50971496
256678	4421	1.5492636	-0.03975427
256678	4422	1.0494554	-0.4651842
256678	4423	1.2063801	-0.98397994
256678	4424	1.1923358	-0.8337021
256678	4425	2.5015922	-0.63443625
256678	4426	2.8540998	-0.8696854
256678	4427	3.0116239	-0.8373992
256678	4428	2.863387	-0.55167055
256678	4429	2.676331	-0.43781692
256678	4430	3.0127144	-0.292293
256678	4431	3.3383384	0.13797328
256678	4432	3.4314737	0.09484205
256678	4433	3.145687	0.15528885
256678	4434	2.7857099	1.6857378
256678	4435	3.480197	1.9913123
256678	4436	4.7278237	0.2138997
256678	4437	3.1641145	0.10911438
256678	4438	3.2015147	0.3113869
256678	4439	2.3172092	-0.00079640746
256678	4440	2.614149	0.54058945
256678	4441	1.9069313	0.3572388
256678	4442	2.30907	0.74649024
256678	4443	2.5617485	0.36549982
256678	4444	1.8933223	1.0986851
256678	4445	0.32112467	0.14974162
256678	4446	1.0411863	-1.1212595
256678	4447	1.0045907	-1.2979838
256678	4448	0.97455406	-1.2451874
256678	4449	0.9714807	-1.2483681
256678	4450	1.0940665	-1.215818
256678	4451	1.2847712	-1.2225057
256678	4452	0.85297835	-0.6681304
256678	4453	0.7411616	-0.5077763
256678	4454	0.59290147	-0.4294667
256678	4455	0.63726306	-0.5354573
256678	4456	0.8969866	-0.7964696
256678	4457	0.61307967	-0.85977364
256678	4458	2.7488623	-0.5352765
256678	4459	3.2958837	-0.7411525
256678	4460	3.3620005	-0.003301859
256678	4461	3.111793	0.5465586
256678	4462	3.712823	0.04100415
256678	4463	3.7545757	0.03082344
256678	4464	4.082212	-0.40515244
256678	4465	2.6502595	-0.3097451
256678	4466	2.9724174	0.47261629
256678	4467	3.4843292	0.56875825
256678	4468	3.7363443	0.29106042
256678	4469	3.689537	0.6958164
256678	4470	3.0467157	-0.13247442
256678	4471	0.37652737	1.2978024
256678	4472	0.66076493	1.2057564
256678	4473	0.83955634	1.68658
256678	4474	1.5730473	1.3977337
256678	4475	2.3820395	0.094393164
256678	4476	2.8292813	0.052572638
256678	4477	2.7485394	0.6320143
256678	4478	2.6913867	1.7434475
256678	4479	3.2040763	0.9312892
256678	4480	3.7722816	2.3174574
256678	4481	2.572091	3.3168757
256678	4482	2.4313393	1.6133401
256678	4483	1.914797	1.737752
256678	4484	0.9881717	1.7211449
256678	4485	1.1474372	-0.55547994
256678	4486	0.855916	-0.58143485
256678	4487	0.8520769	-0.38988057
256678	4488	0.7816756	-0.30656916
256678	4489	0.81367946	0.49850002
256678	4490	0.418665	0.8488351
256678	4491	0.34793925	0.86309814
256678	4492	0.38579792	0.8378602
256678	4493	1.045745	0.51049256
256678	4494	0.8291383	0.6866627
256678	4495	1.0286433	0.62130725
256678	4496	1.3220838	0.35722807
256678	4497	1.3549751	0.36065045
256678	4498	1.3887008	0.37592342
256678	4499	1.4531692	0.31008568
256678	4500	1.9879013	-0.35038593
256678	4501	2.2129183	-0.23479709
256678	4502	2.353055	-0.365477
256678	4503	2.3331017	0.82560015
256678	4504	2.6813393	0.9798045
256678	4505	2.708581	0.89777696
256678	4506	2.3166323	1.3002639
256678	4507	2.2657208	1.299041
256678	4508	2.2817807	1.2811743
256678	4509	2.1814933	1.3785579
256678	4510	1.8641409	2.8257709
256678	4511	1.9705521	2.4473062
256678	4512	2.885479	2.9547846
256678	4513	3.812932	1.6792121
256678	4514	2.0855513	1.6103404
256678	4515	2.4577312	1.5283501
256678	4516	3.1477318	0.07877514
256678	4517	3.3816133	1.361828
256678	4518	1.3550979	1.3662384
256678	4519	1.9484376	0.5293337
256678	4520	2.3415465	1.3751068
256678	4521	3.6281462	2.349317
256678	4522	1.3269703	1.4294951
256678	4523	1.2724528	1.4000738
256678	4524	1.1599594	1.671984
256678	4525	2.0495605	2.0154111
256678	4526	0.6997429	1.4415829
256678	4527	0.7109041	1.644386
256678	4528	0.6700274	1.7314613
256678	4529	1.0831978	-0.36091444
256678	4530	0.9126128	-0.20780376
256678	4531	1.1467957	0.25062892
256678	4532	0.70632696	0.65374625
256678	4533	0.738186	0.6105715
256678	4534	0.89002895	1.6059422
256678	4535	0.49287057	1.6922975
256678	4536	0.5346832	1.7737398
256678	4537	0.6393918	1.4883355
256678	4538	0.7604991	1.2053226
256678	4539	0.8123398	1.2329161
256678	4540	1.6837584	0.23207375
256678	4541	1.9616603	0.16898015
256678	4542	2.1497068	0.47620544
256678	4543	2.0437732	1.7838407
256678	4544	1.860392	1.6220477
256678	4545	1.6471499	1.6595507
256678	4546	1.6697525	1.6217875
256678	4547	2.1618	2.0844727
256678	4548	2.0535197	1.8794684
256678	4549	2.0527487	3.0450022
256678	4550	1.9430896	2.7286122
256678	4551	1.121889	2.5405488
256678	4552	2.1741896	3.083933
256678	4553	2.8646407	3.1052647
256678	4554	3.1228762	2.553517
256678	4555	3.427999	2.1293542
256678	4556	3.2979999	2.1898646
256678	4557	2.3371534	0.81894875
256678	4558	1.96935	0.1984277
256678	4559	1.9872423	-0.41153494
256678	4560	1.9122666	0.019421548
256678	4561	2.4159641	0.21814665
256678	4562	2.470643	0.83478415
256678	4563	2.533136	1.316306
256678	4564	2.5246768	1.1496714
256678	4565	2.4650297	1.1473612
256678	4566	2.664723	-0.1078434
256678	4567	1.1092118	1.2054416
256678	4568	3.2652173	0.94712365
256678	4569	3.408584	1.1062922
256678	4570	2.835947	0.40957794
256678	4571	0.1424126	1.809983
256678	4572	0.11055225	1.8267062
256678	4573	0.23068076	2.4146118
256678	4574	0.87760866	2.3204472
256678	4575	1.8595492	0.4944308
256678	4576	2.356988	1.0812736
256678	4577	2.4520197	2.1277115
256678	4578	3.0029998	1.2546837
256678	4579	3.4722967	2.4569411
256678	4580	2.897787	2.9853432
256678	4581	2.8334184	1.8381078
256678	4582	2.8136854	0.8969101
256678	4583	2.9761162	1.1310593
256678	4584	0.64278436	-0.24812292
256678	4585	0.91173327	-0.7690473
256678	4586	1.0621389	-0.7207023
256678	4587	1.6079317	-0.72835326
256678	4588	1.7245568	-0.47242734
256678	4589	1.6084274	0.52209496
256678	4590	1.0572809	0.8655355
256678	4591	0.9527073	0.9135337
256678	4592	0.9381058	0.79728115
256678	4593	0.7065848	0.9109446
256678	4594	1.2008064	-0.22651151
256678	4595	1.6469859	-0.111326516
256678	4596	1.7778434	0.55832815
256678	4597	1.77308	0.40197203
256678	4598	1.6804887	0.48271695
256678	4599	2.1832113	-0.095788896
256678	4600	2.2900786	-0.057748854
256678	4601	2.3143759	0.020394892
256678	4602	2.52325	0.57814157
256678	4603	2.819542	1.0609233
256678	4604	2.7673087	1.0423975
256678	4605	2.6057835	1.0360985
256678	4606	2.6848946	0.9379332
256678	4607	2.4468255	2.0372188
256678	4608	2.993465	2.5080132
256678	4609	4.1292195	0.9436209
256678	4610	2.9945002	0.39116088
256678	4611	2.0929117	0.044293612
256678	4612	2.2701283	0.17647806
256678	4613	2.5614877	0.76988506
256678	4614	2.7542958	1.0977587
256678	4615	2.8935175	2.1319752
256678	4616	3.5605025	1.1398362
256678	4617	3.2381282	2.3964071
256678	4618	3.8810997	0.76958203
256678	4619	2.9436035	-0.20266587
256678	4620	2.377563	-0.27893174
256678	4621	2.6035357	-0.8800844
256678	4622	2.0797906	-0.13789308
256678	4623	2.5666118	-0.058441907
256678	4624	1.6349472	-0.17272964
256678	4625	2.2285037	-0.6023928
256678	4626	2.0363226	-0.10866684
256678	4627	1.6387137	0.046924144
256678	4628	1.5784205	0.35078022
256678	4629	1.2640368	0.4107174
256678	4630	1.0423262	0.8019781
256678	4631	0.6955687	1.351655
256678	4632	0.7331822	0.902933
256678	4633	1.2344459	0.5606773
256678	4634	1.2840477	0.7076961
256678	4635	1.8841847	0.090729505
256678	4636	2.06784	0.2513493
256678	4637	2.1217637	1.2607144
256678	4638	2.3288226	1.0406979
256678	4639	2.4535003	0.8904551
256678	4640	2.2158747	1.0451765
256678	4641	2.077157	2.1526268
256678	4642	2.821844	2.6427042
256678	4643	4.212984	0.6388577
256678	4644	3.5359335	0.39047155
256678	4645	3.4739666	0.7364378
256678	4646	3.3533149	1.711204
256678	4647	3.4554787	2.3390546
256678	4648	4.2401357	0.31445572
256678	4649	2.094851	1.6041701
256678	4650	1.3654385	0.7051227
256678	4651	1.4260223	0.4887198
256678	4652	2.0791821	-1.3065718
256678	4653	1.8999115	-1.2669493
256678	4654	1.9518625	-1.0847346
256678	4655	1.6469849	-0.41268936
256678	4656	1.3965298	-0.193017
256678	4657	1.2934694	-0.13820162
256678	4658	1.3398458	-0.19381967
256678	4659	1.3866266	-0.2947663
256678	4660	1.7264675	-0.53897357
256678	4661	2.5303078	-0.12911204
256678	4662	3.2930121	-0.5808532
256678	4663	3.1197572	0.73343873
256678	4664	3.3334332	1.244279
256678	4665	3.884437	0.4260997
256678	4666	4.024588	0.38109764
256678	4667	2.9248915	0.12918517
256678	4668	2.7638144	1.577107
256678	4669	3.4337163	1.7411327
256678	4670	3.56996	0.7888081
256678	4671	3.500867	0.8236426
256678	4672	3.5430102	0.18647996
256678	4673	2.6201196	2.6925752
256678	4674	3.1177287	2.7220721
256678	4675	3.8646297	0.7693647
256678	4676	3.361322	2.5471523
256678	4677	2.988708	1.233293
256678	4678	2.78694	1.36807
256678	4679	3.2129893	2.5457766
256678	4680	4.409267	1.0685376
256678	4681	4.2672353	2.3105118
256678	4682	3.789877	1.5499628
256678	4683	3.4405375	1.0485055
256678	4684	2.790872	-0.10832676
256678	4685	3.5740333	0.40631434
256678	4686	3.5658526	0.36683235
256678	4687	2.7394652	2.3341925
256678	4688	3.1454496	2.8442194
256678	4689	3.6193247	1.8339074
256678	4690	1.3799746	1.0365772
256678	4691	1.4779165	1.0932043
256678	4692	1.5690595	2.2042928
256678	4693	3.717927	2.014257
256678	4694	4.4833245	1.2200515
256678	4695	4.66056	1.2188131
256678	4696	4.555652	1.3657529
256678	4697	4.0375786	-0.67773646
256678	4698	3.3195462	1.2212138
256678	4699	3.577702	0.8587704
256678	4700	3.6250067	2.3229215
256678	4701	4.2832723	0.23825517
256678	4702	4.6559825	0.3099778
256678	4703	1.9330155	0.99174774
256678	4704	2.2188082	1.061482
256678	4705	0.8759352	1.1042966
256678	4706	1.270922	0.5281563
256678	4707	3.3391185	1.3099055
256678	4708	2.7643633	2.5290813
256678	4709	3.7719507	2.7033882
256678	4710	4.195707	0.55583525
256678	4711	1.807619	1.0066094
256678	4712	2.3197217	0.827898
256678	4713	4.0714526	1.5286001
256678	4714	3.8101883	1.763108
256678	4715	4.252038	1.5219082
256678	4716	4.652972	-0.33568016
256678	4717	1.6280781	0.83585167
256678	4718	1.9797589	0.74909914
256678	4719	2.3099241	1.2722843
256678	4720	2.215323	1.2799871
256678	4721	2.7270608	0.7231755
256678	4722	3.0341673	1.5370587
256678	4723	3.182788	1.2642001
256678	4724	3.2055292	2.2542944
256678	4725	3.8171077	1.6510308
256678	4726	3.6880898	2.7070937
256678	4727	3.2833204	3.166163
256678	4728	2.3298788	2.9007926
256678	4729	1.3998489	0.91910386
256678	4730	1.6328069	0.2930651
256678	4731	1.3962067	0.27313277
256678	4732	1.348919	0.3786876
256678	4733	1.3062538	0.44585177
256678	4734	0.7752006	0.34877047
256678	4735	1.0328097	-0.17023793
256678	4736	1.4167455	0.03583318
256678	4737	0.93292165	2.3885622
256678	4738	0.46208	2.419329
256678	4739	0.9988961	2.5264106
256678	4740	1.4340961	1.0480388
256678	4741	1.651678	0.31748495
256678	4742	1.1178896	3.2277226
256678	4743	1.7311355	3.464847
256678	4744	3.1537871	1.9827435
256678	4745	3.5312018	0.9428754
256678	4746	3.2848668	0.3564199
256678	4747	1.7455567	-0.3310122
256678	4748	1.7485119	-0.16962454
256678	4749	1.4815452	0.17033055
256678	4750	1.0847963	0.906073
256678	4751	1.5215842	1.0572882
256678	4752	1.4325314	0.94237125
256678	4753	1.3815023	0.94320786
256678	4754	1.2644621	2.0238109
256678	4755	1.8087195	2.3021061
256678	4756	2.704327	2.2702415
256678	4757	2.724059	3.2142348
256678	4758	3.2197237	2.4646075
256678	4759	2.7758493	0.7438611
256678	4760	1.5882345	-0.39938816
256678	4761	1.2078891	3.1114974
256678	4762	1.2037499	3.3870604
256678	4763	1.0829682	3.2347238
256678	4764	2.18636	2.958947
256678	4765	2.4115934	1.3451309
256678	4766	1.3165262	0.5489385
256678	4767	1.686119	-0.6290525
256678	4768	2.0911617	-0.35690352
256678	4769	1.8284327	-0.5065222
256678	4770	1.8210989	-0.40513396
256678	4771	2.1955633	-0.28902477
256678	4772	2.8056526	0.19295171
256678	4773	2.2588925	1.7474647
256678	4774	1.963015	2.0897205
256678	4775	2.3754148	2.6892881
256678	4776	2.5174708	2.1151547
256678	4777	2.6228604	1.902313
256678	4778	1.3092251	2.2346725
256678	4779	1.8590871	3.1065073
256678	4780	2.71111	3.3270707
256678	4781	3.994358	1.8812647
256678	4782	3.3894467	0.82676053
256678	4783	3.2758913	2.3919296
256678	4784	3.9845471	1.3515115
256678	4785	4.6577497	0.74661136
256678	4786	4.064881	2.2587926
256678	4787	4.1823945	2.3008795
256678	4788	3.247972	1.7560577
256678	4789	3.7500567	2.7230887
256678	4790	3.7208138	2.8348875
256678	4791	0.8221804	2.9385757
256678	4792	1.5570165	0.029737532
256678	4793	1.5108227	0.36054578
256678	4794	1.7488092	0.3152531
256678	4795	1.9522303	0.32444975
256678	4796	2.2889614	-0.016299516
256678	4797	2.4905543	0.016797751
256678	4798	2.3544207	-0.06272462
256678	4799	1.9533147	0.8973764
256678	4800	1.7596501	1.6063554
256678	4801	2.47053	1.7828896
256678	4802	2.3913932	2.7799294
256678	4803	3.0495286	3.1409495
256678	4804	4.2476435	1.5481918
256678	4805	3.7866087	0.66844165
256678	4806	3.9465294	0.78608227
256678	4807	3.8068948	2.006885
256678	4808	3.9393082	2.7753987
256678	4809	2.9998388	-0.47549307
256678	4810	3.0178022	-1.1760733
256678	4811	3.130158	-0.85100937
256678	4812	2.723195	-0.7939538
256678	4813	3.1291184	-0.5158845
256678	4814	1.9353596	0.40892592
256678	4815	1.5714599	0.6200193
256678	4816	2.430965	0.6534203
256678	4817	2.4846692	0.16378626
256678	4818	2.3532872	0.16627344
256678	4819	2.3460484	-0.12177718
256678	4820	2.18886	1.0547467
256678	4821	2.3175702	0.8246654
256678	4822	2.4055247	1.4036362
256678	4823	2.4428883	2.36032
256678	4824	2.3266048	0.9137578
256678	4825	4.036226	-0.30462152
256678	4826	3.258277	1.2030679
256678	4827	3.6239276	0.4860972
256678	4828	1.3876898	0.58112025
256678	4829	1.3108104	0.42800626
256678	4830	1.7804247	0.45947656
256678	4831	2.4915261	-0.57024133
256678	4832	2.9551053	-0.26965404
256678	4833	2.79594	0.6414902
256678	4834	3.0571728	0.14601216
256678	4835	3.520989	0.82402027
256678	4836	4.59158	1.4127203
256678	4837	4.2226286	0.20313987
256678	4838	4.101697	-0.13368183
256678	4839	3.7071762	1.3753451
256678	4840	4.242646	0.6868385
256678	4841	4.2079906	2.2982876
256678	4842	4.4948835	-0.06438935
256678	4843	3.7018805	2.0497708
256678	4844	4.1832976	2.5049064
256678	4845	4.6469126	0.78370476
256678	4846	4.0242143	0.44094834
256678	4847	3.6615295	2.147303
256678	4848	4.075001	2.5262644
256678	4849	4.465455	-0.043174535
256678	4850	3.5362196	0.032591343
256678	4851	3.72395	0.023957968
256678	4852	3.7094069	0.021708906
256678	4853	2.4904766	-0.13900754
256678	4854	2.7525306	0.8343617
256678	4855	2.9618688	1.5710881
256678	4856	4.528288	1.1813039
256678	4857	4.447459	1.723036
256678	4858	3.8095016	2.476914
256678	4859	3.3669481	2.8531702
256678	4860	3.1337032	3.3560472
256678	4861	3.3592257	3.4009435
256678	4862	3.5592017	3.210317
256678	4863	2.8919764	3.8745015
256678	4864	1.0739716	4.454066
256678	4865	1.011936	4.624094
256678	4866	1.526224	4.464591
256678	4867	1.3063234	4.5897264
256678	4868	1.2474713	4.754215
256678	4869	1.2903807	4.74606
256678	4870	1.2747972	4.0250974
256678	4871	1.9722568	4.185962
256678	4872	2.092493	4.360138
256678	4873	2.0374408	4.432141
256678	4874	1.8514434	3.4923887
256678	4875	1.8297037	3.53223
256678	4876	2.447033	3.9723628
256678	4877	2.5103612	3.738075
256678	4878	2.9096665	4.0075307
256678	4879	2.2891068	3.7493718
256678	4880	1.8879536	2.889797
256678	4881	2.468511	2.4960735
256678	4882	2.5076437	2.5141158
256678	4883	2.062698	2.73804
256678	4884	1.3608198	3.4984598
256678	4885	1.3887167	3.536442
256678	4886	1.668317	3.2341995
256678	4887	1.4287437	3.4837875
256678	4888	1.9678048	3.3117497
256678	4889	2.270268	2.9349618
256678	4890	2.6201596	3.9749439
256678	4891	2.6790004	3.6906197
256678	4892	1.1801673	3.2131522
256678	4893	2.338162	3.060371
256678	4894	1.681574	3.568919
256678	4895	1.8307558	3.4572768
256678	4896	2.3434663	3.264926
256678	4897	2.2514062	2.9453127
256678	4898	2.2328482	2.9837008
256678	4899	2.252489	2.8638387
256678	4900	1.2238169	3.0347297
256678	4901	1.3219987	3.4034402
256678	4902	1.529318	3.1251066
256678	4903	2.1774907	2.4918585
256678	4904	3.3439474	2.4452088
256678	4905	3.830093	2.9675293
256678	4906	4.332471	2.096497
256678	4907	4.2439947	2.3996146
256678	4908	4.0916495	2.2928934
256678	4909	3.7772827	2.7604074
256678	4910	3.8894644	2.6833146
256678	4911	4.0711293	2.4505115
256678	4912	3.7723074	2.6762357
256678	4913	3.4141893	3.0009286
256678	4914	3.330474	3.020702
256678	4915	3.8956385	2.731888
256678	4916	4.7921724	1.5017122
256678	4917	4.0150466	2.9525466
256678	4918	3.7631345	1.9777737
256678	4919	4.207232	1.5988421
256678	4920	1.6506494	2.1050973
256678	4921	2.9342675	2.4477859
256678	4922	2.173553	1.5415866
256678	4923	1.503297	1.5157276
256678	4924	1.9177071	2.2122545
256678	4925	2.375794	0.27093717
256678	4926	3.1656046	0.12980452
256678	4927	2.7704902	1.433422
256678	4928	4.322227	1.9593654
256678	4929	3.537871	0.6211456
256678	4930	3.5975728	0.6486912
256678	4931	2.3966002	2.266158
256678	4932	1.9021782	1.8959677
256678	4933	1.5627748	0.8910991
256678	4934	1.6006862	1.7806633
256678	4935	2.0606346	2.0079303
256678	4936	4.095632	2.3496933
256678	4937	3.4808383	1.1847548
256678	4938	2.7247615	1.5809453
256678	4939	2.8862329	1.7557693
256678	4940	2.82369	2.837652
256678	4941	3.1564407	1.9395053
256678	4942	3.2552981	2.0609686
256678	4943	3.0576096	2.0302696
256678	4944	3.1603165	0.91184974
256678	4945	3.6297712	0.6677971
256678	4946	4.08326	2.0906534
256678	4947	3.588512	2.5184033
256678	4948	3.2843976	2.7475183
256678	4949	3.2643485	2.7707667
256678	4950	3.1374698	2.8824081
256678	4951	3.553371	2.5202096
256678	4952	3.353994	2.7847993
256678	4953	4.018199	2.3070338
256678	4954	3.6392946	2.7601273
256678	4955	4.014702	2.3562787
256678	4956	3.4732246	0.7289649
256678	4957	3.4853697	0.6928921
256678	4958	3.6931205	1.4414628
256678	4959	1.3276719	1.8029969
256678	4960	2.3695712	1.785996
256678	4961	4.3622065	1.747087
256678	4962	3.8004856	0.9998796
256678	4963	2.5496101	3.219844
256678	4964	2.8258018	2.0528212
256678	4965	3.398697	0.6859572
256678	4966	3.3427196	2.4742262
256678	4967	3.7156944	2.7796867
256678	4968	3.6005883	0.8688005
256678	4969	1.0264337	2.0379663
256678	4970	1.4462053	1.8946412
256678	4971	1.8425673	2.2194214
256678	4972	1.7826396	1.1330819
256678	4973	1.7723476	1.581408
256678	4974	1.618368	1.8141475
256678	4975	2.240386	2.1853924
256678	4976	2.0598598	0.8826976
256678	4977	3.9417982	1.7649307
256678	4978	3.8540812	1.1351374
256678	4979	3.5866761	2.180719
256678	4980	3.463183	2.4318273
256678	4981	2.558279	2.672634
256678	4982	2.9194145	2.2758029
256678	4983	2.2858396	2.096574
256678	4984	1.8298129	2.7720656
256678	4985	1.79875	2.6790993
256678	4986	2.4442801	3.3410022
256678	4987	2.4894018	2.6608691
256678	4988	2.165306	3.253688
256678	4989	2.5762773	3.0980966
256678	4990	3.3401303	0.94255865
256678	4991	2.0661445	1.0351746
256678	4992	2.3820992	1.0202672
256678	4993	2.7467422	1.3745216
256678	4994	3.8968873	2.020596
256678	4995	3.0284534	1.2321242
256678	4996	1.8723787	1.3734795
256678	4997	1.7543684	1.3595254
256678	4998	1.3030802	1.1141053
256678	4999	1.9787134	1.0973487
256678	5000	1.3154714	0.8910661
256678	5001	1.729868	0.5419754
256678	5002	1.5941173	1.5011649
256678	5003	3.7877092	1.6965735
256678	5004	3.3300614	1.5328139
256678	5005	3.289188	0.70796406
256678	5006	1.6770493	1.152528
256678	5007	1.4007487	0.9500979
256678	5008	1.9134632	1.0193889
256678	5009	1.93249	0.8495033
256678	5010	2.0100794	1.7708764
256678	5011	3.7833886	2.2472537
256678	5012	3.550325	0.7596928
256678	5013	3.3095021	0.26648584
256678	5014	1.111254	0.98078
256678	5015	1.0008035	1.4183166
256678	5016	2.7215962	1.451109
256678	5017	2.3898911	1.2076834
256678	5018	2.0353494	2.0161998
256678	5019	2.9435005	1.2277792
256678	5020	0.95209527	1.1696105
256678	5021	0.8607675	1.0861678
256678	5022	1.2425696	1.0323416
256678	5023	1.3878458	0.7548269
256678	5024	1.3468841	1.4875752
256678	5025	1.3515195	1.5036334
256678	5026	3.7245445	1.5762937
256678	5027	3.726935	0.6539757
256678	5028	3.3652844	0.07268247
256678	5029	3.199326	0.14544204
256678	5030	3.0524282	0.4175026
256678	5031	0.9530195	0.8257667
256678	5032	0.70289886	1.2923958
256678	5033	1.2226168	0.9353061
256678	5034	1.3051193	0.7999301
256678	5035	1.3900145	1.3943443
256678	5036	3.6017308	1.601299
256678	5037	3.0199728	1.7370617
256678	5038	2.6790853	0.1403431
256678	5039	2.7797117	0.9132706
256678	5040	2.745175	0.714036
256678	5041	2.7823586	0.9047135
256678	5042	1.4080173	0.9099338
256678	5043	0.9610088	0.82499707
256678	5044	1.0751568	0.92752504
256678	5045	1.5378743	0.7170656
256678	5046	1.5010711	0.6712457
256678	5047	1.477887	1.2893676
256678	5048	1.3111321	1.4578221
256678	5049	1.8477927	1.8332431
256678	5050	3.7623272	2.0741284
256678	5051	2.776195	1.2970432
256678	5052	2.2016082	1.1485454
256678	5053	2.1409516	0.5004289
256678	5054	1.4216499	1.4331398
256678	5055	1.6976992	2.2706752
256678	5056	1.6454664	2.0067065
256678	5057	2.380033	2.602571
256678	5058	2.4960775	2.5872748
256678	5059	2.116179	1.8734853
256678	5060	1.7406951	2.1011717
256678	5061	2.2773829	3.0786
256678	5062	2.9287157	0.736804
256678	5063	3.286553	0.5601741
256678	5064	4.2535276	1.5499818
256678	5065	3.7459044	1.5083656
256678	5066	3.711504	1.9481704
256678	5067	2.5966105	1.0897533
256678	5068	2.4283767	2.610324
256678	5069	3.8692331	2.6306524
256678	5070	3.7296247	1.438302
256678	5071	3.6230335	1.0791998
256678	5072	3.24434	2.8005447
256678	5073	2.0255413	2.347974
256678	5074	3.736261	2.7771497
256678	5075	3.6308856	1.4348865
256678	5076	3.8597198	1.258361
256678	5077	3.7393618	1.6866484
256678	5078	2.5848475	0.89175963
256678	5079	2.4471216	2.6079478
256678	5080	3.7419953	2.721641
256678	5081	3.6302643	1.5034008
256678	5082	3.4787097	0.87569845
256678	5083	3.4776173	2.1194913
256678	5084	3.7184658	1.6323681
256678	5085	3.3421063	2.200924
256678	5086	4.7186713	0.6841321
256678	5087	2.319748	1.2009637
256678	5088	2.7157402	0.22498754
256678	5089	2.9404492	1.1118209
256678	5090	2.706728	0.9143121
256678	5091	2.5847054	1.028668
256678	5092	2.6189456	1.01939
256678	5093	2.663084	1.0055573
256678	5094	2.7169375	0.9836098
256678	5095	3.773602	1.9610271
256678	5096	3.4655776	1.9880185
256678	5097	2.5309653	1.707931
256678	5098	2.1529417	1.5217826
256678	5099	2.0693913	1.7946961
256678	5100	1.9451407	1.8499901
256678	5101	3.8937063	0.5719732
256678	5102	3.9496384	1.5336987
256678	5103	3.4515405	2.3849447
256678	5104	3.9683528	1.870055
256678	5105	4.6963143	0.9316951
256678	5106	4.73493	0.7565981
256678	5107	4.4434695	-0.7291304
256678	5108	1.7055856	0.28437033
256678	5109	1.7581044	1.1791073
256678	5110	1.8952845	0.9084282
256678	5111	1.7845753	0.9645364
256678	5112	0.9117876	1.2042001
256678	5113	3.6351194	0.8853941
256678	5114	3.126987	2.0126445
256678	5115	3.2196321	1.8981774
256678	5116	2.0990343	1.3358415
256678	5117	1.1307702	1.493535
256678	5118	1.4054652	1.3107041
256678	5119	1.2958047	1.3192142
256678	5120	1.3264996	1.2618856
256678	5121	1.3430579	1.2769008
256678	5122	1.3641169	1.2464514
256678	5123	1.3528875	1.1871091
256678	5124	3.5686364	1.4620628
256678	5125	3.0980706	1.8822672
256678	5126	3.3613458	0.7130085
256678	5127	3.6672144	0.45629248
256678	5128	4.0886474	0.2798343
256678	5129	3.9368267	0.92072105
256678	5130	3.91322	0.90084517
256678	5131	2.6050868	0.1230115
256678	5132	0.38484228	1.0746887
256678	5133	0.7371578	1.5986056
256678	5134	1.0752597	1.6070771
256678	5135	1.2979126	1.3299781
256678	5136	1.0956594	1.3795626
256678	5137	3.4735494	1.4805126
256678	5138	2.785149	2.7572527
256678	5139	2.0655031	2.058168
256678	5140	2.2998881	1.5572
256678	5141	2.268352	2.0378458
256678	5142	1.1719116	1.37832
256678	5143	1.4740099	2.3636043
256678	5144	3.5200257	2.6070015
256678	5145	3.1804075	1.2859786
256678	5146	2.8549976	0.8094307
256678	5147	0.9503565	1.6263304
256678	5148	0.77287567	1.3836169
256678	5149	0.9230317	1.2733347
256678	5150	3.136334	0.9549241
256678	5151	3.0489826	1.0798426
256678	5152	0.25629926	1.721416
256678	5153	0.48367578	1.7973826
256678	5154	2.5274158	1.7406185
256678	5155	3.129849	1.2895067
256678	5156	0.7427772	1.3709614
256678	5157	0.78609216	1.4171494
256678	5158	2.6645756	1.2768369
256678	5159	2.4513583	1.8633504
256678	5160	3.1590304	1.2360557
256678	5161	0.6573707	1.4406661
256678	5162	0.82344997	1.3914098
256678	5163	2.6835175	1.3107318
256678	5164	3.1761193	1.113491
256678	5165	3.0718575	1.6603155
256678	5166	2.739346	1.8622079
256678	5167	0.33923423	1.6896024
256678	5168	2.5361614	1.5444696
256678	5169	0.062847495	1.8878441
256678	5170	0.48086703	1.8669038
256678	5171	2.8231163	1.785048
256678	5172	2.9875884	1.5636249
256678	5173	3.3884244	1.431563
256678	5174	3.305469	1.5416846
256678	5175	3.4241624	1.6092968
256678	5176	3.0892715	1.8164465
256678	5177	3.1568098	2.1274822
256678	5178	0.8935877	3.3687992
256678	5179	3.1303744	3.1508327
256678	5180	2.4073958	2.4300625
256678	5181	2.2046022	3.8904483
256678	5182	2.1286836	3.873586
256678	5183	2.6552463	3.49304
256678	5184	3.2033167	3.0706153
256678	5185	3.4120855	3.6112096
256678	5186	3.7081761	3.384212
256678	5187	3.5403962	3.440282
256678	5188	3.517568	3.5715091
256678	5189	3.7692657	3.32653
256678	5190	3.2560205	1.9966722
256678	5191	3.2682295	1.8960772
256678	5192	3.1029954	3.2089832
256678	5193	2.0509615	2.8410137
256678	5194	2.3141408	2.619352
256678	5195	3.561975	3.1659389
256678	5196	3.1351452	3.5720842
256678	5197	2.8856783	3.1670105
256678	5198	3.2383156	2.8502207
256678	5199	3.708734	2.2943785
256678	5200	4.2189198	1.513187
256678	5201	1.7626241	2.1244643
256678	5202	2.3395905	1.635098
256678	5203	3.683422	2.2515893
256678	5204	2.4740777	2.2250528
256678	5205	3.5504818	2.489371
256678	5206	2.567153	2.149655
256678	5207	3.4494119	2.5866618
256678	5208	2.937838	3.1696665
256678	5209	2.8313622	3.3136363
256678	5210	3.530538	3.5888116
256678	5211	3.9766169	3.302099
256678	5212	3.7483568	3.4942486
256678	5213	3.1939716	3.0325274
256678	5214	3.0082011	2.356478
256678	5215	2.7139149	3.8721478
256678	5216	2.818615	3.6109645
256678	5217	3.0163884	3.3910615
256678	5218	2.9198542	3.4985878
256678	5219	3.980876	2.9486907
256678	5220	2.1084185	3.8864458
256678	5221	2.4725518	3.875419
256678	5222	3.0014267	3.4090211
256678	5223	2.2299037	3.7853024
256678	5224	1.3989853	4.7322717
256678	5225	1.0340574	4.5633163
256678	5226	1.2727371	3.0349486
256678	5227	0.8284308	2.8721275
256678	5228	0.8246701	2.9142644
256678	5229	0.99125683	2.695011
256678	5230	1.0941503	2.6724641
256678	5231	1.0974797	2.583242
256678	5232	1.5300545	2.1200488
256678	5233	1.1759095	2.771638
256678	5234	0.387394	4.0421333
256678	5235	0.096588075	4.6410217
256678	5236	2.3000574	1.2695829
256678	5237	2.5447602	2.5684388
256678	5238	2.6194353	3.391372
256678	5239	3.015634	2.6697447
256678	5240	2.7276359	2.7662036
256678	5241	1.3882617	3.6361806
256678	5242	0.48035938	2.6006756
256678	5243	2.2617588	3.0617406
256678	5244	1.8318375	3.2115724
256678	5245	1.6132225	3.439157
256678	5246	1.022599	3.4796467
256678	5247	1.0462384	2.4828365
256678	5248	0.90515196	2.979831
256678	5249	2.865015	0.99490285
256678	5250	0.9860586	1.1179954
256678	5251	0.43673027	1.4435071
256678	5252	0.33809566	2.5282848
256678	5253	0.35123634	2.2507892
256678	5254	2.017949	2.6164927
256678	5255	1.860061	2.8197157
256678	5256	1.7917534	1.4037948
256678	5257	1.5986162	1.3146174
256678	5258	0.7322973	1.6544716
256678	5259	0.14855272	2.0301373
256678	5260	1.6823384	2.0703828
256678	5261	0.2761376	4.1288333
256678	5262	0.63006544	4.1849265
256678	5263	0.27325606	3.9152663
256678	5264	0.56443727	3.895479
256678	5265	1.0820757	3.211697
256678	5266	2.5470462	1.4577044
256678	5267	1.2774287	1.6680751
256678	5268	1.4215914	2.468744
256678	5269	1.1746688	1.5316051
256678	5270	1.2063506	2.3665617
256678	5271	0.9263302	1.0862309
256678	5272	1.3463868	0.9550772
256678	5273	1.5511955	1.332462
256678	5274	1.7225293	2.0275178
256678	5275	1.8822135	1.6406386
256678	5276	1.9798533	1.5433388
256678	5277	2.2438178	2.2335622
256678	5278	2.193541	0.6836817
256678	5279	1.9102212	0.6552714
256678	5280	1.4542953	0.4619517
256678	5281	1.3508456	1.4454092
256678	5282	2.0292764	0.46984592
256678	5283	0.47283697	0.26098064
256678	5284	0.90093184	0.22756907
256678	5285	1.0759333	0.20415667
256678	5286	1.8749262	1.2296897
256678	5287	2.2520018	0.4985316
256678	5288	2.317914	1.3956447
256678	5289	2.445581	1.5972018
256678	5290	1.0216035	1.6138535
256678	5291	0.70684135	2.6064224
256678	5292	0.7442076	2.5925534
256678	5293	1.152132	2.1909573
256678	5294	1.6075138	2.5078454
256678	5295	1.9223536	2.6000364
256678	5296	2.599493	0.770759
256678	5297	2.470118	0.5302285
256678	5298	3.9900432	1.0043993
256678	5299	3.009552	0.48225108
256678	5300	1.5991989	2.8763607
256678	5301	1.196248	1.806128
256678	5302	-0.0818257	2.75792
256678	5303	0.4962914	2.7487605
256678	5304	0.59797764	2.2405
256678	5305	1.1023301	2.4343355
256678	5306	1.1829234	2.087538
256678	5307	0.6208948	2.3452218
256678	5308	0.8819256	3.1694293
256678	5309	2.9580512	3.0973668
256678	5310	2.7541032	1.3748267
256678	5311	2.1266346	1.2032256
256678	5312	0.41384536	1.848845
256678	5313	-0.23255706	1.9229727
256678	5314	1.7681261	1.9171314
256678	5315	-0.41105008	2.158656
256678	5316	-0.71307474	2.1343029
256678	5317	1.5192031	1.8335683
256678	5318	-0.17429587	2.6276026
256678	5319	-0.5835461	2.3557444
256678	5320	1.5973128	2.0357544
256678	5321	0.08727473	2.0343916
256678	5322	-0.4853779	2.1509683
256678	5323	-0.14790007	2.1454084
256678	5324	0.06488323	2.2942293
256678	5325	0.25482255	2.9208336
256678	5326	2.771707	2.40925
256678	5327	2.694778	0.7296158
256678	5328	2.5115519	0.21361968
256678	5329	0.18988079	1.17831
256678	5330	-0.49490467	1.3323947
256678	5331	-0.39490843	1.6522205
256678	5332	-0.020027965	1.6653986
256678	5333	0.13196647	1.4347593
256678	5334	0.1894942	1.2347358
256678	5335	0.19572443	2.287642
256678	5336	2.6173792	1.877542
256678	5337	2.331541	0.122721165
256678	5338	0.18922758	1.011317
256678	5339	-0.28991017	1.444337
256678	5340	1.8626648	1.0622352
256678	5341	-0.34870386	1.9988463
256678	5342	-0.6126401	1.8281851
256678	5343	1.6152929	1.3668975
256678	5344	-0.42173862	2.0597885
256678	5345	-0.85799444	2.0863786
256678	5346	1.3570253	1.7802775
256678	5347	-0.29948762	2.6749458
256678	5348	-0.73236006	2.4392524
256678	5349	1.3151892	2.2814178
256678	5350	0.6200783	3.062503
256678	5351	1.1189182	2.464046
256678	5352	0.031061709	2.2916834
256678	5353	-0.60650337	2.4540615
256678	5354	1.5424396	2.1216202
256678	5355	-0.47566086	2.6244183
256678	5356	-0.8299719	2.4568517
256678	5357	1.5189313	1.9919775
256678	5358	2.7164607	2.3899665
256678	5359	2.1610117	0.98053634
256678	5360	2.3360615	0.7773473
256678	5361	0.68365467	0.27901116
256678	5362	0.8323225	1.337959
256678	5363	0.77773666	1.319554
256678	5364	0.6385703	1.3100231
256678	5365	1.2291386	1.4364368
256678	5366	-0.09116271	2.3503053
256678	5367	2.329852	1.7552567
256678	5368	3.2779045	2.416533
256678	5369	2.8385825	1.6409898
256678	5370	2.2380471	0.7498485
256678	5371	0.2011919	0.6265278
256678	5372	0.19879425	1.0014708
256678	5373	-0.21886328	1.2355094
256678	5374	1.8712219	0.8912654
256678	5375	2.3891163	0.29470596
256678	5376	-0.01154238	1.1362135
256678	5377	-0.29857868	1.2030315
256678	5378	1.6759447	1.0904628
256678	5379	2.0708838	0.8188772
256678	5380	-0.15224472	1.3340296
256678	5381	1.68832	1.2867763
256678	5382	2.2095122	0.69217277
256678	5383	0.038948	1.1124673
256678	5384	-0.084604055	1.246559
256678	5385	-0.39330953	1.4677444
256678	5386	1.6456119	1.1659359
256678	5387	1.8772303	1.2717996
256678	5388	0.08961147	1.0625873
256678	5389	1.6606089	1.1029105
256678	5390	1.9657336	1.3233907
256678	5391	-0.07538876	1.7340119
256678	5392	-0.106396645	1.2746086
256678	5393	1.524155	1.2793041
256678	5394	2.0253358	0.87297523
256678	5395	-0.014475644	1.65904
256678	5396	-0.058161646	1.2709426
256678	5397	-0.4292889	1.577249
256678	5398	1.8034364	0.9819957
256678	5399	1.6997973	1.4916029
256678	5400	1.7612196	1.6026433
256678	5401	0.2904786	0.75235236
256678	5402	-0.16004133	1.5605388
256678	5403	1.5348138	1.4442238
256678	5404	2.2288299	0.6356617
256678	5405	3.4820247	-0.5132706
256678	5406	0.009916961	0.7827784
256678	5407	0.053714514	2.1374242
256678	5408	-0.22424826	2.5145123
256678	5409	0.020599961	2.7392397
256678	5410	1.9988002	2.614896
256678	5411	3.237163	1.7861228
256678	5412	2.8574	1.2870722
256678	5413	2.4866195	0.6337184
256678	5414	0.21481544	0.85107005
256678	5415	0.06983775	1.5055104
256678	5416	1.5801879	1.4203898
256678	5417	2.0894709	0.73061264
256678	5418	2.4740257	0.6958679
256678	5419	0.28937876	0.8205205
256678	5420	0.37957776	2.1078472
256678	5421	0.11102641	2.1995301
256678	5422	0.3071285	2.4947293
256678	5423	2.3145266	2.2418506
256678	5424	2.130838	1.6739883
256678	5425	2.186193	1.6713259
256678	5426	3.2292047	2.6527395
256678	5427	2.9455814	1.4459885
256678	5428	3.3777313	-0.39213574
256678	5429	0.3530751	0.47386536
256678	5430	0.23700052	1.2625604
256678	5431	1.6073033	1.1095214
256678	5432	2.220202	0.48981038
256678	5433	3.055604	0.21599874
256678	5434	2.9226446	0.17968926
256678	5435	2.7552867	1.1191393
256678	5436	3.4803538	1.9819903
256678	5437	3.5465336	0.7230985
256678	5438	3.374064	0.90804577
256678	5439	3.2043195	0.8921155
256678	5440	3.0811133	1.1292728
256678	5441	0.32813478	1.151955
256678	5442	0.39821625	1.5489001
256678	5443	0.47450888	1.4956269
256678	5444	0.3781976	1.4830514
256678	5445	0.5872146	0.85094786
256678	5446	0.64234567	1.863105
256678	5447	2.7335563	1.9845393
256678	5448	2.5530758	1.7199531
256678	5449	0.041715503	1.5572677
256678	5450	-0.51445156	2.3323581
256678	5451	1.9109863	1.7543964
256678	5452	2.3585548	1.5900495
256678	5453	1.6113106	0.98897624
256678	5454	1.5707043	1.17465
256678	5455	0.15928006	1.1921827
256678	5456	-0.49146125	1.5726221
256678	5457	-0.09964952	1.708226
256678	5458	0.40488094	1.4813837
256678	5459	0.1945594	2.6796308
256678	5460	3.0230064	2.367254
256678	5461	2.5584512	1.3009369
256678	5462	2.223257	0.9006535
256678	5463	2.1414528	1.3595607
256678	5464	0.57550764	1.6524093
256678	5465	2.0960693	1.9369664
256678	5466	-0.37451172	2.2722917
256678	5467	-0.5301407	2.2348576
256678	5468	1.6358758	1.8246214
256678	5469	-0.088750005	2.074082
256678	5470	-0.518119	2.0697145
256678	5471	1.8450605	1.5961988
256678	5472	-0.3218534	2.3320937
256678	5473	-0.59547925	2.2816865
256678	5474	1.6150035	1.8207777
256678	5475	1.0430149	2.5555887
256678	5476	1.4814247	2.663008
256678	5477	0.77080107	1.9134102
256678	5478	0.15477157	1.7567255
256678	5479	-0.2431297	1.9098935
256678	5480	1.8821086	1.4921082
256678	5481	1.3844503	2.4574668
256678	5482	0.8733176	1.9788339
256678	5483	-0.38306043	1.8634145
256678	5484	1.9299768	1.3773733
256678	5485	1.4427524	2.7526636
256678	5486	0.519508	2.6420813
256678	5487	-0.091408074	2.6905828
256678	5488	-0.6685235	2.8567789
256678	5489	1.3834196	2.0462
256678	5490	0.30830365	2.914721
256678	5491	0.19129789	1.9475455
256678	5492	-0.74782777	2.879151
256678	5493	1.450079	1.9772987
256678	5494	0.3129117	2.9139895
256678	5495	-0.6676531	2.4791858
256678	5496	1.4598017	1.8540442
256678	5497	0.2681892	2.8985734
256678	5498	0.16709965	1.9752405
256678	5499	-0.7727355	2.870238
256678	5500	1.4935931	1.9506884
256678	5501	0.6137457	2.8551357
256678	5502	0.1198684	2.295641
256678	5503	-0.29458815	2.4702334
256678	5504	1.6096288	2.053381
256678	5505	-0.18174484	2.5944967
256678	5506	-0.34131932	2.367849
256678	5507	1.5395077	2.0632975
256678	5508	-0.26024392	2.7008429
256678	5509	-0.3948809	2.4533193
256678	5510	1.4598587	2.1399028
256678	5511	-0.27742517	2.7765882
256678	5512	-0.42660108	2.492836
256678	5513	1.4465163	2.1537123
256678	5514	0.11827648	2.5899599
256678	5515	-0.3479337	2.0965984
256678	5516	0.26628405	2.1965652
256678	5517	0.22441542	1.9838381
256678	5518	0.17544526	1.9680991
256678	5519	0.47047418	3.0967767
256678	5520	0.6223321	2.5031254
256678	5521	2.8268871	2.9201565
256678	5522	1.7589296	2.9454544
256678	5523	1.763889	2.7411592
256678	5524	0.883584	3.0032966
256678	5525	1.5176786	1.5504537
256678	5526	0.28368652	2.078308
256678	5527	2.1610074	2.4872015
256678	5528	-0.28199992	2.5310144
256678	5529	2.461567	2.351371
256678	5530	-0.47295567	2.9958842
256678	5531	2.2289085	2.6192825
256678	5532	-0.5908784	3.1241696
256678	5533	-0.6339576	2.7697423
256678	5534	1.2360227	2.4374502
256678	5535	0.26306808	2.853063
256678	5536	-0.02415803	2.690393
256678	5537	2.3970218	2.5423806
256678	5538	-0.48346666	2.9875426
256678	5539	1.1432738	2.7326283
256678	5540	0.08327311	2.3038116
256678	5541	0.55564	2.0139048
256678	5542	2.7993655	2.0111623
256678	5543	2.0662203	2.2578435
256678	5544	-0.043356955	2.4422941
256678	5545	-0.4959494	2.5050347
256678	5546	-0.19748148	2.3649
256678	5547	1.906094	1.8378434
256678	5548	-0.26297575	3.0522118
256678	5549	-0.5182458	2.5926795
256678	5550	-0.33262888	2.6321142
256678	5551	1.8413297	2.014117
256678	5552	-0.2968741	3.1012342
256678	5553	2.1831293	2.5957208
256678	5554	-0.6707891	3.223735
256678	5555	-0.68499565	2.8058708
256678	5556	1.1233143	2.4466388
256678	5557	0.18185806	2.4653687
256678	5558	3.1275277	2.0273187
256678	5559	-0.23100564	2.4469075
256678	5560	-0.6066777	2.7613173
256678	5561	1.3569217	2.5070403
256678	5562	0.016298056	2.1645553
256678	5563	-0.06401989	1.946496
256678	5564	1.7827321	1.8233664
256678	5565	-0.42371958	2.1755445
256678	5566	1.7984017	1.9004452
256678	5567	-0.2268801	2.0043101
256678	5568	2.0806007	2.1770494
256678	5569	-0.41229114	2.6435747
256678	5570	1.5056354	2.7329237
256678	5571	-0.3959915	2.7669451
256678	5572	1.4175493	2.5266113
256678	5573	0.2277382	2.069074
256678	5574	2.024507	2.0378506
256678	5575	-0.16297388	2.2491496
256678	5576	1.7059752	2.2534633
256678	5577	-0.2743261	2.4800098
256678	5578	1.5240673	2.383969
256678	5579	0.27034622	2.0568388
256678	5580	1.086979	2.053229
256678	5581	0.93213844	1.8664639
256678	5582	1.1801142	3.2325647
256678	5583	0.4184736	2.527928
256678	5584	0.86435175	2.0366414
256678	5585	1.0044019	1.9457822
256678	5586	3.0759277	2.6999204
256678	5587	2.857914	2.3611424
256678	5588	2.8103929	0.82916594
256678	5589	0.57323706	1.2908564
256678	5590	2.9867954	1.6376839
256678	5591	0.28266895	1.7615335
256678	5592	3.1047482	1.6649559
256678	5593	-0.19701481	2.0763052
256678	5594	-0.21823278	1.9755225
256678	5595	2.2606864	1.4759457
256678	5596	0.8604952	2.4624126
256678	5597	0.33836734	1.8250127
256678	5598	2.8647165	1.8027768
256678	5599	0.414564	2.3044426
256678	5600	0.19255447	2.1003957
256678	5601	2.5069118	1.9894466
256678	5602	0.3992722	2.4222827
256678	5603	0.17190814	2.1325357
256678	5604	2.4856825	2.0184097
256678	5605	0.3457721	2.4763334
256678	5606	0.15642941	2.1813416
256678	5607	2.4060106	2.0723577
256678	5608	0.69497776	2.4542997
256678	5609	0.20328903	1.9757514
256678	5610	2.695631	1.9037011
256678	5611	1.071864	2.4840195
256678	5612	0.8400676	1.8864174
256678	5613	0.13961124	2.2688704
256678	5614	2.5456953	2.0996482
256678	5615	0.3655095	2.4226222
256678	5616	0.18983579	2.1226988
256678	5617	2.4921699	2.040507
256678	5618	0.3297969	2.51817
256678	5619	0.14449632	2.1943047
256678	5620	2.4593716	2.0636196
256678	5621	0.28672403	2.5680625
256678	5622	0.119060576	2.2379413
256678	5623	2.3943872	2.0976334
256678	5624	0.2751304	2.620957
256678	5625	0.09364319	2.2698317
256678	5626	2.369236	2.1172862
256678	5627	0.24153513	2.6562145
256678	5628	0.081294	2.2990377
256678	5629	2.3430176	2.1409824
256678	5630	0.6525047	2.584229
256678	5631	0.14369541	1.9726498
256678	5632	3.2065802	1.6458769
256678	5633	1.8418571	2.5646427
256678	5634	0.3097812	1.8985839
256678	5635	0.42654747	2.1989217
256678	5636	0.3103236	2.171834
256678	5637	-0.26449513	2.1133769
256678	5638	2.183855	1.5974088
256678	5639	2.168898	1.3597875
256678	5640	2.3466911	1.2949439
256678	5641	-0.072464556	1.917799
256678	5642	-0.05824381	2.053076
256678	5643	-0.16962695	2.3444338
256678	5644	2.067657	1.6545537
256678	5645	1.503157	2.3140657
256678	5646	-0.06825188	2.696754
256678	5647	-0.39811704	2.4704394
256678	5648	-0.14824486	2.2743165
256678	5649	1.8443426	1.7924054
256678	5650	1.3824401	2.3619795
256678	5651	1.5583123	2.4216213
256678	5652	0.4735487	2.2771182
256678	5653	0.80638635	1.7359297
256678	5654	1.2572384	2.0388188
256678	5655	1.1404873	1.7480769
256678	5656	0.4682743	1.9525383
256678	5657	0.65176976	1.6123106
256678	5658	0.6385262	2.956247
256678	5659	0.7251208	2.3602824
256678	5660	0.79812086	2.266277
256678	5661	1.0041134	2.0974648
256678	5662	2.9965796	2.9435818
256678	5663	2.6092143	2.551835
256678	5664	2.7661018	1.0040063
256678	5665	2.1032128	0.82184875
256678	5666	2.1552238	1.1163379
256678	5667	0.89790976	1.1299397
256678	5668	3.495748	1.0786117
256678	5669	0.09211677	2.3451316
256678	5670	-0.16496083	2.2078493
256678	5671	0.026323915	2.0274835
256678	5672	-0.039630204	2.151855
256678	5673	2.0740652	1.6875293
256678	5674	1.5198773	2.397768
256678	5675	0.101771116	2.6817741
256678	5676	-0.2827918	2.4984722
256678	5677	-0.051021606	2.2968507
256678	5678	-0.021186262	2.183814
256678	5679	0.5083965	2.03645
256678	5680	2.9182081	1.81546
256678	5681	2.8000145	1.7667785
256678	5682	3.760662	0.79606616
256678	5683	3.6186447	0.9261724
256678	5684	2.579608	0.7285038
256678	5685	0.12186146	1.6336117
256678	5686	0.11076254	2.0015507
256678	5687	0.29224807	2.162168
256678	5688	0.6709932	1.4981412
256678	5689	0.69408274	2.7607088
256678	5690	1.4339757	1.4823023
256678	5691	2.852522	2.4876647
256678	5692	2.2157626	0.55808306
256678	5693	2.273016	0.48561856
256678	5694	1.132102	0.25812784
256678	5695	1.1077107	1.2402478
256678	5696	1.5690831	1.6368737
256678	5697	2.2954583	0.2297301
256678	5698	2.454167	1.5902901
256678	5699	3.068406	0.63951445
256678	5700	3.0096288	1.8504908
256678	5701	1.8650147	1.3043854
256678	5702	2.6712642	0.74688053
256678	5703	1.8410217	0.47087434
256678	5704	1.340816	0.6995679
256678	5705	4.3603654	0.5584892
256678	5706	3.171483	1.2302723
256678	5707	2.8155417	0.22047701
256678	5708	2.3876996	0.68640614
256678	5709	1.9973801	1.5221739
256678	5710	1.5882131	1.7231281
256678	5711	1.6444527	0.76648676
256678	5712	2.0106673	1.4975294
256678	5713	2.7745175	0.17060599
256678	5714	2.985025	1.3866352
256678	5715	4.506955	1.5390475
256678	5716	3.7166157	0.5822269
256678	5717	3.0715003	0.17920652
256678	5718	2.3303962	1.3403913
256678	5719	1.4228758	0.9755577
256678	5720	1.9018284	1.6425476
256678	5721	2.8635592	-0.013584286
256678	5722	3.5846567	-0.41286534
256678	5723	3.4834013	0.80598974
256678	5724	1.2400459	0.5924616
256678	5725	2.031939	1.1130185
256678	5726	2.2141047	1.916477
256678	5727	2.880993	-0.41342595
256678	5728	2.7738209	-0.641056
256678	5729	2.5810394	0.37157968
256678	5730	2.65234	1.5901628
256678	5731	4.526402	1.2827543
256678	5732	3.7548013	0.4737546
256678	5733	3.2500892	-0.061100394
256678	5734	3.0680413	0.91959906
256678	5735	3.3187542	-0.01904118
256678	5736	1.7147864	0.22113255
256678	5737	2.1697836	1.3178138
256678	5738	2.277454	0.8003137
256678	5739	2.897726	0.09581217
256678	5740	3.176651	1.3434132
256678	5741	3.4210496	0.79315805
256678	5742	4.162889	0.61386573
256678	5743	4.9875054	-0.1257734
256678	5744	4.626495	1.4354191
256678	5745	5.0551505	0.6344688
256678	5746	1.9564573	0.5961751
256678	5747	1.390895	0.955866
256678	5748	1.3891537	0.7619308
256678	5749	1.4962405	0.73086953
256678	5750	0.89016473	1.4526719
256678	5751	1.5163509	2.005387
256678	5752	1.4541932	1.6565573
256678	5753	1.4510301	0.67092156
256678	5754	4.0344534	0.93129003
256678	5755	3.8037076	1.7417767
256678	5756	3.5403686	2.0486536
256678	5757	3.4075007	2.3406506
256678	5758	3.9696817	1.9980352
256678	5759	4.6712065	1.6012261
256678	5760	4.607143	1.7107441
256678	5761	3.7553067	0.7988695
256678	5762	3.6569047	0.0092609525
256678	5763	3.0576243	1.1638223
256678	5764	2.8027296	0.12263206
256678	5765	1.5895215	0.3593878
256678	5766	2.1327262	0.09718707
256678	5767	2.6795654	0.8330494
256678	5768	2.609017	1.6974809
256678	5769	4.570588	1.4526798
256678	5770	3.9687796	-0.24110612
256678	5771	4.350304	-0.4511909
256678	5772	2.3238568	-0.45515487
256678	5773	2.5189877	0.65526915
256678	5774	2.2362318	0.6429837
256678	5775	2.9274898	-0.08438364
256678	5776	3.6172218	0.78161883
256678	5777	4.628778	1.379006
256678	5778	3.7083726	2.2162986
256678	5779	4.338787	1.8159866
256678	5780	4.8622813	1.7059107
256678	5781	2.923944	0.6500472
256678	5782	3.4918137	-0.13478166
256678	5783	3.894752	0.9716648
256678	5784	1.1675005	1.5304065
256678	5785	1.9331013	1.0373712
256678	5786	1.8925568	1.2094756
256678	5787	1.9924551	1.0634894
256678	5788	2.5293932	1.8103993
256678	5789	3.2834525	0.69043124
256678	5790	3.796114	0.24218449
256678	5791	3.9165802	0.4390914
256678	5792	5.0993853	1.3788943
256678	5793	3.6225185	2.244871
256678	5794	3.6393757	1.0021434
256678	5795	3.1551785	0.3383315
256678	5796	3.2862263	0.82897735
256678	5797	2.4084105	0.5734544
256678	5798	2.7235942	1.5777726
256678	5799	3.513867	0.47470436
256678	5800	3.6423001	0.91405106
256678	5801	1.2834901	1.3140681
256678	5802	1.5200754	1.3336966
256678	5803	2.3237376	1.8430507
256678	5804	2.4678698	1.1484866
256678	5805	4.318351	1.7465782
256678	5806	3.509685	0.6680405
256678	5807	2.8788872	1.1787986
256678	5808	2.788288	0.55299044
256678	5809	2.689167	0.66229844
256678	5810	2.9014516	0.58571076
256678	5811	2.4291568	1.5206264
256678	5812	3.457571	1.1498251
256678	5813	3.421682	1.0509953
256678	5814	4.993386	-0.30658004
256678	5815	4.9062614	-0.32031393
256678	5816	4.6981835	1.6527603
256678	5817	3.9086304	0.88426137
256678	5818	3.1080904	0.5186384
256678	5819	2.883164	0.94321847
256678	5820	4.419447	0.0023222566
256678	5821	1.6001493	0.44811574
256678	5822	1.2158993	0.66642344
256678	5823	1.218828	0.7671366
256678	5824	0.6865424	0.5367689
256678	5825	1.0357244	0.900566
256678	5826	1.4979523	0.240621
256678	5827	1.7344412	0.8839544
256678	5828	3.9684148	1.0924369
256678	5829	2.62037	0.8244368
256678	5830	2.260203	1.7524164
256678	5831	0.7780719	1.4061927
256678	5832	1.1617093	2.5325303
256678	5833	1.2461826	3.1690004
256678	5834	3.739645	2.309649
256678	5835	2.7628794	1.2697512
256678	5836	2.6964335	1.2801216
256678	5837	2.57862	1.6597412
256678	5838	1.4927703	0.5780109
256678	5839	4.1225643	1.3037587
256678	5840	2.1278868	1.5183035
256678	5841	1.6530708	0.7837225
256678	5842	1.5038613	2.0101924
256678	5843	1.6295475	1.612273
256678	5844	1.7561246	2.817436
256678	5845	4.050804	2.2581189
256678	5846	2.822515	1.265186
256678	5847	2.719027	-0.08802545
256678	5848	3.0885215	1.616782
256678	5849	2.1786456	0.62444746
256678	5850	2.3472247	0.7658094
256678	5851	2.8416653	1.5444283
256678	5852	4.4001637	2.0628917
256678	5853	3.584001	0.9542581
256678	5854	3.150323	0.3549486
256678	5855	3.472736	0.70759237
256678	5856	4.995437	-0.57845473
256678	5857	2.0245457	-0.09129432
256678	5858	2.5971603	-0.33717638
256678	5859	2.8141727	0.05409941
256678	5860	3.16967	-0.31877887
256678	5861	1.2468274	0.20858929
256678	5862	1.5002586	0.94449186
256678	5863	1.467502	0.7644094
256678	5864	1.4805167	0.7767769
256678	5865	1.4497714	0.77825296
256678	5866	1.3108078	1.0098617
256678	5867	3.58744	1.6692724
256678	5868	2.9190512	3.0273683
256678	5869	2.4747458	2.1484125
256678	5870	2.1833205	1.3063464
256678	5871	1.886494	1.1356232
256678	5872	1.784813	1.7682526
256678	5873	3.8640432	2.3384268
256678	5874	2.4801192	1.4749857
256678	5875	1.760122	0.3921602
256678	5876	1.6592795	1.6083438
256678	5877	1.8538319	1.1371553
256678	5878	2.2875333	1.1628952
256678	5879	0.6467799	1.4607925
256678	5880	0.83502746	1.5418329
256678	5881	1.2007123	2.1565027
256678	5882	1.5828294	1.22399
256678	5883	1.9132887	2.2216225
256678	5884	3.7321153	2.3310988
256678	5885	2.9276814	1.2070681
256678	5886	2.6178322	0.47107354
256678	5887	2.0299406	1.6981459
256678	5888	1.4899156	0.9544841
256678	5889	1.577875	1.0395366
256678	5890	3.7761827	1.5661376
256678	5891	2.3494668	2.3467093
256678	5892	2.4070697	2.4016356
256678	5893	1.8945471	1.5993073
256678	5894	2.1671696	1.5296872
256678	5895	3.305562	0.588102
256678	5896	1.9249829	0.31744757
256678	5897	2.136176	0.76661336
256678	5898	2.4721684	0.23500237
256678	5899	0.94621336	0.91086257
256678	5900	1.3253523	1.2948675
256678	5901	1.2885938	1.1140714
256678	5902	1.3603894	1.9632847
256678	5903	1.8263191	1.1299629
256678	5904	2.3845496	1.8142071
256678	5905	3.8491611	2.499447
256678	5906	2.2158232	0.97116506
256678	5907	2.550541	0.8114433
256678	5908	2.0543256	0.14787278
256678	5909	1.9291328	1.1374847
256678	5910	1.8639382	1.1962268
256678	5911	2.2237792	1.8321435
256678	5912	3.9598055	2.1333058
256678	5913	3.4322438	2.9435382
256678	5914	4.414746	2.1657982
256678	5915	4.66966	1.7824063
256678	5916	4.8164535	1.8982003
256678	5917	4.0758877	2.8612158
256678	5918	2.9771018	3.6524193
256678	5919	3.2932057	3.5186772
256678	5920	3.9155116	3.1362069
256678	5921	3.8561144	3.2308786
256678	5922	4.0794325	3.1291728
256678	5923	4.200466	3.0365596
256678	5924	4.5211854	2.6945412
256678	5925	4.5640116	2.6521015
256678	5926	4.235956	2.9506264
256678	5927	3.9078813	3.1838062
256678	5928	4.2865815	3.0526478
256678	5929	4.3704166	2.9326782
256678	5930	4.451794	2.7580194
256678	5931	4.6880646	2.6858087
256678	5932	4.185566	3.1173859
256678	5933	4.187245	3.2549393
256678	5934	4.322738	3.0377083
256678	5935	4.357408	3.045988
256678	5936	4.362748	3.0145164
256678	5937	4.302925	3.156085
256678	5938	2.8823004	2.9885333
256678	5939	1.364433	4.2705593
256678	5940	2.8935456	3.9606273
256678	5941	2.3489475	3.354972
256678	5942	1.8134438	2.3898158
256678	5943	1.805477	2.3308392
256678	5944	3.6553826	3.0253754
256678	5945	2.4584117	2.861575
256678	5946	2.0644722	3.2235978
256678	5947	1.8818792	3.606366
256678	5948	1.7808741	3.9381058
256678	5949	2.035286	3.82712
256678	5950	3.2897997	2.5733778
256678	5951	1.4620391	2.8270876
256678	5952	2.7650585	3.403431
256678	5953	1.5373412	2.3818429
256678	5954	1.3891492	1.8051465
256678	5955	1.2039453	2.236044
256678	5956	2.0784235	2.9008884
256678	5957	1.8416961	2.674112
256678	5958	0.86865485	2.8728232
256678	5959	0.91628444	3.072194
256678	5960	1.3139323	3.6692894
256678	5961	1.2829832	3.5563166
256678	5962	1.2818259	3.5788963
256678	5963	1.9280978	2.976297
256678	5964	2.1975546	2.7364495
256678	5965	1.2978176	3.7732666
256678	5966	1.2709067	3.8559482
256678	5967	1.6643053	4.39688
256678	5968	1.4530643	4.4346466
256678	5969	1.3636475	2.9731078
256678	5970	1.6723922	2.6874423
256678	5971	1.5218469	3.0427284
256678	5972	1.0089577	3.7825358
256678	5973	0.97689986	3.9288652
256678	5974	2.983818	1.6779861
256678	5975	1.9504856	2.661247
256678	5976	3.3170633	1.3307767
256678	5977	2.0618443	2.4822888
256678	5978	3.232215	1.3386654
256678	5979	3.386375	1.1724066
256678	5980	2.7951393	3.0041049
256678	5981	2.613377	1.7284975
256678	5982	1.3158323	1.9840372
256678	5983	1.6029001	3.3346925
256678	5984	1.6354796	2.9476063
256678	5985	0.63724947	2.6798255
256678	5986	2.7896981	2.979301
256678	5987	2.4074373	3.372636
256678	5988	2.1545868	2.779325
256678	5989	0.7067026	2.60652
256678	5990	0.39770442	2.3586044
256678	5991	1.7989413	2.487502
256678	5992	0.10670364	2.5675797
256678	5993	1.8182546	2.4575179
256678	5994	0.3048513	2.3703425
256678	5995	0.038951695	2.0932262
256678	5996	2.479385	1.6333799
256678	5997	2.3681831	1.8630905
256678	5998	0.70470285	1.9694259
256678	5999	2.8604403	2.046908
256678	6000	-0.108139485	2.3775985
256678	6001	-0.22432542	2.2309785
256678	6002	1.8574978	1.9603586
256678	6003	-0.047225147	1.9557486
256678	6004	0.28382254	1.5911291
256678	6005	2.042492	1.6812665
256678	6006	2.1530356	0.9713527
256678	6007	0.14737737	1.4106477
256678	6008	0.4038598	1.3595364
256678	6009	0.35713714	1.3692355
256678	6010	1.5258144	1.6812925
256678	6011	0.0943563	1.3160244
256678	6012	1.735835	1.5321944
256678	6013	1.5846969	1.1278713
256678	6014	0.22385663	0.79227376
256678	6015	0.2061693	2.180824
256678	6016	0.3481633	1.96487
256678	6017	0.49458456	2.455777
256678	6018	3.071021	2.0845294
256678	6019	2.5899382	1.1268893
256678	6020	2.4916668	0.12827703
256678	6021	0.16945928	0.8707024
256678	6022	0.40290606	0.9326292
256678	6023	0.12946165	2.1521773
256678	6024	0.3182901	1.7078123
256678	6025	0.43787974	2.3449278
256678	6026	0.846274	1.5003978
256678	6027	2.896419	1.8480711
256678	6028	2.8533292	1.8575909
256678	6029	2.3236146	1.1568995
256678	6030	2.2496138	0.42897084
256678	6031	0.0305112	1.3740313
256678	6032	2.2020535	1.1561327
256678	6033	-0.43786538	1.7421174
256678	6034	1.9247853	1.3749824
256678	6035	-0.46257213	1.8367491
256678	6036	0.50576377	1.8377461
256678	6037	0.70905197	2.041198
256678	6038	0.8546306	1.6639373
256678	6039	-0.4163326	2.0925822
256678	6040	0.1138764	1.8892837
256678	6041	0.28495812	1.5849617
256678	6042	0.2127704	2.7113736
256678	6043	0.87491477	2.839399
256678	6044	3.2340875	1.8436937
256678	6045	1.8299338	1.4562521
256678	6046	1.4414368	0.5930394
256678	6047	1.3304273	1.0522743
256678	6048	1.0759716	1.3071637
256678	6049	0.21336627	1.6841269
256678	6050	0.47754884	0.61086524
256678	6051	0.34160447	1.7311709
256678	6052	-0.18050203	1.7042134
256678	6053	0.09928262	1.3228943
256678	6054	1.4354934	1.0953647
256678	6055	0.29983473	1.5510204
256678	6056	-0.21973035	1.5442011
256678	6057	0.26000428	1.4610338
256678	6058	0.30312282	1.370247
256678	6059	0.25455946	1.4024742
256678	6060	0.2902063	1.3689449
256678	6061	0.9944508	1.2391601
256678	6062	0.8098788	2.5492082
256678	6063	1.0180161	2.023996
256678	6064	0.8860122	2.1427789
256678	6065	0.17783749	2.4606652
256678	6066	0.52860117	1.8852999
256678	6067	0.44869208	2.0238993
256678	6068	2.0230222	2.2679245
256678	6069	2.03409	1.5508077
256678	6070	2.3602943	2.8914115
256678	6071	2.4076633	0.750095
256678	6072	1.727713	0.2887546
256678	6073	1.6354796	1.0917007
256678	6074	0.62281406	1.5157838
256678	6075	-0.07569626	1.5628188
256678	6076	0.5087038	1.5386854
256678	6077	0.714411	1.0141376
256678	6078	0.59534633	2.2403321
256678	6079	2.565638	1.7611022
256678	6080	2.075192	0.5475757
256678	6081	1.6395315	0.56742024
256678	6082	1.7240602	2.006983
256678	6083	1.9099487	1.5319018
256678	6084	0.9079201	1.3322252
256678	6085	1.1349187	1.0410073
256678	6086	1.1484439	2.2886317
256678	6087	2.809348	1.9442983
256678	6088	2.3969865	0.3034769
256678	6089	0.9007999	1.0845267
256678	6090	0.47738492	1.2664415
256678	6091	2.441864	0.773805
256678	6092	0.63207376	2.0473223
256678	6093	0.65846956	2.268169
256678	6094	0.41618955	1.7221065
256678	6095	1.9449905	0.42669913
256678	6096	0.885854	0.6570667
256678	6097	0.44779426	0.6630862
256678	6098	2.6084695	0.68518937
256678	6099	3.0005608	0.4781132
256678	6100	0.70723486	0.56924546
256678	6101	0.1300143	1.0017703
256678	6102	1.1804606	0.14465591
256678	6103	2.1414075	0.940326
256678	6104	0.8577124	0.42150828
256678	6105	0.6718061	1.9575756
256678	6106	0.38017815	2.1250203
256678	6107	0.41109854	2.0565374
256678	6108	0.27814412	2.2484035
256678	6109	0.8657044	2.3360343
256678	6110	1.0379736	1.7762413
256678	6111	1.1465862	1.6331561
256678	6112	1.1764797	1.5615506
256678	6113	3.1957655	2.1605585
256678	6114	2.1238647	1.5100303
256678	6115	0.18904757	2.1851463
256678	6116	0.25969774	2.36924
256678	6117	1.9602562	2.3811567
256678	6118	1.796858	1.9794395
256678	6119	-0.0630559	2.6057982
256678	6120	1.9976686	2.5120575
256678	6121	0.1313343	2.8538651
256678	6122	-0.04960373	2.581078
256678	6123	1.9839343	2.2855763
256678	6124	-0.3179859	2.7427764
256678	6125	1.9583191	2.4010565
256678	6126	1.6630765	2.2609649
256678	6127	-0.13142034	2.2581685
256678	6128	-0.4474899	2.6685565
256678	6129	0.25930345	2.3743656
256678	6130	0.5081687	2.9457195
256678	6131	0.6810132	0.4858313
256678	6132	0.9260974	1.208138
256678	6133	2.618517	1.3665345
256678	6134	1.8227519	2.8355951
256678	6135	2.1096883	1.1773236
256678	6136	1.3700879	2.0159824
256678	6137	1.4973339	2.0624626
256678	6138	1.8999878	2.0061648
256678	6139	2.0869656	0.708761
256678	6140	1.0488198	1.0166847
256678	6141	0.49103212	1.1620454
256678	6142	2.4096665	0.88107777
256678	6143	2.708281	0.73699176
256678	6144	1.2301708	0.8808607
256678	6145	1.8043264	1.1824785
256678	6146	3.3438206	1.0765121
256678	6147	2.1456423	0.43605778
256678	6148	1.6168636	1.2127827
256678	6149	0.62513113	1.5595031
256678	6150	3.5124931	1.1425394
256678	6151	3.2459464	0.9714179
256678	6152	4.3542404	-0.33353633
256678	6153	1.0800879	-0.35048574
256678	6154	0.5881032	0.05921635
256678	6155	0.7314155	0.052646488
256678	6156	0.7161759	0.840515
256678	6157	0.6832191	0.75607026
256678	6158	1.1888791	0.7924411
256678	6159	1.8435873	0.21285424
256678	6160	4.023092	0.823527
256678	6161	3.1639624	0.56163025
256678	6162	3.0935717	-0.35762733
256678	6163	1.5208148	-0.213985
256678	6164	0.6791315	0.036560237
256678	6165	0.745857	0.9322711
256678	6166	0.60548484	0.8685255
256678	6167	1.0388706	1.0248268
256678	6168	3.4792957	1.0530854
256678	6169	2.9351406	0.7191318
256678	6170	2.950605	0.62535405
256678	6171	2.4258876	0.19571874
256678	6172	1.122314	0.2940515
256678	6173	0.34946978	0.52620125
256678	6174	0.49454737	0.494611
256678	6175	0.55278397	1.2173703
256678	6176	0.5473106	1.0156548
256678	6177	3.256475	0.39543632
256678	6178	3.04955	1.6261325
256678	6179	2.941996	0.64907885
256678	6180	0.73508644	0.51966965
256678	6181	0.34369683	0.60267174
256678	6182	0.49694085	0.44859347
256678	6183	0.6190022	0.27801308
256678	6184	0.7628138	1.1085231
256678	6185	0.69455135	0.82635736
256678	6186	1.0947638	1.0819848
256678	6187	0.69899213	1.2660195
256678	6188	3.0304437	1.0604331
256678	6189	2.7357068	0.88328445
256678	6190	2.4922805	-0.018849552
256678	6191	0.8891175	0.51415133
256678	6192	0.48583996	0.39871553
256678	6193	2.958795	-0.21659116
256678	6194	0.42582226	0.9480293
256678	6195	0.23773289	0.66674185
256678	6196	0.21037358	0.5809647
256678	6197	1.8936063	0.563619
256678	6198	1.5413836	0.56171596
256678	6199	0.25891948	0.63376105
256678	6200	0.39272708	0.41781214
256678	6201	2.0169659	0.21507803
256678	6202	0.026862025	0.58530307
256678	6203	1.3786911	0.4224973
256678	6204	0.7156837	0.98088276
256678	6205	0.50514674	1.5498466
256678	6206	0.448757	1.0132495
256678	6207	-0.164157	1.0931481
256678	6208	1.0470572	1.324484
256678	6209	0.36924797	3.063923
256678	6210	0.44019932	2.8330228
256678	6211	1.0185055	3.1695762
256678	6212	1.4544146	2.5585625
256678	6213	1.6778702	1.0871793
256678	6214	1.1111214	1.0029511
256678	6215	1.0762925	1.1393201
256678	6216	-0.060552686	1.6338835
256678	6217	0.07712668	1.5633123
256678	6218	-0.059862465	1.8143067
256678	6219	0.5066563	1.9343915
256678	6220	0.5971521	1.295255
256678	6221	0.80437756	2.537954
256678	6222	0.8863516	1.8554451
256678	6223	2.9899607	2.2965903
256678	6224	2.4529366	2.2793128
256678	6225	2.1583867	2.5056455
256678	6226	1.4729979	2.3123531
256678	6227	1.3283732	1.4430856
256678	6228	0.14704853	2.2109811
256678	6229	0.42360032	1.9581542
256678	6230	3.0708804	1.8241732
256678	6231	2.679534	0.9453106
256678	6232	0.2567163	0.9949722
256678	6233	-0.30488265	1.4664803
256678	6234	-0.16946265	1.1314565
256678	6235	0.007812917	0.7248597
256678	6236	2.7231207	0.32585505
256678	6237	2.324214	1.0634484
256678	6238	2.239018	0.9787526
256678	6239	0.39023817	1.0757223
256678	6240	-0.13625705	1.3366377
256678	6241	2.5559769	0.5078391
256678	6242	2.5030904	2.83076
256678	6243	2.7230754	2.65264
256678	6244	2.7055225	2.6128342
256678	6245	3.0340538	0.65140617
256678	6246	1.3882866	2.507678
256678	6247	1.0024353	3.7139032
256678	6248	0.81999433	3.4420552
256678	6249	2.440372	3.0078952
256678	6250	1.0902492	2.9013422
256678	6251	-0.20464051	2.5625272
256678	6252	0.412565	3.341711
256678	6253	2.1453896	3.3009887
256678	6254	1.2237465	2.707687
256678	6255	1.4483477	2.6113663
256678	6256	2.5643525	3.2137382
256678	6257	2.809227	3.225357
256678	6258	2.8504176	3.4450874
256678	6259	2.2217774	3.1185632
256678	6260	1.5636872	3.4386685
256678	6261	1.6945506	3.6110842
256678	6262	3.4738464	1.925477
256678	6263	1.7990257	1.8945334
256678	6264	1.4669898	1.3665875
256678	6265	3.1537318	2.1195014
256678	6266	2.8086524	1.2005777
256678	6267	1.5181223	1.0328459
256678	6268	0.93400943	1.2511387
256678	6269	1.6786984	0.34963498
256678	6270	2.2809696	0.82640314
256678	6271	2.4697657	0.41243556
256678	6272	2.7916641	1.4637084
256678	6273	4.021984	1.4946574
256678	6274	3.9237032	0.2209203
256678	6275	3.9047709	-0.37339273
256678	6276	3.4535217	0.18252614
256678	6277	2.5699515	0.18870077
256678	6278	1.5356632	0.46569368
256678	6279	2.8951564	0.7209841
256678	6280	2.0071883	0.5649328
256678	6281	0.8346337	1.1665995
256678	6282	2.4869876	1.1438359
256678	6283	2.0859957	1.6124828
256678	6284	1.738423	0.87483907
256678	6285	-0.04943669	1.5072083
256678	6286	2.2289953	1.1536684
256678	6287	1.9000815	1.2028097
256678	6288	1.7184623	1.7168272
256678	6289	3.3277402	0.5182235
256678	6290	0.5967976	0.99898183
256678	6291	0.30496925	1.2971771
256678	6292	2.2277608	0.9519962
256678	6293	1.7103018	0.25854328
256678	6294	1.8448731	1.0780755
256678	6295	1.9671565	0.83245456
256678	6296	0.53017557	1.0733029
256678	6297	1.5753843	1.4674315
256678	6298	1.5108324	2.4097297
256678	6299	2.3682337	-0.23977621
256678	6300	3.8184214	0.86587155
256678	6301	3.4106488	-0.3370467
256678	6302	2.9756718	0.1376752
256678	6303	0.83181727	0.84866107
256678	6304	1.2175893	0.70334804
256678	6305	1.5059243	0.35439417
256678	6306	3.6661205	0.6734191
256678	6307	3.2309985	0.7891612
256678	6308	2.8427296	1.0416306
256678	6309	2.0229726	0.39808872
256678	6310	2.403494	0.5674238
256678	6311	0.37035203	1.1850798
256678	6312	1.1055632	1.347412
256678	6313	1.144742	1.9068403
256678	6314	3.1183481	1.5837398
256678	6315	2.941649	0.23932639
256678	6316	1.0144093	0.7240628
256678	6317	0.46816397	0.9916775
256678	6318	0.9620341	1.4736458
256678	6319	1.2550887	1.8202772
256678	6320	1.3789371	-0.5027612
256678	6321	3.6048198	-0.010791868
256678	6322	0.983479	0.7081419
256678	6323	0.4432513	1.1213245
256678	6324	2.6680732	0.6531929
256678	6325	0.5384867	1.305464
256678	6326	0.03190726	1.5515385
256678	6327	2.2314696	0.97551703
256678	6328	0.40396953	1.4828655
256678	6329	0.023453832	1.7157218
256678	6330	2.221593	1.0249466
256678	6331	0.20978165	1.6410022
256678	6332	2.1038756	1.5154046
256678	6333	0.50464356	1.4269869
256678	6334	2.4549947	1.2383281
256678	6335	0.36161488	1.3328775
256678	6336	2.2375655	1.4147768
256678	6337	2.3768668	1.7396834
256678	6338	2.085732	1.5235548
256678	6339	0.9100268	1.874587
256678	6340	1.4817133	1.7738717
256678	6341	1.6420954	1.425494
256678	6342	2.0232	1.7055564
256678	6343	3.3824463	1.9905465
256678	6344	1.7909693	1.732856
256678	6345	2.061111	1.7329376
256678	6346	1.8823572	0.34241107
256678	6347	3.3910298	-0.49655426
256678	6348	3.163937	0.4378099
256678	6349	2.035263	1.2928289
256678	6350	1.9308392	0.08894101
256678	6351	3.0709429	-0.25771093
256678	6352	1.543419	1.01176
256678	6353	3.506938	-0.42291057
256678	6354	2.3660874	0.5434816
256678	6355	1.6243929	1.3077524
256678	6356	3.8527145	-0.7421564
256678	6357	3.9957104	0.45880172
256678	6358	5.061443	-0.94593394
256678	6359	3.7760153	0.10953745
256678	6360	3.882966	0.090458184
256678	6361	5.0067797	-0.8744877
256678	6362	3.6307178	0.042637736
256678	6363	4.6994414	-0.73691714
256678	6364	3.3399234	0.21086958
256678	6365	4.6107864	-0.53958714
256678	6366	4.11148	-0.6641711
256678	6367	4.9325566	-1.0467207
256678	6368	4.30654	-0.34430975
256678	6369	4.2128563	0.59337413
256678	6370	4.3374925	1.4656054
256678	6371	5.3296094	-1.2539736
256678	6372	5.4427333	-1.1107883
256678	6373	5.0958185	-0.7143666
256678	6374	4.8122244	-1.1641319
256678	6375	4.7570143	-1.1390425
256678	6376	4.4903836	-0.940499
256678	6377	4.3439145	-0.8012222
256678	6378	3.568996	-0.14986673
256678	6379	3.870442	-0.30671173
256678	6380	4.137902	-0.4632712
256678	6381	4.136506	0.45476237
256678	6382	4.3151975	0.417963
256678	6383	4.2256684	0.50657547
256678	6384	4.5748014	0.12073007
256678	6385	4.313733	0.5387492
256678	6386	4.180209	0.54543555
256678	6387	4.4168453	0.48275587
256678	6388	3.598466	-0.094222695
256678	6389	3.643455	0.17886564
256678	6390	3.3521037	0.396108
256678	6391	3.6218538	0.021056622
256678	6392	4.1690774	0.22575834
256678	6393	4.626211	-0.27429152
256678	6394	4.872136	-0.43335927
256678	6395	4.855192	-0.4110677
256678	6396	4.7550616	0.047304124
256678	6397	4.5396748	0.23298201
256678	6398	4.0197916	0.8384048
256678	6399	3.7916803	0.98224354
256678	6400	2.7703648	0.08279839
256678	6401	3.3511062	0.8435997
256678	6402	3.3227816	1.3710265
256678	6403	4.36033	0.5687858
256678	6404	4.5439925	0.38553968
256678	6405	4.1376667	0.9782125
256678	6406	4.172775	1.0799084
256678	6407	4.1232595	1.7045751
256678	6408	4.0808783	1.7712681
256678	6409	3.3733878	3.1056972
256678	6410	3.0587144	3.5205276
256678	6411	3.165833	3.551575
256678	6412	3.1688485	2.5413835
256678	6413	3.1832986	2.5815964
256678	6414	3.0203867	2.7706833
256678	6415	3.5683403	3.1219149
256678	6416	3.6092691	1.8119183
256678	6417	3.5932302	1.9174528
256678	6418	3.4125443	2.0237832
256678	6419	3.7614846	2.7423108
256678	6420	3.4561453	3.0066676
256678	6421	3.0844107	2.3328304
256678	6422	2.5241046	3.1395392
256678	6423	2.3388119	3.238282
256678	6424	2.3951669	2.2238314
256678	6425	2.6008759	1.7025404
256678	6426	3.1968045	2.3569915
256678	6427	3.1405416	2.0371234
256678	6428	3.4377446	2.9608147
256678	6429	3.4275613	2.8119538
256678	6430	3.246169	3.023955
256678	6431	2.8418798	2.6385493
256678	6432	2.8184662	2.5891008
256678	6433	2.6188965	2.8108115
256678	6434	2.3319416	1.9425502
256678	6435	1.6670729	2.5187864
256678	6436	1.5504774	4.034482
256678	6437	2.787315	3.4119327
256678	6438	2.8962984	3.1604805
256678	6439	2.8081117	3.3410008
256678	6440	2.648075	3.6309998
256678	6441	2.6663437	3.373078
256678	6442	2.803831	3.489239
256678	6443	2.8751702	3.3453212
256678	6444	2.9179235	3.4492178
256678	6445	2.9608479	3.2945285
256678	6446	3.2589636	3.0648103
256678	6447	3.2573419	3.0350976
256678	6448	3.6963053	2.7443166
256678	6449	2.9902182	2.6132646
256678	6450	2.9038167	1.3521482
256678	6451	2.5920181	1.7644928
256678	6452	3.3339186	2.6410851
256678	6453	3.6221113	2.8029623
256678	6454	3.3487692	3.0952122
256678	6455	3.549621	3.0121553
256678	6456	2.9813814	2.33718
256678	6457	2.5069246	1.4780334
256678	6458	2.3377662	1.9069486
256678	6459	3.3892312	2.4297884
256678	6460	2.885426	2.4763753
256678	6461	2.3111744	3.0177457
256678	6462	2.935225	2.6108336
256678	6463	3.335535	2.9905002
256678	6464	3.0129027	3.4898598
256678	6465	3.116242	3.5154004
256678	6466	3.4568663	3.180924
256678	6467	4.1077437	2.649784
256678	6468	3.835722	3.0167904
256678	6469	3.9619303	2.6153467
256678	6470	4.040471	2.4860954
256678	6471	4.6180577	1.5752032
256678	6472	4.32906	1.9003975
256678	6473	1.54868	0.43145826
256678	6474	1.7321764	1.2192287
256678	6475	2.0573654	0.94994175
256678	6476	2.0156937	0.86456954
256678	6477	2.09618	0.7945123
256678	6478	2.1097174	0.8183968
256678	6479	2.2007775	0.737641
256678	6480	2.2987761	1.7491095
256678	6481	3.6257043	0.37166998
256678	6482	3.5297532	0.7263279
256678	6483	3.201758	1.7319174
256678	6484	3.3938155	1.7579567
256678	6485	3.2854643	1.852253
256678	6486	2.981543	2.1814926
256678	6487	2.7642827	2.54563
256678	6488	3.7191992	0.60580397
256678	6489	3.8013372	0.43485186
256678	6490	0.84824073	0.4416537
256678	6491	0.5404836	0.69172335
256678	6492	0.76594007	0.9017024
256678	6493	0.96500516	0.61994493
256678	6494	0.7850567	1.737181
256678	6495	3.2267833	1.5347738
256678	6496	3.266787	0.23751578
256678	6497	0.3140285	0.8569255
256678	6498	0.7935889	1.635519
256678	6499	0.80803835	1.1249257
256678	6500	0.8125117	1.1232953
256678	6501	2.5591216	1.8656719
256678	6502	2.450344	1.3083227
256678	6503	2.3842921	1.1816261
256678	6504	2.108665	0.5156472
256678	6505	2.4277334	0.7366383
256678	6506	2.5687537	0.7689599
256678	6507	4.1360936	-0.65055734
256678	6508	3.5699492	-0.41758773
256678	6509	4.394081	-0.8559048
256678	6510	1.5539323	-0.21348943
256678	6511	1.3004049	0.5346539
256678	6512	1.3357309	-0.16776079
256678	6513	1.6354331	0.5154928
256678	6514	2.020378	0.8609071
256678	6515	3.3151226	-0.51819175
256678	6516	3.2185607	-0.22552669
256678	6517	3.1270242	1.0208375
256678	6518	2.3220344	0.8063022
256678	6519	2.2442656	1.0258951
256678	6520	2.598302	0.024464637
256678	6521	2.018105	1.4509848
256678	6522	1.9618844	1.6012888
256678	6523	3.309116	0.17931882
256678	6524	3.7200403	-0.29094896
256678	6525	3.7622595	-0.36773872
256678	6526	3.890926	-0.5076819
256678	6527	3.8366776	-0.50155175
256678	6528	4.3131495	-0.437915
256678	6529	4.6077337	-0.7318073
256678	6530	4.539997	-0.7049779
256678	6531	4.1640806	0.23197106
256678	6532	3.9748235	0.04080978
256678	6533	3.0232086	-0.36723912
256678	6534	3.0193005	1.0392461
256678	6535	4.0705357	-0.032813966
256678	6536	3.9604907	0.121249706
256678	6537	3.493928	0.575675
256678	6538	3.386354	1.4898285
256678	6539	3.5928488	1.7244673
256678	6540	3.494533	0.3478507
256678	6541	4.211796	-0.14859602
256678	6542	5.60447	-1.0906829
256678	6543	5.8701134	-1.3992791
256678	6544	5.312044	-0.27658027
256678	6545	4.608383	-0.80519783
256678	6546	4.902857	-0.63173604
256678	6547	3.6544466	0.41489258
256678	6548	5.2542	-0.82848
256678	6549	5.32474	-0.9730351
256678	6550	5.1873803	-0.04530394
256678	6551	5.014067	0.036503226
256678	6552	4.651645	-0.7916552
256678	6553	4.447622	-0.34023476
256678	6554	3.139618	0.84200954
256678	6555	3.2568698	0.91910565
256678	6556	3.0217285	1.2713985
256678	6557	4.1740713	-0.054984987
256678	6558	4.445805	0.049822062
256678	6559	5.361208	-0.7238122
256678	6560	4.9099865	0.35193118
256678	6561	4.772215	1.5757036
256678	6562	5.2879024	0.9830203
256678	6563	4.5282283	1.9638648
256678	6564	4.124998	2.2756543
256678	6565	3.8981442	0.09563312
256678	6566	4.768042	-0.14598614
256678	6567	5.094412	-0.54656005
256678	6568	4.60372	0.65061975
256678	6569	5.4368997	-0.24641365
256678	6570	5.0641723	0.15404484
256678	6571	4.170714	1.0028079
256678	6572	4.0828857	-0.34985447
256678	6573	3.651832	0.43740907
256678	6574	3.6495214	1.8498907
256678	6575	4.558693	1.0846457
256678	6576	5.1519046	0.35563412
256678	6577	5.7725625	0.09606382
256678	6578	5.764623	-0.04798591
256678	6579	6.2884507	-0.6417804
256678	6580	5.7747755	-0.38696957
256678	6581	5.511971	-0.13806662
256678	6582	6.2576804	-0.9380039
256678	6583	5.8491473	-0.53500724
256678	6584	6.072483	-0.7924869
256678	6585	5.542229	-0.30074692
256678	6586	5.9400992	-0.7810607
256678	6587	5.449979	-0.1900548
256678	6588	5.9964943	-0.72370374
256678	6589	5.5583563	-0.1542322
256678	6590	6.1425743	-1.1549124
256678	6591	6.2046804	-1.0738837
256678	6592	5.5998826	-1.7105645
256678	6593	5.9192634	-0.26930228
256678	6594	5.696488	-0.2927428
256678	6595	5.8099227	-0.26595455
256678	6596	5.7783175	-0.29035604
256678	6597	5.389524	-0.38262254
256678	6598	5.5544434	-0.22863159
256678	6599	5.535335	-0.33168924
256678	6600	5.5987897	-0.416292
256678	6601	5.687858	-0.52836186
256678	6602	5.560723	-0.35980588
256678	6603	5.7418294	-0.5891679
256678	6604	5.606874	-0.36741328
256678	6605	6.4452305	-1.353793
256678	6606	6.124553	-0.9042176
256678	6607	6.0158577	-0.7280311
256678	6608	5.842362	-0.41999483
256678	6609	5.353856	-0.033174157
256678	6610	5.5074625	-0.18747523
256678	6611	5.7261753	-0.39763352
256678	6612	5.7226133	-0.38745946
256678	6613	5.7179747	-0.36663282
256678	6614	5.114997	0.8214284
256678	6615	5.4200163	0.15948793
256678	6616	5.777227	-0.11626798
256678	6617	5.6186833	0.06258884
256678	6618	5.6043587	0.039785057
256678	6619	5.9251204	-0.26208344
256678	6620	5.7581606	-0.28643873
256678	6621	5.584886	0.23114768
256678	6622	5.729518	-0.2806148
256678	6623	6.0278673	-0.5218968
256678	6624	5.6639576	0.10179487
256678	6625	5.24199	0.83851457
256678	6626	5.268964	0.73688316
256678	6627	5.489628	0.5655706
256678	6628	5.0322547	1.4346669
256678	6629	4.07619	3.1355343
256678	6630	5.337163	1.4234083
256678	6631	5.7841697	1.0492686
256678	6632	6.094077	0.3518305
256678	6633	5.310353	1.5040702
256678	6634	5.499449	0.96008885
256678	6635	5.762228	0.6705321
256678	6636	6.0258718	0.14132127
256678	6637	6.605259	-0.3480946
256678	6638	6.90807	-1.0670103
256678	6639	6.7333684	-0.9357253
256678	6640	7.083035	-1.6300288
256678	6641	6.8689957	-1.4575583
256678	6642	6.416853	-2.38583
256678	6643	6.558248	-2.3403788
256678	6644	5.5674934	-2.1590343
256678	6645	5.3780146	-1.300745
256678	6646	5.6243587	-1.4233931
256678	6647	5.2784057	-0.551744
256678	6648	5.840535	-0.7747686
256678	6649	5.7227836	-0.77039874
256678	6650	5.7914543	-0.82940066
256678	6651	5.3196936	0.47761765
256678	6652	5.47705	-1.0431111
256678	6653	5.8315225	-1.1349216
256678	6654	3.3744378	-1.0831406
256678	6655	3.588688	-0.086292356
256678	6656	4.051325	-0.564264
256678	6657	3.930368	-0.6356482
256678	6658	4.222367	0.3492954
256678	6659	4.5921865	-0.09766936
256678	6660	4.4168344	0.82227564
256678	6661	4.9811807	0.43763772
256678	6662	4.9843526	1.1622503
256678	6663	5.198603	1.1572717
256678	6664	5.4217834	1.2215815
256678	6665	5.7289186	1.0185462
256678	6666	4.8910036	1.9661291
256678	6667	6.0443645	-0.09830916
256678	6668	6.216654	-0.40600923
256678	6669	5.7663584	-0.06064874
256678	6670	6.1942086	-0.42367274
256678	6671	6.1169477	-0.6326705
256678	6672	5.935062	-0.41396114
256678	6673	5.942252	-0.7209312
256678	6674	5.8614836	-0.54401296
256678	6675	5.531738	-0.0560216
256678	6676	5.9537168	-0.78418684
256678	6677	6.0369964	-0.752122
256678	6678	5.421803	0.1643329
256678	6679	5.1543217	0.30852953
256678	6680	5.028929	0.63080597
256678	6681	4.72081	1.4737453
256678	6682	4.648823	1.4780325
256678	6683	4.9127684	1.2561568
256678	6684	4.557739	2.0901272
256678	6685	4.740031	1.8399341
256678	6686	3.949597	2.7294376
256678	6687	3.3595576	3.6060274
256678	6688	3.4408283	3.7943351
256678	6689	3.9908066	3.0028598
256678	6690	5.153382	1.1077759
256678	6691	5.4276724	0.9412613
256678	6692	5.702547	0.45998445
256678	6693	5.752979	0.2649589
256678	6694	5.7469926	0.1497291
256678	6695	5.906831	-0.14168334
256678	6696	6.6247354	-1.1106209
256678	6697	6.4949956	-0.999038
256678	6698	6.4885817	-0.90046537
256678	6699	6.216776	-0.82984436
256678	6700	6.2241898	-0.7751025
256678	6701	4.809971	-1.7762363
256678	6702	5.434283	-2.1364884
256678	6703	5.488139	-2.2871468
256678	6704	5.3298607	-2.2041888
256678	6705	5.382671	-1.9124495
256678	6706	5.4200425	-1.9436986
256678	6707	5.523541	-2.0285833
256678	6708	5.5511103	-2.0523508
256678	6709	5.542846	-1.9777398
256678	6710	6.14588	-1.8767445
256678	6711	6.218418	-1.7642944
256678	6712	5.7791085	-1.6193204
256678	6713	6.0293536	-1.7810701
256678	6714	4.2421956	-1.519805
256678	6715	3.1665459	-1.4111466
256678	6716	2.1974144	-1.4056523
256678	6717	2.3857408	-1.3958085
256678	6718	2.5448909	-1.5498266
256678	6719	2.9747992	-1.4372637
256678	6720	2.2114658	-0.7284616
256678	6721	2.6153135	-0.8169779
256678	6722	2.0355377	-0.807726
256678	6723	4.253675	-0.098719805
256678	6724	5.209171	-0.4826085
256678	6725	5.5374126	-0.94179875
256678	6726	5.601101	-0.7928264
256678	6727	5.8147044	-0.8431395
256678	6728	5.865975	-1.1394066
256678	6729	6.0565352	-1.3728483
256678	6730	6.0578046	-1.436212
256678	6731	6.1083045	-1.316249
256678	6732	6.2176065	-1.5790831
256678	6733	6.345791	-1.6468651
256678	6734	6.423974	-1.7915547
256678	6735	4.2319036	-1.9153478
256678	6736	3.3849788	-1.293557
256678	6737	3.0891328	-0.7416148
256678	6738	3.6461453	-0.94231856
256678	6739	4.6895123	-0.3260163
256678	6740	4.9467416	-0.52885526
256678	6741	5.0318446	-0.8448012
256678	6742	5.1729794	-1.0335503
256678	6743	5.185267	-1.0360078
256678	6744	5.5025268	-0.71829987
256678	6745	5.978072	-0.955013
256678	6746	5.9544973	-1.6287396
256678	6747	6.430128	-1.9143574
256678	6748	6.180141	-2.0056026
256678	6749	6.290646	-2.123674
256678	6750	1.9128588	-1.6734337
256678	6751	1.899314	-1.467797
256678	6752	2.4044905	-1.4420646
256678	6753	3.046925	-1.6261586
256678	6754	3.6152954	-1.756664
256678	6755	3.0993347	-1.5572371
256678	6756	4.119445	-1.1203301
256678	6757	4.097571	-1.0104029
256678	6758	4.2965517	-0.9726039
256678	6759	4.4507604	-1.2198067
256678	6760	4.500154	-1.4039301
256678	6761	4.8054986	-1.5780398
256678	6762	5.136151	-1.5452216
256678	6763	5.3426056	-1.4664054
256678	6764	5.56784	-1.7151142
256678	6765	5.2180624	-1.6812955
256678	6766	4.3160605	-1.7568569
256678	6767	2.5662394	-1.5113176
256678	6768	3.0114083	-1.5704807
256678	6769	2.4951549	-2.0339828
256678	6770	2.2459965	-1.4675566
256678	6771	2.34789	-1.4344774
256678	6772	2.448337	-1.3902805
256678	6773	2.4085665	-1.3869485
256678	6774	2.6553588	-1.3619865
256678	6775	2.741621	-1.3586882
256678	6776	3.7465377	-1.4233521
256678	6777	3.557229	-1.3902205
256678	6778	3.4562316	-1.3084332
256678	6779	4.086314	-1.1187607
256678	6780	4.161283	-1.158293
256678	6781	3.8135176	-1.0729009
256678	6782	4.167637	-0.835614
256678	6783	4.180164	-0.7207198
256678	6784	4.325164	-0.5101819
256678	6785	3.969667	-0.1560646
256678	6786	4.3123293	-0.76506335
256678	6787	5.643466	0.14902094
256678	6788	5.6155233	-0.008876711
256678	6789	5.4669585	0.38801125
256678	6790	5.3858128	1.933497
256678	6791	5.63157	1.656656
256678	6792	5.411917	0.9940648
256678	6793	5.3894453	1.6067054
256678	6794	4.742819	0.5673604
256678	6795	4.5066624	0.92983603
256678	6796	4.5999813	1.0321809
256678	6797	5.1019526	0.6767714
256678	6798	5.31233	0.32458946
256678	6799	5.0025387	0.61346567
256678	6800	5.1219907	0.5351548
256678	6801	5.254408	1.0385097
256678	6802	5.577948	0.8744408
256678	6803	5.456391	1.1350086
256678	6804	5.3232656	-0.10502201
256678	6805	5.493106	1.0628312
256678	6806	5.448935	1.7604566
256678	6807	5.3564982	0.9105079
256678	6808	5.478575	0.34338972
256678	6809	5.4238386	0.5170126
256678	6810	5.357565	0.7390038
256678	6811	5.1045866	1.2647916
256678	6812	5.5835266	1.2486415
256678	6813	5.396882	1.4368389
256678	6814	5.5738993	1.2553308
256678	6815	5.6519094	-0.15490636
256678	6816	6.1576877	0.5349598
256678	6817	5.50833	1.5853286
256678	6818	5.4986296	0.75612116
256678	6819	5.5152617	1.1626912
256678	6820	5.436336	1.0283062
256678	6821	5.592083	1.2891934
256678	6822	5.5957417	1.2097118
256678	6823	5.9058175	0.4650531
256678	6824	5.181545	-0.28116503
256678	6825	5.072885	0.91404927
256678	6826	5.321115	0.30928645
256678	6827	5.1002245	1.4534587
256678	6828	5.2367663	1.7707376
256678	6829	5.5124197	0.576666
256678	6830	5.642055	0.92144144
256678	6831	5.515834	1.128846
256678	6832	5.2121525	1.4376224
256678	6833	5.3574066	1.1937673
256678	6834	5.2980275	1.3258519
256678	6835	5.287363	1.4664507
256678	6836	5.8281054	0.7019768
256678	6837	6.0212245	0.49347827
256678	6838	6.593291	-0.40071106
256678	6839	5.9930468	0.9370905
256678	6840	6.293938	0.65713704
256678	6841	6.279547	0.79186845
256678	6842	6.0870457	1.3301343
256678	6843	7.059141	0.32403502
256678	6844	6.612978	0.039740026
256678	6845	6.536023	-0.21525262
256678	6846	6.104924	1.0257409
256678	6847	5.751769	1.7742789
256678	6848	5.7761307	1.7324753
256678	6849	6.093564	1.1807176
256678	6850	6.0018625	1.3154769
256678	6851	6.4015245	0.8412969
256678	6852	6.1626444	0.07591185
256678	6853	5.8478093	1.1843231
256678	6854	5.7595687	1.085018
256678	6855	5.9899597	0.80800784
256678	6856	5.342419	1.5943985
256678	6857	5.3018837	1.7950404
256678	6858	5.1664877	1.7588458
256678	6859	5.366785	1.7204692
256678	6860	5.231879	1.8985448
256678	6861	5.2061057	1.8375452
256678	6862	5.360921	1.6960626
256678	6863	5.2835236	1.6852212
256678	6864	5.5258327	1.5582113
256678	6865	4.8856635	2.592207
256678	6866	4.7098994	2.7809927
256678	6867	4.275517	3.3537688
256678	6868	4.5242443	2.9536345
256678	6869	4.846176	2.790757
256678	6870	5.0732775	2.4432764
256678	6871	6.1422696	0.9383532
256678	6872	6.2848	0.85320663
256678	6873	5.252558	0.029204905
256678	6874	5.345292	1.112596
256678	6875	5.4320707	0.67956567
256678	6876	6.4231124	-0.024255693
256678	6877	6.3008127	-0.03252095
256678	6878	5.779876	0.54503083
256678	6879	5.1244783	1.9057202
256678	6880	5.105336	1.8473141
256678	6881	5.923518	0.88588166
256678	6882	5.840383	0.8505665
256678	6883	5.7556787	1.1465101
256678	6884	5.7127466	1.1597832
256678	6885	5.8098683	1.123166
256678	6886	5.78995	1.1446397
256678	6887	5.7731376	1.1007603
256678	6888	5.810152	1.1778916
256678	6889	5.780076	1.2104546
256678	6890	6.219157	0.29574344
256678	6891	5.9310822	0.7809962
256678	6892	5.893391	0.71339643
256678	6893	6.009018	0.70820427
256678	6894	6.0341797	0.631544
256678	6895	6.137249	0.5090281
256678	6896	5.9193044	0.6863804
256678	6897	5.677217	0.9500537
256678	6898	5.8496966	0.7227924
256678	6899	5.837575	0.73363686
256678	6900	5.638794	0.8605503
256678	6901	5.606361	0.95406735
256678	6902	5.5721703	0.93404484
256678	6903	5.6723084	0.909215
256678	6904	6.066269	0.48522094
256678	6905	6.1207	0.5639651
256678	6906	5.979253	0.61464965
256678	6907	6.0118523	0.55106413
256678	6908	5.794298	0.9349649
256678	6909	5.69456	0.8627535
256678	6910	5.8619103	0.7950649
256678	6911	5.758693	0.90631306
256678	6912	5.6420727	1.0365359
256678	6913	5.6181602	1.0111545
256678	6914	5.7438674	0.9002117
256678	6915	5.677498	1.0008255
256678	6916	5.817564	0.8509041
256678	6917	5.719942	0.9970095
256678	6918	5.685362	1.0077283
256678	6919	5.705104	0.9792708
256678	6920	5.5553193	1.2154756
256678	6921	5.821305	0.7105346
256678	6922	6.0269823	0.69079816
256678	6923	5.979078	0.63380694
256678	6924	6.055921	0.5757642
256678	6925	5.97092	0.6982993
256678	6926	5.5818543	0.9634061
256678	6927	5.737843	0.82416713
256678	6928	5.696981	0.8766116
256678	6929	5.6520824	0.9449804
256678	6930	5.588974	1.0559373
256678	6931	5.9127975	0.71783173
256678	6932	5.9238453	0.7669815
256678	6933	6.0603	0.53018916
256678	6934	5.9905434	0.6184304
256678	6935	6.064577	0.58974755
256678	6936	6.347964	0.16755322
256678	6937	6.1119165	0.4629601
256678	6938	6.0121017	0.64074945
256678	6939	6.0620112	0.4520618
256678	6940	6.150496	0.36315462
256678	6941	6.134033	0.37111577
256678	6942	6.17937	0.42485496
256678	6943	6.288873	0.37543085
256678	6944	6.3622727	0.12480876
256678	6945	6.3278084	0.30791107
256678	6946	6.532959	0.07719478
256678	6947	6.367444	0.14673701
256678	6948	6.5433416	0.17812333
256678	6949	6.680382	-0.2011371
256678	6950	6.5422254	-0.039177626
256678	6951	6.4680786	0.13775674
256678	6952	6.5269947	-0.074180484
256678	6953	6.2415605	0.37923488
256678	6954	6.3629003	0.34968302
256678	6955	6.6630664	-0.16376206
256678	6956	6.4510098	0.17634967
256678	6957	6.1930504	0.51043725
256678	6958	6.116468	0.679695
256678	6959	5.989277	0.73039114
256678	6960	6.076665	0.72216535
256678	6961	5.8644834	0.8280697
256678	6962	5.7228785	1.1550163
256678	6963	5.624588	1.2839979
256678	6964	5.6118045	1.3452954
256678	6965	5.1863327	1.8300719
256678	6966	5.5729713	1.5321531
256678	6967	5.8458147	1.1591334
256678	6968	5.735235	1.1206145
256678	6969	5.8942127	1.1682607
256678	6970	5.790434	1.101333
256678	6971	6.042158	0.95678556
256678	6972	6.057421	0.8831452
256678	6973	6.182421	0.74355006
256678	6974	6.059956	0.8968197
256678	6975	5.685245	1.2150247
256678	6976	5.909651	1.1375829
256678	6977	5.9135814	0.82165873
256678	6978	5.9805007	0.9014964
256678	6979	5.9289784	0.77179205
256678	6980	5.7343082	1.129054
256678	6981	5.806828	1.1506355
256678	6982	5.954448	0.8714063
256678	6983	5.862986	0.8731475
256678	6984	5.6424503	1.2210814
256678	6985	5.862953	1.0909268
256678	6986	5.989098	0.80216074
256678	6987	5.8666654	0.8675829
256678	6988	5.748635	1.0988212
256678	6989	5.8927975	1.0285743
256678	6990	5.7709312	1.0637479
256678	6991	5.8467536	0.9816294
256678	6992	5.819662	0.867784
256678	6993	5.452361	1.4993367
256678	6994	5.4879804	1.505712
256678	6995	5.63352	1.1432686
256678	6996	5.651147	1.0830916
256678	6997	5.5461373	1.2696918
256678	6998	5.5868387	1.3475813
256678	6999	5.5592656	1.3231742
256678	7000	5.6436005	1.0960699
256678	7001	5.47193	1.3588434
256678	7002	5.6343026	1.3331099
256678	7003	5.7294774	0.978129
256678	7004	5.7051296	1.0775899
256678	7005	5.6008573	1.1048481
256678	7006	5.4686127	1.4780828
256678	7007	5.404527	1.4063475
256678	7008	5.3323307	1.5320203
256678	7009	5.4206424	1.5904236
256678	7010	5.35055	1.5540688
256678	7011	5.475709	1.5817227
256678	7012	5.4129295	1.5203211
256678	7013	5.5628967	1.5386281
256678	7014	5.485181	1.4684161
256678	7015	5.4122953	1.6190321
256678	7016	5.458162	1.5221616
256678	7017	5.8322196	1.0261812
256678	7018	5.758374	0.97740805
256678	7019	6.633272	-0.07704756
256678	7020	5.968088	-0.7935232
256678	7021	6.1903343	-0.13795754
256678	7022	5.8134723	0.073486775
256678	7023	6.014255	0.5364375
256678	7024	6.267937	0.4898074
256678	7025	6.412038	0.31131563
256678	7026	6.5645914	0.97688115
256678	7027	6.107909	1.6963694
256678	7028	6.326848	1.5805261
256678	7029	6.4513083	1.3485221
256678	7030	6.225021	1.5903311
256678	7031	6.1281285	1.6530695
256678	7032	6.345248	1.5867779
256678	7033	6.395543	1.3548957
256678	7034	6.4204583	1.3483809
256678	7035	5.631273	2.084252
256678	7036	5.6216984	2.1321104
256678	7037	4.540923	3.3414454
256678	7038	4.6867266	3.5132537
256678	7039	3.510159	4.4484572
256678	7040	4.0668225	4.0652056
256678	7041	4.415775	3.6148732
256678	7042	4.218564	3.728525
256678	7043	4.499676	3.5444305
256678	7044	4.4333553	3.5612419
256678	7045	4.6367655	3.4017174
256678	7046	4.766685	3.209023
256678	7047	5.1695166	2.6090686
256678	7048	5.2239075	2.5726116
256678	7049	5.1553884	2.5813103
256678	7050	5.2769256	2.3751967
256678	7051	5.4014916	2.2902608
256678	7052	5.392472	2.250571
256678	7053	5.344556	2.2311277
256678	7054	5.088052	2.5015323
256678	7055	4.897749	2.6078196
256678	7056	5.142036	2.5156555
256678	7057	5.2867527	2.2873511
256678	7058	4.9903774	2.5142405
256678	7059	5.256062	2.3635414
256678	7060	5.2966423	2.227598
256678	7061	5.1702375	2.330293
256678	7062	5.2316775	2.292656
256678	7063	5.026735	2.5258877
256678	7064	4.9571958	2.523869
256678	7065	5.041218	2.5329971
256678	7066	4.4239078	3.0870647
256678	7067	4.332338	3.2595892
256678	7068	4.3519382	3.2947545
256678	7069	4.5050693	3.1541893
256678	7070	4.586828	3.0388522
256678	7071	4.6691008	2.9425988
256678	7072	4.4648056	3.1288178
256678	7073	4.8322487	2.8458295
256678	7074	4.7722178	2.7883675
256678	7075	4.750408	2.8637798
256678	7076	5.058372	2.6273816
256678	7077	5.0010257	2.7347093
256678	7078	5.0108953	2.6397521
256678	7079	5.110069	2.5490453
256678	7080	5.039776	2.5587919
256678	7081	4.837343	2.8840106
256678	7082	4.9676175	2.670045
256678	7083	5.03191	2.630554
256678	7084	5.260011	2.4730356
256678	7085	5.229163	2.436564
256678	7086	3.9269428	3.4649515
256678	7087	3.3008018	3.9556487
256678	7088	2.995535	4.126236
256678	7089	2.6833115	4.2300367
256678	7090	2.6231852	4.30655
256678	7091	2.4930396	4.319883
256678	7092	2.4448528	4.3752484
256678	7093	2.4169598	4.310245
256678	7094	2.5227523	4.3197203
256678	7095	2.4765472	4.2838435
256678	7096	2.55159	4.291632
256678	7097	2.63615	4.040115
256678	7098	1.8729206	5.0058813
256678	7099	1.5795659	5.0102496
256678	7100	1.6786073	4.918379
256678	7101	1.5030113	5.020114
256678	7102	1.7491304	4.787838
256678	7103	1.6892394	4.8990164
256678	7104	1.9104847	4.8007107
256678	7105	1.5534412	4.9639707
256678	7106	1.7003716	4.860887
256678	7107	1.8555893	4.9171796
256678	7108	1.8784515	4.8001995
256678	7109	1.819961	4.785973
256678	7110	0.99614644	5.3974705
256678	7111	0.81380117	5.7516303
256678	7112	0.11140728	6.189361
256678	7113	-0.4317793	5.109411
256678	7114	0.64730465	3.9440796
256678	7115	0.119755566	3.8687284
256678	7116	0.027347565	4.446859
256678	7117	0.55495834	3.8217604
256678	7118	0.32940006	3.8988955
256678	7119	0.41208583	3.7372334
256678	7120	0.33789158	3.8248842
256678	7121	0.73383796	3.6190655
256678	7122	1.1394843	3.5052094
256678	7123	1.2635391	2.005394
256678	7124	1.2726521	2.9842455
256678	7125	0.77666664	3.2144775
256678	7126	3.006516	3.4838827
256678	7127	1.8218552	1.2970985
256678	7128	1.2152292	1.6564405
256678	7129	-0.3949542	3.224869
256678	7130	-0.45019984	3.5513113
256678	7131	-0.4014191	3.99907
256678	7132	0.17788476	3.1126735
256678	7133	2.80724	3.0594578
256678	7134	0.5242747	2.139939
256678	7135	-0.12810278	2.462127
256678	7136	-0.6911209	3.0166576
256678	7137	-0.469148	3.4082234
256678	7138	-0.62806886	3.816662
256678	7139	1.043051	3.8164136
256678	7140	0.8307369	3.1355302
256678	7141	0.3116688	3.5155187
256678	7142	-0.38514918	5.5151587
256678	7143	0.49045247	4.3174343
256678	7144	0.07693064	4.054682
256678	7145	0.6431788	4.5868096
256678	7146	0.5294086	4.126357
256678	7147	0.46909386	3.261198
256678	7148	-0.18878308	3.4291325
256678	7149	0.7452462	3.9883773
256678	7150	0.3253687	3.408421
256678	7151	-0.009470135	3.4594417
256678	7152	-0.4227517	3.7306526
256678	7153	0.076206565	4.034117
256678	7154	0.1353305	3.5053205
256678	7155	0.08109295	4.4079013
256678	7156	-0.09504235	4.695126
256678	7157	0.44080287	3.7595289
256678	7158	1.3758907	2.0965064
256678	7159	1.4876401	2.4714332
256678	7160	1.2070563	1.5544715
256678	7161	0.96459186	1.8343744
256678	7162	2.0444074	0.032783777
256678	7163	0.9597757	1.3881018
256678	7164	1.9557258	0.42074367
256678	7165	2.6515932	-0.066672176
256678	7166	2.129787	0.23772213
256678	7167	1.9190422	1.0119509
256678	7168	3.5848303	1.8668168
256678	7169	3.4168663	0.44207594
256678	7170	3.8758407	0.13856098
256678	7171	3.2898765	-0.018077433
256678	7172	3.873633	0.87165403
256678	7173	3.9803176	-0.9818784
256678	7174	4.020029	0.6362752
256678	7175	4.7726827	0.5938511
256678	7176	3.0152607	-0.34207505
256678	7177	0.99686086	0.4295937
256678	7178	1.1980098	0.37380788
256678	7179	1.1426332	0.70634985
256678	7180	1.490113	-0.8402182
256678	7181	3.964531	-0.5214207
256678	7182	3.328783	0.35327765
256678	7183	2.3391395	-0.74409765
256678	7184	2.4448018	-0.2349559
256678	7185	0.3139984	0.08710697
256678	7186	1.5331074	0.23148873
256678	7187	1.6506497	0.6487949
256678	7188	2.9845634	-0.2642001
256678	7189	2.2635002	-0.34759855
256678	7190	4.3633704	0.13922462
256678	7191	4.778999	0.040729433
256678	7192	2.6021519	-0.28817827
256678	7193	1.0583092	-0.14118993
256678	7194	1.6978425	0.23105189
256678	7195	2.597323	-0.73892254
256678	7196	2.5621667	-0.66502964
256678	7197	3.0263023	-0.35220268
256678	7198	3.0401878	-0.40566015
256678	7199	3.7943826	-0.1519585
256678	7200	3.280675	1.1371288
256678	7201	3.483068	1.0334404
256678	7202	1.813002	0.64067996
256678	7203	1.3736672	1.0586714
256678	7204	3.2816267	1.1303296
256678	7205	1.1926984	0.6688032
256678	7206	2.7283092	1.4363675
256678	7207	3.369619	-0.42964444
256678	7208	3.9896235	-0.5004628
256678	7209	3.4614835	0.90337574
256678	7210	3.6699314	-0.454812
256678	7211	3.7118535	-0.030173957
256678	7212	3.1032467	1.7021368
256678	7213	3.11938	-0.20447636
256678	7214	2.0521984	-0.03538683
256678	7215	2.6519198	0.847767
256678	7216	4.6559052	0.9478382
256678	7217	4.348067	-0.06523952
256678	7218	2.1185083	0.74918485
256678	7219	3.6181102	1.4377599
256678	7220	3.4114766	1.5500076
256678	7221	3.9066458	1.3610812
256678	7222	4.9105043	0.1723372
256678	7223	3.9997935	-1.1405703
256678	7224	2.1729746	-0.61077297
256678	7225	1.8961703	-0.35817656
256678	7226	0.9917964	0.5883982
256678	7227	1.5990669	0.637198
256678	7228	4.028981	0.3223032
256678	7229	3.9609184	-0.3680141
256678	7230	3.2388287	0.9850768
256678	7231	3.3575602	1.0330769
256678	7232	3.398747	0.9598267
256678	7233	3.952026	0.46202627
256678	7234	1.1647124	0.5966867
256678	7235	3.434167	0.8053552
256678	7236	4.267972	0.09213105
256678	7237	4.1655426	0.39767614
256678	7238	1.1921703	0.6673746
256678	7239	1.1449962	0.89790785
256678	7240	1.5105239	0.9367076
256678	7241	1.8921729	-1.0994271
256678	7242	3.1507182	-0.91535795
256678	7243	2.761654	0.14779267
256678	7244	3.691667	0.93141866
256678	7245	2.4797711	-0.010133088
256678	7246	0.86352265	1.241056
256678	7247	0.63313913	0.5702244
256678	7248	0.9235755	1.071702
256678	7249	1.4815581	0.87507224
256678	7250	2.0667577	-1.225223
256678	7251	2.4777312	-0.5614292
256678	7252	1.9751028	0.5733336
256678	7253	3.7701764	1.0903959
256678	7254	2.8916645	0.9825876
256678	7255	2.6674442	2.2104356
256678	7256	1.5122634	1.705426
256678	7257	1.6651229	1.6699796
256678	7258	2.0584435	1.4997854
256678	7259	2.3319683	1.3794035
256678	7260	1.9028975	1.6357388
256678	7261	2.1382985	1.6397319
256678	7262	0.921527	1.6360226
256678	7263	0.70638764	2.0716999
256678	7264	0.8186852	2.490743
256678	7265	1.1139084	1.9000962
256678	7266	1.5311846	1.5891163
256678	7267	3.9368834	2.0322888
256678	7268	3.1040483	2.860432
256678	7269	0.8865075	3.0508995
256678	7270	1.4054629	2.8166168
256678	7271	1.5560788	2.950689
256678	7272	1.7632362	2.856287
256678	7273	0.89785624	2.0761087
256678	7274	0.7336284	2.6313717
256678	7275	0.9782394	3.096431
256678	7276	1.0255586	1.1859523
256678	7277	2.5923848	2.8452525
256678	7278	3.1762905	2.3016822
256678	7279	3.7247906	1.4359121
256678	7280	3.4432979	1.9484737
256678	7281	3.851481	1.6133492
256678	7282	3.6434937	1.6765397
256678	7283	3.5289402	1.7289102
256678	7284	2.3735652	2.622118
256678	7285	2.598465	2.6344297
256678	7286	2.8288536	2.5393527
256678	7287	3.5669413	1.86591
256678	7288	3.7364035	1.6550033
256678	7289	2.5626655	2.481662
256678	7290	2.718349	2.601647
256678	7291	2.9741516	2.508547
256678	7292	0.56409895	4.506633
256678	7293	1.4526246	4.878714
256678	7294	2.978436	3.5778716
256678	7295	3.813274	3.08538
256678	7296	3.1990094	1.6938667
256678	7297	3.1796842	2.3327422
256678	7298	1.5278336	1.6529777
256678	7299	0.9187447	1.4722824
256678	7300	2.308805	1.9967372
256678	7301	1.834921	2.8303108
256678	7302	1.7405494	1.5503786
256678	7303	0.86523855	1.7789233
256678	7304	2.2956543	2.0912898
256678	7305	1.8163582	2.8760574
256678	7306	1.524856	1.7271743
256678	7307	0.7484174	1.8699119
256678	7308	2.214038	2.1311255
256678	7309	1.4126265	3.2171817
256678	7310	2.4068508	2.5401807
256678	7311	2.2341242	2.835601
256678	7312	2.1131868	1.2344437
256678	7313	1.341125	1.0984393
256678	7314	2.7312927	1.5328048
256678	7315	1.6109215	3.1452684
256678	7316	1.869896	1.262038
256678	7317	1.2885399	0.874907
256678	7318	2.792149	1.3837343
256678	7319	2.8974266	1.6513503
256678	7320	1.3639594	0.8186499
256678	7321	2.6063595	1.5512826
256678	7322	1.9947613	2.696561
256678	7323	1.1871754	1.8325346
256678	7324	0.61237526	1.7302315
256678	7325	2.2840533	1.8538141
256678	7326	2.5331168	1.863806
256678	7327	1.0390934	0.99813426
256678	7328	1.2332273	1.4261752
256678	7329	2.6333675	2.4093995
256678	7330	1.8696007	0.9381927
256678	7331	4.0394297	1.1115704
256678	7332	3.7406774	0.79563534
256678	7333	1.3710274	0.99930596
256678	7334	0.55796504	1.4092389
256678	7335	3.2148867	1.3647156
256678	7336	4.0212746	0.692768
256678	7337	0.8561976	1.1824185
256678	7338	3.265895	1.3663014
256678	7339	4.026234	1.0522606
256678	7340	4.4251223	0.7277405
256678	7341	2.1998024	0.3305284
256678	7342	2.6579437	1.7844269
256678	7343	2.03791	0.49509087
256678	7344	3.8788824	0.9762219
256678	7345	3.101797	1.1408848
256678	7346	1.3704288	1.0486422
256678	7347	3.123053	1.4741786
256678	7348	3.1101317	1.9333062
256678	7349	1.4884013	1.1914202
256678	7350	0.6491649	1.3739709
256678	7351	2.8278508	1.5584431
256678	7352	2.8728752	2.050077
256678	7353	1.5500351	1.2043566
256678	7354	3.2454262	1.7527583
256678	7355	2.6961598	2.3603053
256678	7356	1.5200506	1.2494012
256678	7357	3.0847807	2.0765085
256678	7358	3.2918763	2.006904
256678	7359	3.5281434	1.6425958
256678	7360	2.354498	0.4687107
256678	7361	2.6679444	2.1363811
256678	7362	4.198722	1.4438006
256678	7363	4.5967674	-0.6923166
256678	7364	3.8941193	0.7192302
256678	7365	4.0617385	1.5821209
256678	7366	4.587115	-1.01758
256678	7367	4.779999	0.51092196
256678	7368	3.4816065	1.5835855
256678	7369	2.3454585	1.1089113
256678	7370	2.7476435	0.32351813
256678	7371	3.547749	0.121293694
256678	7372	3.707955	0.0047429204
256678	7373	2.9150472	0.2198601
256678	7374	3.3481956	-0.0069456995
256678	7375	3.2825541	-0.08369753
256678	7376	2.9327354	-0.5689997
256678	7377	2.139614	-0.8099438
256678	7378	3.4955788	0.23938158
256678	7379	3.162425	0.5838963
256678	7380	2.6783733	-0.45744878
256678	7381	3.0256295	0.343322
256678	7382	3.0036836	0.5038854
256678	7383	2.6879334	-0.45684138
256678	7384	3.1446	0.21577361
256678	7385	2.7497206	1.0618207
256678	7386	2.6663814	0.6051655
256678	7387	2.8744516	-0.91356266
256678	7388	1.1367495	0.13595214
256678	7389	0.9084593	0.95092285
256678	7390	2.7788267	-0.32069534
256678	7391	1.7944854	-0.064192
256678	7392	0.32374203	1.3878145
256678	7393	1.817684	1.3936963
256678	7394	1.2493937	0.87152934
256678	7395	1.3696256	2.042252
256678	7396	1.6171862	1.6985128
256678	7397	1.8086256	1.9705389
256678	7398	1.9263409	1.5489092
256678	7399	2.7560287	0.95099545
256678	7400	3.1700506	0.76065564
256678	7401	3.332172	0.4659861
256678	7402	2.7134361	1.0426669
256678	7403	2.9279346	0.8785919
256678	7404	1.6752597	2.2190838
256678	7405	2.2467704	3.3909204
256678	7406	2.9399467	2.3505926
256678	7407	3.2902117	-0.19764799
256678	7408	3.0951838	1.2847651
256678	7409	3.125411	1.0085465
256678	7410	2.9373136	1.1783566
256678	7411	3.4086304	0.8592917
256678	7412	3.37565	2.001756
256678	7413	3.861878	2.5338194
256678	7414	5.064422	1.0950801
256678	7415	4.76565	2.385235
256678	7416	4.6298494	1.01997
256678	7417	4.768146	2.2719364
256678	7418	4.1368423	1.3013576
256678	7419	5.0975747	0.7197262
256678	7420	5.163274	0.48260972
256678	7421	5.2564783	1.5689948
256678	7422	4.4951296	2.4940612
256678	7423	4.5411186	2.5638561
256678	7424	4.4759045	2.3539746
256678	7425	4.6856475	2.2249644
256678	7426	4.6196456	2.307575
256678	7427	4.6121273	2.2047207
256678	7428	5.732911	1.0611651
256678	7429	5.856156	0.94339657
256678	7430	5.7996454	0.8869678
256678	7431	5.497653	1.0123085
256678	7432	5.573459	1.0850945
256678	7433	5.432425	1.1597359
256678	7434	5.6737766	1.0025204
256678	7435	5.5385275	1.0009761
256678	7436	4.0828056	2.849057
256678	7437	4.089409	2.9103913
256678	7438	3.568768	2.605094
256678	7439	3.0256066	2.227254
256678	7440	2.9310193	2.4074297
256678	7441	3.3992348	2.0777388
256678	7442	3.4225311	2.0382347
256678	7443	3.9503074	0.10799435
256678	7444	3.8505716	0.75894654
256678	7445	4.3037286	1.2744298
256678	7446	3.8946986	1.2490842
256678	7447	4.596312	0.4786587
256678	7448	4.9563527	0.27801386
256678	7449	5.266783	1.0703644
256678	7450	4.5693345	1.4941432
256678	7451	4.378129	2.5586593
256678	7452	3.4535928	3.40487
256678	7453	3.2603273	2.7036183
256678	7454	3.4216762	0.97540164
256678	7455	3.2678351	1.5676022e-05
256678	7456	1.135951	0.7908094
256678	7457	1.7334675	1.1452501
256678	7458	1.6308497	1.2599205
256678	7459	1.8712085	0.8977941
256678	7460	1.9722167	1.483535
256678	7461	1.9899017	2.6097941
256678	7462	2.4915252	2.0718603
256678	7463	3.8719578	2.9279556
256678	7464	2.63167	2.0859482
256678	7465	2.3594828	1.3066028
256678	7466	2.6332135	1.4666824
256678	7467	2.9959445	1.6253998
256678	7468	2.7032137	0.37022212
256678	7469	2.8407183	1.3473514
256678	7470	3.1867323	0.92448664
256678	7471	3.1286592	0.7150712
256678	7472	4.6811976	1.9804981
256678	7473	4.1919384	2.1603022
256678	7474	3.7240295	2.367548
256678	7475	3.3744416	1.4938146
256678	7476	2.7493062	0.8623761
256678	7477	2.8967652	1.7303562
256678	7478	3.2982173	1.3887882
256678	7479	3.2036471	1.6320715
256678	7480	3.3832555	-0.25290933
256678	7481	3.664608	0.9079689
256678	7482	3.4294472	1.8272369
256678	7483	4.381306	2.2963667
256678	7484	3.7337413	2.0617878
256678	7485	3.932672	1.9484167
256678	7486	4.3601327	-0.057157516
256678	7487	4.7871776	1.0631461
256678	7488	4.4283414	1.0449047
256678	7489	4.5924997	2.0796099
256678	7490	4.008834	2.4367008
256678	7491	3.9318562	2.859526
256678	7492	4.2726374	2.7293224
256678	7493	4.1852593	2.7522347
256678	7494	3.4020743	2.0516584
256678	7495	2.8738213	1.617327
256678	7496	2.6117325	2.5734937
256678	7497	2.8893228	2.311873
256678	7498	3.1200037	2.100948
256678	7499	3.7644734	0.55756617
256678	7500	3.399561	1.882045
256678	7501	3.451374	2.6207516
256678	7502	2.5575323	1.6994119
256678	7503	3.2754579	2.7784567
256678	7504	3.2860231	2.5209234
256678	7505	3.8662195	2.0122976
256678	7506	3.9885583	2.9888222
256678	7507	3.2106237	2.6314845
256678	7508	2.8078518	1.9928579
256678	7509	2.4092665	2.5112667
256678	7510	2.6027927	2.2158213
256678	7511	4.2903414	0.7784684
256678	7512	4.8012295	1.5973802
256678	7513	4.667875	1.0148128
256678	7514	5.023004	2.018746
256678	7515	2.5054708	2.1125002
256678	7516	4.2236385	2.825787
256678	7517	3.499392	2.048357
256678	7518	3.3324423	2.139238
256678	7519	2.6823435	1.4650962
256678	7520	2.5819578	1.799922
256678	7521	2.9911304	1.5742984
256678	7522	2.831101	2.4048884
256678	7523	2.8292766	2.358418
256678	7524	4.3225055	0.90305316
256678	7525	5.050683	1.4864534
256678	7526	4.8118086	1.5511527
256678	7527	4.72849	1.2814736
256678	7528	3.8885732	2.8037205
256678	7529	3.2269444	3.5654871
256678	7530	3.1437325	3.5608761
256678	7531	3.0904431	2.8931584
256678	7532	2.8612275	2.4259372
256678	7533	2.8736997	2.5633574
256678	7534	3.195531	2.249708
256678	7535	3.5268083	1.9769402
256678	7536	3.9264536	0.24698958
256678	7537	4.046208	1.6127961
256678	7538	3.9467764	1.1412704
256678	7539	4.1295247	1.843281
256678	7540	4.014381	2.8319018
256678	7541	3.522626	2.6093814
256678	7542	3.6755342	2.5379748
256678	7543	3.3673134	1.9268384
256678	7544	3.533042	2.1338127
256678	7545	3.5553465	0.70828855
256678	7546	3.5382023	1.8353877
256678	7547	3.396819	2.666357
256678	7548	1.4634079	1.8808658
256678	7549	2.2155461	3.0169659
256678	7550	3.7515998	2.783315
256678	7551	2.659377	2.608427
256678	7552	2.6028676	1.9470997
256678	7553	2.6268091	2.4569266
256678	7554	2.631445	2.5470514
256678	7555	2.63302	2.466725
256678	7556	2.7963848	2.1204944
256678	7557	4.519325	0.81192696
256678	7558	4.649143	0.5948932
256678	7559	5.366187	0.5547507
256678	7560	4.8620434	0.71166825
256678	7561	4.644088	2.1116464
256678	7562	4.225837	2.166257
256678	7563	3.2784438	3.1091356
256678	7564	3.4827085	3.0354974
256678	7565	2.5741696	2.4542642
256678	7566	2.7148147	1.6356153
256678	7567	2.641245	2.5019062
256678	7568	2.8515668	2.3524482
256678	7569	3.330626	0.5448853
256678	7570	3.8648648	0.92709124
256678	7571	1.4687124	1.4363825
256678	7572	1.6381997	1.530536
256678	7573	2.1563048	0.9123565
256678	7574	2.3729134	0.6207317
256678	7575	2.3439002	1.1723067
256678	7576	1.8480815	1.732732
256678	7577	2.4051337	2.4206767
256678	7578	2.4204307	2.0916133
256678	7579	3.8671837	2.907828
256678	7580	2.3906107	2.065701
256678	7581	2.2799535	2.2084916
256678	7582	2.1231132	1.7207351
256678	7583	2.3117867	1.978337
256678	7584	4.162115	0.40478507
256678	7585	4.7117634	0.9803896
256678	7586	4.313436	0.8871386
256678	7587	4.775239	2.2187817
256678	7588	3.4808621	2.941679
256678	7589	3.0946217	2.0503669
256678	7590	3.1956606	2.664066
256678	7591	3.221384	2.5964208
256678	7592	3.6541429	1.1751194
256678	7593	4.143023	2.553078
256678	7594	4.610608	1.5085831
256678	7595	4.4347672	1.4002432
256678	7596	2.6739025	0.70168257
256678	7597	2.8814287	0.9813564
256678	7598	2.8860388	0.81772566
256678	7599	4.6437683	1.9608207
256678	7600	3.516666	2.7311776
256678	7601	3.0070844	3.0481043
256678	7602	3.2643037	3.169994
256678	7603	3.7067604	2.98349
256678	7604	3.6527352	3.04219
256678	7605	3.7785063	2.8858144
256678	7606	4.24258	2.755479
256678	7607	3.608171	3.2556777
256678	7608	3.4107003	3.4043744
256678	7609	2.3483515	3.3717628
256678	7610	2.524313	2.4059067
256678	7611	2.660048	2.5008278
256678	7612	3.0102715	2.3323731
256678	7613	2.8865004	0.92666316
256678	7614	3.0372038	2.1946447
256678	7615	3.123322	1.6070907
256678	7616	3.3256435	2.3727202
256678	7617	3.158135	2.4025152
256678	7618	3.5260801	3.142543
256678	7619	2.7824569	3.1309001
256678	7620	3.2075062	2.7636342
256678	7621	2.9810166	2.3228066
256678	7622	3.2498631	2.2040899
256678	7623	3.2824411	0.78399324
256678	7624	3.1152816	2.279668
256678	7625	3.146328	1.634536
256678	7626	3.9865837	0.8269808
256678	7627	4.1660047	1.9135838
256678	7628	4.0447783	1.8167546
256678	7629	3.7768755	2.8533535
256678	7630	3.1537228	3.557102
256678	7631	3.061222	2.9789262
256678	7632	3.0348854	2.827106
256678	7633	2.94071	2.2090137
256678	7634	3.106389	2.2256145
256678	7635	3.1942444	0.8046465
256678	7636	3.271604	1.9854603
256678	7637	3.1741724	2.7122133
256678	7638	3.692698	2.8651066
256678	7639	3.1821404	2.413635
256678	7640	3.0373874	1.7899585
256678	7641	3.4279146	1.865999
256678	7642	4.1408334	0.37248793
256678	7643	3.906002	1.6010487
256678	7644	3.8090653	2.3818827
256678	7645	1.5041136	1.653086
256678	7646	3.9436846	2.6513307
256678	7647	3.4871688	2.3267858
256678	7648	2.8337107	3.3761234
256678	7649	2.6696973	2.9508169
256678	7650	2.5819793	2.1475363
256678	7651	2.9942045	2.1360133
256678	7652	3.4502325	0.4766164
256678	7653	2.0342274	0.7635757
256678	7654	1.4059091	0.7535765
256678	7655	1.8944532	1.0279862
256678	7656	1.9075617	0.95735633
256678	7657	2.2979612	1.1631105
256678	7658	2.1242132	2.3370142
256678	7659	3.9373937	2.485667
256678	7660	2.4153957	2.7177167
256678	7661	2.4752517	1.9524741
256678	7662	2.53763	2.0997078
256678	7663	2.7678413	2.2723193
256678	7664	2.5460348	0.9380903
256678	7665	2.6070757	2.4439888
256678	7666	2.6662626	1.8960664
256678	7667	3.992684	2.564445
256678	7668	2.854045	3.5569236
256678	7669	2.7439523	2.6684422
256678	7670	2.566958	1.6146374
256678	7671	2.586193	2.5131102
256678	7672	2.7606921	2.2705877
256678	7673	1.203868	1.8949516
256678	7674	1.2316217	2.902197
256678	7675	1.5809473	3.09159
256678	7676	1.1640596	3.3046083
256678	7677	1.2743986	3.4355273
256678	7678	1.1926672	3.4623053
256678	7679	1.16855	3.484187
256678	7680	1.2103317	2.453252
256678	7681	1.3584527	2.690149
256678	7682	1.5569156	1.360071
256678	7683	1.3930136	2.7729356
256678	7684	2.431779	1.804959
256678	7685	2.1651015	2.6911306
256678	7686	2.2697039	2.3608558
256678	7687	2.3455415	2.3743358
256678	7688	1.9639164	2.538282
256678	7689	0.59969413	2.312997
256678	7690	0.44950867	3.1326923
256678	7691	0.743435	2.6687026
256678	7692	0.8800025	2.4071884
256678	7693	1.2541949	1.8898585
256678	7694	1.342312	2.0096178
256678	7695	1.259508	2.2983208
256678	7696	0.8515676	2.4461555
256678	7697	1.139257	2.2103157
256678	7698	0.8330548	2.4913573
256678	7699	1.0630411	2.239554
256678	7700	1.2880912	2.1885624
256678	7701	1.814948	1.4676389
256678	7702	1.4007078	2.4266632
256678	7703	1.3814354	2.7308457
256678	7704	1.6222485	3.567403
256678	7705	1.8215021	2.795009
256678	7706	1.9025217	2.789709
256678	7707	2.0809388	3.656162
256678	7708	2.468915	2.0571396
256678	7709	2.5350075	2.2355762
256678	7710	0.9626812	2.072663
256678	7711	0.80489933	1.9010723
256678	7712	1.0386419	1.019663
256678	7713	0.8243756	3.0158503
256678	7714	1.1758674	1.3241278
256678	7715	1.7178897	1.0505216
256678	7716	2.616591	2.1941478
256678	7717	2.0391302	0.52421784
256678	7718	2.8662739	0.60107636
256678	7719	2.824679	0.87860227
256678	7720	2.5732174	0.88311553
256678	7721	2.9032416	0.5496384
256678	7722	2.1113834	-0.055546403
256678	7723	0.56256104	1.0840496
256678	7724	0.6356926	2.1568596
256678	7725	0.58130336	2.7572243
256678	7726	1.1841787	2.3368816
256678	7727	1.1571702	2.0987601
256678	7728	2.1614952	0.50249124
256678	7729	3.7878194	1.7263138
256678	7730	1.1842595	0.86817
256678	7731	1.8578986	1.8206651
256678	7732	2.3994427	-0.3708586
256678	7733	3.0503469	0.34670296
256678	7734	2.7831326	0.5682392
256678	7735	2.873313	0.29512897
256678	7736	3.197536	0.41062304
256678	7737	3.0247927	0.44131324
256678	7738	3.5508223	0.14658466
256678	7739	3.074812	0.43060717
256678	7740	3.6202307	0.13942489
256678	7741	4.0306563	-0.30829212
256678	7742	3.7963758	0.029334337
256678	7743	3.5591488	0.1601558
256678	7744	3.5717711	0.18370357
256678	7745	3.590559	0.27184877
256678	7746	3.5661383	0.19571653
256678	7747	3.622161	0.7596133
256678	7748	3.0906057	-0.24901396
256678	7749	3.0878534	0.98367
256678	7750	3.0752196	0.9958551
256678	7751	3.0866451	1.6911671
256678	7752	2.9941058	0.3501151
256678	7753	2.847414	1.3154156
256678	7754	2.572525	2.2562795
256678	7755	2.8646822	1.983005
256678	7756	2.781465	2.025894
256678	7757	2.979486	2.0380707
256678	7758	3.0682483	1.9657466
256678	7759	2.9175014	2.1502326
256678	7760	3.0943394	2.219524
256678	7761	3.4152732	1.7571843
256678	7762	3.2095318	2.0035777
256678	7763	3.3218613	1.8765616
256678	7764	3.7584333	1.2745382
256678	7765	3.2472563	2.8585598
256678	7766	3.203392	1.7148905
256678	7767	2.6891255	3.3046913
256678	7768	3.1652617	1.0615852
256678	7769	2.7549624	0.26682767
256678	7770	2.8113432	1.0246795
256678	7771	2.6550817	2.0288727
256678	7772	2.8320441	2.0577304
256678	7773	3.10147	1.6333971
256678	7774	3.4647217	1.2069296
256678	7775	2.6386032	1.9903815
256678	7776	2.9038196	1.9561646
256678	7777	3.2619066	2.579547
256678	7778	3.6246095	0.92484677
256678	7779	2.8775873	2.1544197
256678	7780	3.1721206	1.7647374
256678	7781	3.184606	1.7973211
256678	7782	3.3289118	1.4811376
256678	7783	2.7992067	2.199925
256678	7784	2.9608378	2.0764668
256678	7785	3.0263338	2.0171912
256678	7786	3.0137172	1.9266696
256678	7787	1.9333655	2.3147473
256678	7788	1.9164835	1.964365
256678	7789	0.99290395	1.9654655
256678	7790	1.7005321	2.0594907
256678	7791	1.6244384	3.1818027
256678	7792	2.063139	0.7726276
256678	7793	2.3600955	2.457265
256678	7794	2.2511606	2.388839
256678	7795	3.0573797	1.2598189
256678	7796	3.4563403	1.2657304
256678	7797	3.3845725	1.2809706
256678	7798	3.3396654	1.3107435
256678	7799	3.1924639	1.390937
256678	7800	3.1643143	1.4048903
256678	7801	3.355801	1.2740828
256678	7802	3.3572087	1.1837668
256678	7803	3.8410664	1.024211
256678	7804	3.9551563	0.94131446
256678	7805	3.7231078	1.0013137
256678	7806	2.9850454	1.6879296
256678	7807	3.3775387	1.3715339
256678	7808	3.4051642	1.3964217
256678	7809	3.2373724	1.729686
256678	7810	3.0518174	1.785469
256678	7811	2.9051561	1.9979861
256678	7812	3.755128	0.7113919
256678	7813	4.1436243	0.6087501
256678	7814	3.962006	0.7024014
256678	7815	3.9985309	0.86830616
256678	7816	3.929318	0.88598347
256678	7817	4.04332	0.84069574
256678	7818	4.1650844	0.7592156
256678	7819	3.4881983	1.5867558
256678	7820	3.31461	1.1952035
256678	7821	3.7151542	1.0833787
256678	7822	3.7467403	1.1209157
256678	7823	2.9442182	0.45726773
256678	7824	2.6017718	1.6031942
256678	7825	3.3058	0.4691997
256678	7826	3.7025456	0.39155015
256678	7827	3.7817316	1.170711
256678	7828	3.2252836	-0.044976205
256678	7829	4.0124946	1.1684648
256678	7830	3.0598378	2.8366563
256678	7831	1.8891083	2.3222315
256678	7832	2.5311818	0.5912479
256678	7833	3.037877	0.9952527
256678	7834	2.4807496	1.6206224
256678	7835	2.8195906	1.1154673
256678	7836	2.8217416	0.94918656
256678	7837	2.7793655	1.2788137
256678	7838	2.9822712	0.9873295
256678	7839	3.2228417	0.59387815
256678	7840	3.1116767	0.9204371
256678	7841	3.000844	0.98050046
256678	7842	3.270968	0.77887976
256678	7843	3.1778607	0.7948811
256678	7844	3.1382022	0.9911394
256678	7845	3.0411444	0.9116734
256678	7846	3.231876	0.87732995
256678	7847	2.5050492	1.4770606
256678	7848	3.0311756	0.94650185
256678	7849	3.3227358	0.82997096
256678	7850	3.0858192	0.89897084
256678	7851	3.2825236	1.4644858
256678	7852	2.7336059	2.5426505
256678	7853	2.9147224	2.356421
256678	7854	3.0652199	2.1755164
256678	7855	1.9897014	3.3667586
256678	7856	1.9305671	3.4865384
256678	7857	2.0028367	4.3664937
256678	7858	2.2173867	2.3209987
256678	7859	2.2788625	2.7091527
256678	7860	2.8120894	2.1061466
256678	7861	3.6347866	2.5224588
256678	7862	2.8020997	3.3846207
256678	7863	2.113844	3.5578315
256678	7864	1.4886048	4.0460224
256678	7865	2.098721	3.4840539
256678	7866	2.4969668	3.1120787
256678	7867	2.6213188	2.833257
256678	7868	2.0000477	3.2914567
256678	7869	3.1327915	3.250257
256678	7870	2.5970798	3.5251439
256678	7871	2.5301166	1.1688774
256678	7872	1.5527664	0.75620675
256678	7873	2.585589	1.8519611
256678	7874	1.7989489	0.8633034
256678	7875	2.2759566	0.7585517
256678	7876	2.574378	0.6415726
256678	7877	3.6870732	1.5375625
256678	7878	3.2037816	1.1174294
256678	7879	1.8432239	1.1166782
256678	7880	2.0141296	1.5288078
256678	7881	3.5519228	1.7084458
256678	7882	3.784781	1.4830058
256678	7883	1.8726689	1.2099009
256678	7884	2.42796	0.8380419
256678	7885	3.7749577	1.4749004
256678	7886	2.2349358	1.3117951
256678	7887	1.2915481	1.131864
256678	7888	3.1751318	1.5727165
256678	7889	3.4684973	1.4519299
256678	7890	3.7030659	1.4452904
256678	7891	1.632083	1.1283433
256678	7892	2.0923352	1.7939856
256678	7893	3.9568233	1.4699389
256678	7894	3.3131003	1.2549429
256678	7895	2.9933043	1.5910149
256678	7896	2.7986417	1.8660293
256678	7897	2.6723323	1.9811499
256678	7898	1.2605495	1.732862
256678	7899	0.82110786	1.520186
256678	7900	1.1139235	1.5187324
256678	7901	1.9169611	1.7032201
256678	7902	2.2589154	0.9084904
256678	7903	3.8880286	1.3895317
256678	7904	3.6144443	1.7237253
256678	7905	2.9483829	1.2624317
256678	7906	1.0704093	1.6025314
256678	7907	1.6456732	2.1572158
256678	7908	3.9269686	1.1259803
256678	7909	3.0882025	1.0308653
256678	7910	2.9431129	1.2789055
256678	7911	2.8671618	1.4093677
256678	7912	2.746224	2.02393
256678	7913	1.6447347	1.9414647
256678	7914	1.4144789	2.128585
256678	7915	1.7470113	1.6647303
256678	7916	2.4016356	2.2385466
256678	7917	2.8497944	2.3023894
256678	7918	2.1340055	1.8605199
256678	7919	2.6675773	1.3209603
256678	7920	3.928443	1.8859146
256678	7921	3.6059732	2.6175015
256678	7922	3.0180855	2.2110097
256678	7923	2.351039	1.6547432
256678	7924	2.276235	1.861556
256678	7925	2.4054346	3.1474407
256678	7926	2.912949	2.6100988
256678	7927	2.509674	1.5480859
256678	7928	3.282054	1.260588
256678	7929	3.1190104	1.3239105
256678	7930	3.2204032	2.3039293
256678	7931	2.593567	1.565633
256678	7932	2.6524444	1.5569942
256678	7933	3.21635	0.80929315
256678	7934	1.5510918	0.8880607
256678	7935	2.1284614	1.4118816
256678	7936	1.856872	1.3532835
256678	7937	2.1348004	1.0567644
256678	7938	2.1781502	1.1099174
256678	7939	3.925384	1.328054
256678	7940	3.4978704	1.8854666
256678	7941	3.3820233	2.1913705
256678	7942	3.7080417	2.2278159
256678	7943	4.036079	2.1768277
256678	7944	4.257886	2.173414
256678	7945	4.2975035	2.0640872
256678	7946	4.534452	2.0933359
256678	7947	4.6640096	1.9632223
256678	7948	4.394046	2.3898892
256678	7949	4.3050594	2.4288025
256678	7950	4.4536552	2.4969134
256678	7951	4.292419	2.5501099
256678	7952	3.889699	2.8953729
256678	7953	4.180094	2.6962576
256678	7954	4.211783	2.9181108
256678	7955	4.1497664	2.7979012
256678	7956	4.340456	2.7744238
256678	7957	4.0922594	2.6335042
256678	7958	4.342252	2.718004
256678	7959	4.1779428	2.7385473
256678	7960	4.407876	2.8273942
256678	7961	4.1174984	2.7872972
256678	7962	4.06424	2.8935623
256678	7963	4.021446	2.8535368
256678	7964	4.017407	2.8713655
256678	7965	3.2837543	3.7061641
256678	7966	2.3680816	4.037192
256678	7967	1.9691638	4.4950023
256678	7968	1.6431051	4.612031
256678	7969	1.8270687	4.64673
256678	7970	0.67397356	5.390843
256678	7971	-0.0071952343	5.9185495
256678	7972	0.11333299	5.7853594
256678	7973	0.11849356	5.6067595
256678	7974	-0.31165034	4.666296
256678	7975	0.049103558	3.5118155
256678	7976	-0.025277615	3.1139438
256678	7977	0.12542361	3.1809807
256678	7978	0.26337332	2.5647078
256678	7979	0.7030972	3.1831603
256678	7980	0.44384545	1.6868157
256678	7981	0.6269914	2.8980486
256678	7982	0.67250943	3.1378217
256678	7983	0.939376	1.5557911
256678	7984	1.3270028	2.1668787
256678	7985	2.2094011	2.1956642
256678	7986	1.3513439	1.1133263
256678	7987	1.2592098	2.5324936
256678	7988	1.2318803	2.4475446
256678	7989	1.2862419	2.0951755
256678	7990	0.37528008	2.5075002
256678	7991	0.4489063	2.5613863
256678	7992	0.61318755	3.4186847
256678	7993	1.4061382	3.6206033
256678	7994	0.70465505	3.832474
256678	7995	1.1320888	1.480765
256678	7996	0.7846681	0.92817247
256678	7997	1.499673	0.9330046
256678	7998	1.9605633	1.07085
256678	7999	1.5249654	3.5825083
256678	8000	2.23729	3.4120507
256678	8001	1.7079946	3.5548155
256678	8002	1.1759238	4.284318
256678	8003	1.7550229	2.056046
256678	8004	2.0760703	1.4469626
256678	8005	1.4482205	2.3740563
256678	8006	1.8425888	2.0084977
256678	8007	1.861487	2.7891355
256678	8008	2.6724029	3.2163856
256678	8009	2.4283366	2.6361525
256678	8010	2.3196769	3.010504
256678	8011	1.2940068	4.1692224
256678	8012	1.7970282	4.5429015
256678	8013	2.4980469	3.6097677
256678	8014	2.7151566	3.7769234
256678	8015	1.7202119	3.7094443
256678	8016	1.8450094	3.4978926
256678	8017	1.7372495	3.6955993
256678	8018	1.7880989	3.8276427
256678	8019	2.153664	3.4768367
256678	8020	2.4513154	3.1766827
256678	8021	3.9176912	1.7348633
256678	8022	2.7909164	1.0867444
256678	8023	3.0325556	1.1934099
256678	8024	3.5439768	1.534185
256678	8025	3.8243632	1.0932156
256678	8026	3.907672	1.029456
256678	8027	4.065191	1.9592533
256678	8028	3.951684	2.1484833
256678	8029	4.2978272	1.9213443
256678	8030	4.9820457	1.328163
256678	8031	5.3022885	0.8664204
256678	8032	4.026052	0.59706974
256678	8033	3.4481802	0.34564152
256678	8034	3.7745676	0.4310039
256678	8035	2.4443212	0.18980172
256678	8036	2.776587	0.18323621
256678	8037	4.741747	1.0771626
256678	8038	4.9653473	0.72099817
256678	8039	5.1926074	0.33303168
256678	8040	3.779457	-0.019260436
256678	8041	2.61231	0.21799502
256678	8042	3.1304793	0.13037005
256678	8043	3.456222	0.27634314
256678	8044	1.9109951	0.49748173
256678	8045	1.8800563	1.8040717
256678	8046	2.0438433	1.8805594
256678	8047	4.2662096	1.7469516
256678	8048	3.9107418	0.8475646
256678	8049	3.4431763	0.13306436
256678	8050	3.2522068	0.35297093
256678	8051	2.5960536	1.1094204
256678	8052	3.0017276	1.9413466
256678	8053	3.2548585	1.6549308
256678	8054	3.2048945	2.0290003
256678	8055	4.1438847	1.4581686
256678	8056	4.465676	0.66725624
256678	8057	4.7825346	0.42699417
256678	8058	3.954589	-0.09245098
256678	8059	4.217138	-0.19234866
256678	8060	4.379256	-0.23578663
256678	8061	3.9992537	0.476994
256678	8062	3.960322	0.70904195
256678	8063	3.895679	-0.052681684
256678	8064	4.396582	0.24835625
256678	8065	3.9417214	0.74957776
256678	8066	4.430916	0.36493292
256678	8067	3.7060342	-0.04254511
256678	8068	3.8992066	0.6041969
256678	8069	4.02022	0.66310644
256678	8070	4.285515	0.65733254
256678	8071	3.6434536	-0.25281054
256678	8072	4.07914	0.38234922
256678	8073	4.2592587	0.5548159
256678	8074	4.141128	-0.45690423
256678	8075	4.3209004	0.21530643
256678	8076	4.784046	0.071332544
256678	8077	4.204747	-0.52613086
256678	8078	4.548784	-0.21886465
256678	8079	4.3010464	0.04237482
256678	8080	4.6169024	0.79572594
256678	8081	4.7357116	0.94129837
256678	8082	4.396985	-0.13719517
256678	8083	4.3919315	-0.050197244
256678	8084	4.57196	0.93926466
256678	8085	4.481565	0.94048095
256678	8086	4.675983	0.7714932
256678	8087	4.203031	-0.03168264
256678	8088	3.4440217	1.5772824
256678	8089	3.337666	1.6750717
256678	8090	3.7335448	1.2474501
256678	8091	3.9854865	1.0827985
256678	8092	4.1476884	1.8010156
256678	8093	4.7389207	-0.064622015
256678	8094	3.6093874	1.3470908
256678	8095	4.2751517	0.2645773
256678	8096	4.1337805	0.010743529
256678	8097	1.3687134	0.6626972
256678	8098	1.2785705	0.56190205
256678	8099	1.2247181	0.7321687
256678	8100	1.2348481	0.6597917
256678	8101	1.7974132	0.34445015
256678	8102	3.9264889	0.64541006
256678	8103	3.5578012	1.0325991
256678	8104	3.6341095	0.78445625
256678	8105	3.9722047	0.6324923
256678	8106	1.4577067	0.6531174
256678	8107	1.1905358	0.98342
256678	8108	1.2128379	1.9254396
256678	8109	3.5140104	1.6760256
256678	8110	3.682766	0.2127532
256678	8111	3.6714835	0.32326606
256678	8112	3.6170688	1.4922515
256678	8113	3.6375332	0.51329005
256678	8114	2.6532493	0.5775051
256678	8115	1.9032072	0.59023833
256678	8116	4.434285	0.51185906
256678	8117	4.7111893	1.0308155
256678	8118	3.3546758	0.8449718
256678	8119	2.7153792	0.36965713
256678	8120	1.9092184	0.54789364
256678	8121	1.8733112	0.6461781
256678	8122	4.4301286	0.597412
256678	8123	4.841638	0.674314
256678	8124	3.095047	0.16004834
256678	8125	1.8563432	0.44600043
256678	8126	1.9809972	0.5290837
256678	8127	4.4866066	0.5178952
256678	8128	4.5978775	0.8972962
256678	8129	4.877703	0.576473
256678	8130	4.994688	0.5374733
256678	8131	5.2416	-0.12641239
256678	8132	5.3656187	-0.103506446
256678	8133	5.3048964	-0.20942155
256678	8134	5.1592507	-0.07020724
256678	8135	4.837537	0.18799421
256678	8136	4.9185367	0.1938822
256678	8137	5.2611895	-0.060584575
256678	8138	5.225489	-0.011928707
256678	8139	5.0540686	0.19500819
256678	8140	5.1777153	0.08373353
256678	8141	5.152545	-0.014261216
256678	8142	5.145066	0.07265243
256678	8143	5.1535807	0.05996725
256678	8144	5.2937036	-5.64456e-05
256678	8145	5.5367064	-0.5296499
256678	8146	5.608554	-0.5859005
256678	8147	5.539794	-0.6693183
256678	8148	5.5750976	-0.639567
256678	8149	5.6362863	-0.65666413
256678	8150	5.605529	-0.6412374
256678	8151	5.5775237	-0.6475415
256678	8152	5.633159	-0.6568032
256678	8153	5.5615473	-0.6725173
256678	8154	5.520495	-0.64515644
256678	8155	5.504486	-0.6498543
256678	8156	5.5221457	-0.649023
256678	8157	5.6045036	-0.6436943
256678	8158	5.6073165	-0.6566289
256678	8159	5.60489	-0.6747736
256678	8160	5.6338444	-0.6616312
256678	8161	5.464426	-0.36698934
256678	8162	4.9737077	0.19866803
256678	8163	5.306367	-0.2506188
256678	8164	5.674691	-0.69796693
256678	8165	5.7060533	-0.5471843
256678	8166	5.992593	-0.8787654
256678	8167	5.978577	-0.9085682
256678	8168	6.233228	-1.0975891
256678	8169	5.949283	-0.82012546
256678	8170	6.0619993	-1.4102739
256678	8171	6.096272	-1.4530936
256678	8172	5.9965043	-1.4327357
256678	8173	5.938642	-1.4739298
256678	8174	6.109061	-1.5440402
256678	8175	6.0169926	-1.585307
256678	8176	5.8228774	-1.173106
256678	8177	5.6731663	-1.113922
256678	8178	6.1160765	-1.5522479
256678	8179	5.888508	-1.0557909
256678	8180	5.7447343	-0.9186668
256678	8181	5.854656	-1.058392
256678	8182	5.9029756	-1.0773215
256678	8183	4.6204953	-0.628448
256678	8184	3.2546363	0.1347836
256678	8185	3.5443726	0.06920263
256678	8186	3.424559	-0.7024774
256678	8187	3.549304	-0.7535751
256678	8188	3.5341496	-0.7179079
256678	8189	3.2525234	0.58253026
256678	8190	3.4002857	0.44253907
256678	8191	4.1137023	0.068187565
256678	8192	4.0720854	-0.061171263
256678	8193	3.827046	0.4647002
256678	8194	3.9729252	0.49446484
256678	8195	5.1644273	-0.46289796
256678	8196	4.7187033	0.36853346
256678	8197	5.5085907	0.21036205
256678	8198	5.4487543	0.4023811
256678	8199	5.4400516	0.7066983
256678	8200	5.419707	0.7926147
256678	8201	4.78348	-0.7407919
256678	8202	4.448283	0.7862772
256678	8203	5.023231	-0.6467234
256678	8204	2.5194597	-0.14517462
256678	8205	2.6008534	-0.10846481
256678	8206	3.1172132	-0.39216462
256678	8207	3.152885	-0.33651564
256678	8208	4.9333506	0.1950365
256678	8209	4.879518	0.2023066
256678	8210	4.2887316	0.1733878
256678	8211	3.3085947	-0.55130804
256678	8212	1.0687395	0.5562067
256678	8213	1.1184778	0.7764312
256678	8214	1.0054412	0.8470323
256678	8215	3.08604	0.41566744
256678	8216	3.5833378	0.8795372
256678	8217	3.5241556	0.7771437
256678	8218	3.5978112	0.9509717
256678	8219	3.8424468	0.928414
256678	8220	4.09322	0.85489607
256678	8221	4.6469154	0.14758626
256678	8222	3.4849968	-0.5325556
256678	8223	3.9812016	-0.47232383
256678	8224	2.173812	0.17248031
256678	8225	2.7813158	-0.1377081
256678	8226	2.904786	0.07449183
256678	8227	3.6919775	-0.029009998
256678	8228	3.5477767	0.3190169
256678	8229	3.5295491	0.7789104
256678	8230	2.835012	0.2170138
256678	8231	2.7719188	0.31299135
256678	8232	2.9402084	0.17392835
256678	8233	4.6812105	0.6004288
256678	8234	4.252871	-0.23628443
256678	8235	4.5290637	-0.8353015
256678	8236	1.3135179	0.31948873
256678	8237	1.590638	0.3773792
256678	8238	2.1344118	0.58456755
256678	8239	4.218585	0.64389527
256678	8240	4.000931	0.22504142
256678	8241	3.7108808	0.13469681
256678	8242	3.6229854	1.2037346
256678	8243	4.5178795	0.9148321
256678	8244	3.3602376	-0.12042627
256678	8245	1.627057	0.14330903
256678	8246	2.2268686	-0.44058743
256678	8247	2.9027672	0.018987477
256678	8248	2.828569	0.12840888
256678	8249	4.7194505	0.42068163
256678	8250	3.9740944	1.7617869
256678	8251	2.5962477	1.3392912
256678	8252	3.5037775	-0.4752128
256678	8253	4.0596085	-0.4382071
256678	8254	1.6224376	-0.044230998
256678	8255	1.3876976	0.2210531
256678	8256	1.9026893	0.09121606
256678	8257	2.041459	0.05897501
256678	8258	1.509997	-0.18560207
256678	8259	1.5343348	1.0336409
256678	8260	1.1015102	1.0553519
256678	8261	1.7812704	-0.3749737
256678	8262	2.3466673	-0.53355217
256678	8263	4.798924	-0.3612054
256678	8264	3.8271813	-0.38274568
256678	8265	1.2779691	0.12173852
256678	8266	1.0978887	0.73829126
256678	8267	1.5556086	0.18553916
256678	8268	3.8137336	0.16615805
256678	8269	3.8962932	-0.052455127
256678	8270	0.597816	0.8783177
256678	8271	1.2377082	0.597245
256678	8272	3.1808634	0.4048718
256678	8273	3.012453	-0.0007041693
256678	8274	3.1069274	0.27362004
256678	8275	4.123571	-0.2591732
256678	8276	3.278586	-0.6019467
256678	8277	0.5043342	0.55305755
256678	8278	0.6072073	0.7507092
256678	8279	0.9357312	0.23561516
256678	8280	1.0298247	0.23838988
256678	8281	1.9854664	-0.56313276
256678	8282	3.1409464	-0.7348605
256678	8283	2.4333463	0.20107523
256678	8284	2.2761683	0.21777335
256678	8285	2.5230122	0.67265046
256678	8286	2.398048	0.7403885
256678	8287	2.992361	1.365929
256678	8288	3.274212	0.7016077
256678	8289	4.001914	1.26339
256678	8290	4.758264	-0.09191674
256678	8291	3.2424498	-0.47580814
256678	8292	3.8509545	-1.3137969
256678	8293	3.6581602	-1.1633482
256678	8294	2.9941974	1.0159103
256678	8295	3.08112	-0.742594
256678	8296	3.2320256	-1.0085402
256678	8297	3.4145718	-0.90182126
256678	8298	3.5622993	-0.9552612
256678	8299	3.4455004	-1.3785725
256678	8300	3.4448729	-1.3397589
256678	8301	4.204023	-1.1228685
256678	8302	3.858499	-1.1027588
256678	8303	3.677432	-1.0414608
256678	8304	3.3515968	-0.3217366
256678	8305	3.3067513	-0.11979455
256678	8306	3.338491	0.52494967
256678	8307	3.938065	1.1285464
256678	8308	4.2060575	0.58065057
256678	8309	4.5359845	0.62417614
256678	8310	4.2315226	1.2643303
256678	8311	4.877655	0.6304139
256678	8312	4.1795983	0.0034387708
256678	8313	4.053436	-0.52277124
256678	8314	4.392013	-1.3888187
256678	8315	4.3068876	-1.3095776
256678	8316	3.9602938	-1.0196865
256678	8317	3.3874044	-1.2692116
256678	8318	3.5844393	-1.2524574
256678	8319	4.0177164	-1.4274546
256678	8320	4.2625637	-1.6713183
256678	8321	3.5633726	-0.70367986
256678	8322	5.0616956	-1.4441836
256678	8323	2.4644828	-0.954687
256678	8324	2.4457903	-0.7416532
256678	8325	2.1319585	0.29112986
256678	8326	1.7351724	0.41724578
256678	8327	2.124155	0.933411
256678	8328	2.7064967	1.6452541
256678	8329	2.8500247	1.685386
256678	8330	2.5843	1.7502341
256678	8331	1.6936201	1.06242
256678	8332	1.6043996	1.2831314
256678	8333	3.3890958	1.6834335
256678	8334	3.1154099	1.9546509
256678	8335	2.794232	1.1394638
256678	8336	3.3709798	1.408555
256678	8337	2.9702735	0.34653214
256678	8338	1.1063751	1.0482162
256678	8339	1.6781269	1.5799077
256678	8340	1.4884219	1.5933607
256678	8341	0.8497157	1.6479814
256678	8342	3.1794424	1.4442884
256678	8343	3.0010962	1.9575024
256678	8344	3.1718054	2.0370388
256678	8345	3.5323596	1.7251995
256678	8346	4.2727423	1.3827012
256678	8347	4.307783	1.4729726
256678	8348	4.2477674	1.4052452
256678	8349	4.0734267	1.5490987
256678	8350	4.2109723	1.499264
256678	8351	4.152047	1.5539854
256678	8352	3.7113867	2.0932739
256678	8353	3.9615197	2.1026201
256678	8354	3.997836	1.9841025
256678	8355	4.2986465	1.9363868
256678	8356	3.915513	2.1438196
256678	8357	3.8723202	2.0879354
256678	8358	4.010349	2.2296824
256678	8359	3.8599129	2.203477
256678	8360	3.744125	2.297817
256678	8361	3.9785323	2.251047
256678	8362	3.9199643	2.1815672
256678	8363	3.79354	2.2626154
256678	8364	3.961741	2.3069804
256678	8365	3.8458033	2.2776935
256678	8366	3.7294006	2.3697145
256678	8367	3.898594	2.39236
256678	8368	3.8864741	2.2590709
256678	8369	3.7741013	2.3842607
256678	8370	3.7944298	2.5773585
256678	8371	3.7267575	2.5126514
256678	8372	3.3241363	3.103701
256678	8373	3.2901049	3.2807117
256678	8374	3.3177176	3.104168
256678	8375	3.245636	3.2235968
256678	8376	3.1784444	3.2258272
256678	8377	3.15523	3.2191381
256678	8378	3.3854675	3.2353058
256678	8379	3.3857307	3.0465567
256678	8380	3.628827	3.0679052
256678	8381	3.4445133	3.1516843
256678	8382	3.561121	3.258426
256678	8383	3.0859451	3.633836
256678	8384	3.343689	3.5008113
256678	8385	3.2089787	3.2340617
256678	8386	3.3342175	3.2922475
256678	8387	3.2817078	3.411563
256678	8388	4.020605	2.6337185
256678	8389	4.1479716	2.5304887
256678	8390	4.5101857	1.9248524
256678	8391	3.9837232	2.7771103
256678	8392	3.9245548	2.7809765
256678	8393	4.0137324	2.7260091
256678	8394	3.9732904	2.7189288
256678	8395	4.2228856	2.1174417
256678	8396	3.511561	1.0464376
256678	8397	4.272948	1.5532825
256678	8398	3.6827698	0.9016323
256678	8399	3.0311155	0.75726986
256678	8400	3.2111301	0.6008427
256678	8401	3.1930308	1.7710855
256678	8402	3.4363961	1.13682
256678	8403	2.6745954	1.7375789
256678	8404	2.6015868	1.8694713
256678	8405	2.4499826	1.9195857
256678	8406	2.4122834	1.9004266
256678	8407	3.1867776	2.5323212
256678	8408	2.9240537	2.155188
256678	8409	3.2601805	1.1452067
256678	8410	4.171104	1.498982
256678	8411	3.742002	2.500336
256678	8412	3.9256449	1.276273
256678	8413	3.951367	1.4655493
256678	8414	3.8732448	1.6244776
256678	8415	3.5937438	1.9768338
256678	8416	4.4274974	1.0473887
256678	8417	4.214977	2.2423868
256678	8418	3.6190314	1.6485398
256678	8419	3.4462805	2.0145268
256678	8420	3.052966	1.0751237
256678	8421	3.3672438	1.0294476
256678	8422	3.7189546	1.9828758
256678	8423	4.305301	1.8320873
256678	8424	3.797368	1.3523966
256678	8425	4.285107	1.0894886
256678	8426	3.5229626	0.7144916
256678	8427	4.0118055	1.6604857
256678	8428	4.775003	0.5717298
256678	8429	4.6361146	0.53536344
256678	8430	4.031664	1.1110963
256678	8431	3.340726	2.038897
256678	8432	4.201272	1.0836123
256678	8433	3.4122052	1.8575723
256678	8434	3.6523623	1.7673175
256678	8435	4.6030674	0.77070963
256678	8436	3.8039756	1.4924978
256678	8437	3.532536	1.8147876
256678	8438	3.3384929	1.9939191
256678	8439	4.007595	1.1880858
256678	8440	3.875842	1.6151135
256678	8441	4.422792	1.1432784
256678	8442	4.1856775	1.5843713
256678	8443	3.8668098	1.7729905
256678	8444	3.4813623	1.9970429
256678	8445	3.2820787	2.2119477
256678	8446	3.0564237	2.4219763
256678	8447	3.1578107	2.178223
256678	8448	3.9861035	1.4772092
256678	8449	3.6404347	2.4921477
256678	8450	3.7555513	2.3815622
256678	8451	4.3781643	1.7639413
256678	8452	2.8889956	1.3710947
256678	8453	1.919161	1.1545812
256678	8454	2.1027298	1.4283319
256678	8455	2.5635715	0.8037696
256678	8456	3.1803079	1.851862
256678	8457	3.1291008	2.843231
256678	8458	2.7854486	2.0374498
256678	8459	1.5591396	2.1244133
256678	8460	2.5668263	2.8021631
256678	8461	3.3707871	2.6215627
256678	8462	3.0701056	3.01453
256678	8463	2.8864908	3.1312168
256678	8464	2.7577257	3.3056514
256678	8465	2.2165647	2.5363736
256678	8466	3.6869159	2.4320333
256678	8467	3.753014	2.8007023
256678	8468	2.3641305	2.6972644
256678	8469	3.7100616	2.7926188
256678	8470	3.6021485	2.9103348
256678	8471	3.5404058	3.0041773
256678	8472	3.5578237	3.0362027
256678	8473	4.141978	2.4109647
256678	8474	5.0024705	1.53807
256678	8475	5.0188456	1.9631386
256678	8476	4.7245693	2.2494073
256678	8477	4.248191	2.671173
256678	8478	4.635293	1.9799523
256678	8479	4.869291	1.9275012
256678	8480	5.0163865	1.708626
256678	8481	4.5695205	2.4164758
256678	8482	4.6035933	2.2914596
256678	8483	3.4252205	3.28104
256678	8484	3.9811711	3.009767
256678	8485	5.265283	1.3743033
256678	8486	4.8949704	1.7769532
256678	8487	4.6833167	2.0170481
256678	8488	4.9628305	1.8311703
256678	8489	4.911623	1.9237258
256678	8490	5.200407	1.3213727
256678	8491	5.737916	0.6293012
256678	8492	5.319245	1.3687723
256678	8493	4.596808	1.7490854
256678	8494	5.350563	1.2384542
256678	8495	4.3832808	1.7473152
256678	8496	3.2449923	0.9570898
256678	8497	3.6873603	1.226567
256678	8498	4.18698	0.82952607
256678	8499	4.5296197	0.5622859
256678	8500	4.4929304	0.66821635
256678	8501	5.577464	0.06624213
256678	8502	5.3976703	0.8342352
256678	8503	5.1235285	1.1915197
256678	8504	5.2837234	0.9920745
256678	8505	4.3810487	2.2662563
256678	8506	4.090834	2.4111204
256678	8507	4.4106007	2.2393067
256678	8508	4.393845	2.1687496
256678	8509	4.785826	1.0207266
256678	8510	5.5481195	0.40340796
256678	8511	5.4219565	0.6325605
256678	8512	5.0979824	1.2432301
256678	8513	5.2172174	0.81143963
256678	8514	5.2515345	0.86161244
256678	8515	5.012536	1.3622591
256678	8516	4.8797684	1.4549459
256678	8517	4.8506002	1.5906818
256678	8518	5.205089	0.9132035
256678	8519	5.6051407	0.19928423
256678	8520	5.8365436	-0.08260411
256678	8521	5.5649123	0.15032259
256678	8522	5.5807276	0.09552005
256678	8523	5.1285057	0.6163417
256678	8524	4.724898	1.1535305
256678	8525	5.2010894	0.37306973
256678	8526	5.2763987	0.31864008
256678	8527	5.233748	0.26760247
256678	8528	5.1747932	0.37389335
256678	8529	5.7063932	-0.21753015
256678	8530	5.742483	-0.18713355
256678	8531	5.2442255	0.59809005
256678	8532	5.7730165	-0.17124876
256678	8533	6.3620453	-0.84922975
256678	8534	5.9510393	-0.2398579
256678	8535	5.8210154	-0.4009783
256678	8536	5.9007673	-0.3407774
256678	8537	4.918508	-0.4377677
256678	8538	5.392698	0.11394605
256678	8539	5.8985023	-0.33609754
256678	8540	5.9937935	-0.5826749
256678	8541	5.9216413	-0.38555968
256678	8542	5.9793725	-0.5626185
256678	8543	5.764627	-0.19887975
256678	8544	5.7363763	-0.2211767
256678	8545	5.7804027	-0.28943622
256678	8546	5.7698183	-0.31351376
256678	8547	5.546558	-0.028258502
256678	8548	5.647157	-0.1926809
256678	8549	5.9230976	-0.43194976
256678	8550	5.6479993	-0.09734467
256678	8551	6.165221	-0.79466814
256678	8552	6.2535844	-0.80139023
256678	8553	6.107286	-0.7997627
256678	8554	6.0087514	-0.61167413
256678	8555	5.9792514	-0.6671598
256678	8556	6.1045904	-0.70619965
256678	8557	5.795364	-0.3479653
256678	8558	6.0010176	-0.55799645
256678	8559	6.0295706	-0.58533484
256678	8560	6.4108486	-1.0024306
256678	8561	5.6206055	-1.6937375
256678	8562	5.4117255	-1.4283617
256678	8563	5.3295245	-1.3387047
256678	8564	5.37841	-1.2680849
256678	8565	5.1652966	-0.46869227
256678	8566	5.4687767	-0.88339865
256678	8567	5.5387106	0.2000272
256678	8568	5.60456	-0.5888162
256678	8569	5.572219	-0.25407478
256678	8570	4.6324186	-1.0290935
256678	8571	4.707055	-0.8624333
256678	8572	4.7798834	-0.23982422
256678	8573	5.304014	0.5119271
256678	8574	5.329418	-0.5739826
256678	8575	5.786939	-0.057701647
256678	8576	5.260526	0.26279035
256678	8577	5.391319	1.1373457
256678	8578	5.454275	1.4293717
256678	8579	5.308305	1.4186649
256678	8580	5.667403	0.9919032
256678	8581	5.393335	1.1924062
256678	8582	4.998347	1.2787567
256678	8583	5.1266427	1.3124117
256678	8584	5.371639	0.8882425
256678	8585	5.617001	0.5502329
256678	8586	4.696192	0.19404724
256678	8587	4.5997086	1.1899724
256678	8588	4.3128533	1.2559133
256678	8589	4.7409034	1.7102828
256678	8590	4.7060633	1.4817215
256678	8591	4.1909204	0.732721
256678	8592	5.030875	2.0142248
256678	8593	4.117845	2.3187234
256678	8594	4.8072367	1.865691
256678	8595	5.035593	1.854274
256678	8596	4.618317	2.051058
256678	8597	4.6318436	2.0958917
256678	8598	4.0637674	2.5746994
256678	8599	3.7821484	2.8810878
256678	8600	3.8866558	2.8388886
256678	8601	4.3286805	1.9932673
256678	8602	3.574183	0.9929786
256678	8603	3.374546	2.194598
256678	8604	3.233704	2.3104205
256678	8605	3.9237518	2.3884065
256678	8606	3.4806628	2.2996888
256678	8607	3.4329748	1.1893414
256678	8608	3.684657	2.488296
256678	8609	3.7664356	2.5411837
256678	8610	3.5520682	1.8157237
256678	8611	2.6768103	2.712315
256678	8612	3.2817965	0.9789567
256678	8613	3.5613317	2.3186612
256678	8614	3.702002	2.6408129
256678	8615	2.863278	2.6050706
256678	8616	3.6152778	1.8022609
256678	8617	3.6430945	1.049802
256678	8618	3.2017336	1.3485595
256678	8619	4.231675	2.3591495
256678	8620	4.5275235	2.4308171
256678	8621	4.8874354	1.6664603
256678	8622	3.7369428	0.83078074
256678	8623	3.1314998	1.2122723
256678	8624	4.3174977	2.2199752
256678	8625	4.3862615	2.4191494
256678	8626	4.7811437	1.588043
256678	8627	3.6663303	0.8396807
256678	8628	3.189293	1.1757594
256678	8629	4.2868586	2.0458064
256678	8630	4.2493095	2.1025095
256678	8631	3.895153	1.1358135
256678	8632	3.5059862	2.1332092
256678	8633	3.922277	2.464141
256678	8634	4.357224	0.95783925
256678	8635	4.550947	2.2225397
256678	8636	4.7445	0.2354736
256678	8637	4.668769	0.36280772
256678	8638	4.7258673	1.561142
256678	8639	4.460263	2.1022592
256678	8640	4.2739387	0.77251303
256678	8641	4.1440296	1.1232511
256678	8642	4.551958	1.796629
256678	8643	4.6102786	2.2478626
256678	8644	5.0966625	1.7573955
256678	8645	5.404132	1.3287992
256678	8646	4.862446	0.22849175
256678	8647	4.8243446	0.5980023
256678	8648	5.030493	1.6639292
256678	8649	5.12974	1.9961967
256678	8650	5.3791385	1.7561471
256678	8651	5.4990015	1.461089
256678	8652	4.899636	0.5527226
256678	8653	4.9994335	0.76146066
256678	8654	5.1624365	1.5819981
256678	8655	5.2274294	2.0377302
256678	8656	4.630712	2.416419
256678	8657	5.0116224	2.1566923
256678	8658	5.240903	1.8959672
256678	8659	4.9967537	2.2108188
256678	8660	4.652069	2.3854458
256678	8661	4.941124	2.1119466
256678	8662	5.010079	2.1034472
256678	8663	4.648589	2.3019068
256678	8664	4.721462	2.3044343
256678	8665	4.079052	3.0466163
256678	8666	3.5445542	3.0134215
256678	8667	3.3592367	1.8585021
256678	8668	3.7278805	1.7619784
256678	8669	3.7823148	1.8305912
256678	8670	4.129418	2.5563693
256678	8671	3.3452134	3.2804337
256678	8672	3.5978055	3.130748
256678	8673	4.183032	2.878962
256678	8674	3.796276	3.026401
256678	8675	4.9585443	1.966177
256678	8676	4.030888	1.1423116
256678	8677	4.2003565	1.2911344
256678	8678	4.545837	1.992636
256678	8679	4.8583817	2.4511023
256678	8680	5.035003	1.5908573
256678	8681	4.679145	0.37757483
256678	8682	4.406012	0.76313984
256678	8683	4.8177586	1.7214322
256678	8684	4.982104	1.7929828
256678	8685	4.7085195	0.44331864
256678	8686	4.593103	0.9008777
256678	8687	5.143471	1.665149
256678	8688	5.177053	2.1066582
256678	8689	5.2824774	1.6039746
256678	8690	4.9050736	0.37573007
256678	8691	4.9290123	1.7106516
256678	8692	5.14278	1.3542219
256678	8693	4.6668587	2.0832539
256678	8694	4.940499	1.9529734
256678	8695	4.8479905	1.5706875
256678	8696	3.4082952	0.68003213
256678	8697	2.6263194	0.4235017
256678	8698	2.1040826	0.4022899
256678	8699	2.3573704	1.0454926
256678	8700	2.1041536	1.1002824
256678	8701	4.431273	1.5382583
256678	8702	3.477553	1.297646
256678	8703	3.9656663	1.200794
256678	8704	2.7717457	0.06773302
256678	8705	1.9727262	0.23123911
256678	8706	2.0336947	0.45289102
256678	8707	2.106966	0.30191192
256678	8708	4.605239	0.7045543
256678	8709	4.149442	1.5891323
256678	8710	3.404048	0.5440595
256678	8711	3.8002844	0.94558644
256678	8712	2.5466757	0.0656763
256678	8713	2.5051131	0.7478136
256678	8714	2.109469	1.0808914
256678	8715	4.15502	1.5913789
256678	8716	4.0944195	1.5366737
256678	8717	3.1706629	0.6195829
256678	8718	1.8355044	0.34251013
256678	8719	2.1737518	1.0164257
256678	8720	4.020517	1.640063
256678	8721	3.1724133	0.3670111
256678	8722	3.5901942	0.86211264
256678	8723	4.0468163	0.06931773
256678	8724	2.4046564	-0.34089673
256678	8725	2.2356005	0.015013784
256678	8726	4.6024685	0.28731433
256678	8727	4.040067	1.0967203
256678	8728	4.8423753	0.807799
256678	8729	4.8527584	0.032451242
256678	8730	5.0533996	-0.07488388
256678	8731	5.3310585	-0.16549966
256678	8732	2.558145	-0.40030667
256678	8733	1.9461304	-0.40557626
256678	8734	2.270246	0.22706673
256678	8735	1.8517784	0.58367515
256678	8736	2.0093422	1.0323908
256678	8737	2.3264575	0.64658654
256678	8738	2.6260295	1.2462096
256678	8739	2.5359097	1.1283253
256678	8740	4.099394	1.6416538
256678	8741	3.5034523	1.347968
256678	8742	3.5220337	1.9055789
256678	8743	3.5001822	1.9673569
256678	8744	3.7720847	1.8793552
256678	8745	3.37353	0.57264674
256678	8746	2.2175546	0.7785063
256678	8747	1.7547857	0.6536379
256678	8748	1.3179064	0.63152957
256678	8749	0.9235219	0.5247258
256678	8750	1.2764063	0.67184293
256678	8751	1.3796136	0.9724827
256678	8752	1.2168907	1.536603
256678	8753	1.4329649	0.10524216
256678	8754	1.701605	0.57683337
256678	8755	1.3410438	1.2583262
256678	8756	3.2855663	1.9377458
256678	8757	2.8081121	1.9343762
256678	8758	1.3367074	2.7667515
256678	8759	3.0131178	2.7581291
256678	8760	2.2637877	1.4989637
256678	8761	2.970468	0.9008366
256678	8762	3.2225614	1.0813593
256678	8763	3.5752459	0.77554595
256678	8764	3.8662982	1.1488141
256678	8765	3.285408	0.9776504
256678	8766	4.433001	0.47892758
256678	8767	2.641879	-0.10489103
256678	8768	1.7220055	0.2530531
256678	8769	1.757794	1.1807233
256678	8770	1.486111	2.044139
256678	8771	1.7136024	0.18038431
256678	8772	1.896387	0.91160643
256678	8773	1.7706405	0.9128696
256678	8774	2.1761289	1.3935624
256678	8775	1.4544549	-0.04063198
256678	8776	1.3141114	-0.3720506
256678	8777	4.2867236	-0.350708
256678	8778	4.249685	0.41937724
256678	8779	4.860834	0.21449462
256678	8780	5.089672	-0.5493076
256678	8781	2.6326098	-0.3044763
256678	8782	1.4533573	-0.40089974
256678	8783	1.7931453	0.32709065
256678	8784	1.7123202	0.9071007
256678	8785	1.5437375	0.14859173
256678	8786	1.791103	1.0906192
256678	8787	1.5745274	1.0631912
256678	8788	2.142354	1.4066696
256678	8789	1.8561755	0.09008631
256678	8790	1.9884831	0.86641574
256678	8791	3.9937348	1.3999776
256678	8792	3.6816401	1.3213211
256678	8793	3.3547716	1.8169467
256678	8794	3.4585748	1.7941542
256678	8795	3.5448503	1.3505911
256678	8796	2.082734	0.78235126
256678	8797	1.0457512	1.0164745
256678	8798	0.77453816	1.2869977
256678	8799	1.160304	1.8791051
256678	8800	1.0409579	1.494507
256678	8801	1.1311244	1.0097212
256678	8802	1.1764251	1.6401188
256678	8803	3.015514	2.1606338
256678	8804	2.6748261	2.1047428
256678	8805	2.3384185	2.6303263
256678	8806	1.5922068	3.2460933
256678	8807	2.006616	3.183433
256678	8808	2.1332383	3.0215428
256678	8809	3.8345866	0.40769228
256678	8810	4.639641	0.5164473
256678	8811	4.618192	0.3917267
256678	8812	4.862135	0.11616412
256678	8813	4.915251	-0.09570807
256678	8814	4.585185	0.22196832
256678	8815	3.4826822	-0.39533365
256678	8816	4.6640134	-0.48873833
256678	8817	4.2607985	0.65283287
256678	8818	3.5015693	1.7392211
256678	8819	4.035847	1.6442204
256678	8820	4.4745665	1.5631332
256678	8821	5.0448666	1.3696439
256678	8822	5.0434875	1.0572227
256678	8823	5.3570237	0.7248062
256678	8824	5.398407	0.70394754
256678	8825	5.556804	0.63703203
256678	8826	5.630767	0.45202407
256678	8827	5.451709	0.67642367
256678	8828	5.590422	0.49386308
256678	8829	5.562753	0.54480886
256678	8830	5.591242	0.45787528
256678	8831	5.51359	0.5228293
256678	8832	5.6005	0.53351724
256678	8833	5.6401577	0.36104807
256678	8834	5.7200785	0.42175564
256678	8835	5.718682	0.31753275
256678	8836	5.654498	0.42591265
256678	8837	5.5855136	0.44223627
256678	8838	5.776825	0.33886597
256678	8839	3.2940044	-1.9604188
256678	8840	2.3610854	-2.5555584
256678	8841	2.0148911	-2.5774112
256678	8842	0.6339543	-1.8719262
256678	8843	1.1191298	-1.6100684
256678	8844	0.8548969	-1.1244612
256678	8845	1.0962377	-1.2482818
256678	8846	1.1494148	-1.1919574
256678	8847	1.1586034	-1.2649407
256678	8848	1.0065492	-1.2233448
256678	8849	1.0919695	-1.0525945
256678	8850	1.1467006	-0.8446946
256678	8851	1.2276655	-1.0486385
256678	8852	1.280506	-1.074964
256678	8853	1.4888787	-1.079397
256678	8854	1.5739728	-0.7557266
256678	8855	1.5348564	-0.5472878
256678	8856	1.5760454	-0.30259132
256678	8857	1.6914898	-0.22226852
256678	8858	1.1937141	-0.30297035
256678	8859	1.2509643	0.03315568
256678	8860	1.7148615	-0.17651427
256678	8861	1.5159489	0.21909943
256678	8862	1.5355057	-0.100749165
256678	8863	1.9717866	0.42966536
256678	8864	1.6785151	0.5320276
256678	8865	2.2623625	0.5000582
256678	8866	2.1826158	0.7567589
256678	8867	3.8491096	1.4859173
256678	8868	3.6310568	1.8154972
256678	8869	1.8941394	0.23863396
256678	8870	2.7111568	0.15357146
256678	8871	2.9939833	0.14697286
256678	8872	3.3038564	-0.31541502
256678	8873	2.364913	-1.0083634
256678	8874	2.6515112	-0.34083432
256678	8875	2.5150557	0.016509563
256678	8876	2.2612681	-0.09782398
256678	8877	2.9389176	0.17502126
256678	8878	2.4793806	0.6700907
256678	8879	2.0366478	0.92586887
256678	8880	1.80698	0.038571566
256678	8881	2.144876	0.19843665
256678	8882	2.4444919	0.6352409
256678	8883	2.1069407	0.9890615
256678	8884	2.8096023	1.2647798
256678	8885	3.0050879	1.2306453
256678	8886	2.2248616	0.5337975
256678	8887	2.3248959	0.9780469
256678	8888	3.9420958	1.6476991
256678	8889	3.722724	1.7727709
256678	8890	2.5980544	0.5053053
256678	8891	2.2296586	0.17146662
256678	8892	2.996944	0.24951115
256678	8893	3.126954	0.19138172
256678	8894	2.433012	-0.63576704
256678	8895	2.7235203	-0.108989716
256678	8896	2.5690966	0.18136862
256678	8897	2.9185085	0.43641773
256678	8898	2.4625564	0.8394197
256678	8899	2.0421586	1.0712963
256678	8900	1.9610165	0.09079751
256678	8901	2.245946	0.22876856
256678	8902	2.5140443	0.7028307
256678	8903	2.1800256	1.0110041
256678	8904	4.029402	1.5078702
256678	8905	3.7746186	1.443047
256678	8906	3.5593257	1.524759
256678	8907	3.9468203	1.4501696
256678	8908	4.166649	1.6203523
256678	8909	4.2193174	1.5840156
256678	8910	4.286505	1.4287523
256678	8911	4.308233	1.5220562
256678	8912	4.5210805	1.2984525
256678	8913	4.891954	0.74887025
256678	8914	5.0426903	0.6665871
256678	8915	4.779308	1.1011685
256678	8916	4.546733	1.2388363
256678	8917	4.4688425	1.3585565
256678	8918	2.9646893	0.9083555
256678	8919	1.4092404	0.29302546
256678	8920	1.857963	1.6004615
256678	8921	1.7537137	2.3056498
256678	8922	1.9381005	1.7950778
256678	8923	3.445016	2.5886183
256678	8924	3.189629	2.7311761
256678	8925	3.0017753	2.7629626
256678	8926	3.5645485	2.4975321
256678	8927	3.7912087	2.41007
256678	8928	3.8880334	2.29993
256678	8929	3.8326612	2.2419236
256678	8930	4.0767274	2.2959166
256678	8931	4.3440785	2.0874612
256678	8932	4.004916	2.2523677
256678	8933	4.3386407	2.0785687
256678	8934	4.282368	1.9460442
256678	8935	4.1713724	2.1554837
256678	8936	4.0829515	2.2892823
256678	8937	4.445074	1.9871697
256678	8938	4.4955964	1.9144719
256678	8939	4.2841754	2.2585824
256678	8940	4.3035235	2.0702116
256678	8941	4.4608297	1.9200859
256678	8942	4.4236503	2.0101492
256678	8943	4.410844	1.9929285
256678	8944	4.312815	2.042214
256678	8945	4.8135076	1.6395826
256678	8946	4.8442307	1.6242499
256678	8947	4.8378086	1.7188969
256678	8948	4.5684347	1.8962986
256678	8949	4.441562	2.1996396
256678	8950	4.5979824	1.8763471
256678	8951	4.554095	1.913897
256678	8952	4.580081	1.718337
256678	8953	4.5575733	2.0214317
256678	8954	4.8828077	1.6581392
256678	8955	4.766956	1.3476323
256678	8956	5.257368	1.0321623
256678	8957	5.1147795	0.9016832
256678	8958	5.0222654	1.1378648
256678	8959	5.2842293	0.78367543
256678	8960	5.3707333	0.55767715
256678	8961	5.0908723	0.9220997
256678	8962	5.1253495	0.88771653
256678	8963	5.0486417	0.9883417
256678	8964	5.1684146	0.7288506
256678	8965	5.527121	-0.007016033
256678	8966	5.9129705	-0.22257821
256678	8967	5.987723	-0.27224725
256678	8968	6.32643	-0.83236814
256678	8969	4.4856677	-1.1426227
256678	8970	4.3844805	-0.49917036
256678	8971	4.309542	-0.4706633
256678	8972	4.166558	-0.49172094
256678	8973	4.6095657	0.033467174
256678	8974	4.281698	0.1944901
256678	8975	4.655128	1.5024432
256678	8976	4.421733	1.572164
256678	8977	4.103863	1.8367527
256678	8978	4.1128454	2.0047047
256678	8979	4.437768	1.4617635
256678	8980	2.8965707	0.84360623
256678	8981	3.74196	1.6797731
256678	8982	3.7287006	1.5700297
256678	8983	3.7123275	1.3769873
256678	8984	4.1087003	1.2141235
256678	8985	4.54409	1.8564565
256678	8986	4.5435414	2.111381
256678	8987	4.446779	2.077173
256678	8988	4.597827	1.8072197
256678	8989	4.5253882	1.8844545
256678	8990	4.491251	1.80814
256678	8991	4.567067	1.6371691
256678	8992	4.594527	1.6437643
256678	8993	4.2923307	1.9390905
256678	8994	4.527413	2.0383291
256678	8995	4.060464	2.3534625
256678	8996	3.923912	2.3787653
256678	8997	3.232936	1.4014447
256678	8998	3.7660952	1.3554049
256678	8999	3.7706633	2.4634817
256678	9000	4.256529	2.395984
256678	9001	4.3716426	2.383149
256678	9002	5.193241	1.3577834
256678	9003	5.269948	1.3699763
256678	9004	3.9183493	1.0673053
256678	9005	4.174055	1.2622046
256678	9006	3.6828012	1.3498471
256678	9007	3.9701219	1.1156769
256678	9008	4.083351	2.0736852
256678	9009	4.280746	2.3641036
256678	9010	4.344002	2.304843
256678	9011	4.306892	2.4658601
256678	9012	4.60302	2.2295961
256678	9013	4.3135657	2.373794
256678	9014	4.4238014	2.3143163
256678	9015	3.3804827	3.1442606
256678	9016	2.6176143	3.7732008
256678	9017	3.0492673	3.6372435
256678	9018	3.691043	2.980193
256678	9019	3.7734432	3.0349534
256678	9020	3.7661543	3.0758102
256678	9021	3.70111	3.0688055
256678	9022	3.3223243	3.4907777
256678	9023	3.3556156	3.2966847
256678	9024	3.5309458	3.380536
256678	9025	3.2991147	3.4668736
256678	9026	3.5759778	3.3637702
256678	9027	3.4434447	3.5232162
256678	9028	3.4028792	3.5875328
256678	9029	3.6365132	3.4362473
256678	9030	3.4018607	3.672406
256678	9031	3.2322516	3.8070629
256678	9032	3.298932	3.785126
256678	9033	3.267974	3.8335798
256678	9034	3.3060484	3.8577864
256678	9035	3.421546	3.7574036
256678	9036	3.621704	3.545624
256678	9037	3.6585197	1.6848619
256678	9038	4.9746904	2.2655432
256678	9039	4.2565427	2.7130313
256678	9040	3.61661	3.5555809
256678	9041	3.6218853	3.5081995
256678	9042	3.6565022	3.622802
256678	9043	3.8253756	3.4629188
256678	9044	3.870316	3.4350338
256678	9045	3.7121625	3.6487434
256678	9046	3.690795	3.5461009
256678	9047	3.6556535	3.7254097
256678	9048	3.6502829	3.7230675
256678	9049	4.0891213	3.251158
256678	9050	4.04758	3.3255508
256678	9051	3.6215234	3.9399302
256678	9052	3.5818114	3.8094008
256678	9053	5.1891255	2.2460194
256678	9054	5.5793204	1.224609
256678	9055	5.3814588	-1.334867
256678	9056	5.4939475	-0.32363397
256678	9057	3.9302526	-0.41291103
256678	9058	4.48001	-0.16756892
256678	9059	4.518049	-0.39496744
256678	9060	4.67928	0.27773824
256678	9061	4.7542925	1.2297933
256678	9062	4.840528	1.040411
256678	9063	4.7355123	1.8245728
256678	9064	4.847246	1.895046
256678	9065	5.27115	1.4913373
256678	9066	5.561074	1.494965
256678	9067	5.817874	1.346053
256678	9068	5.55195	1.7766795
256678	9069	6.1114044	0.4955525
256678	9070	6.3180456	0.3156179
256678	9071	6.4443274	0.42759904
256678	9072	6.783442	-0.7058641
256678	9073	6.1130548	-1.162419
256678	9074	6.367613	-1.3311715
256678	9075	5.945983	-0.93111956
256678	9076	5.9535956	-1.0659944
256678	9077	6.20421	-1.2972628
256678	9078	6.519808	-0.6795476
256678	9079	6.4464006	-0.62144226
256678	9080	6.7638383	-0.6978598
256678	9081	6.68427	-0.85317445
256678	9082	6.625377	-0.51181406
256678	9083	6.690048	-0.5881238
256678	9084	6.7131658	-0.6408388
256678	9085	6.9325967	-0.86711526
256678	9086	7.078829	-0.9059377
256678	9087	7.1177716	-0.9234903
256678	9088	6.8482513	-0.6276971
256678	9089	5.127764	-1.4588308
256678	9090	5.082476	-1.0934035
256678	9091	4.5514226	-0.52971196
256678	9092	5.96736	-1.3288442
256678	9093	5.986793	-1.432378
256678	9094	6.38468	-0.56022626
256678	9095	5.962774	0.19698885
256678	9096	5.7429094	0.52715886
256678	9097	6.0763297	0.41105053
256678	9098	6.2172074	0.3382291
256678	9099	6.2971253	0.23987511
256678	9100	6.378754	-0.06291568
256678	9101	6.367708	0.025265932
256678	9102	6.371597	-0.0065103173
256678	9103	6.289031	0.13185665
256678	9104	6.189267	0.30655977
256678	9105	6.219393	0.22844055
256678	9106	6.220957	0.08169404
256678	9107	6.187201	0.2462469
256678	9108	6.067173	0.19782516
256678	9109	6.1313853	-0.053737193
256678	9110	5.078292	-1.0194374
256678	9111	5.244597	-0.29480094
256678	9112	5.269535	-0.068231374
256678	9113	5.272576	0.6115514
256678	9114	5.456415	-0.069318354
256678	9115	5.4749236	0.4976773
256678	9116	4.8447585	-0.9249934
256678	9117	5.084514	0.15679076
256678	9118	5.237787	0.8504503
256678	9119	5.225216	-0.26468012
256678	9120	4.808322	0.7526119
256678	9121	4.8792915	0.4402627
256678	9122	4.850571	0.88025737
256678	9123	4.4224215	-0.7441672
256678	9124	4.648719	0.3971313
256678	9125	4.8789754	1.1037774
256678	9126	5.0063567	-0.11899316
256678	9127	4.91059	1.7895064
256678	9128	5.1540313	1.8531721
256678	9129	5.5156918	1.3506668
256678	9130	4.8829026	-0.30134267
256678	9131	5.0325966	0.04824224
256678	9132	5.160321	0.02319339
256678	9133	5.7302804	0.71892476
256678	9134	5.576742	1.20865
256678	9135	5.596072	1.222364
256678	9136	5.598503	1.3962717
256678	9137	5.311679	1.5732853
256678	9138	5.7587113	0.6994368
256678	9139	6.2829056	-0.03251043
256678	9140	6.549719	-0.19835451
256678	9141	6.517257	-0.30724683
256678	9142	5.845722	0.7192056
256678	9143	5.1597977	1.4380879
256678	9144	5.2034864	1.598567
256678	9145	5.2886147	1.3901117
256678	9146	5.2912893	1.1831274
256678	9147	5.682862	0.4727219
256678	9148	5.122284	-0.62920713
256678	9149	5.387346	-0.22048032
256678	9150	5.3374667	-0.23680566
256678	9151	5.410229	0.7976552
256678	9152	5.0150895	1.3599458
256678	9153	5.0711055	1.6623499
256678	9154	5.1454716	1.5700684
256678	9155	5.642299	1.2166704
256678	9156	5.970443	0.73499167
256678	9157	5.650208	1.0645669
256678	9158	5.8510814	0.9654825
256678	9159	6.1699057	0.287392
256678	9160	5.752138	0.7650167
256678	9161	5.9705143	0.4233072
256678	9162	6.4860015	-0.36875576
256678	9163	6.2984815	-0.27920848
256678	9164	6.1100655	0.0047299266
256678	9165	5.9242706	0.18792972
256678	9166	5.688573	0.45190564
256678	9167	5.7732453	0.38171783
256678	9168	5.698246	0.541878
256678	9169	5.956261	0.0058677197
256678	9170	5.8029194	0.44445112
256678	9171	5.8913603	0.23808375
256678	9172	5.4461684	0.72231674
256678	9173	5.5319757	0.48089293
256678	9174	5.7044206	0.33682367
256678	9175	5.572471	0.484768
256678	9176	5.6171465	0.36229137
256678	9177	5.694966	0.384236
256678	9178	5.6424384	0.4472436
256678	9179	5.5	0.84706414
256678	9180	5.4528465	0.65429366
256678	9181	5.4805613	0.81492925
256678	9182	5.714694	0.33577505
256678	9183	5.695617	0.41404
256678	9184	5.129547	0.84827673
256678	9185	5.1068416	0.8778995
256678	9186	5.3208585	0.57207334
256678	9187	5.247368	1.0350288
256678	9188	5.1970677	1.1053915
256678	9189	5.263863	1.1294822
256678	9190	4.69926	1.6554132
256678	9191	4.973607	1.244576
256678	9192	5.183782	1.2543606
256678	9193	5.0901623	1.5022959
256678	9194	5.0825677	1.4687048
256678	9195	5.336039	1.1744895
256678	9196	5.2473507	1.3744043
256678	9197	5.30495	1.2566981
256678	9198	5.1373568	1.5408995
256678	9199	5.235787	1.3060141
256678	9200	5.118995	1.4936728
256678	9201	5.161405	1.4271914
256678	9202	5.467897	0.9662241
256678	9203	5.9330206	0.29963353
256678	9204	6.139928	0.19550452
256678	9205	5.4800744	1.0343356
256678	9206	5.249765	1.356425
256678	9207	5.3389397	1.1777688
256678	9208	5.2547984	1.4838829
256678	9209	5.3691573	1.1431249
256678	9210	5.4931073	0.70827067
256678	9211	5.138884	-0.10998082
256678	9212	5.429427	0.9969182
256678	9213	5.508867	0.640391
256678	9214	5.7263956	0.64340854
256678	9215	5.2966514	1.1756657
256678	9216	5.0801163	1.4718419
256678	9217	5.0380054	1.2972208
256678	9218	5.044175	1.4384992
256678	9219	4.915192	1.7262919
256678	9220	5.0010395	1.3634508
256678	9221	5.010198	1.5877969
256678	9222	4.765325	1.801816
256678	9223	4.2518263	2.688094
256678	9224	4.189943	2.9729
256678	9225	4.1270127	3.158543
256678	9226	3.4960656	3.701516
256678	9227	3.4716234	3.4690552
256678	9228	3.4822235	3.632253
256678	9229	3.4016886	3.7976024
256678	9230	3.6464791	3.8129375
256678	9231	3.7225637	3.407622
256678	9232	3.945263	3.3807616
256678	9233	4.2889075	3.0566046
256678	9234	2.196496	2.7563279
256678	9235	3.996665	1.3578836
256678	9236	4.1155095	2.5725677
256678	9237	4.0206404	3.2363582
256678	9238	3.804494	3.5183296
256678	9239	3.951798	3.4398878
256678	9240	1.5880617	2.4498267
256678	9241	1.4172457	2.9059167
256678	9242	1.4748375	3.831568
256678	9243	1.663709	1.7221975
256678	9244	2.9305716	0.67475545
256678	9245	4.191383	1.7000301
256678	9246	3.7341151	2.6879084
256678	9247	3.5169234	3.1364892
256678	9248	3.4730072	3.278048
256678	9249	4.2298493	2.5944626
256678	9250	4.7916756	1.8239043
256678	9251	5.0193515	1.7489507
256678	9252	5.0714164	1.7895181
256678	9253	5.183833	1.561317
256678	9254	5.2012463	1.3453659
256678	9255	5.1788526	1.476953
256678	9256	5.0776024	1.6513736
256678	9257	4.8641963	1.9078522
256678	9258	5.189735	1.2476914
256678	9259	5.6000795	0.7936394
256678	9260	5.8212924	0.58118117
256678	9261	5.6217747	0.50703967
256678	9262	5.574251	0.5566119
256678	9263	5.4655666	0.69481564
256678	9264	5.3875203	0.65363073
256678	9265	3.8653755	-1.4597825
256678	9266	1.8084975	1.7919788
256678	9267	1.5762798	2.6873622
256678	9268	1.4671247	2.8757648
256678	9269	1.3369756	3.1789732
256678	9270	2.638566	2.2405484
256678	9271	3.3970594	1.7982023
256678	9272	1.734624	3.339163
256678	9273	2.162354	3.4516098
256678	9274	2.4263105	2.9545422
256678	9275	1.8601958	3.4585361
256678	9276	0.61192596	4.6761756
256678	9277	0.46110058	4.873171
256678	9278	0.37313855	5.052861
256678	9279	0.43745875	4.958792
256678	9280	0.5557821	4.9341707
256678	9281	0.34460258	5.0845222
256678	9282	0.41079998	4.932039
256678	9283	0.6335124	4.8339214
256678	9284	0.7094842	4.7495956
256678	9285	0.7143177	4.784964
256678	9286	0.9805732	4.6361823
256678	9287	0.698987	4.763095
256678	9288	0.4145003	4.8785257
256678	9289	0.61620057	4.9250274
256678	9290	0.82275796	4.8348894
256678	9291	0.7262722	4.899151
256678	9292	0.5679152	4.9709353
256678	9293	0.7675687	4.8348927
256678	9294	0.9057107	4.8238416
256678	9295	0.967757	4.761122
256678	9296	1.245604	4.353704
256678	9297	1.5410486	4.1531296
256678	9298	1.7177888	4.1069074
256678	9299	3.108612	2.5695758
256678	9300	3.8505654	2.1087782
256678	9301	2.2591057	3.3167555
256678	9302	2.1418304	3.2768755
256678	9303	1.7642134	3.6124332
256678	9304	1.700555	4.12013
256678	9305	1.5189327	4.3513613
256678	9306	1.2614274	4.5865574
256678	9307	0.69060385	4.7642827
256678	9308	0.6109952	4.685309
256678	9309	0.42842042	4.914371
256678	9310	0.45409548	4.8003144
256678	9311	0.5040133	4.726741
256678	9312	-0.36095303	5.4174523
256678	9313	-0.37110594	5.6175632
256678	9314	-1.288433	3.7400196
256678	9315	-0.9020213	1.8078351
256678	9316	-0.57978904	1.8887625
256678	9317	-0.33288717	1.9164104
256678	9318	-0.421171	2.1186566
256678	9319	-0.6329503	2.6037638
256678	9320	-0.5056668	2.4340613
256678	9321	-0.18786299	2.5252159
256678	9322	-0.20093691	2.7160451
256678	9323	-0.40913948	2.86343
256678	9324	0.03656286	2.799485
256678	9325	0.92444074	2.4129694
256678	9326	0.4251156	2.9179275
256678	9327	1.170387	2.8649087
256678	9328	0.8693508	2.9010067
256678	9329	1.8250469	2.92036
256678	9330	1.226453	1.7937763
256678	9331	1.6119543	1.5836973
256678	9332	2.0990157	1.3932279
256678	9333	2.3563857	1.6013091
256678	9334	1.7618138	2.2870283
256678	9335	2.930399	2.917494
256678	9336	2.5593348	2.9704423
256678	9337	1.7118667	3.403917
256678	9338	3.4268718	2.060307
256678	9339	2.993515	2.7544618
256678	9340	2.6507812	3.2002292
256678	9341	2.384251	3.5099752
256678	9342	2.646266	4.071912
256678	9343	2.3026705	4.090318
256678	9344	2.7892365	3.953757
256678	9345	3.2897987	3.5131123
256678	9346	2.5764556	4.1415677
256678	9347	2.6207695	4.050599
256678	9348	2.7878213	3.8991396
256678	9349	2.8646336	3.81907
256678	9350	2.54501	4.042786
256678	9351	2.8349266	3.7984412
256678	9352	2.0972137	4.3692527
256678	9353	1.9195241	4.515362
256678	9354	1.9079286	4.5782223
256678	9355	2.459403	4.244593
256678	9356	2.6494336	4.085787
256678	9357	2.5006757	4.263372
256678	9358	1.7930652	4.771829
256678	9359	1.2689188	5.1042523
256678	9360	1.4977878	4.94365
256678	9361	1.5576195	4.824125
256678	9362	1.5385264	4.9181867
256678	9363	1.9962643	4.745377
256678	9364	1.6850857	4.958761
256678	9365	1.6477369	4.89042
256678	9366	1.2186997	5.1781316
256678	9367	1.2422606	5.054245
256678	9368	0.973071	5.2762175
256678	9369	0.79842496	5.2574277
256678	9370	0.727725	5.299412
256678	9371	0.0032234788	5.211549
256678	9372	0.29216236	5.0772777
256678	9373	0.6353116	4.838191
256678	9374	0.36930066	4.1114774
256678	9375	0.53142476	3.9902556
256678	9376	0.4117629	4.224882
256678	9377	0.9390296	4.0364113
256678	9378	1.0888735	3.7566779
256678	9379	1.6492432	4.100161
256678	9380	1.0822984	3.3045526
256678	9381	0.51484823	1.4939799
256678	9382	0.62174356	1.4507942
256678	9383	0.44473064	0.8255085
256678	9384	0.6881641	1.6074347
256678	9385	0.55275524	2.3174882
256678	9386	0.5588124	2.0734098
256678	9387	1.0575659	2.4761808
256678	9388	1.2167912	1.9581792
256678	9389	1.0357723	3.205558
256678	9390	1.3873253	2.892327
256678	9391	0.9822664	2.7699792
256678	9392	1.1670563	1.2537829
256678	9393	2.231626	2.111274
256678	9394	2.7215886	2.6696928
256678	9395	0.92162514	2.8043804
256678	9396	1.0663372	1.8932803
256678	9397	1.105265	1.8628244
256678	9398	1.777516	1.1375209
256678	9399	0.55134606	2.5405586
256678	9400	1.6467758	2.538572
256678	9401	1.4254835	2.653593
256678	9402	1.0033458	2.4137998
256678	9403	1.7240835	1.8605366
256678	9404	1.7587937	2.0704997
256678	9405	1.981891	2.0370255
256678	9406	1.6978914	1.2576425
256678	9407	0.95705295	1.2418618
256678	9408	0.3691349	1.5747571
256678	9409	0.29868698	1.6464765
256678	9410	0.64411485	2.233164
256678	9411	2.0637245	1.8376465
256678	9412	1.9700528	2.5457766
256678	9413	2.4412122	2.131692
256678	9414	2.2324347	2.5787868
256678	9415	2.285605	2.628132
256678	9416	2.060307	1.7837889
256678	9417	3.2031403	2.0618336
256678	9418	2.5826	1.3647606
256678	9419	1.8478168	2.1403608
256678	9420	2.166397	1.8754604
256678	9421	2.483924	1.7538211
256678	9422	2.8192282	1.5623214
256678	9423	3.3656592	2.379041
256678	9424	3.72374	2.7512782
256678	9425	4.240049	1.1563531
256678	9426	4.0263696	2.0155377
256678	9427	2.1571841	1.1415892
256678	9428	1.8390068	2.1932552
256678	9429	3.3731766	2.1163182
256678	9430	3.2946377	2.9790778
256678	9431	3.0195546	3.276324
256678	9432	3.8657947	2.5961125
256678	9433	2.0090094	2.7056189
256678	9434	1.1247326	2.72567
256678	9435	1.2523206	2.6289299
256678	9436	2.3152308	1.4918988
256678	9437	2.7318926	2.6412408
256678	9438	1.2743939	2.3661075
256678	9439	2.6207504	2.738329
256678	9440	1.6944202	3.518078
256678	9441	3.302013	2.890633
256678	9442	4.03576	2.0762568
256678	9443	3.2740002	3.2455392
256678	9444	2.9103684	3.6080859
256678	9445	2.586913	3.8507059
256678	9446	3.0388393	3.193687
256678	9447	2.900536	3.5675242
256678	9448	2.889958	3.7476652
256678	9449	3.2690182	3.5257902
256678	9450	3.2392483	3.5891087
256678	9451	3.379449	3.6100175
256678	9452	4.1816797	2.2240965
256678	9453	4.2328997	2.6521828
256678	9454	4.3666496	2.5512989
256678	9455	4.9722395	1.7040207
256678	9456	4.7816987	1.8458982
256678	9457	4.540834	2.1645515
256678	9458	4.785125	1.408796
256678	9459	5.752678	0.17442247
256678	9460	1.9593624	-0.30573028
256678	9461	1.356545	0.61802864
256678	9462	1.0568799	0.6889676
256678	9463	1.0764853	0.8655747
256678	9464	1.1314285	1.4475087
256678	9465	0.8921765	1.5544398
256678	9466	0.78930295	1.8048465
256678	9467	0.7855613	1.7630799
256678	9468	0.7937422	1.7961028
256678	9469	0.82556546	1.7592235
256678	9470	1.1049556	2.4419744
256678	9471	1.1848657	1.9771674
256678	9472	1.065878	2.0199547
256678	9473	1.1579401	1.9583707
256678	9474	1.1642874	1.7888474
256678	9475	3.1480036	2.8065987
256678	9476	2.9176245	3.167102
256678	9477	2.7951517	3.152459
256678	9478	2.9448938	3.0656843
256678	9479	3.3923464	2.6607695
256678	9480	3.8640847	1.8594744
256678	9481	3.9624095	1.7638512
256678	9482	4.164563	1.1627895
256678	9483	4.2602186	1.0874172
256678	9484	3.7617226	0.26287833
256678	9485	3.7780704	-0.51777154
256678	9486	3.9345832	-0.5924225
256678	9487	3.5959592	0.30909833
256678	9488	4.1539207	1.0952871
256678	9489	4.090112	0.96063244
256678	9490	3.9252696	1.2374355
256678	9491	3.835328	0.12656763
256678	9492	3.8685102	0.39897332
256678	9493	3.469524	-0.3418694
256678	9494	3.8154435	-0.43016323
256678	9495	3.5899668	-0.29129583
256678	9496	3.8915954	0.33967087
256678	9497	3.7095447	0.35687742
256678	9498	4.1247606	0.94165635
256678	9499	4.341529	0.91155696
256678	9500	4.0374727	1.228885
256678	9501	4.033039	-0.05366701
256678	9502	4.13795	0.16037849
256678	9503	3.992241	0.15295616
256678	9504	4.544584	-0.33416602
256678	9505	4.1504755	1.1270132
256678	9506	4.2816443	1.0911393
256678	9507	4.3444757	0.48441383
256678	9508	4.6788297	0.15245727
256678	9509	4.889171	-0.33441663
256678	9510	0.6106998	0.043512076
256678	9511	-0.14719597	1.1993625
256678	9512	0.1663236	1.1473196
256678	9513	0.28644937	0.8977361
256678	9514	0.28085876	0.8461156
256678	9515	0.44729722	1.6111484
256678	9516	0.38826	1.488007
256678	9517	0.21685952	1.5658393
256678	9518	0.24818343	1.7434492
256678	9519	0.73565614	1.8749173
256678	9520	0.8529464	1.4608227
256678	9521	1.1692619	2.1007884
256678	9522	1.3568255	1.7026439
256678	9523	1.29406	1.8213918
256678	9524	1.5230225	1.8737414
256678	9525	3.3034081	2.4953933
256678	9526	3.2482247	2.269716
256678	9527	3.2463036	1.1411983
256678	9528	3.050201	1.3170354
256678	9529	2.450327	1.0318257
256678	9530	1.8527514	0.6316993
256678	9531	1.6951746	1.0280071
256678	9532	1.832987	0.7607455
256678	9533	3.5201793	-0.7216128
256678	9534	3.8773265	0.09255585
256678	9535	3.6324716	-0.043804556
256678	9536	3.93965	0.6340244
256678	9537	3.867145	0.5874022
256678	9538	4.1731825	1.4107938
256678	9539	4.133575	0.9469968
256678	9540	4.0569577	0.16252401
256678	9541	3.9075375	-0.41898552
256678	9542	3.663391	-0.060514897
256678	9543	3.2797918	-0.59499276
256678	9544	3.2491484	0.542313
256678	9545	3.3660107	0.93068206
256678	9546	3.3759794	0.8476106
256678	9547	3.1647234	0.98348176
256678	9548	3.506144	1.0405539
256678	9549	4.0415373	0.12336406
256678	9550	1.0333564	0.19509742
256678	9551	0.5281414	0.68328047
256678	9552	0.3315223	0.9246273
256678	9553	0.7555276	1.1561222
256678	9554	0.14018959	1.7925115
256678	9555	-0.070283175	2.0914593
256678	9556	-0.21168971	2.92957
256678	9557	0.391585	2.2291722
256678	9558	1.1488856	2.6547544
256678	9559	1.5970153	1.4314011
256678	9560	3.2203836	1.8523612
256678	9561	3.3503346	1.6450858
256678	9562	2.6943088	1.0236272
256678	9563	2.7350187	0.19549051
256678	9564	2.7806578	0.6235219
256678	9565	2.9417076	0.32917836
256678	9566	2.3865814	1.0912336
256678	9567	3.448073	0.074052125
256678	9568	3.4869514	0.78636765
256678	9569	3.9332628	1.3369588
256678	9570	4.2321296	-0.34868735
256678	9571	4.553988	-0.8855667
256678	9572	3.8241901	-0.41452274
256678	9573	4.227882	-0.70916295
256678	9574	3.7656813	0.37698475
256678	9575	4.231474	1.0534998
256678	9576	4.6262445	-0.6765609
256678	9577	4.760721	-1.0328028
256678	9578	4.880543	0.107584804
256678	9579	4.437159	0.087316066
256678	9580	4.268734	-0.7519623
256678	9581	3.9975452	-0.034067303
256678	9582	4.3655443	0.70720756
256678	9583	4.283045	0.52069163
256678	9584	4.296265	0.19426909
256678	9585	4.5709233	0.21061465
256678	9586	4.4897413	0.41595402
256678	9587	4.3601413	0.77281976
256678	9588	4.3238263	0.7938638
256678	9589	4.352543	0.65882814
256678	9590	3.997302	1.5188432
256678	9591	3.8320942	1.7976491
256678	9592	3.3119707	3.1406844
256678	9593	3.2285523	2.9952502
256678	9594	3.1581488	3.4939597
256678	9595	1.2764754	3.8476503
256678	9596	2.8237782	2.607474
256678	9597	2.771655	3.8791935
256678	9598	3.0704417	3.7087882
256678	9599	2.6316366	3.9701836
256678	9600	1.5661181	4.775239
256678	9601	1.4409143	4.9343343
256678	9602	0.7846426	4.2067246
256678	9603	1.6898357	4.1157002
256678	9604	1.2123734	4.720068
256678	9605	1.5191997	4.531271
256678	9606	2.4761534	4.423067
256678	9607	2.6599474	4.143819
256678	9608	3.3401914	3.939235
256678	9609	3.2845569	3.8473876
256678	9610	3.7868752	3.7765186
256678	9611	3.8459787	3.6257608
256678	9612	3.5461845	3.8836987
256678	9613	1.972766	4.951713
256678	9614	1.3310188	5.450988
256678	9615	1.0545745	5.5567265
256678	9616	1.1034391	5.5591073
256678	9617	1.3710915	5.394581
256678	9618	1.3744608	5.2433605
256678	9619	1.4903618	5.1262116
256678	9620	0.8615385	5.5169487
256678	9621	-0.4905808	5.9508986
256678	9622	-0.57171816	5.8602586
256678	9623	-0.24116725	5.6462865
256678	9624	-0.2987833	5.46653
256678	9625	-0.24703354	5.357977
256678	9626	-0.23688254	5.3274016
256678	9627	-0.3603105	5.3843303
256678	9628	-0.32936692	5.492514
256678	9629	-0.53261775	5.49816
256678	9630	-0.4032539	5.5822964
256678	9631	-0.5315653	5.440071
256678	9632	-0.6815259	5.575127
256678	9633	-0.865872	4.473492
256678	9634	-1.0271063	2.9078312
256678	9635	-0.72961944	3.2729354
256678	9636	-0.36160755	3.7055147
256678	9637	-0.07393327	3.4433446
256678	9638	-0.26509142	3.5232139
256678	9639	-0.23267707	3.515451
256678	9640	-0.115701824	3.840896
256678	9641	0.2952162	3.588072
256678	9642	0.41432172	3.9935706
256678	9643	0.8028221	3.6368806
256678	9644	0.18475938	3.4793344
256678	9645	0.56960213	3.8546946
256678	9646	0.6031771	3.878379
256678	9647	0.9079876	4.083076
256678	9648	1.2223668	3.86919
256678	9649	1.2407115	3.783048
256678	9650	1.8048114	2.852031
256678	9651	2.4610128	2.276463
256678	9652	2.6244664	2.3170564
256678	9653	2.7097716	2.286086
256678	9654	0.6997913	4.050607
256678	9655	0.5453955	4.788355
256678	9656	0.9172206	5.1231475
256678	9657	1.4683288	5.0099993
256678	9658	1.1027308	4.5819664
256678	9659	1.0885677	4.618499
256678	9660	1.0117635	4.7631245
256678	9661	1.5875574	4.7541738
256678	9662	1.5795876	4.183256
256678	9663	0.70348597	4.1595964
256678	9664	0.8363297	4.231579
256678	9665	1.4188675	4.480662
256678	9666	2.1713963	4.226861
256678	9667	1.8637398	3.7267082
256678	9668	1.0692198	4.2343044
256678	9669	0.6528833	4.4298086
256678	9670	0.4450441	4.5354233
256678	9671	0.35409915	4.5923057
256678	9672	-0.089176446	4.180739
256678	9673	0.17713666	2.1220012
256678	9674	0.20751274	2.2501125
256678	9675	1.0880502	0.87380564
256678	9676	0.6238915	2.588548
256678	9677	1.1285653	2.5342026
256678	9678	1.084491	2.4344594
256678	9679	1.047984	1.650521
256678	9680	0.34693605	1.7008526
256678	9681	0.49547195	2.4755123
256678	9682	0.94352305	2.6325126
256678	9683	0.87066746	2.6165664
256678	9684	0.8090261	2.9058752
256678	9685	0.991555	2.7749114
256678	9686	1.678115	3.1255536
256678	9687	1.242391	3.361123
256678	9688	2.0351381	3.863796
256678	9689	2.1525578	3.4953275
256678	9690	2.8581762	3.7275407
256678	9691	3.1142259	3.453298
256678	9692	3.023222	3.627735
256678	9693	2.9174037	3.6977642
256678	9694	3.4365373	3.3623252
256678	9695	3.3954167	3.3414526
256678	9696	3.407661	3.3749897
256678	9697	3.4438696	3.372034
256678	9698	2.6537127	3.1272562
256678	9699	2.450385	3.4995527
256678	9700	3.1434817	3.6095722
256678	9701	1.3257215	3.225097
256678	9702	2.5914898	3.852051
256678	9703	2.5200667	3.9395049
256678	9704	2.9275732	3.8772476
256678	9705	3.32338	3.740443
256678	9706	3.347012	3.6642692
256678	9707	3.3218598	3.7380388
256678	9708	3.4897237	3.6301258
256678	9709	3.6390762	3.5029714
256678	9710	1.960615	4.6675262
256678	9711	1.5011302	4.3383694
256678	9712	1.2317014	3.5557263
256678	9713	1.9886574	3.8066843
256678	9714	2.2684474	4.0847054
256678	9715	2.9405189	2.3539238
256678	9716	2.3439279	1.5865808
256678	9717	2.255118	3.3551815
256678	9718	3.0354228	3.1908002
256678	9719	2.9283042	3.2360373
256678	9720	3.2843137	1.6660745
256678	9721	2.864995	2.352098
256678	9722	2.834344	2.4037647
256678	9723	2.15945	1.6036072
256678	9724	2.322195	3.1337495
256678	9725	2.6270452	3.361986
256678	9726	3.1692266	0.76953995
256678	9727	2.4703288	2.7835324
256678	9728	2.645472	2.4478106
256678	9729	2.6529627	3.2974818
256678	9730	3.076065	1.8568845
256678	9731	2.596826	1.33495
256678	9732	2.3614435	1.9413846
256678	9733	1.8054367	2.6317995
256678	9734	2.823936	3.0480494
256678	9735	2.5985365	0.6084132
256678	9736	2.9601064	0.18313798
256678	9737	3.0275006	0.29056302
256678	9738	3.1649666	0.2866253
256678	9739	2.1653428	0.3272058
256678	9740	2.2984838	0.4675366
256678	9741	2.5023837	0.9642297
256678	9742	1.7113084	2.5214334
256678	9743	2.7270627	0.21367726
256678	9744	1.9761237	2.3760118
256678	9745	1.6294419	2.5075035
256678	9746	2.1593928	3.2920249
256678	9747	1.5076734	2.5931284
256678	9748	3.2359042	2.4489913
256678	9749	1.6983422	2.219094
256678	9750	1.7935277	1.987637
256678	9751	1.1961268	2.9352403
256678	9752	0.8336457	2.3051505
256678	9753	1.9044179	2.0600235
256678	9754	1.5784727	3.4803162
256678	9755	1.66108	3.190042
256678	9756	2.2700377	3.594312
256678	9757	3.0145006	2.3055403
256678	9758	0.9831251	2.885199
256678	9759	1.2291282	2.6696272
256678	9760	2.782148	2.675742
256678	9761	2.9526572	3.3951979
256678	9762	3.2567792	0.703084
256678	9763	3.2104068	0.5267484
256678	9764	2.3411994	2.634974
256678	9765	2.7640576	3.1876154
256678	9766	3.2578688	1.7120025
256678	9767	2.9529767	0.093185216
256678	9768	3.1082015	0.1567364
256678	9769	3.6935287	0.58316505
256678	9770	3.1869106	2.026457
256678	9771	2.7949615	2.9894032
256678	9772	2.7610974	3.3522134
256678	9773	3.0438466	0.5292772
256678	9774	3.1325774	1.2832543
256678	9775	2.3250556	1.6532462
256678	9776	2.625967	1.6281407
256678	9777	0.917536	3.5146267
256678	9778	0.11516172	4.2453537
256678	9779	0.6126163	3.8103063
256678	9780	1.3076694	3.7745636
256678	9781	1.5727705	4.010246
256678	9782	2.6601453	1.3183894
256678	9783	1.7259146	1.2955205
256678	9784	1.7417818	2.8139045
256678	9785	1.9187053	3.2918522
256678	9786	2.4550753	0.4544764
256678	9787	2.1360817	1.2018999
256678	9788	1.5592755	1.8164699
256678	9789	1.389318	1.8914509
256678	9790	3.1623168	0.24890426
256678	9791	4.4023547	-0.11431399
256678	9792	3.158268	-0.32595104
256678	9793	3.5142112	0.0043088794
256678	9794	2.1141596	1.0374985
256678	9795	3.3273149	0.3886598
256678	9796	3.358014	1.196623
256678	9797	3.394278	2.0045285
256678	9798	3.8209534	-0.09448475
256678	9799	3.4586406	2.059443
256678	9800	4.0905285	2.0797663
256678	9801	3.742825	0.06587097
256678	9802	3.389443	2.3209417
256678	9803	1.9600316	1.92923
256678	9804	3.1728587	2.4772272
256678	9805	4.6487703	1.3194286
256678	9806	4.6716385	2.1833596
256678	9807	4.5932145	2.0040743
256678	9808	3.8214817	0.6148076
256678	9809	2.5933185	2.075744
256678	9810	2.7658005	2.1301744
256678	9811	3.1774263	2.0585113
256678	9812	4.2526393	1.2742903
256678	9813	2.304264	1.1759733
256678	9814	3.9469929	1.063767
256678	9815	3.6030693	1.4075053
256678	9816	2.6350026	2.2631474
256678	9817	1.8543648	1.960603
256678	9818	1.5553447	2.373326
256678	9819	1.8207501	2.2161355
256678	9820	2.6732473	2.652698
256678	9821	2.9185057	2.245923
256678	9822	3.2398367	2.7249532
256678	9823	2.309773	2.4261367
256678	9824	2.590406	2.1364288
256678	9825	2.8382592	2.1673353
256678	9826	3.8874893	1.4540898
256678	9827	3.2510095	2.2148492
256678	9828	4.1535873	1.6061149
256678	9829	4.833306	0.50733507
256678	9830	4.0750756	1.0042405
256678	9831	3.7446632	1.2513306
256678	9832	3.8083982	1.3992203
256678	9833	2.6841908	2.799856
256678	9834	3.0951395	2.4480302
256678	9835	2.7207394	3.4559383
256678	9836	2.8994918	3.4378908
256678	9837	3.2080216	3.3652673
256678	9838	3.9422283	2.7406485
256678	9839	4.7647753	1.9035628
256678	9840	5.020017	1.7904575
256678	9841	4.966946	1.7342207
256678	9842	4.930072	1.8398416
256678	9843	5.034862	1.5788803
256678	9844	4.7847295	1.90097
256678	9845	5.126561	0.7997278
256678	9846	5.322781	0.89297116
256678	9847	4.803333	1.5864589
256678	9848	4.4835234	1.9202206
256678	9849	4.1543536	2.418867
256678	9850	4.1731873	2.3925967
256678	9851	2.354251	1.4954065
256678	9852	2.4023952	1.8616726
256678	9853	3.6743069	0.82039154
256678	9854	3.9135795	0.44542035
256678	9855	3.627749	0.4417089
256678	9856	3.42022	0.8068986
256678	9857	3.2987914	0.5992292
256678	9858	3.1837096	0.579821
256678	9859	3.4165797	0.4552106
256678	9860	3.5463705	0.23745129
256678	9861	3.4329457	0.5528827
256678	9862	3.3279753	0.3819686
256678	9863	3.3396358	0.26305786
256678	9864	3.7079005	1.3493884
256678	9865	3.1678987	2.2861307
256678	9866	2.3056612	3.2108488
256678	9867	1.1630114	4.2241516
256678	9868	-0.16846484	3.3089345
256678	9869	0.27636486	3.4714901
256678	9870	0.31757033	2.6524918
256678	9871	0.11072564	2.9185228
256678	9872	0.41174817	2.8083389
256678	9873	0.5477871	3.4941142
256678	9874	0.68406737	3.2828753
256678	9875	0.59703875	3.3029208
256678	9876	1.2616154	3.3393693
256678	9877	1.334237	3.1837583
256678	9878	1.8126103	3.7814934
256678	9879	2.4605541	3.785611
256678	9880	1.5179297	3.6450698
256678	9881	3.196257	3.322483
256678	9882	2.969397	3.622153
256678	9883	2.829945	3.782781
256678	9884	3.3420863	3.4100492
256678	9885	3.5486436	3.2956703
256678	9886	3.4508972	3.516654
256678	9887	3.7361221	3.3657706
256678	9888	3.702291	3.4704783
256678	9889	3.4893289	3.6348412
256678	9890	3.1960292	3.8290389
256678	9891	3.4834108	3.520613
256678	9892	3.791216	3.3510525
256678	9893	3.9083405	3.2051692
256678	9894	3.47535	3.6932385
256678	9895	3.4202676	3.7290738
256678	9896	3.335803	3.9088132
256678	9897	3.616572	3.6536906
256678	9898	3.7148094	3.5897787
256678	9899	4.7007575	2.3372915
256678	9900	5.2119746	1.6052608
256678	9901	5.240605	1.5701697
256678	9902	5.305538	1.4544221
256678	9903	5.3289146	1.5062159
256678	9904	5.5113673	0.8971946
256678	9905	3.836814	-0.98269784
256678	9906	4.9338803	-1.2186728
256678	9907	4.9640255	-0.9660802
256678	9908	4.806074	-0.9028302
256678	9909	4.687209	0.07098445
256678	9910	5.118744	-0.33349782
256678	9911	1.6217345	-0.08624545
256678	9912	1.6798979	0.3080705
256678	9913	1.8378168	0.10659811
256678	9914	1.8854288	0.049752384
256678	9915	2.4736452	-0.57202065
256678	9916	2.1550245	-0.1934081
256678	9917	4.2686605	0.18908939
256678	9918	4.2108684	0.6016079
256678	9919	3.8660655	1.5746691
256678	9920	3.6131458	2.3392065
256678	9921	3.5106063	2.1530478
256678	9922	3.088191	1.4097451
256678	9923	2.8563685	1.8421865
256678	9924	1.4538965	0.23200831
256678	9925	2.2127109	-0.11257774
256678	9926	2.178697	0.88505304
256678	9927	2.0966816	2.1475425
256678	9928	2.0345058	1.8205566
256678	9929	1.0363702	1.7710931
256678	9930	1.1090811	1.951616
256678	9931	1.7438294	2.5272431
256678	9932	2.2740111	1.3321563
256678	9933	2.3267732	1.2994034
256678	9934	2.464222	1.246116
256678	9935	2.7132978	1.1650858
256678	9936	2.6570072	1.1079513
256678	9937	2.8050246	1.2059326
256678	9938	2.7901936	1.2668217
256678	9939	2.5992584	1.293547
256678	9940	2.1777778	1.8635082
256678	9941	2.2846932	0.669996
256678	9942	2.4523473	2.034585
256678	9943	3.1091304	1.1494578
256678	9944	3.8956628	1.865385
256678	9945	3.9429708	1.6324573
256678	9946	3.7685628	1.9004097
256678	9947	2.2977724	1.3785214
256678	9948	3.4524217	0.20311955
256678	9949	4.371366	1.4944769
256678	9950	2.4848475	1.2150168
256678	9951	2.0685759	-0.29526374
256678	9952	2.5295506	-0.59927654
256678	9953	2.6282845	0.17888615
256678	9954	3.9491768	0.16762188
256678	9955	3.8185263	0.1661568
256678	9956	2.9707947	1.7523782
256678	9957	3.2585797	1.4552958
256678	9958	2.1236916	0.46886328
256678	9959	2.3571692	0.6150347
256678	9960	3.163344	1.2736045
256678	9961	3.3279567	1.0653219
256678	9962	3.3528242	0.96043277
256678	9963	3.426323	0.9755316
256678	9964	3.4539914	1.0024414
256678	9965	3.530311	0.94322217
256678	9966	3.6067734	0.8211982
256678	9967	3.6866083	0.93721306
256678	9968	3.8420691	1.8066068
256678	9969	2.5195203	0.71631813
256678	9970	3.1781335	0.46770075
256678	9971	4.0417395	1.434711
256678	9972	4.5640674	0.9731611
256678	9973	4.3017154	0.1963
256678	9974	4.2707176	0.38795546
256678	9975	3.5102372	0.2541125
256678	9976	3.1938424	-0.47628146
256678	9977	3.6337447	-0.37736002
256678	9978	2.9103541	1.594192
256678	9979	3.8185234	1.8295236
256678	9980	3.9948912	1.4326905
256678	9981	3.9589267	1.8484797
256678	9982	5.1339955	0.37106332
256678	9983	6.564558	-0.83292496
256678	9984	6.121395	-1.5084013
256678	9985	6.4162054	-1.4037913
256678	9986	6.1273427	-1.2310984
256678	9987	6.2051864	-0.7282086
256678	9988	6.3344865	-1.089425
256678	9989	6.0585456	-1.9017928
256678	9990	6.4167013	-2.1536179
256678	9991	6.3712115	-2.2356808
256678	9992	6.3644767	-2.2771873
256678	9993	6.4887724	-1.8584508
256678	9994	6.3954735	-1.8935279
256678	9995	2.7738838	-1.63207
256678	9996	3.1913328	-1.5904684
256678	9997	3.0039048	-0.9917611
256678	9998	2.7793117	-0.8525276
256678	9999	3.1715298	-1.107015
256678	10000	1.8693305	-1.0582755
256678	10001	2.2914138	-0.9907625
256678	10002	1.5769812	-0.94879246
256678	10003	1.3762153	-0.26017058
256678	10004	1.3727591	-0.51175785
256678	10005	2.9186964	-1.1319405
256678	10006	2.412064	1.2490612
256678	10007	1.6377562	2.3935552
256678	10008	2.7949643	2.2238853
256678	10009	3.1210074	1.8442981
256678	10010	2.4388528	1.479291
256678	10011	2.489965	1.6623852
256678	10012	2.866284	1.0565138
256678	10013	2.0273476	1.5050658
256678	10014	2.582601	2.0228612
256678	10015	2.9001298	1.5839345
256678	10016	3.3586001	1.3310663
256678	10017	2.386228	2.2764316
256678	10018	2.3760033	2.5371287
256678	10019	1.9963208	2.7129037
256678	10020	2.4271393	2.513478
256678	10021	1.635482	2.8475442
256678	10022	2.2351003	2.6593118
256678	10023	2.5004902	2.4092455
256678	10024	2.3451948	2.4157565
256678	10025	1.9130331	2.9345458
256678	10026	1.6287304	3.2790892
256678	10027	2.0965123	2.5072806
256678	10028	1.8724805	2.7127197
256678	10029	2.837037	1.8398631
256678	10030	4.0504794	1.3297738
256678	10031	3.4916806	2.1693687
256678	10032	3.5436401	2.3298535
256678	10033	2.1284208	1.1176356
256678	10034	1.5527536	0.43699518
256678	10035	2.511396	0.7608192
256678	10036	2.232181	1.0149693
256678	10037	2.6361027	0.4077629
256678	10038	4.049073	-0.20264691
256678	10039	2.7904549	-0.52624506
256678	10040	2.7969933	0.5240239
256678	10041	4.511508	1.2367738
256678	10042	3.730379	-0.20958002
256678	10043	3.1961703	-0.11589575
256678	10044	3.320661	1.7799194
256678	10045	3.4544344	0.21526703
256678	10046	2.7041335	1.0099435
256678	10047	2.4116058	1.7095182
256678	10048	1.7677315	1.0774683
256678	10049	1.3519948	2.0999613
256678	10050	1.1093539	2.380833
256678	10051	1.3493588	1.8650644
256678	10052	1.9695677	1.1398925
256678	10053	2.4547544	0.9847449
256678	10054	2.6441402	0.6982026
256678	10055	3.1419692	-0.7436452
256678	10056	2.4850469	-0.7163695
256678	10057	2.1943235	-0.9033321
256678	10058	1.832055	-0.93290186
256678	10059	4.36084	-0.88951826
256678	10060	4.753868	-0.8999102
256678	10061	4.847318	-0.64581
256678	10062	4.2546067	-0.028384447
256678	10063	4.311433	0.16136047
256678	10064	3.632173	0.61415696
256678	10065	1.9407395	-0.49718177
256678	10066	0.62322617	0.24135998
256678	10067	1.2393447	0.279812
256678	10068	3.7766547	0.04443577
256678	10069	3.3357754	0.312072
256678	10070	1.0573933	0.52759206
256678	10071	0.7831255	0.47461995
256678	10072	0.4601345	0.32528582
256678	10073	2.9884315	-0.27180815
256678	10074	2.9800305	1.0268937
256678	10075	3.1838498	-0.5876585
256678	10076	0.7774843	0.17351285
256678	10077	0.71605825	0.18616852
256678	10078	3.3217225	-0.10956952
256678	10079	2.591302	1.4319718
256678	10080	3.0373812	1.3882209
256678	10081	3.6811824	1.0472046
256678	10082	4.8559265	0.022214204
256678	10083	4.8756514	-0.47304678
256678	10084	4.958211	-0.4725794
256678	10085	4.7360415	-0.4673192
256678	10086	4.3187566	-1.6263025
256678	10087	1.0342096	-0.548411
256678	10088	1.607437	0.17173883
256678	10089	1.233405	0.2736939
256678	10090	1.5698372	-0.27138168
256678	10091	1.7632927	-0.2097294
256678	10092	1.8868357	0.45595762
256678	10093	2.3112187	-0.14132872
256678	10094	4.038854	0.549054
256678	10095	3.5197153	1.1784765
256678	10096	3.6366491	-0.2763003
256678	10097	3.4914126	0.45811656
256678	10098	1.8555886	-0.43815392
256678	10099	2.163155	-0.6850019
256678	10100	2.6229134	-0.19867817
256678	10101	3.1914406	-0.84792787
256678	10102	2.6688724	0.35830244
256678	10103	3.1804848	-0.13910711
256678	10104	2.823545	0.084373385
256678	10105	3.4054823	-0.49353623
256678	10106	3.5682588	-0.13335857
256678	10107	3.6300764	0.5148926
256678	10108	3.9684258	0.02727136
256678	10109	2.5901265	-0.4752454
256678	10110	3.8430076	-1.2489871
256678	10111	4.0900426	-1.2889076
256678	10112	0.78226376	-0.42749748
256678	10113	0.5724511	0.0028873086
256678	10114	0.82815015	0.26546708
256678	10115	0.87277174	0.017973185
256678	10116	1.261874	0.5860506
256678	10117	3.7782917	0.21859905
256678	10118	4.4208593	-0.08680269
256678	10119	2.89896	0.79608476
256678	10120	1.9263133	-0.06648135
256678	10121	1.0615976	-0.5667815
256678	10122	0.89610684	0.0339323
256678	10123	0.49245286	-0.5139433
256678	10124	0.08310509	-0.45921847
256678	10125	0.42224193	-0.6289899
256678	10126	0.6899582	-0.45920503
256678	10127	1.038692	-0.37689012
256678	10128	1.3090609	-0.26755667
256678	10129	0.9218421	-0.96193635
256678	10130	-0.32482207	-0.3687291
256678	10131	-0.23626575	-0.72180265
256678	10132	0.87017906	-0.5366953
256678	10133	1.337537	-0.5153131
256678	10134	0.9672154	-0.029798657
256678	10135	1.016572	-0.087268054
256678	10136	1.330452	-0.24263464
256678	10137	1.768391	-0.14438304
256678	10138	2.234015	0.13728836
256678	10139	3.3331017	-0.90855646
256678	10140	3.6814594	-1.111727
256678	10141	3.8152423	-1.2072184
256678	10142	4.1292105	-0.85656124
256678	10143	3.8669891	0.082185894
256678	10144	4.151338	-0.1009683
256678	10145	4.19465	-0.29060388
256678	10146	4.3185706	-0.40517277
256678	10147	4.2881227	0.2951282
256678	10148	3.29499	-0.24018605
256678	10149	3.384904	-0.06364015
256678	10150	3.679184	0.52063215
256678	10151	4.213551	-0.67244583
256678	10152	3.9658098	-0.4371349
256678	10153	3.2413368	-0.7511856
256678	10154	3.3461013	-1.1876105
256678	10155	3.0514255	-1.2835119
256678	10156	3.6721168	-0.96353257
256678	10157	3.8713398	-1.0284976
256678	10158	3.2662096	0.20590982
256678	10159	3.2745814	0.1346285
256678	10160	3.5345254	-0.22361583
256678	10161	3.302444	-0.021017224
256678	10162	2.4956565	0.7781197
256678	10163	2.3526678	-0.13217354
256678	10164	2.180235	0.40907398
256678	10165	1.6777676	0.775823
256678	10166	1.0119196	0.5261823
256678	10167	1.290495	0.14683452
256678	10168	1.0547903	0.2331886
256678	10169	1.1397843	0.21257153
256678	10170	1.4335932	0.17001632
256678	10171	2.3771386	0.06686172
256678	10172	3.1963563	-0.8099151
256678	10173	3.6892533	-1.0774571
256678	10174	3.7700768	-1.1840166
256678	10175	3.949029	-1.3403194
256678	10176	3.9987817	-1.3551475
256678	10177	4.1136403	-1.3456167
256678	10178	3.9416132	-1.2931864
256678	10179	4.270686	-0.8654432
256678	10180	4.0087256	-0.2174702
256678	10181	4.61955	-0.7037948
256678	10182	4.533704	-0.8089535
256678	10183	4.703343	-0.955536
256678	10184	3.4083924	-1.0682465
256678	10185	3.8585224	-0.34479696
256678	10186	3.6752877	-0.42982313
256678	10187	3.7127233	-0.45464912
256678	10188	3.7025814	-0.2065176
256678	10189	3.5474124	-0.09184453
256678	10190	3.0808978	0.29369888
256678	10191	2.6598258	0.7478845
256678	10192	2.6768441	-0.20522183
256678	10193	2.870545	-0.027635932
256678	10194	3.0163827	-0.24561526
256678	10195	3.0379014	-0.29048157
256678	10196	3.566321	0.04977587
256678	10197	3.5887146	0.00781852
256678	10198	3.665422	-0.12457487
256678	10199	3.4084702	0.14806762
256678	10200	2.981965	1.4610193
256678	10201	3.3251448	-0.09537399
256678	10202	3.8533502	0.9922321
256678	10203	4.4195776	-0.009885639
256678	10204	4.451107	-0.11165798
256678	10205	3.4973836	-0.5976938
256678	10206	2.7368355	0.27018484
256678	10207	2.1101165	0.8733307
256678	10208	3.5125365	1.397489
256678	10209	2.7570534	2.2330873
256678	10210	1.8619589	1.8083944
256678	10211	2.1050553	0.7314985
256678	10212	2.0803719	0.14858106
256678	10213	2.0431647	0.30370852
256678	10214	1.9386343	0.50707746
256678	10215	1.8605274	0.61104286
256678	10216	2.608344	0.48530474
256678	10217	2.624363	0.6259346
256678	10218	2.7393317	1.737416
256678	10219	3.116476	1.2302908
256678	10220	1.6882318	1.1354557
256678	10221	1.5701827	1.4996092
256678	10222	3.6013274	0.86768293
256678	10223	2.205326	0.5274645
256678	10224	4.049111	1.1689264
256678	10225	3.295958	1.5446758
256678	10226	2.980762	0.22339156
256678	10227	3.3366146	0.29451665
256678	10228	3.045165	2.035292
256678	10229	3.1368437	1.9938776
256678	10230	3.229209	0.9148017
256678	10231	2.999568	1.3734131
256678	10232	3.1956344	1.2182508
256678	10233	1.4437437	2.8215642
256678	10234	0.79271257	1.8068821
256678	10235	0.684546	2.0252686
256678	10236	0.6035007	2.1686747
256678	10237	0.4158914	0.32439658
256678	10238	0.3737126	-0.1138131
256678	10239	0.29801333	-0.008766174
256678	10240	0.19803572	0.52689564
256678	10241	0.5853318	0.77662003
256678	10242	0.3352527	1.872623
256678	10243	0.7222147	1.3833145
256678	10244	0.8805196	1.7451007
256678	10245	1.0861576	1.1868773
256678	10246	1.0134847	1.2149978
256678	10247	1.0692196	1.1335738
256678	10248	0.9303976	0.5803081
256678	10249	1.1853974	0.3568419
256678	10250	1.3839235	-0.023711175
256678	10251	1.4962837	0.45622972
256678	10252	2.3613968	0.39996007
256678	10253	0.8336531	0.18039224
256678	10254	0.30431807	0.5041889
256678	10255	1.5601264	0.4692509
256678	10256	2.1284184	0.2454836
256678	10257	1.0787249	0.8508587
256678	10258	1.2588879	0.27505735
256678	10259	0.63017225	0.72402775
256678	10260	1.4811401	0.6794225
256678	10261	1.1597719	0.13600335
256678	10262	0.7562777	0.58097386
256678	10263	0.80148697	1.5861876
256678	10264	1.2768743	1.729445
256678	10265	2.0011764	0.33157733
256678	10266	2.05867	0.5005721
256678	10267	2.34342	0.06885961
256678	10268	2.3762035	0.82848155
256678	10269	2.4809475	0.22186127
256678	10270	1.915641	-0.5030463
256678	10271	2.2830644	0.094077736
256678	10272	3.3048215	0.17943552
256678	10273	1.3107103	-0.33842224
256678	10274	1.0169103	-0.13920748
256678	10275	0.8535937	-0.2500267
256678	10276	2.194265	-0.25909567
256678	10277	3.1614332	-0.3705421
256678	10278	2.2200904	0.39973518
256678	10279	3.2062774	0.94690084
256678	10280	3.2961702	1.7657857
256678	10281	2.0645342	1.2605172
256678	10282	2.7670918	0.26162443
256678	10283	3.2606049	-0.112273484
256678	10284	3.510219	0.9968848
256678	10285	4.227567	1.1721084
256678	10286	3.914369	0.2796664
256678	10287	3.082468	1.2680693
256678	10288	1.625578	1.1049696
256678	10289	0.47212845	1.0198419
256678	10290	1.1306274	-0.7028084
256678	10291	0.85213387	-0.6103537
256678	10292	0.8034812	-0.45050564
256678	10293	0.90145004	-0.23637871
256678	10294	1.0721158	0.56708264
256678	10295	1.0824426	0.17896023
256678	10296	0.9137423	0.39206067
256678	10297	1.3414742	0.9320054
256678	10298	1.4595474	0.62732697
256678	10299	1.4330919	0.61921
256678	10300	1.4696325	0.5734805
256678	10301	1.5571045	0.49176928
256678	10302	2.010261	-0.12969995
256678	10303	1.7291883	1.0706809
256678	10304	2.4584866	1.4910822
256678	10305	3.206462	0.21277031
256678	10306	3.755258	-0.09696755
256678	10307	2.3327346	-0.22107053
256678	10308	2.2416954	0.49302343
256678	10309	2.6037745	1.2519763
256678	10310	2.8738017	0.7531465
256678	10311	3.2818851	0.24993363
256678	10312	2.9250522	0.84381783
256678	10313	2.8381658	0.8159908
256678	10314	2.4473252	-0.1253989
256678	10315	2.5718932	0.021634102
256678	10316	3.0517926	0.06950602
256678	10317	3.2178693	0.8733375
256678	10318	3.3299718	0.47443
256678	10319	3.813334	0.001987338
256678	10320	3.323875	0.6107353
256678	10321	3.1439805	0.76728547
256678	10322	2.3217173	1.7492294
256678	10323	2.3963156	0.40009567
256678	10324	2.8957372	1.5260009
256678	10325	3.6795092	1.4521818
256678	10326	3.83032	1.09844
256678	10327	3.242784	1.7432978
256678	10328	2.754888	0.78296685
256678	10329	3.3809352	-0.40493542
256678	10330	3.9007263	-0.49533764
256678	10331	3.5073452	0.8094921
256678	10332	4.172602	0.012279391
256678	10333	2.567089	0.08292875
256678	10334	1.9792472	0.24680635
256678	10335	2.4200478	-0.17949787
256678	10336	2.377316	0.00026020408
256678	10337	2.5349932	-0.08828694
256678	10338	2.523963	-0.079675734
256678	10339	2.6715727	0.5942663
256678	10340	4.2450924	0.95130455
256678	10341	3.9116163	-0.12784865
256678	10342	2.922449	0.2603477
256678	10343	1.1816345	1.0545585
256678	10344	1.438088	0.7272105
256678	10345	1.3808933	0.8788763
256678	10346	3.2696662	0.9384519
256678	10347	3.1959047	1.003229
256678	10348	2.7973452	1.6513934
256678	10349	4.325845	0.13328752
256678	10350	4.6961327	-0.25290847
256678	10351	3.6110268	0.5024537
256678	10352	3.3460746	0.9779223
256678	10353	4.1567073	0.2712274
256678	10354	4.378301	-0.17185879
256678	10355	3.4324055	0.592718
256678	10356	3.5476546	2.3248734
256678	10357	3.9332237	0.4546989
256678	10358	4.0178776	2.154244
256678	10359	5.312387	0.042540878
256678	10360	5.5517526	-0.21183628
256678	10361	5.702562	-0.6707605
256678	10362	3.750092	-1.3813577
256678	10363	3.9362416	-0.07122651
256678	10364	4.12337	-0.44896555
256678	10365	3.5608525	0.13949075
256678	10366	5.035528	-0.89835477
256678	10367	1.2436457	-0.28427094
256678	10368	1.8113426	-0.47297755
256678	10369	1.3241593	-0.44924062
256678	10370	1.5879177	-0.5105888
256678	10371	1.7540375	0.023905158
256678	10372	4.106098	0.2659876
256678	10373	3.9895082	0.27895257
256678	10374	3.5126576	1.0185405
256678	10375	3.5755386	0.37992588
256678	10376	1.8986741	0.101219445
256678	10377	0.5707331	0.85110915
256678	10378	0.7997292	0.58585656
256678	10379	1.4410694	0.64799714
256678	10380	3.5758033	0.7088866
256678	10381	3.6970844	0.31439206
256678	10382	1.7562732	0.09755811
256678	10383	0.48462033	0.978598
256678	10384	0.68911004	0.6940465
256678	10385	2.7691355	0.6683047
256678	10386	3.142733	1.1862615
256678	10387	3.9171739	0.47671732
256678	10388	2.9052138	-0.5631845
256678	10389	0.58893514	0.29088
256678	10390	1.033714	0.18412396
256678	10391	1.4805183	0.50987816
256678	10392	1.5670539	0.28136787
256678	10393	4.0189795	0.47634384
256678	10394	3.5436249	1.1361355
256678	10395	1.8210205	0.62668455
256678	10396	0.5681232	1.4726729
256678	10397	1.2174146	0.22560683
256678	10398	3.4257946	0.2676356
256678	10399	3.1816664	0.7338679
256678	10400	4.4212575	-0.079946846
256678	10401	2.5601425	-0.54242194
256678	10402	0.51090205	0.893728
256678	10403	0.16271293	1.0551825
256678	10404	3.1406617	0.025361568
256678	10405	4.18404	0.42395356
256678	10406	2.1158352	0.5428028
256678	10407	1.7295064	0.96455824
256678	10408	0.45478755	0.78233314
256678	10409	2.792982	0.5609293
256678	10410	2.8109088	1.0399581
256678	10411	2.1729116	0.40253213
256678	10412	3.8459768	0.8383639
256678	10413	2.6618195	1.6513758
256678	10414	3.0774221	1.5715895
256678	10415	3.663312	1.1784453
256678	10416	4.3167624	0.45013854
256678	10417	3.2486858	-0.3468592
256678	10418	2.983132	-0.19521186
256678	10419	3.6763291	-0.37146813
256678	10420	0.7472136	0.74752915
256678	10421	0.48129052	1.6125996
256678	10422	2.5482974	1.6700375
256678	10423	2.6126337	1.495432
256678	10424	0.24816734	1.630971
256678	10425	0.0069432855	1.8390691
256678	10426	0.12329161	1.8116891
256678	10427	2.7247872	1.1966897
256678	10428	2.7974777	1.498808
256678	10429	2.8173237	0.4596478
256678	10430	3.3716083	0.44852903
256678	10431	2.9727697	0.437961
256678	10432	0.8990649	0.24273899
256678	10433	0.104352295	0.64340174
256678	10434	0.9630153	0.4361343
256678	10435	3.139608	0.16729483
256678	10436	1.2562516	0.54200506
256678	10437	0.20503032	1.2946925
256678	10438	0.47605574	1.8079879
256678	10439	0.58079255	1.3950977
256678	10440	0.6149931	1.3960301
256678	10441	0.67130804	1.3596411
256678	10442	0.7016293	1.3006175
256678	10443	1.6420861	1.3371387
256678	10444	1.9716042	0.61561775
256678	10445	3.9988956	0.9188582
256678	10446	3.5777235	1.2759265
256678	10447	3.0871925	0.5905117
256678	10448	2.8970141	2.2866132
256678	10449	4.2205734	1.2876625
256678	10450	4.111435	0.14048246
256678	10451	4.022073	0.92648625
256678	10452	3.9488068	0.6866783
256678	10453	2.9859276	-0.23990549
256678	10454	1.0132861	0.46257958
256678	10455	2.2337337	0.5748397
256678	10456	3.2488117	-0.63174653
256678	10457	3.6902304	-0.7529652
256678	10458	4.0807605	-0.9974581
256678	10459	4.2983165	-0.04478368
256678	10460	2.515452	0.250542
256678	10461	2.7740932	0.3427048
256678	10462	2.7959414	0.3612379
256678	10463	2.8790245	0.12441459
256678	10464	4.5201936	1.0053242
256678	10465	4.2422915	0.7413446
256678	10466	4.0219874	-0.17084154
256678	10467	4.2673254	-0.23879531
256678	10468	4.029452	0.4494687
256678	10469	3.0587387	-0.44933724
256678	10470	1.2073613	0.15537748
256678	10471	2.1936045	0.47462395
256678	10472	1.081289	0.74459004
256678	10473	1.4079111	0.4364011
256678	10474	3.9532642	0.7616918
256678	10475	4.067767	0.9844184
256678	10476	3.68111	0.6269584
256678	10477	3.7671437	0.63840497
256678	10478	4.5842853	0.09459755
256678	10479	4.062534	0.8529701
256678	10480	4.329747	0.86335564
256678	10481	3.745143	-0.47533062
256678	10482	3.0070295	-0.3462195
256678	10483	2.3132558	-0.0060099065
256678	10484	2.434997	0.66362476
256678	10485	4.288943	0.9073018
256678	10486	3.7990294	0.43193254
256678	10487	3.6996298	0.8577063
256678	10488	3.222803	-0.14474007
256678	10489	1.733344	0.25739506
256678	10490	3.792169	-0.31940907
256678	10491	3.3588638	0.39910266
256678	10492	1.9344016	0.7961445
256678	10493	2.5295753	-0.19800198
256678	10494	4.2913475	0.5137497
256678	10495	3.4244542	2.029517
256678	10496	3.421702	2.5382695
256678	10497	4.2778907	1.7527463
256678	10498	4.079876	2.2505147
256678	10499	0.8143554	2.606204
256678	10500	0.68566597	3.2384405
256678	10501	0.29360187	4.172322
256678	10502	-0.03568694	2.4753242
256678	10503	0.6858976	0.44750193
256678	10504	0.6742723	0.4628218
256678	10505	0.6003307	0.46637598
256678	10506	0.9109087	0.3588998
256678	10507	0.70290565	1.4662142
256678	10508	0.7439892	2.9878044
256678	10509	2.205728	1.9718649
256678	10510	2.3058739	2.0733676
256678	10511	2.3063736	2.2979643
256678	10512	2.6048574	0.50614965
256678	10513	1.185557	1.1570675
256678	10514	0.5298294	2.2627497
256678	10515	0.6838033	1.2822188
256678	10516	0.837788	1.3264374
256678	10517	0.7727189	0.7583641
256678	10518	1.3118817	0.7893791
256678	10519	1.241249	0.8918288
256678	10520	0.61519	0.5538546
256678	10521	0.7530527	0.9659798
256678	10522	0.010429978	1.9886949
256678	10523	1.2301257	0.8839035
256678	10524	1.1250012	0.9263674
256678	10525	1.195004	0.9324832
256678	10526	1.3296133	0.9558227
256678	10527	1.3219267	1.2007358
256678	10528	2.018859	0.1867055
256678	10529	2.2810493	0.07622108
256678	10530	1.4904388	0.08779451
256678	10531	1.6306692	0.3040296
256678	10532	1.2726338	1.0139432
256678	10533	1.8956789	0.9331479
256678	10534	1.8032674	1.0507735
256678	10535	1.8727778	0.90444136
256678	10536	2.2848682	1.756521
256678	10537	2.792262	1.1651386
256678	10538	3.0586061	0.59396935
256678	10539	2.1895213	0.32803503
256678	10540	2.4548507	0.5210136
256678	10541	2.144402	0.7202147
256678	10542	1.9279252	0.80619264
256678	10543	1.8881353	2.2573245
256678	10544	2.1617532	0.47420248
256678	10545	1.8330809	0.2891418
256678	10546	1.8707947	-0.19953632
256678	10547	1.5123233	0.86090946
256678	10548	1.6334196	0.5956569
256678	10549	1.4719464	0.7281928
256678	10550	2.0270228	0.9295107
256678	10551	2.3008714	0.5520394
256678	10552	2.304853	0.54547083
256678	10553	2.2147336	0.6936346
256678	10554	1.7580427	0.15049407
256678	10555	1.9645251	-0.4275146
256678	10556	1.6861125	0.42277113
256678	10557	2.546433	0.28663334
256678	10558	1.8811382	1.2476507
256678	10559	0.86660004	0.4774538
256678	10560	1.4136648	0.22789839
256678	10561	2.6012478	-0.008105189
256678	10562	1.7947813	1.3457959
256678	10563	1.4841352	0.9469291
256678	10564	1.0070275	1.1288749
256678	10565	1.3574636	0.19033107
256678	10566	1.9033195	0.5169381
256678	10567	2.3326316	-0.22046669
256678	10568	2.4728098	-0.23878963
256678	10569	3.1745787	-0.24232282
256678	10570	3.5239816	-0.46950313
256678	10571	3.4378042	-0.49422598
256678	10572	1.4129593	-0.24277717
256678	10573	1.0722945	0.4491864
256678	10574	0.9942272	0.44638398
256678	10575	0.6929505	0.12060061
256678	10576	0.624089	0.49106976
256678	10577	1.9807147	0.30017158
256678	10578	3.0522227	0.14912316
256678	10579	2.8699355	-0.49019763
256678	10580	1.2323982	-0.1585693
256678	10581	1.3109477	-0.18728492
256678	10582	1.9210111	0.15985265
256678	10583	1.5883602	0.41028634
256678	10584	2.2912097	0.3072478
256678	10585	2.7217855	0.5697856
256678	10586	2.1034536	1.2742904
256678	10587	1.9922355	1.259981
256678	10588	1.9651946	1.2751744
256678	10589	1.7717911	1.8392427
256678	10590	1.4356896	2.2480648
256678	10591	1.234954	2.353084
256678	10592	1.0787843	2.539317
256678	10593	1.0490055	2.540929
256678	10594	2.511541	2.2565887
256678	10595	2.7262888	1.8384316
256678	10596	2.5133147	1.9962113
256678	10597	2.695252	1.7851789
256678	10598	3.4799924	2.2344913
256678	10599	1.8100849	2.364132
256678	10600	2.164309	2.0565002
256678	10601	2.5336757	2.8698106
256678	10602	1.4823138	2.662435
256678	10603	2.3945966	0.6302388
256678	10604	2.0595307	1.6997926
256678	10605	1.9840547	2.0130575
256678	10606	2.1554418	1.4788549
256678	10607	1.9699289	1.6097434
256678	10608	2.2789288	1.3875914
256678	10609	2.1515913	1.7497072
256678	10610	1.7080702	1.8840194
256678	10611	1.587453	2.245982
256678	10612	1.5788795	2.2330873
256678	10613	1.5321018	2.426179
256678	10614	1.9906198	1.7443836
256678	10615	1.8759631	2.104622
256678	10616	1.7170364	2.2755792
256678	10617	2.093625	1.8560004
256678	10618	1.4491127	2.7407403
256678	10619	2.0951128	1.9047403
256678	10620	1.7980317	2.3677728
256678	10621	2.0471144	3.095446
256678	10622	3.2167616	3.1913137
256678	10623	0.97159624	3.6951334
256678	10624	1.1984495	3.6156018
256678	10625	1.7805871	2.9097652
256678	10626	2.1268067	3.047894
256678	10627	3.2016468	2.929254
256678	10628	2.8489923	2.9210324
256678	10629	1.988288	2.729076
256678	10630	1.8919679	1.7574997
256678	10631	2.6942825	2.3376377
256678	10632	2.30553	2.6842012
256678	10633	1.898723	3.1784596
256678	10634	0.72595394	3.3771706
256678	10635	2.1701117	3.8235977
256678	10636	0.9415202	3.418159
256678	10637	1.8117348	2.7048237
256678	10638	1.4671901	3.3228824
256678	10639	1.0117129	2.236278
256678	10640	1.182114	1.6232951
256678	10641	1.7573222	1.9005232
256678	10642	1.4694887	2.4637775
256678	10643	1.715798	2.2333145
256678	10644	1.4039253	1.0481412
256678	10645	1.4552717	1.4896532
256678	10646	1.0138429	2.926494
256678	10647	0.9527874	2.894503
256678	10648	0.6882446	3.3501422
256678	10649	0.9210603	2.5920756
256678	10650	0.5667678	3.3648224
256678	10651	0.7644172	3.1547132
256678	10652	1.1973704	2.5360935
256678	10653	1.6356283	2.249943
256678	10654	1.1584444	2.8445954
256678	10655	1.2894617	2.7492163
256678	10656	1.2144928	2.7609527
256678	10657	1.8231	2.048008
256678	10658	1.6339196	2.1516187
256678	10659	1.1416914	1.9301169
256678	10660	1.1905917	1.8365393
256678	10661	1.1280999	1.8731222
256678	10662	0.91578174	2.298798
256678	10663	0.8913964	2.0721543
256678	10664	1.4009931	2.7311072
256678	10665	1.6883622	1.9863493
256678	10666	1.8396624	3.0855005
256678	10667	2.131781	2.4363933
256678	10668	2.1916533	1.2073135
256678	10669	3.2292147	1.8328121
256678	10670	1.5879008	2.074993
256678	10671	1.6003495	2.1237428
256678	10672	1.4863833	2.3827243
256678	10673	1.0581602	1.5716002
256678	10674	1.5147964	1.2418076
256678	10675	1.6974334	1.262245
256678	10676	1.4083891	1.5283495
256678	10677	1.255912	1.632545
256678	10678	1.44158	1.522479
256678	10679	1.6120929	1.2713374
256678	10680	1.3625714	1.7513857
256678	10681	1.1692501	1.8453712
256678	10682	0.93810105	2.0754242
256678	10683	1.0924518	1.8942137
256678	10684	1.1947991	2.0702567
256678	10685	1.1016859	2.0048628
256678	10686	0.98764646	2.1089828
256678	10687	0.9066546	2.2408078
256678	10688	1.7215933	2.4720418
256678	10689	1.2359756	2.5461106
256678	10690	1.7141901	1.9709954
256678	10691	1.837587	2.1814642
256678	10692	1.8894929	2.0916426
256678	10693	2.2809339	3.0079706
256678	10694	3.729382	2.100362
256678	10695	3.454657	1.0876515
256678	10696	1.7090265	2.1139104
256678	10697	1.82537	2.1589217
256678	10698	1.1886748	1.8240542
256678	10699	1.4370788	1.5774546
256678	10700	0.9818121	2.265497
256678	10701	1.179349	1.9624622
256678	10702	1.0309668	2.0468836
256678	10703	0.9789041	2.0944197
256678	10704	0.8589721	2.2401304
256678	10705	0.8554882	2.1328952
256678	10706	1.2239618	1.805064
256678	10707	1.2499667	1.9168715
256678	10708	1.2438523	1.7266834
256678	10709	1.1619145	1.8338263
256678	10710	1.259681	1.7725992
256678	10711	0.98732543	2.083297
256678	10712	1.0096226	1.9459426
256678	10713	0.92739236	2.0825748
256678	10714	0.9184395	2.1703372
256678	10715	1.0133654	1.9007506
256678	10716	1.3264647	1.7304268
256678	10717	1.2117665	1.8995631
256678	10718	1.4187957	1.7275219
256678	10719	3.1447926	-0.015945613
256678	10720	3.5874395	0.457997
256678	10721	3.6036634	0.36349466
256678	10722	3.5187154	0.34530345
256678	10723	3.475881	1.518052
256678	10724	2.9990363	1.5364254
256678	10725	3.6762304	1.9297264
256678	10726	3.5758362	1.7235487
256678	10727	3.0218472	0.67114913
256678	10728	2.798152	1.3693558
256678	10729	2.3008337	0.82743764
256678	10730	2.5932713	0.92140007
256678	10731	3.5010366	1.3645862
256678	10732	1.5259727	1.6631825
256678	10733	1.7292603	1.8613975
256678	10734	1.6982621	1.9812059
256678	10735	1.8198897	1.8751364
256678	10736	3.3230572	0.41737244
256678	10737	3.5791674	0.5027523
256678	10738	3.3947706	1.5986989
256678	10739	2.006332	2.3499894
256678	10740	2.1260958	0.91219056
256678	10741	2.4543142	1.0214715
256678	10742	2.553568	1.389234
256678	10743	2.142078	1.6370165
256678	10744	1.950606	2.6965985
256678	10745	2.0300088	2.5034606
256678	10746	2.87529	2.1957693
256678	10747	3.0339627	2.398131
256678	10748	3.2072616	2.9226716
256678	10749	3.4681172	2.7781749
256678	10750	1.8447579	2.0337226
256678	10751	3.3370266	2.5092535
256678	10752	3.7824264	1.575145
256678	10753	4.1913285	2.3210146
256678	10754	3.8172078	2.9934084
256678	10755	4.379752	2.305092
256678	10756	5.360446	1.1375515
256678	10757	5.7167797	0.318764
256678	10758	5.7421064	0.28151515
256678	10759	6.1058536	-0.6379274
256678	10760	5.701881	-0.32241482
256678	10761	5.6487164	-0.36898744
256678	10762	4.7947917	0.36494884
256678	10763	5.0748653	0.061342865
256678	10764	5.6177206	-0.7475507
256678	10765	4.8563795	0.45663074
256678	10766	4.9265013	0.13549522
256678	10767	5.095797	0.069963545
256678	10768	5.1548953	-0.05984229
256678	10769	4.447553	-0.46910876
256678	10770	4.226311	0.23193797
256678	10771	4.9496303	0.37864962
256678	10772	5.257467	-0.06551981
256678	10773	5.4756455	-0.28901422
256678	10774	5.8129907	-0.68919873
256678	10775	5.7947345	-0.7330061
256678	10776	6.1967893	-1.1824068
256678	10777	6.6261454	-1.6015573
256678	10778	6.582375	-1.6659312
256678	10779	6.8968925	-2.0368466
256678	10780	5.358476	-2.498935
256678	10781	5.1909966	-2.5313861
256678	10782	4.917119	-2.1126792
256678	10783	4.955366	-2.1300523
256678	10784	4.86989	-2.0906034
256678	10785	4.845842	-1.5997629
256678	10786	4.629182	-1.6657484
256678	10787	4.993198	-1.144772
256678	10788	5.347156	-1.0455651
256678	10789	5.194269	-0.9353468
256678	10790	5.7567124	0.53074086
256678	10791	3.411735	-0.28129274
256678	10792	4.4775276	1.1918185
256678	10793	0.21520334	0.66925514
256678	10794	0.2631452	0.22352937
256678	10795	0.20643938	0.093965024
256678	10796	0.6214045	0.7625351
256678	10797	0.59730935	0.7029779
256678	10798	3.7264037	0.49223498
256678	10799	4.611217	0.5710691
256678	10800	4.308912	-0.30217868
256678	10801	4.842718	-0.6026363
256678	10802	5.3704143	-1.136016
256678	10803	5.4317317	-1.3119695
256678	10804	5.5967164	-1.3927795
256678	10805	5.352256	-1.502831
256678	10806	1.7907966	-0.97474873
256678	10807	0.991693	-0.46394658
256678	10808	1.1533154	-0.54960847
256678	10809	1.409441	-0.16120037
256678	10810	1.402157	-0.17177829
256678	10811	4.1060967	0.22084698
256678	10812	4.456209	-0.32246703
256678	10813	4.7267265	-0.6926032
256678	10814	1.0532874	-0.22074506
256678	10815	0.8816018	0.09407529
256678	10816	0.7746495	0.36214688
256678	10817	1.349533	0.633567
256678	10818	1.5142015	0.4183716
256678	10819	0.8946352	0.45117584
256678	10820	4.051757	-0.16740212
256678	10821	4.3583603	-0.610912
256678	10822	4.5917573	-0.98362684
256678	10823	4.811493	-1.2652686
256678	10824	4.71154	-1.1638952
256678	10825	1.087631	-0.34757894
256678	10826	1.1516201	-0.18680608
256678	10827	1.0143534	0.06461683
256678	10828	1.1706254	0.042601675
256678	10829	1.716204	0.26775578
256678	10830	1.0449877	0.27160546
256678	10831	4.019671	-0.23031273
256678	10832	4.312952	-0.20480779
256678	10833	4.164471	0.15789953
256678	10834	3.9745564	-0.20182154
256678	10835	0.7619246	-0.012414604
256678	10836	0.6497619	0.27900478
256678	10837	0.82645655	0.45472106
256678	10838	1.2615447	0.7955718
256678	10839	0.68558633	0.72535574
256678	10840	3.964912	0.048047572
256678	10841	4.4150815	-0.35146686
256678	10842	4.499655	-0.86157274
256678	10843	4.3714156	-0.9232856
256678	10844	0.7460252	0.085853845
256678	10845	0.4643095	0.41245297
256678	10846	1.2533387	0.15508583
256678	10847	1.191845	0.8193381
256678	10848	0.9776671	0.94695115
256678	10849	1.3523715	1.3577154
256678	10850	1.6627177	0.8249384
256678	10851	1.0078268	0.8027073
256678	10852	0.63587403	0.81842077
256678	10853	2.9048018	-0.7667456
256678	10854	5.5614743	-0.79485583
256678	10855	1.9265975	-0.9339198
256678	10856	2.0403686	-0.076568544
256678	10857	1.6888262	0.089197785
256678	10858	2.1912708	0.4340665
256678	10859	4.2791862	0.31866285
256678	10860	1.569462	0.19935694
256678	10861	3.8061318	0.6709664
256678	10862	3.9854426	0.6803895
256678	10863	1.8398055	0.21957031
256678	10864	3.9758282	0.60138226
256678	10865	3.4797912	1.1841209
256678	10866	2.3915963	0.3857666
256678	10867	3.6703558	-0.39538094
256678	10868	3.9050865	-0.54540247
256678	10869	3.7760062	-0.22097325
256678	10870	4.249485	0.59142816
256678	10871	4.26713	-0.50303245
256678	10872	3.7382689	0.21885392
256678	10873	3.9911513	0.68865883
256678	10874	4.147142	0.5898
256678	10875	3.6729126	1.0645664
256678	10876	2.304235	0.33727315
256678	10877	2.6904917	0.9880831
256678	10878	2.2808137	1.1679777
256678	10879	3.9640884	1.7833929
256678	10880	3.7270193	0.7237849
256678	10881	3.8955903	0.6170387
256678	10882	1.3307853	0.7723557
256678	10883	1.2390469	1.0557525
256678	10884	1.3075677	0.9708667
256678	10885	4.1017833	0.81549466
256678	10886	5.247795	0.22549859
256678	10887	2.4129925	0.16970667
256678	10888	3.9777584	0.5518286
256678	10889	1.8422204	0.6820642
256678	10890	3.8595629	0.494916
256678	10891	3.5429077	0.57318425
256678	10892	1.6819996	0.26093313
256678	10893	1.657457	0.5546745
256678	10894	1.9666067	0.1898289
256678	10895	2.5905623	0.35320315
256678	10896	4.453149	0.3832452
256678	10897	1.5032407	0.881662
256678	10898	4.111258	0.3196521
256678	10899	4.5377083	0.27248958
256678	10900	2.7734094	1.5901554
256678	10901	3.284009	1.7413776
256678	10902	0.443523	3.820968
256678	10903	2.4806285	2.927008
256678	10904	3.0390716	2.039098
256678	10905	1.9096423	1.5929782
256678	10906	0.64620984	1.5202502
256678	10907	1.3655803	1.7024133
256678	10908	1.32978	1.7349906
256678	10909	2.4629931	2.3244386
256678	10910	2.1657681	2.278037
256678	10911	1.0943592	1.9332561
256678	10912	2.6295137	2.1252737
256678	10913	1.3931329	1.2646122
256678	10914	2.0255466	1.0470906
256678	10915	0.47886366	1.377077
256678	10916	0.58254576	2.0278797
256678	10917	0.56521606	1.8317726
256678	10918	0.6299561	1.6852207
256678	10919	2.200766	1.9857237
256678	10920	2.067245	1.8784492
256678	10921	1.659829	0.75894105
256678	10922	2.35434	0.53176844
256678	10923	1.3225183	0.13900211
256678	10924	3.4355283	0.34069702
256678	10925	2.944316	0.5853269
256678	10926	1.0571641	0.04110971
256678	10927	1.9358131	-0.7540684
256678	10928	4.0633636	-0.29156852
256678	10929	2.5912414	0.47536358
256678	10930	1.1636647	0.18254331
256678	10931	2.058579	0.7538538
256678	10932	1.2588269	-0.1272434
256678	10933	1.5144383	0.6010113
256678	10934	1.0757133	1.2236826
256678	10935	0.89952517	1.3159007
256678	10936	1.3557676	0.7068856
256678	10937	1.9894797	1.4995282
256678	10938	1.8950032	1.3278286
256678	10939	3.052144	1.8145578
256678	10940	2.8306417	1.6562271
256678	10941	1.5651754	0.9159728
256678	10942	2.0104394	1.4827474
256678	10943	1.4682988	0.91745996
256678	10944	1.8889974	0.5478463
256678	10945	1.6036183	1.0549929
256678	10946	1.7833394	0.9288695
256678	10947	1.5198935	0.36561272
256678	10948	1.9459268	1.016718
256678	10949	2.2807589	0.58294773
256678	10950	3.4510226	1.0925337
256678	10951	2.6400886	1.6320372
256678	10952	2.4093208	1.744159
256678	10953	2.973157	1.6155376
256678	10954	1.8487886	0.42774835
256678	10955	2.7415404	-0.27408925
256678	10956	3.892785	0.52325773
256678	10957	2.895751	1.0222317
256678	10958	3.4346395	2.1633205
256678	10959	2.1901774	0.91307926
256678	10960	3.496777	1.5343251
256678	10961	3.6288457	1.5290971
256678	10962	2.6552682	2.366612
256678	10963	1.7197086	1.6530757
256678	10964	2.5676322	1.9708688
256678	10965	1.5164539	2.0549176
256678	10966	3.2770886	2.0725641
256678	10967	1.8173352	2.8286464
256678	10968	2.3374157	2.5905352
256678	10969	2.3468356	2.4027495
256678	10970	2.2080188	1.0561985
256678	10971	2.5890718	2.2796762
256678	10972	2.3627849	2.4915862
256678	10973	2.4234147	2.4279125
256678	10974	2.6309829	2.2040398
256678	10975	2.2589984	1.0288633
256678	10976	2.6817164	2.154937
256678	10977	2.0031276	2.6222937
256678	10978	2.470255	2.3963406
256678	10979	1.5714918	3.1360197
256678	10980	2.186257	3.428065
256678	10981	2.8044004	3.0001507
256678	10982	1.1609635	3.3616521
256678	10983	0.7820463	4.094705
256678	10984	0.9542333	3.7119577
256678	10985	1.927718	2.5933764
256678	10986	1.9997321	3.8037531
256678	10987	1.8551468	3.8567517
256678	10988	1.6316179	3.6623423
256678	10989	1.6796187	3.8445861
256678	10990	1.8999602	3.7592156
256678	10991	1.519615	4.202656
256678	10992	1.7437185	3.9178584
256678	10993	1.9749466	3.7205179
256678	10994	1.6513911	3.9812453
256678	10995	1.47142	4.1043944
256678	10996	0.7324084	4.561416
256678	10997	1.4981652	4.3587103
256678	10998	1.9983302	3.9750917
256678	10999	2.026875	3.9394162
256678	11000	1.7310835	4.032917
256678	11001	1.4963278	4.197614
256678	11002	1.866947	4.1747417
256678	11003	1.7747096	4.230704
256678	11004	1.6684116	4.2317157
256678	11005	1.8097588	4.177609
256678	11006	1.6333789	4.383727
256678	11007	1.9697481	4.0777926
256678	11008	2.0088487	4.122213
256678	11009	2.200663	3.9889882
256678	11010	1.9133776	4.035912
256678	11011	1.0855308	4.528491
256678	11012	-0.057799906	5.0994024
256678	11013	0.07500523	5.270031
256678	11014	0.2876932	3.6524107
256678	11015	0.5363791	3.8746197
256678	11016	0.3194604	4.043259
256678	11017	0.41473836	4.0139203
256678	11018	1.5536114	2.3259895
256678	11019	1.6465427	3.231205
256678	11020	2.114357	2.5990782
256678	11021	2.262569	3.466849
256678	11022	1.5757853	3.5981257
256678	11023	1.0076756	2.8782322
256678	11024	1.8019253	3.3386943
256678	11025	1.8804003	3.701927
256678	11026	1.5855731	3.4251537
256678	11027	1.6012837	3.6190464
256678	11028	1.5791236	3.5301397
256678	11029	1.9895519	3.5294793
256678	11030	2.416027	3.4318273
256678	11031	1.0854897	3.7156985
256678	11032	1.4644107	3.1949186
256678	11033	1.2731653	3.23497
256678	11034	1.3472881	3.5144746
256678	11035	1.9808244	2.3100927
256678	11036	2.5541081	2.763147
256678	11037	2.845469	2.5119262
256678	11038	3.5212321	2.823892
256678	11039	1.8499118	2.6259363
256678	11040	3.4685783	3.02588
256678	11041	3.570006	2.946905
256678	11042	3.2781377	3.1585414
256678	11043	3.5000029	3.002949
256678	11044	3.8294492	2.8554919
256678	11045	3.7236905	3.0051413
256678	11046	3.8799715	2.8507545
256678	11047	3.9469805	2.80667
256678	11048	2.839727	3.4576519
256678	11049	2.725977	3.5515773
256678	11050	2.6484776	3.512013
256678	11051	1.5652734	4.3267355
256678	11052	0.23649335	5.030559
256678	11053	0.13383955	5.423195
256678	11054	-0.4688024	5.6644073
256678	11055	-0.4949088	5.868056
256678	11056	-0.51494205	5.758003
256678	11057	-0.61519915	3.724438
256678	11058	-0.36353004	2.8834796
256678	11059	0.062430978	2.9383442
256678	11060	0.17147475	2.7617836
256678	11061	0.14054894	2.7171357
256678	11062	0.18198115	2.5853395
256678	11063	0.9571016	2.2700756
256678	11064	0.029660761	3.8472126
256678	11065	0.8730844	3.568764
256678	11066	0.6491792	0.9660295
256678	11067	1.153626	1.0220695
256678	11068	1.0210996	1.3298972
256678	11069	1.1168644	1.3031485
256678	11070	-0.43919975	3.9061458
256678	11071	0.33577943	3.8902147
256678	11072	0.5819721	3.2112708
256678	11073	0.31919253	3.2822998
256678	11074	1.1178235	3.2220476
256678	11075	0.9763447	1.8889661
256678	11076	1.1265917	1.6341784
256678	11077	0.23397326	2.1496084
256678	11078	0.67221403	1.524612
256678	11079	0.38090962	2.1488338
256678	11080	1.1693825	0.7743019
256678	11081	2.0367646	0.29692277
256678	11082	2.1181617	0.8918543
256678	11083	1.5709678	1.3054669
256678	11084	3.158155	-0.07139206
256678	11085	1.6709393	-0.29079628
256678	11086	0.65534973	2.876369
256678	11087	0.737481	3.2599788
256678	11088	0.65326095	3.5575712
256678	11089	0.19384027	4.06025
256678	11090	0.6011269	3.742514
256678	11091	0.37139678	3.9537933
256678	11092	0.94874513	3.363237
256678	11093	0.26380187	4.057847
256678	11094	1.4050916	3.578575
256678	11095	1.3303277	3.463969
256678	11096	2.8586655	2.1559424
256678	11097	3.1095796	2.270296
256678	11098	3.0609007	2.3809743
256678	11099	2.522735	1.217823
256678	11100	4.7753577	-0.061552495
256678	11101	3.4328566	0.058710426
256678	11102	3.257749	1.3273324
256678	11103	3.7090478	1.128386
256678	11104	3.0485754	0.13211772
256678	11105	1.8128856	0.29069576
256678	11106	0.93573177	0.7387464
256678	11107	1.1043051	1.7089167
256678	11108	2.617085	1.3421267
256678	11109	1.7553109	0.6625172
256678	11110	2.4526649	0.67981744
256678	11111	2.6743522	2.2473927
256678	11112	2.9746518	-0.19219965
256678	11113	4.4527454	-0.5796059
256678	11114	2.1755776	-0.0024894476
256678	11115	1.4267722	0.8165356
256678	11116	1.4042175	1.8194127
256678	11117	3.3185835	1.4651567
256678	11118	2.4190207	0.09982231
256678	11119	2.2747216	0.31299475
256678	11120	1.0787706	0.80676734
256678	11121	1.4659196	1.7121263
256678	11122	3.1707678	1.4162036
256678	11123	0.94494796	1.6861475
256678	11124	3.2668219	1.1799448
256678	11125	2.2219796	0.45248768
256678	11126	2.4880376	0.6213635
256678	11127	1.1509175	0.583318
256678	11128	1.199497	1.9534402
256678	11129	3.4287963	1.4310062
256678	11130	1.6324948	1.0675849
256678	11131	2.1508932	1.3807958
256678	11132	0.95959616	0.98520756
256678	11133	0.28961885	1.485843
256678	11134	1.1577303	2.0253215
256678	11135	3.3071175	1.3696295
256678	11136	2.7698436	0.5095742
256678	11137	0.56861675	1.449119
256678	11138	1.1821845	1.7015655
256678	11139	3.2021365	1.499256
256678	11140	1.3495024	1.4552598
256678	11141	2.603066	2.93517
256678	11142	1.1596223	2.1308348
256678	11143	1.8068601	1.6401618
256678	11144	0.8630099	1.5511649
256678	11145	2.9171848	1.3303615
256678	11146	0.5604391	1.9802547
256678	11147	2.5502553	1.6172929
256678	11148	0.4407302	2.1977937
256678	11149	1.452206	1.043105
256678	11150	3.5518484	0.985621
256678	11151	3.0189695	1.814472
256678	11152	1.4787419	3.1692684
256678	11153	1.1718566	4.0899014
256678	11154	1.2286636	4.0032825
256678	11155	1.6687182	3.6877196
256678	11156	1.1750474	4.112316
256678	11157	0.91636944	4.1912646
256678	11158	0.65649486	4.57355
256678	11159	-0.09771106	3.780753
256678	11160	0.9672345	3.9076092
256678	11161	1.8810543	3.462971
256678	11162	1.4889644	2.7829263
256678	11163	0.5155816	2.6227775
256678	11164	0.6801115	2.6288743
256678	11165	-0.033026725	3.1794043
256678	11166	1.0987728	3.7464564
256678	11167	0.5443802	3.6700966
256678	11168	0.5274085	3.8088295
256678	11169	0.47467738	4.0585513
256678	11170	0.67016697	4.1736426
256678	11171	-0.10806659	4.505327
256678	11172	-0.23090133	4.717897
256678	11173	-0.059267282	4.474598
256678	11174	-0.6678263	4.8045278
256678	11175	-0.7383033	5.0770874
256678	11176	-0.5792681	4.8954377
256678	11177	-0.910768	5.0838337
256678	11178	-0.7460837	4.998179
256678	11179	-0.64169085	4.908212
256678	11180	-0.8760544	5.023418
256678	11181	-0.9091711	5.327484
256678	11182	-0.79798687	5.143942
256678	11183	-1.0045468	5.071098
256678	11184	-0.8234724	4.9876394
256678	11185	-1.074117	5.236158
256678	11186	-0.79883635	5.0824246
256678	11187	-0.47333673	4.831909
256678	11188	-0.9396877	5.113593
256678	11189	-1.0678641	5.3506117
256678	11190	-0.7042716	3.3045874
256678	11191	-0.8836106	2.0902572
256678	11192	-0.7408776	3.7081487
256678	11193	-0.42292452	3.2572439
256678	11194	-0.4492341	3.027312
256678	11195	-0.54230595	3.8762558
256678	11196	0.45556885	2.938421
256678	11197	0.16417044	3.0268285
256678	11198	0.9856502	2.9984856
256678	11199	0.72139466	1.6784339
256678	11200	0.89092875	1.8206611
256678	11201	1.6937128	2.0506477
256678	11202	1.2789733	2.321088
256678	11203	1.0675542	1.4406486
256678	11204	1.978516	1.8179059
256678	11205	0.16493338	2.4557922
256678	11206	0.35750097	1.8535242
256678	11207	0.4753241	2.1117384
256678	11208	0.52758276	2.703785
256678	11209	0.9089948	0.4760048
256678	11210	1.4157974	1.4101024
256678	11211	0.85809135	1.6365302
256678	11212	0.6105852	2.0610907
256678	11213	2.7386627	-0.119417876
256678	11214	1.340865	0.40685752
256678	11215	1.3897793	0.67186546
256678	11216	1.3724073	1.6424949
256678	11217	0.8840598	1.8633378
256678	11218	0.9016007	1.8918221
256678	11219	2.3568664	1.514596
256678	11220	2.1839805	1.6525388
256678	11221	1.7405697	2.4871497
256678	11222	1.5185834	2.5971775
256678	11223	-0.033388436	3.4530802
256678	11224	1.2914567	3.8132555
256678	11225	0.99893415	3.5285416
256678	11226	2.2108274	3.6008708
256678	11227	2.0672278	3.5511005
256678	11228	2.4347334	3.5253034
256678	11229	2.2844262	3.650904
256678	11230	2.3894258	3.4970055
256678	11231	1.8335661	4.114062
256678	11232	1.7966317	4.1548877
256678	11233	3.2845917	3.0180514
256678	11234	2.37672	3.761762
256678	11235	2.4721656	3.2682095
256678	11236	2.9268155	3.1007514
256678	11237	2.7210937	3.182907
256678	11238	4.44214	1.6088762
256678	11239	5.2107935	0.98765016
256678	11240	3.1747928	-1.1650143
256678	11241	3.3584661	-0.71644735
256678	11242	0.31973183	0.098421544
256678	11243	0.13360494	0.6919979
256678	11244	0.34090132	0.3930337
256678	11245	0.4641809	1.2554963
256678	11246	0.61372423	0.60406923
256678	11247	0.93526495	1.2928231
256678	11248	3.2301154	1.2706615
256678	11249	2.8890905	0.03523773
256678	11250	2.5449748	-0.34122354
256678	11251	0.14608067	0.27986422
256678	11252	2.3052077	0.41089126
256678	11253	-0.32436332	1.4423536
256678	11254	0.47687787	1.2142814
256678	11255	-0.25980288	0.83719826
256678	11256	0.646119	1.0951619
256678	11257	0.85550404	0.60840154
256678	11258	1.5248419	0.72542906
256678	11259	1.5601434	1.7354174
256678	11260	1.4887868	0.28265694
256678	11261	2.237977	-0.31088877
256678	11262	1.6802131	0.5391946
256678	11263	1.3908157	0.82761455
256678	11264	1.4341063	0.8602418
256678	11265	-0.28327626	1.5106473
256678	11266	-0.3077995	1.2396903
256678	11267	-0.31754014	1.7977927
256678	11268	-0.05241084	1.2625518
256678	11269	-0.039297163	2.4008682
256678	11270	0.102886856	1.8450418
256678	11271	0.49648476	1.3159442
256678	11272	0.29541135	0.6717334
256678	11273	2.246738	0.81467247
256678	11274	-0.2679212	1.2208837
256678	11275	1.5743557	0.6990278
256678	11276	-0.4960491	1.1417019
256678	11277	1.3791959	1.2106305
256678	11278	1.1144141	1.9241979
256678	11279	1.3606602	1.4671295
256678	11280	1.14463	1.7980473
256678	11281	0.97959507	0.22276202
256678	11282	1.3796296	-0.12552324
256678	11283	1.7931746	0.056745738
256678	11284	1.8217257	1.0919106
256678	11285	1.0674105	2.235989
256678	11286	1.2500767	0.4330934
256678	11287	0.8708998	-0.062568456
256678	11288	1.3194721	0.5878526
256678	11289	-0.076194584	1.3249962
256678	11290	1.4218608	1.365714
256678	11291	0.9772494	2.3733256
256678	11292	1.25379	0.39656428
256678	11293	1.1868391	0.078296036
256678	11294	1.9218558	-0.5533884
256678	11295	2.195363	0.12218782
256678	11296	2.1410446	0.20062062
256678	11297	2.2570605	1.1172369
256678	11298	2.0000606	-0.05545312
256678	11299	1.8735534	-0.53348243
256678	11300	1.9260327	-0.2724073
256678	11301	2.3560834	0.61999166
256678	11302	2.2436342	1.7430146
256678	11303	2.2601104	1.5178442
256678	11304	2.5747051	2.4499006
256678	11305	3.2464395	0.15584001
256678	11306	0.047718883	1.6421783
256678	11307	0.6938772	1.3800173
256678	11308	0.53720415	1.5332531
256678	11309	1.1376024	1.6927369
256678	11310	0.8093581	1.8852179
256678	11311	0.428361	1.8300312
256678	11312	0.5187727	1.5681856
256678	11313	0.61528707	1.4496773
256678	11314	2.5957303	1.7635133
256678	11315	2.3395195	1.7333255
256678	11316	1.8456441	2.056755
256678	11317	1.7032284	2.324391
256678	11318	0.66426325	1.8320944
256678	11319	-0.21245298	2.217243
256678	11320	1.39778	2.2848234
256678	11321	0.198264	3.0933197
256678	11322	0.8599981	3.0322402
256678	11323	2.074985	1.8573897
256678	11324	2.9207678	1.3349069
256678	11325	3.5160732	0.8463222
256678	11326	4.468859	0.20909086
256678	11327	4.374473	1.3710779
256678	11328	0.76417303	1.3406749
256678	11329	-0.046452045	1.6832662
256678	11330	-0.29844356	2.1306438
256678	11331	0.16801828	1.3836617
256678	11332	-0.31211227	2.023131
256678	11333	0.1107353	2.6551058
256678	11334	-0.08168909	1.3638601
256678	11335	1.9713393	1.4781471
256678	11336	2.2751355	2.7935538
256678	11337	1.6781913	1.6350958
256678	11338	-0.109295994	2.8612525
256678	11339	-0.48267487	3.1119385
256678	11340	1.1120095	2.7453907
256678	11341	1.4553713	2.2909904
256678	11342	0.50717545	2.1364992
256678	11343	0.009225905	2.1667554
256678	11344	0.6359464	1.8082333
256678	11345	1.2176827	1.9553812
256678	11346	3.2107387	2.0008662
256678	11347	1.7940243	1.5993757
256678	11348	0.4818251	2.3248682
256678	11349	0.17834628	2.2901292
256678	11350	0.34974587	2.0862744
256678	11351	1.0243334	2.3101697
256678	11352	3.2690015	1.941263
256678	11353	1.826847	1.6898057
256678	11354	0.05221945	2.4901545
256678	11355	-0.28496373	2.6032453
256678	11356	0.70110714	2.4410536
256678	11357	0.42858833	1.8375413
256678	11358	-0.15698984	2.190405
256678	11359	0.8788978	2.251502
256678	11360	0.940295	1.4559753
256678	11361	0.27444905	1.8030021
256678	11362	0.826108	1.2629213
256678	11363	1.660926	-0.10286972
256678	11364	2.1158185	0.4384015
256678	11365	2.042872	0.4225655
256678	11366	2.964736	1.3575959
256678	11367	1.0698241	0.83066547
256678	11368	0.3435638	1.9947741
256678	11369	1.5697969	1.337967
256678	11370	1.5603949	1.1793942
256678	11371	1.7112747	1.1703405
256678	11372	3.3828545	-0.30459392
256678	11373	3.5814295	-0.29129568
256678	11374	3.4365401	0.6899997
256678	11375	2.2816935	1.5785925
256678	11376	1.6410946	0.6086651
256678	11377	1.6056236	1.3460565
256678	11378	1.1491605	0.8769679
256678	11379	1.5370606	1.8706391
256678	11380	1.5303956	0.4077836
256678	11381	1.5583128	1.7631447
256678	11382	1.6848856	1.4304606
256678	11383	1.5325578	1.5918186
256678	11384	1.6336249	1.4625857
256678	11385	1.437601	1.7413175
256678	11386	1.308443	2.0549304
256678	11387	3.0828738	0.012747139
256678	11388	3.3247824	0.33482924
256678	11389	2.283588	1.1817728
256678	11390	3.059042	0.2557825
256678	11391	2.1463203	1.1894308
256678	11392	3.190042	0.10710803
256678	11393	2.1662564	1.1896662
256678	11394	1.8563024	1.380142
256678	11395	1.976816	1.2470387
256678	11396	3.2974558	-0.1498115
256678	11397	2.0507193	1.0940186
256678	11398	1.8735875	1.2481154
256678	11399	3.1941934	-0.18894514
256678	11400	2.094514	0.9405025
256678	11401	1.1977217	1.6178677
256678	11402	1.8371462	1.0237122
256678	11403	2.2860098	1.9498708
256678	11404	2.482328	0.28485927
256678	11405	3.9446373	-0.49731827
256678	11406	3.861269	-0.18281251
256678	11407	3.445088	1.052697
256678	11408	3.815034	0.48360452
256678	11409	3.2771654	0.9484618
256678	11410	2.582852	1.4561464
256678	11411	4.8711905	-0.7979196
256678	11412	5.358604	-0.12750742
256678	11413	5.2904124	-0.29058355
256678	11414	5.082173	0.73112357
256678	11415	4.9080524	-0.44172096
256678	11416	4.8806477	-0.90618765
256678	11417	5.313668	-0.9308485
256678	11418	5.093237	-0.974362
256678	11419	2.8161135	-1.5098869
256678	11420	2.9380856	-1.1527871
256678	11421	3.548967	-0.80744517
256678	11422	3.9654489	-1.064646
256678	11423	3.7915754	-1.0393989
256678	11424	3.9964924	-0.44915324
256678	11425	3.5247335	0.043683678
256678	11426	2.2964678	0.78991807
256678	11427	2.0421667	1.9624071
256678	11428	2.4202785	0.27206287
256678	11429	1.9783133	0.38479248
256678	11430	2.6162548	-0.09754455
256678	11431	2.6229496	0.70485723
256678	11432	2.744475	1.4929129
256678	11433	3.0552077	-0.13644302
256678	11434	2.3722687	-0.22703047
256678	11435	2.8494816	-0.2506249
256678	11436	3.0723877	-0.31387848
256678	11437	2.258285	0.3340663
256678	11438	2.72305	-0.23650137
256678	11439	1.683909	0.71323895
256678	11440	2.279192	-0.046004385
256678	11441	1.4706947	0.868093
256678	11442	1.0870466	1.1982875
256678	11443	1.3008518	1.1041794
256678	11444	2.0395246	1.4010092
256678	11445	2.3041563	1.8991706
256678	11446	3.7115545	0.50495434
256678	11447	3.7501783	0.44671932
256678	11448	3.354527	0.88235354
256678	11449	3.1851268	0.88939893
256678	11450	3.179461	0.8770225
256678	11451	2.9598656	1.1354681
256678	11452	3.0368862	1.039164
256678	11453	3.6884542	0.28426763
256678	11454	3.6569877	1.5302025
256678	11455	3.9610953	0.91152394
256678	11456	3.596877	0.18193987
256678	11457	4.002594	1.1274683
256678	11458	3.7532825	1.1576399
256678	11459	3.8333955	0.1367974
256678	11460	3.929646	1.4175037
256678	11461	4.249419	1.6760912
256678	11462	4.4829354	0.27120903
256678	11463	4.474673	1.869348
256678	11464	4.09327	0.43275818
256678	11465	4.564655	1.1300802
256678	11466	3.6502504	1.4957113
256678	11467	3.0401258	2.3193648
256678	11468	3.142458	2.287161
256678	11469	3.2508469	1.3707756
256678	11470	3.4318223	2.3944006
256678	11471	4.398079	1.6862245
256678	11472	3.7787666	1.3689557
256678	11473	2.7610931	2.62228
256678	11474	2.2621136	2.1980176
256678	11475	2.882996	2.9687746
256678	11476	4.167886	1.9667444
256678	11477	3.5209599	1.6811495
256678	11478	3.0920215	2.1101668
256678	11479	2.857222	1.5431612
256678	11480	2.6968322	2.4878592
256678	11481	3.3438015	2.4004698
256678	11482	3.3975635	1.598206
256678	11483	3.4427333	1.6368065
256678	11484	3.011354	1.383724
256678	11485	2.8444424	2.4775834
256678	11486	3.7749028	2.5342493
256678	11487	3.8450642	1.0346239
256678	11488	2.9034376	1.4901063
256678	11489	2.7894015	1.5146972
256678	11490	3.024838	2.6171265
256678	11491	4.1382327	2.013793
256678	11492	3.6576252	1.3373835
256678	11493	2.8659744	1.46834
256678	11494	2.8734183	2.7233992
256678	11495	4.2477827	1.7873406
256678	11496	3.862465	1.1509453
256678	11497	2.8544087	1.9900713
256678	11498	2.4111757	1.364668
256678	11499	3.2231622	2.774226
256678	11500	3.0289493	2.3583858
256678	11501	2.9680352	2.5598845
256678	11502	3.345656	2.410384
256678	11503	1.8944196	3.818052
256678	11504	1.9209546	4.01593
256678	11505	1.4154406	4.381557
256678	11506	1.6324669	4.302366
256678	11507	2.4950066	3.6135347
256678	11508	2.5807533	3.6542351
256678	11509	1.0512211	4.575191
256678	11510	0.8824202	4.7560987
256678	11511	0.55625176	4.6646366
256678	11512	0.5065392	2.7099366
256678	11513	1.0794165	2.4704428
256678	11514	0.9263078	2.8740878
256678	11515	0.7692585	3.0125916
256678	11516	0.7019663	2.953931
256678	11517	0.60919154	4.1964884
256678	11518	1.090509	3.338296
256678	11519	2.9147491	3.2192938
256678	11520	2.5842204	3.4173791
256678	11521	1.4614851	3.7436788
256678	11522	2.5239344	3.4142175
256678	11523	1.6669959	3.893944
256678	11524	2.6294842	3.3973699
256678	11525	2.9114294	3.2657316
256678	11526	2.3172169	3.4648967
256678	11527	2.7043295	3.159852
256678	11528	2.6962733	3.1934516
256678	11529	2.4355826	3.4689493
256678	11530	1.590521	4.119832
256678	11531	1.5049735	4.2182393
256678	11532	2.271995	3.2479312
256678	11533	2.2574496	3.336859
256678	11534	1.99396	3.736564
256678	11535	1.2460839	4.2702794
256678	11536	1.1374825	4.3601246
256678	11537	0.7629076	4.5556355
256678	11538	0.14793688	3.1900847
256678	11539	1.0035055	2.752209
256678	11540	0.72512543	3.7935998
256678	11541	-0.08857408	4.92554
256678	11542	-0.10860807	5.304653
256678	11543	-0.14091602	5.677039
256678	11544	0.0037119389	5.5393696
256678	11545	0.07705188	5.4183316
256678	11546	0.844738	4.8576775
256678	11547	0.89516735	4.840917
256678	11548	0.9352293	4.735771
256678	11549	0.9547286	4.8314652
256678	11550	0.9417646	4.9229255
256678	11551	1.8855051	4.373029
256678	11552	1.676313	3.107654
256678	11553	1.1166246	3.9420006
256678	11554	1.0711559	4.1943207
256678	11555	1.8920017	4.152135
256678	11556	1.8873905	4.284067
256678	11557	1.9205168	4.346083
256678	11558	1.9244374	4.253683
256678	11559	2.5228004	4.297784
256678	11560	2.578374	4.4127603
256678	11561	1.7266728	4.9235706
256678	11562	0.8087009	5.6175623
256678	11563	1.7949997	4.773206
256678	11564	0.5366088	4.603638
256678	11565	1.3164713	4.1433825
256678	11566	0.9726523	4.408921
256678	11567	1.3760284	4.4370146
256678	11568	1.6638333	4.3715954
256678	11569	2.2276034	3.9476006
256678	11570	2.2934856	3.9280016
256678	11571	2.1146188	4.2107854
256678	11572	1.5220088	4.5942035
256678	11573	1.4936644	4.4020257
256678	11574	0.4640172	5.499591
256678	11575	-1.1252947	5.702041
256678	11576	-0.8421998	5.42587
256678	11577	-0.5309472	4.5307484
256678	11578	-0.90241235	3.9284842
256678	11579	-0.67898315	4.1013584
256678	11580	-0.25050429	3.6087368
256678	11581	-0.49179095	3.6653774
256678	11582	-0.41352358	4.022113
256678	11583	-0.31595993	2.7791293
256678	11584	-0.55577004	3.366667
256678	11585	-0.6689926	4.1852217
256678	11586	-0.21987575	3.7329466
256678	11587	-0.12790293	3.3203354
256678	11588	0.16594559	3.877485
256678	11589	-0.09200257	4.114269
256678	11590	-0.276334	4.344273
256678	11591	0.32223624	3.3342237
256678	11592	0.66519463	2.5468507
256678	11593	1.0680821	2.1384177
256678	11594	0.8030181	2.74992
256678	11595	0.06984705	3.5713346
256678	11596	0.64729655	4.2308292
256678	11597	0.68499005	3.7166417
256678	11598	1.2941713	4.05391
256678	11599	0.80058587	3.4302642
256678	11600	1.0110389	3.0994756
256678	11601	0.9232342	3.4251013
256678	11602	0.9329268	2.4644287
256678	11603	0.8737476	2.382185
256678	11604	1.9948374	2.4859512
256678	11605	1.0605322	3.0963733
256678	11606	0.8459594	0.25667164
256678	11607	0.52649987	-0.71501714
256678	11608	-0.5639733	-1.6350484
256678	11609	-1.2573318	-2.4803796
256678	11610	-1.3892877	-1.3615336
256678	11611	-1.0261357	-0.1607708
256678	11612	-1.0414563	-0.20194346
256678	11613	-0.989823	-0.022457153
256678	11614	-1.0078212	0.51364017
256678	11615	-1.1896516	0.71931314
256678	11616	-1.0408065	0.8368002
256678	11617	-1.0177412	0.7528521
256678	11618	-1.057982	0.7207744
256678	11619	-1.17521	1.2064266
256678	11620	-1.1761601	1.438749
256678	11621	-1.085912	1.2983887
256678	11622	-0.97062933	1.2810167
256678	11623	-1.1817895	1.559736
256678	11624	-1.2094885	1.6230989
256678	11625	-1.0127099	1.7660859
256678	11626	-0.53494287	1.5032696
256678	11627	0.29769838	2.7482936
256678	11628	0.98372126	2.60344
256678	11629	0.339602	1.8924017
256678	11630	0.39832383	1.5997903
256678	11631	-0.41155905	2.0748138
256678	11632	-0.29089117	1.8882315
256678	11633	-0.39979643	2.9731028
256678	11634	-0.22676113	2.6059601
256678	11635	-0.08089423	2.462535
256678	11636	-0.14330408	2.4664857
256678	11637	0.23376757	2.5697646
256678	11638	0.6943294	3.0412984
256678	11639	1.8603059	1.3547058
256678	11640	0.684199	1.5337616
256678	11641	2.0342197	2.1688094
256678	11642	1.1508647	0.98157704
256678	11643	0.99328494	1.9598055
256678	11644	0.5963757	2.7480314
256678	11645	1.0846709	2.2031064
256678	11646	1.5668582	1.0144862
256678	11647	1.5881366	1.0589943
256678	11648	0.5490031	1.2470661
256678	11649	-0.04422483	1.3375415
256678	11650	0.3445493	1.9027843
256678	11651	0.29608035	1.6290205
256678	11652	2.200468	1.4482726
256678	11653	2.9295301	2.1879532
256678	11654	2.7438068	2.2013211
256678	11655	2.4283972	2.4584918
256678	11656	3.1203947	2.401893
256678	11657	3.0286932	2.1741676
256678	11658	2.6238723	2.647751
256678	11659	3.6123629	0.70375884
256678	11660	4.9968266	-0.43673953
256678	11661	4.607085	-0.32269633
256678	11662	4.613838	-0.3704341
256678	11663	5.0395136	0.33329377
256678	11664	4.9250236	0.64071643
256678	11665	5.206151	0.29284045
256678	11666	4.531146	0.57129407
256678	11667	4.626619	0.6744145
256678	11668	4.074276	1.1894817
256678	11669	4.167913	0.5164757
256678	11670	4.6010284	-0.038645804
256678	11671	5.8685737	-1.6436944
256678	11672	3.5818214	-2.3055282
256678	11673	4.465032	-2.1300852
256678	11674	5.384368	-2.552805
256678	11675	0.73548603	-1.2190254
256678	11676	0.4871158	-0.59683865
256678	11677	0.45150995	-0.62593395
256678	11678	0.47597307	-0.16601172
256678	11679	0.49375463	0.6674615
256678	11680	0.36249095	0.42239997
256678	11681	2.9079041	0.083910614
256678	11682	0.024469078	0.8122674
256678	11683	1.6564776	1.1088083
256678	11684	-0.99139327	0.9253652
256678	11685	-0.82136136	0.5411538
256678	11686	-0.89278483	1.0234213
256678	11687	-0.19908306	0.20636365
256678	11688	-0.2991365	0.22565523
256678	11689	-0.29114336	0.88995206
256678	11690	-0.2908426	1.0063621
256678	11691	-0.41832468	1.0878559
256678	11692	1.9837955	0.7832346
256678	11693	-0.61949456	2.2692306
256678	11694	-0.8133636	2.1940706
256678	11695	1.427886	1.0662644
256678	11696	-0.60358983	1.5618231
256678	11697	-0.39599845	1.4527131
256678	11698	0.95502293	1.1742626
256678	11699	-0.3642832	1.0276812
256678	11700	1.3283284	0.69992983
256678	11701	0.24373835	1.7129173
256678	11702	0.893767	0.6899308
256678	11703	0.82440865	1.6248035
256678	11704	0.07828349	2.701568
256678	11705	0.470349	2.9781625
256678	11706	0.72865677	2.0365496
256678	11707	0.95876896	1.7211306
256678	11708	1.2984625	0.66268396
256678	11709	0.4426713	0.8629409
256678	11710	-0.17705557	1.0431777
256678	11711	-0.21438062	2.0550098
256678	11712	0.070852935	1.5861707
256678	11713	-0.080037326	1.5774345
256678	11714	0.36644244	1.9894457
256678	11715	2.2778606	1.1102095
256678	11716	2.5484195	0.7024032
256678	11717	2.4447012	0.8915256
256678	11718	0.028288543	1.4729987
256678	11719	2.198399	1.5335616
256678	11720	-0.6098902	2.1735036
256678	11721	1.5509135	1.9005055
256678	11722	-0.79313195	2.5125837
256678	11723	-0.82828766	2.485724
256678	11724	1.0377444	1.7494962
256678	11725	1.077345	1.6014776
256678	11726	1.3287188	1.356513
256678	11727	-0.29763633	1.5795774
256678	11728	-0.7547484	1.7021284
256678	11729	-0.44488138	2.35868
256678	11730	-0.27484167	1.9546278
256678	11731	-0.1464858	2.6196778
256678	11732	2.629407	1.6482549
256678	11733	1.9188024	0.7860638
256678	11734	2.0480075	0.79608357
256678	11735	1.997712	1.286986
256678	11736	2.1325035	1.0106707
256678	11737	1.8648192	1.4781286
256678	11738	1.2612683	1.189126
256678	11739	1.6425487	2.362252
256678	11740	1.7024003	1.7205074
256678	11741	2.194106	1.2043265
256678	11742	0.2176798	1.750195
256678	11743	-0.051909357	2.0104606
256678	11744	2.4442883	1.6081638
256678	11745	1.7962044	2.4203224
256678	11746	2.005794	2.077713
256678	11747	1.6071502	1.1586932
256678	11748	1.4434998	1.6163647
256678	11749	1.4751672	1.7562034
256678	11750	1.2223239	1.8754003
256678	11751	1.8574566	2.7754414
256678	11752	-0.13389575	2.4906645
256678	11753	-0.31818214	2.3558326
256678	11754	2.444933	1.4188236
256678	11755	0.2565127	2.597089
256678	11756	-0.6178522	2.540083
256678	11757	2.254056	1.5045419
256678	11758	2.273736	2.1920013
256678	11759	2.5662246	1.901773
256678	11760	1.6523381	1.4395993
256678	11761	0.14688778	2.0591865
256678	11762	2.9502378	1.573329
256678	11763	-0.2786473	2.3284054
256678	11764	-0.29914397	2.0346656
256678	11765	-0.07306397	1.9768496
256678	11766	0.63654447	2.0783207
256678	11767	0.6406355	2.6923118
256678	11768	3.322608	2.1147864
256678	11769	2.649384	0.7199725
256678	11770	2.1495175	2.4249115
256678	11771	2.0812683	1.7427235
256678	11772	0.73406243	1.9805448
256678	11773	0.2328844	2.2164383
256678	11774	2.718915	1.936404
256678	11775	2.4786124	2.079076
256678	11776	2.2381797	2.3789914
256678	11777	2.3143501	2.8165078
256678	11778	1.4311696	2.4758697
256678	11779	0.45360065	2.5752754
256678	11780	0.08474815	2.5539892
256678	11781	2.172318	2.0926638
256678	11782	0.74695325	3.1758914
256678	11783	2.3744302	2.515727
256678	11784	1.3349878	1.3585461
256678	11785	0.891253	1.347614
256678	11786	1.1685061	2.2736537
256678	11787	1.8413688	1.0472312
256678	11788	3.2345176	1.3388644
256678	11789	2.440956	1.7416947
256678	11790	2.0776439	2.6006715
256678	11791	1.8387862	1.8762646
256678	11792	2.0876532	1.8105402
256678	11793	0.6198306	1.8710859
256678	11794	0.19415176	1.5784881
256678	11795	1.7183353	1.5433345
256678	11796	0.89301383	2.549421
256678	11797	1.8396438	3.2095234
256678	11798	1.4812065	3.3803618
256678	11799	1.9305059	3.278853
256678	11800	1.5239557	2.3069913
256678	11801	0.436112	2.4277253
256678	11802	0.07235962	2.3338857
256678	11803	2.2724695	2.152759
256678	11804	1.8519882	2.3722644
256678	11805	2.4821148	1.5595324
256678	11806	1.0079939	2.1388555
256678	11807	0.69734144	1.9639118
256678	11808	0.0012977719	2.1123307
256678	11809	2.1323433	2.1984766
256678	11810	1.4053702	1.877316
256678	11811	0.7242975	1.860708
256678	11812	-0.024265468	2.1435003
256678	11813	0.13974601	2.0997283
256678	11814	2.655664	1.8998711
256678	11815	1.236313	2.8805704
256678	11816	0.8145789	2.5394087
256678	11817	-0.45160306	2.854749
256678	11818	1.4934369	2.470726
256678	11819	1.219184	2.7787752
256678	11820	1.471932	3.0500727
256678	11821	2.8538709	1.7318387
256678	11822	0.35421687	2.0794263
256678	11823	-0.10732874	2.400465
256678	11824	2.737502	2.0111334
256678	11825	2.3868384	2.468611
256678	11826	2.4533105	2.9503684
256678	11827	1.1810368	3.082767
256678	11828	0.40585715	3.1211019
256678	11829	-0.54367656	3.190838
256678	11830	1.2287209	3.084364
256678	11831	1.1777494	3.0111265
256678	11832	2.064035	2.258887
256678	11833	0.58092153	2.341981
256678	11834	-0.43337277	3.139727
256678	11835	1.7546946	3.0668077
256678	11836	1.1720208	3.2629292
256678	11837	1.3346297	3.3148222
256678	11838	2.124082	2.35085
256678	11839	-0.15746206	2.8523192
256678	11840	-0.6315239	3.2009897
256678	11841	1.6503197	2.9589214
256678	11842	1.4035425	2.576084
256678	11843	0.9505905	3.3565743
256678	11844	2.2044854	3.5982277
256678	11845	0.12470126	3.5264864
256678	11846	-1.0285692	3.4652076
256678	11847	1.1621709	2.5731742
256678	11848	0.92956233	2.7518256
256678	11849	0.860772	3.6944163
256678	11850	0.68391836	4.044687
256678	11851	0.49651957	4.1426544
256678	11852	0.66353536	4.1513424
256678	11853	0.27965194	4.4124784
256678	11854	0.5933187	4.1466703
256678	11855	0.26473784	4.6609645
256678	11856	0.61597776	3.9490879
256678	11857	-0.10000366	4.991403
256678	11858	0.67550266	4.3671975
256678	11859	1.6850618	3.6022336
256678	11860	1.543029	3.8963506
256678	11861	0.93165445	4.251571
256678	11862	0.41760576	4.5455275
256678	11863	3.0364146	2.5953178
256678	11864	4.0309024	1.9803138
256678	11865	3.962757	2.2619936
256678	11866	3.8641472	2.173258
256678	11867	3.524435	2.4779913
256678	11868	3.1236863	2.8433003
256678	11869	2.913414	2.951678
256678	11870	2.8709254	3.0478804
256678	11871	1.9503108	4.061744
256678	11872	2.2279115	3.7557228
256678	11873	1.7472183	4.11801
256678	11874	1.7434164	4.1280775
256678	11875	1.7071794	4.145336
256678	11876	0.64733946	4.675721
256678	11877	1.0616025	4.398984
256678	11878	0.7651248	4.5743585
256678	11879	1.0231196	4.2997007
256678	11880	0.78262806	4.5217676
256678	11881	0.54674554	4.506167
256678	11882	0.3421563	4.8965073
256678	11883	0.1843434	5.029818
256678	11884	-0.7804853	5.434
256678	11885	-0.5721071	5.367456
256678	11886	-0.29558015	4.261579
256678	11887	-0.27663144	4.066271
256678	11888	-0.23622206	4.019595
256678	11889	0.015907168	4.3014665
256678	11890	0.73023975	3.9027507
256678	11891	0.17053533	3.5902073
256678	11892	0.7001245	3.30385
256678	11893	2.1521893	3.5480006
256678	11894	2.6835346	3.4039555
256678	11895	2.7335792	3.6158044
256678	11896	1.1229793	4.4873157
256678	11897	1.2384615	4.43605
256678	11898	-0.44296992	4.029065
256678	11899	1.3316385	3.79405
256678	11900	1.3761106	3.6906517
256678	11901	1.4993585	3.927138
256678	11902	1.1519699	4.3197794
256678	11903	1.6023198	4.009722
256678	11904	0.48070323	4.845026
256678	11905	1.2035984	4.3760424
256678	11906	1.7232274	4.0494437
256678	11907	1.7228383	4.057074
256678	11908	1.807541	3.9751327
256678	11909	1.2231514	4.4570384
256678	11910	1.5049273	4.209869
256678	11911	1.8553947	4.031218
256678	11912	1.815359	4.041396
256678	11913	1.8691593	4.0515747
256678	11914	2.0053453	3.892617
256678	11915	1.3429385	4.416551
256678	11916	2.5737	3.6862671
256678	11917	2.7815804	3.6898973
256678	11918	3.3667026	3.2136197
256678	11919	3.885672	2.846533
256678	11920	4.0988407	2.4493215
256678	11921	4.101955	2.581543
256678	11922	4.289745	2.2527306
256678	11923	4.2454376	2.422868
256678	11924	4.6301293	1.6606696
256678	11925	4.8218455	1.5318743
256678	11926	4.7042966	1.6422668
256678	11927	4.629755	1.6031389
256678	11928	4.547582	1.6049523
256678	11929	4.6363626	1.5864644
256678	11930	4.6963096	1.4331368
256678	11931	4.623189	1.595253
256678	11932	4.6376615	1.4688812
256678	11933	4.6716475	1.3102425
256678	11934	4.7673054	1.2395507
256678	11935	4.7696433	1.0750753
256678	11936	4.595974	1.3279966
256678	11937	4.6170573	1.2933743
256678	11938	4.687993	1.183421
256678	11939	4.747399	1.1689538
256678	11940	5.0010386	0.6662166
256678	11941	5.1564035	0.24728319
256678	11942	1.2635773	0.39625427
256678	11943	1.6016344	0.9220089
256678	11944	1.4207062	0.9198607
256678	11945	2.3042712	1.0031711
256678	11946	2.550139	0.6528791
256678	11947	2.231948	1.9865646
256678	11948	1.288985	1.5949378
256678	11949	1.5567814	1.4784714
256678	11950	2.1061635	0.89055693
256678	11951	2.1017504	1.1344775
256678	11952	3.4449573	2.3354902
256678	11953	3.5873752	2.1112888
256678	11954	3.8726435	1.3412579
256678	11955	4.289841	1.1404076
256678	11956	4.690478	0.55156887
256678	11957	4.320694	0.7190925
256678	11958	4.2329636	0.9983411
256678	11959	4.0862484	0.030136883
256678	11960	3.748427	0.82776797
256678	11961	3.9556732	0.64097404
256678	11962	4.1160827	0.5428457
256678	11963	1.5270911	0.49118528
256678	11964	1.4864813	0.61784506
256678	11965	1.1589291	1.6201949
256678	11966	1.0580277	1.5796974
256678	11967	1.3438329	2.495355
256678	11968	3.160521	0.7592441
256678	11969	3.0903273	0.23723307
256678	11970	1.2755371	1.3095791
256678	11971	3.207292	1.6778846
256678	11972	3.3349237	1.4351603
256678	11973	1.1649555	1.62026
256678	11974	0.43784148	1.8382962
256678	11975	0.77876437	1.5620701
256678	11976	2.9232988	1.4931161
256678	11977	3.1152773	1.7650115
256678	11978	3.3998294	1.0486794
256678	11979	3.5152378	0.9833405
256678	11980	0.82093894	1.1372545
256678	11981	1.0166423	1.0913804
256678	11982	0.89142096	2.015146
256678	11983	3.4863462	1.5569241
256678	11984	3.837924	0.13272008
256678	11985	3.932352	0.64990914
256678	11986	4.1827984	0.45680127
256678	11987	1.6821991	0.7753122
256678	11988	1.0383404	0.8531599
256678	11989	1.2535833	0.7344781
256678	11990	1.2326889	1.581197
256678	11991	3.6776671	1.202687
256678	11992	3.9394221	-0.02614826
256678	11993	3.7918487	0.44700274
256678	11994	0.80252564	0.94448364
256678	11995	0.78684044	1.1153916
256678	11996	0.88125575	1.9380744
256678	11997	3.5066729	1.5340242
256678	11998	3.846088	0.2948406
256678	11999	0.84440744	0.8650571
256678	12000	0.9379165	0.95793855
256678	12001	0.8606131	1.8603921
256678	12002	3.5617223	1.3782302
256678	12003	3.9528308	0.060725898
256678	12004	3.9749098	0.34611073
256678	12005	1.0293653	0.78253984
256678	12006	1.1359837	0.72409403
256678	12007	1.0355601	1.5723891
256678	12008	0.8474798	1.5298686
256678	12009	0.7784301	1.6359215
256678	12010	3.1848903	1.7979534
256678	12011	3.3906875	1.7002892
256678	12012	3.7207975	0.756883
256678	12013	3.8540149	0.808488
256678	12014	2.989326	0.646659
256678	12015	2.5903268	1.1782794
256678	12016	0.4961388	1.6530488
256678	12017	1.121652	1.847091
256678	12018	3.6896348	1.1289755
256678	12019	3.6223307	0.59380865
256678	12020	3.0500398	1.0624654
256678	12021	3.4097528	0.9218006
256678	12022	0.52772224	1.4278799
256678	12023	0.5109309	1.6708021
256678	12024	0.9006634	1.9834952
256678	12025	3.40483	1.2006099
256678	12026	3.4031706	0.60495186
256678	12027	3.381122	0.8527142
256678	12028	2.9553418	1.5273774
256678	12029	1.2501595	1.3925501
256678	12030	1.4999007	1.5199842
256678	12031	0.4482423	1.8610911
256678	12032	3.407845	1.0346175
256678	12033	3.8212767	1.391955
256678	12034	4.408332	1.1984603
256678	12035	4.0847487	1.421655
256678	12036	4.286822	1.3539383
256678	12037	4.2931495	1.343899
256678	12038	4.109974	1.638746
256678	12039	4.157849	1.7144959
256678	12040	4.008305	1.8511529
256678	12041	4.010378	1.8070447
256678	12042	4.414256	1.6165011
256678	12043	4.0499797	1.9954805
256678	12044	4.272598	1.8193383
256678	12045	4.0453477	2.0869536
256678	12046	3.1117482	3.0695758
256678	12047	1.323871	4.0567784
256678	12048	0.71932566	4.568514
256678	12049	0.25289768	2.9332454
256678	12050	0.5627036	2.1187167
256678	12051	1.2347605	2.4501193
256678	12052	1.1415646	2.2915921
256678	12053	1.1404287	2.4645483
256678	12054	1.7425283	2.6290815
256678	12055	1.8966283	2.2933476
256678	12056	1.8135248	2.6194997
256678	12057	1.5555707	1.6507993
256678	12058	1.6446179	1.3395907
256678	12059	1.0894747	1.9842057
256678	12060	1.2452301	1.8831558
256678	12061	1.1123348	1.8990405
256678	12062	1.1947659	1.7501855
256678	12063	0.9100772	2.4989743
256678	12064	1.9874867	1.0299748
256678	12065	2.111473	1.0180146
256678	12066	2.3515515	0.9614359
256678	12067	2.290463	1.3522547
256678	12068	2.62956	0.9268949
256678	12069	2.7289805	0.9911871
256678	12070	2.0656195	1.7692428
256678	12071	2.2633042	1.8677354
256678	12072	3.6114655	0.46672824
256678	12073	2.991654	2.43083
256678	12074	3.0442047	2.208023
256678	12075	2.0048342	2.6682253
256678	12076	2.0668964	2.9975321
256678	12077	0.45888817	5.008225
256678	12078	-0.11777133	5.5168347
256678	12079	0.375871	5.0797606
256678	12080	0.0086970925	4.6803875
256678	12081	1.4651637	4.265932
256678	12082	0.5862731	4.8589168
256678	12083	0.14346594	5.3807545
256678	12084	0.21031404	5.3791685
256678	12085	-0.2882214	4.674205
256678	12086	-0.11489171	4.6009746
256678	12087	0.2707634	4.7826667
256678	12088	0.022671044	3.178544
256678	12089	0.26587856	2.868855
256678	12090	0.36282468	3.5716655
256678	12091	0.39669538	3.7791216
256678	12092	0.6454817	3.3703148
256678	12093	0.6252208	4.178107
256678	12094	0.643958	4.093996
256678	12095	1.6768128	3.7424996
256678	12096	1.4804738	3.8128936
256678	12097	1.2184486	4.1467648
256678	12098	2.0249023	2.2886941
256678	12099	1.7279795	2.8287237
256678	12100	1.3284411	2.286471
256678	12101	2.427154	2.1177466
256678	12102	1.8177222	2.4631732
256678	12103	1.1079415	2.4120274
256678	12104	0.38022357	3.6007187
256678	12105	-0.19053411	5.1146135
256678	12106	0.59665275	4.7994905
256678	12107	0.4600008	3.6150482
256678	12108	0.94316506	2.6204238
256678	12109	0.96496487	3.7541292
256678	12110	2.3404994	3.4654546
256678	12111	2.3210754	3.2670712
256678	12112	2.6011615	3.8486578
256678	12113	3.3220663	3.3768182
256678	12114	3.6004105	3.2653599
256678	12115	3.251452	3.3697135
256678	12116	3.672089	2.8060231
256678	12117	4.567183	2.4910352
256678	12118	4.5546126	2.191047
256678	12119	5.569054	1.0900657
256678	12120	5.7981405	0.45773903
256678	12121	5.374114	1.0477549
256678	12122	5.245729	1.0817978
256678	12123	5.828356	0.05181548
256678	12124	5.960874	-0.12573114
256678	12125	5.237843	0.5477445
256678	12126	5.8658133	-0.1888211
256678	12127	5.3084135	0.50454235
256678	12128	5.4246902	0.28213373
256678	12129	5.587307	0.22045246
256678	12130	5.7746196	-0.06611103
256678	12131	5.6360073	-0.25958264
256678	12132	5.9229727	-0.93748116
256678	12133	6.3608365	-1.426917
256678	12134	6.1933894	-1.2253072
256678	12135	3.3546839	-1.569491
256678	12136	3.846861	-1.5064024
256678	12137	3.607997	-1.2815281
256678	12138	3.518373	-1.1695973
256678	12139	3.5364285	-1.1164625
256678	12140	3.5572548	-1.1404327
256678	12141	2.4022226	-1.1040056
256678	12142	2.7828875	-1.1971734
256678	12143	2.6576343	-0.36611217
256678	12144	2.4968486	-0.285529
256678	12145	2.5927234	0.6214634
256678	12146	2.3767543	0.5315105
256678	12147	2.2009912	0.7168752
256678	12148	3.6016598	0.38439062
256678	12149	3.237154	0.6290729
256678	12150	1.8761607	0.7602991
256678	12151	2.0184016	0.70041454
256678	12152	1.9436129	0.74098337
256678	12153	3.1285114	1.2954378
256678	12154	1.9701372	0.6072477
256678	12155	2.5131812	1.8081739
256678	12156	2.5515313	1.2023623
256678	12157	2.5775976	1.1620437
256678	12158	1.8194588	1.9339435
256678	12159	1.3690722	2.4115396
256678	12160	1.1460723	0.8798497
256678	12161	2.3198524	0.7438917
256678	12162	1.422985	0.493431
256678	12163	0.9359001	1.1276937
256678	12164	2.0182362	1.3272431
256678	12165	0.713562	1.329462
256678	12166	1.1835992	0.9252001
256678	12167	1.0820415	1.1401098
256678	12168	1.3590767	1.0597229
256678	12169	2.0715837	1.3133913
256678	12170	2.065516	2.502291
256678	12171	2.0282736	2.1361191
256678	12172	1.7080988	0.25582495
256678	12173	2.3265052	0.98641
256678	12174	2.0837574	2.3831792
256678	12175	1.9040571	2.1141062
256678	12176	1.8981501	2.0255308
256678	12177	1.6472493	0.39948484
256678	12178	2.3154163	-0.0034558773
256678	12179	2.927816	-0.29878378
256678	12180	1.5940808	0.8735641
256678	12181	2.688229	-0.33391714
256678	12182	2.6411004	-0.09031913
256678	12183	1.0771264	1.014397
256678	12184	0.32230288	1.8010466
256678	12185	0.06498951	2.046887
256678	12186	0.7647519	2.3756342
256678	12187	0.88266265	2.044293
256678	12188	0.2261579	1.5460482
256678	12189	0.17323887	1.4521143
256678	12190	-0.1469396	1.4858109
256678	12191	-0.06646374	1.7730587
256678	12192	0.73156035	1.4411601
256678	12193	-0.42895836	1.7950561
256678	12194	-0.70325446	1.6015999
256678	12195	0.017321825	1.4128928
256678	12196	0.7599112	1.2918677
256678	12197	0.82240796	1.246984
256678	12198	0.7398783	1.4750963
256678	12199	0.9516243	1.2274505
256678	12200	1.1327416	1.0809544
256678	12201	0.009714425	1.6690648
256678	12202	0.0055555105	2.0542681
256678	12203	1.3043784	0.20888254
256678	12204	0.10753578	0.5252875
256678	12205	0.35393	0.81995237
256678	12206	0.32246602	0.6779206
256678	12207	-0.044577092	1.8658628
256678	12208	-0.38050932	1.7994399
256678	12209	-0.13374391	1.3881553
256678	12210	1.8670024	1.0304905
256678	12211	1.6011916	1.283807
256678	12212	1.4311938	0.45861742
256678	12213	1.666963	0.5128523
256678	12214	1.0219032	0.40333512
256678	12215	0.25566268	0.71935153
256678	12216	0.5040072	0.4532077
256678	12217	2.2083702	0.43206093
256678	12218	2.064043	0.36152986
256678	12219	2.0852284	0.49500683
256678	12220	2.3630261	0.22878501
256678	12221	0.64424336	0.25657025
256678	12222	0.73913646	1.0247278
256678	12223	0.59839	0.9819343
256678	12224	2.2195907	1.1835843
256678	12225	1.6553298	0.6425744
256678	12226	1.9211415	0.6823616
256678	12227	2.0334444	0.72470427
256678	12228	1.1573944	0.6677394
256678	12229	0.4840753	0.8046472
256678	12230	0.6630497	1.4674181
256678	12231	2.3723521	1.2198973
256678	12232	1.6487705	0.5190375
256678	12233	1.7481481	1.1667674
256678	12234	1.2374091	1.7124174
256678	12235	1.6181604	1.4104198
256678	12236	3.0382233	0.057791084
256678	12237	3.6799455	-0.49307433
256678	12238	3.3657103	0.5820017
256678	12239	3.0428524	0.43380764
256678	12240	3.2443762	0.16927376
256678	12241	1.7734877	0.048688203
256678	12242	0.601416	0.17233989
256678	12243	0.7978116	0.989781
256678	12244	0.2248432	0.93103945
256678	12245	2.7106185	0.50375247
256678	12246	2.4499578	0.7888408
256678	12247	2.1736913	0.6791506
256678	12248	0.5134454	1.0218217
256678	12249	0.8054563	1.5056236
256678	12250	-0.21247563	1.8173549
256678	12251	0.11588204	1.3291754
256678	12252	1.7778832	0.9700357
256678	12253	1.8769232	0.6136813
256678	12254	1.554484	0.71281934
256678	12255	1.6444699	0.5567316
256678	12256	0.6839129	0.7867
256678	12257	-0.1906308	0.9839181
256678	12258	0.1431858	1.3642484
256678	12259	0.11856657	1.220442
256678	12260	1.9163803	0.96240485
256678	12261	1.9210602	1.0007826
256678	12262	1.498469	0.27719387
256678	12263	0.81105125	0.7123232
256678	12264	0.26410085	0.81181586
256678	12265	0.6331583	1.2726952
256678	12266	0.18777925	1.2050089
256678	12267	2.0574365	0.8913901
256678	12268	1.5787016	-0.31582582
256678	12269	1.9825565	0.23997524
256678	12270	0.78456104	0.7950506
256678	12271	0.25400233	0.8199891
256678	12272	0.08266413	0.603634
256678	12273	0.33403242	1.111226
256678	12274	2.3390822	0.6442249
256678	12275	1.656582	-0.41096318
256678	12276	2.0726528	-0.25583112
256678	12277	1.8227836	0.43858108
256678	12278	0.76128864	0.50328684
256678	12279	-0.21539122	0.8849999
256678	12280	0.17682987	1.2901844
256678	12281	2.205933	0.7288159
256678	12282	1.7121345	-0.44347775
256678	12283	1.9444338	0.035520583
256678	12284	1.7187575	0.53330255
256678	12285	1.9504207	1.834508
256678	12286	2.0976539	1.0805058
256678	12287	0.55570126	0.96689546
256678	12288	0.074433506	1.3154018
256678	12289	0.50482774	1.5107604
256678	12290	0.78921807	0.6444566
256678	12291	0.7101786	0.7176416
256678	12292	0.97994316	1.3997936
256678	12293	1.7716111	0.8982079
256678	12294	1.9539906	0.7358408
256678	12295	0.9739095	0.9621086
256678	12296	3.4673305	0.90844417
256678	12297	3.674986	0.42180362
256678	12298	3.6099524	0.4398854
256678	12299	3.0987506	1.1796056
256678	12300	2.2760806	0.3946809
256678	12301	2.6106958	0.38106456
256678	12302	2.536646	0.6108897
256678	12303	2.2698092	1.0021335
256678	12304	2.8793797	0.2296156
256678	12305	1.0518043	-0.07237449
256678	12306	0.025617957	0.49881104
256678	12307	0.45521057	1.1798172
256678	12308	0.48194623	1.6119523
256678	12309	3.703384	0.09640774
256678	12310	0.4214679	1.341362
256678	12311	0.18201208	1.1062058
256678	12312	3.2064486	0.06972191
256678	12313	0.6841812	1.171265
256678	12314	-0.029229999	1.5660598
256678	12315	2.9214978	0.39030758
256678	12316	1.4879233	0.3279946
256678	12317	1.7341684	0.34782317
256678	12318	2.5174332	0.10567042
256678	12319	2.3703032	0.094923705
256678	12320	1.6196619	-0.22975719
256678	12321	1.4046874	0.59352756
256678	12322	0.94985867	0.93368983
256678	12323	0.7010592	1.2386451
256678	12324	0.42747146	1.8637698
256678	12325	0.33638346	1.2176316
256678	12326	0.4873423	1.182006
256678	12327	1.0994828	0.42458782
256678	12328	0.9315604	1.5215695
256678	12329	0.9577429	1.2473127
256678	12330	2.0690422	1.7578692
256678	12331	2.1676254	1.0825458
256678	12332	2.4556012	0.9569577
256678	12333	0.43409222	1.4031892
256678	12334	1.9151407	1.5374784
256678	12335	-0.20136705	1.7913792
256678	12336	1.7678818	1.4681447
256678	12337	1.2835937	-0.043492436
256678	12338	1.5842682	0.3391523
256678	12339	0.7311382	0.46457472
256678	12340	0.15800434	0.83246076
256678	12341	0.23671156	0.82106435
256678	12342	1.7855254	0.47222206
256678	12343	1.6862518	0.34130475
256678	12344	1.7590243	0.5639492
256678	12345	0.13419873	0.574028
256678	12346	0.26458633	0.6435183
256678	12347	1.6700231	0.49566987
256678	12348	1.5365826	0.44494602
256678	12349	1.7249342	0.48381194
256678	12350	0.18585956	0.95771325
256678	12351	0.08854997	1.7297776
256678	12352	0.8876761	1.1636906
256678	12353	0.5316359	1.388416
256678	12354	1.7747916	1.8016033
256678	12355	1.4491913	1.6449308
256678	12356	1.594711	0.5902662
256678	12357	0.41821837	0.9868643
256678	12358	-0.072681725	1.3028026
256678	12359	1.9733073	0.7704787
256678	12360	1.6300076	0.48711106
256678	12361	1.2049896	1.0272484
256678	12362	0.13375908	1.2148055
256678	12363	-0.21889052	1.6504335
256678	12364	-0.010212958	1.2146099
256678	12365	1.6397878	0.76830614
256678	12366	1.6200107	1.1203996
256678	12367	1.3658799	1.4760919
256678	12368	2.5332685	0.2058964
256678	12369	1.9555229	1.659045
256678	12370	1.7070063	1.770597
256678	12371	0.21322268	1.0324435
256678	12372	-0.07407066	0.9800887
256678	12373	2.5460181	0.28425398
256678	12374	2.5119052	-0.54593915
256678	12375	2.875091	-0.62228954
256678	12376	2.0308661	0.97380126
256678	12377	1.6045998	1.1748785
256678	12378	1.6647266	1.3792514
256678	12379	0.90657103	1.016289
256678	12380	-0.16035837	1.2540581
256678	12381	-0.39349425	1.2042522
256678	12382	-0.24363166	1.0247282
256678	12383	-0.31228942	1.0511802
256678	12384	-0.01579833	0.9621068
256678	12385	0.014573634	1.6284215
256678	12386	2.4564757	1.0652945
256678	12387	2.1499147	0.83299696
256678	12388	1.5906497	0.63872766
256678	12389	1.1358624	0.65067184
256678	12390	0.56006634	0.2804325
256678	12391	-0.43753606	1.141826
256678	12392	-0.35402697	1.0285733
256678	12393	1.6306514	0.4359326
256678	12394	0.8889947	1.654777
256678	12395	0.00037795305	1.4122659
256678	12396	-0.41476816	1.3803225
256678	12397	-0.56779337	1.2450391
256678	12398	-0.44493353	1.0118024
256678	12399	1.4381804	0.4297423
256678	12400	1.0114707	1.2064278
256678	12401	0.51486564	1.9857914
256678	12402	0.43082762	2.1270626
256678	12403	0.7544776	1.868684
256678	12404	2.1142373	0.59776616
256678	12405	0.104384005	0.4910212
256678	12406	-0.13902113	0.5961515
256678	12407	-0.30349857	0.7126423
256678	12408	1.4390435	0.4640349
256678	12409	1.030201	1.0908906
256678	12410	1.806238	2.4482272
256678	12411	0.70693195	0.63117373
256678	12412	1.3438506	-0.18506062
256678	12413	0.1252721	0.63755
256678	12414	2.539178	0.22314402
256678	12415	2.6752138	0.49050596
256678	12416	2.600278	0.5918833
256678	12417	2.5351982	0.5904685
256678	12418	0.32885027	1.1957921
256678	12419	0.3565355	0.92605424
256678	12420	0.32052934	2.0180304
256678	12421	0.34153295	1.476704
256678	12422	0.9251729	2.2149467
256678	12423	2.166233	0.923983
256678	12424	3.2129483	2.0173743
256678	12425	0.14499807	1.9279845
256678	12426	1.9855088	2.3609192
256678	12427	2.1594133	2.2053976
256678	12428	0.5748695	2.3087568
256678	12429	0.105263114	2.032835
256678	12430	2.0188694	1.911392
256678	12431	0.36916858	1.4796834
256678	12432	0.07338518	1.5891428
256678	12433	2.4268517	0.51812315
256678	12434	2.2194529	-0.49415106
256678	12435	2.090541	-0.35156208
256678	12436	1.1667637	-0.084390074
256678	12437	0.6965996	0.077124685
256678	12438	0.3161831	-0.035623103
256678	12439	2.0282602	-0.2957728
256678	12440	1.2355031	0.7710557
256678	12441	0.63751364	0.1785734
256678	12442	0.17806906	0.101036996
256678	12443	0.15794122	1.0609688
256678	12444	0.06756139	1.0278374
256678	12445	2.0815701	0.91798484
256678	12446	1.7774135	1.6173217
256678	12447	1.6552669	0.6458235
256678	12448	2.789052	-0.14334738
256678	12449	3.5885282	0.42603466
256678	12450	2.1968474	1.6207867
256678	12451	2.3743143	1.6721272
256678	12452	1.5527726	2.2483544
256678	12453	0.62040687	2.1272998
256678	12454	1.4003757	0.25037852
256678	12455	1.3380679	1.8593733
256678	12456	1.2422746	1.911396
256678	12457	1.02645	1.8822551
256678	12458	1.1888789	1.9787431
256678	12459	1.4130229	1.885575
256678	12460	1.0753098	2.0025463
256678	12461	1.8927685	-0.20733187
256678	12462	2.2041955	0.7276492
256678	12463	2.0085592	0.7095932
256678	12464	0.7004038	1.9272974
256678	12465	0.3835994	2.5461347
256678	12466	1.1007923	0.7999532
256678	12467	1.4725758	0.5673336
256678	12468	1.4941226	1.810179
256678	12469	2.758556	0.25461206
256678	12470	3.5902133	-0.7810561
256678	12471	3.6138382	-0.6212657
256678	12472	3.8154268	-0.23707648
256678	12473	3.516827	-0.87168026
256678	12474	3.40949	-0.7930653
256678	12475	3.1294684	-0.5848827
256678	12476	1.8145074	0.28398624
256678	12477	1.5143579	0.43512663
256678	12478	1.4541506	0.47120115
256678	12479	2.6788282	-0.52958274
256678	12480	1.8509413	0.35782424
256678	12481	1.1730347	1.201215
256678	12482	0.91660273	0.55717075
256678	12483	1.1699295	1.1453929
256678	12484	1.4987406	0.81849086
256678	12485	3.289136	-0.7318835
256678	12486	3.4020119	-0.015373886
256678	12487	3.0917335	0.008839041
256678	12488	3.0249186	0.8062283
256678	12489	2.2469802	1.1628616
256678	12490	2.7239776	-0.3040143
256678	12491	2.9402404	-0.31529364
256678	12492	2.4447112	1.0874718
256678	12493	1.6458858	1.4756416
256678	12494	2.4972281	2.0207298
256678	12495	3.8553352	1.4717064
256678	12496	3.6031723	0.71638954
256678	12497	4.1245637	-0.580379
256678	12498	4.4754415	0.38086477
256678	12499	4.297533	-0.03609678
256678	12500	4.1529307	-0.1664213
256678	12501	4.302025	-0.12865523
256678	12502	4.434212	-0.35307175
256678	12503	4.9780073	-1.2130523
256678	12504	4.8881993	-1.1821193
256678	12505	3.370391	0.20617864
256678	12506	3.8625107	-0.1416032
256678	12507	4.3559494	-0.884072
256678	12508	3.801598	-0.14184651
256678	12509	3.966074	-0.18958911
256678	12510	4.0035644	-0.14118457
256678	12511	3.9905772	-0.027418375
256678	12512	3.8899093	-0.007595569
256678	12513	3.853331	0.074219555
256678	12514	3.9293876	-0.077350914
256678	12515	3.8283772	0.08515403
256678	12516	4.714713	-0.7931014
256678	12517	5.043842	-0.4724839
256678	12518	5.1600013	-1.4497564
256678	12519	5.185478	-1.4559551
256678	12520	5.019499	-1.269207
256678	12521	4.926279	-1.2098666
256678	12522	5.5048366	-1.9732201
256678	12523	1.3471347	-1.4342462
256678	12524	1.2369707	-1.1239957
256678	12525	0.6944572	-0.45598245
256678	12526	0.6878433	-0.19094068
256678	12527	0.5511701	-0.08014339
256678	12528	0.39458245	0.095749944
256678	12529	0.30419582	0.24427548
256678	12530	0.2585199	0.3300514
256678	12531	0.23604292	0.36010036
256678	12532	0.5951594	0.43303302
256678	12533	0.88748765	-0.0042007864
256678	12534	2.2569933	0.14230701
256678	12535	2.2709846	0.14096823
256678	12536	2.1966987	0.15044788
256678	12537	1.808309	1.1185592
256678	12538	2.2146783	0.654487
256678	12539	2.1691976	0.7188095
256678	12540	2.403233	1.444905
256678	12541	3.512239	0.34445944
256678	12542	1.3633906	0.53289235
256678	12543	3.5345669	0.54746103
256678	12544	0.05081302	0.3081567
256678	12545	0.012244999	0.38239852
256678	12546	0.67991495	-0.41449085
256678	12547	0.8415543	-0.48963735
256678	12548	3.708799	-0.7830953
256678	12549	3.8755436	-0.44908914
256678	12550	0.5066997	-0.022578835
256678	12551	0.25179505	0.16592386
256678	12552	0.31687152	0.13378647
256678	12553	3.271237	-0.4222275
256678	12554	0.72419095	0.13839069
256678	12555	-0.044851273	0.29576
256678	12556	0.14704603	0.38659802
256678	12557	0.3510576	0.6357932
256678	12558	0.60409546	1.1721511
256678	12559	0.666978	0.7643806
256678	12560	0.80563545	0.6766621
256678	12561	3.676084	0.4447557
256678	12562	3.5767865	0.9029149
256678	12563	3.5961156	0.7276279
256678	12564	2.6904492	0.20561054
256678	12565	2.9169016	-0.48461357
256678	12566	3.4117942	-0.6702341
256678	12567	0.92925644	-0.41702724
256678	12568	-0.0032880306	-0.09905052
256678	12569	0.18477404	0.5344099
256678	12570	0.20059443	0.8708664
256678	12571	0.2777655	0.6946757
256678	12572	0.31499314	0.53553045
256678	12573	0.59517133	0.928741
256678	12574	0.7961854	1.3830445
256678	12575	0.63073075	-0.0025183856
256678	12576	1.308933	-0.01455763
256678	12577	3.882278	-0.2521631
256678	12578	4.137523	-0.12662616
256678	12579	3.553039	-0.41980156
256678	12580	0.9387822	-0.21658337
256678	12581	0.41356117	-0.12535658
256678	12582	0.45222062	0.7110529
256678	12583	0.55016184	0.24941674
256678	12584	0.7602601	0.86234987
256678	12585	0.79153	0.5468656
256678	12586	3.59449	0.24595872
256678	12587	3.600841	0.99451995
256678	12588	3.1668878	0.16697946
256678	12589	2.914585	-0.39635074
256678	12590	1.1173675	-0.26503426
256678	12591	0.37032384	-0.09745422
256678	12592	0.797593	0.30874005
256678	12593	0.7447231	0.8282554
256678	12594	0.90106	0.41733935
256678	12595	1.0855168	0.29999694
256678	12596	3.9466095	0.037469298
256678	12597	3.3581648	1.0745333
256678	12598	3.3300376	0.9722891
256678	12599	2.7335172	0.31934652
256678	12600	2.8234239	-0.39490545
256678	12601	2.951552	-0.4394522
256678	12602	2.176014	-0.5794374
256678	12603	0.5899128	0.19969007
256678	12604	1.0371548	0.81364036
256678	12605	1.1689308	0.1221284
256678	12606	1.4510447	-0.06365126
256678	12607	1.692079	0.52792823
256678	12608	1.5720936	0.3862475
256678	12609	3.8727565	0.4369404
256678	12610	3.887167	0.58832014
256678	12611	3.2823005	-0.08983776
256678	12612	3.284851	-0.6606263
256678	12613	3.3939552	-0.6843402
256678	12614	3.2253752	-0.8502259
256678	12615	0.5260637	0.12983873
256678	12616	0.7832817	0.14123443
256678	12617	1.0047128	0.65959585
256678	12618	1.2076225	0.1082342
256678	12619	1.3737966	0.032645732
256678	12620	1.6574041	0.5918343
256678	12621	3.942861	0.6060051
256678	12622	2.6868172	0.6039963
256678	12623	2.7662983	1.4750133
256678	12624	3.2229714	0.2037696
256678	12625	3.018146	-0.4853783
256678	12626	3.1650991	-0.3579505
256678	12627	3.5967884	0.12428996
256678	12628	2.7437882	-0.4824484
256678	12629	0.892233	0.23250064
256678	12630	1.3780199	0.8409982
256678	12631	1.2291329	0.6358253
256678	12632	1.1158491	0.6992308
256678	12633	1.2813628	0.5159726
256678	12634	1.3568349	0.48222503
256678	12635	2.08041	0.58599806
256678	12636	3.9464707	1.007593
256678	12637	3.8731523	0.84854007
256678	12638	3.7874393	1.1234401
256678	12639	3.2015347	0.27212068
256678	12640	3.3329039	0.32726988
256678	12641	2.9509673	0.7321788
256678	12642	3.0319915	0.67134833
256678	12643	2.451675	0.45747367
256678	12644	0.8787707	0.8163382
256678	12645	0.84007144	0.69598305
256678	12646	0.35617656	0.6650989
256678	12647	0.5726373	0.4308512
256678	12648	2.8629708	-0.05534014
256678	12649	2.8524585	1.0264554
256678	12650	1.9273471	0.58358896
256678	12651	1.0649607	0.67388594
256678	12652	0.09927827	1.0342876
256678	12653	0.2281546	0.8512565
256678	12654	0.31545252	0.6361389
256678	12655	2.7253308	0.0796285
256678	12656	2.6987772	1.151448
256678	12657	2.5956445	2.3468173
256678	12658	0.05990696	1.6528294
256678	12659	-0.32734072	1.7483516
256678	12660	2.858539	0.5426426
256678	12661	3.0940275	0.4924244
256678	12662	3.5251322	-0.003388822
256678	12663	0.6603186	0.43772003
256678	12664	-0.15494472	0.7736803
256678	12665	2.5244737	0.038610876
256678	12666	2.097661	0.83051324
256678	12667	1.1560144	0.0060767233
256678	12668	0.39968282	0.27509543
256678	12669	0.19889802	0.33646896
256678	12670	0.20310181	1.0466784
256678	12671	0.18624127	1.6070595
256678	12672	3.3085117	0.6756958
256678	12673	3.2774248	-0.3510338
256678	12674	3.2718887	0.04311803
256678	12675	2.6980362	-0.48239025
256678	12676	0.7996	-0.116931975
256678	12677	0.61676836	-0.21211384
256678	12678	0.33147055	-0.27525997
256678	12679	0.56062746	0.14218578
256678	12680	0.46860927	0.09593859
256678	12681	3.2254105	-0.574359
256678	12682	3.6155052	0.22091517
256678	12683	0.5396966	1.4404391
256678	12684	0.26977783	1.2125363
256678	12685	-0.15941834	1.4344075
256678	12686	0.70588744	0.8052442
256678	12687	0.6414901	-0.024814785
256678	12688	3.5179272	-0.42197305
256678	12689	3.8358188	-0.4732053
256678	12690	3.46351	0.042134374
256678	12691	3.7349844	-0.08928284
256678	12692	0.7131201	0.42075554
256678	12693	0.2781291	0.6107447
256678	12694	0.5313206	1.2664351
256678	12695	3.598092	0.25970957
256678	12696	3.372127	0.2937908
256678	12697	3.6124964	0.24470302
256678	12698	0.8153497	0.69635653
256678	12699	0.48978835	0.82052517
256678	12700	0.7207836	1.5051353
256678	12701	0.17752784	1.2972673
256678	12702	-0.11584547	1.2642186
256678	12703	2.8289895	0.12985173
256678	12704	3.3316803	0.07153979
256678	12705	3.2569776	0.73233485
256678	12706	0.4776228	0.53662014
256678	12707	0.14202714	0.68796873
256678	12708	0.44397628	1.3360755
256678	12709	3.6105728	0.22547767
256678	12710	3.37846	0.2563096
256678	12711	3.5196013	0.7008393
256678	12712	3.925829	0.6811379
256678	12713	4.2563934	0.5982951
256678	12714	4.414098	0.3517672
256678	12715	4.0273113	0.4421129
256678	12716	4.4113946	0.34890142
256678	12717	4.62967	0.20358256
256678	12718	4.513885	0.23712733
256678	12719	4.503646	0.1719602
256678	12720	4.6240573	0.16981784
256678	12721	4.656221	0.05795321
256678	12722	4.890123	-0.21773429
256678	12723	4.4767895	0.54016006
256678	12724	1.1387128	0.12661657
256678	12725	0.6619611	0.64177966
256678	12726	0.7019963	0.6885303
256678	12727	1.522492	0.6785213
256678	12728	1.5547107	1.4732951
256678	12729	3.8274474	1.5329052
256678	12730	3.34414	0.27301672
256678	12731	3.263041	0.7591704
256678	12732	3.1606193	-0.041090578
256678	12733	3.9768567	-0.8409937
256678	12734	1.5530549	-0.5287893
256678	12735	0.97556925	-0.19123432
256678	12736	1.3079334	-0.1412166
256678	12737	3.561317	-1.2485609
256678	12738	4.0637045	-1.5922483
256678	12739	3.2190013	-1.5107949
256678	12740	3.1070285	-0.9751798
256678	12741	2.73631	-0.26019722
256678	12742	3.558619	-0.9821856
256678	12743	3.941214	-0.36448348
256678	12744	4.0919285	-0.6530962
256678	12745	3.414384	-0.2619794
256678	12746	3.933597	0.07854095
256678	12747	3.52386	-0.4154322
256678	12748	4.155816	0.07265136
256678	12749	4.0494013	-0.33463478
256678	12750	4.772719	-0.9409441
256678	12751	5.104364	0.016964167
256678	12752	4.737503	-0.8981692
256678	12753	5.095839	-1.3765967
256678	12754	1.6156787	-0.81440616
256678	12755	1.0920429	-0.5832315
256678	12756	1.4636186	-0.14204568
256678	12757	1.7748145	-0.5597908
256678	12758	1.8322684	-0.58913213
256678	12759	4.690753	-0.96217215
256678	12760	4.8688316	-0.74207914
256678	12761	4.5230207	-0.29982173
256678	12762	4.416279	-0.8063406
256678	12763	4.495037	-0.7452615
256678	12764	4.2368026	-1.1423092
256678	12765	4.234883	-1.3721724
256678	12766	3.9651413	-0.996215
256678	12767	2.9807425	0.14127186
256678	12768	3.6334357	0.070142
256678	12769	3.7130027	0.6935946
256678	12770	4.206826	-0.5467196
256678	12771	2.1363578	-0.15634689
256678	12772	0.32052112	1.0201437
256678	12773	0.42644578	1.1562196
256678	12774	0.5375804	0.9526862
256678	12775	2.7734513	0.48569086
256678	12776	3.2443957	-0.042451203
256678	12777	3.4732966	-0.12704933
256678	12778	0.8789189	0.4204301
256678	12779	0.55286145	0.44758245
256678	12780	2.3888488	-0.05358568
256678	12781	0.6571754	0.48057094
256678	12782	2.4361534	0.2426618
256678	12783	2.1913295	0.38931397
256678	12784	1.3387469	-0.08782786
256678	12785	3.8938098	-0.22921379
256678	12786	4.172209	-0.57021356
256678	12787	3.494185	0.54936206
256678	12788	1.5436102	0.387799
256678	12789	3.9471922	0.52817476
256678	12790	2.9641948	1.3146122
256678	12791	0.92378366	0.8199589
256678	12792	0.2944768	1.1100558
256678	12793	0.8991909	1.4099786
256678	12794	0.8247802	1.0635598
256678	12795	0.9660946	0.8966434
256678	12796	3.6030445	0.61461425
256678	12797	3.6117015	0.9190961
256678	12798	3.2963328	0.04802975
256678	12799	0.23616087	0.9900831
256678	12800	0.8010081	1.4085068
256678	12801	0.007878244	1.384411
256678	12802	0.41979742	0.99096155
256678	12803	0.9056057	1.3401735
256678	12804	3.2150593	0.8649777
256678	12805	3.3898082	-0.18407357
256678	12806	3.0974326	-0.013821125
256678	12807	2.809916	0.4015576
256678	12808	2.4556575	0.66191196
256678	12809	2.5518618	0.23671308
256678	12810	0.8366113	0.4457492
256678	12811	1.1717607	1.0014256
256678	12812	0.25010931	1.1451374
256678	12813	0.5621911	1.0228518
256678	12814	3.2477012	0.18665692
256678	12815	3.8132787	0.32433423
256678	12816	3.4298768	-0.34052435
256678	12817	3.564547	-0.20757818
256678	12818	1.0409693	0.6395216
256678	12819	0.6512512	0.7459302
256678	12820	3.5209045	-0.15260047
256678	12821	3.7652435	0.6925341
256678	12822	4.3931723	0.10029426
256678	12823	2.8232727	1.7639198
256678	12824	3.5077405	1.0318614
256678	12825	0.6116338	1.1088731
256678	12826	1.2800972	0.2399849
256678	12827	1.6333762	0.646266
256678	12828	0.026385248	1.2670656
256678	12829	0.79133415	0.7768558
256678	12830	3.2452784	0.8711803
256678	12831	2.9999456	0.06292686
256678	12832	3.1816993	0.024831861
256678	12833	2.7793036	0.74231803
256678	12834	3.2013092	0.48330197
256678	12835	0.49080497	0.48690817
256678	12836	-0.4283917	1.1774191
256678	12837	-0.59204745	1.1530806
256678	12838	-0.38679653	1.480641
256678	12839	0.33345753	0.7767813
256678	12840	0.38534373	0.629251
256678	12841	0.40984762	0.6613567
256678	12842	0.31481355	-0.085007876
256678	12843	2.949254	-0.26044017
256678	12844	2.981165	0.33259633
256678	12845	1.7039553	1.6839871
256678	12846	2.2261739	1.3383143
256678	12847	1.4929904	0.33111224
256678	12848	2.535417	0.9341364
256678	12849	0.1993208	1.469593
256678	12850	-0.082808375	1.527289
256678	12851	2.6255713	0.8900385
256678	12852	2.7495089	0.5861856
256678	12853	2.7735	0.911005
256678	12854	3.7782335	0.17883399
256678	12855	3.8905382	0.03512788
256678	12856	0.9708768	0.21589854
256678	12857	-0.24085042	0.873832
256678	12858	0.046178818	1.2339877
256678	12859	0.61114013	0.75296915
256678	12860	3.0817413	0.43632695
256678	12861	2.8338609	0.19327667
256678	12862	3.103816	0.35119632
256678	12863	3.853403	-0.2909888
256678	12864	3.6262507	0.8275238
256678	12865	3.9012022	0.5820036
256678	12866	4.0141335	0.47436914
256678	12867	0.8685688	0.2715555
256678	12868	-0.4151113	1.0484581
256678	12869	0.4453702	1.0476185
256678	12870	1.1784161	0.56140494
256678	12871	1.0912544	0.545593
256678	12872	0.35472983	0.75758505
256678	12873	2.7731533	0.27725872
256678	12874	3.0340376	0.33102676
256678	12875	3.3705015	1.8803236
256678	12876	1.0080502	1.3847913
256678	12877	0.39908576	1.5017406
256678	12878	3.2590322	0.7644901
256678	12879	1.9889816	2.3817565
256678	12880	2.3101897	2.3898582
256678	12881	4.7180405	0.17288747
256678	12882	4.9233747	0.25423214
256678	12883	4.782757	0.17493954
256678	12884	4.619662	0.3455256
256678	12885	4.522293	0.4382408
256678	12886	4.2652807	0.7546505
256678	12887	4.3643007	0.7038801
256678	12888	4.4359446	0.6343781
256678	12889	4.4737387	0.6626408
256678	12890	4.064197	1.1091735
256678	12891	4.3094683	0.933823
256678	12892	4.447242	0.73204184
256678	12893	4.4547215	0.7491572
256678	12894	4.38911	0.7449777
256678	12895	4.20235	1.0199372
256678	12896	4.2184496	0.9942553
256678	12897	4.279884	0.9299661
256678	12898	4.5013614	0.8432523
256678	12899	3.5656648	1.7201731
256678	12900	3.0163293	2.603607
256678	12901	2.4223804	3.4760885
256678	12902	1.441184	4.27572
256678	12903	0.35325193	5.099056
256678	12904	0.5154959	5.0704346
256678	12905	0.6346276	4.885093
256678	12906	0.90062547	4.6612606
256678	12907	0.7059504	4.6839023
256678	12908	0.8405746	4.567366
256678	12909	0.842376	4.572399
256678	12910	1.1038336	4.438872
256678	12911	1.2746587	4.194452
256678	12912	1.0759306	4.3148103
256678	12913	1.130984	4.2548985
256678	12914	0.26700604	2.3662705
256678	12915	1.4130571	1.8007579
256678	12916	1.1977835	2.0893505
256678	12917	1.056558	2.2828188
256678	12918	0.92957973	2.3938043
256678	12919	2.1674943	2.179103
256678	12920	1.914342	2.152619
256678	12921	2.0067954	2.2833295
256678	12922	1.9454936	2.5116258
256678	12923	2.1530566	2.5007699
256678	12924	3.04067	3.3953884
256678	12925	3.040728	2.592154
256678	12926	1.6638604	4.1492863
256678	12927	1.8528122	4.111049
256678	12928	1.7029821	4.2063775
256678	12929	1.463278	4.341698
256678	12930	1.6171063	4.2542315
256678	12931	1.3713921	4.457573
256678	12932	0.5957246	5.165618
256678	12933	0.674441	5.278144
256678	12934	-0.6346321	4.5149784
256678	12935	0.5023509	3.3800385
256678	12936	0.55379677	4.469035
256678	12937	0.6409408	3.8941762
256678	12938	0.67725503	3.8445632
256678	12939	0.16589451	3.812267
256678	12940	0.4827571	3.2859209
256678	12941	1.0044223	2.5054493
256678	12942	0.4182732	2.6590352
256678	12943	-0.07727015	2.8068206
256678	12944	0.15865815	2.4413037
256678	12945	0.21541327	3.3597
256678	12946	0.6538354	2.0995507
256678	12947	0.5734912	2.0246742
256678	12948	2.5387306	2.5648806
256678	12949	1.5586144	2.3121216
256678	12950	1.4577703	2.464381
256678	12951	1.3102103	2.7509975
256678	12952	-0.012969136	3.3971624
256678	12953	0.061662674	2.8840554
256678	12954	-0.35525894	3.3436036
256678	12955	1.4652455	2.9123647
256678	12956	1.6139592	2.0014708
256678	12957	1.5174898	1.6781323
256678	12958	1.6711472	1.5694106
256678	12959	2.1167088	1.1283253
256678	12960	2.5110607	0.47156116
256678	12961	0.75766194	0.956957
256678	12962	0.84231865	1.6231883
256678	12963	0.18512625	1.9739478
256678	12964	0.42142117	1.4885933
256678	12965	0.3005259	1.5914505
256678	12966	0.6042638	1.1911873
256678	12967	2.5351634	1.6225765
256678	12968	2.458352	1.30931
256678	12969	2.4706364	1.3532519
256678	12970	2.7304187	1.2914156
256678	12971	2.9003692	1.091914
256678	12972	1.1359704	2.8705382
256678	12973	1.7849268	2.610935
256678	12974	1.2482318	2.5656993
256678	12975	1.7589012	2.1030402
256678	12976	0.47523844	2.1335583
256678	12977	-0.07193592	2.2778459
256678	12978	0.12043679	2.1140776
256678	12979	0.07030678	3.2453613
256678	12980	2.338027	2.6851583
256678	12981	2.2203321	1.0328283
256678	12982	2.2699962	1.434276
256678	12983	0.009476364	2.3339503
256678	12984	-0.21934947	2.4151955
256678	12985	-0.036254197	2.2091107
256678	12986	1.9666952	1.7574518
256678	12987	2.147831	1.6333692
256678	12988	2.0862236	2.243142
256678	12989	2.1720934	2.0597477
256678	12990	0.3135913	2.171246
256678	12991	0.39491564	1.9332368
256678	12992	-0.18203756	2.4999115
256678	12993	-0.097581	3.1866803
256678	12994	0.13725936	2.5876043
256678	12995	0.1840185	2.41167
256678	12996	0.23817968	2.2819386
256678	12997	1.8745049	2.6741467
256678	12998	1.8753234	1.5461247
256678	12999	2.1563435	1.3825887
256678	13000	2.1573977	1.4991791
256678	13001	2.6399045	1.2757335
256678	13002	2.6047502	1.1649516
256678	13003	0.14920223	1.4498644
256678	13004	-0.42575535	1.8200123
256678	13005	-0.43668446	2.8794656
256678	13006	-0.27754492	2.4915748
256678	13007	1.8443748	2.1201072
256678	13008	1.9942929	1.5562005
256678	13009	2.0102983	1.7480218
256678	13010	2.0053835	1.8731813
256678	13011	1.980066	1.8216159
256678	13012	0.18589103	2.121402
256678	13013	-0.28982425	2.4682007
256678	13014	-0.5623205	2.5383716
256678	13015	-0.47480053	3.2661781
256678	13016	1.9871093	2.2046435
256678	13017	2.0676794	1.1042187
256678	13018	2.294024	1.3460838
256678	13019	2.4160976	0.9807377
256678	13020	2.1990366	1.0809367
256678	13021	0.25148183	1.2591951
256678	13022	-0.37042242	1.7090867
256678	13023	-0.36443877	2.7445447
256678	13024	-0.2548756	2.3564405
256678	13025	1.928553	1.9529166
256678	13026	1.9846555	0.9869937
256678	13027	-0.28763485	1.5310482
256678	13028	-0.32125163	1.575145
256678	13029	-0.6266988	2.79397
256678	13030	1.8919045	1.987179
256678	13031	2.0129433	0.34779456
256678	13032	2.4694633	2.2456594
256678	13033	2.660182	1.919796
256678	13034	2.372635	0.17875966
256678	13035	1.6762913	-0.29899406
256678	13036	2.3343387	-0.6303369
256678	13037	0.1857422	-0.07643968
256678	13038	-0.37113667	1.0721903
256678	13039	-0.39505535	1.4284053
256678	13040	-0.41228485	1.637008
256678	13041	1.9075326	0.9756708
256678	13042	2.3084636	0.8673121
256678	13043	-0.28661466	1.4963453
256678	13044	-0.2562504	1.2273134
256678	13045	-0.6007663	2.5687878
256678	13046	-0.25287965	1.9840963
256678	13047	-0.36526728	2.0747902
256678	13048	0.10606831	1.9063687
256678	13049	0.221861	3.0044515
256678	13050	2.5263677	2.058303
256678	13051	2.245592	0.8585712
256678	13052	1.9822816	1.453733
256678	13053	1.7826027	1.6254003
256678	13054	1.7677258	0.7109679
256678	13055	1.2213168	0.59979224
256678	13056	1.4930452	0.67208445
256678	13057	-0.2599809	1.3675047
256678	13058	-0.22148812	1.2509657
256678	13059	-0.21569103	1.6548326
256678	13060	-0.010535479	1.4138894
256678	13061	-0.065561414	1.3096777
256678	13062	-0.30672777	2.4681196
256678	13063	1.9856073	2.0860903
256678	13064	1.8587648	0.5695064
256678	13065	-0.37974024	1.7092102
256678	13066	-0.31088933	1.6414428
256678	13067	-0.40771353	1.748425
256678	13068	1.6384133	1.0795231
256678	13069	1.7390405	1.2102567
256678	13070	-0.48178646	1.8919713
256678	13071	2.0622244	1.015566
256678	13072	-0.63191706	2.6184275
256678	13073	-0.65078104	2.1754766
256678	13074	1.2098395	1.5063184
256678	13075	1.3463764	1.4504788
256678	13076	1.368666	1.4794793
256678	13077	1.2444535	1.4767483
256678	13078	-0.33179337	1.8049214
256678	13079	-0.29632455	1.5343515
256678	13080	-0.48559093	2.676752
256678	13081	-0.28123626	2.0372386
256678	13082	0.039831877	2.7306032
256678	13083	0.49598396	1.5332766
256678	13084	2.6546903	1.4845667
256678	13085	2.726645	1.8429034
256678	13086	2.0789928	0.671041
256678	13087	2.202334	0.4352589
256678	13088	2.0766563	0.64312565
256678	13089	1.8535329	0.6410589
256678	13090	1.5487672	1.939224
256678	13091	-0.13314286	1.9284735
256678	13092	0.11875111	1.5792806
256678	13093	-0.0019110441	1.7280433
256678	13094	0.040335894	1.669483
256678	13095	1.583989	1.7374976
256678	13096	1.6872884	1.4760693
256678	13097	1.8308619	0.57356155
256678	13098	2.0683413	0.5223541
256678	13099	1.7220567	1.7899127
256678	13100	-0.32584053	2.4624963
256678	13101	-0.17265794	2.1072886
256678	13102	1.5543145	2.1140876
256678	13103	1.7197624	1.6961496
256678	13104	1.7462736	0.6790663
256678	13105	1.8035091	0.81058383
256678	13106	1.9691747	0.747329
256678	13107	1.7275125	0.85827184
256678	13108	1.253734	2.3603177
256678	13109	2.1937747	0.65780926
256678	13110	2.394887	0.5787698
256678	13111	2.286223	0.62367916
256678	13112	2.3799129	0.4621152
256678	13113	0.26031506	0.8067385
256678	13114	-0.07416943	1.9478357
256678	13115	0.6508795	1.4330888
256678	13116	0.5170419	1.3741497
256678	13117	0.8554807	2.3035703
256678	13118	1.0276828	1.4755373
256678	13119	3.0612602	1.6581256
256678	13120	2.8260322	1.9558554
256678	13121	2.2750978	0.91237235
256678	13122	2.0339088	1.1954094
256678	13123	-0.065362275	2.1117046
256678	13124	0.052736282	1.7376511
256678	13125	-0.023150772	1.9209039
256678	13126	1.6785699	1.7538319
256678	13127	1.7817765	1.4138852
256678	13128	1.7716659	0.6174433
256678	13129	1.9560057	0.64121234
256678	13130	1.5666164	1.9155631
256678	13131	2.3798475	0.41255113
256678	13132	-0.27367747	1.5176934
256678	13133	-0.25562602	1.5799458
256678	13134	1.5097972	1.1924958
256678	13135	1.5610603	1.1823579
256678	13136	1.516492	1.2668436
256678	13137	-0.25042307	1.4305358
256678	13138	-0.06267184	1.2187254
256678	13139	-0.38041228	2.5141745
256678	13140	-0.21657377	2.002356
256678	13141	1.5103604	1.939301
256678	13142	1.5107845	1.7064168
256678	13143	1.6247994	0.7157304
256678	13144	1.8263024	0.68926835
256678	13145	1.4920181	1.9932532
256678	13146	2.3595567	0.37610027
256678	13147	2.3210835	0.5181273
256678	13148	2.2159052	0.5267246
256678	13149	2.0467873	0.5717927
256678	13150	0.23215377	0.8361007
256678	13151	0.003619969	1.9152186
256678	13152	0.7522105	1.2788355
256678	13153	0.552567	1.3170637
256678	13154	0.42258894	1.4811186
256678	13155	2.5200996	1.76321
256678	13156	2.3324604	1.86043
256678	13157	2.280171	1.7768874
256678	13158	2.309762	0.61559427
256678	13159	2.682541	0.77370095
256678	13160	3.581842	0.06897774
256678	13161	3.0833006	0.3275343
256678	13162	2.4693599	1.3274902
256678	13163	2.7888145	0.88164437
256678	13164	3.708449	0.13670805
256678	13165	4.782943	-0.52901655
256678	13166	4.4310594	-0.32363337
256678	13167	4.1084065	0.73765147
256678	13168	3.91156	-0.070818186
256678	13169	3.1747355	-0.051840723
256678	13170	4.1671133	-0.86792254
256678	13171	3.1973639	-0.32901454
256678	13172	3.3821058	-0.09623906
256678	13173	2.1273646	1.2241468
256678	13174	2.1805935	1.3552582
256678	13175	1.7744626	2.2201428
256678	13176	1.5204774	1.8978701
256678	13177	1.2355763	2.0701478
256678	13178	1.5022081	1.64603
256678	13179	1.0167804	2.4041626
256678	13180	2.6550493	0.6771635
256678	13181	1.7426878	1.8607354
256678	13182	1.4583806	2.1124792
256678	13183	1.5340236	2.4125159
256678	13184	2.7807417	1.6628084
256678	13185	2.542367	1.6703322
256678	13186	2.0072198	1.857719
256678	13187	1.518104	2.4609993
256678	13188	-0.05299923	4.1204667
256678	13189	1.2584727	4.2177863
256678	13190	0.8852091	4.4133425
256678	13191	1.1041752	4.528678
256678	13192	1.2806423	4.2040997
256678	13193	0.6782346	2.516533
256678	13194	1.9542865	2.0698965
256678	13195	1.1502526	2.5639129
256678	13196	0.6347467	3.3865933
256678	13197	2.44074	3.5430586
256678	13198	2.4529872	3.022175
256678	13199	2.4125423	1.8088105
256678	13200	3.1355195	3.339398
256678	13201	3.0452027	3.3364315
256678	13202	3.027917	3.4007926
256678	13203	3.165753	3.4255826
256678	13204	3.3725452	3.255288
256678	13205	3.4332366	3.291117
256678	13206	2.9072433	3.6772907
256678	13207	1.1073492	4.1246715
256678	13208	0.44005978	4.811351
256678	13209	0.62880826	4.741672
256678	13210	1.4843938	4.4598393
256678	13211	1.1566749	4.619751
256678	13212	1.2740054	4.5243344
256678	13213	1.9723972	3.3190994
256678	13214	2.634821	2.2042794
256678	13215	2.9495182	3.2887235
256678	13216	2.0647106	4.2065153
256678	13217	2.0168376	4.296144
256678	13218	1.1434963	4.781887
256678	13219	1.1783494	4.926166
256678	13220	0.57328343	5.1690125
256678	13221	0.9836569	4.7813005
256678	13222	1.2489423	4.5411024
256678	13223	1.5838944	3.7500527
256678	13224	1.5262359	3.9821575
256678	13225	1.4230171	4.064534
256678	13226	1.0386561	4.435562
256678	13227	1.7116483	3.8981245
256678	13228	3.293025	0.8543422
256678	13229	3.4942794	1.6639178
256678	13230	3.294732	1.6058888
256678	13231	2.3675547	1.5381017
256678	13232	2.0602398	0.8661641
256678	13233	2.0967808	1.0177566
256678	13234	1.5292107	0.71424484
256678	13235	1.5583569	0.80391717
256678	13236	1.4304966	0.90530765
256678	13237	1.2391775	1.0541091
256678	13238	1.3111013	1.9908352
256678	13239	1.4167006	2.5415797
256678	13240	1.2711289	2.3203526
256678	13241	2.8874288	1.5299189
256678	13242	2.791625	1.7742391
256678	13243	2.6865292	1.8251104
256678	13244	2.5576525	1.872411
256678	13245	2.5466485	1.9354732
256678	13246	0.94432557	2.2299843
256678	13247	1.5416404	1.7578652
256678	13248	2.614501	2.5362105
256678	13249	3.7853746	2.004698
256678	13250	3.308116	0.017896831
256678	13251	2.4540873	0.60106444
256678	13252	2.2748127	0.78012633
256678	13253	2.4924083	0.5555829
256678	13254	2.3803492	0.62497306
256678	13255	3.0283818	0.13136032
256678	13256	2.6980128	0.51967967
256678	13257	2.8397603	0.5381746
256678	13258	1.312762	-1.3114233
256678	13259	0.8123653	-2.149625
256678	13260	-0.6231622	-3.243001
256678	13261	-1.1211059	-2.6052947
256678	13262	-0.9776138	-1.6600637
256678	13263	-1.4020424	-1.8051467
256678	13264	-1.2846811	-2.1302023
256678	13265	-1.0947084	-1.979107
256678	13266	-1.2726185	-1.9108295
256678	13267	-1.3539226	-1.6934855
256678	13268	-1.2061533	-1.697447
256678	13269	-1.2165914	-1.6309369
256678	13270	-1.3443642	-1.7253301
256678	13271	-1.3939065	-1.5682837
256678	13272	-1.2400007	-1.6345103
256678	13273	-1.2075318	-0.8315834
256678	13274	-1.0740827	-0.68862665
256678	13275	-1.2345912	-0.8694445
256678	13276	-0.8466884	-1.1747139
256678	13277	-0.90544933	-1.2618963
256678	13278	-0.8327461	-0.9744257
256678	13279	-0.47053915	-0.99492383
256678	13280	1.203223	-1.5879899
256678	13281	0.48455048	-1.2031285
256678	13282	-0.096682966	-1.2687778
256678	13283	0.17925668	-1.262029
256678	13284	-0.068562955	-1.0131373
256678	13285	3.1270547	-1.0456634
256678	13286	1.5540665	-1.5614173
256678	13287	2.256454	-1.7657183
256678	13288	2.7348142	-1.9991959
256678	13289	3.033681	-1.9188931
256678	13290	3.5441322	-1.7719088
256678	13291	0.043545306	-0.9502643
256678	13292	-0.31902426	-0.7130054
256678	13293	-0.45800975	-0.56198204
256678	13294	-0.29531276	-0.3351657
256678	13295	-0.13647005	0.051556617
256678	13296	2.4598432	-0.5008983
256678	13297	2.5579114	-1.2084194
256678	13298	-0.29516602	-0.16441262
256678	13299	-0.3782862	0.2871032
256678	13300	-0.56862426	0.697422
256678	13301	-0.35866725	1.2592521
256678	13302	2.4600506	0.1655111
256678	13303	2.777348	-0.6226062
256678	13304	2.9943652	-1.0440434
256678	13305	3.0776615	-0.8822777
256678	13306	-0.19547477	-0.50385207
256678	13307	-0.4283969	-0.21910112
256678	13308	-0.2616393	-0.01209107
256678	13309	-0.045698315	0.2961296
256678	13310	2.6835175	-0.08998275
256678	13311	2.158276	-0.84327376
256678	13312	2.5406218	-1.302244
256678	13313	-0.68570584	-0.41535056
256678	13314	2.0854092	-0.7851663
256678	13315	2.726653	-1.1052129
256678	13316	-0.10898614	-0.651119
256678	13317	-0.5933492	-0.4313077
256678	13318	-0.3557117	-0.18824485
256678	13319	-0.27890885	-0.2220705
256678	13320	-0.07760373	-0.009327412
256678	13321	-0.2834559	0.33566245
256678	13322	2.5650806	-0.35592812
256678	13323	3.5908003	-0.7850387
256678	13324	2.728006	-1.1339027
256678	13325	2.868217	-0.996266
256678	13326	2.871521	-0.4830004
256678	13327	3.3796005	-0.32563102
256678	13328	2.684052	0.20496878
256678	13329	0.8146434	-0.696565
256678	13330	0.8108225	0.22409174
256678	13331	3.6285968	0.1551353
256678	13332	3.8787704	-0.8867704
256678	13333	3.9550982	-0.8555224
256678	13334	3.537777	-0.49917483
256678	13335	0.018233716	0.46121898
256678	13336	-0.22718465	1.4090372
256678	13337	-0.11428794	1.602673
256678	13338	0.09827864	1.9729681
256678	13339	0.4059183	2.3699775
256678	13340	0.63037276	0.86632454
256678	13341	0.6945071	0.37358245
256678	13342	2.9701443	0.71385324
256678	13343	3.7805634	0.34295294
256678	13344	4.0130525	0.2799159
256678	13345	4.1729617	0.12898102
256678	13346	4.4854093	-0.0099469125
256678	13347	5.049767	-0.9232546
256678	13348	4.7599187	-0.5828613
256678	13349	0.60461104	-0.102975994
256678	13350	-0.21215186	0.7877865
256678	13351	0.6209599	-0.081718326
256678	13352	-0.024106711	-0.12879068
256678	13353	0.3173703	0.52410424
256678	13354	-0.17550749	-0.24765347
256678	13355	0.278634	0.4109998
256678	13356	0.39968508	1.2694099
256678	13357	0.44034624	1.206424
256678	13358	3.1101131	1.0722481
256678	13359	2.1918797	-0.43450698
256678	13360	2.0480533	0.35525784
256678	13361	1.8262268	0.28277013
256678	13362	3.4003286	-0.9836688
256678	13363	3.462916	-0.36248943
256678	13364	3.866941	0.0028948486
256678	13365	4.192245	-0.097432315
256678	13366	4.4071136	0.78145385
256678	13367	4.2550974	0.7089077
256678	13368	3.8745852	-0.2890842
256678	13369	-0.1092262	0.7206584
256678	13370	-0.18768775	1.012321
256678	13371	-0.56121975	1.7626152
256678	13372	-0.032794327	1.2412359
256678	13373	-0.19289297	1.3974564
256678	13374	-0.4284327	1.8625152
256678	13375	2.5121346	1.0228891
256678	13376	2.0184379	0.17715684
256678	13377	-0.3493856	0.8696879
256678	13378	-0.8806145	1.8708248
256678	13379	-0.3073697	1.2226655
256678	13380	-0.26399577	1.4937367
256678	13381	-0.20814633	2.2091997
256678	13382	-0.25537634	0.51517105
256678	13383	-0.11261457	-4.670024e-05
256678	13384	-0.3064412	1.6983659
256678	13385	-0.022344738	0.26128885
256678	13386	-0.14697894	2.0773344
256678	13387	-0.33172584	2.0418139
256678	13388	-0.09453443	1.0681012
256678	13389	2.3265662	0.5361204
256678	13390	1.6231748	-0.4489511
256678	13391	1.9136566	-0.20004553
256678	13392	1.7692972	0.036586404
256678	13393	1.4700735	0.61580706
256678	13394	-0.5691202	1.2276375
256678	13395	-0.7934754	2.365915
256678	13396	2.3588424	0.7597467
256678	13397	2.7425466	-0.21278237
256678	13398	2.731711	0.1589993
256678	13399	-0.3948984	0.865373
256678	13400	-0.81965846	1.6665473
256678	13401	-0.600284	0.34918585
256678	13402	-0.82322365	1.2986854
256678	13403	-0.98351645	1.4162174
256678	13404	-0.5542246	1.6082094
256678	13405	-0.6050854	0.33857098
256678	13406	1.8550757	0.8010824
256678	13407	2.8905053	0.29816225
256678	13408	2.9937854	0.23586497
256678	13409	4.2178793	-0.498625
256678	13410	0.063442886	0.5494987
256678	13411	-0.67743146	1.526968
256678	13412	-0.120015234	0.9616703
256678	13413	-0.19564489	0.94714963
256678	13414	-0.012412369	0.75111353
256678	13415	2.7666883	0.4885384
256678	13416	3.0650883	-0.38352615
256678	13417	2.9949436	-0.02040875
256678	13418	2.871004	-0.17143902
256678	13419	2.8206067	0.046438545
256678	13420	3.725675	-0.6019277
256678	13421	0.27044606	0.46180847
256678	13422	-0.547904	1.2043484
256678	13423	0.15744454	0.3013824
256678	13424	0.12488687	0.24683729
256678	13425	-0.17149714	0.08646187
256678	13426	-0.24009481	1.9381132
256678	13427	-0.04173234	0.46625587
256678	13428	-0.16185492	0.23351017
256678	13429	-0.34659266	2.0867283
256678	13430	-0.053703696	0.49966416
256678	13431	2.4517393	0.26140997
256678	13432	0.8724445	0.65055287
256678	13433	2.2733746	-0.06147605
256678	13434	3.5935493	-0.8960749
256678	13435	3.838468	-0.8282722
256678	13436	4.27693	0.3558456
256678	13437	3.1092567	1.0135878
256678	13438	4.517212	-0.12714529
256678	13439	-0.027766466	1.2034699
256678	13440	-0.8645419	1.8783195
256678	13441	-0.742764	2.3116977
256678	13442	0.06928527	1.1322489
256678	13443	-0.027617902	1.2791282
256678	13444	0.23772734	1.1642956
256678	13445	0.35127836	0.921512
256678	13446	2.8663511	0.7466539
256678	13447	2.8808112	-0.161093
256678	13448	2.572116	0.3250086
256678	13449	2.813232	-0.02272436
256678	13450	2.8958158	0.16704443
256678	13451	4.1209207	-0.910025
256678	13452	4.23133	-1.0090832
256678	13453	4.069742	0.22631672
256678	13454	4.270211	0.06570199
256678	13455	4.1400046	0.10206905
256678	13456	4.1016245	0.010614723
256678	13457	4.0399795	0.30440882
256678	13458	4.063279	0.21193936
256678	13459	4.579042	-0.16962123
256678	13460	4.746651	-0.53214085
256678	13461	4.436945	-0.43125772
256678	13462	3.7595043	0.35132673
256678	13463	3.51438	0.7077774
256678	13464	2.259737	1.5395787
256678	13465	2.265932	1.0224919
256678	13466	4.049805	-0.19416052
256678	13467	5.1704597	-0.86869335
256678	13468	4.1564803	0.11432108
256678	13469	4.326627	-0.30847758
256678	13470	4.114182	-0.11485103
256678	13471	3.9463167	0.40459058
256678	13472	3.7347598	0.59651077
256678	13473	3.5958385	0.590562
256678	13474	3.5769534	0.6821232
256678	13475	3.8643231	0.49768743
256678	13476	5.295429	-0.7410508
256678	13477	4.689721	-0.29148382
256678	13478	4.506187	0.02714926
256678	13479	3.973134	0.31157055
256678	13480	4.169203	0.2762898
256678	13481	4.178692	0.30506036
256678	13482	3.1077614	1.3482488
256678	13483	3.0380998	1.2733663
256678	13484	3.6663756	0.5460639
256678	13485	2.42068	0.18029514
256678	13486	2.3457136	0.15122399
256678	13487	2.3217993	0.4306802
256678	13488	1.8699077	-0.2886777
256678	13489	2.2917309	0.8621998
256678	13490	3.4209719	-0.7407682
256678	13491	3.0613303	-0.23434688
256678	13492	2.9304352	-0.08969283
256678	13493	2.9980793	0.018489063
256678	13494	4.549448	-1.2238395
256678	13495	4.5621953	-1.2986087
256678	13496	4.4629126	-0.80275744
256678	13497	4.714074	-0.9098383
256678	13498	4.7125287	-1.0489012
256678	13499	4.7409143	-0.16286966
256678	13500	4.4348245	0.33482853
256678	13501	3.7759075	0.927847
256678	13502	3.7255082	1.1095763
256678	13503	4.333391	-0.71820974
256678	13504	4.6634016	-0.77327156
256678	13505	3.6528568	-0.17025748
256678	13506	5.3673706	-1.3124764
256678	13507	5.245239	-1.3110338
256678	13508	4.928887	-0.107503206
256678	13509	4.1860504	0.6715174
256678	13510	4.166772	0.68580353
256678	13511	4.4528346	0.66228974
256678	13512	4.3363514	0.7480372
256678	13513	4.7782006	0.6645899
256678	13514	4.855166	0.36879215
256678	13515	4.623814	0.6081071
256678	13516	4.3573117	0.75087833
256678	13517	4.6758895	0.5665159
256678	13518	4.6274586	0.55315137
256678	13519	4.393793	0.937328
256678	13520	4.656375	0.73277426
256678	13521	4.4066796	1.0708779
256678	13522	4.51291	0.9498372
256678	13523	4.4401956	0.95766366
256678	13524	4.4415574	0.9593754
256678	13525	4.436049	0.9783485
256678	13526	4.395505	1.0859853
256678	13527	4.2242036	1.2835221
256678	13528	4.330343	1.2654046
256678	13529	4.3362308	1.2276645
256678	13530	4.567304	0.9992962
256678	13531	4.718299	0.6282413
256678	13532	4.6280947	0.7858707
256678	13533	4.656713	0.3265784
256678	13534	4.072436	-1.7773961
256678	13535	4.2349367	-1.399398
256678	13536	4.630979	-1.1169075
256678	13537	5.606213	-2.0230062
256678	13538	5.621429	-2.1965241
256678	13539	3.5906491	-2.2688146
256678	13540	3.4647431	-1.7593973
256678	13541	3.262703	-0.99916506
256678	13542	3.5236025	-1.2652761
256678	13543	3.6814837	-0.33218288
256678	13544	3.4433155	-0.32411307
256678	13545	3.1956253	-0.028057843
256678	13546	3.6696086	0.57137644
256678	13547	4.3639297	-0.3582522
256678	13548	4.8169174	1.0005046
256678	13549	4.5890326	-1.0830485
256678	13550	5.3553777	-2.019212
256678	13551	0.36628085	-1.0082242
256678	13552	-0.15710086	-0.9217915
256678	13553	0.6025685	-1.0961268
256678	13554	0.75514126	-1.0863907
256678	13555	0.70830774	-0.9397359
256678	13556	0.8433056	-0.9839823
256678	13557	0.92173016	-0.72945714
256678	13558	0.7629726	-0.61966413
256678	13559	3.5771666	-0.7327055
256678	13560	4.57069	-0.5584676
256678	13561	4.7489204	-0.7182223
256678	13562	4.772723	-0.702127
256678	13563	4.787685	-0.82468927
256678	13564	4.973187	-0.90928876
256678	13565	4.519132	-0.3073922
256678	13566	4.075218	0.20000932
256678	13567	3.6961946	0.9662399
256678	13568	5.0489526	-0.6144324
256678	13569	5.0148544	-0.5115356
256678	13570	4.635438	-0.1334768
256678	13571	4.5084534	-0.023151517
256678	13572	4.262098	0.52753496
256678	13573	4.3302665	0.49201837
256678	13574	4.367598	0.60221326
256678	13575	3.714581	1.3198615
256678	13576	3.8663921	1.4625435
256678	13577	4.9316335	-0.1773915
256678	13578	4.566242	0.23809204
256678	13579	4.448448	0.3618538
256678	13580	4.3605547	0.6194774
256678	13581	4.7435255	0.23305067
256678	13582	4.6762204	0.2854074
256678	13583	4.6445932	0.29484102
256678	13584	3.9770575	0.60373604
256678	13585	3.9461913	1.399731
256678	13586	4.1649146	0.3176506
256678	13587	4.009641	0.4045532
256678	13588	4.2777443	0.118795425
256678	13589	4.2804265	1.0899533
256678	13590	3.7350535	0.46526143
256678	13591	3.0118847	1.1264528
256678	13592	2.7501974	0.34067366
256678	13593	2.9960408	1.5158596
256678	13594	3.1282387	0.11812422
256678	13595	3.5516572	-0.029866397
256678	13596	4.142839	-0.78302383
256678	13597	5.1219573	0.12684241
256678	13598	4.2848725	0.59849715
256678	13599	4.6077495	0.35423514
256678	13600	3.3001156	0.12545052
256678	13601	3.1071768	-1.2095212
256678	13602	3.452262	-1.2836665
256678	13603	4.891295	-0.5229917
256678	13604	4.4642806	-0.3269208
256678	13605	5.272367	-0.96687424
256678	13606	4.1193423	-0.02052483
256678	13607	4.4104896	-0.25482762
256678	13608	3.3100939	1.2876501
256678	13609	1.3211429	2.5672371
256678	13610	1.2278506	2.4246867
256678	13611	1.4471267	1.7231817
256678	13612	1.2548491	1.6514542
256678	13613	1.2308189	1.8433368
256678	13614	0.97930765	2.0068948
256678	13615	1.1792374	1.9232111
256678	13616	1.4420434	2.92858
256678	13617	1.775149	2.0464602
256678	13618	1.8350164	1.9741225
256678	13619	1.940164	1.8652909
256678	13620	1.9993538	1.838167
256678	13621	2.6097445	2.4140828
256678	13622	3.1597638	0.18100443
256678	13623	3.2500405	2.529163
256678	13624	3.352569	2.1272027
256678	13625	4.1231394	1.2280775
256678	13626	3.9511027	0.34541824
256678	13627	2.3429823	-0.113851845
256678	13628	2.8435616	0.011585087
256678	13629	2.3087797	1.106611
256678	13630	1.3739626	1.2228566
256678	13631	2.1831627	0.7301837
256678	13632	3.4156542	1.424852
256678	13633	3.4790778	0.1771945
256678	13634	2.9394484	-0.13579461
256678	13635	2.8919973	0.23691466
256678	13636	2.1483984	-0.3329125
256678	13637	1.1361268	-0.26168993
256678	13638	3.3603358	-0.91622573
256678	13639	3.7125702	-1.2368565
256678	13640	0.46559125	-0.09982735
256678	13641	0.44152564	0.03216335
256678	13642	1.9924625	0.039051592
256678	13643	1.9702703	0.15131715
256678	13644	2.131719	0.82392156
256678	13645	2.8741317	0.9970195
256678	13646	0.90249825	0.64810944
256678	13647	1.3310953	1.4734678
256678	13648	1.2904178	1.2088879
256678	13649	2.152659	1.6100745
256678	13650	3.6658201	1.1212271
256678	13651	3.7872	-0.0057876706
256678	13652	3.3838344	-0.32273176
256678	13653	2.544364	-0.32992876
256678	13654	2.5472293	0.8295493
256678	13655	2.4317412	1.8025572
256678	13656	2.787106	0.3902354
256678	13657	2.5786572	0.50343
256678	13658	2.9475431	0.74518
256678	13659	2.4494243	0.9267355
256678	13660	2.9480162	2.0769804
256678	13661	3.7107015	0.9774656
256678	13662	3.5324063	1.1943891
256678	13663	3.8815799	1.3833569
256678	13664	3.9560208	0.12093952
256678	13665	3.445982	-0.04990554
256678	13666	2.6822615	-0.13029507
256678	13667	2.2874308	0.30653813
256678	13668	1.7841417	0.5849974
256678	13669	2.6032205	0.9764836
256678	13670	2.5795941	1.865418
256678	13671	3.0939856	1.4887127
256678	13672	2.5543814	-0.058664978
256678	13673	3.8494196	1.2456322
256678	13674	3.7649784	1.2123212
256678	13675	4.5672274	0.54697275
256678	13676	4.501941	0.6000377
256678	13677	3.0886164	-0.48472032
256678	13678	3.9275904	-0.48057255
256678	13679	4.146081	-0.814608
256678	13680	4.7654824	-0.35261834
256678	13681	3.6971083	-0.9077958
256678	13682	4.1292343	0.23206171
256678	13683	4.6574316	-0.42509016
256678	13684	4.895183	-0.7771543
256678	13685	5.284374	0.19637856
256678	13686	4.2558665	0.85220385
256678	13687	4.166147	-0.5609617
256678	13688	3.619874	0.7389052
256678	13689	4.368986	0.06374553
256678	13690	4.28062	0.93885076
256678	13691	5.3654795	-0.29110593
256678	13692	5.4161353	-0.6759315
256678	13693	5.1856184	-1.7187521
256678	13694	5.75964	-1.811651
256678	13695	5.6373596	-1.8526826
256678	13696	5.699911	-1.893545
256678	13697	5.7906537	-2.0536783
256678	13698	5.834005	-1.1575041
256678	13699	5.3979425	-0.7592555
256678	13700	5.255907	-0.68514025
256678	13701	5.5298157	-0.52672005
256678	13702	5.69785	-1.1283273
256678	13703	5.54967	-1.8371505
256678	13704	5.754163	-1.1351175
256678	13705	5.856722	-1.3306429
256678	13706	6.014873	-1.4816133
256678	13707	5.881824	-0.9703119
256678	13708	4.969332	-0.19728729
256678	13709	4.9697466	0.2776442
256678	13710	4.810485	0.515923
256678	13711	4.6819987	0.8640599
256678	13712	4.8951006	0.3233334
256678	13713	4.552653	0.70958126
256678	13714	4.880916	0.310244
256678	13715	4.83287	0.34223965
256678	13716	4.6221604	0.68611383
256678	13717	4.881177	0.35751292
256678	13718	5.0102277	0.17890534
256678	13719	5.2922835	-0.22252941
256678	13720	5.2896	-0.32915482
256678	13721	5.030166	-0.16859525
256678	13722	5.0905566	0.025582463
256678	13723	5.0537024	0.09718415
256678	13724	5.2192855	-0.14244467
256678	13725	4.836067	0.5144911
256678	13726	4.7299423	0.46467718
256678	13727	4.636056	0.9748188
256678	13728	4.7037625	0.5561516
256678	13729	4.979894	0.501145
256678	13730	4.4450026	1.2787765
256678	13731	3.3228912	2.4404614
256678	13732	2.595089	3.6076343
256678	13733	2.9764051	3.3790476
256678	13734	1.3056009	2.8257399
256678	13735	2.6015182	1.7340856
256678	13736	3.0106988	0.40942237
256678	13737	2.0128703	1.2919792
256678	13738	2.3720026	-0.20783392
256678	13739	1.8747617	0.67784786
256678	13740	1.6789087	0.75291824
256678	13741	2.0944037	1.3873476
256678	13742	2.435223	-0.4650679
256678	13743	2.2614422	0.39169613
256678	13744	3.2531157	-0.5005579
256678	13745	3.1513295	0.5175338
256678	13746	3.903141	0.71670663
256678	13747	4.331947	0.33044335
256678	13748	4.235321	1.0664707
256678	13749	4.1306744	1.3262279
256678	13750	4.9851723	0.5407685
256678	13751	4.6450324	-0.41292882
256678	13752	4.566503	-0.09017697
256678	13753	4.649224	-0.84876883
256678	13754	4.838445	-0.03845334
256678	13755	4.437141	0.05717787
256678	13756	4.7127748	0.92654777
256678	13757	4.7024293	0.5738193
256678	13758	4.4477177	-1.0580957
256678	13759	4.526183	-1.4382523
256678	13760	4.9391327	-0.504854
256678	13761	4.7915535	-1.2647961
256678	13762	4.9557076	-0.65183216
256678	13763	4.9410143	-0.7265997
256678	13764	2.209959	-0.7440399
256678	13765	3.4012628	-0.31532505
256678	13766	5.2108345	-0.56795865
256678	13767	4.391809	0.07035944
256678	13768	4.785098	-0.16812629
256678	13769	3.0431757	1.6307852
256678	13770	3.5031438	1.9818718
256678	13771	2.6542912	2.7011566
256678	13772	2.7273088	0.9916127
256678	13773	3.0105839	0.5070263
256678	13774	1.6637532	0.5340704
256678	13775	1.4109138	-0.31061703
256678	13776	1.4024655	-0.101023644
256678	13777	3.5318828	0.13231167
256678	13778	3.3982825	0.1283758
256678	13779	3.9620318	-0.47302914
256678	13780	2.2168217	-0.50293064
256678	13781	3.2963514	-1.113738
256678	13782	4.050548	-1.7867529
256678	13783	3.5662532	-1.0356059
256678	13784	3.9521947	-0.7103958
256678	13785	0.5659113	-0.44994196
256678	13786	3.4354897	-0.8351569
256678	13787	3.560697	-0.8462845
256678	13788	3.5455542	-0.88888085
256678	13789	3.4647555	-0.3377928
256678	13790	4.125221	0.31795874
256678	13791	1.9673644	-0.14774084
256678	13792	2.9778943	-1.1086282
256678	13793	2.535914	-1.2131591
256678	13794	3.3949356	-1.3475624
256678	13795	4.5102205	-1.0876505
256678	13796	3.892774	-0.87293804
256678	13797	3.7073903	-1.2331116
256678	13798	4.252731	-1.684405
256678	13799	3.1383452	-1.4829189
256678	13800	4.2261443	-1.5473484
256678	13801	4.4475064	-1.7098069
256678	13802	4.5521655	-1.7159463
256678	13803	4.510733	-1.2382052
256678	13804	3.8528037	-1.1044807
256678	13805	3.5432425	-0.94065106
256678	13806	3.5170636	-0.4930584
256678	13807	3.3626432	-1.1949188
256678	13808	3.6733747	-1.1203597
256678	13809	3.717382	-0.38961762
256678	13810	3.5045218	-0.20184362
256678	13811	3.3597374	-0.24219492
256678	13812	3.4105268	0.47521076
256678	13813	3.4196339	0.8029102
256678	13814	3.3653803	-0.4741616
256678	13815	4.0196543	0.44603774
256678	13816	4.147673	1.2599634
256678	13817	3.5966568	0.54457295
256678	13818	3.5711532	0.6560954
256678	13819	3.3424487	1.1806927
256678	13820	3.1566782	-0.36511016
256678	13821	3.8361778	0.6769295
256678	13822	3.993753	0.62235427
256678	13823	3.929213	1.4952961
256678	13824	3.7457614	1.6069791
256678	13825	3.270515	2.0788677
256678	13826	3.5295796	0.28666714
256678	13827	3.5092049	0.52570665
256678	13828	3.177105	0.6494435
256678	13829	2.9901533	1.1133609
256678	13830	2.569322	0.6414497
256678	13831	2.907514	-0.8003042
256678	13832	3.0559678	-0.5384983
256678	13833	2.3974562	-0.9135083
256678	13834	2.5531316	0.3449978
256678	13835	1.9645025	0.59271157
256678	13836	2.1557102	0.72077954
256678	13837	3.8473773	-0.72808707
256678	13838	4.06018	-0.07999647
256678	13839	2.6140347	1.0181316
256678	13840	2.8834724	-0.23857729
256678	13841	2.6874623	0.2972974
256678	13842	2.66891	0.38447908
256678	13843	2.6660547	0.5108743
256678	13844	4.0712633	-0.7847676
256678	13845	2.0598083	0.8713454
256678	13846	2.5869946	0.5950134
256678	13847	3.7254896	0.09628788
256678	13848	3.4739423	1.0051919
256678	13849	2.3553014	1.9333713
256678	13850	2.3788495	2.023144
256678	13851	2.5245109	1.92469
256678	13852	2.8106651	1.7451944
256678	13853	2.9886498	1.7889225
256678	13854	2.9682345	0.054859668
256678	13855	3.7391157	-0.7383399
256678	13856	3.7253337	-0.661313
256678	13857	3.4429421	0.22709855
256678	13858	3.1929483	1.4204518
256678	13859	3.398387	1.036754
256678	13860	3.137217	-0.26912344
256678	13861	3.6686282	1.1374576
256678	13862	3.6436148	0.88545406
256678	13863	3.4265947	-0.23149827
256678	13864	3.6292539	-0.21870813
256678	13865	3.586484	0.9658885
256678	13866	3.2185316	0.9336034
256678	13867	3.220039	-0.10422483
256678	13868	3.6972175	0.94249976
256678	13869	3.296722	-0.18160039
256678	13870	2.4037132	0.6395484
256678	13871	3.820737	-0.33776662
256678	13872	2.0659733	0.9464474
256678	13873	2.171084	1.219797
256678	13874	3.5432096	1.1063845
256678	13875	3.3085804	1.0346609
256678	13876	1.7803918	2.4889584
256678	13877	1.1832575	2.4836125
256678	13878	1.3029103	2.2063193
256678	13879	1.1363099	2.5890105
256678	13880	2.5260625	2.5979443
256678	13881	2.8972726	2.0648942
256678	13882	3.3523674	1.7348471
256678	13883	1.906124	1.2933371
256678	13884	3.4523935	0.03366083
256678	13885	3.1323428	0.33526763
256678	13886	3.2441902	0.27258006
256678	13887	2.0781121	0.11544594
256678	13888	2.7592387	0.8594971
256678	13889	3.2783666	1.0845369
256678	13890	3.07828	-0.13827592
256678	13891	3.0976286	-0.58202344
256678	13892	3.106957	0.68564427
256678	13893	2.7727294	0.51349163
256678	13894	3.2699575	0.9572594
256678	13895	2.855701	1.115609
256678	13896	3.5144691	0.51160014
256678	13897	2.756394	-0.37117636
256678	13898	3.5983558	-0.78316545
256678	13899	3.7726655	0.6903832
256678	13900	3.2666154	-0.4685824
256678	13901	3.604045	0.8680724
256678	13902	4.482937	0.06618503
256678	13903	3.9129968	-1.2518463
256678	13904	4.3319874	-1.4059519
256678	13905	4.479533	-1.5359055
256678	13906	3.426036	-0.78415835
256678	13907	2.9537983	-0.4056446
256678	13908	4.127043	-1.2355722
256678	13909	3.6261735	-0.85263467
256678	13910	3.2526321	-0.46680096
256678	13911	4.0978475	-1.0552272
256678	13912	3.2604842	-0.5187027
256678	13913	3.104629	-0.3139473
256678	13914	3.3232293	-0.52918214
256678	13915	3.4645271	-0.9579979
256678	13916	4.716819	-1.6019446
256678	13917	4.234625	-1.4378939
256678	13918	4.394832	-1.3920166
256678	13919	4.1393085	-1.3073338
256678	13920	4.7856784	-1.6209494
256678	13921	4.050683	-1.137778
256678	13922	4.42745	-1.4047503
256678	13923	4.448839	-1.2675713
256678	13924	3.7723794	-0.7192313
256678	13925	4.3050275	-0.92290264
256678	13926	4.529059	0.41127852
256678	13927	4.8318825	-1.0347277
256678	13928	4.639315	-0.8380652
256678	13929	4.259101	-0.7024322
256678	13930	4.7570133	-1.1942049
256678	13931	4.7978935	-1.4340761
256678	13932	2.9974418	-1.4705124
256678	13933	3.7683988	-0.7156037
256678	13934	4.0258365	-0.43630382
256678	13935	5.32446	-1.6158394
256678	13936	5.4127283	-0.7174274
256678	13937	4.4812407	0.5727531
256678	13938	4.38306	0.22420236
256678	13939	4.5518126	0.303333
256678	13940	4.476718	0.46802196
256678	13941	4.670058	0.38822004
256678	13942	4.6435122	0.2937357
256678	13943	3.181374	0.3506675
256678	13944	3.9289556	0.81857777
256678	13945	5.1103635	-0.44505984
256678	13946	4.498686	0.7818364
256678	13947	4.179596	1.1884797
256678	13948	4.4348645	1.1212575
256678	13949	4.4448137	1.365504
256678	13950	3.8455038	2.0116234
256678	13951	3.1480107	1.8652632
256678	13952	2.3647408	1.2785797
256678	13953	1.13556	0.86244655
256678	13954	1.6850454	0.3808668
256678	13955	2.5300894	0.37155762
256678	13956	2.663972	0.42511746
256678	13957	2.6285357	1.4917595
256678	13958	2.76399	0.99707603
256678	13959	3.1064591	1.8302326
256678	13960	4.08182	0.11878005
256678	13961	4.2295127	1.5940411
256678	13962	3.9335241	0.08116904
256678	13963	3.4258485	0.98651946
256678	13964	3.593279	-0.10449374
256678	13965	3.7859473	0.018036932
256678	13966	4.174155	1.1376312
256678	13967	3.8499866	1.1395006
256678	13968	2.6304598	2.5383818
256678	13969	2.9578795	1.5180737
256678	13970	3.0891323	1.470059
256678	13971	2.3424745	0.9165971
256678	13972	1.9010543	1.7672598
256678	13973	1.0099938	1.0380441
256678	13974	1.5781881	1.4798393
256678	13975	1.6316713	1.1845365
256678	13976	3.5144339	1.2882384
256678	13977	3.3695765	1.330466
256678	13978	2.90769	0.55783653
256678	13979	0.28765935	1.6048694
256678	13980	0.56594884	1.5915475
256678	13981	0.42306226	1.5921345
256678	13982	2.4095497	1.3904607
256678	13983	1.8761369	1.3850973
256678	13984	2.2160373	1.1294043
256678	13985	2.9943552	2.5154343
256678	13986	3.1038723	2.6206264
256678	13987	4.0487723	1.3325495
256678	13988	3.647025	2.014871
256678	13989	4.4728427	0.5156226
256678	13990	3.8838763	1.0925196
256678	13991	3.5529742	1.1578747
256678	13992	3.476853	1.6224871
256678	13993	3.155603	2.44803
256678	13994	1.9963511	0.6717497
256678	13995	2.5667758	0.34524956
256678	13996	2.7327557	0.43206736
256678	13997	4.400842	-0.78578687
256678	13998	4.5333543	-0.96870875
256678	13999	4.605159	-0.17336056
256678	14000	4.7007766	-0.17684832
256678	14001	4.708606	-0.33946544
256678	14002	4.5062985	0.81241715
256678	14003	4.3669753	0.9415879
256678	14004	4.4856734	0.7493738
256678	14005	3.085762	2.2555032
256678	14006	2.991385	2.403978
256678	14007	3.844357	1.6870129
256678	14008	4.0676975	1.5422204
256678	14009	3.3173642	2.2177484
256678	14010	3.0859528	2.4479785
256678	14011	2.916438	2.8579745
256678	14012	3.266686	0.34355178
256678	14013	3.9424381	0.32277521
256678	14014	5.025115	-0.6898657
256678	14015	4.8076787	-0.55768657
256678	14016	3.921924	0.11042431
256678	14017	3.512919	0.4732186
256678	14018	3.2514553	0.79606724
256678	14019	3.1523695	0.93417656
256678	14020	2.1125355	0.7595761
256678	14021	2.4264083	0.6104286
256678	14022	2.3460832	0.9600438
256678	14023	2.9730234	0.22841051
256678	14024	4.225814	-0.5598828
256678	14025	4.500992	0.011120975
256678	14026	4.933613	-0.32831222
256678	14027	4.4310145	0.8522252
256678	14028	4.264589	1.2190635
256678	14029	3.451951	1.7574103
256678	14030	3.1991968	2.141767
256678	14031	3.6078267	-0.029253274
256678	14032	4.8766046	-0.60388166
256678	14033	4.629115	-0.5270477
256678	14034	3.5875378	0.3702313
256678	14035	3.3040342	0.53915477
256678	14036	3.3816357	0.5268898
256678	14037	2.4948502	0.12326017
256678	14038	2.6454873	0.28809586
256678	14039	2.6328344	0.4264746
256678	14040	2.7037182	0.40358612
256678	14041	2.6869807	0.5385237
256678	14042	4.4378443	-1.0179901
256678	14043	4.8065753	-0.35128233
256678	14044	5.1420684	-0.5484618
256678	14045	5.018541	-0.610405
256678	14046	5.121268	-0.65906274
256678	14047	4.74247	0.501724
256678	14048	4.599788	0.72960544
256678	14049	3.3515348	1.9019458
256678	14050	4.0895553	1.3096972
256678	14051	3.3225427	2.163208
256678	14052	3.1244311	2.3815398
256678	14053	3.4744458	0.40026167
256678	14054	4.37749	-0.20639881
256678	14055	3.9062047	0.44071522
256678	14056	3.1968665	-0.21939895
256678	14057	2.5405326	0.8651068
256678	14058	4.131179	-0.6937253
256678	14059	4.495197	-0.89935803
256678	14060	4.5693536	-0.01661864
256678	14061	4.843986	-0.30305552
256678	14062	4.72264	-0.37172645
256678	14063	4.559831	0.71271574
256678	14064	4.3804326	0.8666445
256678	14065	4.2096243	1.1347038
256678	14066	4.281449	1.121759
256678	14067	4.4671183	1.0512792
256678	14068	3.4218478	2.1923559
256678	14069	3.3923912	2.100578
256678	14070	3.132298	2.5567975
256678	14071	3.4317317	2.1998377
256678	14072	3.4513621	2.2772348
256678	14073	3.8658438	1.9549987
256678	14074	4.2546616	1.2443565
256678	14075	4.4216003	1.0830337
256678	14076	4.328299	1.2611722
256678	14077	4.5560956	0.9792011
256678	14078	4.6618204	0.59722316
256678	14079	5.138469	-0.21490395
256678	14080	5.1429186	-0.006011218
256678	14081	5.5174713	-0.29336146
256678	14082	5.5048203	-0.52916753
256678	14083	5.555722	-0.6032905
256678	14084	5.268873	-1.9548821
256678	14085	5.2395744	-1.739661
256678	14086	5.502429	-1.0878605
256678	14087	5.450873	-1.057532
256678	14088	5.379664	-1.0052053
256678	14089	5.3766017	-0.9959601
256678	14090	5.356618	-0.9490322
256678	14091	4.486907	-1.5506222
256678	14092	4.86658	-1.615788
256678	14093	4.5364976	-0.8315475
256678	14094	4.6170197	-0.83021164
256678	14095	4.34109	-0.7222268
256678	14096	4.430385	-0.7272692
256678	14097	4.90556	-0.40144566
256678	14098	5.748092	-1.0910842
256678	14099	6.1970325	-1.2660701
256678	14100	6.2908983	-1.4194942
256678	14101	6.235622	-2.0682173
256678	14102	6.9162817	-2.4121056
256678	14103	6.5934887	-2.1599724
256678	14104	6.542229	-2.58808
256678	14105	6.7099695	-2.4183667
256678	14106	6.561783	-2.3135338
256678	14107	6.4835334	-1.7978593
256678	14108	6.332329	-2.3372715
256678	14109	6.6127224	-2.303768
256678	14110	6.4940524	-1.3039719
256678	14111	6.35521	-1.5900158
256678	14112	6.3196898	-1.5365332
256678	14113	6.2956686	-1.5745748
256678	14114	6.2782884	-1.7279934
256678	14115	6.2224755	-1.4257671
256678	14116	6.069802	-2.776539
256678	14117	6.312577	-2.7202623
256678	14118	6.307689	-2.584078
256678	14119	2.0510836	-1.8920069
256678	14120	1.9647673	-1.5378217
256678	14121	2.6852298	-1.714011
256678	14122	2.5023909	-1.6434803
256678	14123	2.6842885	-1.706514
256678	14124	2.484253	-1.4428681
256678	14125	2.639038	-1.4802458
256678	14126	2.007855	-1.565362
256678	14127	2.389348	-1.60602
256678	14128	2.0949025	-1.29811
256678	14129	2.216895	-1.3435787
256678	14130	2.2817888	-1.1218213
256678	14131	2.350994	-1.1449507
256678	14132	2.8132248	-1.498652
256678	14133	3.6633906	-1.3464679
256678	14134	3.2576318	-1.255823
256678	14135	3.6228938	-0.95228577
256678	14136	4.8367386	0.089737326
256678	14137	4.4946675	-0.27678856
256678	14138	4.7693305	-0.21167943
256678	14139	4.8785377	-0.40292323
256678	14140	5.1657224	-0.59556973
256678	14141	5.0110826	-0.47945544
256678	14142	4.791338	-1.0174831
256678	14143	5.2056684	-1.2646328
256678	14144	4.9224987	-0.25136077
256678	14145	5.0370255	-0.36963642
256678	14146	5.321059	-0.79214704
256678	14147	5.099932	-0.60113674
256678	14148	4.736194	-0.2764058
256678	14149	4.6971717	-0.23227762
256678	14150	5.1214533	-0.73371106
256678	14151	4.529736	-0.107268274
256678	14152	4.576943	-0.19545892
256678	14153	4.865018	-0.485379
256678	14154	4.8138165	-0.4400701
256678	14155	4.8808327	-0.43695292
256678	14156	4.832711	-0.3575127
256678	14157	4.6819243	-0.29600248
256678	14158	4.674058	-0.2804587
256678	14159	4.8768287	-0.40420395
256678	14160	4.9644012	-0.47692168
256678	14161	5.326456	-0.9168048
256678	14162	5.402177	-0.8455051
256678	14163	3.2913122	-1.1771255
256678	14164	3.7562256	-0.42945045
256678	14165	3.5814266	-0.627489
256678	14166	3.7515774	-0.9068545
256678	14167	3.9740925	-0.068758994
256678	14168	3.9382696	-0.34757173
256678	14169	3.9880037	-0.49585006
256678	14170	4.33163	0.13705203
256678	14171	4.3272634	0.012029141
256678	14172	4.4176793	0.7543107
256678	14173	4.3166285	0.624907
256678	14174	4.539522	0.7486509
256678	14175	4.063845	1.4977956
256678	14176	4.1404357	1.399894
256678	14177	3.685275	1.9021301
256678	14178	3.817751	1.8833458
256678	14179	3.9339166	1.9124379
256678	14180	4.085385	1.8522766
256678	14181	2.9071164	1.0425253
256678	14182	2.9789176	1.392578
256678	14183	3.89334	1.87468
256678	14184	4.0133314	1.9234164
256678	14185	4.1868253	1.7467344
256678	14186	4.4722724	1.649044
256678	14187	3.891007	2.090046
256678	14188	3.7165856	1.9880457
256678	14189	3.996119	1.9367146
256678	14190	3.8690448	2.1207423
256678	14191	3.5761466	2.4133492
256678	14192	1.5836543	3.6376522
256678	14193	1.4056225	4.0092726
256678	14194	1.28012	4.0690594
256678	14195	1.2051234	4.009614
256678	14196	2.6612215	3.214316
256678	14197	2.7953162	2.546346
256678	14198	2.898026	2.7209368
256678	14199	2.6692624	2.8408835
256678	14200	2.7427125	2.7618399
256678	14201	2.5401235	2.9560597
256678	14202	3.3136458	2.562508
256678	14203	3.50114	2.4031076
256678	14204	3.3123112	2.5491967
256678	14205	3.380371	2.664931
256678	14206	3.22652	2.6776655
256678	14207	3.2991276	2.6062155
256678	14208	3.2413106	2.668272
256678	14209	0.9475874	4.2673984
256678	14210	0.8489486	4.5278425
256678	14211	0.85371053	4.427274
256678	14212	0.8042728	4.416289
256678	14213	1.0036826	2.3508646
256678	14214	1.6735386	1.6464341
256678	14215	1.7208892	1.9220545
256678	14216	1.6163749	2.0407932
256678	14217	2.0721645	0.18951586
256678	14218	2.3190079	0.509869
256678	14219	2.2934399	0.2708318
256678	14220	2.5043592	0.8400377
256678	14221	3.1426272	0.27008137
256678	14222	3.0632935	0.36418185
256678	14223	3.5595274	0.2697622
256678	14224	4.3542986	1.5774817
256678	14225	3.938158	0.07801017
256678	14226	3.6968498	0.56689453
256678	14227	3.8292804	0.5282235
256678	14228	1.1825751	0.19070974
256678	14229	1.4493014	0.8857738
256678	14230	1.5628928	0.51261556
256678	14231	3.9894433	0.5460931
256678	14232	3.6519551	0.8678479
256678	14233	3.7667518	-0.10073078
256678	14234	3.6912675	0.5285431
256678	14235	3.6031828	0.74265087
256678	14236	3.4294019	0.841877
256678	14237	1.4499505	0.6065624
256678	14238	1.5619901	0.5780828
256678	14239	3.9116497	0.8077346
256678	14240	3.8825607	0.74663484
256678	14241	2.070941	2.9632583
256678	14242	1.8507439	3.2232132
256678	14243	1.6230325	3.5242958
256678	14244	3.0836587	2.039598
256678	14245	5.9971375	-1.2692817
256678	14246	6.4405003	-1.6048582
256678	14247	5.9302526	-1.3524936
256678	14248	5.8663354	-1.4591329
256678	14249	5.458225	-0.91634595
256678	14250	5.580094	-1.356957
256678	14251	5.4344335	-1.0983212
256678	14252	5.2383366	-0.86569375
256678	14253	5.27848	-0.9412675
256678	14254	5.1653366	-0.74413633
256678	14255	5.0031404	-0.8444598
256678	14256	4.951903	-0.50627214
256678	14257	4.8901234	-0.3434985
256678	14258	4.2506948	0.50471985
256678	14259	4.002076	0.85245883
256678	14260	1.2141631	2.1735811
256678	14261	0.95313716	1.1804252
256678	14262	0.8338797	1.0198793
256678	14263	1.0520836	0.52968
256678	14264	1.741182	1.3694234
256678	14265	1.3195392	2.255318
256678	14266	0.6628442	1.9862027
256678	14267	0.82648706	2.0030906
256678	14268	0.8846463	1.9756417
256678	14269	0.35983455	2.407303
256678	14270	0.47921115	2.151028
256678	14271	0.60158396	2.0948865
256678	14272	0.14120835	1.899143
256678	14273	0.43307626	1.5715232
256678	14274	1.0515378	2.00859
256678	14275	0.5735128	2.1529539
256678	14276	3.4618888	1.9179654
256678	14277	2.4243708	1.801656
256678	14278	1.9187442	0.9320308
256678	14279	0.69709206	0.92932475
256678	14280	-0.2330516	1.0632809
256678	14281	-0.1412293	1.229855
256678	14282	-0.036566794	1.3052095
256678	14283	-0.13848868	1.370082
256678	14284	2.8263488	0.61296177
256678	14285	3.3891344	0.5907911
256678	14286	2.6960487	0.5947534
256678	14287	2.552556	-0.26795456
256678	14288	2.778563	-0.17512313
256678	14289	0.37140232	0.46838388
256678	14290	-0.11736262	0.60722196
256678	14291	0.1925624	0.4239296
256678	14292	0.39540088	0.61708593
256678	14293	0.12055695	0.8442242
256678	14294	0.4647749	1.1777232
256678	14295	0.44698894	0.7731472
256678	14296	0.3640018	0.9963894
256678	14297	0.6787114	1.595469
256678	14298	0.62720966	0.24452224
256678	14299	3.1750674	0.5141412
256678	14300	3.0052314	0.13659236
256678	14301	2.925301	0.16400173
256678	14302	2.1849408	-0.1739062
256678	14303	2.5829039	0.2241908
256678	14304	3.2196455	-0.113087445
256678	14305	0.219473	0.6646911
256678	14306	-0.40041786	1.0012668
256678	14307	-0.16809124	0.85668516
256678	14308	0.0050809383	1.1257873
256678	14309	-0.040788203	1.2048391
256678	14310	-0.052330077	1.094533
256678	14311	0.038571	1.0283077
256678	14312	0.41041946	1.2937934
256678	14313	2.8201203	0.95312464
256678	14314	2.601511	0.61432254
256678	14315	2.669601	0.45243523
256678	14316	2.4804068	0.72791314
256678	14317	1.9295164	0.17191711
256678	14318	0.55981123	0.29601803
256678	14319	-0.15957767	0.5938388
256678	14320	0.15608042	0.48077616
256678	14321	0.21405536	0.2612523
256678	14322	0.46894687	0.4502419
256678	14323	0.50527024	1.037816
256678	14324	0.3026672	0.88777244
256678	14325	0.24101698	1.030793
256678	14326	2.8489213	0.70301664
256678	14327	2.8799677	-0.2000218
256678	14328	2.8964634	0.1376414
256678	14329	2.2924743	-0.18028188
256678	14330	2.9047904	-0.27711236
256678	14331	0.5739566	0.12412289
256678	14332	0.11041945	0.4131913
256678	14333	0.06284964	0.46432492
256678	14334	2.900096	-0.32774234
256678	14335	3.754736	0.13911435
256678	14336	3.4279652	0.82238674
256678	14337	3.2660584	1.2386894
256678	14338	1.3943027	2.9203866
256678	14339	1.176628	4.36504
256678	14340	-0.069481045	5.1853843
256678	14341	1.4335966	4.4904575
256678	14342	-0.059108436	4.2235045
256678	14343	-0.81250334	4.1792083
256678	14344	-0.31268114	4.2927804
256678	14345	1.4828305	3.7678363
256678	14346	1.8797833	3.2710338
256678	14347	2.307063	1.6441121
256678	14348	1.4806987	1.499627
256678	14349	1.550887	1.5177172
256678	14350	3.2647786	-0.052998096
256678	14351	3.6063795	0.20842424
256678	14352	3.7682548	1.271831
256678	14353	3.0195193	2.0613103
256678	14354	3.438086	0.1299868
256678	14355	3.2355065	0.47417036
256678	14356	2.3850627	0.15874055
256678	14357	2.0700102	0.93585885
256678	14358	2.136541	1.1797293
256678	14359	3.6701546	-0.40670002
256678	14360	2.7366862	0.3220121
256678	14361	3.8737588	-0.6955388
256678	14362	2.4587002	0.5085077
256678	14363	3.043851	1.6778958
256678	14364	2.5301766	2.300469
256678	14365	2.5108566	2.524371
256678	14366	3.4520683	2.7037714
256678	14367	3.7275205	2.4485013
256678	14368	4.2479005	1.800092
256678	14369	3.6942291	2.2446399
256678	14370	3.7454233	2.37767
256678	14371	3.5848522	2.3551974
256678	14372	4.3863525	1.6424217
256678	14373	3.7938342	2.3705266
256678	14374	3.7271457	2.3859737
256678	14375	4.850608	0.6810162
256678	14376	4.885185	0.62587965
256678	14377	5.497208	-0.0050586164
256678	14378	5.1049447	0.34882322
256678	14379	4.649363	0.51210225
256678	14380	4.461254	0.7143985
256678	14381	4.335612	0.9353837
256678	14382	3.9908543	1.3192334
256678	14383	3.8579464	1.1824284
256678	14384	3.7679763	1.3983294
256678	14385	3.4898558	0.8171977
256678	14386	3.6076722	0.8334707
256678	14387	4.6556125	-0.0052535534
256678	14388	4.351514	1.1283693
256678	14389	4.2926407	1.284457
256678	14390	3.3025079	2.1465788
256678	14391	3.2853417	2.3273056
256678	14392	3.5679069	0.69292676
256678	14393	3.7694716	0.9156563
256678	14394	3.6257453	0.855309
256678	14395	4.386689	0.079264075
256678	14396	4.2603617	0.9874995
256678	14397	4.253742	0.9928199
256678	14398	3.2812037	1.8066833
256678	14399	3.297954	1.9147716
256678	14400	3.712613	1.1804801
256678	14401	3.7786336	1.1490147
256678	14402	3.915934	0.9425882
256678	14403	3.7726007	0.1786184
256678	14404	3.5896544	0.26862624
256678	14405	3.750311	0.3824195
256678	14406	4.771539	-0.55464756
256678	14407	4.615531	0.18783167
256678	14408	4.66178	0.5857099
256678	14409	3.4829917	1.4493437
256678	14410	3.3808007	1.7538552
256678	14411	3.2395897	1.923279
256678	14412	3.53262	1.5667067
256678	14413	3.698111	1.7166097
256678	14414	3.6699958	1.8408797
256678	14415	3.5217476	0.3406478
256678	14416	5.0240006	-0.6938642
256678	14417	4.718269	-0.65694785
256678	14418	4.597089	0.61054933
256678	14419	2.8848653	2.17866
256678	14420	3.3994293	0.7006116
256678	14421	3.3680735	1.0279019
256678	14422	4.642824	-0.17080468
256678	14423	4.3915734	0.89071286
256678	14424	3.4166179	1.7680929
256678	14425	3.7640033	-0.046954215
256678	14426	3.7985168	0.32973334
256678	14427	3.66677	0.35893223
256678	14428	3.4209313	0.7748773
256678	14429	4.708602	-0.24362335
256678	14430	4.555202	0.6973257
256678	14431	3.5811563	1.6294916
256678	14432	3.9613142	-0.19764212
256678	14433	4.0339627	0.13873413
256678	14434	3.880587	0.16303357
256678	14435	4.8202467	-0.60206866
256678	14436	4.575175	-0.5126408
256678	14437	4.2036467	0.77779627
256678	14438	3.8012142	1.3106494
256678	14439	4.3485684	0.69074726
256678	14440	4.480104	0.4938831
256678	14441	4.4920583	0.5476773
256678	14442	3.326933	1.7793887
256678	14443	3.468011	2.1122549
256678	14444	3.2589011	2.419949
256678	14445	3.349471	2.3326075
256678	14446	5.0631557	0.4892291
256678	14447	5.5566425	-0.33095747
256678	14448	5.019611	0.43586543
256678	14449	4.4239664	0.40618333
256678	14450	3.9781952	1.3822082
256678	14451	3.5830798	1.8435314
256678	14452	2.3561945	3.8475082
256678	14453	2.1068158	4.2925487
256678	14454	2.7128654	3.8526146
256678	14455	2.664235	4.065367
256678	14456	2.684997	3.9860108
256678	14457	3.1135573	3.5512393
256678	14458	3.1081347	3.5697558
256678	14459	3.5323367	3.25793
256678	14460	3.330267	3.3734553
256678	14461	3.151915	3.5530918
256678	14462	2.6261845	4.2243714
256678	14463	2.6288614	4.2904596
256678	14464	2.0768843	4.5784726
256678	14465	2.0575342	4.66034
256678	14466	1.38801	5.0798163
256678	14467	1.2342559	5.127093
256678	14468	1.1412594	5.252589
256678	14469	-0.35644847	5.2658577
256678	14470	-0.051460862	5.481353
256678	14471	0.34286433	5.4187756
256678	14472	0.91185856	5.009463
256678	14473	1.066796	4.9711895
256678	14474	1.2268814	4.959583
256678	14475	0.7541683	5.343236
256678	14476	1.2112623	5.009486
256678	14477	1.570532	4.7954497
256678	14478	1.9540664	4.5475087
256678	14479	0.94573593	5.1794934
256678	14480	-0.7956822	6.130092
256678	14481	-1.1678796	6.084279
256678	14482	-1.012924	6.0076284
256678	14483	-1.2245293	5.443393
256678	14484	-1.109837	5.106652
256678	14485	-0.98419714	5.1945586
256678	14486	-0.70758766	5.125316
256678	14487	-0.7711201	5.276549
256678	14488	-0.74581015	5.2175794
256678	14489	-1.3778173	5.088071
256678	14490	-1.2155535	5.2087207
256678	14491	-1.0491008	4.2379823
256678	14492	-1.0005766	4.331393
256678	14493	-1.0811574	4.767691
256678	14494	-0.84000343	4.8652415
256678	14495	-0.9736593	5.003466
256678	14496	-0.9224271	4.9976892
256678	14497	-1.1325251	4.8541636
256678	14498	-0.6521115	4.544874
256678	14499	-0.58085334	4.8159432
256678	14500	-0.2248533	4.844376
256678	14501	-0.3895864	4.5240254
256678	14502	-0.26182604	4.682812
256678	14503	-0.665881	5.315022
256678	14504	-0.2073451	4.6807876
256678	14505	-0.16622135	4.933585
256678	14506	0.0055107474	4.79796
256678	14507	0.31478953	5.050579
256678	14508	-0.04440096	4.78037
256678	14509	0.66241944	4.153427
256678	14510	0.008260608	4.0437527
256678	14511	0.3110959	3.4263155
256678	14512	0.13379878	4.7317696
256678	14513	0.4699931	4.468544
256678	14514	0.43196023	4.305354
256678	14515	0.74498487	3.9288027
256678	14516	0.9824132	3.668494
256678	14517	0.76571345	4.403816
256678	14518	0.8043411	4.526345
256678	14519	0.6154306	3.756842
256678	14520	0.03840679	4.6237044
256678	14521	0.6087426	3.930703
256678	14522	0.57132983	4.016539
256678	14523	1.5810004	3.7334497
256678	14524	1.3133674	3.9850247
256678	14525	2.0647798	3.389791
256678	14526	1.2044122	2.6774395
256678	14527	1.339119	2.7986841
256678	14528	1.4067702	2.8297467
256678	14529	2.6930213	2.7457445
256678	14530	2.291429	3.1991932
256678	14531	2.381473	3.201714
256678	14532	2.6320586	2.851403
256678	14533	3.1460018	2.5410426
256678	14534	3.0818276	2.682284
256678	14535	3.0203376	2.5751193
256678	14536	3.8714824	1.5450163
256678	14537	3.9152718	1.5221511
256678	14538	2.6957326	2.8443472
256678	14539	2.411519	1.3427396
256678	14540	1.9950122	2.1821008
256678	14541	2.0672932	2.1080635
256678	14542	2.2773566	2.135115
256678	14543	2.428125	1.9018936
256678	14544	2.3906312	2.0304072
256678	14545	2.5993414	1.958936
256678	14546	2.718215	1.8709648
256678	14547	2.7360063	1.9326823
256678	14548	2.6817603	1.9669046
256678	14549	1.49713	2.9227219
256678	14550	1.7483627	2.9523458
256678	14551	1.3808978	3.4879432
256678	14552	1.9933165	4.155429
256678	14553	1.8305696	4.0331025
256678	14554	1.7852286	4.136661
256678	14555	2.493639	4.295416
256678	14556	2.5645852	4.271404
256678	14557	2.7251143	4.208344
256678	14558	1.9623803	3.7511194
256678	14559	3.5387263	2.5283515
256678	14560	3.955144	2.305935
256678	14561	3.4588232	3.4221785
256678	14562	3.6661873	3.628679
256678	14563	3.7962723	3.4276297
256678	14564	4.5215445	2.6192966
256678	14565	4.0980353	3.0151188
256678	14566	4.516859	2.8387723
256678	14567	4.744509	2.4156063
256678	14568	4.794271	2.307996
256678	14569	5.0597844	2.356477
256678	14570	5.0693083	2.1527686
256678	14571	5.0687118	2.2347887
256678	14572	3.6892366	1.0824021
256678	14573	3.3128357	2.5093584
256678	14574	3.758655	2.341191
256678	14575	3.9049163	2.0926971
256678	14576	3.981225	1.9368145
256678	14577	4.1603656	1.7950044
256678	14578	4.0323806	2.0423708
256678	14579	4.383157	1.4332079
256678	14580	2.6908054	0.69038284
256678	14581	1.462617	1.1296977
256678	14582	0.90919816	1.3552148
256678	14583	1.1033678	2.0122359
256678	14584	0.20525682	1.7987342
256678	14585	0.5621978	1.5467124
256678	14586	0.6155101	1.6682808
256678	14587	0.9539552	2.2467463
256678	14588	1.3072875	1.347369
256678	14589	1.6111814	1.0427228
256678	14590	1.6043249	2.103724
256678	14591	0.6939322	2.0801969
256678	14592	1.4406924	2.190336
256678	14593	0.68569946	1.9489372
256678	14594	1.8778285	1.5804994
256678	14595	0.95111823	1.2733922
256678	14596	1.911462	1.6990094
256678	14597	3.3881354	2.3906364
256678	14598	3.2555547	1.1434071
256678	14599	3.265427	1.0292349
256678	14600	2.2360015	1.1058819
256678	14601	2.572381	1.0491625
256678	14602	0.8605845	1.3392941
256678	14603	0.29509366	1.4208815
256678	14604	0.13804477	1.3369915
256678	14605	-0.034588456	0.99060583
256678	14606	0.050901234	1.3424186
256678	14607	0.44448346	0.78295994
256678	14608	0.36372918	0.628374
256678	14609	2.7036428	0.35365358
256678	14610	3.9741516	-0.06545976
256678	14611	3.7142372	1.1868668
256678	14612	2.6785822	1.8397367
256678	14613	2.4604254	0.95546365
256678	14614	2.8014202	0.6846672
256678	14615	0.96535623	0.80075955
256678	14616	0.2137711	1.2854347
256678	14617	-0.17503121	1.179521
256678	14618	-0.30876303	0.9660363
256678	14619	-0.42124444	0.6646093
256678	14620	-0.22403368	1.0120039
256678	14621	0.0026996136	0.8770124
256678	14622	-0.22819284	0.7383392
256678	14623	-0.0076062083	1.2334504
256678	14624	2.6788855	0.7845943
256678	14625	2.9590516	0.01907155
256678	14626	3.1263251	0.84838605
256678	14627	2.8796144	1.2535453
256678	14628	2.7095675	1.5269886
256678	14629	3.361454	1.2439276
256678	14630	2.373581	1.0627099
256678	14631	2.672505	0.9092878
256678	14632	3.002451	0.8415998
256678	14633	0.9387994	0.8369473
256678	14634	0.19001967	1.3084611
256678	14635	-0.09500736	1.2310581
256678	14636	-0.35108137	1.091904
256678	14637	-0.5100809	0.82101905
256678	14638	-0.4124015	1.2031995
256678	14639	-0.15377161	1.0448742
256678	14640	-0.37360233	0.9068209
256678	14641	-0.30797523	1.1133033
256678	14642	-0.3122834	1.4798905
256678	14643	2.4193034	0.9755182
256678	14644	2.9239216	0.25901243
256678	14645	2.991582	0.7210612
256678	14646	2.7800555	1.4275463
256678	14647	0.8174648	1.5276448
256678	14648	0.15470189	2.0727124
256678	14649	-0.13064107	1.9876425
256678	14650	-0.56689936	1.81094
256678	14651	-0.20329255	1.3888925
256678	14652	-0.42614958	1.2261078
256678	14653	-0.41671255	1.8220367
256678	14654	2.3846989	1.102034
256678	14655	2.5382447	2.4050436
256678	14656	2.136973	0.83811474
256678	14657	2.350017	0.7942896
256678	14658	1.1494575	0.8610779
256678	14659	0.30471158	1.1408885
256678	14660	-0.042309433	1.2059981
256678	14661	-0.29103616	0.9923372
256678	14662	-0.5209089	0.6694902
256678	14663	-0.40444666	0.46367994
256678	14664	-0.3001889	1.0019845
256678	14665	-0.13366368	0.9103844
256678	14666	-0.21244559	0.90208817
256678	14667	-0.26997054	0.9121759
256678	14668	2.0960445	0.8219503
256678	14669	2.7472334	1.3335809
256678	14670	2.4509015	1.7938087
256678	14671	2.5283432	2.0220594
256678	14672	2.158143	1.0547284
256678	14673	3.1117635	0.65590215
256678	14674	0.31101918	1.3338889
256678	14675	-0.7905339	1.5083729
256678	14676	-0.86589456	1.0649147
256678	14677	-0.6733686	1.4395032
256678	14678	-0.5629059	1.2653059
256678	14679	-0.64014375	1.2676191
256678	14680	-0.65210146	1.3545752
256678	14681	-0.5643911	1.581666
256678	14682	2.0164084	1.1664199
256678	14683	2.5465808	0.5463445
256678	14684	2.3696918	1.4498072
256678	14685	2.0408077	1.983896
256678	14686	2.3395352	1.1926321
256678	14687	-0.17526531	2.1073418
256678	14688	-0.5255771	2.343843
256678	14689	-1.0137081	2.2364812
256678	14690	-0.7289297	1.7210188
256678	14691	-0.81281865	1.6438968
256678	14692	-0.6950148	1.5963318
256678	14693	-0.85585535	2.6397796
256678	14694	2.060485	1.4727619
256678	14695	1.5947601	2.401916
256678	14696	2.2225795	1.8068163
256678	14697	1.0710291	1.6695096
256678	14698	0.89620256	0.32496366
256678	14699	1.196756	0.745352
256678	14700	-0.044266135	0.8466257
256678	14701	-0.9200115	1.5240972
256678	14702	-0.14032066	0.82867885
256678	14703	0.30993998	0.7464347
256678	14704	0.74917567	0.9442394
256678	14705	0.727638	0.8749665
256678	14706	0.598804	0.9343145
256678	14707	1.1581874	1.1866659
256678	14708	3.3014255	1.064408
256678	14709	3.5797124	0.94360685
256678	14710	2.8591404	0.64039016
256678	14711	2.9162655	0.7848561
256678	14712	2.6785436	1.2628258
256678	14713	1.8820854	1.1866522
256678	14714	2.1779733	0.99036956
256678	14715	1.009126	1.1526818
256678	14716	0.10613966	1.4505486
256678	14717	-0.22033405	1.4818082
256678	14718	-0.40724775	1.235133
256678	14719	-0.5711829	0.99858236
256678	14720	-0.41124046	1.3525345
256678	14721	0.1978488	1.1340492
256678	14722	0.13981646	0.98142016
256678	14723	0.12665218	0.99327445
256678	14724	0.36285293	1.2101997
256678	14725	0.2766375	1.1877892
256678	14726	0.29039907	1.1821574
256678	14727	0.27421212	1.1984489
256678	14728	2.2649417	1.1039886
256678	14729	2.5031595	0.6655344
256678	14730	1.8972701	0.8948029
256678	14731	0.11165625	1.5225314
256678	14732	-0.46394604	1.2568594
256678	14733	-0.97951126	1.5928605
256678	14734	1.7230941	0.80456924
256678	14735	1.9946033	0.4212202
256678	14736	2.270782	1.6717627
256678	14737	1.9099785	1.7209888
256678	14738	2.2911267	1.208047
256678	14739	2.5362544	1.1415151
256678	14740	0.5646193	1.4107082
256678	14741	-0.12839398	1.6898501
256678	14742	-0.29757583	1.5400307
256678	14743	-0.5090764	1.2636474
256678	14744	-0.5683586	0.9958874
256678	14745	-0.414684	1.2497243
256678	14746	-0.21664682	0.9774437
256678	14747	2.0494733	0.72606397
256678	14748	2.4334602	1.2052925
256678	14749	0.20922083	1.774744
256678	14750	-0.5154925	2.269891
256678	14751	-0.89620185	2.0994923
256678	14752	-0.44419646	1.5446146
256678	14753	-0.4982582	1.1768571
256678	14754	-0.552083	1.7874744
256678	14755	2.2553844	0.81020963
256678	14756	2.6134849	1.8987148
256678	14757	2.094214	0.5697464
256678	14758	0.029627979	1.6358659
256678	14759	-0.4079869	2.0456073
256678	14760	-0.5641018	1.7028244
256678	14761	-0.76595575	1.4526436
256678	14762	-0.8451086	1.1918181
256678	14763	-0.6370134	1.4465826
256678	14764	-0.48878622	1.3858681
256678	14765	1.9510838	0.898672
256678	14766	2.4362478	0.2304891
256678	14767	2.4671578	0.89531696
256678	14768	2.0484376	1.3803383
256678	14769	1.5767757	1.1652396
256678	14770	-0.36685652	1.7306151
256678	14771	-0.8434317	1.6082911
256678	14772	-0.86331636	1.2909365
256678	14773	-0.6363357	1.522086
256678	14774	2.0928125	0.71506035
256678	14775	2.483581	0.13416758
256678	14776	2.7311711	-0.0848746
256678	14777	0.47687447	1.640656
256678	14778	-0.12874743	2.2322612
256678	14779	-0.3558026	2.2289658
256678	14780	-0.74061847	1.926014
256678	14781	-0.4730122	1.6770439
256678	14782	-0.5526002	2.0187552
256678	14783	-0.24739814	1.565598
256678	14784	2.207943	0.847041
256678	14785	2.9673333	0.72461545
256678	14786	2.373619	2.311
256678	14787	2.503665	1.671982
256678	14788	1.9635168	1.9778831
256678	14789	1.5987574	1.0973989
256678	14790	1.9964539	0.9875032
256678	14791	2.410861	0.9325421
256678	14792	0.40486205	1.436729
256678	14793	-0.26561296	1.890419
256678	14794	-0.4881366	1.7237294
256678	14795	-0.6768859	1.47508
256678	14796	-0.7941495	1.1611048
256678	14797	-0.580791	0.90843344
256678	14798	-0.5819668	1.400968
256678	14799	-0.042534083	1.3866867
256678	14800	-0.047807395	1.1858305
256678	14801	-0.15938106	1.3513252
256678	14802	0.08225161	1.5903664
256678	14803	0.17335266	1.3980157
256678	14804	0.10792893	1.4336782
256678	14805	2.068942	1.2035147
256678	14806	2.2732162	1.160358
256678	14807	1.8470424	0.54937875
256678	14808	-0.20356557	1.4549693
256678	14809	-0.97306395	1.5993669
256678	14810	-0.74323416	1.6344085
256678	14811	-0.50218403	1.4459568
256678	14812	-0.53311443	1.4254217
256678	14813	1.8547009	1.0042273
256678	14814	2.3315282	0.29038832
256678	14815	2.4063778	0.9838829
256678	14816	2.0710173	1.3776361
256678	14817	1.900819	1.6233339
256678	14818	0.04882276	2.5392232
256678	14819	0.3816263	1.4959064
256678	14820	-0.15468472	0.9668797
256678	14821	-1.0049658	1.6176817
256678	14822	-0.7420887	1.6599166
256678	14823	-0.5891466	1.5599201
256678	14824	-0.6100805	1.555891
256678	14825	1.7804927	1.0676018
256678	14826	2.041129	0.84296215
256678	14827	0.5281819	1.7745819
256678	14828	-0.041097075	2.0816095
256678	14829	-0.32316393	2.1139975
256678	14830	-0.5057905	1.8073225
256678	14831	-0.58679587	1.4962023
256678	14832	-0.29761901	1.1508279
256678	14833	-0.31147957	0.97620296
256678	14834	-0.4303568	1.4909003
256678	14835	0.21697539	1.2091979
256678	14836	0.22681981	0.97340333
256678	14837	0.652879	1.212007
256678	14838	0.5249796	0.63188636
256678	14839	2.5993042	0.50885963
256678	14840	2.9252028	0.26370654
256678	14841	2.7821274	0.8465158
256678	14842	2.0687618	0.68515706
256678	14843	2.233724	1.002598
256678	14844	0.8555268	1.0008286
256678	14845	-0.27014273	1.2260134
256678	14846	0.08281416	1.8391457
256678	14847	-0.18118426	1.3925482
256678	14848	-0.44234732	1.169495
256678	14849	0.54953134	0.8984933
256678	14850	0.48426068	0.6072116
256678	14851	0.46990705	0.7845421
256678	14852	0.35926032	0.9608909
256678	14853	0.20698845	1.1535434
256678	14854	0.29731137	1.1540449
256678	14855	0.42873275	1.6397915
256678	14856	0.38614362	2.3719385
256678	14857	0.53684354	1.9355328
256678	14858	0.817184	2.5389254
256678	14859	0.462879	2.4477923
256678	14860	1.8846914	3.0305037
256678	14861	1.6224197	2.9464638
256678	14862	1.2613204	3.5372732
256678	14863	1.7295378	3.1504247
256678	14864	0.80039406	4.1412067
256678	14865	0.648708	2.5983248
256678	14866	0.98366714	3.7892058
256678	14867	1.2424672	3.1241777
256678	14868	0.6346694	2.585524
256678	14869	1.8327187	2.6984084
256678	14870	1.3434854	4.107382
256678	14871	1.8339034	2.5523872
256678	14872	0.92034376	3.3560667
256678	14873	2.5647602	3.7900102
256678	14874	1.5853008	2.9177341
256678	14875	1.6846973	2.7541459
256678	14876	1.084575	2.0634823
256678	14877	0.07929397	2.2481687
256678	14878	-0.34791565	2.7425077
256678	14879	-0.5833746	2.6314373
256678	14880	-0.38914767	2.241577
256678	14881	0.09894234	1.978709
256678	14882	0.012746632	1.917372
256678	14883	0.6624912	2.0074532
256678	14884	0.4671654	1.9759488
256678	14885	-0.3568911	2.1268234
256678	14886	0.24508297	1.663068
256678	14887	0.8648181	1.383829
256678	14888	-0.57529974	1.9773655
256678	14889	0.1982547	1.9433451
256678	14890	0.7801385	1.3754787
256678	14891	-0.59485406	2.0198078
256678	14892	2.1519756	1.6043875
256678	14893	0.99790347	2.8868582
256678	14894	-0.7252406	2.3320227
256678	14895	-0.90409434	2.8733275
256678	14896	-0.76927483	2.8422384
256678	14897	2.1987824	1.6431952
256678	14898	1.4338924	3.7148192
256678	14899	1.5587834	3.6669977
256678	14900	2.1035151	3.462341
256678	14901	2.126625	3.4629388
256678	14902	3.0996475	2.8565311
256678	14903	3.4531398	2.4267411
256678	14904	3.770999	2.1850152
256678	14905	5.176823	0.8498291
256678	14906	5.520417	-0.005027622
256678	14907	5.904639	-0.663968
256678	14908	4.8343306	0.39233056
256678	14909	5.795628	-1.0624862
256678	14910	4.835567	0.07566449
256678	14911	4.378158	0.75737834
256678	14912	4.2012415	1.243244
256678	14913	5.5448756	-0.8124733
256678	14914	4.987996	-0.17903832
256678	14915	4.4254236	0.32635292
256678	14916	5.717422	-1.2465724
256678	14917	4.5908885	0.02391532
256678	14918	4.441085	0.4008365
256678	14919	4.1750784	1.1712703
256678	14920	3.1807156	1.8123667
256678	14921	4.339597	0.81717
256678	14922	4.3790245	0.57072127
256678	14923	3.111261	2.1622195
256678	14924	2.8504906	1.9020903
256678	14925	0.66678	4.4586496
256678	14926	1.8158787	3.9973724
256678	14927	1.4245559	4.023576
256678	14928	1.9591519	4.138089
256678	14929	1.9560431	3.065594
256678	14930	2.1544328	3.0055814
256678	14931	2.5446749	1.6434965
256678	14932	2.2139068	3.0822785
256678	14933	3.3780985	2.5014396
256678	14934	3.2177262	1.3959
256678	14935	3.1391215	1.7167039
256678	14936	2.1156015	1.7454047
256678	14937	0.704631	3.3687177
256678	14938	1.7019523	3.2098227
256678	14939	1.4843782	3.157427
256678	14940	3.1626978	2.6371737
256678	14941	4.34305	0.6829053
256678	14942	2.8733644	1.9939494
256678	14943	3.078207	2.0539052
256678	14944	4.908407	0.16910067
256678	14945	3.98814	1.4972751
256678	14946	3.6797323	1.803709
256678	14947	3.6343818	1.6793108
256678	14948	3.4163876	1.5805275
256678	14949	3.0868487	1.7414641
256678	14950	4.153087	0.81200457
256678	14951	3.0047865	2.1646345
256678	14952	2.3344836	1.2971677
256678	14953	4.1085978	-0.09266338
256678	14954	3.2242117	0.94555664
256678	14955	3.3576484	0.7199677
256678	14956	3.81149	0.62484217
256678	14957	4.499147	0.014122933
256678	14958	4.2236037	0.2429305
256678	14959	4.0229025	0.39941296
256678	14960	2.7217565	1.8566544
256678	14961	2.1249871	3.1172898
256678	14962	2.0107746	3.2238278
256678	14963	2.573412	1.7764602
256678	14964	2.091567	3.1967943
256678	14965	3.6271553	1.5934675
256678	14966	2.9729729	2.294178
256678	14967	3.0690522	2.5409153
256678	14968	2.9523578	2.7269766
256678	14969	3.1268034	2.4594185
256678	14970	3.2631707	2.3411582
256678	14971	3.2957754	2.243289
256678	14972	3.287672	2.214611
256678	14973	4.674588	0.55861247
256678	14974	3.4033966	1.9221292
256678	14975	3.038331	2.5882385
256678	14976	2.767754	2.8215268
256678	14977	3.4035578	2.220182
256678	14978	2.6251254	3.415625
256678	14979	2.7262888	3.4274876
256678	14980	2.1693702	3.7046516
256678	14981	3.5188446	2.5618508
256678	14982	2.8823428	3.2200537
256678	14983	1.6745557	4.4291587
256678	14984	1.938131	4.2721686
256678	14985	1.6343662	4.487445
256678	14986	1.2778296	3.6461756
256678	14987	2.9595313	3.1709623
256678	14988	2.358109	3.71583
256678	14989	1.7385572	2.5897784
256678	14990	2.1570005	3.760307
256678	14991	2.6293192	3.1073234
256678	14992	2.7821622	2.9298706
256678	14993	2.8334188	2.9648159
256678	14994	3.4319777	1.1106548
256678	14995	2.7760859	2.991791
256678	14996	3.2349882	2.4022105
256678	14997	3.1749606	2.3620481
256678	14998	1.8141488	2.2985184
256678	14999	1.1609727	3.127142
256678	15000	1.1431365	3.4797103
256678	15001	1.4407465	3.096937
256678	15002	1.4808764	2.9489357
256678	15003	2.1845636	2.2604878
256678	15004	3.176	1.1856514
256678	15005	4.369311	0.16543218
256678	15006	4.424706	0.09784892
256678	15007	3.6428819	0.55721354
256678	15008	2.600966	1.608212
256678	15009	2.3786464	1.7364509
256678	15010	1.8923119	2.210243
256678	15011	4.0436974	0.21419826
256678	15012	4.507067	0.15524223
256678	15013	3.6510167	1.707608
256678	15014	2.4094615	1.7391925
256678	15015	3.1064448	1.7704196
256678	15016	1.5737635	0.31140038
256678	15017	0.9203242	0.39371052
256678	15018	1.0025432	0.7084625
256678	15019	1.3806224	0.8917968
256678	15020	1.5655769	0.46912125
256678	15021	0.873325	0.5838026
256678	15022	1.1186694	0.49671385
256678	15023	0.5094497	0.60065544
256678	15024	0.1386348	0.5640358
256678	15025	0.14868742	1.3556303
256678	15026	0.3435117	1.7551358
256678	15027	1.2514873	0.25888076
256678	15028	0.40679073	0.6311821
256678	15029	0.5119151	0.92337334
256678	15030	0.5886178	1.4750773
256678	15031	3.3608804	0.7446567
256678	15032	3.9305835	0.65953803
256678	15033	1.74253	1.9419975
256678	15034	2.4085798	-0.07682267
256678	15035	2.2657275	0.07139775
256678	15036	2.212963	0.08330235
256678	15037	1.5693239	2.2991757
256678	15038	3.0681672	0.73553085
256678	15039	1.8058678	0.31018624
256678	15040	0.9940623	0.49617186
256678	15041	0.5848962	0.67833686
256678	15042	0.2300548	0.5979893
256678	15043	0.42875808	0.44196358
256678	15044	0.63734734	0.085813195
256678	15045	3.13658	0.26882467
256678	15046	2.9305906	1.3223273
256678	15047	1.9938475	1.3228543
256678	15048	1.9320287	1.387806
256678	15049	1.8905138	1.1688862
256678	15050	2.1294937	1.0032284
256678	15051	2.706358	0.3602294
256678	15052	2.4362874	0.62804353
256678	15053	0.3530069	1.2638968
256678	15054	1.0479801	1.0103775
256678	15055	-0.24609536	1.7914734
256678	15056	-0.32026768	1.3596151
256678	15057	0.027391553	0.8259845
256678	15058	2.4067674	0.8637023
256678	15059	2.0247917	1.5160006
256678	15060	1.8345195	1.2374547
256678	15061	1.6594578	1.3859553
256678	15062	2.443913	0.51744354
256678	15063	2.6276202	0.59088516
256678	15064	-0.0009512305	1.6088548
256678	15065	-0.58961093	2.0062463
256678	15066	-0.38058165	1.6384819
256678	15067	-0.15095177	1.318184
256678	15068	2.2187033	1.084032
256678	15069	2.3936095	1.0299236
256678	15070	1.9631184	1.099083
256678	15071	2.3155985	1.2871333
256678	15072	2.4910583	1.0950595
256678	15073	0.35048658	1.5550578
256678	15074	-0.3139683	1.7392037
256678	15075	-0.5037811	1.5878365
256678	15076	-0.4320986	2.332585
256678	15077	-0.17242715	2.598545
256678	15078	0.16780418	1.6349671
256678	15079	2.621954	0.8839705
256678	15080	2.8474793	1.6080098
256678	15081	2.0252414	0.80165756
256678	15082	-0.12339014	1.7311451
256678	15083	-0.6924329	2.0327477
256678	15084	-0.4737482	1.7759774
256678	15085	1.771552	0.79026496
256678	15086	1.5924033	1.1836559
256678	15087	1.8136057	1.1940769
256678	15088	1.8901392	1.0794338
256678	15089	1.6195365	1.48895
256678	15090	1.4196271	1.7567313
256678	15091	0.72247994	2.0504386
256678	15092	0.6762903	0.83448696
256678	15093	1.4798744	1.7929947
256678	15094	1.4706715	1.5593398
256678	15095	1.7838992	1.5813439
256678	15096	1.8383826	1.4794947
256678	15097	2.0690284	1.1975827
256678	15098	3.4931583	-0.32081917
256678	15099	3.4035459	0.34699973
256678	15100	2.233183	1.2235862
256678	15101	2.280118	-0.072030544
256678	15102	1.6913036	1.269688
256678	15103	1.925743	0.96396744
256678	15104	3.8047137	-0.7750346
256678	15105	3.226982	0.90305376
256678	15106	2.3969836	1.155782
256678	15107	2.2121596	0.34412017
256678	15108	3.9276147	-0.69558674
256678	15109	3.1318278	0.2895482
256678	15110	2.8727012	0.36342677
256678	15111	2.7574806	0.67666984
256678	15112	2.916533	-0.12720767
256678	15113	3.1337256	0.42616007
256678	15114	2.6054792	1.4886132
256678	15115	2.7523532	1.1353027
256678	15116	2.4811783	1.1371775
256678	15117	1.737203	1.9291401
256678	15118	3.0283542	0.9286288
256678	15119	3.365306	0.5959512
256678	15120	2.321247	-0.163021
256678	15121	2.556418	0.20416602
256678	15122	1.8191389	-0.17141247
256678	15123	0.14335781	0.67436075
256678	15124	0.82212055	0.51804495
256678	15125	1.5440854	0.8336997
256678	15126	-0.20104733	1.4150872
256678	15127	1.247042	0.97856236
256678	15128	-0.22699592	1.3320886
256678	15129	0.6075876	1.1717094
256678	15130	0.8664892	0.9470087
256678	15131	1.3789362	0.5807183
256678	15132	1.7567488	0.04325798
256678	15133	0.48148322	-0.10523343
256678	15134	-0.03567809	0.051369756
256678	15135	0.1945411	0.070145994
256678	15136	0.30355096	-0.007917464
256678	15137	0.33073807	0.12853292
256678	15138	0.2973318	0.09026781
256678	15139	0.65192735	0.17776415
256678	15140	1.0024955	0.20587298
256678	15141	1.025681	0.22908863
256678	15142	0.7034347	1.3472614
256678	15143	0.21416032	1.259126
256678	15144	2.6692653	0.7900325
256678	15145	0.0045458674	1.5274569
256678	15146	-0.31769732	1.5984178
256678	15147	2.6236248	0.69369185
256678	15148	2.799459	-0.481082
256678	15149	2.7767057	1.3332309
256678	15150	0.35174036	1.2553825
256678	15151	0.0131851435	1.7414176
256678	15152	0.13285154	1.36845
256678	15153	2.1508617	1.0240117
256678	15154	2.800314	0.90869176
256678	15155	2.8688807	0.73694706
256678	15156	3.6715245	0.10978016
256678	15157	0.51000214	0.88426614
256678	15158	0.16113251	1.1619425
256678	15159	-0.16040924	1.3442631
256678	15160	0.0588665	1.0684814
256678	15161	0.2854945	1.1186179
256678	15162	0.33563745	0.9945638
256678	15163	0.56131876	0.4528853
256678	15164	2.6472669	0.78152525
256678	15165	2.9661222	0.5625011
256678	15166	2.5774193	1.1398832
256678	15167	2.8440995	0.8104781
256678	15168	0.2788282	1.6245263
256678	15169	-0.5616237	1.6281416
256678	15170	-0.34542158	1.3841223
256678	15171	-0.43145013	1.8809228
256678	15172	0.027233183	0.358506
256678	15173	1.8173853	0.54901004
256678	15174	2.02695	0.2672231
256678	15175	2.9715376	0.40834036
256678	15176	2.8245454	0.6412078
256678	15177	3.207862	0.14587203
256678	15178	1.1048328	0.744823
256678	15179	1.4069402	1.233677
256678	15180	0.114427745	0.8613806
256678	15181	0.5913389	0.509814
256678	15182	0.5572498	0.42983243
256678	15183	0.5078745	0.8358073
256678	15184	3.2232156	0.09966889
256678	15185	3.9814262	-0.28074792
256678	15186	3.8522687	0.25284943
256678	15187	3.6004095	0.43030617
256678	15188	0.8713373	0.994377
256678	15189	0.008724332	0.9932132
256678	15190	-0.66691685	1.268886
256678	15191	-0.3509158	1.0456575
256678	15192	1.874353	0.45638922
256678	15193	2.7065353	0.27019677
256678	15194	2.6325517	0.36507162
256678	15195	2.4303522	0.95421445
256678	15196	2.2489557	1.3751178
256678	15197	3.1709352	0.07811335
256678	15198	3.5748954	0.064448684
256678	15199	0.4208114	0.8380431
256678	15200	-0.06748116	1.016003
256678	15201	-0.37220883	1.0083159
256678	15202	-0.45451838	0.7515372
256678	15203	-0.23188227	1.1785762
256678	15204	0.01892358	0.8090023
256678	15205	0.03356868	1.2199894
256678	15206	0.13513947	0.927696
256678	15207	0.8443229	0.53761256
256678	15208	0.7083248	0.675359
256678	15209	0.7928792	0.5700333
256678	15210	1.1082345	0.81455886
256678	15211	1.1276147	1.3365005
256678	15212	1.6030749	1.7604432
256678	15213	3.3632464	1.771286
256678	15214	3.450644	0.50182474
256678	15215	3.7875047	0.5158622
256678	15216	3.333744	0.04143682
256678	15217	2.9362721	-0.5701939
256678	15218	3.686429	-0.46944517
256678	15219	4.481984	-1.1082208
256678	15220	5.175081	-0.50877434
256678	15221	4.6364107	0.14566168
256678	15222	4.2535176	-0.36073378
256678	15223	3.896758	-1.1375252
256678	15224	4.813731	-1.3522111
256678	15225	5.9839687	-2.1436024
256678	15226	5.67619	-1.8810914
256678	15227	6.0462317	-2.2989602
256678	15228	5.977689	-1.918562
256678	15229	5.8436003	-2.3814154
256678	15230	6.296768	-2.4965549
256678	15231	6.1531854	-2.4542568
256678	15232	1.3313191	-1.3297381
256678	15233	1.4305083	-0.97266316
256678	15234	1.634477	-1.1862212
256678	15235	0.68569326	-1.0073595
256678	15236	1.2494458	-0.83933836
256678	15237	1.1957377	-0.7368721
256678	15238	4.7205877	-0.8547618
256678	15239	5.219806	-1.4604028
256678	15240	5.106866	-1.0601391
256678	15241	4.8265166	-1.1802858
256678	15242	5.1823335	-1.6714178
256678	15243	1.1079316	-1.0789654
256678	15244	0.38409197	-0.91476005
256678	15245	0.29536444	-1.0476189
256678	15246	0.5912297	-0.84443355
256678	15247	0.79483163	-0.47663206
256678	15248	0.9909357	-0.2634342
256678	15249	4.32441	-0.41609502
256678	15250	4.703788	-0.5869947
256678	15251	4.579832	0.43996355
256678	15252	4.362539	1.0210294
256678	15253	4.1216536	0.9478432
256678	15254	4.3852925	0.84631133
256678	15255	4.6781373	0.12802091
256678	15256	0.93566346	0.2777606
256678	15257	-0.29633594	0.7691504
256678	15258	0.2657563	0.96982443
256678	15259	0.22473615	0.83471274
256678	15260	0.5564641	1.0273821
256678	15261	0.5657897	0.89038396
256678	15262	0.6897621	0.6893709
256678	15263	0.84217775	0.8452662
256678	15264	3.5710435	0.9099356
256678	15265	3.9955463	1.0070031
256678	15266	3.3944135	1.2083786
256678	15267	3.3314395	1.2927661
256678	15268	3.991908	0.40280792
256678	15269	1.5575541	0.40668514
256678	15270	0.7473792	0.54346883
256678	15271	0.44867885	0.79352
256678	15272	0.4967991	0.62509704
256678	15273	0.5818863	0.51205707
256678	15274	3.3166308	0.23211053
256678	15275	3.9634824	0.8042549
256678	15276	4.2726693	0.1565769
256678	15277	1.7174774	0.4117876
256678	15278	0.69280183	0.35760847
256678	15279	0.35485184	0.757218
256678	15280	0.58586013	0.91183436
256678	15281	0.6400466	0.6910287
256678	15282	0.70152974	0.54546666
256678	15283	1.123357	0.4646224
256678	15284	3.5871692	0.3631641
256678	15285	3.8331509	0.4820864
256678	15286	3.4439578	-0.10865229
256678	15287	3.655857	-0.21312943
256678	15288	0.55986214	0.27136245
256678	15289	0.26378757	0.67472947
256678	15290	0.27423698	1.1652405
256678	15291	0.33869052	1.0956886
256678	15292	0.9169891	1.3101226
256678	15293	1.0604464	1.0111363
256678	15294	3.5486712	0.9602821
256678	15295	3.298674	0.20757875
256678	15296	3.5062652	0.060875088
256678	15297	4.212852	1.1614712
256678	15298	4.6246176	0.7440368
256678	15299	4.9539447	-0.037414223
256678	15300	5.478097	-0.6532214
256678	15301	6.0137744	-1.2365322
256678	15302	5.243626	-0.57068986
256678	15303	5.008257	-0.5719104
256678	15304	4.872395	-0.5187019
256678	15305	5.3081975	-0.994794
256678	15306	1.5156547	-0.9633814
256678	15307	0.9817798	-0.54714084
256678	15308	0.5467216	-0.53951126
256678	15309	0.80193007	-0.60744995
256678	15310	4.2176538	-0.53530073
256678	15311	4.7158127	-0.5448283
256678	15312	5.1126914	-0.6036902
256678	15313	5.3700356	-0.91233814
256678	15314	5.3573956	-0.7385595
256678	15315	5.1915593	-0.6918676
256678	15316	5.1180277	-0.71358687
256678	15317	1.4116601	-0.35735416
256678	15318	1.2024705	-0.6193854
256678	15319	1.6454428	-0.38346207
256678	15320	1.5816392	0.32514974
256678	15321	2.009632	0.8850316
256678	15322	1.7903668	0.92855763
256678	15323	2.5772834	1.3549188
256678	15324	1.5810632	1.1628747
256678	15325	1.0376165	1.239674
256678	15326	1.0836697	1.0938051
256678	15327	1.2852021	0.97679484
256678	15328	0.9578154	1.5135552
256678	15329	0.75524044	0.54744637
256678	15330	1.1241051	0.29948512
256678	15331	0.86284816	0.6136807
256678	15332	0.9596845	0.34892085
256678	15333	3.4738555	0.1793246
256678	15334	3.486731	-0.40285668
256678	15335	3.3228455	0.27676228
256678	15336	3.9753098	1.0775663
256678	15337	4.0973716	1.0722378
256678	15338	4.6742363	-0.0738903
256678	15339	1.5529801	0.12638816
256678	15340	0.39117855	0.5355948
256678	15341	0.16936636	0.8182738
256678	15342	0.22553462	0.86383796
256678	15343	0.21905589	1.2303553
256678	15344	0.2722152	1.1289085
256678	15345	3.0725045	0.6859822
256678	15346	2.9171176	-0.15614492
256678	15347	3.0584908	-0.16891134
256678	15348	3.2301435	1.6890891
256678	15349	3.9796247	1.5260347
256678	15350	4.057181	1.3234919
256678	15351	4.332724	1.0935026
256678	15352	4.6481185	0.87916934
256678	15353	4.881623	0.21621433
256678	15354	5.1133733	-0.18320215
256678	15355	5.721418	-0.73347247
256678	15356	5.7033973	-0.8859335
256678	15357	5.8947587	-1.227064
256678	15358	5.06268	-0.5497383
256678	15359	4.766888	-0.42479292
256678	15360	5.287338	-1.132058
256678	15361	1.9345187	-0.7312172
256678	15362	1.315824	-0.23809822
256678	15363	1.0734257	0.14544418
256678	15364	1.1737272	0.21705589
256678	15365	1.2756155	0.7559078
256678	15366	1.1839213	0.74392295
256678	15367	1.1755718	0.62203217
256678	15368	3.5165143	1.0588925
256678	15369	3.3831377	1.6618733
256678	15370	2.7577748	0.6098907
256678	15371	2.7282057	0.9444556
256678	15372	3.4998794	0.36047772
256678	15373	4.4876423	-0.44182286
256678	15374	4.5972857	-0.5558661
256678	15375	4.7728734	-0.5217905
256678	15376	4.438813	0.6537318
256678	15377	3.9964676	1.3443596
256678	15378	4.357341	0.6609659
256678	15379	3.4571896	-0.2945907
256678	15380	4.090159	-0.19575134
256678	15381	4.422357	0.7143134
256678	15382	4.164756	1.2507956
256678	15383	4.105622	0.81080556
256678	15384	4.7772784	0.4468781
256678	15385	4.844523	-0.13680357
256678	15386	1.8461374	-0.3347503
256678	15387	0.12318629	0.32275352
256678	15388	0.30807692	0.62894225
256678	15389	0.45836842	0.60775375
256678	15390	0.7861185	0.8073611
256678	15391	0.7382922	0.73973775
256678	15392	0.8396542	1.286917
256678	15393	0.80372965	1.1115452
256678	15394	1.3284229	1.526513
256678	15395	1.134434	1.3681651
256678	15396	3.2128634	1.9816725
256678	15397	2.5941215	0.9128562
256678	15398	2.7561417	0.97631836
256678	15399	2.8466377	1.304337
256678	15400	2.1088939	0.72753775
256678	15401	1.9696926	-0.021628916
256678	15402	2.2275314	1.3853935
256678	15403	3.749928	0.1441547
256678	15404	4.4264374	1.2977287
256678	15405	3.7458735	0.1538817
256678	15406	3.625764	0.83704627
256678	15407	4.161415	0.49272338
256678	15408	3.7451897	-0.59701467
256678	15409	3.7515097	0.02207613
256678	15410	0.51504374	1.2343664
256678	15411	0.41671616	1.5287232
256678	15412	0.35516042	1.5708847
256678	15413	0.49578285	1.3217177
256678	15414	0.7007965	1.7396193
256678	15415	0.6643319	0.589965
256678	15416	0.7109773	0.94919574
256678	15417	3.3257117	0.39740273
256678	15418	3.6327229	0.6846659
256678	15419	2.8568177	0.81257486
256678	15420	2.5923262	1.7005849
256678	15421	1.5187632	0.8863882
256678	15422	1.8216423	1.0521472
256678	15423	1.1711956	0.78393304
256678	15424	0.20205545	1.0619358
256678	15425	0.34963846	1.6735814
256678	15426	0.53032947	1.328519
256678	15427	0.39945412	1.4269822
256678	15428	0.6450212	1.0914129
256678	15429	3.1643133	0.67751396
256678	15430	3.3390207	0.9715296
256678	15431	2.625349	0.52904356
256678	15432	2.708064	1.4839277
256678	15433	3.471888	1.2136066
256678	15434	4.820537	-0.05788055
256678	15435	4.918624	-0.24982853
256678	15436	4.7786	0.6297686
256678	15437	4.0894275	1.422949
256678	15438	3.4520998	-0.06503147
256678	15439	3.3375454	0.8337717
256678	15440	3.400959	0.9772519
256678	15441	4.7203684	-0.21239698
256678	15442	4.675568	0.7345413
256678	15443	4.015322	1.530706
256678	15444	3.896161	-0.11613673
256678	15445	4.1834254	0.48621598
256678	15446	4.047002	0.59636295
256678	15447	1.7513267	0.096891075
256678	15448	1.8371857	1.1323439
256678	15449	3.9128933	1.7595205
256678	15450	2.941679	1.0549256
256678	15451	2.5801468	1.4756103
256678	15452	3.223494	1.1505727
256678	15453	3.8876333	0.7703712
256678	15454	3.580432	2.286305
256678	15455	2.3173337	3.55215
256678	15456	2.8647857	3.3229215
256678	15457	2.563788	3.4904494
256678	15458	2.069326	4.0066204
256678	15459	1.8598133	4.1898255
256678	15460	1.7058517	4.2893925
256678	15461	1.3808621	4.610028
256678	15462	1.151938	4.7072477
256678	15463	1.0201373	4.629023
256678	15464	0.5984192	4.8468204
256678	15465	0.7080182	4.7683096
256678	15466	0.4097913	4.992819
256678	15467	-0.1076048	5.146529
256678	15468	0.44235414	4.9462533
256678	15469	-0.23132715	5.1971154
256678	15470	-0.047466576	5.3438835
256678	15471	-0.21998942	3.0484197
256678	15472	0.5819975	2.035367
256678	15473	0.27187335	2.5194817
256678	15474	0.45166463	2.2790337
256678	15475	0.50705826	2.1705496
256678	15476	0.4671548	2.2881627
256678	15477	0.33942503	2.6037254
256678	15478	0.89952004	2.8678362
256678	15479	0.61643624	3.2223454
256678	15480	0.51257086	3.416888
256678	15481	0.5413269	3.3015819
256678	15482	0.5553124	3.2938883
256678	15483	0.59168375	3.241944
256678	15484	0.6945933	3.129896
256678	15485	1.2159926	3.1433132
256678	15486	1.3255991	2.7476451
256678	15487	2.215053	3.164758
256678	15488	1.9748839	3.297375
256678	15489	1.544721	2.2418182
256678	15490	1.4144727	2.4448547
256678	15491	2.5998845	2.9336889
256678	15492	2.3470116	2.769037
256678	15493	3.076902	3.3229358
256678	15494	3.0667539	3.2071452
256678	15495	2.9516587	3.5015373
256678	15496	3.067112	3.4783115
256678	15497	3.0156517	3.3798485
256678	15498	3.114974	3.2017698
256678	15499	3.468306	3.0714
256678	15500	3.9104223	2.5324645
256678	15501	4.3959107	2.0480163
256678	15502	4.5291424	2.0939288
256678	15503	5.363001	1.2658293
256678	15504	5.968635	0.69758487
256678	15505	5.937894	0.6268827
256678	15506	5.0846915	1.3005928
256678	15507	4.579992	1.4670988
256678	15508	4.801193	1.4584512
256678	15509	4.571648	1.7478688
256678	15510	4.5043736	1.684437
256678	15511	4.4506106	1.4208322
256678	15512	3.8600283	2.3060083
256678	15513	3.807222	2.2089489
256678	15514	3.8935637	2.1391861
256678	15515	3.9477706	2.020657
256678	15516	3.587062	2.6967375
256678	15517	1.3124223	2.754359
256678	15518	1.17034	3.0592487
256678	15519	2.6485772	1.3555987
256678	15520	2.679296	1.6756258
256678	15521	3.3539085	3.0916483
256678	15522	2.9509568	2.0447955
256678	15523	1.9107386	1.6806011
256678	15524	1.8693041	1.8752544
256678	15525	1.3616881	2.9515517
256678	15526	0.6521628	3.3312397
256678	15527	0.57610786	2.0946686
256678	15528	1.2343678	2.1063032
256678	15529	1.0719397	2.0597298
256678	15530	1.1357329	2.1234174
256678	15531	0.8690665	2.8563492
256678	15532	1.6712154	1.7406301
256678	15533	1.5563499	1.2209328
256678	15534	0.68413675	1.1887372
256678	15535	0.56943214	1.3426279
256678	15536	0.75488913	2.218965
256678	15537	0.5565325	0.9165778
256678	15538	2.600325	0.8996228
256678	15539	3.0411315	1.7982125
256678	15540	2.3074875	2.245956
256678	15541	3.2005858	1.2038764
256678	15542	3.1813254	1.1250751
256678	15543	4.0816183	0.29223034
256678	15544	4.832322	-0.338419
256678	15545	4.723064	-0.45552942
256678	15546	3.5687032	0.5738622
256678	15547	3.4414535	0.7292901
256678	15548	2.8493772	1.2462192
256678	15549	3.4394927	1.0239545
256678	15550	4.2252235	0.2688646
256678	15551	2.5618334	1.4863254
256678	15552	0.72269166	2.4122214
256678	15553	2.3074074	0.43423942
256678	15554	2.1917644	0.8420516
256678	15555	1.1180954	2.093062
256678	15556	1.4835252	1.6681461
256678	15557	1.6265441	1.849715
256678	15558	2.4663095	2.0581348
256678	15559	1.1631286	1.545687
256678	15560	1.4022074	1.8700159
256678	15561	1.1337934	0.83818567
256678	15562	1.3760364	1.4511136
256678	15563	1.5148379	1.4319485
256678	15564	1.643536	0.8875643
256678	15565	1.8066078	1.0732803
256678	15566	2.3948612	0.55888844
256678	15567	2.3955703	1.5675714
256678	15568	1.8061446	1.7765591
256678	15569	2.3931308	0.13918862
256678	15570	2.537496	0.23649392
256678	15571	1.6174368	0.4389507
256678	15572	1.0692632	1.640249
256678	15573	1.9247204	1.830302
256678	15574	0.46314782	1.8928282
256678	15575	2.0669203	1.6038706
256678	15576	0.4293807	1.919708
256678	15577	2.1173701	0.2388272
256678	15578	2.9656644	-0.22998352
256678	15579	2.768649	0.93742263
256678	15580	3.5365705	1.3592869
256678	15581	3.5732179	-0.28454876
256678	15582	3.694162	-0.45841536
256678	15583	3.4485812	-0.090248495
256678	15584	2.3288383	-0.7129369
256678	15585	2.723763	0.3180919
256678	15586	3.2843332	1.5734544
256678	15587	3.4239025	0.64847624
256678	15588	4.071282	1.5137585
256678	15589	4.042661	-0.31185442
256678	15590	3.6976552	-0.6150405
256678	15591	3.6196795	-0.38137725
256678	15592	2.579968	-0.404693
256678	15593	3.3735805	0.04872057
256678	15594	3.0544028	0.23864147
256678	15595	4.1256595	0.17926535
256678	15596	4.3287454	-0.08774191
256678	15597	2.0701895	0.7163662
256678	15598	0.524158	0.76941884
256678	15599	0.6102464	1.8720164
256678	15600	0.8472544	1.5615373
256678	15601	0.6593741	1.512771
256678	15602	0.9300282	2.168652
256678	15603	0.6026679	1.3306826
256678	15604	0.99468327	2.203974
256678	15605	0.95219314	2.027991
256678	15606	1.1753708	1.8092346
256678	15607	1.3338515	0.7884636
256678	15608	1.6051334	1.8424056
256678	15609	2.5220265	0.43205336
256678	15610	2.65374	0.11304799
256678	15611	1.772483	1.2989686
256678	15612	3.0296893	0.14495066
256678	15613	2.5739117	0.9611969
256678	15614	1.2524276	1.9499338
256678	15615	1.0245434	2.0194669
256678	15616	1.3383051	0.9364451
256678	15617	1.7342986	0.74402595
256678	15618	1.6849686	0.8708725
256678	15619	1.7931174	1.3905193
256678	15620	1.914661	0.612435
256678	15621	2.0588875	-0.004025817
256678	15622	0.78111696	1.871047
256678	15623	1.2426003	1.3734224
256678	15624	0.47829044	2.2556984
256678	15625	0.6477047	2.1645956
256678	15626	1.1428934	3.002467
256678	15627	1.5758055	1.4979674
256678	15628	2.8526382	0.7011255
256678	15629	2.7680535	0.8174356
256678	15630	1.5796481	1.7948403
256678	15631	1.3411391	1.9978535
256678	15632	1.4697316	1.7601073
256678	15633	1.3463788	1.8795846
256678	15634	2.4060755	0.6224557
256678	15635	2.6675887	0.7211596
256678	15636	2.7169938	0.6311487
256678	15637	1.6285089	1.5902796
256678	15638	0.8800386	2.400496
256678	15639	1.1380091	2.1985786
256678	15640	2.1516266	1.0856675
256678	15641	3.1032982	1.1566199
256678	15642	1.158925	1.7254484
256678	15643	3.005015	0.20073327
256678	15644	3.2305908	0.16149071
256678	15645	3.2561822	1.5602558
256678	15646	3.0472264	0.738577
256678	15647	3.1231527	1.6733067
256678	15648	2.7125068	1.745642
256678	15649	2.9984388	1.3959131
256678	15650	2.499176	1.7595124
256678	15651	1.4296091	1.361937
256678	15652	1.2451365	1.3522569
256678	15653	2.482368	1.8182287
256678	15654	2.0803595	1.6786447
256678	15655	0.85182345	2.1257641
256678	15656	1.3861427	2.8653185
256678	15657	1.5538069	1.7546673
256678	15658	2.4072647	1.3528783
256678	15659	1.6960624	1.9464183
256678	15660	1.7561346	0.7795788
256678	15661	2.9092302	0.88229716
256678	15662	1.896475	0.36352137
256678	15663	1.2554402	1.4609697
256678	15664	2.5268583	1.2943316
256678	15665	2.3644938	1.1794592
256678	15666	1.1481508	1.3527426
256678	15667	3.1900873	1.3247893
256678	15668	2.9947944	1.2009321
256678	15669	3.729651	1.0515565
256678	15670	4.0190597	0.74685216
256678	15671	3.6987739	0.7788397
256678	15672	3.6370192	0.8386675
256678	15673	3.7291574	0.8351128
256678	15674	3.8382587	0.60622203
256678	15675	3.8634572	0.6512039
256678	15676	3.8438497	0.5527705
256678	15677	4.3462653	0.25676528
256678	15678	4.094587	0.31856653
256678	15679	4.4037204	0.3623062
256678	15680	3.881711	1.0486137
256678	15681	3.3402462	1.2732795
256678	15682	3.5279684	0.9908056
256678	15683	4.685949	-0.1296047
256678	15684	3.4633412	0.78739023
256678	15685	3.7326221	0.6823683
256678	15686	4.7645183	-0.19621086
256678	15687	3.6767359	0.60210836
256678	15688	3.4871287	0.8359643
256678	15689	3.5340414	0.9979414
256678	15690	4.591189	0.028441012
256678	15691	3.345273	1.1004571
256678	15692	3.0438876	1.3852962
256678	15693	3.5590267	0.7951093
256678	15694	4.2929387	1.685936
256678	15695	4.4222465	1.5625172
256678	15696	5.162438	0.4211208
256678	15697	5.2452602	0.7341343
256678	15698	5.334209	0.2299116
256678	15699	5.44866	0.42112407
256678	15700	4.072476	-1.808643
256678	15701	5.0816193	-1.6452391
256678	15702	5.2640367	-1.6727242
256678	15703	4.8867817	-1.317694
256678	15704	5.2982097	-0.014323711
256678	15705	4.803779	0.18777892
256678	15706	4.930101	0.045630604
256678	15707	2.9822211	-0.491845
256678	15708	3.483302	-0.5846386
256678	15709	4.536712	0.46752408
256678	15710	4.1781964	0.44848374
256678	15711	4.453889	0.43357477
256678	15712	4.34311	-1.039236
256678	15713	4.2491612	-0.9993838
256678	15714	2.7981858	-1.5332401
256678	15715	3.6861129	-0.9326649
256678	15716	3.5670743	-0.97612906
256678	15717	3.8855963	-0.42390227
256678	15718	4.921563	0.053525835
256678	15719	2.586626	-0.31081054
256678	15720	4.5455227	0.13174912
256678	15721	2.614892	-0.5949041
256678	15722	4.136779	0.17328176
256678	15723	3.918491	0.30929437
256678	15724	3.5036635	-0.8457711
256678	15725	4.155124	0.2457048
256678	15726	4.0020833	0.10290256
256678	15727	3.4693255	-0.8654305
256678	15728	2.5546951	0.23205337
256678	15729	2.7312384	0.26089135
256678	15730	4.2467327	-1.0330003
256678	15731	4.403366	-0.32350504
256678	15732	4.4642677	0.57935476
256678	15733	3.8090014	1.1327707
256678	15734	3.3702946	-0.48031834
256678	15735	2.6737046	-0.61753625
256678	15736	2.5419774	-1.0333185
256678	15737	2.6002302	-0.31772265
256678	15738	2.7756467	-0.339319
256678	15739	2.7134514	0.6021849
256678	15740	3.974781	-0.542439
256678	15741	4.0241046	-0.6352541
256678	15742	4.333823	-1.0338354
256678	15743	2.8570561	0.015063494
256678	15744	2.4233484	0.8859587
256678	15745	2.7596893	0.7584394
256678	15746	3.0013218	0.65024817
256678	15747	3.6876864	-0.12371659
256678	15748	3.5771613	1.0552069
256678	15749	3.1381083	-0.05724609
256678	15750	3.7459726	0.7811763
256678	15751	3.0770478	-0.26532525
256678	15752	3.8152084	0.574334
256678	15753	3.1925192	0.9034653
256678	15754	2.3936248	1.9366763
256678	15755	1.8780409	1.9197237
256678	15756	2.4745069	1.3711767
256678	15757	2.988037	0.8132365
256678	15758	2.163947	0.07413581
256678	15759	2.5144677	-0.17935556
256678	15760	2.230341	-0.908731
256678	15761	2.646049	-1.0108874
256678	15762	2.9792862	-1.261712
256678	15763	1.9799012	-0.3195905
256678	15764	2.1223397	-0.46103477
256678	15765	3.1150599	-1.087406
256678	15766	3.7542849	-1.788803
256678	15767	2.0287104	-0.6200235
256678	15768	2.7612324	-1.0011852
256678	15769	3.1566024	-1.2643963
256678	15770	3.4972887	-1.3955618
256678	15771	2.5023918	-0.82606196
256678	15772	2.6639924	-0.7196604
256678	15773	3.1809044	-0.6256228
256678	15774	3.3018208	-0.038121432
256678	15775	3.5144272	-0.40325063
256678	15776	2.2479162	-0.41102093
256678	15777	2.3369522	-0.4415043
256678	15778	3.3942633	-1.0742123
256678	15779	3.557084	-1.2571537
256678	15780	2.8701525	-0.79741323
256678	15781	2.1204596	-1.4564561
256678	15782	2.7610598	-1.583921
256678	15783	3.3083358	-1.4042166
256678	15784	3.6063533	-1.0332266
256678	15785	0.5159583	-0.033244044
256678	15786	2.8326735	-0.02958405
256678	15787	1.9287261	1.2609677
256678	15788	1.4922816	0.50880873
256678	15789	0.75804996	1.1115435
256678	15790	2.233251	1.0677941
256678	15791	1.8386575	-0.11842829
256678	15792	1.4190359	0.5585445
256678	15793	2.3483262	-0.046905786
256678	15794	0.8289857	-0.09435418
256678	15795	1.8758932	-0.17810157
256678	15796	1.6007024	0.074721485
256678	15797	3.650825	0.7799221
256678	15798	2.6045742	-0.49632502
256678	15799	2.1865997	0.041618615
256678	15800	0.5517019	0.40373597
256678	15801	1.0978234	0.949038
256678	15802	1.7264904	0.2990251
256678	15803	0.49511588	0.08393356
256678	15804	1.0227118	0.089485854
256678	15805	1.4199753	0.021548212
256678	15806	2.1838512	-0.5240563
256678	15807	3.8471708	0.38503048
256678	15808	3.0679235	-1.1244203
256678	15809	2.332447	-0.17390859
256678	15810	3.0200562	-0.78508437
256678	15811	0.7002255	-0.3752422
256678	15812	1.2175863	-0.06571019
256678	15813	0.91255283	-0.40501502
256678	15814	1.2190701	-0.54122406
256678	15815	1.4550737	-0.06147054
256678	15816	1.5346166	-0.21861266
256678	15817	1.1009558	-0.25152606
256678	15818	3.6470695	-0.4769441
256678	15819	3.4275765	-0.97985566
256678	15820	4.108127	-1.5608653
256678	15821	0.42449766	-0.68804324
256678	15822	0.45813727	-0.683553
256678	15823	-0.19806638	-0.60066843
256678	15824	0.17614245	-0.64040184
256678	15825	2.7759175	-0.32326677
256678	15826	4.099706	-0.87738526
256678	15827	1.2267661	-0.7326897
256678	15828	1.5318626	-0.8520811
256678	15829	1.6571773	0.077899486
256678	15830	0.70052016	0.1403074
256678	15831	0.7345756	0.29489306
256678	15832	1.0693411	0.90041196
256678	15833	1.0060008	0.5832503
256678	15834	1.8354844	0.5653181
256678	15835	1.5534786	0.7030035
256678	15836	1.6715363	0.6399889
256678	15837	1.0653069	1.687798
256678	15838	2.40805	2.2365909
256678	15839	2.1857872	1.9714615
256678	15840	1.7468685	0.84077096
256678	15841	1.8028182	0.12308332
256678	15842	2.1965046	0.17287311
256678	15843	0.557626	0.5799395
256678	15844	0.7316047	0.5737258
256678	15845	0.80335784	1.3891913
256678	15846	0.83600354	0.99271095
256678	15847	0.76888776	1.0393842
256678	15848	2.587831	1.4070904
256678	15849	2.631538	0.99772394
256678	15850	2.6952257	0.90376604
256678	15851	3.0661488	0.49839482
256678	15852	0.6376747	1.1310247
256678	15853	0.54402137	1.0964246
256678	15854	2.5381837	1.4021624
256678	15855	2.1224136	1.2982086
256678	15856	0.14098501	1.3833013
256678	15857	0.31132036	1.518855
256678	15858	2.5145202	1.3113459
256678	15859	2.3499165	1.0405203
256678	15860	2.1016078	0.47965172
256678	15861	1.9111918	-0.41944373
256678	15862	1.4806799	0.8161546
256678	15863	1.3518287	0.9246849
256678	15864	1.3772897	0.8359692
256678	15865	0.37061596	0.66875875
256678	15866	0.37608778	1.4840193
256678	15867	1.0211223	0.19678959
256678	15868	0.9751487	0.21848598
256678	15869	1.0780636	0.040957123
256678	15870	2.990542	0.2729052
256678	15871	3.1268158	0.13279995
256678	15872	3.146575	0.05751136
256678	15873	2.5040588	-0.045657158
256678	15874	2.005783	-0.4429065
256678	15875	0.7732109	-0.0322136
256678	15876	-0.16458917	0.34395984
256678	15877	0.038390458	1.1024936
256678	15878	-0.0126591325	0.9674709
256678	15879	0.14409935	1.6534464
256678	15880	2.5889864	0.794183
256678	15881	2.2173896	-0.45746702
256678	15882	0.42160767	0.980098
256678	15883	0.6143491	1.6204565
256678	15884	0.03367263	1.0970778
256678	15885	0.21799546	0.93411815
256678	15886	2.521244	0.76878047
256678	15887	2.0458717	-0.32185096
256678	15888	2.3390498	1.6411445
256678	15889	1.625786	0.18520388
256678	15890	0.7139014	1.069118
256678	15891	2.7576656	1.2548977
256678	15892	0.15389931	1.2042459
256678	15893	2.6252136	1.3455901
256678	15894	1.2387637	2.2682617
256678	15895	1.4074984	0.8848038
256678	15896	1.0597395	2.174686
256678	15897	0.96929383	2.358563
256678	15898	1.5622243	1.7578654
256678	15899	1.7198492	0.6072129
256678	15900	1.635971	0.6542387
256678	15901	1.3010608	0.7100105
256678	15902	0.21980631	1.0780104
256678	15903	0.1126042	0.47608867
256678	15904	-0.7207191	0.9467652
256678	15905	-0.63681686	0.9565146
256678	15906	-0.6507278	0.7868215
256678	15907	-0.38302368	0.6706921
256678	15908	-0.3627352	1.686707
256678	15909	-0.384413	1.605494
256678	15910	0.19539714	1.4595418
256678	15911	0.27012855	0.27377018
256678	15912	0.18883854	0.51113474
256678	15913	1.875501	0.6659206
256678	15914	1.7439548	0.6525518
256678	15915	0.30831516	1.0677052
256678	15916	-0.88881797	1.2109916
256678	15917	-0.91574633	1.9932802
256678	15918	1.3742592	1.4272172
256678	15919	1.2436457	0.9613049
256678	15920	0.7001736	1.0636353
256678	15921	-0.012624532	1.3666018
256678	15922	-0.76991725	1.6203477
256678	15923	-0.80561113	1.1241212
256678	15924	-0.5868357	0.979712
256678	15925	-0.8348857	1.8880205
256678	15926	1.5165278	1.3293787
256678	15927	1.5112191	0.7014594
256678	15928	1.5292786	1.6212442
256678	15929	0.86533105	1.7012117
256678	15930	0.19833815	1.9191887
256678	15931	-0.126948	1.7444885
256678	15932	-0.8687908	2.4005036
256678	15933	-0.6554612	2.1453633
256678	15934	-0.7727449	2.2645173
256678	15935	1.2638369	1.8547242
256678	15936	1.2419282	1.6930676
256678	15937	1.2144072	0.76701236
256678	15938	0.9453865	1.4480458
256678	15939	1.010204	1.5635722
256678	15940	1.0474533	1.8593776
256678	15941	1.079377	1.7871253
256678	15942	0.64884174	2.523896
256678	15943	1.0369431	1.0296737
256678	15944	0.07766348	1.2032624
256678	15945	-0.24230158	1.4482814
256678	15946	-0.62023664	1.400494
256678	15947	-0.8206049	1.1350797
256678	15948	-0.6489928	1.0955012
256678	15949	-0.95277447	2.2954054
256678	15950	-0.7509974	2.0998995
256678	15951	-0.1493251	1.965054
256678	15952	0.0026983619	1.7071834
256678	15953	0.4884712	1.836107
256678	15954	0.3792321	1.7208514
256678	15955	1.696174	2.3906326
256678	15956	1.2357109	0.29646417
256678	15957	0.8919972	1.0477985
256678	15958	0.10393554	0.82560694
256678	15959	-0.8219626	1.8475289
256678	15960	-0.92177176	1.3903581
256678	15961	-0.83848286	2.3398156
256678	15962	-0.79337585	2.9081979
256678	15963	2.1949844	1.1629179
256678	15964	1.7527896	-0.011510998
256678	15965	1.7006274	0.71849716
256678	15966	1.5951062	1.515312
256678	15967	0.93510485	1.8097162
256678	15968	-0.37389895	2.2980204
256678	15969	-1.004395	2.6838472
256678	15970	-0.79946846	2.430485
256678	15971	1.1465043	2.0282366
256678	15972	1.1173204	2.0605943
256678	15973	1.0385991	2.1224718
256678	15974	0.87709343	2.51494
256678	15975	2.2218246	2.8517907
256678	15976	3.045865	0.92576814
256678	15977	2.4367223	1.7588382
256678	15978	3.6128597	1.2920897
256678	15979	3.9054136	0.49412408
256678	15980	3.3364177	2.327946
256678	15981	4.2373114	-0.07617268
256678	15982	2.9816904	1.8013191
256678	15983	3.162757	2.4480343
256678	15984	2.9149995	2.4637694
256678	15985	2.9830294	2.491923
256678	15986	3.1775537	2.3826632
256678	15987	3.3198252	2.3575566
256678	15988	3.2172704	2.4580586
256678	15989	2.8928032	2.8353152
256678	15990	3.0906916	2.5086873
256678	15991	3.0566316	1.2840393
256678	15992	2.1186156	0.7960168
256678	15993	1.954377	1.403316
256678	15994	2.7450461	2.2047784
256678	15995	3.0390997	2.9785643
256678	15996	1.706618	2.4140434
256678	15997	2.981956	1.2948048
256678	15998	3.7916307	0.5465672
256678	15999	4.29937	-0.30416143
256678	16000	4.054559	0.1108208
256678	16001	4.621016	-0.14788339
256678	16002	3.5146794	0.8134543
256678	16003	3.9508748	0.14194188
256678	16004	3.5897198	0.58886933
256678	16005	3.5055332	0.6061708
256678	16006	3.4144645	0.817942
256678	16007	3.4154963	0.7981812
256678	16008	4.4797134	-0.23796771
256678	16009	5.0089936	-1.1480902
256678	16010	4.5955405	-0.21667089
256678	16011	4.7967134	-0.3715002
256678	16012	3.7720704	0.5837823
256678	16013	3.7468514	0.63219666
256678	16014	4.1892824	-0.45161033
256678	16015	4.1924105	-0.42125928
256678	16016	3.9829683	-0.33128494
256678	16017	4.981526	-1.0703562
256678	16018	4.517705	-0.23030792
256678	16019	4.5652084	-0.22667275
256678	16020	4.8323593	-0.98823166
256678	16021	4.3270073	-0.24123885
256678	16022	3.8387241	0.23956016
256678	16023	3.9428449	0.250577
256678	16024	4.5780096	-0.5148877
256678	16025	3.9463797	0.8367568
256678	16026	3.7580128	0.8280411
256678	16027	4.1480813	-0.2987907
256678	16028	4.7589016	-0.67031443
256678	16029	4.405884	0.5269438
256678	16030	3.7252307	1.3836964
256678	16031	3.7682977	1.6696589
256678	16032	4.1079	1.3223174
256678	16033	4.645021	0.35785678
256678	16034	4.5785646	0.6282877
256678	16035	4.7804794	0.14012358
256678	16036	4.6145425	0.24320713
256678	16037	4.5613093	0.5017855
256678	16038	4.4066143	0.63423944
256678	16039	4.523236	0.3845584
256678	16040	4.3410144	0.4851325
256678	16041	4.49109	0.46728107
256678	16042	4.7286644	0.18670443
256678	16043	4.433041	0.2971427
256678	16044	4.6023455	0.35867205
256678	16045	4.675565	0.18133911
256678	16046	4.7411404	0.035977483
256678	16047	4.782676	0.13107708
256678	16048	4.65787	0.0404329
256678	16049	5.2593346	-0.40366682
256678	16050	4.8009424	-0.2279629
256678	16051	4.9497213	-0.2915129
256678	16052	4.7807674	-0.11252266
256678	16053	5.0198827	-0.4155846
256678	16054	4.852215	-0.2176987
256678	16055	4.9515834	-0.2780179
256678	16056	4.8536973	-0.22909343
256678	16057	3.9853115	1.5793695
256678	16058	3.5035439	1.8432734
256678	16059	3.0935102	3.0777993
256678	16060	2.511495	3.7506306
256678	16061	1.6886522	4.3546014
256678	16062	1.3595155	4.601941
256678	16063	0.63797665	5.202789
256678	16064	0.8143718	5.1289005
256678	16065	0.83971417	5.004267
256678	16066	-0.4314696	5.2960176
256678	16067	0.33732653	4.982073
256678	16068	0.5597094	4.863282
256678	16069	1.098679	4.395445
256678	16070	1.1088359	4.3170614
256678	16071	2.1696525	4.2569237
256678	16072	0.36959267	1.3460099
256678	16073	0.73584116	0.084697396
256678	16074	-0.42864537	-0.8452233
256678	16075	-0.92887616	-1.1604382
256678	16076	-0.83824754	-0.24478534
256678	16077	-0.40480947	-0.48786634
256678	16078	-0.7039554	-0.15413693
256678	16079	-0.81988335	0.11762336
256678	16080	-1.0517571	0.84278405
256678	16081	-0.94081634	0.86729574
256678	16082	-0.7444139	1.1238822
256678	16083	-1.0170401	1.358585
256678	16084	-0.9352943	1.3700187
256678	16085	-0.51794875	1.3515408
256678	16086	-0.39278752	1.325411
256678	16087	-0.43464938	1.3079525
256678	16088	0.16136575	0.5769173
256678	16089	2.1685038	1.6294961
256678	16090	1.1893678	0.6618135
256678	16091	1.5346919	0.43675908
256678	16092	1.8027021	1.0747938
256678	16093	1.95811	0.4262459
256678	16094	-0.39341232	0.49779496
256678	16095	-0.39685184	0.3531054
256678	16096	-0.36022747	0.61794126
256678	16097	-0.55542517	1.795145
256678	16098	-0.19991124	1.9835751
256678	16099	0.20844686	2.124115
256678	16100	1.327297	0.4646828
256678	16101	1.8951038	-0.3213197
256678	16102	-0.19986686	0.5564691
256678	16103	-0.030759662	1.2207705
256678	16104	2.7606435	0.40184817
256678	16105	2.9018044	-0.2740956
256678	16106	3.3712287	-0.43455264
256678	16107	2.7795563	-0.4874699
256678	16108	-0.07532829	0.1340582
256678	16109	-0.029186279	0.67851305
256678	16110	0.040865898	0.38558027
256678	16111	0.04119551	1.0249842
256678	16112	0.31634355	1.3555555
256678	16113	0.5120754	1.8184452
256678	16114	0.34988707	2.7096362
256678	16115	2.566646	2.217411
256678	16116	2.515849	1.5497851
256678	16117	1.6699544	0.036878884
256678	16118	1.8310465	-0.70093966
256678	16119	1.5217994	-0.8533112
256678	16120	1.3337907	-0.99068105
256678	16121	1.2455482	-0.4471249
256678	16122	1.286294	-0.5426325
256678	16123	1.8993188	0.009823412
256678	16124	1.8360697	0.33378586
256678	16125	1.6750816	-0.3156309
256678	16126	1.8413209	-0.1871944
256678	16127	2.1069312	0.20194957
256678	16128	2.4347134	-0.011814624
256678	16129	2.4020572	0.69721675
256678	16130	0.1452902	0.82446516
256678	16131	0.090847194	1.1043284
256678	16132	0.25348705	1.5175987
256678	16133	0.35386044	1.2522104
256678	16134	0.68538463	1.6291378
256678	16135	0.52280843	2.445912
256678	16136	2.9054585	2.3667305
256678	16137	2.9057598	1.8352113
256678	16138	0.9102756	1.0428171
256678	16139	1.9883255	-0.580039
256678	16140	3.0884738	-0.342221
256678	16141	1.2874898	-0.24157907
256678	16142	2.081514	-0.35225517
256678	16143	2.4320436	-0.06383622
256678	16144	2.0712972	-0.6581207
256678	16145	4.7009683	-0.3632938
256678	16146	4.6995983	-0.75167286
256678	16147	4.385757	-1.1707587
256678	16148	4.30388	-1.5062795
256678	16149	4.445525	-1.6915623
256678	16150	4.6696997	-1.7983884
256678	16151	4.633496	-1.5351828
256678	16152	4.951905	-1.004493
256678	16153	4.6864047	-1.127302
256678	16154	4.8918004	-1.3565006
256678	16155	4.83509	-0.90797377
256678	16156	4.2897077	0.25626358
256678	16157	3.5716658	-0.41466007
256678	16158	3.325355	-0.46796057
256678	16159	3.1549783	-0.37203872
256678	16160	3.9491386	0.1399683
256678	16161	3.6225119	0.9426235
256678	16162	4.1304994	-0.2904728
256678	16163	2.148313	-0.68663526
256678	16164	2.4504795	-0.7184099
256678	16165	3.2221603	-1.0127122
256678	16166	4.4151597	-1.6677997
256678	16167	0.752561	-0.9654093
256678	16168	0.6195053	-0.37306076
256678	16169	0.6429641	-0.57915103
256678	16170	3.3693671	-0.41415876
256678	16171	4.2063475	-0.40819502
256678	16172	4.0139785	-0.39628
256678	16173	3.6857195	0.05587545
256678	16174	3.8683891	-0.07501525
256678	16175	4.0433903	-0.099408716
256678	16176	3.8017392	0.0602549
256678	16177	2.8363543	1.027742
256678	16178	4.42961	-0.361221
256678	16179	4.5717063	-0.4898543
256678	16180	5.877174	-1.5265503
256678	16181	1.7059094	-1.4177039
256678	16182	1.7699114	-1.4617864
256678	16183	1.6278721	-1.2155927
256678	16184	1.9164551	-0.91701543
256678	16185	2.076377	-1.073351
256678	16186	2.3787823	-0.6670038
256678	16187	2.3011208	-0.86818445
256678	16188	4.1155553	-0.630513
256678	16189	4.6751986	-1.2901711
256678	16190	4.7284803	-1.34127
256678	16191	3.8794637	-1.5241416
256678	16192	3.915174	-0.92710936
256678	16193	3.990809	-0.804721
256678	16194	4.1384335	-0.3593308
256678	16195	4.546345	-0.7563821
256678	16196	-0.028313369	0.16312799
256678	16197	-0.30069327	0.78113484
256678	16198	-0.23483938	1.3187438
256678	16199	-0.005897701	0.9005648
256678	16200	0.22866797	0.66393614
256678	16201	0.32761538	1.2677381
256678	16202	0.5702554	1.5633166
256678	16203	3.1281018	1.0133104
256678	16204	3.8057027	0.21608815
256678	16205	3.7066007	-0.43404475
256678	16206	3.8232245	-1.0232819
256678	16207	3.1344666	-1.154662
256678	16208	2.8721452	-0.5058274
256678	16209	2.34203	-0.15263766
256678	16210	2.8828087	-0.56217384
256678	16211	3.8086848	0.015834183
256678	16212	3.2668066	0.078232735
256678	16213	3.5210528	0.855898
256678	16214	3.9298778	-0.05442083
256678	16215	1.5075341	0.5414977
256678	16216	2.310392	1.2484735
256678	16217	2.4136972	0.4218242
256678	16218	2.2578497	0.48727176
256678	16219	3.8794441	0.863263
256678	16220	3.670989	-0.19436854
256678	16221	3.8439026	-0.5561912
256678	16222	3.6843796	-0.4350924
256678	16223	4.681326	0.0447599
256678	16224	-0.034024715	0.8756083
256678	16225	-0.48585117	1.6436529
256678	16226	-0.06456289	1.4320128
256678	16227	0.384578	1.9286706
256678	16228	1.4955579	0.7152089
256678	16229	1.6216501	1.4119014
256678	16230	1.9423643	-0.31911242
256678	16231	1.8442606	-0.55288345
256678	16232	1.987332	0.38201925
256678	16233	4.0917993	0.4313996
256678	16234	4.10015	-0.25647682
256678	16235	3.5911436	-0.92109895
256678	16236	3.6673298	-1.3748201
256678	16237	4.6463337	-0.71608543
256678	16238	4.0411534	0.6487757
256678	16239	-0.2772933	1.5329924
256678	16240	-0.6341686	1.8110294
256678	16241	2.297553	0.75336146
256678	16242	3.1597404	0.7849288
256678	16243	3.869771	-0.0014234781
256678	16244	3.9496722	-0.16124669
256678	16245	4.613623	-0.6303834
256678	16246	4.7477703	-0.8370497
256678	16247	4.689219	-0.82095623
256678	16248	5.146208	-1.1992806
256678	16249	4.4587383	-0.2746266
256678	16250	4.132285	-0.0025511384
256678	16251	4.601114	-0.33169758
256678	16252	4.5929227	-0.5545135
256678	16253	3.9565697	0.367417
256678	16254	4.2460465	0.09224227
256678	16255	4.3249817	0.10383412
256678	16256	4.090461	0.22751734
256678	16257	4.460168	0.07830432
256678	16258	4.4136825	0.05928096
256678	16259	4.193483	0.35315284
256678	16260	4.2430925	0.27266434
256678	16261	0.8195143	0.37591013
256678	16262	2.146462	-0.56352305
256678	16263	2.25464	1.9844897
256678	16264	3.2558384	1.5213885
256678	16265	1.620437	0.45780125
256678	16266	1.9848505	0.9781393
256678	16267	3.8455892	1.1897299
256678	16268	4.226871	0.66189575
256678	16269	3.2601943	-0.26390654
256678	16270	3.733614	-0.29072163
256678	16271	3.7375221	-0.26489693
256678	16272	4.3335176	1.1036272
256678	16273	4.258346	1.3505456
256678	16274	2.1330853	0.42241982
256678	16275	2.056778	0.043730706
256678	16276	2.1599064	-0.2367728
256678	16277	4.227196	0.06299701
256678	16278	4.0849442	-0.13030383
256678	16279	3.9853158	0.3260981
256678	16280	4.1311994	0.54951143
256678	16281	4.4487867	0.3194057
256678	16282	4.261925	0.75982594
256678	16283	4.0073137	0.8377844
256678	16284	5.175986	-0.22715169
256678	16285	1.1197149	0.39357635
256678	16286	1.3497401	1.172334
256678	16287	1.5816919	0.43073097
256678	16288	1.8234483	0.29022148
256678	16289	3.123495	0.8205396
256678	16290	4.0925455	0.69791067
256678	16291	3.9745588	0.8964156
256678	16292	3.6671977	1.1811918
256678	16293	0.52761984	1.2600294
256678	16294	1.1850644	0.907182
256678	16295	3.2261553	1.2985182
256678	16296	2.905027	0.2490175
256678	16297	3.2812848	-0.038816303
256678	16298	3.1034966	0.31824872
256678	16299	4.1400747	-0.55048513
256678	16300	2.9767923	0.11076215
256678	16301	4.560309	-0.7816752
256678	16302	1.0247391	0.3119569
256678	16303	3.4900937	0.2892222
256678	16304	4.343553	0.33132848
256678	16305	4.325888	0.40629295
256678	16306	0.6827024	0.5425497
256678	16307	0.23558259	1.5712705
256678	16308	0.19095176	1.5256144
256678	16309	2.719882	1.2225963
256678	16310	2.688508	1.9994164
256678	16311	2.8450723	1.8929873
256678	16312	1.8576185	1.4111214
256678	16313	3.7027845	1.6587253
256678	16314	0.88319933	1.7451861
256678	16315	1.7170402	0.5369767
256678	16316	1.7561425	0.38662526
256678	16317	3.7057042	0.7783505
256678	16318	3.6310353	0.8006244
256678	16319	3.467658	0.89461946
256678	16320	2.056096	-0.0060529113
256678	16321	3.7162848	0.46984264
256678	16322	3.0998125	-0.20002994
256678	16323	3.1633286	1.428902
256678	16324	3.2148438	1.0760565
256678	16325	4.302978	0.35037002
256678	16326	0.8312664	1.079984
256678	16327	1.3831636	0.44298807
256678	16328	3.5208278	0.7238071
256678	16329	3.5117831	0.9545592
256678	16330	3.3744283	1.2205026
256678	16331	2.5148654	0.55721414
256678	16332	2.7913318	0.54768884
256678	16333	4.0159087	1.1779631
256678	16334	0.71799505	0.90421915
256678	16335	1.0667821	0.3066698
256678	16336	0.9775957	0.38041404
256678	16337	0.91667986	0.15672591
256678	16338	3.4913406	0.14271638
256678	16339	3.224042	0.88492846
256678	16340	3.1189785	0.9636934
256678	16341	2.7171855	0.41866103
256678	16342	2.8533802	0.37401202
256678	16343	2.2226052	-0.053014934
256678	16344	3.4815784	0.807408
256678	16345	3.109984	0.85524845
256678	16346	3.1131058	0.8369918
256678	16347	0.24637216	0.82628095
256678	16348	0.5146978	0.4165022
256678	16349	1.3950518	-0.56154805
256678	16350	1.4414728	-0.4428836
256678	16351	1.632778	-0.39238054
256678	16352	3.6622357	0.0027032197
256678	16353	4.0597982	-0.4306313
256678	16354	3.6311355	0.15213642
256678	16355	3.0769587	-0.62568253
256678	16356	4.3357244	-1.2638516
256678	16357	3.9634795	-1.3035054
256678	16358	4.063191	-1.158503
256678	16359	3.8962564	-0.50479436
256678	16360	2.8614345	-1.3792263
256678	16361	-0.35435435	0.30313584
256678	16362	-0.27004972	1.2600796
256678	16363	-0.18395138	0.79935277
256678	16364	-0.09378281	0.6604725
256678	16365	0.038173914	1.2787765
256678	16366	0.8345233	0.82472956
256678	16367	1.6236883	0.08897427
256678	16368	1.8910416	0.036892563
256678	16369	3.7619834	0.09591392
256678	16370	3.7435765	0.41253468
256678	16371	1.21144	0.7036382
256678	16372	3.4295435	0.8602897
256678	16373	3.2555208	1.1307039
256678	16374	3.6250262	0.568256
256678	16375	3.5778613	0.6944814
256678	16376	2.7616434	0.8611648
256678	16377	2.3987203	-0.030162215
256678	16378	3.8312864	0.5526848
256678	16379	2.705028	0.4270592
256678	16380	1.700158	1.6587193
256678	16381	1.9724723	1.5862515
256678	16382	0.71344316	1.4835461
256678	16383	1.9198672	0.30154374
256678	16384	2.8154573	-0.8752363
256678	16385	3.1212392	-0.28117758
256678	16386	4.515211	0.24604055
256678	16387	4.5616245	-0.47745436
256678	16388	3.8973165	-0.7735089
256678	16389	5.186969	-1.434406
256678	16390	4.347432	-1.1827966
256678	16391	3.2149243	-0.90831494
256678	16392	2.4176888	0.06378624
256678	16393	2.2984366	0.108997375
256678	16394	2.5219307	0.13804874
256678	16395	3.9204755	-0.9230679
256678	16396	0.6850387	0.36710015
256678	16397	1.0146338	0.19725248
256678	16398	1.3012489	0.1914421
256678	16399	3.724409	-0.040993005
256678	16400	4.1588297	-0.34508145
256678	16401	4.789346	-0.45557404
256678	16402	0.9068737	0.55791867
256678	16403	3.6277575	0.086809784
256678	16404	3.4832864	0.54144883
256678	16405	3.5532079	0.7594565
256678	16406	3.7639966	0.88662934
256678	16407	4.031939	0.63300097
256678	16408	4.171206	0.62850225
256678	16409	3.8258266	1.3303286
256678	16410	4.2373576	0.53460073
256678	16411	3.9506245	1.2392949
256678	16412	4.85775	0.037311763
256678	16413	5.351159	-0.5076122
256678	16414	4.6987734	0.09507939
256678	16415	3.5353017	1.2692883
256678	16416	1.7364904	3.23345
256678	16417	0.49119794	4.6574035
256678	16418	0.3481229	5.340984
256678	16419	-0.6717136	6.0600247
256678	16420	-0.0747332	5.6665597
256678	16421	-1.2435831	5.7853136
256678	16422	-0.9294791	5.6374106
256678	16423	-1.0980177	5.393053
256678	16424	-0.9137413	5.565218
256678	16425	-0.487912	5.2477026
256678	16426	-0.23699304	4.9597945
256678	16427	-0.5955064	5.218936
256678	16428	0.17955464	4.2266617
256678	16429	0.9097985	2.9013689
256678	16430	1.655404	3.0924911
256678	16431	2.1347885	2.2733266
256678	16432	0.800869	1.6046414
256678	16433	2.8424501	1.7084846
256678	16434	2.8695688	1.6127131
256678	16435	3.7413578	2.1010427
256678	16436	3.3462625	2.023874
256678	16437	3.7436733	1.6774137
256678	16438	3.885405	1.7088656
256678	16439	4.4624	1.338085
256678	16440	4.2690735	1.4133228
256678	16441	4.585	1.2307636
256678	16442	4.4481974	1.1850841
256678	16443	3.9614558	1.5738275
256678	16444	4.620498	0.66097677
256678	16445	5.394574	0.17023435
256678	16446	2.8682237	-0.11208606
256678	16447	2.6946301	0.24633369
256678	16448	3.9197354	0.15849653
256678	16449	1.8345207	0.32421276
256678	16450	2.3004756	0.5688994
256678	16451	2.3613067	0.7184886
256678	16452	2.083301	0.5157223
256678	16453	2.6360445	1.2983996
256678	16454	3.7766414	1.0051451
256678	16455	4.1502256	0.23499033
256678	16456	5.586402	-0.6728607
256678	16457	5.266169	0.16143289
256678	16458	5.578358	0.24000576
256678	16459	5.5710354	-0.5048505
256678	16460	5.6699476	-0.6290578
256678	16461	4.843465	0.22183934
256678	16462	3.996192	-0.46011633
256678	16463	4.49497	-0.44800472
256678	16464	4.4859347	-0.5693956
256678	16465	4.2747507	-0.25865468
256678	16466	3.0129795	0.6890718
256678	16467	3.610732	0.8369628
256678	16468	3.770402	0.59817433
256678	16469	3.3115287	0.62079954
256678	16470	4.087769	-0.09568977
256678	16471	3.7205215	0.89323175
256678	16472	4.7635164	-0.081992686
256678	16473	4.52417	1.0034896
256678	16474	4.221185	1.288467
256678	16475	3.508103	1.8710079
256678	16476	3.7811909	2.3998852
256678	16477	3.6269622	2.6243594
256678	16478	3.3530793	2.9813888
256678	16479	3.9626794	2.4196756
256678	16480	4.2501807	2.2801123
256678	16481	3.4832683	0.823838
256678	16482	3.7365985	0.85393035
256678	16483	3.5383015	1.1275637
256678	16484	3.2829523	1.5790644
256678	16485	2.988985	2.10574
256678	16486	2.6439195	2.5194771
256678	16487	2.2357216	2.971168
256678	16488	2.3049483	2.9300773
256678	16489	2.5497055	2.6675184
256678	16490	2.443738	2.8624005
256678	16491	2.4581714	2.898064
256678	16492	2.8821921	2.4311666
256678	16493	4.4128284	0.54924405
256678	16494	3.5392022	1.5865097
256678	16495	4.1780148	2.178478
256678	16496	4.1398234	2.0970705
256678	16497	4.147852	2.1893916
256678	16498	4.0894413	2.2363043
256678	16499	4.7822266	1.511676
256678	16500	4.4122467	2.0358534
256678	16501	4.3439846	2.331632
256678	16502	4.097411	2.4308972
256678	16503	3.390418	1.4208524
256678	16504	4.6017346	2.0512955
256678	16505	5.0234494	1.5489609
256678	16506	4.7876415	1.7166753
256678	16507	4.6039186	1.7584074
256678	16508	4.7183294	1.558718
256678	16509	4.9630723	1.0537331
256678	16510	5.1015882	0.7279427
256678	16511	4.7906413	1.1835519
256678	16512	4.8782697	1.28016
256678	16513	4.7161813	1.4900479
256678	16514	3.842157	0.36192563
256678	16515	4.448413	1.7022116
256678	16516	5.097358	0.7233993
256678	16517	5.174668	0.6775296
256678	16518	5.0566096	0.56312895
256678	16519	4.709586	0.9450675
256678	16520	4.577519	1.205566
256678	16521	4.572616	1.4090568
256678	16522	4.7888536	1.0223556
256678	16523	4.898752	0.76732266
256678	16524	3.6867838	2.3161466
256678	16525	2.9854598	3.262395
256678	16526	3.080326	3.7518504
256678	16527	2.8847747	3.8822372
256678	16528	2.2676153	4.585315
256678	16529	2.650258	4.3490443
256678	16530	2.6066318	4.438382
256678	16531	3.1626334	4.0718956
256678	16532	3.1955104	4.030512
256678	16533	3.207251	4.0476108
256678	16534	3.322579	3.9690435
256678	16535	3.420833	3.859505
256678	16536	3.3516326	3.9460251
256678	16537	3.7794294	3.3924747
256678	16538	3.1750379	2.952077
256678	16539	2.8087864	3.1524277
256678	16540	3.4921536	2.1185794
256678	16541	3.8051524	3.0708401
256678	16542	3.4022608	3.474691
256678	16543	3.4366126	3.419163
256678	16544	3.6532426	3.1287224
256678	16545	4.082809	2.5587382
256678	16546	4.171166	2.855547
256678	16547	4.467816	2.0622947
256678	16548	3.8353586	3.3013637
256678	16549	3.711554	3.4410765
256678	16550	3.8701057	3.4432213
256678	16551	4.2310495	3.0568619
256678	16552	4.3748384	2.7408352
256678	16553	4.401981	2.945615
256678	16554	4.3918147	2.8414996
256678	16555	4.3538256	3.012095
256678	16556	4.216272	3.001692
256678	16557	4.311333	3.0218437
256678	16558	4.381368	2.7400239
256678	16559	4.3054004	3.0735226
256678	16560	3.4321437	3.7920444
256678	16561	3.740851	3.5873206
256678	16562	3.6262279	3.6727016
256678	16563	3.4626079	3.848179
256678	16564	3.487442	3.700082
256678	16565	3.63932	3.685982
256678	16566	3.7524505	3.554942
256678	16567	3.67798	3.635517
256678	16568	3.5806036	3.7292507
256678	16569	3.6689968	3.5976193
256678	16570	3.6821842	3.729645
256678	16571	3.8301625	3.5398755
256678	16572	3.6499214	3.7282808
256678	16573	3.81031	3.4672122
256678	16574	3.9743428	3.4724393
256678	16575	4.0956583	1.3042665
256678	16576	4.380295	2.6262565
256678	16577	4.7430305	1.9919429
256678	16578	4.95667	1.8806338
256678	16579	5.189855	1.2237583
256678	16580	5.2127156	1.44788
256678	16581	5.196125	1.1708537
256678	16582	4.729767	2.1520023
256678	16583	4.842165	2.1143498
256678	16584	4.949173	2.216631
256678	16585	4.988326	2.029605
256678	16586	5.3104897	1.2982206
256678	16587	5.138919	1.3936683
256678	16588	5.2474003	1.3482544
256678	16589	4.709392	2.302696
256678	16590	5.1866508	1.0100299
256678	16591	4.3087797	0.5711614
256678	16592	5.29833	1.2433357
256678	16593	5.358055	0.9895642
256678	16594	5.6787467	0.31759867
256678	16595	5.0378814	0.8127612
256678	16596	5.2677875	0.5366986
256678	16597	5.438835	0.6229751
256678	16598	5.233229	0.77303624
256678	16599	5.330993	0.6426846
256678	16600	5.3164253	0.60912776
256678	16601	5.67325	0.19213727
256678	16602	5.3055863	0.47969177
256678	16603	5.3291354	0.62750745
256678	16604	4.0449533	0.57116103
256678	16605	4.625549	1.7837553
256678	16606	4.9716845	-0.21897955
256678	16607	5.2086716	-0.5688319
256678	16608	5.243239	0.68857706
256678	16609	5.268228	0.44677976
256678	16610	5.110149	0.8213217
256678	16611	3.8666172	0.085898906
256678	16612	4.4940166	1.4146492
256678	16613	5.584982	-0.30902365
256678	16614	4.946351	0.16073695
256678	16615	4.149556	1.4008677
256678	16616	4.6659565	1.0007212
256678	16617	5.6131725	-0.03613922
256678	16618	5.4481044	0.1480088
256678	16619	5.3268466	0.41828832
256678	16620	5.543038	-0.038615137
256678	16621	4.9545164	0.9258151
256678	16622	5.426837	-0.07258287
256678	16623	5.225155	0.46846607
256678	16624	5.8563633	-0.9072953
256678	16625	5.262753	0.43548486
256678	16626	5.2627754	0.4617872
256678	16627	5.819233	-0.5389358
256678	16628	5.7308693	-0.47973263
256678	16629	5.785924	-0.5122194
256678	16630	6.0954657	-1.2213705
256678	16631	6.1360536	-0.9689119
256678	16632	6.3494277	-1.7023749
256678	16633	2.923327	-1.8319079
256678	16634	3.134025	-2.0629714
256678	16635	5.4071064	-1.7263066
256678	16636	5.107337	-1.0964181
256678	16637	5.492632	-0.8877566
256678	16638	5.5307894	-1.307158
256678	16639	5.1477675	-0.46926796
256678	16640	3.722488	-1.2517953
256678	16641	4.352087	-0.9003184
256678	16642	4.6812572	-1.050118
256678	16643	0.29758507	0.0066138804
256678	16644	0.24888521	0.12456438
256678	16645	0.75880146	-0.3092721
256678	16646	3.656365	-0.5568269
256678	16647	2.378357	-0.78322315
256678	16648	0.26573193	0.43913528
256678	16649	3.658111	-0.3216663
256678	16650	4.7777424	0.03370139
256678	16651	3.761592	-1.3568946
256678	16652	0.492473	-0.02181226
256678	16653	0.5445328	1.2791042
256678	16654	0.42880607	1.4955306
256678	16655	0.6208155	1.1752156
256678	16656	3.2495399	1.3309326
256678	16657	3.8381467	1.0334543
256678	16658	4.332232	0.9462526
256678	16659	4.4270763	0.6366799
256678	16660	4.69263	0.54563224
256678	16661	4.659281	0.46336147
256678	16662	4.7294073	0.32479915
256678	16663	4.4353795	0.4147192
256678	16664	5.0247355	-0.2640853
256678	16665	4.6641226	0.074148506
256678	16666	4.227032	0.3555812
256678	16667	4.6765504	0.030972242
256678	16668	4.72298	0.14453557
256678	16669	3.1554837	2.469812
256678	16670	2.6901155	3.1952956
256678	16671	2.0740767	3.7043679
256678	16672	1.993657	3.7416685
256678	16673	1.6952175	3.9147928
256678	16674	1.6963195	3.8900878
256678	16675	2.0845447	3.7125728
256678	16676	2.17633	3.5224767
256678	16677	2.2682662	3.6102827
256678	16678	2.0598454	1.9623275
256678	16679	1.4341292	1.2592039
256678	16680	1.2155917	1.0256997
256678	16681	1.153306	1.2551756
256678	16682	1.983873	1.4500912
256678	16683	1.4760844	2.0444512
256678	16684	1.4458016	2.0328503
256678	16685	1.3073457	2.0679767
256678	16686	1.4830065	1.8954611
256678	16687	2.0165677	1.5983379
256678	16688	3.422945	0.14602742
256678	16689	3.6268382	0.27799556
256678	16690	3.722815	0.29831156
256678	16691	2.4775062	-0.17638692
256678	16692	2.600628	-0.06939542
256678	16693	2.4986572	0.11728868
256678	16694	2.672285	0.7594234
256678	16695	4.1793714	1.215409
256678	16696	3.7908497	-0.25051987
256678	16697	1.788319	0.02418542
256678	16698	2.2126794	1.1177787
256678	16699	3.9703422	1.2083209
256678	16700	3.5726652	-0.2120819
256678	16701	3.032628	0.3980241
256678	16702	1.4400642	0.4520572
256678	16703	3.4112988	0.8168082
256678	16704	0.8426584	0.8255532
256678	16705	3.1064444	0.9784745
256678	16706	1.1615591	0.87193894
256678	16707	4.092517	0.7081559
256678	16708	3.533721	0.22097215
256678	16709	0.3130408	1.3140937
256678	16710	1.210527	1.955925
256678	16711	0.05062306	1.832277
256678	16712	0.5930892	1.4277705
256678	16713	0.672052	1.3406621
256678	16714	0.62175345	1.4085513
256678	16715	0.53764665	1.490318
256678	16716	0.4886688	1.5979621
256678	16717	3.069469	1.5224239
256678	16718	0.9893459	2.6514242
256678	16719	1.6798486	2.1202197
256678	16720	3.6092377	2.1021132
256678	16721	3.3945165	2.5196958
256678	16722	3.3047075	2.7178235
256678	16723	1.5929884	1.5337114
256678	16724	2.728106	2.4619358
256678	16725	1.6978301	1.5676808
256678	16726	3.065363	2.1150796
256678	16727	2.5986233	1.166113
256678	16728	3.999648	1.8433816
256678	16729	3.5537624	2.413419
256678	16730	3.866551	1.9944861
256678	16731	3.916442	2.1445608
256678	16732	3.8830185	1.8595345
256678	16733	4.2757344	1.9911175
256678	16734	3.7110105	0.10998264
256678	16735	3.5010448	1.4237434
256678	16736	0.8573034	1.7137876
256678	16737	1.838673	2.3956685
256678	16738	2.2130823	2.7847006
256678	16739	2.755579	2.7192373
256678	16740	1.4724351	3.6401026
256678	16741	1.3473835	3.73395
256678	16742	2.1405764	1.1550692
256678	16743	2.6211185	0.91388273
256678	16744	1.9643487	2.448367
256678	16745	0.8422618	1.1211967
256678	16746	2.1945124	1.1223093
256678	16747	2.2637682	0.77140903
256678	16748	0.80401516	1.2446392
256678	16749	0.8451719	1.2783687
256678	16750	3.5151196	1.1952232
256678	16751	3.620502	0.13930395
256678	16752	3.4345317	0.34679237
256678	16753	3.5379229	0.45915982
256678	16754	0.9182944	0.4269913
256678	16755	0.71307266	0.74556935
256678	16756	0.6403005	1.8608181
256678	16757	0.96598697	0.9509014
256678	16758	3.5828633	0.9205698
256678	16759	3.4099808	1.5125751
256678	16760	4.1125393	1.0178399
256678	16761	3.9924145	1.469429
256678	16762	3.9106002	1.3685374
256678	16763	3.7773352	1.880379
256678	16764	4.1641197	1.2604365
256678	16765	4.4061246	0.62723494
256678	16766	4.666272	0.5791739
256678	16767	1.5705682	-0.05202645
256678	16768	0.7429781	0.46729043
256678	16769	0.6898899	0.65460503
256678	16770	0.5074645	0.87285316
256678	16771	0.9207655	1.6182003
256678	16772	1.901807	0.96589947
256678	16773	1.816007	1.0114894
256678	16774	1.9668602	0.9865085
256678	16775	2.436936	1.686588
256678	16776	1.1479324	1.5614998
256678	16777	1.2882766	1.6222568
256678	16778	1.3762654	1.6652901
256678	16779	3.4706526	1.6283913
256678	16780	3.427021	1.9511058
256678	16781	3.5635529	2.1154063
256678	16782	3.8608694	1.4836186
256678	16783	3.8745065	1.5316751
256678	16784	3.6221852	1.9533727
256678	16785	3.5608063	1.6755466
256678	16786	3.3801537	2.0871353
256678	16787	3.4960136	2.0048099
256678	16788	3.3722806	2.2340336
256678	16789	3.4322867	2.098262
256678	16790	3.8884125	1.6164107
256678	16791	3.7298312	1.7232089
256678	16792	3.6399527	1.772229
256678	16793	3.599347	2.2426376
256678	16794	3.65949	2.1450732
256678	16795	3.5534363	2.4822192
256678	16796	3.9743567	1.9607761
256678	16797	3.9328585	2.3980577
256678	16798	3.867632	2.3401327
256678	16799	4.320877	1.6484635
256678	16800	4.178277	1.9474568
256678	16801	4.2933087	1.9890943
256678	16802	4.494714	1.0887121
256678	16803	4.577173	1.2895962
256678	16804	3.9694262	1.9000943
256678	16805	4.3166666	1.6992342
256678	16806	4.1054754	1.9423847
256678	16807	4.583189	1.3233591
256678	16808	3.1605582	0.08094993
256678	16809	3.8835268	0.6547775
256678	16810	3.102663	1.9733045
256678	16811	3.4139428	1.8648748
256678	16812	3.6759062	1.754684
256678	16813	3.6589828	2.6482403
256678	16814	3.8757005	1.2716225
256678	16815	3.4286227	2.0964973
256678	16816	3.635426	2.0271628
256678	16817	3.745965	1.8625956
256678	16818	3.3259692	0.6049546
256678	16819	3.4399037	2.2283206
256678	16820	3.870288	2.3678334
256678	16821	4.154079	0.9761529
256678	16822	4.01699	1.7161946
256678	16823	3.9214053	0.17469057
256678	16824	3.6576214	2.1257792
256678	16825	4.0998716	2.1396213
256678	16826	4.30102	0.7988124
256678	16827	4.0211663	1.4881406
256678	16828	5.1262064	0.26369652
256678	16829	4.702707	1.4005096
256678	16830	3.8474312	2.7308722
256678	16831	3.424605	3.1021543
256678	16832	3.8291206	3.104609
256678	16833	4.7818484	1.7945528
256678	16834	5.11615	1.6859
256678	16835	5.6202617	1.0413841
256678	16836	5.5208583	1.129997
256678	16837	5.065633	-0.9180635
256678	16838	1.5298873	-0.045867413
256678	16839	2.3916116	0.89264584
256678	16840	2.4279566	0.7421342
256678	16841	2.64082	1.6732347
256678	16842	2.9324703	1.0111085
256678	16843	3.684606	1.128265
256678	16844	3.6325884	2.1403584
256678	16845	4.610907	-0.39767587
256678	16846	4.4527135	1.6000936
256678	16847	4.5240426	-0.0757384
256678	16848	5.241612	-0.29838014
256678	16849	4.996513	0.038195938
256678	16850	5.1492124	-0.13234186
256678	16851	4.835685	-1.1841619
256678	16852	4.874103	-1.0248774
256678	16853	4.935421	-0.06867403
256678	16854	4.973435	-0.20470554
256678	16855	4.7929854	0.7485621
256678	16856	4.667768	1.1053591
256678	16857	4.760243	1.0016615
256678	16858	4.5098214	1.5609338
256678	16859	4.829764	1.0848343
256678	16860	4.7259617	1.5656455
256678	16861	4.8160553	1.2701305
256678	16862	5.432299	0.7531136
256678	16863	6.0178003	-0.69966555
256678	16864	5.862221	-0.36588895
256678	16865	5.5142875	-0.24565992
256678	16866	5.4438057	0.17694804
256678	16867	4.83553	0.69073915
256678	16868	4.8176956	0.9497057
256678	16869	5.0257316	0.5197334
256678	16870	5.1382666	0.6923487
256678	16871	5.2982435	0.33308497
256678	16872	5.4593906	0.19455323
256678	16873	5.2366266	0.600178
256678	16874	5.36407	0.34186342
256678	16875	5.431525	0.26168343
256678	16876	5.528598	0.28986552
256678	16877	5.5769777	0.0067145824
256678	16878	5.794162	-0.26231146
256678	16879	6.008559	-0.8991636
256678	16880	5.9811935	-0.95215154
256678	16881	6.375832	-1.5269643
256678	16882	6.113819	-1.3569058
256678	16883	5.387359	-2.313939
256678	16884	5.222228	-2.2842677
256678	16885	5.3125906	-1.5211755
256678	16886	5.5418367	-1.7763019
256678	16887	5.587001	-1.9746764
256678	16888	5.382891	-1.0551078
256678	16889	5.7682967	-1.196416
256678	16890	6.4038057	-1.8235356
256678	16891	5.865447	-0.9850459
256678	16892	5.957345	-0.979038
256678	16893	6.105946	-1.4216279
256678	16894	5.4636383	-0.6395035
256678	16895	5.1859074	-0.3101225
256678	16896	5.548926	-0.70849144
256678	16897	5.8457	-1.0870928
256678	16898	5.8786445	-0.97332156
256678	16899	5.697917	-0.86411124
256678	16900	5.523097	-0.74208885
256678	16901	5.5899453	-0.9159811
256678	16902	5.3652205	-0.41015467
256678	16903	5.3612237	-0.6697475
256678	16904	5.2915387	-0.40809876
256678	16905	5.2777796	-0.4756533
256678	16906	5.0281467	-0.12153515
256678	16907	4.783242	0.22135237
256678	16908	4.7159476	0.6562917
256678	16909	4.519849	0.5523881
256678	16910	4.1427507	1.414927
256678	16911	4.3412113	1.2698638
256678	16912	4.6923203	0.9444903
256678	16913	5.0316296	0.37538937
256678	16914	4.6464844	0.5256833
256678	16915	4.853112	0.51372993
256678	16916	4.449575	1.3182694
256678	16917	4.554511	0.97939825
256678	16918	4.496357	1.2164019
256678	16919	4.107842	1.7515595
256678	16920	4.3136253	1.4695897
256678	16921	1.7095803	3.9699724
256678	16922	-0.6569008	4.107808
256678	16923	-0.528523	3.0696473
256678	16924	-0.28899384	2.5987055
256678	16925	0.14297837	2.1383386
256678	16926	0.6526948	2.4818537
256678	16927	0.5463526	1.9301558
256678	16928	1.2550818	2.1291983
256678	16929	0.9410727	3.3456883
256678	16930	2.7206535	2.2549012
256678	16931	2.2557712	0.874012
256678	16932	2.275589	0.92885077
256678	16933	0.8107263	1.0220379
256678	16934	3.7266145	0.5490422
256678	16935	4.432676	0.45589885
256678	16936	4.517713	0.14065412
256678	16937	4.9740124	-0.3734302
256678	16938	5.360512	-0.6771804
256678	16939	5.119856	-0.42922494
256678	16940	4.650234	0.20471606
256678	16941	4.6845403	0.17857465
256678	16942	4.4360433	0.4249517
256678	16943	4.636531	0.3891357
256678	16944	4.5437694	0.30496117
256678	16945	4.736856	0.20689592
256678	16946	4.648711	0.18776342
256678	16947	4.5013914	0.21761736
256678	16948	4.6123633	0.25755295
256678	16949	4.553559	0.17602727
256678	16950	4.7450557	0.2585424
256678	16951	4.676427	0.2556955
256678	16952	4.697562	0.38851228
256678	16953	4.6850533	0.30886856
256678	16954	4.611863	0.327764
256678	16955	4.678925	0.20012304
256678	16956	4.231619	1.1165193
256678	16957	3.5687146	1.7254236
256678	16958	2.8778086	2.790432
256678	16959	2.929554	2.917903
256678	16960	3.011005	2.6054132
256678	16961	3.5394535	2.382245
256678	16962	3.5002146	2.1114643
256678	16963	2.81924	2.9276621
256678	16964	1.9689428	4.0757265
256678	16965	1.7707387	4.1832237
256678	16966	1.8991767	4.116688
256678	16967	1.9194025	4.0605373
256678	16968	2.0976906	3.8652008
256678	16969	2.596887	3.346596
256678	16970	2.6569023	3.3383496
256678	16971	2.3398137	3.5976675
256678	16972	3.8753166	1.8415263
256678	16973	5.384155	0.584133
256678	16974	5.755319	0.3711898
256678	16975	5.22101	0.73259807
256678	16976	4.6020575	1.1909614
256678	16977	4.2997365	1.5007876
256678	16978	4.3956747	1.3938607
256678	16979	4.225898	1.7004981
256678	16980	4.646942	0.9068016
256678	16981	2.3346195	0.14541236
256678	16982	1.8599349	0.23016271
256678	16983	2.10118	1.0700387
256678	16984	2.8610783	0.030172437
256678	16985	3.7373319	0.48523268
256678	16986	3.1699219	0.739339
256678	16987	3.2584534	0.5564022
256678	16988	4.3264413	1.9426181
256678	16989	4.3559313	1.7911181
256678	16990	4.8928165	1.2063797
256678	16991	4.98354	0.9444604
256678	16992	4.9774184	0.89052415
256678	16993	4.1395617	1.5788598
256678	16994	3.3297567	2.5046237
256678	16995	3.6322498	2.4178858
256678	16996	4.762183	1.1481202
256678	16997	4.8148813	1.1587696
256678	16998	4.8757124	1.1195294
256678	16999	4.763695	1.219885
256678	17000	4.689331	1.1850966
256678	17001	4.5427203	1.4340875
256678	17002	5.480216	-0.03868434
256678	17003	2.8648515	-0.56733906
256678	17004	2.9168844	0.17421147
256678	17005	2.7510586	0.33601114
256678	17006	2.5980988	0.30319813
256678	17007	2.6767025	0.26458725
256678	17008	3.5001936	-0.30251902
256678	17009	4.817103	0.9253564
256678	17010	4.365669	1.0187646
256678	17011	4.8585896	0.43275192
256678	17012	4.8367376	0.49977675
256678	17013	4.724486	0.398527
256678	17014	5.0649347	0.31995776
256678	17015	4.7574396	0.2958214
256678	17016	4.9179993	0.34892616
256678	17017	4.56487	0.8345003
256678	17018	4.7996883	0.5110575
256678	17019	5.430266	0.044448525
256678	17020	5.0508904	0.23818365
256678	17021	5.0667357	0.37060872
256678	17022	4.9693456	0.5082724
256678	17023	4.175576	1.7461472
256678	17024	4.4380608	1.3794637
256678	17025	4.664809	1.2950976
256678	17026	4.3330045	1.6794574
256678	17027	3.0237913	2.9577577
256678	17028	3.1358128	3.297961
256678	17029	0.7293018	5.0934863
256678	17030	1.2450713	5.0055285
256678	17031	1.4400264	4.534689
256678	17032	0.13637006	3.4344888
256678	17033	0.44846487	3.1368868
256678	17034	1.8055476	2.2189918
256678	17035	3.536447	0.5582335
256678	17036	3.9323978	0.55912983
256678	17037	3.987547	1.762146
256678	17038	4.315358	1.04621
256678	17039	3.1725602	2.119804
256678	17040	4.6548758	0.94623184
256678	17041	5.1452045	0.41407844
256678	17042	4.990081	0.40501323
256678	17043	4.8693013	0.22164449
256678	17044	4.879684	0.17119452
256678	17045	4.4647684	0.5120592
256678	17046	4.9249163	0.06472716
256678	17047	5.1662736	-0.09609893
256678	17048	5.742376	-0.73524386
256678	17049	5.1581335	-0.08815685
256678	17050	5.0635962	-0.12492508
256678	17051	5.1434836	0.035892636
256678	17052	5.46157	-0.47730535
256678	17053	5.264687	-0.26045924
256678	17054	5.0352244	0.008500159
256678	17055	5.0931196	-0.06888014
256678	17056	5.145194	-0.1666305
256678	17057	4.9277334	0.13668212
256678	17058	5.2178235	-0.2635891
256678	17059	5.0686398	-0.019771606
256678	17060	5.0184402	-0.17815712
256678	17061	5.194093	-0.29338866
256678	17062	5.1846404	-0.24254227
256678	17063	4.9785905	-0.053204298
256678	17064	5.273451	-0.20564234
256678	17065	4.4460588	0.7729745
256678	17066	3.7625628	1.5965507
256678	17067	3.2276254	2.785315
256678	17068	1.2717001	4.6207967
256678	17069	2.6091552	3.7035286
256678	17070	2.9070144	3.2169483
256678	17071	1.8879179	4.2422934
256678	17072	2.495665	3.370422
256678	17073	3.6862268	2.751568
256678	17074	3.749701	2.6603673
256678	17075	4.7388678	1.5376076
256678	17076	4.1732874	2.552169
256678	17077	4.1543903	2.3626745
256678	17078	3.7962894	2.9927292
256678	17079	2.9999046	2.2952588
256678	17080	1.4629858	2.4954484
256678	17081	2.4023447	3.0048614
256678	17082	2.9445105	2.2537153
256678	17083	1.39458	1.814493
256678	17084	3.57578	2.0748127
256678	17085	3.5673027	1.8153067
256678	17086	4.2827444	2.1097336
256678	17087	3.9614382	2.429567
256678	17088	4.13418	2.3404899
256678	17089	3.8789606	2.4722261
256678	17090	2.9047198	3.4955578
256678	17091	2.2904892	3.8209732
256678	17092	2.3561764	3.77097
256678	17093	2.64179	3.4680614
256678	17094	2.8125281	3.438026
256678	17095	2.887311	3.3685277
256678	17096	2.8674088	3.419054
256678	17097	2.9242873	3.3921986
256678	17098	2.9176264	3.2938836
256678	17099	3.1200805	3.3132868
256678	17100	3.0175996	3.1490674
256678	17101	3.0718923	3.3404799
256678	17102	2.7772264	3.400452
256678	17103	2.8576345	3.2359881
256678	17104	3.0386539	3.3862848
256678	17105	2.9994807	3.116414
256678	17106	2.2975278	3.8440874
256678	17107	1.6665679	4.567117
256678	17108	1.3389044	4.5796666
256678	17109	-0.50374484	5.075433
256678	17110	0.16149569	4.8501616
256678	17111	0.30170387	4.758947
256678	17112	0.3147251	4.7676473
256678	17113	0.38400966	4.7620344
256678	17114	0.7232125	4.2954426
256678	17115	1.6215917	4.4130836
256678	17116	1.2154117	4.4944167
256678	17117	1.4073006	4.492356
256678	17118	1.6656004	4.319423
256678	17119	1.7723264	4.3616543
256678	17120	2.7099628	3.4782896
256678	17121	2.9077382	3.6434271
256678	17122	3.685079	2.825027
256678	17123	3.6440096	2.8965108
256678	17124	3.5075512	2.879203
256678	17125	3.516375	3.2873144
256678	17126	3.3134289	3.2707438
256678	17127	2.893766	3.691787
256678	17128	2.8912277	3.5709531
256678	17129	2.5841565	3.7635148
256678	17130	3.6203575	3.024309
256678	17131	3.8581028	2.7366292
256678	17132	5.2420835	1.5010655
256678	17133	5.5514665	1.1737634
256678	17134	4.5224295	1.834552
256678	17135	4.3219433	2.2403245
256678	17136	3.9301534	2.402464
256678	17137	3.5778847	3.1974754
256678	17138	3.2545424	3.4468217
256678	17139	2.9604287	3.7300045
256678	17140	2.942535	3.7246988
256678	17141	3.4978614	2.939632
256678	17142	2.4580293	4.084471
256678	17143	2.411046	4.210481
256678	17144	2.5184565	4.169627
256678	17145	2.1532168	4.3592434
256678	17146	2.0441995	4.5019484
256678	17147	2.1546044	4.3994937
256678	17148	2.0805779	4.527216
256678	17149	2.2259746	4.332115
256678	17150	2.3914304	4.293649
256678	17151	2.7759857	3.9675405
256678	17152	3.9126935	2.7578301
256678	17153	4.003646	3.0427418
256678	17154	3.5121927	3.5609772
256678	17155	3.3231559	3.4722674
256678	17156	3.478074	3.5599372
256678	17157	3.0696192	3.7376387
256678	17158	3.047464	3.8517373
256678	17159	3.0502748	3.6966112
256678	17160	3.069162	3.6935208
256678	17161	3.0900793	3.777179
256678	17162	3.1085153	3.6220992
256678	17163	2.9316087	3.9095252
256678	17164	3.1173992	3.6135309
256678	17165	3.2561922	3.5772393
256678	17166	3.3606381	3.5773766
256678	17167	3.3704348	3.5599592
256678	17168	3.591187	3.316339
256678	17169	3.668013	3.3912382
256678	17170	3.3386822	3.6642544
256678	17171	3.4369946	3.5173168
256678	17172	3.474351	3.5547316
256678	17173	3.4850206	3.533063
256678	17174	2.876193	4.0271764
256678	17175	2.9789476	4.0310955
256678	17176	3.0334973	4.049582
256678	17177	3.054409	4.0588837
256678	17178	3.4638162	3.5625222
256678	17179	3.4307537	3.7532947
256678	17180	3.3656225	3.7444322
256678	17181	3.6375942	3.5232055
256678	17182	3.5660958	3.5905793
256678	17183	3.4826717	3.632923
256678	17184	3.51575	3.7370903
256678	17185	3.8992982	3.1736112
256678	17186	3.9196682	3.2001894
256678	17187	4.1762214	2.7132652
256678	17188	4.9046383	1.8359594
256678	17189	4.9717236	1.8897092
256678	17190	5.331265	1.3882217
256678	17191	5.3457103	1.4790376
256678	17192	5.4953456	1.3058743
256678	17193	6.2333245	0.29517922
256678	17194	6.9906435	-0.721621
256678	17195	7.131278	-1.5179756
256678	17196	7.241803	-1.560525
256678	17197	6.8784823	-1.29749
256678	17198	6.705893	-1.4918028
256678	17199	4.60746	-2.3122106
256678	17200	2.6822414	-2.2506077
256678	17201	2.8123055	-1.7179556
256678	17202	3.3237367	-1.880936
256678	17203	3.1964812	-1.8201933
256678	17204	3.2342944	-1.8078834
256678	17205	3.0229378	-1.4654707
256678	17206	2.4470992	-1.5131408
256678	17207	2.4671392	-1.369598
256678	17208	2.7096105	-1.4191682
256678	17209	2.8654575	-1.2271775
256678	17210	2.751505	-1.1207364
256678	17211	3.0367775	-0.7632546
256678	17212	0.74784553	-0.11299828
256678	17213	0.7039639	0.1537514
256678	17214	1.3801539	0.20479783
256678	17215	4.0891557	0.32635894
256678	17216	4.425897	0.40513578
256678	17217	4.2512507	0.62325263
256678	17218	4.311413	0.64935684
256678	17219	4.3785367	0.5523313
256678	17220	4.1972094	0.9387884
256678	17221	4.192225	1.0790253
256678	17222	4.128611	1.2412335
256678	17223	3.9742799	1.2881639
256678	17224	4.0016246	1.337441
256678	17225	3.5323915	1.5529728
256678	17226	2.4066133	2.6577559
256678	17227	1.7153939	1.9113333
256678	17228	1.1728967	1.7156146
256678	17229	2.263659	2.151457
256678	17230	1.909767	2.0371559
256678	17231	1.1242015	2.0507488
256678	17232	1.6005725	2.6762748
256678	17233	3.132368	2.1341102
256678	17234	2.5098	1.1406584
256678	17235	2.4507127	1.4156072
256678	17236	2.0555854	2.9614563
256678	17237	1.495227	2.1882565
256678	17238	1.7136687	2.064373
256678	17239	1.5096942	1.0001875
256678	17240	1.9882184	0.9184687
256678	17241	2.1113787	0.79844546
256678	17242	1.6116735	0.43949917
256678	17243	0.8133607	0.6818508
256678	17244	1.0529991	0.6611227
256678	17245	1.2018929	1.2577056
256678	17246	3.5426583	1.0836599
256678	17247	3.2024221	0.55715704
256678	17248	3.6098356	0.65456057
256678	17249	0.6389196	1.0905838
256678	17250	0.30022347	1.2617657
256678	17251	0.75019956	1.7334976
256678	17252	0.05839324	1.3835309
256678	17253	0.4302491	1.1139925
256678	17254	0.53421426	0.84414995
256678	17255	0.5035813	0.9487616
256678	17256	0.5376303	0.8503907
256678	17257	3.1453962	0.80634606
256678	17258	3.287364	1.0155388
256678	17259	2.9563441	0.5568496
256678	17260	3.3614764	1.866606
256678	17261	3.9007583	-0.28929904
256678	17262	3.8802524	-0.19179982
256678	17263	0.8353288	-0.054101676
256678	17264	0.27631986	0.62695444
256678	17265	0.21482879	1.2274706
256678	17266	2.895649	1.1273055
256678	17267	2.6249204	1.9378061
256678	17268	1.8150347	1.1366526
256678	17269	0.5935352	1.297068
256678	17270	1.302066	1.8477926
256678	17271	0.5330212	1.396997
256678	17272	3.839468	0.99440634
256678	17273	3.133163	1.3621848
256678	17274	3.347248	0.061974138
256678	17275	2.5922823	1.9875829
256678	17276	3.2663417	1.7196054
256678	17277	2.658455	0.11423418
256678	17278	0.5004877	1.186696
256678	17279	1.0281855	0.9409225
256678	17280	0.417588	0.95664024
256678	17281	3.2918854	0.6519345
256678	17282	3.7889295	0.6348293
256678	17283	3.4591875	1.3838205
256678	17284	3.815794	1.1369962
256678	17285	3.7778344	1.4583704
256678	17286	4.0219793	1.2070377
256678	17287	4.5912414	0.6576568
256678	17288	4.583919	0.5070151
256678	17289	4.6562147	0.24609867
256678	17290	4.8821125	0.29346028
256678	17291	4.4578714	0.5973898
256678	17292	4.4076605	0.52220225
256678	17293	4.4393783	0.56202435
256678	17294	4.69049	0.35836205
256678	17295	4.53137	0.3834875
256678	17296	4.7672496	0.13498232
256678	17297	4.7361584	0.23746058
256678	17298	4.8265405	0.1901389
256678	17299	3.9653287	1.1151406
256678	17300	3.696795	1.3569728
256678	17301	3.5380383	1.6067059
256678	17302	3.7493815	1.5495076
256678	17303	4.601213	0.44813004
256678	17304	5.2108088	-0.29108047
256678	17305	4.0595474	1.2691253
256678	17306	4.0061045	1.2535878
256678	17307	4.0585747	1.3730472
256678	17308	4.03534	1.5151285
256678	17309	3.9517508	1.5107976
256678	17310	4.121764	1.5618432
256678	17311	4.0007935	1.679414
256678	17312	4.2508483	1.241006
256678	17313	3.7918773	1.774404
256678	17314	4.017151	1.5587761
256678	17315	3.8164554	1.7101734
256678	17316	4.1124034	1.5123423
256678	17317	4.646222	0.6056311
256678	17318	4.4966955	1.137512
256678	17319	4.8265977	0.33086124
256678	17320	4.964915	0.29720083
256678	17321	4.79271	0.42231038
256678	17322	4.7585626	0.3865365
256678	17323	4.0907493	0.9426137
256678	17324	4.4492426	0.63261724
256678	17325	5.412148	-0.46352506
256678	17326	3.0065088	-0.8489247
256678	17327	2.096336	-0.017929435
256678	17328	1.8664469	0.40836212
256678	17329	1.5818928	0.469861
256678	17330	2.0103936	1.0041323
256678	17331	2.4571095	0.543514
256678	17332	2.8794045	1.2734859
256678	17333	3.0119238	1.0164537
256678	17334	1.2551138	0.96846044
256678	17335	1.713677	0.6197337
256678	17336	3.8823237	1.2034422
256678	17337	3.897777	1.2737981
256678	17338	4.0872493	0.9870349
256678	17339	4.6083856	0.42874452
256678	17340	4.673044	0.34166542
256678	17341	4.9469743	0.05256185
256678	17342	5.0108604	-0.007350683
256678	17343	4.8987193	0.20270267
256678	17344	4.8195333	0.082627445
256678	17345	4.5246973	0.6243293
256678	17346	4.4666677	0.49305925
256678	17347	4.6675677	0.60072434
256678	17348	5.144823	-0.09836179
256678	17349	2.4140306	-0.50041115
256678	17350	2.2018032	0.1448305
256678	17351	2.0942807	0.380814
256678	17352	2.0243707	0.27864626
256678	17353	2.0000858	0.26703826
256678	17354	2.4946785	0.6111375
256678	17355	2.5707965	0.61502707
256678	17356	1.688115	0.5239731
256678	17357	1.7174069	0.55777097
256678	17358	2.1815987	1.0188274
256678	17359	2.0357885	1.0862567
256678	17360	2.4651365	1.7485352
256678	17361	2.6382961	1.379735
256678	17362	3.0467067	1.9754176
256678	17363	3.0424042	1.937845
256678	17364	3.6894455	2.1549335
256678	17365	3.78871	2.2146711
256678	17366	2.771574	1.9725101
256678	17367	3.393104	1.4909208
256678	17368	4.164083	2.0158782
256678	17369	3.9454288	2.4022372
256678	17370	3.835752	2.473651
256678	17371	3.9326563	2.3914468
256678	17372	3.8669086	2.459391
256678	17373	3.7992911	2.4658902
256678	17374	4.1822553	2.1492476
256678	17375	4.3283014	2.0288312
256678	17376	4.0763116	2.2070346
256678	17377	4.070249	2.1306195
256678	17378	4.269406	2.072827
256678	17379	4.220677	2.1787515
256678	17380	4.3477736	1.9225876
256678	17381	4.4475055	1.9422047
256678	17382	4.364026	2.010381
256678	17383	4.1335754	2.1111073
256678	17384	4.3594236	1.6860125
256678	17385	4.413551	1.8921912
256678	17386	4.282407	1.8936048
256678	17387	4.4255996	1.9197419
256678	17388	4.302383	1.9359355
256678	17389	4.294983	2.1811373
256678	17390	4.3006716	2.016401
256678	17391	4.276586	2.1846437
256678	17392	4.0869265	2.1940994
256678	17393	4.1318717	2.2379463
256678	17394	4.0275636	2.3764462
256678	17395	4.294604	1.953898
256678	17396	4.4398236	1.7427492
256678	17397	4.658426	1.6538744
256678	17398	4.61493	1.667042
256678	17399	4.419458	1.7911787
256678	17400	4.1820297	2.0916712
256678	17401	4.1733894	2.0160348
256678	17402	4.1348395	2.0909517
256678	17403	3.9949226	2.2580369
256678	17404	4.1617937	2.1369092
256678	17405	4.36537	1.8841267
256678	17406	4.7416325	1.5874841
256678	17407	4.946246	1.2986906
256678	17408	5.1397114	1.2572134
256678	17409	5.1398897	1.2207623
256678	17410	4.4332695	2.1380012
256678	17411	4.492053	1.9830687
256678	17412	4.3703003	2.4311771
256678	17413	4.397827	2.3185067
256678	17414	4.8056555	1.8305371
256678	17415	4.851399	1.8120832
256678	17416	4.9381905	1.6061397
256678	17417	4.964991	1.6001697
256678	17418	4.8389783	1.664355
256678	17419	4.886536	1.6665626
256678	17420	4.8202167	1.7103627
256678	17421	4.749853	1.8795028
256678	17422	4.6948757	1.772598
256678	17423	4.8882165	1.4632145
256678	17424	5.095783	1.2404244
256678	17425	5.3266892	0.8435967
256678	17426	5.4332075	0.7126956
256678	17427	5.5956755	0.4851447
256678	17428	5.5487947	0.53002226
256678	17429	5.6239552	0.34581676
256678	17430	5.639224	0.3632379
256678	17431	5.660318	0.30438152
256678	17432	5.6351247	0.31818745
256678	17433	5.5000763	0.4338363
256678	17434	5.496507	0.47661063
256678	17435	5.435043	0.4860141
256678	17436	5.3223066	0.59296
256678	17437	5.5354676	0.33932337
256678	17438	5.5576425	0.38470665
256678	17439	5.325526	0.59901464
256678	17440	5.413253	0.55523145
256678	17441	5.37825	0.6283345
256678	17442	5.4515214	0.5335821
256678	17443	5.4484754	0.6243322
256678	17444	5.4069276	0.55660677
256678	17445	5.3982716	0.6071334
256678	17446	5.0444593	1.1731888
256678	17447	5.1257067	0.7635312
256678	17448	5.1264997	1.035016
256678	17449	5.123784	0.96600056
256678	17450	5.1434	0.9719225
256678	17451	5.2096653	0.7838563
256678	17452	5.131237	0.95953834
256678	17453	5.5072727	0.31701848
256678	17454	5.232281	0.8601198
256678	17455	5.0852957	1.0384848
256678	17456	5.245959	0.7945311
256678	17457	5.232819	0.81498706
256678	17458	4.962579	1.2420065
256678	17459	5.126824	0.88433886
256678	17460	4.834865	1.4896414
256678	17461	5.0006227	1.043578
256678	17462	4.8158064	1.6146481
256678	17463	5.28386	0.7690282
256678	17464	5.2432637	-0.54470557
256678	17465	5.1432705	0.6017678
256678	17466	5.215374	0.6546624
256678	17467	5.142284	0.6537125
256678	17468	5.4113574	0.25052133
256678	17469	5.226308	0.5051838
256678	17470	5.28176	0.36601606
256678	17471	4.220924	1.6011949
256678	17472	3.8667274	1.8030965
256678	17473	4.6717944	1.2213534
256678	17474	4.469583	1.3535969
256678	17475	4.728177	1.2635263
256678	17476	4.7397766	1.2266324
256678	17477	4.6634183	1.2807109
256678	17478	4.6671443	1.4410747
256678	17479	4.271149	1.9109292
256678	17480	4.414672	1.6627297
256678	17481	4.4054537	1.9971132
256678	17482	4.294362	1.8678122
256678	17483	4.484921	1.727078
256678	17484	4.633628	1.3875033
256678	17485	4.6255503	1.51622
256678	17486	4.6384654	1.435817
256678	17487	4.5866885	1.6028173
256678	17488	3.4433513	2.5162833
256678	17489	2.4831028	3.8848274
256678	17490	2.5563016	3.9543955
256678	17491	2.322012	4.0241914
256678	17492	2.3101788	4.0010443
256678	17493	2.4027019	3.533624
256678	17494	0.15886468	4.079533
256678	17495	0.9987612	4.5349145
256678	17496	1.4869953	4.167847
256678	17497	1.3608156	4.0539246
256678	17498	1.75046	3.743346
256678	17499	2.5480208	4.1087775
256678	17500	2.197248	4.205647
256678	17501	2.6067395	3.9983518
256678	17502	2.826415	3.873924
256678	17503	3.2323675	3.68208
256678	17504	3.2015986	3.6917856
256678	17505	3.1409407	3.642999
256678	17506	3.368935	3.635196
256678	17507	3.4136758	3.4435961
256678	17508	3.3777847	3.6144264
256678	17509	2.155984	4.465174
256678	17510	2.994855	3.9707844
256678	17511	2.965887	3.9579828
256678	17512	3.6810126	3.23476
256678	17513	4.2423935	2.9359775
256678	17514	4.8053274	1.8824596
256678	17515	4.957751	1.6758578
256678	17516	5.09633	1.3236091
256678	17517	5.0233054	1.5053775
256678	17518	5.1335917	1.3931887
256678	17519	4.862294	1.8079605
256678	17520	5.019196	1.1869327
256678	17521	4.7171674	1.74122
256678	17522	4.8823347	1.3590971
256678	17523	3.176659	0.28188798
256678	17524	2.9225478	1.4791665
256678	17525	1.7921668	1.3131194
256678	17526	1.9529408	1.4466392
256678	17527	1.9530462	1.3485688
256678	17528	1.9625052	1.3611817
256678	17529	2.6017556	1.4367727
256678	17530	2.5634813	1.4811705
256678	17531	2.6931605	1.3453096
256678	17532	2.8324952	1.1355716
256678	17533	3.8743348	2.3422706
256678	17534	3.7677274	2.4442751
256678	17535	4.2092786	1.8275721
256678	17536	4.35041	1.7020118
256678	17537	4.1689644	1.8993344
256678	17538	4.083783	1.7068
256678	17539	4.194295	1.8441577
256678	17540	4.0997224	1.7683718
256678	17541	4.093992	1.9845991
256678	17542	4.197918	1.8168423
256678	17543	3.9628701	2.1672907
256678	17544	4.0870047	1.9176121
256678	17545	4.139272	1.7771506
256678	17546	4.450921	1.6725025
256678	17547	5.092258	0.7072933
256678	17548	6.0285935	-0.56140244
256678	17549	5.619492	0.095758826
256678	17550	5.2397337	0.0038932562
256678	17551	2.335392	-0.75417745
256678	17552	2.3894234	0.113179594
256678	17553	3.039639	-0.251058
256678	17554	3.7093482	-0.008672029
256678	17555	3.4231696	0.067479104
256678	17556	3.453434	1.0607076
256678	17557	3.6444964	0.57996213
256678	17558	3.8067522	1.1236953
256678	17559	4.330158	0.5442035
256678	17560	3.1214051	0.18616411
256678	17561	3.7761626	1.2326546
256678	17562	4.085569	1.5570717
256678	17563	4.2700763	1.9727201
256678	17564	4.379267	1.8682127
256678	17565	4.4198465	2.163986
256678	17566	5.1496243	1.1090943
256678	17567	5.838725	-0.6625437
256678	17568	5.6339645	-0.349992
256678	17569	5.0679274	-0.023895234
256678	17570	4.542513	0.6000737
256678	17571	3.1596766	1.8005736
256678	17572	3.4044137	2.4609678
256678	17573	3.923851	1.9902949
256678	17574	4.3239107	1.5035113
256678	17575	4.3244853	1.3533599
256678	17576	4.1790123	1.3931471
256678	17577	4.2169313	1.5083953
256678	17578	4.177086	1.4487447
256678	17579	4.1721435	1.5035682
256678	17580	3.570846	2.2562153
256678	17581	3.6698627	2.3383074
256678	17582	3.667038	2.1431274
256678	17583	3.9530644	2.2506573
256678	17584	3.9172502	1.9310248
256678	17585	3.7805858	2.455663
256678	17586	3.9034057	2.328695
256678	17587	4.004385	2.2605832
256678	17588	3.8369117	2.4406743
256678	17589	3.7481866	2.4537194
256678	17590	3.7925844	2.1857896
256678	17591	3.814608	2.4987452
256678	17592	3.7898717	2.113623
256678	17593	3.9489455	2.3053377
256678	17594	3.3507872	2.6582334
256678	17595	3.2410111	3.2032692
256678	17596	2.467976	3.7404807
256678	17597	0.89461505	4.7848806
256678	17598	0.6979464	5.120561
256678	17599	0.85235023	4.8957257
256678	17600	1.0364323	4.668379
256678	17601	1.1296816	4.4812703
256678	17602	1.3721428	4.38749
256678	17603	0.91991735	2.6762843
256678	17604	1.0120654	2.9492335
256678	17605	1.1501299	2.9111702
256678	17606	1.0946877	2.8973277
256678	17607	1.1182348	2.934934
256678	17608	1.1075917	2.883685
256678	17609	1.7977413	2.9020858
256678	17610	1.6399108	2.8423393
256678	17611	1.5423898	3.9278848
256678	17612	2.7434306	2.621792
256678	17613	2.6988645	3.4728768
256678	17614	3.8776917	1.7215693
256678	17615	3.4409223	2.718241
256678	17616	3.5862164	1.5604517
256678	17617	2.7293115	0.9647678
256678	17618	2.7170677	2.2105162
256678	17619	0.5293616	2.4643674
256678	17620	1.01191	2.2888694
256678	17621	2.56733	2.742186
256678	17622	2.7412333	1.0055594
256678	17623	3.7298026	0.5648333
256678	17624	0.5731691	1.3500531
256678	17625	0.87051034	1.5086858
256678	17626	0.7253063	1.6421206
256678	17627	0.06342429	1.4651287
256678	17628	0.40051484	1.2292762
256678	17629	0.66127014	0.8769591
256678	17630	2.7899213	1.1913712
256678	17631	3.1232605	1.1381503
256678	17632	3.1229038	1.114481
256678	17633	3.3286834	0.9423609
256678	17634	3.451768	0.75088704
256678	17635	3.7085285	0.76776505
256678	17636	3.647914	0.853758
256678	17637	3.7321563	0.8038262
256678	17638	3.4098263	1.1953722
256678	17639	3.3728633	1.2780962
256678	17640	3.302156	1.2992712
256678	17641	3.695846	1.0486279
256678	17642	3.7510123	0.74215615
256678	17643	3.9181075	0.59488106
256678	17644	3.8692007	0.6027446
256678	17645	3.7230701	0.76199853
256678	17646	3.271359	1.3024935
256678	17647	3.5831895	1.1290711
256678	17648	3.4632025	1.0667771
256678	17649	3.7447023	0.9116056
256678	17650	3.9509497	0.74429953
256678	17651	3.803484	0.7967529
256678	17652	4.0288963	0.54879224
256678	17653	4.2101445	0.44570437
256678	17654	3.938262	0.6994537
256678	17655	3.9930024	0.53432107
256678	17656	3.902647	0.7521707
256678	17657	4.215842	0.5463531
256678	17658	4.0659003	0.51599836
256678	17659	4.220981	0.38748762
256678	17660	4.2535615	0.36730066
256678	17661	4.1477337	0.5056274
256678	17662	4.2755165	0.41874298
256678	17663	3.6832056	1.2666242
256678	17664	3.6810112	1.3389579
256678	17665	3.7282877	1.083168
256678	17666	3.8000479	0.97494066
256678	17667	3.3062062	1.7922146
256678	17668	2.9337416	2.1694822
256678	17669	2.8524475	2.4045045
256678	17670	2.9364028	2.7961884
256678	17671	3.2962685	2.4671185
256678	17672	3.0270343	2.7645524
256678	17673	3.2269688	2.6365678
256678	17674	3.3258529	2.579099
256678	17675	2.149088	3.716462
256678	17676	1.476253	4.485701
256678	17677	1.3496988	4.810848
256678	17678	1.4476602	4.708947
256678	17679	1.0432335	5.0393014
256678	17680	1.3819497	4.6806655
256678	17681	1.5902144	4.507203
256678	17682	1.548755	4.639451
256678	17683	1.9487013	4.1498356
256678	17684	1.8415333	4.3682175
256678	17685	1.8909603	4.275127
256678	17686	1.9261388	4.2317767
256678	17687	1.5665637	4.535024
256678	17688	1.7814022	4.079875
256678	17689	1.5511614	4.4434214
256678	17690	1.6546575	4.3133683
256678	17691	0.5295137	4.552236
256678	17692	0.6588017	4.2056346
256678	17693	0.97513616	3.8012326
256678	17694	2.2156801	2.3181806
256678	17695	2.1990528	2.2771003
256678	17696	1.4424049	3.0714393
256678	17697	1.1301033	3.6094253
256678	17698	1.3777101	3.2539084
256678	17699	1.2395366	3.5310042
256678	17700	1.8330151	3.0907147
256678	17701	2.3215432	2.6169443
256678	17702	2.4232202	2.7083063
256678	17703	2.1096034	2.7572243
256678	17704	2.8500266	1.9243572
256678	17705	1.6228644	2.3173847
256678	17706	1.8670589	2.1304824
256678	17707	2.5007238	2.6777916
256678	17708	3.0523362	1.875993
256678	17709	2.8308644	2.7735338
256678	17710	1.9645246	2.4817994
256678	17711	2.583346	0.6269747
256678	17712	3.159563	0.3250545
256678	17713	3.7818336	2.173346
256678	17714	3.1319046	1.3496578
256678	17715	2.7712502	1.6488888
256678	17716	1.2878348	2.478643
256678	17717	2.256721	2.6304853
256678	17718	2.5854626	1.8360169
256678	17719	1.2993436	1.9287281
256678	17720	1.6060737	1.9384851
256678	17721	3.3157563	2.1721387
256678	17722	2.8108878	1.3698622
256678	17723	2.8713923	1.4718289
256678	17724	0.5645747	2.865907
256678	17725	1.073584	2.6287832
256678	17726	2.4370337	2.3234522
256678	17727	2.4471045	2.3407364
256678	17728	2.4750214	2.3236656
256678	17729	2.535338	2.264067
256678	17730	2.7711692	2.197221
256678	17731	2.648004	2.237971
256678	17732	2.9486294	2.1950362
256678	17733	2.7676353	2.2287138
256678	17734	2.911037	2.2848053
256678	17735	2.6977606	2.3362877
256678	17736	2.7148333	2.252683
256678	17737	2.7089577	2.3787732
256678	17738	2.7636423	2.2880094
256678	17739	2.7154765	2.2690861
256678	17740	2.9772654	2.3275545
256678	17741	2.9228067	2.1802852
256678	17742	3.0729218	2.1401348
256678	17743	3.1875496	1.7076547
256678	17744	2.8769622	2.209396
256678	17745	2.6388006	2.5024884
256678	17746	3.0899372	2.2512043
256678	17747	2.5896058	2.8834743
256678	17748	3.0109053	2.4808922
256678	17749	2.5352569	3.1008534
256678	17750	2.3049164	3.473863
256678	17751	2.5147285	3.0982988
256678	17752	2.7144585	2.9233284
256678	17753	2.9381976	2.8841517
256678	17754	2.858417	2.797236
256678	17755	2.0151591	3.8319342
256678	17756	2.75001	2.7741055
256678	17757	2.7246237	3.1069615
256678	17758	2.6915016	3.046056
256678	17759	2.7214003	2.9818485
256678	17760	2.8321614	2.8281121
256678	17761	2.7528353	2.9296873
256678	17762	2.46491	3.3517241
256678	17763	3.0750446	2.6491194
256678	17764	3.1710162	2.8113117
256678	17765	2.7694364	3.164235
256678	17766	3.2608948	2.6034844
256678	17767	2.627305	3.3879187
256678	17768	3.011848	2.5347648
256678	17769	2.6827707	3.2045336
256678	17770	3.0726547	2.5170188
256678	17771	3.1168594	3.8322284
256678	17772	3.074242	3.6855814
256678	17773	3.2839026	3.6428993
256678	17774	3.3065267	3.4814675
256678	17775	1.8009433	2.0663838
256678	17776	2.947671	2.3047805
256678	17777	3.2147026	1.5643432
256678	17778	3.0005593	1.8165588
256678	17779	2.6095319	2.0568922
256678	17780	3.5271835	2.625721
256678	17781	3.2210555	1.680321
256678	17782	3.2743506	1.845742
256678	17783	2.8392978	2.2415497
256678	17784	1.504249	2.4037416
256678	17785	3.3700147	2.0833108
256678	17786	2.760304	2.4174616
256678	17787	1.2349256	2.318143
256678	17788	3.2755485	2.160399
256678	17789	2.5625648	2.3040388
256678	17790	2.4287496	2.6752982
256678	17791	2.4672937	2.5931897
256678	17792	3.6660795	2.8761182
256678	17793	2.9867811	3.2004762
256678	17794	2.3012066	3.5449932
256678	17795	1.8957297	3.8673432
256678	17796	2.5551858	3.3181005
256678	17797	3.0416188	1.5343722
256678	17798	3.1609497	1.3695
256678	17799	3.0063672	2.8190963
256678	17800	3.3483877	2.3269608
256678	17801	3.4409938	2.4508603
256678	17802	3.4543982	2.357727
256678	17803	3.5985646	2.3812246
256678	17804	3.6631694	2.455215
256678	17805	3.0491638	3.1161194
256678	17806	3.2039886	2.6144276
256678	17807	2.8167787	1.5258715
256678	17808	2.6601038	2.3545208
256678	17809	2.6861486	1.9525821
256678	17810	2.554471	2.553958
256678	17811	2.320448	2.1935582
256678	17812	1.2287467	3.1528597
256678	17813	1.1082556	3.764788
256678	17814	1.0681099	3.8154285
256678	17815	0.7496505	2.989028
256678	17816	1.7101442	3.5069268
256678	17817	2.0294094	2.696128
256678	17818	1.9006099	2.806002
256678	17819	1.8670849	2.77559
256678	17820	2.0434074	3.187882
256678	17821	1.9824344	3.316208
256678	17822	3.507635	2.81493
256678	17823	2.8924327	2.5705132
256678	17824	1.0492132	3.1549337
256678	17825	1.6528753	2.8145077
256678	17826	1.901683	2.5893428
256678	17827	2.1125765	2.8518176
256678	17828	2.2619143	2.3360407
256678	17829	2.045813	2.697325
256678	17830	2.8443708	2.9609792
256678	17831	3.465734	2.9368148
256678	17832	3.2249708	3.1833577
256678	17833	3.0682783	3.4449558
256678	17834	3.1410275	3.5305984
256678	17835	3.8539615	1.6574583
256678	17836	4.1572194	1.5012398
256678	17837	4.5614247	1.2039213
256678	17838	4.200408	1.5104473
256678	17839	4.1551723	1.5315567
256678	17840	4.2915263	1.4819078
256678	17841	3.685186	2.67437
256678	17842	4.724791	0.6540208
256678	17843	4.538683	1.1332293
256678	17844	3.5703144	2.6091824
256678	17845	4.7607074	0.5440748
256678	17846	4.49645	1.0989774
256678	17847	4.478483	0.95729625
256678	17848	4.195892	1.360327
256678	17849	4.299953	1.2807233
256678	17850	4.116799	1.473188
256678	17851	4.1862464	1.2858107
256678	17852	3.590077	2.6105754
256678	17853	2.286561	2.6776035
256678	17854	3.7545314	0.2234942
256678	17855	3.6195402	0.80387306
256678	17856	3.7455664	0.6990453
256678	17857	2.870328	2.277537
256678	17858	2.7870111	2.3643868
256678	17859	3.8858967	0.055610985
256678	17860	4.0118723	0.43458804
256678	17861	2.6580734	0.1687927
256678	17862	2.5335264	0.83164215
256678	17863	2.7389789	0.7737099
256678	17864	3.0399904	0.65370905
256678	17865	2.3683538	1.1271902
256678	17866	2.4036403	2.4771585
256678	17867	2.2716784	2.3436198
256678	17868	3.63246	1.9206979
256678	17869	2.8912315	2.4218147
256678	17870	2.7540026	2.4684641
256678	17871	3.3275447	0.45625487
256678	17872	3.017497	1.2724252
256678	17873	3.5894175	2.1257699
256678	17874	2.8086953	2.4258213
256678	17875	2.2217808	3.0184886
256678	17876	2.5129833	3.0223558
256678	17877	3.5980701	3.0388734
256678	17878	3.5327497	3.0225213
256678	17879	2.156899	3.9983408
256678	17880	2.4906583	3.9504669
256678	17881	2.1435013	4.0438986
256678	17882	2.5836139	3.9195073
256678	17883	1.8407205	4.4165654
256678	17884	1.9340693	4.4590673
256678	17885	2.082734	4.358778
256678	17886	2.6082888	4.03837
256678	17887	1.7167372	3.9042552
256678	17888	1.6354185	4.1787696
256678	17889	2.7799654	4.034953
256678	17890	2.7931442	3.8667338
256678	17891	2.279479	4.1852384
256678	17892	2.2514472	4.3512073
256678	17893	2.6223803	4.2071652
256678	17894	1.6975936	4.8334208
256678	17895	1.7493786	4.9068766
256678	17896	0.34828144	5.6925106
256678	17897	0.95210457	5.6922307
256678	17898	0.9324827	5.303119
256678	17899	1.2089239	5.211049
256678	17900	-0.59484065	5.8050485
256678	17901	-0.19787109	5.647838
256678	17902	-0.36503106	5.709151
256678	17903	-0.37971982	5.7476873
256678	17904	-0.38675997	5.79662
256678	17905	0.1730153	5.2925053
256678	17906	0.06845081	5.2934046
256678	17907	-0.19308856	5.481741
256678	17908	0.0039097667	5.3445187
256678	17909	0.08279586	5.2672157
256678	17910	0.1660288	5.24841
256678	17911	-0.025486976	5.5174417
256678	17912	0.20623958	5.281752
256678	17913	0.35971862	5.1131163
256678	17914	0.36010075	5.0285606
256678	17915	0.38528025	5.0367484
256678	17916	0.15915352	5.2296815
256678	17917	0.3403542	5.0929456
256678	17918	0.46544343	5.0688453
256678	17919	0.9419472	4.6281505
256678	17920	1.4495158	4.4589434
256678	17921	1.8685151	4.1236005
256678	17922	2.0336676	4.106493
256678	17923	1.9672409	4.156469
256678	17924	2.0186205	4.1005187
256678	17925	2.136764	3.813914
256678	17926	2.1556134	4.0141764
256678	17927	2.4676142	3.5208602
256678	17928	1.1664672	4.0803714
256678	17929	0.67415154	3.8541915
256678	17930	0.57190526	3.844619
256678	17931	0.48600513	3.5546138
256678	17932	0.52281487	3.973203
256678	17933	0.74239135	3.3016422
256678	17934	0.39706331	3.8664796
256678	17935	0.39789784	3.7707307
256678	17936	0.48847604	3.5821674
256678	17937	0.4592294	3.8045518
256678	17938	0.2335077	4.0699606
256678	17939	0.26910692	4.0801034
256678	17940	0.30604494	4.1562405
256678	17941	0.4307741	3.8144882
256678	17942	0.38340473	3.9775765
256678	17943	0.46946454	3.743686
256678	17944	0.48523116	3.711684
256678	17945	0.2446779	3.9823492
256678	17946	0.3909564	3.865235
256678	17947	0.53885853	3.6562517
256678	17948	0.31077063	4.0135236
256678	17949	0.804173	3.3620946
256678	17950	1.2720317	3.4811633
256678	17951	1.2211607	3.3242767
256678	17952	1.2445725	3.0826788
256678	17953	1.0662447	3.5459974
256678	17954	0.8534708	3.895222
256678	17955	0.74929297	4.0904117
256678	17956	1.5289778	4.0250297
256678	17957	2.4707246	3.7344286
256678	17958	1.0384293	4.223907
256678	17959	1.1932893	4.273887
256678	17960	1.6365944	3.7764008
256678	17961	1.7013949	3.8030045
256678	17962	1.6579758	3.804115
256678	17963	1.6109511	4.019482
256678	17964	1.893464	3.5408332
256678	17965	1.7439176	3.7441957
256678	17966	1.5931545	4.129393
256678	17967	1.7722439	3.6504538
256678	17968	1.5662311	4.021997
256678	17969	0.48674816	5.0967655
256678	17970	0.29995763	5.430647
256678	17971	0.21022493	5.4983563
256678	17972	0.276568	5.547488
256678	17973	0.40088588	5.3718834
256678	17974	0.6661856	5.3936768
256678	17975	0.4091379	5.4284315
256678	17976	0.30297965	5.6072474
256678	17977	0.40559405	5.6571736
256678	17978	-0.3390906	5.6358676
256678	17979	-0.32257563	4.259008
256678	17980	0.28619838	4.5553927
256678	17981	0.020029724	5.445828
256678	17982	0.22822791	5.250813
256678	17983	0.053923845	5.370584
256678	17984	0.6564853	5.2016683
256678	17985	0.95425653	4.092627
256678	17986	0.91405904	4.2504854
256678	17987	1.3850671	4.603564
256678	17988	1.7075309	4.2805367
256678	17989	2.0259194	3.879761
256678	17990	2.2143621	3.767348
256678	17991	2.7357407	3.464946
256678	17992	3.6598797	3.3496504
256678	17993	4.130681	2.8889024
256678	17994	4.155181	2.988859
256678	17995	3.6291842	3.359225
256678	17996	3.3916798	3.6372368
256678	17997	3.5345073	3.5273414
256678	17998	3.4230986	3.9178803
256678	17999	3.6824498	3.8053672
256678	18000	4.1274524	3.2939508
256678	18001	4.21129	3.2614582
256678	18002	4.0215373	3.318842
256678	18003	3.2448587	3.9461954
256678	18004	3.9304047	3.3634765
256678	18005	3.7671747	3.4107563
256678	18006	4.076676	3.333487
256678	18007	4.2869844	3.1723602
256678	18008	4.4662967	2.98552
256678	18009	4.5639067	2.8614857
256678	18010	4.436087	2.7917485
256678	18011	4.165619	3.1423743
256678	18012	4.5175514	2.617949
256678	18013	5.2197385	1.4591464
256678	18014	4.7866936	2.1558654
256678	18015	4.503706	2.4553971
256678	18016	4.7544394	2.2368143
256678	18017	3.6358461	3.4377115
256678	18018	0.5930519	5.2469673
256678	18019	0.8269205	5.426325
256678	18020	0.8477007	5.115837
256678	18021	1.1882573	5.162278
256678	18022	1.5424501	4.8325214
256678	18023	1.4773006	4.9042745
256678	18024	1.8795778	4.968609
256678	18025	2.5441947	4.509887
256678	18026	2.1629972	4.0283766
256678	18027	2.4102135	3.7128966
256678	18028	2.3002787	3.6808674
256678	18029	2.9978108	3.3502781
256678	18030	1.2017815	3.6016257
256678	18031	2.5510101	3.829137
256678	18032	2.8102803	3.497603
256678	18033	3.3665447	3.2212563
256678	18034	3.156384	3.2265594
256678	18035	3.2810636	3.292935
256678	18036	3.0213962	3.5072165
256678	18037	3.196989	3.3046358
256678	18038	3.1818871	3.3864832
256678	18039	3.1635861	3.5496175
256678	18040	3.1332607	3.5623806
256678	18041	3.6362262	3.1855974
256678	18042	3.4132757	3.6061366
256678	18043	2.8276963	4.178359
256678	18044	3.4694672	4.009673
256678	18045	3.43406	4.071325
256678	18046	3.4812737	4.1750774
256678	18047	3.5189242	4.167864
256678	18048	3.439783	4.22931
256678	18049	3.5689201	4.1651406
256678	18050	2.4735298	3.4536102
256678	18051	3.2491245	3.3695223
256678	18052	2.9052153	3.8110168
256678	18053	4.026027	3.8220837
256678	18054	3.9984217	3.2200272
256678	18055	3.6782088	3.5123193
256678	18056	4.0269804	3.7838275
256678	18057	4.1618166	3.107183
256678	18058	4.40232	3.4756854
256678	18059	4.4040856	3.6083734
256678	18060	4.937218	2.9621336
256678	18061	4.954005	2.9093828
256678	18062	2.9347816	2.2444572
256678	18063	3.5819664	2.269818
256678	18064	3.2579708	2.481611
256678	18065	3.6565204	2.5100944
256678	18066	3.8443613	2.444253
256678	18067	3.4925299	2.864077
256678	18068	3.8482084	2.5348449
256678	18069	3.9573793	2.5967023
256678	18070	3.912447	2.633758
256678	18071	3.9250298	2.5995529
256678	18072	4.098018	2.3560407
256678	18073	4.2250543	2.3828807
256678	18074	4.379594	2.0980573
256678	18075	4.0826073	2.8699105
256678	18076	5.0881314	2.2392213
256678	18077	3.1193256	1.864557
256678	18078	1.5068339	2.201978
256678	18079	1.3529905	2.5512788
256678	18080	2.159473	2.2843084
256678	18081	1.5013996	3.6553967
256678	18082	1.2537825	3.209857
256678	18083	1.295136	3.2009952
256678	18084	1.133328	3.3113036
256678	18085	1.2671263	3.1391752
256678	18086	1.3634484	2.9315705
256678	18087	1.491738	3.1805158
256678	18088	2.7347445	3.7491477
256678	18089	2.5049067	2.2476332
256678	18090	2.9343395	2.2243853
256678	18091	2.0508356	1.4681714
256678	18092	2.1287093	1.576469
256678	18093	2.079215	1.5629783
256678	18094	3.9440017	2.2902262
256678	18095	3.8425293	2.3583572
256678	18096	2.8801146	3.0961697
256678	18097	2.6825433	4.107672
256678	18098	3.43181	3.6885998
256678	18099	3.8270493	3.4737978
256678	18100	4.154763	3.206328
256678	18101	4.2608366	3.2220292
256678	18102	4.2827663	3.0907655
256678	18103	4.2261567	3.0977929
256678	18104	4.457178	3.1158714
256678	18105	4.184082	3.3459759
256678	18106	2.7781062	3.332736
256678	18107	2.8049774	3.209794
256678	18108	4.3136992	1.9584875
256678	18109	3.8299608	3.4082723
256678	18110	4.048727	3.485227
256678	18111	4.2042027	3.3439906
256678	18112	3.7580848	3.6333845
256678	18113	1.9519802	3.8287165
256678	18114	2.46591	3.4840984
256678	18115	4.286402	1.9916344
256678	18116	3.0444574	3.05166
256678	18117	2.86763	3.5671399
256678	18118	2.8402748	3.649546
256678	18119	2.873077	3.5611637
256678	18120	3.1828823	3.3157768
256678	18121	3.4561424	3.2527206
256678	18122	3.3353696	3.1456277
256678	18123	3.3401327	3.301439
256678	18124	4.3209515	1.837214
256678	18125	4.40069	2.0680804
256678	18126	4.372642	2.0706525
256678	18127	3.9440112	2.4695241
256678	18128	3.873787	2.4983406
256678	18129	3.892674	2.4913313
256678	18130	3.917328	2.4859529
256678	18131	3.9197445	2.4723308
256678	18132	1.9590322	4.285716
256678	18133	1.7359093	5.482189
256678	18134	2.5423913	4.625866
256678	18135	2.018714	3.9023054
256678	18136	2.1280904	3.892811
256678	18137	2.0132947	4.0901027
256678	18138	2.7675958	4.177542
256678	18139	0.6972619	4.677078
256678	18140	0.67608035	4.8518186
256678	18141	0.61133885	4.9966393
256678	18142	0.67026424	4.9431334
256678	18143	0.57516253	5.435334
256678	18144	0.8482131	5.2742734
256678	18145	1.0887961	5.160842
256678	18146	1.202184	5.115824
256678	18147	1.3781385	5.0845904
256678	18148	1.5145048	4.968191
256678	18149	1.5125936	5.0269923
256678	18150	1.8016204	4.753248
256678	18151	1.5353502	5.0216656
256678	18152	1.4214424	5.096762
256678	18153	1.7555233	4.884715
256678	18154	1.5839196	5.04815
256678	18155	1.3104824	5.189365
256678	18156	0.23131615	5.4828153
256678	18157	0.28250235	5.587609
256678	18158	0.20402265	5.5865192
256678	18159	0.7644832	5.338607
256678	18160	0.8021827	5.248355
256678	18161	0.7956234	5.358421
256678	18162	0.8170445	5.368961
256678	18163	0.8228277	5.3739057
256678	18164	1.0736578	5.29898
256678	18165	1.1043105	5.29169
256678	18166	1.5071331	5.02171
256678	18167	1.1224456	5.211973
256678	18168	1.4175162	5.1100764
256678	18169	1.1082925	5.3243866
256678	18170	1.3279896	5.2112293
256678	18171	1.0342214	5.414483
256678	18172	1.125814	5.318077
256678	18173	1.3658072	5.147939
256678	18174	1.3153698	5.186631
256678	18175	1.4713486	5.03768
256678	18176	1.6285886	4.9575434
256678	18177	1.6755289	4.8646646
256678	18178	1.6592621	4.8589926
256678	18179	1.6919309	4.8178926
256678	18180	1.7245685	4.8174086
256678	18181	1.8259515	4.72369
256678	18182	1.8259782	4.709075
256678	18183	1.8096243	4.7543435
256678	18184	1.8251978	4.709318
256678	18185	2.4011126	4.256973
256678	18186	2.2845926	4.2995524
256678	18187	2.46521	4.2025847
256678	18188	2.4739838	4.143955
256678	18189	2.378457	4.2581916
256678	18190	2.380085	4.2054205
256678	18191	2.0892224	4.394426
256678	18192	2.302052	4.2706466
256678	18193	2.3703518	4.224811
256678	18194	2.70639	4.0530715
256678	18195	2.9267745	3.9247491
256678	18196	2.9099765	3.82278
256678	18197	2.764522	3.963631
256678	18198	2.66853	4.014152
256678	18199	2.894044	3.847626
256678	18200	3.1088257	3.7759812
256678	18201	3.0279145	3.815852
256678	18202	3.018775	3.8109105
256678	18203	3.0148773	3.7308486
256678	18204	3.128388	3.7551806
256678	18205	3.0895362	3.7038538
256678	18206	3.023109	3.8150146
256678	18207	3.0623074	3.6894667
256678	18208	3.0176125	3.8536708
256678	18209	2.7747483	3.8886344
256678	18210	2.932827	3.9482
256678	18211	2.7617679	4.086536
256678	18212	2.7369924	4.056744
256678	18213	2.864594	3.8592079
256678	18214	2.950848	3.833873
256678	18215	3.1368885	3.587177
256678	18216	2.6807365	3.9413335
256678	18217	2.7366529	3.9291117
256678	18218	2.6442518	3.966471
256678	18219	2.7491622	3.8021805
256678	18220	1.3132606	4.80779
256678	18221	1.1752181	5.0166583
256678	18222	0.046536207	5.621737
256678	18223	0.35904342	5.374298
256678	18224	0.27053207	5.3303
256678	18225	0.8871659	5.1162596
256678	18226	1.1078663	4.718427
256678	18227	1.1806126	4.661505
256678	18228	1.5012406	4.542983
256678	18229	1.5226537	4.530992
256678	18230	2.667048	4.406734
256678	18231	2.1787138	4.466993
256678	18232	2.1943069	4.6317954
256678	18233	0.9153377	5.228492
256678	18234	0.33494055	5.60906
256678	18235	0.124001384	5.6500406
256678	18236	0.29665047	5.549581
256678	18237	0.27294666	5.4054756
256678	18238	0.57686114	5.157506
256678	18239	0.9602274	4.9685354
256678	18240	1.1206264	4.8918157
256678	18241	0.9758078	4.98938
256678	18242	1.2227013	4.89235
256678	18243	1.1831906	4.9080925
256678	18244	0.86079097	4.97508
256678	18245	0.7920145	4.9495034
256678	18246	0.8451083	4.8532248
256678	18247	0.6470494	4.938041
256678	18248	0.77936137	4.920668
256678	18249	0.8284446	4.8114877
256678	18250	0.8998703	4.7045994
256678	18251	1.1579893	4.5828333
256678	18252	1.3965739	4.462879
256678	18253	1.5369669	4.5300646
256678	18254	1.5356404	4.5026827
256678	18255	1.5701348	4.5472956
256678	18256	1.6378516	4.498369
256678	18257	1.6955332	4.4477787
256678	18258	2.1282487	4.1334815
256678	18259	1.9238392	4.571821
256678	18260	1.5961467	4.6758037
256678	18261	1.0970044	4.9273105
256678	18262	0.9564191	5.1229277
256678	18263	1.1340544	4.971681
256678	18264	0.4064337	5.232532
256678	18265	0.47112548	5.2153387
256678	18266	0.44161695	5.1717424
256678	18267	-0.11791223	4.1887836
256678	18268	-0.11967331	3.7478015
256678	18269	0.245502	4.307162
256678	18270	0.18051529	4.3593235
256678	18271	0.10409391	4.549028
256678	18272	0.16069657	4.540893
256678	18273	0.67962193	4.2348247
256678	18274	0.50780725	4.4544177
256678	18275	0.45401764	4.659574
256678	18276	0.3271647	4.7992463
256678	18277	1.9884425	4.304931
256678	18278	1.7279216	4.425372
256678	18279	2.182714	4.1839595
256678	18280	2.453668	4.137775
256678	18281	2.588644	4.132602
256678	18282	2.9824138	3.9758565
256678	18283	2.7191014	4.2314095
256678	18284	2.4220638	4.1973495
256678	18285	2.9431	4.0548496
256678	18286	2.9493203	4.1062417
256678	18287	2.9027295	4.1397605
256678	18288	3.1654062	3.9979475
256678	18289	3.1238766	4.0546737
256678	18290	3.0693913	4.048816
256678	18291	3.4129634	3.8338873
256678	18292	3.1436777	4.0041027
256678	18293	3.3135529	4.0015416
256678	18294	3.2928753	4.096036
256678	18295	3.3666954	3.916886
256678	18296	3.2415018	4.087444
256678	18297	3.2714515	4.0371184
256678	18298	3.435255	3.813597
256678	18299	3.7265286	3.5828745
256678	18300	3.3410606	3.8615415
256678	18301	3.5328922	3.864741
256678	18302	2.8716006	4.3807936
256678	18303	2.634222	4.3198986
256678	18304	3.1072545	4.138698
256678	18305	3.3843293	4.029153
256678	18306	3.5453157	3.912453
256678	18307	3.6696115	3.8340037
256678	18308	3.5094242	3.992018
256678	18309	3.7049885	3.8731587
256678	18310	3.7133803	3.7625883
256678	18311	3.9007163	3.7697303
256678	18312	4.3822727	2.8361259
256678	18313	4.5967965	2.701578
256678	18314	4.5206323	2.6952887
256678	18315	3.946908	3.2747202
256678	18316	4.2963586	2.9742858
256678	18317	4.102902	3.0420732
256678	18318	4.1988144	3.0453079
256678	18319	4.1573863	2.9806504
256678	18320	4.2204347	2.9989786
256678	18321	3.7354922	3.374592
256678	18322	4.1998982	3.072574
256678	18323	4.2444196	2.868459
256678	18324	4.3352327	2.940923
256678	18325	4.3706417	2.8094854
256678	18326	4.323835	2.896357
256678	18327	3.360507	2.3925586
256678	18328	3.1717386	2.87957
256678	18329	3.7022166	3.482196
256678	18330	3.485661	2.7421947
256678	18331	3.2573743	2.9292145
256678	18332	3.5393963	2.9163508
256678	18333	3.591422	3.5307877
256678	18334	3.808723	3.3560965
256678	18335	4.135485	3.3147705
256678	18336	4.0815043	3.3721142
256678	18337	4.738723	2.3525114
256678	18338	4.73209	2.4589152
256678	18339	4.1306243	2.946432
256678	18340	4.4788704	2.9389122
256678	18341	2.8961606	2.5085518
256678	18342	4.5807753	1.2711638
256678	18343	3.3970623	2.1960714
256678	18344	2.7503128	3.219683
256678	18345	2.737949	3.415497
256678	18346	2.815187	3.2925377
256678	18347	3.1107445	3.3481932
256678	18348	4.3615136	2.0132127
256678	18349	4.2908254	2.9231446
256678	18350	3.571804	3.7704284
256678	18351	2.3069391	3.9489105
256678	18352	2.5332808	3.9175193
256678	18353	2.5447497	3.9803164
256678	18354	2.733211	4.013686
256678	18355	3.7387705	3.8441985
256678	18356	4.832289	2.6081867
256678	18357	5.1612287	2.0812454
256678	18358	4.4880633	3.0416512
256678	18359	5.3896194	1.7136993
256678	18360	4.4878345	2.855928
256678	18361	4.4697533	3.1959472
256678	18362	4.68178	2.9388773
256678	18363	5.371551	2.0026743
256678	18364	5.3323326	2.0805469
256678	18365	5.500295	2.008013
256678	18366	5.364292	2.1177511
256678	18367	5.0827947	2.2408376
256678	18368	5.1264105	2.1919696
256678	18369	4.988591	2.4592617
256678	18370	5.528287	1.4252932
256678	18371	5.259433	2.07035
256678	18372	5.2301984	2.1784348
256678	18373	5.0123715	2.3606896
256678	18374	5.0188255	2.2535095
256678	18375	4.6449738	3.098716
256678	18376	3.7762284	4.236788
256678	18377	4.4094524	3.2773473
256678	18378	3.6113305	4.2239547
256678	18379	3.819656	4.248191
256678	18380	3.9665647	4.0697293
256678	18381	4.9544644	2.7763996
256678	18382	4.385552	3.4429247
256678	18383	5.3297634	2.153069
256678	18384	4.8221455	2.9592762
256678	18385	4.2879343	3.5067239
256678	18386	5.036418	2.4799201
256678	18387	5.410736	1.9191146
256678	18388	4.6072893	3.1355958
256678	18389	4.3194714	3.4393606
256678	18390	4.3782487	3.621641
256678	18391	4.3325353	3.7111251
256678	18392	4.2498527	3.702133
256678	18393	4.3798633	3.717333
256678	18394	4.375466	3.6832116
256678	18395	4.4066834	3.65826
256678	18396	4.430245	3.6211188
256678	18397	4.4695277	3.579735
256678	18398	4.1611314	3.7834342
256678	18399	4.2896028	3.7724798
256678	18400	4.323551	3.748428
256678	18401	4.416247	3.6332157
256678	18402	5.305829	2.21752
256678	18403	5.683108	1.6525953
256678	18404	4.898881	2.7413042
256678	18405	5.2419558	2.075712
256678	18406	4.7461348	2.8849676
256678	18407	5.2107925	2.080876
256678	18408	4.721357	2.993846
256678	18409	5.343861	1.984422
256678	18410	4.7136335	3.099429
256678	18411	4.531809	3.4143069
256678	18412	4.554778	3.45136
256678	18413	4.446084	3.5907648
256678	18414	4.4193997	3.3926818
256678	18415	4.1605983	3.7889278
256678	18416	3.6449494	4.2378397
256678	18417	3.9796166	4.177307
256678	18418	3.1153255	3.010234
256678	18419	3.4399323	4.357324
256678	18420	5.021513	2.726452
256678	18421	4.218568	1.6192107
256678	18422	3.2734537	3.4898403
256678	18423	4.3573127	1.3450823
256678	18424	4.3897867	1.3484118
256678	18425	4.3338866	1.556025
256678	18426	4.1919985	1.6801944
256678	18427	3.1864023	3.0605698
256678	18428	3.517044	3.577882
256678	18429	3.7370157	3.5720408
256678	18430	3.8780384	3.5012531
256678	18431	4.1740627	3.4366696
256678	18432	4.1446958	3.5158286
256678	18433	4.519104	3.1168075
256678	18434	4.481143	3.1195765
256678	18435	4.160465	3.54376
256678	18436	4.1747313	3.59638
256678	18437	4.1707067	3.5472414
256678	18438	4.1481657	3.569925
256678	18439	4.162848	3.64413
256678	18440	4.243615	3.5330558
256678	18441	4.163844	3.6227577
256678	18442	4.0987787	3.6914399
256678	18443	4.146643	3.634906
256678	18444	4.189236	3.6218321
256678	18445	3.9587946	3.8559058
256678	18446	3.9570398	3.8167918
256678	18447	4.239755	3.6798031
256678	18448	4.2168365	3.4817736
256678	18449	4.302363	3.6357462
256678	18450	4.2246494	3.6955225
256678	18451	4.2743235	3.586922
256678	18452	4.443879	3.5248072
256678	18453	4.4052544	3.5595944
256678	18454	4.3163147	3.506328
256678	18455	4.344229	3.6445553
256678	18456	4.3342943	3.4868667
256678	18457	4.344427	3.6113122
256678	18458	4.177529	3.7834976
256678	18459	4.210919	3.7730439
256678	18460	4.30703	3.640949
256678	18461	4.336154	3.629254
256678	18462	4.368509	3.6094067
256678	18463	4.4170666	3.5812128
256678	18464	4.4233513	3.5674922
256678	18465	4.789896	3.1652417
256678	18466	4.973399	2.9736369
256678	18467	4.9122314	3.1077135
256678	18468	6.1031356	1.0704428
256678	18469	6.31803	0.8865994
256678	18470	6.111186	0.99396193
256678	18471	5.543092	1.8838968
256678	18472	5.555611	1.9818723
256678	18473	5.472258	2.031238
256678	18474	4.656608	1.7189777
256678	18475	4.728601	2.2837157
256678	18476	4.611105	1.1716548
256678	18477	5.1378684	1.7871256
256678	18478	5.188295	1.8519504
256678	18479	4.563034	2.763235
256678	18480	4.55446	2.8074558
256678	18481	4.6542726	2.848885
256678	18482	4.8316717	2.5414126
256678	18483	4.797651	2.586072
256678	18484	4.955314	2.2907186
256678	18485	4.946826	2.5749757
256678	18486	4.519928	2.9748976
256678	18487	4.873358	2.7267354
256678	18488	4.856454	2.8444123
256678	18489	4.4995656	3.0116203
256678	18490	4.4644737	2.8777132
256678	18491	4.304798	3.2764513
256678	18492	4.747245	2.850679
256678	18493	3.7733955	2.4417157
256678	18494	4.3014574	2.8939736
256678	18495	4.488554	3.0796802
256678	18496	4.5023203	3.1134517
256678	18497	4.356035	3.4531856
256678	18498	4.362581	3.523424
256678	18499	4.074145	3.7640812
256678	18500	4.203257	3.6908557
256678	18501	4.2882285	3.5830133
256678	18502	4.2423177	3.645078
256678	18503	4.5753675	3.317638
256678	18504	4.446509	3.4660106
256678	18505	4.063089	3.839268
256678	18506	3.9973855	3.6897957
256678	18507	4.2233005	3.677264
256678	18508	5.3207	2.2010672
256678	18509	5.5880437	1.7003396
256678	18510	5.2569427	2.0061195
256678	18511	5.4779344	1.6763918
256678	18512	4.848241	1.5313605
256678	18513	4.769469	1.8976588
256678	18514	4.802674	2.2701142
256678	18515	5.0560436	2.1996665
256678	18516	5.1943684	2.1163976
256678	18517	5.053771	2.2524188
256678	18518	4.980118	2.6022093
256678	18519	3.8323846	4.0839915
256678	18520	3.7677846	4.249617
256678	18521	3.936596	4.166516
256678	18522	3.9463887	4.073854
256678	18523	3.9935699	4.121494
256678	18524	3.9659433	4.110052
256678	18525	4.0255494	4.065857
256678	18526	4.942352	2.8536398
256678	18527	4.0864906	3.921367
256678	18528	4.1099153	3.9654992
256678	18529	4.2444	3.882569
256678	18530	5.2798495	2.447339
256678	18531	5.5701814	1.9398935
256678	18532	5.6466928	1.8611076
256678	18533	5.7030253	1.6990025
256678	18534	5.293189	2.353834
256678	18535	5.349362	2.331984
256678	18536	5.43716	2.1992862
256678	18537	5.325996	2.3942986
256678	18538	5.4662247	2.138312
256678	18539	5.361545	2.2330687
256678	18540	5.319097	2.3391411
256678	18541	5.493247	2.1449537
256678	18542	5.4370575	2.3573375
256678	18543	5.2902946	2.55255
256678	18544	5.2121487	2.5934198
256678	18545	4.910991	2.9120698
256678	18546	5.023842	2.8888087
256678	18547	4.8513513	3.2092829
256678	18548	4.08627	2.2452536
256678	18549	4.055726	3.0684683
256678	18550	5.1682606	2.015023
256678	18551	4.8701386	2.3484082
256678	18552	4.764304	2.6887343
256678	18553	4.886137	2.6236112
256678	18554	4.627854	2.8565266
256678	18555	4.6803975	2.6726823
256678	18556	4.3782077	3.0932813
256678	18557	4.529483	3.078283
256678	18558	4.641073	3.0273163
256678	18559	4.564382	3.0617294
256678	18560	4.419521	3.2371962
256678	18561	4.342661	3.0246344
256678	18562	4.4994636	3.062127
256678	18563	4.4810987	3.1684277
256678	18564	4.410245	3.1756368
256678	18565	4.4037704	3.050441
256678	18566	4.5003667	3.0618086
256678	18567	4.50487	3.0070298
256678	18568	4.7101793	3.0046058
256678	18569	4.548824	3.1717613
256678	18570	4.8059907	2.993123
256678	18571	4.737788	3.1354885
256678	18572	4.647896	3.1445928
256678	18573	4.914819	2.9600968
256678	18574	4.8084116	3.1451247
256678	18575	4.819265	2.986485
256678	18576	4.5513716	3.3118122
256678	18577	4.4873734	3.1984687
256678	18578	3.5708427	2.9849133
256678	18579	3.71488	3.968765
256678	18580	4.349697	3.3797336
256678	18581	4.6099524	3.3105717
256678	18582	4.0146556	2.6668608
256678	18583	4.4859104	3.262857
256678	18584	3.88913	3.9867795
256678	18585	3.9971485	3.8905065
256678	18586	3.1003585	2.8305702
256678	18587	2.3783379	3.738619
256678	18588	3.8996148	3.6484973
256678	18589	3.9245944	3.6575959
256678	18590	3.7229104	3.9643805
256678	18591	4.746519	2.8501627
256678	18592	2.7281756	2.9116704
256678	18593	2.3596501	3.790274
256678	18594	3.8167624	3.5312011
256678	18595	3.839796	3.5383582
256678	18596	4.6207523	2.6795475
256678	18597	3.8075967	3.5712788
256678	18598	3.6610565	3.8640811
256678	18599	3.8008904	3.7835314
256678	18600	3.9366908	3.6295922
256678	18601	3.986206	3.646599
256678	18602	3.696219	3.9580462
256678	18603	3.9048991	3.8041427
256678	18604	3.7665272	3.769489
256678	18605	3.9506745	3.803919
256678	18606	3.9296117	3.6060302
256678	18607	3.9961548	3.4726706
256678	18608	4.350017	3.367145
256678	18609	5.275105	2.0478048
256678	18610	4.0771055	1.7296798
256678	18611	4.2543483	2.0841742
256678	18612	4.194743	2.1095917
256678	18613	4.556073	2.769045
256678	18614	4.1741147	3.2355285
256678	18615	5.300345	1.9761
256678	18616	4.704538	2.8137035
256678	18617	4.4594383	3.1030507
256678	18618	4.6605406	2.8532352
256678	18619	4.5980945	2.6198413
256678	18620	3.6633067	0.064373106
256678	18621	5.028241	-0.19096753
256678	18622	2.9379773	-0.31574717
256678	18623	3.0079765	0.061356515
256678	18624	3.0660796	0.14814445
256678	18625	3.0494885	0.039665014
256678	18626	3.014258	0.0727317
256678	18627	3.0407457	0.09470847
256678	18628	2.8968725	1.1880882
256678	18629	2.4375095	1.557632
256678	18630	2.7501817	2.1812923
256678	18631	3.1824164	1.9742472
256678	18632	3.552443	1.5649717
256678	18633	3.900353	1.4934709
256678	18634	3.5588837	0.31923774
256678	18635	4.1472664	0.22626027
256678	18636	3.5197759	1.720005
256678	18637	4.561562	1.3319745
256678	18638	4.5808005	1.8903921
256678	18639	5.0771313	1.4627839
256678	18640	2.6777115	0.18501934
256678	18641	2.7409358	1.1683774
256678	18642	2.779449	0.9880246
256678	18643	3.9068165	1.4756782
256678	18644	1.7739717	1.3834581
256678	18645	3.871498	1.586123
256678	18646	1.7558969	1.6050608
256678	18647	3.2025075	1.6582851
256678	18648	4.4252257	1.0354778
256678	18649	2.2631955	0.64440477
256678	18650	2.6014357	0.5425559
256678	18651	3.8107886	0.90056956
256678	18652	3.2833328	1.2008197
256678	18653	3.5881567	1.0955656
256678	18654	2.8095732	0.0961549
256678	18655	3.7154393	0.9755044
256678	18656	3.1524982	0.12215707
256678	18657	3.6312213	1.4233011
256678	18658	3.466352	1.2494394
256678	18659	3.5983162	1.2020892
256678	18660	3.0884762	0.08267382
256678	18661	2.4358997	0.51922655
256678	18662	3.7511883	0.951504
256678	18663	3.710299	0.9751127
256678	18664	2.9644246	-0.06518948
256678	18665	2.1285853	0.7748463
256678	18666	3.6417952	1.1457747
256678	18667	3.6008258	1.1128258
256678	18668	3.7173357	0.88303924
256678	18669	2.6777172	0.30872872
256678	18670	1.9902977	0.98138416
256678	18671	3.6486382	1.0085636
256678	18672	3.5928726	0.9742843
256678	18673	2.8525252	0.061721653
256678	18674	2.0420737	0.8695611
256678	18675	3.6024494	1.1780367
256678	18676	3.44345	1.2697587
256678	18677	2.7934213	0.102974504
256678	18678	2.1319585	0.6876023
256678	18679	3.5806675	1.0875719
256678	18680	3.4128385	1.2185097
256678	18681	2.7912974	0.080901176
256678	18682	3.052692	0.1419631
256678	18683	2.6117058	0.5739957
256678	18684	3.8235788	0.8667091
256678	18685	2.6632752	0.14081088
256678	18686	2.2707314	0.64766884
256678	18687	3.6880212	0.8361112
256678	18688	3.343329	1.0195684
256678	18689	3.2151256	0.39722636
256678	18690	3.1799083	0.064873785
256678	18691	3.8904257	0.87375045
256678	18692	3.987657	0.41193637
256678	18693	4.2475977	1.2807803
256678	18694	3.5627918	1.9059258
256678	18695	3.6267343	0.055827886
256678	18696	4.557961	1.3802512
256678	18697	3.439186	0.52006745
256678	18698	3.5856237	0.35768315
256678	18699	3.8658214	1.4169693
256678	18700	3.1513157	1.9273415
256678	18701	3.3250232	0.69015276
256678	18702	4.4651737	1.3390322
256678	18703	3.273243	0.29115543
256678	18704	2.823001	0.973835
256678	18705	4.1424847	0.9697727
256678	18706	3.8990383	1.1325393
256678	18707	4.055547	0.95982456
256678	18708	3.690258	0.13529691
256678	18709	4.0380335	0.04837081
256678	18710	3.320167	0.48357043
256678	18711	4.3589535	0.8683177
256678	18712	3.908125	1.0857713
256678	18713	1.2463423	0.9422519
256678	18714	1.3879019	0.84006727
256678	18715	1.4468836	0.713382
256678	18716	1.555622	1.5859122
256678	18717	1.3352283	1.6770842
256678	18718	2.0232196	2.1322534
256678	18719	2.2635083	1.396456
256678	18720	2.459425	2.3075595
256678	18721	3.515654	1.9821198
256678	18722	3.5917306	0.58811116
256678	18723	3.3519197	1.1801163
256678	18724	3.8909097	1.8964212
256678	18725	3.7264414	2.0153027
256678	18726	3.0926604	1.6296768
256678	18727	2.6413927	1.0764848
256678	18728	2.3646488	2.8233147
256678	18729	4.1538506	0.7242472
256678	18730	1.3164829	1.0541258
256678	18731	3.7769775	1.2587314
256678	18732	3.2988567	0.54644597
256678	18733	3.1092963	1.1300415
256678	18734	3.252396	1.0756868
256678	18735	1.8720647	0.7465632
256678	18736	1.0005265	1.016958
256678	18737	1.3463489	1.874742
256678	18738	0.38293773	1.8887005
256678	18739	3.1743212	1.0830327
256678	18740	2.898449	0.96330583
256678	18741	3.1260138	1.1231703
256678	18742	1.2514663	1.2246679
256678	18743	0.75440156	1.3763462
256678	18744	1.0320721	2.2210453
256678	18745	0.24307346	2.0541732
256678	18746	2.8916678	1.2824751
256678	18747	2.6742253	1.1500393
256678	18748	2.9764023	1.1278692
256678	18749	3.459216	0.79417837
256678	18750	1.7336537	0.6272856
256678	18751	0.9969033	0.9119916
256678	18752	1.2113643	0.6457212
256678	18753	0.6780144	0.77637327
256678	18754	1.466053	-0.006893158
256678	18755	1.5260781	0.14839748
256678	18756	3.532524	0.20005617
256678	18757	0.8279959	0.38919237
256678	18758	1.0550728	0.3580025
256678	18759	0.7027086	1.5230725
256678	18760	0.7123462	1.37073
256678	18761	3.187817	0.8763932
256678	18762	2.9172587	0.34855303
256678	18763	1.0416921	0.6404921
256678	18764	0.7191495	0.70889795
256678	18765	0.7077458	1.7063332
256678	18766	3.3171353	0.88431823
256678	18767	3.2790437	-0.24033618
256678	18768	3.6752758	-0.4173021
256678	18769	1.2620231	0.31988558
256678	18770	0.879038	0.5426005
256678	18771	0.8617523	1.5619524
256678	18772	3.3419075	0.8525541
256678	18773	2.7209897	1.9916732
256678	18774	1.4766673	1.2568074
256678	18775	2.5741382	1.4062268
256678	18776	2.5963955	0.9609667
256678	18777	2.246336	2.2769027
256678	18778	1.1204545	1.8888736
256678	18779	1.5000578	1.6486893
256678	18780	2.0017033	2.687461
256678	18781	2.875198	1.4577897
256678	18782	3.565668	1.5625844
256678	18783	2.7077184	2.3402534
256678	18784	2.0378428	2.8220167
256678	18785	2.619916	0.5438036
256678	18786	3.580164	0.99377644
256678	18787	3.2881083	1.1236262
256678	18788	2.8557086	1.4761251
256678	18789	1.2857674	1.9237199
256678	18790	2.1789322	2.8572676
256678	18791	2.2834659	2.4514222
256678	18792	3.2741823	1.1410807
256678	18793	3.5806308	1.1178995
256678	18794	3.8355498	1.4944717
256678	18795	3.3184505	2.1833475
256678	18796	3.142589	2.4266992
256678	18797	3.0486999	2.4412622
256678	18798	1.796739	3.5854156
256678	18799	1.6919433	3.55851
256678	18800	2.093279	3.3482127
256678	18801	1.8664378	3.4398687
256678	18802	1.8541752	3.4963765
256678	18803	1.5964693	3.730447
256678	18804	2.673468	3.0516415
256678	18805	2.6706128	3.0394623
256678	18806	1.8225466	2.9580169
256678	18807	2.9966063	3.0217984
256678	18808	2.7873611	1.9855692
256678	18809	3.3410406	1.5762396
256678	18810	3.8011055	1.5085081
256678	18811	2.987639	2.8958592
256678	18812	1.5464519	2.0126655
256678	18813	2.2113185	0.7187427
256678	18814	3.110733	0.9136642
256678	18815	3.778842	1.4173527
256678	18816	1.2118762	1.3651333
256678	18817	2.3419838	1.66482
256678	18818	3.3279204	1.9686112
256678	18819	2.6694946	1.2147884
256678	18820	3.599801	2.0722427
256678	18821	3.244843	2.3293889
256678	18822	1.4310117	1.301442
256678	18823	1.5864414	1.4095461
256678	18824	2.6425061	1.7711942
256678	18825	3.4217167	2.0591803
256678	18826	1.0371243	1.87644
256678	18827	2.2889132	1.9467914
256678	18828	3.3614492	1.7663682
256678	18829	2.5474415	1.363739
256678	18830	3.7794495	1.452804
256678	18831	1.3192252	1.1828139
256678	18832	2.413288	1.5834472
256678	18833	1.4057014	2.5051334
256678	18834	3.3956537	1.762969
256678	18835	2.6447558	1.3765699
256678	18836	2.6854577	1.590966
256678	18837	2.4718122	1.80492
256678	18838	1.5860485	1.2874713
256678	18839	2.5384083	1.945864
256678	18840	1.9477383	2.2050893
256678	18841	3.7181554	1.1369818
256678	18842	3.2446642	0.7479036
256678	18843	3.283299	0.8483795
256678	18844	2.6620665	1.5959723
256678	18845	3.214222	2.5535245
256678	18846	3.3813095	2.3823683
256678	18847	2.9956846	2.7387135
256678	18848	3.1091933	2.7489693
256678	18849	2.9035382	2.678469
256678	18850	3.2250419	2.6365914
256678	18851	4.9589458	0.51778626
256678	18852	5.5776815	-0.110392064
256678	18853	4.1826057	1.2794582
256678	18854	5.283902	-0.3645787
256678	18855	4.283629	1.2656308
256678	18856	5.2940702	-0.394905
256678	18857	4.015551	1.519407
256678	18858	3.9732437	1.4093666
256678	18859	4.437385	1.3143303
256678	18860	4.2200046	1.6695869
256678	18861	3.6901073	2.0807595
256678	18862	3.3036408	2.6036613
256678	18863	3.0457025	2.4921536
256678	18864	3.451126	2.4976516
256678	18865	3.6150975	2.2861402
256678	18866	3.4841728	2.580104
256678	18867	2.9093013	3.3214943
256678	18868	2.838552	3.4169858
256678	18869	2.9146838	3.389273
256678	18870	1.911704	1.7291977
256678	18871	1.8182751	1.8590693
256678	18872	1.6144637	2.1133637
256678	18873	2.9472585	2.6982574
256678	18874	2.681254	2.7919757
256678	18875	1.598504	3.8270428
256678	18876	1.5442969	4.0640125
256678	18877	1.4425116	4.0361447
256678	18878	0.81833243	4.7056813
256678	18879	1.6207205	4.412308
256678	18880	-0.26264563	5.329509
256678	18881	-0.55699855	3.7337973
256678	18882	0.052039266	3.1163485
256678	18883	0.04475361	3.514586
256678	18884	-0.047997504	3.8420908
256678	18885	-0.0443739	3.9325244
256678	18886	-0.01168251	2.320959
256678	18887	0.22882122	2.060226
256678	18888	0.15679532	2.3043914
256678	18889	0.7758403	2.5419643
256678	18890	0.28997546	2.3333392
256678	18891	0.34108824	2.3450944
256678	18892	0.98477364	2.470332
256678	18893	0.7267393	2.6871793
256678	18894	0.75144255	2.7372596
256678	18895	0.7363007	2.6038551
256678	18896	1.0044129	2.0017912
256678	18897	1.4469441	1.448995
256678	18898	1.7674521	1.4583497
256678	18899	3.0618544	0.16084948
256678	18900	2.912084	0.5339228
256678	18901	1.7418574	0.37892863
256678	18902	1.9408735	1.1217313
256678	18903	3.128224	1.9486008
256678	18904	4.053487	1.4822251
256678	18905	3.587438	1.0883925
256678	18906	3.6615076	1.278681
256678	18907	1.9211956	1.2460287
256678	18908	2.3056655	2.1158347
256678	18909	2.2117896	1.9982975
256678	18910	2.6577315	1.6584451
256678	18911	2.8212552	1.5464172
256678	18912	3.0676455	1.634464
256678	18913	3.1643457	1.5154833
256678	18914	3.2175303	1.5836496
256678	18915	3.426484	1.3762702
256678	18916	3.9400687	0.5686369
256678	18917	3.8488154	0.62672853
256678	18918	3.9114175	2.0220394
256678	18919	1.0927601	1.5505083
256678	18920	0.8177724	2.2043853
256678	18921	1.1939727	3.0168831
256678	18922	2.032187	2.579772
256678	18923	0.28796953	2.7300012
256678	18924	0.48975205	2.4565144
256678	18925	0.29423618	2.6866107
256678	18926	0.40365303	2.4829288
256678	18927	0.8369918	3.3417776
256678	18928	1.1772865	2.4441674
256678	18929	2.6717901	3.034092
256678	18930	2.1218085	1.8968318
256678	18931	1.7764047	1.282341
256678	18932	3.041924	1.6337171
256678	18933	3.2357397	1.9270692
256678	18934	-0.011694193	2.9731624
256678	18935	2.4983916	2.9546187
256678	18936	2.0008268	1.3825245
256678	18937	2.162209	1.4299006
256678	18938	2.6151218	1.3999813
256678	18939	0.29086453	1.8276126
256678	18940	3.2353196	1.7815804
256678	18941	3.0973668	1.8265588
256678	18942	2.6254215	0.4727129
256678	18943	3.2412548	0.29281566
256678	18944	0.25332457	0.8690094
256678	18945	0.0363608	1.5180101
256678	18946	2.8528957	0.89316356
256678	18947	3.2586112	0.9359685
256678	18948	2.7682471	1.6497586
256678	18949	3.5065107	0.8748535
256678	18950	3.863566	0.69692564
256678	18951	4.0620866	0.42231902
256678	18952	3.7468815	-0.36415547
256678	18953	0.70982957	0.25944725
256678	18954	0.28043872	2.1663072
256678	18955	-0.07436091	2.313526
256678	18956	0.69206643	2.0250354
256678	18957	0.5968934	3.2239976
256678	18958	0.17700863	2.6273806
256678	18959	0.7106389	0.89242136
256678	18960	2.8671017	1.4353338
256678	18961	3.0589175	-0.07998052
256678	18962	-0.108282834	0.9990946
256678	18963	0.028522074	1.2881413
256678	18964	2.2347736	0.79743373
256678	18965	2.7442245	0.63822484
256678	18966	3.0697803	0.541973
256678	18967	3.3049965	0.8440653
256678	18968	3.703815	0.5880244
256678	18969	3.5085135	0.7138195
256678	18970	3.3438315	0.76354206
256678	18971	3.3553534	0.784446
256678	18972	3.35189	0.8056959
256678	18973	3.5165615	0.6582304
256678	18974	3.4726114	0.76179326
256678	18975	3.485023	0.6994426
256678	18976	3.4690857	0.76301634
256678	18977	3.3932233	0.7674023
256678	18978	3.281693	0.84897757
256678	18979	3.2781773	0.86525714
256678	18980	1.8793696	2.175722
256678	18981	2.5924225	3.526713
256678	18982	0.34950304	2.8729084
256678	18983	0.14147079	2.0817394
256678	18984	1.3968228	1.7394605
256678	18985	2.0186248	1.6270347
256678	18986	0.52470946	2.2503867
256678	18987	0.6601131	2.4720738
256678	18988	0.68454385	2.4289315
256678	18989	1.8126701	2.0070875
256678	18990	1.4857739	2.270904
256678	18991	3.03863	2.9636695
256678	18992	3.35887	2.6619484
256678	18993	3.432838	2.701458
256678	18994	3.9039202	2.5642924
256678	18995	3.7712102	2.5599558
256678	18996	3.9212003	2.4308846
256678	18997	3.8988075	2.3982165
256678	18998	3.963317	2.3503103
256678	18999	4.525367	1.4126638
256678	19000	4.409798	1.5288104
256678	19001	4.5143557	1.4509171
256678	19002	4.459631	1.4284606
256678	19003	4.44858	1.308479
256678	19004	3.1667767	0.8350066
256678	19005	2.9754496	1.3431901
256678	19006	3.432623	1.2054756
256678	19007	4.7550173	0.07234481
256678	19008	3.2076988	1.0544283
256678	19009	4.294297	1.7510867
256678	19010	5.2504363	0.39998809
256678	19011	4.9997616	0.621727
256678	19012	3.7902746	1.7172928
256678	19013	3.9852786	1.7290392
256678	19014	4.064089	1.6953726
256678	19015	4.132489	1.5802891
256678	19016	3.952057	1.8911312
256678	19017	4.2683573	1.5346695
256678	19018	4.454371	1.4530523
256678	19019	4.385911	1.3943015
256678	19020	4.3419347	1.3421228
256678	19021	4.322667	1.4916035
256678	19022	4.235872	1.4953128
256678	19023	4.1796184	1.5327151
256678	19024	3.0668144	1.0807098
256678	19025	4.278977	0.22931805
256678	19026	2.64146	1.1980646
256678	19027	3.2252479	1.3255388
256678	19028	3.5195785	1.1426686
256678	19029	3.07897	1.666105
256678	19030	3.5214124	1.3487386
256678	19031	4.5574155	0.40491405
256678	19032	2.960091	1.4372811
256678	19033	4.2189546	2.1284835
256678	19034	3.9773798	1.9440875
256678	19035	3.8405485	2.327051
256678	19036	4.022633	2.7188432
256678	19037	3.8363514	2.7627566
256678	19038	4.169359	2.6287308
256678	19039	4.4965577	1.978648
256678	19040	4.808818	1.3779001
256678	19041	5.070515	1.0691165
256678	19042	4.0533776	-0.8843571
256678	19043	4.4235034	-0.41101006
256678	19044	4.3769603	-0.3193388
256678	19045	1.4786072	-0.3292291
256678	19046	1.0885873	1.1650974
256678	19047	0.82792044	1.1468165
256678	19048	1.2376814	1.3665575
256678	19049	1.2756821	1.0537567
256678	19050	1.720374	1.7515144
256678	19051	3.3654733	1.9030669
256678	19052	2.8377757	0.8790941
256678	19053	3.1515093	1.2299575
256678	19054	3.79391	1.8450892
256678	19055	3.4538336	2.0928504
256678	19056	3.798594	1.7244442
256678	19057	3.8746614	1.7031748
256678	19058	3.773046	1.8363097
256678	19059	4.0839047	1.5398892
256678	19060	3.7894268	1.6546652
256678	19061	3.8762798	1.8150346
256678	19062	3.7478414	1.9029815
256678	19063	3.451395	2.145267
256678	19064	3.5998483	2.0771203
256678	19065	3.7519045	2.110184
256678	19066	3.8417568	2.0490844
256678	19067	3.8285737	1.9905927
256678	19068	3.9670262	1.8457272
256678	19069	4.062859	1.903899
256678	19070	4.1818833	1.6850448
256678	19071	4.076166	1.7558565
256678	19072	3.8831835	2.0309052
256678	19073	3.8923502	1.9628165
256678	19074	4.0578423	1.9612184
256678	19075	4.2807713	1.4028553
256678	19076	4.587791	1.0307596
256678	19077	4.477736	1.1869488
256678	19078	3.726737	1.7591138
256678	19079	4.7820144	0.44585487
256678	19080	4.7497582	0.5023242
256678	19081	4.604847	0.6430055
256678	19082	4.5195227	0.6677413
256678	19083	4.56218	0.53231716
256678	19084	4.611996	0.44969717
256678	19085	4.967287	0.07406804
256678	19086	5.1443224	-0.0867697
256678	19087	5.213286	-0.31334364
256678	19088	4.831087	0.046475977
256678	19089	4.135758	0.573977
256678	19090	4.6117377	0.46965328
256678	19091	2.5807915	-0.65749
256678	19092	2.8664446	0.16606131
256678	19093	2.7893133	0.25672498
256678	19094	0.5510111	0.9556781
256678	19095	0.65004027	1.1314784
256678	19096	0.49235094	1.2553482
256678	19097	1.1140305	1.3209499
256678	19098	1.323779	0.9363781
256678	19099	1.2223523	0.9541415
256678	19100	1.2540478	1.9396956
256678	19101	1.4733121	1.4725498
256678	19102	1.7768024	2.4132912
256678	19103	1.658959	1.0105803
256678	19104	1.9553198	0.85697913
256678	19105	1.8906456	0.9844717
256678	19106	2.2298355	1.8510876
256678	19107	3.5474558	1.6167047
256678	19108	3.398511	0.61345255
256678	19109	4.2336116	1.3980641
256678	19110	4.2197385	1.6971874
256678	19111	3.6767464	0.49029705
256678	19112	3.3028984	0.38852176
256678	19113	3.722969	0.21205017
256678	19114	2.991778	0.8573271
256678	19115	0.61433566	0.7601625
256678	19116	0.8457407	0.6907073
256678	19117	0.7940464	1.6800201
256678	19118	1.2309507	2.0844338
256678	19119	1.6409193	-0.15693745
256678	19120	3.4348354	0.9997332
256678	19121	3.1526003	1.3379934
256678	19122	3.2658916	0.39049217
256678	19123	3.4102983	0.41276404
256678	19124	3.3869715	0.48608872
256678	19125	0.5698161	0.83808684
256678	19126	0.63041055	1.8216417
256678	19127	0.62162447	1.6239741
256678	19128	1.1092137	1.7893014
256678	19129	1.0906473	1.5928316
256678	19130	1.0188513	1.6816216
256678	19131	1.3393329	2.7013202
256678	19132	2.476746	0.930758
256678	19133	1.5343395	1.0629824
256678	19134	1.8478962	2.150335
256678	19135	3.3667154	1.9009109
256678	19136	3.419877	0.6492878
256678	19137	4.139445	1.4947801
256678	19138	3.9196815	0.32577375
256678	19139	3.8439226	0.80018294
256678	19140	3.4140706	1.2174419
256678	19141	3.134275	0.4443644
256678	19142	0.26770705	0.73283064
256678	19143	0.50656366	0.75989485
256678	19144	0.21336406	1.7222714
256678	19145	0.346856	1.4644264
256678	19146	0.5913327	2.2095141
256678	19147	3.130598	0.9929248
256678	19148	3.178547	0.2809467
256678	19149	3.2591052	-0.15613154
256678	19150	3.4652138	-0.29920152
256678	19151	0.80623865	0.4247267
256678	19152	0.6665802	1.2910767
256678	19153	0.77209365	1.9672513
256678	19154	1.1841567	-0.25055122
256678	19155	3.3100977	0.34222326
256678	19156	3.6644998	-0.59842074
256678	19157	3.68895	-0.41102752
256678	19158	4.1099296	-0.49521774
256678	19159	0.3698449	0.46184114
256678	19160	0.15675157	0.75698686
256678	19161	0.062150776	1.7794886
256678	19162	0.39119613	2.172929
256678	19163	0.83724654	0.052437633
256678	19164	2.921904	0.67558146
256678	19165	3.3704166	-0.4418662
256678	19166	3.4127178	-0.16811344
256678	19167	3.1520605	0.1257331
256678	19168	0.7566726	0.39701995
256678	19169	0.25419843	0.7534816
256678	19170	0.28374636	1.6248081
256678	19171	0.395369	1.2140213
256678	19172	2.5240898	0.95224893
256678	19173	2.908647	0.94637823
256678	19174	3.2063975	-0.006942421
256678	19175	0.5554025	0.6374413
256678	19176	0.17520756	1.1315601
256678	19177	0.15912181	1.9141822
256678	19178	2.586666	0.9957901
256678	19179	2.9244013	0.3556811
256678	19180	0.5093988	1.1491526
256678	19181	0.64005613	1.3810843
256678	19182	-0.32512945	1.7796211
256678	19183	-0.103747755	2.2154949
256678	19184	-0.035986274	1.8919799
256678	19185	-0.11347872	2.065739
256678	19186	0.07050562	2.815597
256678	19187	2.8652482	1.2948297
256678	19188	2.830864	0.6319524
256678	19189	2.8612757	0.24180183
256678	19190	2.8826594	0.27434304
256678	19191	0.3552975	0.8684076
256678	19192	0.4964	0.7462152
256678	19193	2.7745185	0.46355852
256678	19194	3.0017838	0.49830732
256678	19195	0.06103003	1.2794541
256678	19196	0.079334676	1.2088408
256678	19197	-0.0899483	2.2893555
256678	19198	0.6316371	1.647789
256678	19199	0.43762076	1.626648
256678	19200	0.7475394	2.5787466
256678	19201	1.2603188	1.2515478
256678	19202	1.243705	1.3518977
256678	19203	1.3836263	1.2670684
256678	19204	3.1649084	1.7218874
256678	19205	2.8618999	0.59747434
256678	19206	2.227406	1.3093233
256678	19207	2.081833	1.5565767
256678	19208	3.0079722	2.2182455
256678	19209	3.0800714	1.0533762
256678	19210	2.821136	1.2639153
256678	19211	0.79044974	1.0179732
256678	19212	1.1328238	2.0430725
256678	19213	0.18956256	1.9527922
256678	19214	2.7703443	1.4527645
256678	19215	2.8931775	0.37471792
256678	19216	3.1307673	0.51391697
256678	19217	1.0542705	0.7973082
256678	19218	1.2201308	0.8824719
256678	19219	0.35074848	1.1287963
256678	19220	0.56200874	1.8532898
256678	19221	0.5397593	1.4861397
256678	19222	0.51411295	1.5604141
256678	19223	2.641961	1.5578067
256678	19224	2.9814763	0.37323144
256678	19225	-0.015190363	1.0335541
256678	19226	0.26127517	1.1439972
256678	19227	2.366725	0.783105
256678	19228	2.6282458	0.8343793
256678	19229	0.17141312	1.236892
256678	19230	2.720511	0.95677245
256678	19231	2.9623804	0.501564
256678	19232	3.3070536	0.5519352
256678	19233	0.22509742	0.9008976
256678	19234	2.671752	0.89893734
256678	19235	2.8013463	0.6940317
256678	19236	0.17025983	1.443086
256678	19237	2.5762587	0.9107028
256678	19238	2.675459	0.7250706
256678	19239	0.13652283	1.4440504
256678	19240	2.5225558	0.90160775
256678	19241	2.9129376	2.1358948
256678	19242	3.3744912	1.5420158
256678	19243	0.26459342	1.4447865
256678	19244	0.94788706	2.156992
256678	19245	1.9111387	0.40526232
256678	19246	2.1707993	0.4646398
256678	19247	2.3376255	0.40288344
256678	19248	2.3898668	1.6250174
256678	19249	2.8736515	-0.5896354
256678	19250	2.6604218	1.3856223
256678	19251	2.5486917	1.0188913
256678	19252	2.1344104	1.3154159
256678	19253	3.1043491	2.1744106
256678	19254	3.461975	0.30919275
256678	19255	3.3117785	0.7587944
256678	19256	4.0827026	1.0256497
256678	19257	4.2272444	0.9480809
256678	19258	4.025598	1.2347718
256678	19259	0.71204793	1.0180812
256678	19260	0.60903454	1.2863847
256678	19261	1.1552658	1.7519937
256678	19262	1.2710986	0.25776622
256678	19263	3.709169	0.59703267
256678	19264	3.4379907	0.86837506
256678	19265	2.165783	1.0661259
256678	19266	2.7084289	0.51240444
256678	19267	2.2670712	1.8910093
256678	19268	2.4307842	1.4464499
256678	19269	2.4133148	1.482486
256678	19270	2.7926588	0.3155252
256678	19271	0.012715757	0.784758
256678	19272	0.2991923	0.6754978
256678	19273	0.10352397	1.6628625
256678	19274	0.1576038	1.4152459
256678	19275	0.36703157	2.1800537
256678	19276	3.2663455	0.62212944
256678	19277	3.5259218	-0.22328049
256678	19278	3.3474069	0.31418958
256678	19279	3.156474	-0.38205886
256678	19280	3.1540203	-0.024148881
256678	19281	0.28304958	0.82798517
256678	19282	0.28844923	0.81945384
256678	19283	2.4058824	0.34651408
256678	19284	0.086823285	0.91620016
256678	19285	2.9837837	0.111498326
256678	19286	3.16184	0.40747437
256678	19287	3.336115	0.21518025
256678	19288	3.3781753	0.28187183
256678	19289	3.4402146	0.044549853
256678	19290	3.533062	0.036852926
256678	19291	3.7627816	-0.18051314
256678	19292	0.38557607	0.3866723
256678	19293	0.3807665	0.35985968
256678	19294	0.23265183	1.3719891
256678	19295	1.0452464	0.8838514
256678	19296	0.81674004	0.9595218
256678	19297	1.1115155	1.8107686
256678	19298	2.073295	0.20085707
256678	19299	2.3891425	0.33253154
256678	19300	2.548718	1.5449963
256678	19301	3.6142774	1.2476084
256678	19302	3.586976	-0.14019895
256678	19303	3.467329	-0.5321139
256678	19304	3.7750616	0.68249357
256678	19305	3.472373	-0.3960474
256678	19306	2.8916698	1.5337398
256678	19307	2.9103065	1.1621737
256678	19308	2.34475	1.9861887
256678	19309	0.077741325	1.7896166
256678	19310	0.23998517	1.5371249
256678	19311	0.43546796	2.3916528
256678	19312	3.18603	1.0440861
256678	19313	3.1070738	0.09639731
256678	19314	2.975462	0.58597267
256678	19315	0.54663694	1.0836877
256678	19316	0.6669431	1.187551
256678	19317	0.6780356	2.0724866
256678	19318	1.598179	0.11414668
256678	19319	3.7724466	0.37532827
256678	19320	3.6531253	0.5213411
256678	19321	3.4273462	-0.15575203
256678	19322	3.2273574	0.63960195
256678	19323	0.44007528	1.4548761
256678	19324	0.3517627	1.4878414
256678	19325	0.5173507	2.3037004
256678	19326	1.4219024	0.44871864
256678	19327	3.4806376	0.7772232
256678	19328	3.3288531	1.02642
256678	19329	3.216125	0.2013757
256678	19330	3.074626	-0.1387007
256678	19331	3.1013217	-0.05428782
256678	19332	3.0559125	0.060920388
256678	19333	0.20573694	0.91639316
256678	19334	0.31406063	1.6290298
256678	19335	0.2395876	1.497792
256678	19336	0.4515388	2.2344613
256678	19337	3.14987	0.7199167
256678	19338	2.7092867	0.055167526
256678	19339	3.442977	-0.3501645
256678	19340	3.095612	0.08460036
256678	19341	0.29875594	0.8031596
256678	19342	0.41362733	0.6376034
256678	19343	0.28537554	1.6432996
256678	19344	0.33776855	1.3301743
256678	19345	0.575981	2.0858974
256678	19346	3.333446	0.5956323
256678	19347	3.6339722	-0.18993235
256678	19348	3.2921844	0.4044082
256678	19349	3.4749398	0.27261886
256678	19350	3.1575952	-0.057569623
256678	19351	3.3029346	-0.30872175
256678	19352	3.0444121	0.9200618
256678	19353	3.1464128	0.7613164
256678	19354	3.4356976	1.5382135
256678	19355	3.8806643	1.3597312
256678	19356	3.8688178	0.01385963
256678	19357	4.0692787	1.3839538
256678	19358	3.7633471	1.2214947
256678	19359	0.10983205	1.6138611
256678	19360	0.04392433	1.8455212
256678	19361	0.03845024	2.7440698
256678	19362	1.6066974	0.72689605
256678	19363	1.6178392	2.143645
256678	19364	2.3639474	-0.12561634
256678	19365	2.2675052	1.7486513
256678	19366	1.7849818	1.7160337
256678	19367	2.0627708	0.24106672
256678	19368	3.246161	0.60867107
256678	19369	3.065391	1.5610173
256678	19370	2.8314414	0.23528859
256678	19371	3.3735142	1.178302
256678	19372	0.07570791	1.5592358
256678	19373	0.13728058	1.8734915
256678	19374	0.14404225	2.7349405
256678	19375	3.3180847	0.777084
256678	19376	3.5281796	0.1781027
256678	19377	3.4588008	-0.16965368
256678	19378	3.2613215	0.06147036
256678	19379	2.485364	1.6619167
256678	19380	2.6204925	1.2728318
256678	19381	0.07074231	1.5259475
256678	19382	0.43748754	2.411843
256678	19383	3.4983459	0.5348458
256678	19384	3.501451	0.20027778
256678	19385	3.1323204	0.81147265
256678	19386	3.0527878	0.11294505
256678	19387	3.124426	0.10888037
256678	19388	2.3850832	1.2651705
256678	19389	2.5219045	1.0426682
256678	19390	0.25898308	1.427978
256678	19391	0.43344474	1.4027455
256678	19392	0.5562277	2.2801485
256678	19393	1.5825022	0.2137135
256678	19394	3.543139	0.71155715
256678	19395	3.4594717	1.2237448
256678	19396	3.1783552	0.4894674
256678	19397	2.5852618	1.2916824
256678	19398	2.7368226	0.30114213
256678	19399	2.8840013	0.041440755
256678	19400	2.1573024	1.4262217
256678	19401	2.982204	1.9477155
256678	19402	3.7078428	-0.14925328
256678	19403	3.4513636	0.4007708
256678	19404	0.64161205	1.2104288
256678	19405	0.34664673	1.5296125
256678	19406	0.27244645	2.5818663
256678	19407	1.2962111	0.48218033
256678	19408	3.4822698	0.6004541
256678	19409	3.4539418	0.7660295
256678	19410	3.0782928	0.10947314
256678	19411	3.537177	1.4139045
256678	19412	4.0004764	0.3678414
256678	19413	0.15718329	1.8284009
256678	19414	0.3745349	0.9276478
256678	19415	0.19488353	2.7846084
256678	19416	0.49298358	1.4428108
256678	19417	3.006722	1.202116
256678	19418	2.4877968	0.4531642
256678	19419	2.3371134	1.865376
256678	19420	2.3000808	1.6791172
256678	19421	3.7035232	1.3845071
256678	19422	3.1323433	0.8463459
256678	19423	3.2288098	0.030359417
256678	19424	2.9080744	0.4214597
256678	19425	2.6299696	0.6050844
256678	19426	1.9712578	1.2081228
256678	19427	2.3499765	2.187332
256678	19428	2.3768578	1.8361251
256678	19429	3.5945826	1.7621171
256678	19430	3.3176327	1.1421262
256678	19431	3.135888	1.4829067
256678	19432	3.5164895	2.195845
256678	19433	2.798254	1.7237089
256678	19434	2.051642	2.3605058
256678	19435	2.7229986	1.5524843
256678	19436	3.2404695	1.2808325
256678	19437	2.511417	0.104504734
256678	19438	2.6988416	0.12977806
256678	19439	4.054442	-0.8970587
256678	19440	0.928046	-0.009605229
256678	19441	0.49507952	0.30401704
256678	19442	0.9427452	0.28206983
256678	19443	3.1851778	0.3012109
256678	19444	0.05095321	0.93424904
256678	19445	0.117892444	1.2228539
256678	19446	2.2185903	0.9569155
256678	19447	-0.33189663	1.399539
256678	19448	2.89612	0.7545881
256678	19449	-0.16193879	1.2645344
256678	19450	0.76313734	1.4662256
256678	19451	0.8437164	1.875459
256678	19452	2.730011	1.3878074
256678	19453	3.6202717	0.9387766
256678	19454	-0.18311474	1.6471791
256678	19455	-0.25984472	1.9295552
256678	19456	0.078837335	1.4730932
256678	19457	1.9924475	1.070795
256678	19458	2.0743756	0.17703757
256678	19459	2.1820989	0.4593831
256678	19460	2.3331375	0.45264426
256678	19461	0.059594274	0.60072935
256678	19462	0.57416296	0.78355765
256678	19463	0.51653886	1.5576246
256678	19464	3.0371213	1.0134752
256678	19465	3.3953066	-0.37812182
256678	19466	0.29558855	0.560846
256678	19467	0.51546204	1.6685061
256678	19468	0.3292089	1.4022907
256678	19469	2.5616984	1.4917555
256678	19470	2.5128498	1.6058621
256678	19471	2.9109993	0.34977415
256678	19472	2.8026466	0.8938823
256678	19473	0.2486735	0.715611
256678	19474	0.37219667	0.91897094
256678	19475	0.2075944	2.1114993
256678	19476	0.21819323	1.711956
256678	19477	2.3980312	1.6820068
256678	19478	2.3720841	1.6613369
256678	19479	2.9810314	0.09021303
256678	19480	0.29940546	0.7943697
256678	19481	0.43685132	1.017288
256678	19482	0.26013297	2.1195765
256678	19483	0.6270956	2.5169373
256678	19484	3.4521313	0.9994031
256678	19485	3.4279943	0.24270996
256678	19486	2.8795466	0.9213234
256678	19487	2.9380288	-0.008053511
256678	19488	3.8999	0.3983672
256678	19489	3.6607256	0.49585542
256678	19490	0.34079838	1.0720246
256678	19491	0.37543553	1.1290364
256678	19492	2.632328	0.7096362
256678	19493	-0.121495605	1.5460722
256678	19494	2.9007492	1.0574971
256678	19495	2.7632785	0.928223
256678	19496	3.1371698	0.7254777
256678	19497	0.66711795	0.47964844
256678	19498	0.8463229	1.4324675
256678	19499	2.0096064	0.76720715
256678	19500	1.6546055	2.0500665
256678	19501	1.292474	0.7728962
256678	19502	1.8834127	0.4175487
256678	19503	3.6855378	1.0596628
256678	19504	3.195404	1.3496332
256678	19505	3.0739393	0.47632918
256678	19506	3.0055666	0.04089281
256678	19507	3.1119351	0.09653255
256678	19508	3.0164442	0.2729706
256678	19509	0.7029331	0.574757
256678	19510	1.0093169	1.1255518
256678	19511	1.0207416	0.72975934
256678	19512	1.4635284	1.4620551
256678	19513	3.7953386	0.64538944
256678	19514	3.5331779	0.3025022
256678	19515	2.9432569	0.21177545
256678	19516	2.7509775	0.37347648
256678	19517	2.5729208	0.41964754
256678	19518	2.658247	0.42812374
256678	19519	2.801659	0.4395593
256678	19520	0.86684	0.4319934
256678	19521	1.1255429	1.0508484
256678	19522	1.1583555	0.64898527
256678	19523	1.6180545	1.3736179
256678	19524	3.9292436	0.3995624
256678	19525	3.8769197	-0.11347225
256678	19526	3.14461	0.1236293
256678	19527	2.9565663	0.3610334
256678	19528	0.6703464	0.61143553
256678	19529	0.8880271	1.4604369
256678	19530	0.85116684	0.9759097
256678	19531	1.2887665	1.9141726
256678	19532	2.799498	-0.27949226
256678	19533	4.91727	0.37459388
256678	19534	4.240583	0.58763635
256678	19535	3.9168491	0.9510976
256678	19536	3.796619	1.2007327
256678	19537	3.0647168	0.654415
256678	19538	3.69835	1.7137434
256678	19539	3.1578236	1.9641318
256678	19540	3.3355398	0.50380504
256678	19541	2.5457315	0.43992773
256678	19542	3.7864838	1.0629265
256678	19543	2.875412	1.5077
256678	19544	0.81449914	2.1154933
256678	19545	1.0487944	2.0428035
256678	19546	0.02644384	1.6647134
256678	19547	0.3966443	1.204745
256678	19548	0.102215946	1.5078822
256678	19549	0.7959275	1.2762542
256678	19550	0.76131403	1.0671322
256678	19551	1.8671407	1.4034314
256678	19552	2.7579618	1.4155086
256678	19553	-0.30014473	1.4709895
256678	19554	1.5710214	1.2723118
256678	19555	2.8171372	0.8965807
256678	19556	-0.44465208	1.7458754
256678	19557	0.1980918	1.2595074
256678	19558	1.5932146	1.1582242
256678	19559	2.6784081	1.0466226
256678	19560	2.5003705	1.0359324
256678	19561	-0.15372014	1.4812938
256678	19562	0.5640968	1.5356731
256678	19563	1.6457218	0.8233005
256678	19564	1.2311034	1.0523434
256678	19565	2.8315244	1.429228
256678	19566	2.1053624	2.835
256678	19567	3.4005527	0.27223948
256678	19568	3.3704548	0.9315313
256678	19569	1.402012	1.4685407
256678	19570	3.5445905	1.1430259
256678	19571	3.0318308	0.42512867
256678	19572	-0.03151366	1.0572429
256678	19573	-0.15244219	1.7292607
256678	19574	-0.279894	1.8262222
256678	19575	1.3956167	1.6379735
256678	19576	1.0896586	1.579319
256678	19577	0.9939718	1.6677587
256678	19578	2.111967	1.7986481
256678	19579	-0.712168	2.1749713
256678	19580	-0.20312959	1.7569933
256678	19581	-0.46762848	2.2199714
256678	19582	1.1520207	1.7138021
256678	19583	0.9072211	1.6831594
256678	19584	0.06812781	1.1584855
256678	19585	0.86495435	0.36120948
256678	19586	0.1933958	1.1302868
256678	19587	1.6604646	1.1797822
256678	19588	1.407553	1.1059641
256678	19589	1.4011055	1.1622517
256678	19590	-0.14379358	1.8128133
256678	19591	0.50474775	0.885082
256678	19592	-0.010012865	1.3540446
256678	19593	1.5750035	1.2102771
256678	19594	-0.5485666	1.9105563
256678	19595	1.340237	1.5095232
256678	19596	-0.7364528	2.0350914
256678	19597	-0.36535525	1.9864211
256678	19598	0.49850917	1.7489245
256678	19599	1.5283767	0.89480305
256678	19600	1.2453517	1.1864258
256678	19601	-0.24097767	0.9041301
256678	19602	-0.26069632	1.2468275
256678	19603	-0.35665613	1.3322309
256678	19604	1.5276078	0.8630588
256678	19605	1.3132111	0.8034488
256678	19606	1.4087452	0.5653844
256678	19607	1.3913752	0.5434214
256678	19608	1.6399807	0.40407196
256678	19609	-0.38973337	1.1283292
256678	19610	-0.33447284	1.1605763
256678	19611	0.094768524	1.2404432
256678	19612	0.07147622	1.2986925
256678	19613	1.6041664	1.0036705
256678	19614	1.2502084	1.2015139
256678	19615	1.4975854	1.1670945
256678	19616	1.4053626	1.2430975
256678	19617	1.1232802	1.5896966
256678	19618	1.326147	1.2871203
256678	19619	1.2239925	1.3939923
256678	19620	-0.07968634	1.6896968
256678	19621	0.7580191	1.3856761
256678	19622	1.5879542	0.7261375
256678	19623	1.4500037	0.8954935
256678	19624	2.6649342	1.3966376
256678	19625	2.3583198	1.2723286
256678	19626	3.291922	1.3492776
256678	19627	3.125525	1.6211858
256678	19628	0.5548357	1.273884
256678	19629	2.4767804	1.4659814
256678	19630	1.2145644	0.7938874
256678	19631	1.3986067	0.8131387
256678	19632	2.700966	1.3355259
256678	19633	2.3992758	1.1456138
256678	19634	-0.31101793	1.7453952
256678	19635	-0.023233533	1.639673
256678	19636	1.4235044	1.4214556
256678	19637	2.2472448	1.3280499
256678	19638	2.3061404	1.1771288
256678	19639	2.5080962	1.2093493
256678	19640	2.6743484	1.1775827
256678	19641	2.697968	1.2417505
256678	19642	2.822836	1.177338
256678	19643	0.80864155	0.82902014
256678	19644	0.82093406	0.742888
256678	19645	1.1125635	0.85052013
256678	19646	1.7624503	0.49136248
256678	19647	1.6056598	0.6291903
256678	19648	1.471842	0.70318556
256678	19649	1.2356241	2.135162
256678	19650	2.539267	1.6034997
256678	19651	2.0672069	2.7033281
256678	19652	3.3761573	1.7181053
256678	19653	2.3203893	2.2352417
256678	19654	2.088273	0.17120722
256678	19655	2.262598	0.23741058
256678	19656	1.0137933	0.6329292
256678	19657	0.9745456	0.63634956
256678	19658	0.43369508	0.5428126
256678	19659	2.2656817	0.55448604
256678	19660	-0.18893811	1.3453122
256678	19661	-0.05611518	1.376004
256678	19662	0.85263765	1.3486401
256678	19663	0.59672475	1.4202042
256678	19664	1.3357644	1.7301693
256678	19665	1.5890685	0.9208381
256678	19666	1.9204212	1.0540147
256678	19667	0.9593158	0.6843288
256678	19668	2.2501721	1.0323937
256678	19669	0.52558684	0.81243443
256678	19670	2.2729192	0.6755781
256678	19671	0.23684841	1.0894902
256678	19672	2.1072493	0.87304366
256678	19673	1.4895257	1.3298161
256678	19674	1.7872437	2.328228
256678	19675	1.003759	1.2923102
256678	19676	3.1270943	1.1360395
256678	19677	0.53392744	1.6703925
256678	19678	0.6173961	1.8048713
256678	19679	0.78202295	2.9849324
256678	19680	1.7236625	-0.16354853
256678	19681	2.811575	1.4323754
256678	19682	1.9841422	1.9506757
256678	19683	0.536818	1.9261146
256678	19684	2.5317073	1.8808393
256678	19685	0.41400158	1.9689369
256678	19686	3.2595682	1.6320579
256678	19687	2.644065	2.2517483
256678	19688	2.7464757	2.1094432
256678	19689	2.5871215	2.0400054
256678	19690	2.942738	2.0435162
256678	19691	3.063733	1.9895813
256678	19692	3.180284	1.9586742
256678	19693	3.5630116	1.1351156
256678	19694	3.6420913	1.3160894
256678	19695	1.2134182	1.1097924
256678	19696	1.4004188	1.9487629
256678	19697	2.6754212	-0.055951446
256678	19698	2.5066118	1.2521557
256678	19699	3.1715775	0.61933863
256678	19700	3.4933286	1.849962
256678	19701	3.1881576	0.43695214
256678	19702	2.505218	0.00058951974
256678	19703	3.3793044	0.77137446
256678	19704	2.9464693	0.99565625
256678	19705	2.5668254	1.3568332
256678	19706	3.4670634	0.99616456
256678	19707	0.21793592	1.2909061
256678	19708	0.53196025	1.0131402
256678	19709	0.9313396	1.7055118
256678	19710	3.2469869	1.4165351
256678	19711	2.4893975	0.4361554
256678	19712	0.60448766	0.5382385
256678	19713	0.9898493	1.6266747
256678	19714	3.3163128	1.0527366
256678	19715	2.594565	0.2876726
256678	19716	0.46010906	0.78417766
256678	19717	3.6059065	0.4134752
256678	19718	3.4915218	0.7503818
256678	19719	2.607956	0.42944893
256678	19720	2.6421552	2.1408799
256678	19721	4.0014033	0.6372149
256678	19722	3.9922237	0.8148316
256678	19723	3.8603892	0.9780332
256678	19724	3.7178378	1.0600525
256678	19725	4.03446	0.8364253
256678	19726	3.98166	0.7850728
256678	19727	4.257892	0.6540005
256678	19728	5.868925	-0.9344535
256678	19729	6.353042	-1.3993651
256678	19730	6.491551	-1.3080245
256678	19731	6.212513	-1.3811196
256678	19732	5.833273	-1.1029297
256678	19733	6.1205177	-1.4798462
256678	19734	6.2612185	-1.5882918
256678	19735	6.326749	-1.5889341
256678	19736	4.4106054	-1.4017053
256678	19737	4.4776425	-0.32683283
256678	19738	4.653953	-0.36237797
256678	19739	4.38645	0.40376344
256678	19740	4.6444373	0.32771865
256678	19741	4.489571	0.9750807
256678	19742	4.6369195	0.90280247
256678	19743	2.8570266	-0.24096301
256678	19744	3.411622	0.52213097
256678	19745	3.707222	0.21316501
256678	19746	4.202275	0.6420182
256678	19747	2.3138938	1.0013286
256678	19748	4.0698175	0.7206788
256678	19749	3.8548508	1.273367
256678	19750	3.8094578	1.2623066
256678	19751	3.5999656	1.6181016
256678	19752	3.1546226	0.73181164
256678	19753	4.2220545	1.2952425
256678	19754	4.222728	1.672385
256678	19755	1.6422299	1.0326176
256678	19756	1.3477341	1.4607432
256678	19757	1.5458404	2.1209583
256678	19758	3.5645256	1.4270933
256678	19759	2.3745837	-0.21139166
256678	19760	2.7411437	-0.017707646
256678	19761	3.5839233	0.8638202
256678	19762	3.4488297	0.89729977
256678	19763	3.1997542	2.4232147
256678	19764	4.7716317	0.4754199
256678	19765	3.728612	1.4329201
256678	19766	2.6496887	2.1060913
256678	19767	2.9488697	2.1290417
256678	19768	2.5949569	2.387005
256678	19769	2.7935543	2.3525662
256678	19770	2.4762468	2.5837038
256678	19771	2.7702932	2.270912
256678	19772	2.868011	2.15791
256678	19773	2.9575057	2.0971768
256678	19774	3.4147487	1.8446867
256678	19775	3.1451116	2.0551608
256678	19776	3.2879415	1.8588648
256678	19777	3.2013636	1.9876509
256678	19778	3.2198858	1.8981051
256678	19779	3.0866718	2.044095
256678	19780	3.3699832	1.8023834
256678	19781	4.1651196	1.3540708
256678	19782	4.055975	1.5452034
256678	19783	4.2812133	1.3907393
256678	19784	5.4367046	-0.05471292
256678	19785	4.4689784	1.374372
256678	19786	5.3126745	-0.11122504
256678	19787	4.3457174	1.5028799
256678	19788	5.0842814	0.029544264
256678	19789	4.2790346	1.7073646
256678	19790	3.8725638	1.9418457
256678	19791	5.170312	0.18435076
256678	19792	4.1913986	1.8237655
256678	19793	3.8286457	2.070401
256678	19794	4.089863	1.9976938
256678	19795	4.06719	2.1495333
256678	19796	5.1814966	0.3844175
256678	19797	4.4283442	1.9420266
256678	19798	4.0272183	1.9500477
256678	19799	4.962689	0.6853951
256678	19800	4.332529	1.4794532
256678	19801	3.8438811	1.9069543
256678	19802	4.048682	1.7089598
256678	19803	3.8631544	2.0244317
256678	19804	4.1645203	1.7417293
256678	19805	3.8488383	2.1319783
256678	19806	3.9093342	2.0473623
256678	19807	3.6682377	2.3539395
256678	19808	3.987568	1.9861312
256678	19809	3.8588204	2.1637976
256678	19810	3.2359924	2.4238245
256678	19811	3.0680833	2.6349041
256678	19812	3.0538702	2.4938273
256678	19813	3.0988636	2.6077597
256678	19814	3.20932	2.3690004
256678	19815	3.2482734	2.3187702
256678	19816	3.2718272	2.257411
256678	19817	3.3670788	2.094557
256678	19818	2.9967108	2.3409338
256678	19819	0.9084548	4.4518127
256678	19820	0.8514534	4.7089925
256678	19821	0.8748404	4.4877224
256678	19822	0.8540081	4.5731473
256678	19823	0.1470598	4.944754
256678	19824	-0.15233234	4.936268
256678	19825	-0.4122072	3.9629223
256678	19826	-0.08596432	3.186453
256678	19827	0.014116466	3.1038508
256678	19828	-0.029733658	3.2159142
256678	19829	-0.011333466	3.1978812
256678	19830	-0.01865697	3.219891
256678	19831	-0.0047677755	3.1925535
256678	19832	0.0025776625	3.1398852
256678	19833	0.008766472	3.1201475
256678	19834	0.17463905	3.8925016
256678	19835	1.2213612	3.0221615
256678	19836	1.2068808	2.9268382
256678	19837	1.0728644	3.0963683
256678	19838	0.99350035	3.156194
256678	19839	0.56872225	2.629948
256678	19840	1.1493139	3.0512383
256678	19841	1.1237257	2.8475144
256678	19842	1.0640535	3.9352834
256678	19843	2.2393317	2.883105
256678	19844	1.8874706	3.6944811
256678	19845	2.0394788	3.7371356
256678	19846	1.5405742	4.1552935
256678	19847	1.8220376	3.9369214
256678	19848	2.0265927	3.8173778
256678	19849	2.006711	3.86674
256678	19850	2.0734587	3.714822
256678	19851	1.8522485	4.118309
256678	19852	1.6618215	4.061951
256678	19853	1.8052257	4.0155735
256678	19854	0.07424265	4.648421
256678	19855	0.92053473	4.4997125
256678	19856	0.8039012	4.4406943
256678	19857	0.77941775	4.4943476
256678	19858	0.80117965	4.48067
256678	19859	0.08068007	4.8772674
256678	19860	-0.011508524	4.9751954
256678	19861	-0.050071687	4.9832325
256678	19862	-0.46282658	4.0015335
256678	19863	-0.11476317	4.0719476
256678	19864	0.16751719	3.8680642
256678	19865	0.04646355	3.941003
256678	19866	0.12400627	3.8985007
256678	19867	0.1197235	3.8867614
256678	19868	0.10487938	3.9038584
256678	19869	0.30873454	4.204903
256678	19870	0.8214009	3.5417998
256678	19871	0.8665254	3.247836
256678	19872	1.5018846	2.5328693
256678	19873	1.3355219	2.8894484
256678	19874	1.9633015	2.1515017
256678	19875	1.995556	2.3316736
256678	19876	2.1409326	2.1540365
256678	19877	2.209917	3.266153
256678	19878	1.0714985	3.0253758
256678	19879	1.1934907	2.9376383
256678	19880	0.8802779	3.1446667
256678	19881	1.0836207	2.9146078
256678	19882	1.1259798	2.8063388
256678	19883	1.2245649	2.858902
256678	19884	1.2638037	2.8367627
256678	19885	2.1503668	3.1527112
256678	19886	1.583047	3.388891
256678	19887	1.101296	3.763654
256678	19888	2.2466989	2.8670294
256678	19889	2.9252944	1.859287
256678	19890	1.8008276	3.0236013
256678	19891	0.11639857	4.842903
256678	19892	0.08653605	5.32831
256678	19893	-0.16088372	5.771111
256678	19894	-0.47011375	6.364293
256678	19895	-0.9210141	6.531636
256678	19896	-0.80678076	6.2731476
256678	19897	-0.6850648	6.222461
256678	19898	-0.36834037	6.056691
256678	19899	-0.30564207	6.01925
256678	19900	0.054430485	5.9270244
256678	19901	0.3975343	5.592044
256678	19902	-0.4273816	5.9093294
256678	19903	-0.30512965	5.912578
256678	19904	-0.4418005	6.00213
256678	19905	0.0018677115	5.9339256
256678	19906	0.41686618	5.4576035
256678	19907	0.34550977	5.522402
256678	19908	0.5053892	5.621905
256678	19909	0.7681334	5.37173
256678	19910	-0.152217	5.628566
256678	19911	0.64795506	5.6710873
256678	19912	0.9050027	5.29379
256678	19913	0.8620957	5.39849
256678	19914	1.5265151	5.0222764
256678	19915	-0.20313203	5.7871385
256678	19916	0.21357691	5.518652
256678	19917	-0.55126536	5.1482244
256678	19918	-0.058533937	5.0881295
256678	19919	-0.027934402	5.217169
256678	19920	-0.015141338	5.3057656
256678	19921	0.68239737	4.952531
256678	19922	1.5125579	4.5288734
256678	19923	1.6462759	4.600554
256678	19924	1.9560543	4.4258304
256678	19925	1.4098052	4.9523683
256678	19926	1.2984325	5.1454797
256678	19927	1.7669016	4.87987
256678	19928	1.9365255	4.612977
256678	19929	2.29361	4.548972
256678	19930	2.5354753	4.531177
256678	19931	2.8902688	4.322342
256678	19932	3.189189	4.2089896
256678	19933	3.3407264	4.151428
256678	19934	3.503511	3.9582365
256678	19935	5.325866	2.043076
256678	19936	6.168348	1.3967253
256678	19937	6.7658873	0.7640339
256678	19938	6.888162	0.53231025
256678	19939	6.8964653	0.6038587
256678	19940	6.65445	0.6113386
256678	19941	6.8015847	0.57993627
256678	19942	6.8967805	-0.66099155
256678	19943	6.4743276	-1.1406217
256678	19944	7.063726	-1.4848913
256678	19945	6.9774146	-1.2750199
256678	19946	6.6897783	-1.2155335
256678	19947	6.4944434	-1.0938611
256678	19948	6.3981867	-1.056862
256678	19949	6.4196177	-1.2708749
256678	19950	6.368689	-0.9540678
256678	19951	5.8398967	-1.511949
256678	19952	5.3669543	-1.5572363
256678	19953	5.5044436	-1.3665859
256678	19954	5.721095	-1.4988593
256678	19955	5.3804173	-0.42188588
256678	19956	5.751586	-0.36158276
256678	19957	3.3592782	-0.18980575
256678	19958	4.067138	0.12960455
256678	19959	4.44513	0.011048645
256678	19960	4.419039	-0.052665055
256678	19961	4.5813956	-0.20791006
256678	19962	4.4818845	0.24135533
256678	19963	4.9672074	-0.08263254
256678	19964	4.8491845	-0.03375697
256678	19965	3.7615476	1.2766237
256678	19966	4.7492924	1.4440287
256678	19967	4.2178807	-0.032691836
256678	19968	4.725919	-0.5599551
256678	19969	4.225631	0.6151062
256678	19970	4.867826	0.10018107
256678	19971	5.115154	-0.25301814
256678	19972	5.201779	-1.7011933
256678	19973	6.1428957	-1.971665
256678	19974	4.6211023	-1.8946282
256678	19975	6.4571805	-2.5959911
256678	19976	6.6883664	-2.9498632
256678	19977	6.262371	-3.245733
256678	19978	5.8139215	-2.6809158
256678	19979	5.4607553	-2.5937285
256678	19980	4.641548	-2.2359073
256678	19981	4.062912	-1.4105381
256678	19982	5.7444158	-1.9183635
256678	19983	5.0399146	-1.2461538
256678	19984	5.3406324	-1.7636582
256678	19985	5.179943	-1.147908
256678	19986	6.3130836	-0.62381667
256678	19987	6.3237324	-2.0409505
256678	19988	6.581317	-2.4939973
256678	19989	2.3148274	-1.2739495
256678	19990	2.6481442	-0.37206382
256678	19991	3.0115	-0.68460655
256678	19992	2.7763376	-0.71319264
256678	19993	3.0708776	-0.1740211
256678	19994	3.3227687	-0.21106954
256678	19995	5.5861526	0.011541486
256678	19996	6.1280446	-0.74313927
256678	19997	2.7557707	-0.15866902
256678	19998	4.6612635	-0.80872464
256678	19999	4.9904766	-0.7818979
