seq_ix	step_in_seq	t0	t1
751005	99	1.3889328	0.7443359
751005	100	1.239793	0.9058366
751005	101	1.5386499	0.6289755
751005	102	1.6066667	0.55998576
751005	103	0.8837546	1.5018497
751005	104	3.599122	-1.3511591
751005	105	3.8293543	-0.8511579
751005	106	3.5716534	-0.7575887
751005	107	3.6428852	-0.75176364
751005	108	2.8426871	-0.22856979
751005	109	3.050527	-0.47216076
751005	110	2.919393	-0.31595957
751005	111	2.9349298	-0.4153396
751005	112	2.8771	-0.3317413
751005	113	3.0934777	-0.5856817
751005	114	0.9256859	-0.5484892
751005	115	0.59780586	-0.41071036
751005	116	2.6654725	-0.6576552
751005	117	3.4214191	-0.8981201
751005	118	0.8705114	-0.33724365
751005	119	3.3388324	-1.0029842
751005	120	3.8480191	-0.9203752
751005	121	0.93307865	-0.3446663
751005	122	0.89514077	-0.36063197
751005	123	1.4671934	0.36756727
751005	124	1.5037485	0.52588856
751005	125	1.4086106	0.51318455
751005	126	1.6111482	0.19405136
751005	127	1.842678	0.14915803
751005	128	1.8296221	0.10367438
751005	129	1.6638614	0.21280232
751005	130	1.6105839	0.33028737
751005	131	1.90947	-0.07770094
751005	132	1.9371821	-0.106174976
751005	133	2.169672	-0.15825188
751005	134	1.946855	-0.024748355
751005	135	1.9849776	-0.19353479
751005	136	1.8479966	0.15480235
751005	137	1.0777037	0.8355757
751005	138	1.4106766	0.61880887
751005	139	2.5087132	-0.6475519
751005	140	2.2720737	-0.09327477
751005	141	2.0229578	-0.08407718
751005	142	0.75830054	1.4336554
751005	143	1.9066774	-0.17515457
751005	144	2.5813732	-0.42242372
751005	145	2.9745889	-0.5823441
751005	146	3.054605	-0.56936944
751005	147	2.5989833	-0.24762033
751005	148	2.4615045	-0.25953147
751005	149	2.1258774	0.05468896
751005	150	1.8224477	0.261579
751005	151	1.880875	0.099612266
751005	152	2.0140066	-0.03507009
751005	153	1.6186033	0.46814445
751005	154	1.8618933	0.07875529
751005	155	2.3304343	-0.2893508
751005	156	2.8011055	-0.5897351
751005	157	3.0026603	-0.54936045
751005	158	2.7785306	-0.45206353
751005	159	2.6694288	-0.36394343
751005	160	2.533936	-0.30217803
751005	161	2.3696704	-0.19322032
751005	162	1.9376644	0.13091281
751005	163	2.1774402	-0.0952113
751005	164	1.9539741	0.12792107
751005	165	1.0573419	0.92688537
751005	166	0.79903173	1.147756
751005	167	0.64349353	1.5735111
751005	168	0.5095328	1.5618412
751005	169	0.40657663	1.9093969
751005	170	0.6330378	1.3770591
751005	171	0.4384145	1.6908672
751005	172	1.0527186	0.87064946
751005	173	0.72704506	1.4789194
751005	174	0.98376274	1.2228646
751005	175	1.4943162	0.49849972
751005	176	0.3020454	1.7165558
751005	177	0.68888605	1.4957877
751005	178	0.088505566	2.0995157
751005	179	0.6339227	1.6143613
751005	180	0.823544	1.3120667
751005	181	0.9472194	1.2554495
751005	182	0.8068354	1.388154
751005	183	0.8408401	1.3426723
751005	184	-0.10839787	2.468728
751005	185	0.43475145	2.0495374
751005	186	0.613852	1.6698551
751005	187	0.65174377	1.7339518
751005	188	0.6914588	1.7011218
751005	189	0.79875624	1.5074079
751005	190	0.7898569	1.7387979
751005	191	1.0676403	1.4008636
751005	192	0.9731957	1.700908
751005	193	1.1053755	1.5160185
751005	194	1.0177124	1.7443163
751005	195	1.2486778	1.3879879
751005	196	1.128567	1.646852
751005	197	1.2259651	1.5140283
751005	198	1.1126667	1.7170756
751005	199	1.3035675	1.4973152
751005	200	1.1863345	1.3347737
751005	201	1.3664969	1.3342811
751005	202	2.019713	0.33011952
751005	203	1.6394736	0.98085856
751005	204	0.49479878	2.1477833
751005	205	1.0681382	1.4764739
751005	206	1.2613469	1.2034353
751005	207	1.2661792	1.2736386
751005	208	1.0137633	1.5088936
751005	209	1.1159041	1.5154394
751005	210	1.2565851	1.3063724
751005	211	1.178712	1.4728427
751005	212	1.0476534	1.5558972
751005	213	1.1730717	1.515824
751005	214	1.4630693	1.2586118
751005	215	1.046749	1.8520505
751005	216	1.2610686	1.4227347
751005	217	1.0439943	1.7644029
751005	218	0.95967424	1.704464
751005	219	0.8377086	1.940346
751005	220	0.60950994	2.1952147
751005	221	0.76083505	1.9437249
751005	222	1.0582399	1.7377455
751005	223	1.2017668	1.4250859
751005	224	1.1777107	1.5984416
751005	225	0.92813957	1.8959093
751005	226	1.0163583	1.6649482
751005	227	0.906075	1.8934472
751005	228	1.1282872	1.534399
751005	229	0.85328233	1.9904196
751005	230	1.0364046	1.6430066
751005	231	0.8219031	2.000565
751005	232	0.99412155	1.6839304
751005	233	0.79129124	2.0218923
751005	234	0.9778284	1.6935918
751005	235	0.7875321	2.0187533
751005	236	0.93363655	1.7489514
751005	237	0.74833965	2.0680766
751005	238	1.0398676	1.499314
751005	239	0.96912146	1.7279129
751005	240	0.7073753	2.0580854
751005	241	0.65170836	1.9712324
751005	242	0.36922932	2.5233805
751005	243	0.548553	2.2154446
751005	244	0.6831709	2.1832585
751005	245	0.49096566	2.3129659
751005	246	1.7277855	0.5686562
751005	247	1.8482522	0.8092445
751005	248	0.7545388	2.0175066
751005	249	0.5865339	2.2064626
751005	250	1.0471486	1.559382
751005	251	0.7434138	2.0045545
751005	252	0.9333594	1.6892843
751005	253	0.93299115	1.7356744
751005	254	0.424439	2.5468514
751005	255	0.028559864	2.8180206
751005	256	-0.0133137405	2.8611057
751005	257	-0.28752953	3.5500333
751005	258	-0.31674734	3.7507422
751005	259	-1.5350524	3.5843914
751005	260	-1.6200112	3.2827506
751005	261	-1.8171755	4.3024044
751005	262	-0.41614515	3.07062
751005	263	-0.28056866	3.0724063
751005	264	-0.20526055	2.9327047
751005	265	-0.19682631	2.8781967
751005	266	-0.12109715	2.7599044
751005	267	-0.091267586	2.706033
751005	268	-0.11309856	2.7963264
751005	269	1.13386	1.1025102
751005	270	0.24159312	2.3436997
751005	271	0.6036452	2.0137255
751005	272	0.7708895	1.7383039
751005	273	0.6726526	2.1185727
751005	274	1.4851258	0.9488684
751005	275	1.9297086	0.90821123
751005	276	1.4594561	1.4239709
751005	277	0.2534725	2.865697
751005	278	0.57743406	2.8137157
751005	279	0.84824824	2.1052182
751005	280	0.91310656	2.3354588
751005	281	0.8594321	2.2687502
751005	282	1.0180467	2.2055695
751005	283	0.8893366	2.165904
751005	284	0.6397542	2.493843
751005	285	0.8672991	2.1229746
751005	286	0.8844727	2.2765214
751005	287	1.1608464	1.7430892
751005	288	1.1202279	1.8768008
751005	289	1.0182816	2.011824
751005	290	0.98437583	1.9766998
751005	291	1.0022717	1.80302
751005	292	0.81723154	2.1482525
751005	293	1.3391316	1.3343257
751005	294	1.717739	1.1498115
751005	295	1.4339238	1.3937551
751005	296	0.39472103	2.9590023
751005	297	0.77586496	2.1105828
751005	298	0.92073846	1.9549198
751005	299	0.6282046	2.4780169
751005	300	1.1187464	1.4956613
751005	301	1.0523754	1.5806952
751005	302	0.9473058	1.7912285
751005	303	1.0276245	1.7737412
751005	304	0.7536802	2.211968
751005	305	1.1381755	1.4888808
751005	306	2.0896358	0.45334443
751005	307	2.0353394	0.7487043
751005	308	0.49435246	0.31877753
751005	309	2.0771995	0.4322661
751005	310	2.2627869	0.3581663
751005	311	2.1285605	0.43523845
751005	312	2.1014943	0.44584045
751005	313	1.7975706	0.6999818
751005	314	0.65354073	1.913796
751005	315	1.4709498	1.0753077
751005	316	3.4999824	-0.8005142
751005	317	1.3247541	-0.1438095
751005	318	0.9768419	-0.061809868
751005	319	0.9015868	-0.13907275
751005	320	2.1708584	0.241604
751005	321	0.9822023	1.370234
751005	322	1.7127391	0.635875
751005	323	1.7722408	0.5845268
751005	324	1.6032482	0.8619549
751005	325	1.5569991	1.1244022
751005	326	1.8209487	0.4433141
751005	327	1.7647732	0.73883367
751005	328	1.4436182	1.1778095
751005	329	1.7652563	0.6234126
751005	330	1.8487147	0.7369505
751005	331	1.8105382	0.82343924
751005	332	1.7247759	0.8733033
751005	333	1.7706863	0.8681556
751005	334	1.5919155	1.0274527
751005	335	1.8604819	0.80387473
751005	336	2.0512195	0.60666215
751005	337	1.7841126	0.8021445
751005	338	1.6129504	0.99709165
751005	339	1.6060401	0.9499723
751005	340	1.5383319	1.0591077
751005	341	1.4111954	1.2177999
751005	342	1.5989486	0.94613266
751005	343	1.4678148	1.1444894
751005	344	1.5004929	1.154081
751005	345	1.6140474	1.0851146
751005	346	1.7011083	1.060501
751005	347	1.7648686	1.0140417
751005	348	1.8779484	0.92956614
751005	349	2.1670437	0.523873
751005	350	2.1057658	0.86521137
751005	351	1.757032	0.9730967
751005	352	1.4994355	1.2832521
751005	353	1.2694845	1.3811675
751005	354	1.47145	1.2174588
751005	355	1.2474064	1.5246587
751005	356	1.120569	1.6047487
751005	357	1.1843859	1.6911862
751005	358	1.0458883	1.6986666
751005	359	1.4077581	1.4422578
751005	360	1.7910675	0.9703082
751005	361	2.0706763	0.89318204
751005	362	1.8193351	1.0980359
751005	363	1.8314108	1.0049653
751005	364	1.9729165	0.9661336
751005	365	1.723003	1.1612062
751005	366	1.7758261	1.0349137
751005	367	1.9556509	0.9872302
751005	368	1.7068611	1.1727848
751005	369	1.8066	1.1064292
751005	370	1.9792653	0.9467505
751005	371	1.7691363	1.2052366
751005	372	1.8444768	1.0166441
751005	373	2.0397196	0.9490218
751005	374	1.7793862	1.1414757
751005	375	1.8647033	1.046484
751005	376	1.5739957	1.3237525
751005	377	1.0934302	1.8698318
751005	378	1.0294405	1.9869678
751005	379	1.6837627	1.0979236
751005	380	1.6667932	1.2835784
751005	381	1.8652982	1.030529
751005	382	2.0055242	1.0576097
751005	383	1.9664708	1.0288665
751005	384	1.9538232	1.0556275
751005	385	2.073936	1.0151306
751005	386	1.8135616	1.0562085
751005	387	1.5362276	1.3901824
751005	388	1.5201205	1.329484
751005	389	1.3699856	1.517676
751005	390	1.6241795	1.1835572
751005	391	1.0771796	2.1026766
751005	392	0.9198266	2.2907465
751005	393	0.9151881	1.9413652
751005	394	0.96057296	2.0260105
751005	395	0.6853502	2.4272277
751005	396	0.6257925	2.4172542
751005	397	0.5071746	2.6680853
751005	398	0.823863	1.9736075
751005	399	0.7246977	2.3998985
751005	400	0.43012428	2.5962617
751005	401	0.53413165	2.526756
751005	402	0.5144652	2.5569232
751005	403	0.2527116	2.8373835
751005	404	0.38155222	2.8995576
751005	405	0.4254222	2.5627904
751005	406	0.47661805	2.8176425
751005	407	0.6458347	2.228477
751005	408	0.56784034	2.5627148
751005	409	0.640877	2.4052875
751005	410	0.48471314	2.587537
751005	411	-0.30009753	3.742808
751005	412	0.03711039	3.5338445
751005	413	-0.068054825	3.5395505
751005	414	1.3331906	1.3098516
751005	415	1.3163542	1.6506436
751005	416	1.3314121	1.7842484
751005	417	1.4022888	1.6487634
751005	418	1.3166946	1.7067878
751005	419	1.177356	1.8606539
751005	420	1.0648358	1.9734416
751005	421	1.6883782	1.2429823
751005	422	0.9908626	2.1107364
751005	423	1.0065533	2.0838997
751005	424	1.0266562	2.1108449
751005	425	1.072276	1.9525459
751005	426	1.2087651	1.8320673
751005	427	0.87009823	2.2123647
751005	428	0.90383136	2.2994082
751005	429	-0.09930956	3.6801102
751005	430	0.15141869	3.7347968
751005	431	0.20009339	3.2472935
751005	432	0.08118248	3.4940717
751005	433	-0.0076601505	3.6874678
751005	434	1.2908419	1.643656
751005	435	1.0293313	2.0603735
751005	436	0.79680586	2.4318388
751005	437	0.903134	2.3639653
751005	438	0.046605706	3.5538642
751005	439	0.4559685	3.3552232
751005	440	0.4768982	2.8886425
751005	441	0.5480883	2.7601378
751005	442	0.43653637	3.0016837
751005	443	0.34464586	3.0168707
751005	444	0.4149195	3.103573
751005	445	1.5075268	1.4376472
751005	446	1.3621715	1.7737527
751005	447	1.0597622	2.2211208
751005	448	1.1408848	2.1316774
751005	449	1.3313164	1.7556672
751005	450	1.1888531	2.0059886
751005	451	1.0614733	2.1516483
751005	452	1.0064762	2.2184165
751005	453	1.1231813	2.1372187
751005	454	1.3879354	1.6884925
751005	455	1.2618319	1.933456
751005	456	1.1281976	2.0648966
751005	457	1.3063354	1.7368286
751005	458	1.1936514	1.9750619
751005	459	1.0776756	2.093208
751005	460	1.2837518	1.7707489
751005	461	1.0150002	2.1848052
751005	462	0.884784	2.4165473
751005	463	-0.091229856	3.6594741
751005	464	0.18805939	3.7468407
751005	465	1.3632658	1.6604815
751005	466	0.8818644	2.3617268
751005	467	0.69784224	2.6225474
751005	468	0.7544694	2.5341704
751005	469	0.6679735	2.6513958
751005	470	0.6315079	2.5906775
751005	471	0.71614623	2.6822748
751005	472	0.63738716	2.6119413
751005	473	0.75231147	2.5195398
751005	474	0.674052	2.6274028
751005	475	0.6823658	2.3649108
751005	476	0.51585937	2.7766693
751005	477	0.42054302	3.0271432
751005	478	0.43064642	2.7743888
751005	479	0.57617664	2.8718
751005	480	0.45687824	2.8163688
751005	481	0.54809546	2.7709684
751005	482	0.4394313	2.9233649
751005	483	-0.8170848	2.8649616
751005	484	-1.0116234	2.908049
751005	485	0.8024496	1.7552626
751005	486	1.043864	1.5434413
751005	487	1.2638416	1.3368877
751005	488	1.3108244	1.3030639
751005	489	1.0218529	1.6254451
751005	490	0.6309935	2.2149296
751005	491	0.36493778	2.5348566
751005	492	0.30669278	2.5118177
751005	493	-0.3118501	3.5531404
751005	494	0.7721226	2.2027311
751005	495	0.2551896	2.9122431
751005	496	-0.28921932	3.8846614
751005	497	-0.08331987	4.0777416
751005	498	-0.003631115	3.5837467
751005	499	0.032581627	3.565964
751005	500	-0.109788746	3.8269756
751005	501	0.3407004	2.894493
751005	502	0.1274252	3.4245849
751005	503	0.2546128	2.8842828
751005	504	0.43500525	2.9983885
751005	505	0.42489606	2.977597
751005	506	0.3001405	3.3031292
751005	507	0.3388421	2.96211
751005	508	0.40114468	3.2762415
751005	509	0.45542842	2.8765554
751005	510	0.24572259	3.31933
751005	511	0.36930382	2.962866
751005	512	0.21156722	3.3898406
751005	513	-0.086939365	3.9672754
751005	514	1.1012394	1.9822831
751005	515	1.0482392	2.0715642
751005	516	0.9825158	2.1050606
751005	517	0.56392395	2.7136593
751005	518	0.45857322	2.8328094
751005	519	0.50172925	2.7487116
751005	520	0.6332061	2.484536
751005	521	0.86936104	2.1126359
751005	522	0.39923137	3.0145357
751005	523	0.8197657	2.218828
751005	524	0.69998515	2.501243
751005	525	0.562876	2.9146016
751005	526	0.63375735	2.5433939
751005	527	0.4855941	2.9665658
751005	528	0.6448586	2.5056615
751005	529	0.59751403	2.8677118
751005	530	0.6082897	2.6034143
751005	531	0.4466471	3.039599
751005	532	0.5741745	2.6303155
751005	533	0.54215026	2.8582056
751005	534	0.21771032	3.1236901
751005	535	0.34108216	2.8877163
751005	536	0.30926317	3.1328084
751005	537	0.36068398	2.864148
751005	538	0.32337648	3.1438248
751005	539	0.32071054	2.8991778
751005	540	0.2220797	3.2609715
751005	541	0.3592273	2.7771914
751005	542	0.3273304	3.1364884
751005	543	0.40360385	2.7831073
751005	544	0.39738244	3.086974
751005	545	0.4604138	2.790671
751005	546	0.33827025	3.1431007
751005	547	0.4066609	2.8373852
751005	548	0.22835416	3.249939
751005	549	0.32431072	2.9354262
751005	550	0.2540726	3.1874063
751005	551	0.16830146	2.9010963
751005	552	-0.17372116	3.80172
751005	553	1.016693	2.0509412
751005	554	0.39396513	2.9423819
751005	555	0.34375507	3.1709223
751005	556	0.5979173	2.580878
751005	557	0.49168396	2.7918754
751005	558	0.58711934	2.666489
751005	559	0.6397222	2.3841014
751005	560	0.6157352	2.5451562
751005	561	0.6845014	2.4520426
751005	562	0.70069575	2.477761
751005	563	0.7305523	2.424462
751005	564	0.6070018	2.762688
751005	565	1.2444671	1.7001908
751005	566	0.49303198	2.9121296
751005	567	0.94070446	2.2006283
751005	568	0.85757065	2.3220446
751005	569	0.7003621	2.6706498
751005	570	0.79895735	2.3561316
751005	571	0.6803911	2.7118967
751005	572	0.33778286	3.1697512
751005	573	0.3755769	3.2379794
751005	574	1.4111297	1.6212525
751005	575	1.0025034	2.3321972
751005	576	0.30595607	3.300275
751005	577	1.0241166	2.1947362
751005	578	0.6926677	2.7248077
751005	579	0.7730881	2.4039605
751005	580	0.67076385	2.685539
751005	581	0.5174719	2.9950252
751005	582	0.66330504	2.5890057
751005	583	0.5369694	2.842515
751005	584	0.42163086	3.0884213
751005	585	0.63045573	2.5361974
751005	586	0.47887272	2.8894212
751005	587	0.37297624	3.0392704
751005	588	0.38365662	2.9544125
751005	589	0.31173933	3.1863084
751005	590	0.19758415	3.1961286
751005	591	-0.042110533	3.7115695
751005	592	0.15106219	3.4154108
751005	593	-0.045467645	3.6469958
751005	594	-0.032122105	3.7611516
751005	595	-0.1476753	3.7627199
751005	596	-0.105878055	3.7447035
751005	597	-0.20212883	3.9327343
751005	598	0.13790095	3.0403752
751005	599	0.016179025	3.4195032
751005	600	0.02277124	3.4887688
751005	601	0.02706027	3.494141
751005	602	-0.18549821	3.864816
751005	603	0.018751085	3.6183345
751005	604	-0.12464753	3.7218492
751005	605	-0.15936086	3.781603
751005	606	-0.13421276	3.8256395
751005	607	-0.25357392	3.8889067
751005	608	-0.2056002	3.8565414
751005	609	-0.23050949	3.8047135
751005	610	-0.22973764	3.817394
751005	611	-0.22009984	3.890208
751005	612	0.066301525	3.1736479
751005	613	-0.102947295	3.5585043
751005	614	-0.18817419	3.7019875
751005	615	-0.08743411	3.6279995
751005	616	-0.043467164	3.4266207
751005	617	-0.15159467	3.7400453
751005	618	-0.09259075	3.7538197
751005	619	-0.14420986	3.8013074
751005	620	-0.18794563	3.7771199
751005	621	-0.15743685	3.869407
751005	622	-0.2942564	3.9485538
751005	623	-0.2306427	3.904009
751005	624	-0.21852136	3.906171
751005	625	-0.17203537	3.5645182
751005	626	-0.15188676	3.5970395
751005	627	-0.084196895	3.5556772
751005	628	-0.06777701	3.707041
751005	629	-0.20592195	3.7571943
751005	630	-0.18773958	3.7792785
751005	631	-0.10255915	3.6989028
751005	632	-0.1736159	3.6744
751005	633	-0.15526071	3.8232186
751005	634	-0.20981225	3.721814
751005	635	-0.18270847	3.8627093
751005	636	0.004230082	3.2430813
751005	637	-0.009946287	3.535838
751005	638	0.116328	3.0975928
751005	639	0.19134504	3.100082
751005	640	0.058822572	3.0538008
751005	641	0.24825102	2.939423
751005	642	0.39928412	2.7047856
751005	643	0.29850227	2.9119606
751005	644	0.61326015	2.692366
751005	645	0.5218204	2.6613567
751005	646	0.5128857	2.9673483
751005	647	0.47908014	2.7666414
751005	648	0.50675154	3.0563161
751005	649	0.7368039	2.4512792
751005	650	0.5832931	2.7560446
751005	651	0.48820263	3.029127
751005	652	0.6959797	2.488058
751005	653	0.70230496	2.7241766
751005	654	0.909701	2.3364012
751005	655	0.8265351	2.3911219
751005	656	0.7434509	2.6287575
751005	657	0.7943131	2.3549936
751005	658	0.7504327	2.5858643
751005	659	0.58732045	2.6539357
751005	660	0.59773636	2.7306323
751005	661	0.43802798	3.0203035
751005	662	0.11193949	3.3944345
751005	663	0.39071113	3.2026749
751005	664	0.2678637	3.3209407
751005	665	0.3518064	3.0411603
751005	666	0.3826545	3.1009388
751005	667	0.31364977	3.277116
751005	668	0.35658795	3.0188541
751005	669	0.3774209	3.3039281
751005	670	0.41833907	2.9488835
751005	671	0.42695105	3.264231
751005	672	0.39910197	2.9906497
751005	673	0.38950008	3.3439229
751005	674	0.40794122	3.0160115
751005	675	0.3975876	3.3370235
751005	676	0.40355098	3.0286977
751005	677	0.39330178	3.347242
751005	678	0.37216663	3.066444
751005	679	0.36913997	3.3844035
751005	680	0.60120046	2.7321613
751005	681	0.43832487	3.1058414
751005	682	0.32612306	3.3699307
751005	683	0.39534026	3.0093987
751005	684	0.3619185	3.3441896
751005	685	0.38097775	3.033045
751005	686	0.3852132	3.3393762
751005	687	0.59577525	2.6723766
751005	688	0.78502154	2.5955465
751005	689	0.55771434	3.1178622
751005	690	0.43848044	3.0262845
751005	691	0.48613352	3.1716743
751005	692	0.22343397	3.4595525
751005	693	-0.32470852	2.1768334
751005	694	-0.42733476	1.9027829
751005	695	-0.40889916	1.5997381
751005	696	-0.44366127	1.5062127
751005	697	1.3427607	1.0604646
751005	698	2.3549275	0.21858618
751005	699	2.5046692	0.48752776
751005	700	3.3261514	0.0027070343
751005	701	2.321321	0.7469232
751005	702	2.8492827	0.3297458
751005	703	2.871448	0.35732654
751005	704	2.8576703	0.3856416
751005	705	2.942953	0.2934765
751005	706	3.5997043	-0.15002519
751005	707	1.9725732	1.0954367
751005	708	2.6670203	0.3534995
751005	709	3.453578	-0.12233168
751005	710	3.9737449	-0.3249419
751005	711	3.4610796	0.07021287
751005	712	3.3749251	0.09519586
751005	713	3.2899203	0.1037651
751005	714	3.3916268	0.058096856
751005	715	3.2119823	0.19613972
751005	716	3.2961893	0.12254408
751005	717	3.165885	0.2656357
751005	718	3.1791735	0.1988953
751005	719	1.5855681	1.4224854
751005	720	2.8210301	0.18138412
751005	721	1.9690624	1.0927628
751005	722	2.4887137	0.59259546
751005	723	2.4285002	0.7144749
751005	724	2.5007405	0.7173178
751005	725	2.3514524	0.91542935
751005	726	2.3942719	0.795738
751005	727	2.4217658	0.72583413
751005	728	2.4759302	0.7551025
751005	729	2.3424249	0.88933015
751005	730	2.3379292	0.93974423
751005	731	2.2963595	0.9038861
751005	732	2.3345165	0.91912806
751005	733	2.3001475	0.96745884
751005	734	2.2660594	0.96070695
751005	735	2.1983166	1.0572876
751005	736	2.2934546	0.82404804
751005	737	2.2367034	0.99369276
751005	738	2.2257104	0.9680642
751005	739	2.131226	1.1252234
751005	740	2.0804858	1.1357524
751005	741	1.9385916	1.28481
751005	742	1.8956798	1.2436872
751005	743	1.8876413	1.2481195
751005	744	1.7662505	1.4042175
751005	745	1.9676286	1.1570265
751005	746	2.024856	1.0552765
751005	747	2.0439272	1.0627327
751005	748	2.0152025	1.1370484
751005	749	1.8866907	1.2166526
751005	750	1.8397697	1.3259845
751005	751	1.7968265	1.2965593
751005	752	1.8438519	1.2275143
751005	753	1.7218314	1.4115081
751005	754	1.6985947	1.4125617
751005	755	1.9253627	1.092573
751005	756	1.9977123	1.0861106
751005	757	1.8974837	1.165855
751005	758	0.7377484	2.2221644
751005	759	0.92169297	2.052857
751005	760	0.6897323	2.2619286
751005	761	0.9767511	1.9100022
751005	762	1.0259959	1.928294
751005	763	0.3877167	2.78084
751005	764	0.6563524	2.6409163
751005	765	0.86457515	2.1349008
751005	766	0.7869364	2.3321335
751005	767	0.5126766	2.6802545
751005	768	1.4326012	1.4622091
751005	769	1.4115902	1.7075193
751005	770	1.4057087	1.819103
751005	771	1.4695992	1.7158773
751005	772	1.5236057	1.7206576
751005	773	1.5289012	1.6740103
751005	774	1.5247563	1.7497163
751005	775	1.8892249	1.2873828
751005	776	1.8959635	1.4125646
751005	777	1.3273201	2.0612946
751005	778	1.2761092	1.9902098
751005	779	1.3430868	1.8014274
751005	780	1.5015792	1.5784817
751005	781	1.7408515	1.4900533
751005	782	1.5127531	1.7637265
751005	783	1.6468962	1.5415478
751005	784	1.6507276	1.6025813
751005	785	1.7247323	1.5340842
751005	786	1.7063161	1.5885048
751005	787	1.7517923	1.5464127
751005	788	1.7247497	1.5940399
751005	789	1.7128907	1.5357474
751005	790	1.9350294	1.3741723
751005	791	1.7177731	1.5587504
751005	792	2.3310513	0.7897539
751005	793	2.218904	1.1393422
751005	794	1.5222825	1.7647424
751005	795	0.42250633	2.9724886
751005	796	0.9045147	2.4337263
751005	797	1.0691767	2.0110042
751005	798	0.83653724	2.3467038
751005	799	0.90120006	2.2554772
751005	800	0.59291553	2.6102881
751005	801	0.9212891	2.1812675
751005	802	0.705256	2.4427297
751005	803	0.89489985	2.1389
751005	804	0.777887	2.3974557
751005	805	0.87734187	2.2826724
751005	806	0.84969187	2.461705
751005	807	0.8523071	2.3937485
751005	808	0.8496381	2.530865
751005	809	0.9327388	2.2635717
751005	810	0.9021119	2.3051596
751005	811	0.75429463	2.5491743
751005	812	0.84720635	2.3612916
751005	813	0.8536092	2.4868553
751005	814	1.00977	2.1341972
751005	815	1.0180445	2.2002034
751005	816	0.82290745	2.5148237
751005	817	0.8727269	2.328933
751005	818	0.7358024	2.5105503
751005	819	0.7047967	2.4965765
751005	820	0.7257714	2.490791
751005	821	0.7432749	2.6065276
751005	822	0.7587143	2.473213
751005	823	0.7852814	2.6035824
751005	824	0.8049718	2.4349723
751005	825	0.82485235	2.5906518
751005	826	0.86265695	2.3836021
751005	827	0.759673	2.6136277
751005	828	0.82052815	2.4397044
751005	829	0.83032346	2.56781
751005	830	0.8948791	2.3181264
751005	831	0.8954929	2.3428452
751005	832	0.7495903	2.5782254
751005	833	0.82421374	2.4139616
751005	834	0.8460181	2.5115843
751005	835	0.8569902	2.4021356
751005	836	0.8713119	2.5222373
751005	837	1.0112747	2.2843277
751005	838	0.9180143	2.3807566
751005	839	1.2115964	1.9135251
751005	840	1.0860876	2.1509361
751005	841	1.0374597	2.201259
751005	842	1.1860487	2.0641
751005	843	1.3258609	2.0111043
751005	844	1.0748485	2.317352
751005	845	1.2111111	1.9904983
751005	846	1.1266544	2.1635518
751005	847	1.2100408	1.9603727
751005	848	1.1540903	2.0506918
751005	849	1.0145559	2.2453284
751005	850	1.0780367	2.1971865
751005	851	1.1105714	2.2479656
751005	852	1.0192513	2.3322318
751005	853	1.0779845	2.35801
751005	854	1.137255	2.1491308
751005	855	0.93711615	2.3987195
751005	856	1.0001945	2.3824
751005	857	1.0929316	2.197175
751005	858	1.0901808	2.3167028
751005	859	1.2226199	2.032885
751005	860	1.2128413	2.0959005
751005	861	1.0490545	2.324518
751005	862	1.0986102	2.166034
751005	863	0.9756906	2.3691547
751005	864	1.0556574	2.2530243
751005	865	1.0715579	2.3201175
751005	866	1.0822623	2.2700417
751005	867	1.0941222	2.3323028
751005	868	1.2049065	2.0548563
751005	869	1.2086272	2.1127245
751005	870	1.0407827	2.3418427
751005	871	1.1188899	2.2153513
751005	872	1.1265217	2.2879038
751005	873	1.1887558	2.0416038
751005	874	1.1171697	2.132562
751005	875	1.6062227	1.4752655
751005	876	1.1777496	1.9749684
751005	877	1.7431201	1.3747292
751005	878	2.0438743	1.0563606
751005	879	2.2138658	1.0410771
751005	880	2.0885534	1.3596418
751005	881	2.0763206	1.1081991
751005	882	2.2709932	0.99851227
751005	883	2.2366915	1.0516083
751005	884	2.3438292	1.0461018
751005	885	2.1651592	1.11429
751005	886	2.225492	1.0320891
751005	887	2.178306	1.0731633
751005	888	2.253693	1.0230131
751005	889	2.2529821	1.0472758
751005	890	2.4009762	0.9305997
751005	891	1.707645	1.6793993
751005	892	1.9315518	1.115004
751005	893	2.1242032	1.1427002
751005	894	1.9163371	1.3319049
751005	895	2.0347404	1.2477186
751005	896	1.7570533	1.683994
751005	897	1.5798069	1.764478
751005	898	1.842152	1.4320965
751005	899	0.7287245	0.81211877
751005	900	0.47592396	0.81059766
751005	901	1.0445001	2.249203
751005	902	1.5175108	1.431624
751005	903	1.2069075	1.7606235
751005	904	1.3230923	1.5587704
751005	905	1.1318165	1.8471932
751005	906	1.3359758	1.55877
751005	907	0.32770395	2.743823
751005	908	0.7214334	2.5044377
751005	909	1.1633452	1.5556142
751005	910	1.2554117	1.7973506
751005	911	1.196591	1.6693959
751005	912	1.2073925	1.7928531
751005	913	1.1237059	1.7468328
751005	914	1.1399124	1.8236265
751005	915	1.0189381	1.8396618
751005	916	0.5105399	2.643515
751005	917	0.74941015	2.2880206
751005	918	0.35137522	2.780835
751005	919	0.52554524	2.4224114
751005	920	0.7983906	2.0663056
751005	921	0.40445036	2.649574
751005	922	0.5076587	2.3847094
751005	923	0.48129058	2.6041124
751005	924	0.5215677	2.4748838
751005	925	0.53747106	2.657801
751005	926	0.55828655	2.3439436
751005	927	0.52209246	2.5469089
751005	928	0.5238024	2.4792578
751005	929	0.5222546	2.672927
751005	930	0.5373789	2.3763762
751005	931	0.50054264	2.5721774
751005	932	0.5040654	2.491334
751005	933	0.7592175	2.2387993
751005	934	0.41341466	2.5887122
751005	935	0.43521357	2.7207544
751005	936	0.42543596	2.5432851
751005	937	0.44204354	2.7765005
751005	938	0.44971597	2.4842782
751005	939	0.23845428	2.7757576
751005	940	0.20713854	2.7538786
751005	941	0.1684373	2.8562806
751005	942	0.3843642	2.9230013
751005	943	0.45644718	2.6352344
751005	944	0.5019164	2.8384805
751005	945	0.69940126	2.2695875
751005	946	0.5153972	2.5603318
751005	947	0.4546523	2.880519
751005	948	0.47494954	2.6125672
751005	949	0.517189	2.6147296
751005	950	0.49465585	2.7905061
751005	951	0.72239256	2.2184556
751005	952	0.57811284	2.437767
751005	953	0.5161778	2.7639165
751005	954	0.54276454	2.5057018
751005	955	0.53702617	2.6928713
751005	956	0.5151229	2.5284913
751005	957	0.4801376	2.7326736
751005	958	0.4585696	2.5757184
751005	959	0.43741453	2.7580307
751005	960	0.40883684	2.5878716
751005	961	0.50387156	2.7219212
751005	962	0.7065917	2.1587532
751005	963	0.5207913	2.4565766
751005	964	0.4643922	2.7699
751005	965	0.4419474	2.5876281
751005	966	0.41326392	2.806262
751005	967	0.38119107	2.547362
751005	968	0.5221658	2.6785922
751005	969	0.60054016	2.4065735
751005	970	0.40761018	2.6007118
751005	971	0.36684555	2.851669
751005	972	0.38407528	2.5314186
751005	973	0.5212176	2.6601996
751005	974	0.44425553	2.5167594
751005	975	0.5322509	2.692825
751005	976	0.77742255	2.1396186
751005	977	0.3323431	2.7559416
751005	978	0.25559896	2.822476
751005	979	0.39889985	2.8930912
751005	980	0.58183026	2.3877356
751005	981	0.32273513	2.7451105
751005	982	0.34410077	2.7048938
751005	983	0.36301184	2.8966706
751005	984	0.6063738	2.2488227
751005	985	0.3699746	2.7101507
751005	986	0.40726578	2.6439273
751005	987	0.31761384	2.778522
751005	988	0.29562223	2.9077308
751005	989	0.229455	2.8045204
751005	990	0.31077516	2.750681
751005	991	0.27065533	2.968086
751005	992	0.094643354	3.0273387
751005	993	-0.22683862	3.5358357
751005	994	-0.14687893	3.5765007
751005	995	-0.24230984	3.4916053
751005	996	-0.5558701	4.419361
751005	997	-0.937655	3.0642924
751005	998	-1.0708424	2.7357354
751005	999	-1.1594539	2.9505558
751005	1000	-1.2397996	3.2306046
751005	1001	-1.0778993	2.8072538
751005	1002	0.2082246	2.3492231
751005	1003	0.27030534	2.277463
751005	1004	0.4056688	2.2203703
751005	1005	0.614131	1.8866217
751005	1006	0.89646506	1.5870643
751005	1007	1.2149296	1.3179395
751005	1008	2.1588874	0.40488777
751005	1009	1.9868623	0.8283807
751005	1010	1.678289	1.2085494
751005	1011	1.3582447	1.4532195
751005	1012	1.674769	1.1051068
751005	1013	1.8525819	0.9701773
751005	1014	1.8465587	1.0121017
751005	1015	1.3788434	1.4575413
751005	1016	1.7330052	0.5018363
751005	1017	2.5618148	-0.110994816
751005	1018	2.4162931	0.2549682
751005	1019	1.9610802	0.5916357
751005	1020	2.2976232	0.4611803
751005	1021	2.1473808	0.63448167
751005	1022	1.7790726	1.057814
751005	1023	1.9153951	0.86849034
751005	1024	2.0389476	0.8665154
751005	1025	2.3849506	0.5658339
751005	1026	1.9793285	0.945838
751005	1027	2.2670174	0.4593282
751005	1028	2.6052456	0.25412992
751005	1029	2.8034387	0.19257793
751005	1030	2.8368378	0.29624477
751005	1031	2.5998664	0.3827831
751005	1032	2.8353338	0.21521655
751005	1033	2.7467728	0.38042971
751005	1034	2.907565	0.22629556
751005	1035	3.1039205	0.09804711
751005	1036	0.1623624	1.8316975
751005	1037	-0.3370989	2.3535557
751005	1038	0.013995528	2.6247628
751005	1039	0.13558334	2.1433253
751005	1040	-0.10464281	2.7163668
751005	1041	0.12108046	2.3375459
751005	1042	0.121742785	2.3329263
751005	1043	0.09449655	2.3348
751005	1044	0.057825923	2.4832287
751005	1045	0.1409263	2.364791
751005	1046	0.06204605	2.817255
751005	1047	0.24874395	2.690457
751005	1048	0.14248812	2.6431792
751005	1049	0.17210662	2.7809267
751005	1050	0.5429653	2.1696851
751005	1051	0.911706	1.9830127
751005	1052	0.9175508	1.9085491
751005	1053	0.90724385	1.9784472
751005	1054	0.844368	1.9466596
751005	1055	0.83398473	2.0161586
751005	1056	0.7842796	1.9805429
751005	1057	0.7602968	2.068798
751005	1058	0.7166531	2.032338
751005	1059	0.69860744	2.1160872
751005	1060	0.66333187	2.0719302
751005	1061	0.6413789	2.1620867
751005	1062	0.61117244	2.115381
751005	1063	0.6158495	2.1716325
751005	1064	0.57039905	2.1468453
751005	1065	0.6993065	1.9909053
751005	1066	0.6010498	2.0308416
751005	1067	0.36107695	2.3690944
751005	1068	0.251715	2.4623895
751005	1069	0.24348211	2.5458443
751005	1070	0.21327984	2.4933012
751005	1071	0.2297715	2.5459135
751005	1072	0.21308237	2.488633
751005	1073	0.23393351	2.5398486
751005	1074	0.20811296	2.4948869
751005	1075	0.23100972	2.5481515
751005	1076	0.3569228	2.2319093
751005	1077	0.11525065	2.6425157
751005	1078	0.62065923	2.049946
751005	1079	0.7475209	1.929776
751005	1080	0.555006	2.1735306
751005	1081	0.6059066	2.1441512
751005	1082	0.63663805	2.109908
751005	1083	0.85322475	2.0028625
751005	1084	0.8067523	1.8959308
751005	1085	0.7173033	2.0561755
751005	1086	0.8934598	1.8782778
751005	1087	0.94145584	1.7145271
751005	1088	0.9250034	1.7240739
751005	1089	0.703272	2.0355577
751005	1090	0.58209026	2.1864264
751005	1091	0.80198467	1.9876378
751005	1092	0.6623651	2.0309894
751005	1093	0.5608723	2.2219794
751005	1094	0.54736674	2.304577
751005	1095	0.57847285	2.172428
751005	1096	0.27159935	2.4406643
751005	1097	0.07455933	2.8212934
751005	1098	0.061193764	2.9327192
751005	1099	0.45327383	2.6123817
751005	1100	-0.48877722	1.8393385
751005	1101	1.530707	0.54030704
751005	1102	1.8109592	0.43050316
751005	1103	2.011013	0.3307177
751005	1104	2.0217867	0.3308982
751005	1105	1.7123832	0.5241921
751005	1106	1.7929243	0.41467914
751005	1107	2.118956	0.22202668
751005	1108	2.2474742	0.21483764
751005	1109	2.0941024	0.38777283
751005	1110	2.1961188	0.35385677
751005	1111	2.0758047	0.48435888
751005	1112	2.0729442	0.4580758
751005	1113	1.5953401	0.8418045
751005	1114	2.0263362	0.51024044
751005	1115	1.9887425	0.5452068
751005	1116	2.1227283	0.44256553
751005	1117	0.5980352	0.63137674
751005	1118	0.32605678	0.808753
751005	1119	2.2371092	0.07731572
751005	1120	-0.125153	0.79420066
751005	1121	-0.14172363	1.0048553
751005	1122	-0.30647758	1.2933525
751005	1123	-0.3838429	1.3506546
751005	1124	-0.4926475	1.4940811
751005	1125	-0.53161985	1.5065892
751005	1126	-0.4495689	1.3315972
751005	1127	-0.48038426	1.350645
751005	1128	-0.36387664	1.1565921
751005	1129	-0.71556747	1.7768552
751005	1130	-0.74271774	2.0275924
751005	1131	-0.69184375	1.7917547
751005	1132	-0.5791434	1.5741713
751005	1133	-0.45586747	1.3512533
751005	1134	-0.3924588	1.0889075
751005	1135	-0.71199715	2.0676553
751005	1136	-0.4618063	1.4008517
751005	1137	-0.3424693	1.1786062
751005	1138	-0.3950039	1.3676866
751005	1139	-0.6377087	1.6562283
751005	1140	-0.55691993	1.5365195
751005	1141	-0.38981763	1.2458357
751005	1142	-0.43827686	1.3030457
751005	1143	-0.117084205	1.0529308
751005	1144	0.115361035	0.67945516
751005	1145	0.048451245	0.9224378
751005	1146	0.2488485	0.61388445
751005	1147	0.13416684	0.6966139
751005	1148	0.18018872	0.49203816
751005	1149	0.17701614	0.61121213
751005	1150	0.19124359	0.57307756
751005	1151	0.15490156	0.46448258
751005	1152	0.1561414	0.5942861
751005	1153	0.17001623	0.6386523
751005	1154	0.11329937	0.63461685
751005	1155	0.12385625	0.54024744
751005	1156	0.15738928	0.6167729
751005	1157	0.1742369	0.55673695
751005	1158	0.09902012	0.5416393
751005	1159	0.10038644	0.70049393
751005	1160	-0.1312435	1.0098615
751005	1161	-0.24131176	1.0510185
751005	1162	-0.19105375	1.1729228
751005	1163	-0.1338085	0.9671315
751005	1164	-0.3600179	1.1393257
751005	1165	-0.3189147	1.1243284
751005	1166	-0.42690232	1.289922
751005	1167	1.9832536	0.23762307
751005	1168	2.1317005	0.2110534
751005	1169	-0.08413735	1.4573048
751005	1170	-0.5796558	2.0095246
751005	1171	-0.55827785	2.0949497
751005	1172	-0.48451984	1.9630499
751005	1173	-0.4752246	1.9861896
751005	1174	-0.4489499	1.9030826
751005	1175	-0.5372433	1.8618159
751005	1176	-0.4901063	1.860497
751005	1177	-0.3874629	1.8752856
751005	1178	-0.3000239	1.7115462
751005	1179	-0.1610331	1.544878
751005	1180	2.1092324	-0.016771287
751005	1181	0.1399501	0.50216866
751005	1182	-0.3352447	1.186163
751005	1183	-0.16016749	0.88535607
751005	1184	-0.58658653	1.6328354
751005	1185	-0.48512816	1.5462205
751005	1186	-0.13377807	1.0217065
751005	1187	-0.12712294	1.0347738
751005	1188	-0.098371595	1.0349771
751005	1189	-0.03912881	0.9648377
751005	1190	-0.0896295	1.0210752
751005	1191	-0.28830728	1.3488656
751005	1192	-0.27867448	1.4684281
751005	1193	-0.2846711	1.5765531
751005	1194	-0.19362074	1.4338795
751005	1195	-0.03278944	1.2024716
751005	1196	-0.4143387	1.3557746
751005	1197	-0.34070057	1.4176054
751005	1198	-0.49444056	1.6614172
751005	1199	-0.44862694	1.6276641
751005	1200	-0.5910224	1.6681774
751005	1201	-0.47922426	1.4045695
751005	1202	-0.51191556	1.3279785
751005	1203	-0.42832476	1.2832049
751005	1204	-0.5847808	1.7898645
751005	1205	-0.36518216	1.5053223
751005	1206	-0.33110458	1.4336354
751005	1207	-0.19588295	1.1673486
751005	1208	-0.26385665	1.1750752
751005	1209	-0.063632965	0.7260251
751005	1210	-0.2367005	0.9112581
751005	1211	-0.38371384	1.2546139
751005	1212	-0.5453176	1.6230927
751005	1213	-0.44468606	1.5286818
751005	1214	-0.49881184	1.4086697
751005	1215	-0.43125984	1.2634919
751005	1216	-0.43839437	1.411741
751005	1217	-0.6244998	1.7699299
751005	1218	-0.203305	1.2373132
751005	1219	-0.15672588	1.004568
751005	1220	-0.23269218	0.99980855
751005	1221	-0.18582791	1.1720352
751005	1222	-0.1211271	1.0844673
751005	1223	-0.03357774	0.99936473
751005	1224	-0.015820473	0.9653667
751005	1225	-0.15245971	0.95170486
751005	1226	-0.21295744	1.1603382
751005	1227	-0.07537994	1.1377043
751005	1228	0.38912958	0.4490398
751005	1229	0.018234253	0.8685864
751005	1230	-0.281164	1.1605839
751005	1231	0.2852826	0.28928468
751005	1232	0.32563597	0.43993804
751005	1233	0.3434549	0.45804593
751005	1234	0.19282937	0.65060246
751005	1235	0.37584943	0.46702835
751005	1236	-0.008348167	0.92431366
751005	1237	0.24272978	0.51860845
751005	1238	0.32484728	0.49730936
751005	1239	0.23854983	0.70094645
751005	1240	0.3989302	0.6105225
751005	1241	0.2345357	0.6300318
751005	1242	0.17230314	0.8238864
751005	1243	0.32599568	0.69001865
751005	1244	0.08514607	0.8737409
751005	1245	0.16099477	0.8718759
751005	1246	0.3201853	0.7832705
751005	1247	0.34602863	0.6474103
751005	1248	0.35948038	0.81729937
751005	1249	0.37226582	0.68090034
751005	1250	0.31989288	0.87225235
751005	1251	0.2255987	0.71858966
751005	1252	0.3025223	0.68901193
751005	1253	0.078413844	0.8875632
751005	1254	-0.0009314418	0.9334787
751005	1255	0.05646676	0.96255386
751005	1256	0.04812473	1.106171
751005	1257	-0.12261975	1.1005237
751005	1258	-0.20890146	1.316015
751005	1259	-0.045690417	1.0727502
751005	1260	-0.214885	1.3186944
751005	1261	-0.25293073	1.3415036
751005	1262	-0.23201826	1.2477766
751005	1263	-0.39036322	1.2725855
751005	1264	-0.6164482	1.4592392
751005	1265	-0.3867819	1.3760375
751005	1266	-0.5503933	1.7553573
751005	1267	-0.30269367	1.4026045
751005	1268	-0.265741	1.2519192
751005	1269	-0.45018464	1.453005
751005	1270	-0.38644752	1.5202088
751005	1271	-0.30437446	1.4808962
751005	1272	-0.22313574	1.3294545
751005	1273	-0.34463635	1.3735582
751005	1274	-0.4532501	1.5480897
751005	1275	-0.3759036	1.5009307
751005	1276	-0.09382066	1.0426837
751005	1277	-0.23886442	1.1883117
751005	1278	-0.05880624	0.80780816
751005	1279	0.14062446	0.6273346
751005	1280	0.1846847	0.6940614
751005	1281	-0.010159045	0.8504908
751005	1282	-0.16641334	1.1689128
751005	1283	-0.0055224895	1.0241977
751005	1284	-0.24184805	1.2335258
751005	1285	-0.19808981	1.268397
751005	1286	-0.27515665	1.3236649
751005	1287	-0.20450738	1.237292
751005	1288	-0.15487081	1.3454916
751005	1289	-0.11480987	1.221698
751005	1290	0.076800525	0.81418705
751005	1291	-0.14195526	0.9253372
751005	1292	0.2440573	0.40655056
751005	1293	0.36218458	0.27671447
751005	1294	0.49266565	2.3395426
751005	1295	0.7081088	2.029338
751005	1296	0.53797626	2.1369767
751005	1297	0.46422935	2.1327147
751005	1298	0.59630287	2.2619915
751005	1299	0.68827856	2.059845
751005	1300	0.4705531	2.274688
751005	1301	0.5262064	2.3698633
751005	1302	0.6158304	2.0913801
751005	1303	0.391434	2.3639674
751005	1304	0.46670055	2.4371502
751005	1305	0.6743649	1.9826291
751005	1306	1.021867	1.4586607
751005	1307	0.36799806	2.330574
751005	1308	0.9851618	1.5633042
751005	1309	0.5278748	2.276367
751005	1310	0.45888746	2.3705676
751005	1311	0.45572442	2.338898
751005	1312	0.6255963	1.9902363
751005	1313	0.5158284	2.2415755
751005	1314	0.5940182	2.1292799
751005	1315	0.5532501	2.0458736
751005	1316	0.6428691	1.959533
751005	1317	0.5517678	2.0470438
751005	1318	0.5501652	2.0328445
751005	1319	0.8787788	1.6265352
751005	1320	0.7615167	1.9614575
751005	1321	0.46725148	2.2616172
751005	1322	0.6399201	1.995573
751005	1323	0.64370525	2.0951366
751005	1324	0.684767	1.9169254
751005	1325	0.62317276	1.8649256
751005	1326	0.66526914	1.8603349
751005	1327	0.58736265	2.1833282
751005	1328	2.0162868	0.21046558
751005	1329	2.5558248	0.2236351
751005	1330	2.4356751	0.35913035
751005	1331	2.287539	0.37721494
751005	1332	2.2555451	0.3957211
751005	1333	2.4326167	0.3046842
751005	1334	3.0832477	-0.08613673
751005	1335	2.8433266	0.23158965
751005	1336	2.75132	0.40722904
751005	1337	2.4631934	0.4868395
751005	1338	2.0096903	0.7876488
751005	1339	1.9854225	0.73995316
751005	1340	2.1693244	0.5051092
751005	1341	2.5560975	0.31009236
751005	1342	2.3394027	0.5380213
751005	1343	2.427752	0.5272083
751005	1344	2.3732133	0.40429184
751005	1345	2.2928066	0.5619832
751005	1346	2.28555	0.4947411
751005	1347	2.0968518	0.6519027
751005	1348	2.1302466	0.601953
751005	1349	2.246698	0.5323001
751005	1350	2.0036678	0.69580126
751005	1351	2.1533308	0.56290674
751005	1352	1.9996096	0.68023264
751005	1353	2.100679	0.53390026
751005	1354	1.9882115	0.6734985
751005	1355	2.0076323	0.64593303
751005	1356	2.1412244	0.53667593
751005	1357	2.1507325	0.5696999
751005	1358	2.2811804	0.5574658
751005	1359	2.155243	0.59758735
751005	1360	1.6961762	1.0994108
751005	1361	1.6336895	1.0941759
751005	1362	1.787114	0.9457197
751005	1363	1.5482711	1.1386192
751005	1364	1.5504361	1.1339763
751005	1365	1.6316184	1.016782
751005	1366	1.6309415	1.0154444
751005	1367	1.559883	1.1253387
751005	1368	1.548097	1.1329116
751005	1369	1.6232449	1.0879114
751005	1370	1.4448445	1.2622497
751005	1371	1.548292	1.1904236
751005	1372	1.5365466	1.1876459
751005	1373	1.4774152	1.1920758
751005	1374	1.3990788	1.2980485
751005	1375	1.3965416	1.2589905
751005	1376	1.3585161	1.2847327
751005	1377	1.3127952	1.3858781
751005	1378	1.4519197	1.1490202
751005	1379	1.4352213	1.2037268
751005	1380	1.3327974	1.366237
751005	1381	1.543465	1.0775104
751005	1382	1.50223	1.1494182
751005	1383	1.4018084	1.2966466
751005	1384	1.4005086	1.2553017
751005	1385	1.4903955	1.2153553
751005	1386	0.5852467	2.363604
751005	1387	1.0674249	1.9534287
751005	1388	2.1372676	0.38851872
751005	1389	1.6807178	1.1026714
751005	1390	1.5416089	1.2080963
751005	1391	1.3836514	1.3026836
751005	1392	1.3797007	1.3064383
751005	1393	1.2593918	1.444604
751005	1394	1.3121418	1.3267809
751005	1395	0.99817777	1.614368
751005	1396	0.9405844	1.7909939
751005	1397	1.0049083	1.6870477
751005	1398	0.8869996	1.7486484
751005	1399	0.8432002	1.8107679
751005	1400	0.78871584	1.8635142
751005	1401	0.751405	1.8941741
751005	1402	0.7429277	1.8826742
751005	1403	0.6949227	2.0243847
751005	1404	0.6336019	1.9971466
751005	1405	0.5484158	2.2332382
751005	1406	0.70299315	1.9280937
751005	1407	0.6284356	2.1506968
751005	1408	0.6343485	2.059078
751005	1409	0.4691941	2.2751582
751005	1410	-0.04960999	3.0931365
751005	1411	0.10853028	2.9357517
751005	1412	0.07138735	2.8472514
751005	1413	0.034287512	2.8625488
751005	1414	1.1299533	1.2918885
751005	1415	0.8129935	2.0289965
751005	1416	0.6446893	2.21713
751005	1417	0.81649244	2.0781627
751005	1418	1.0701638	1.6635594
751005	1419	0.830593	2.0322921
751005	1420	0.8075808	2.0811281
751005	1421	0.9678178	1.7435575
751005	1422	0.6403136	2.246896
751005	1423	0.12771499	3.1682992
751005	1424	1.436236	1.3540766
751005	1425	1.2102079	1.606864
751005	1426	1.052338	1.6345103
751005	1427	1.1850665	1.472409
751005	1428	0.93152547	1.7325664
751005	1429	0.865101	1.8566048
751005	1430	0.9288304	1.6799741
751005	1431	0.7357105	2.0371945
751005	1432	0.7004999	2.106267
751005	1433	1.6957048	0.7205771
751005	1434	1.7651132	0.66553116
751005	1435	1.608688	0.94417465
751005	1436	0.71021116	2.0833325
751005	1437	1.5478767	0.91532505
751005	1438	1.9799091	0.37148872
751005	1439	2.4883075	0.3059682
751005	1440	2.1464052	0.5579448
751005	1441	1.352678	1.3980391
751005	1442	0.86623275	2.1901119
751005	1443	0.87311053	2.0031877
751005	1444	0.6749747	2.2675364
751005	1445	0.397089	2.4554389
751005	1446	0.64529717	2.297713
751005	1447	1.881941	0.6404443
751005	1448	1.4876068	1.2507797
751005	1449	1.4522786	1.2663105
751005	1450	1.4192661	1.3502042
751005	1451	1.204936	1.5070637
751005	1452	1.3313313	1.2916154
751005	1453	1.3421228	1.3892181
751005	1454	1.1779416	1.5146941
751005	1455	1.240851	1.4652768
751005	1456	1.2150884	1.5200837
751005	1457	0.6270485	2.354017
751005	1458	0.67242336	2.271065
751005	1459	0.9113796	1.8814929
751005	1460	0.7583442	1.9960144
751005	1461	0.6579367	2.1947668
751005	1462	1.0205007	1.6242676
751005	1463	0.7533741	2.0061095
751005	1464	1.5282618	1.0027289
751005	1465	1.0947421	1.5919404
751005	1466	1.1648709	1.5145482
751005	1467	1.0753965	1.6252842
751005	1468	1.0736979	1.7484112
751005	1469	1.2715209	1.6385591
751005	1470	1.1267451	1.7177582
751005	1471	0.9635947	1.8848908
751005	1472	0.80220807	1.9739118
751005	1473	0.8036437	2.1706672
751005	1474	0.89401245	1.9935336
751005	1475	0.77081597	2.0786006
751005	1476	0.75913346	2.1916206
751005	1477	0.6917857	2.1614187
751005	1478	0.79829943	2.2045512
751005	1479	0.6783719	2.1947045
751005	1480	0.7776269	2.266518
751005	1481	0.79574203	2.0468597
751005	1482	0.72727895	2.1943529
751005	1483	0.6723385	2.336309
751005	1484	0.6823894	2.1386154
751005	1485	0.6355965	2.251917
751005	1486	0.60491204	2.390435
751005	1487	0.6538694	2.0708952
751005	1488	0.59452236	2.2083094
751005	1489	0.5092844	2.3757327
751005	1490	0.03601724	2.939845
751005	1491	-0.23339012	3.2453916
751005	1492	-0.19307008	3.218754
751005	1493	-0.32954156	1.8696496
751005	1494	1.2666665	0.9218898
751005	1495	1.4767244	0.8819206
751005	1496	-0.2622409	1.6854069
751005	1497	-0.7749845	2.4731722
751005	1498	-0.74677366	2.607649
751005	1499	-0.5346512	2.0044258
751005	1500	-0.50660974	1.9274914
751005	1501	-0.5080363	2.21293
751005	1502	-0.59493667	2.1799529
751005	1503	-0.5498211	2.0831861
751005	1504	-0.5161204	2.2900178
751005	1505	0.050424337	1.1064585
751005	1506	-0.24658924	1.6726079
751005	1507	-0.07321754	1.9085686
751005	1508	-0.023304313	1.1364601
751005	1509	-0.31541455	1.8284976
751005	1510	-0.31362525	1.7335672
751005	1511	-0.43592924	1.7787249
751005	1512	-0.4479009	2.0070503
751005	1513	-0.623793	2.3569143
751005	1514	-0.118392825	1.3450102
751005	1515	-0.5466523	1.9991145
751005	1516	-0.55423975	1.9574659
751005	1517	-0.626504	2.0003355
751005	1518	-0.48644578	1.873409
751005	1519	-0.7094169	2.131726
751005	1520	-0.6004364	1.9396522
751005	1521	-0.4982733	1.7317822
751005	1522	-0.65096223	1.9243677
751005	1523	-0.6021852	1.7656815
751005	1524	-0.6277746	2.1031098
751005	1525	-0.37959003	1.8118165
751005	1526	-0.534132	1.8066187
751005	1527	-0.4874209	1.931293
751005	1528	-0.606304	1.9199193
751005	1529	-0.7113385	1.9727845
751005	1530	-0.55403674	1.941304
751005	1531	-0.4041375	1.7596183
751005	1532	-0.5987758	1.8544819
751005	1533	-0.4364627	1.8331339
751005	1534	-0.41341257	1.7107396
751005	1535	-0.56371075	1.8316514
751005	1536	-0.5387763	2.0366411
751005	1537	-0.34569496	1.5497792
751005	1538	-0.4871938	1.6942327
751005	1539	-0.46092412	1.8776369
751005	1540	-0.29448608	1.5632403
751005	1541	-0.493363	1.7122757
751005	1542	-0.4728526	1.8940432
751005	1543	-0.32161403	1.5664096
751005	1544	-0.5103847	1.7294784
751005	1545	-0.48268035	1.8991339
751005	1546	-0.30709854	1.5675976
751005	1547	-0.5143718	1.7273014
751005	1548	-0.4913538	1.8996797
751005	1549	-0.81941664	2.3178968
751005	1550	-0.40266004	1.8552423
751005	1551	0.026759565	1.0822198
751005	1552	-0.2512304	1.5213237
751005	1553	-0.26820096	1.5668995
751005	1554	-0.4819857	1.7532816
751005	1555	-0.53865594	1.7955775
751005	1556	-0.46622518	1.7965875
751005	1557	-0.40318754	1.6208832
751005	1558	-0.6479559	1.8248229
751005	1559	-0.6245353	2.1293533
751005	1560	-0.35729975	1.5497339
751005	1561	-0.6221853	1.7552273
751005	1562	-0.47086608	1.8142424
751005	1563	-0.39558524	1.4207114
751005	1564	-0.43694687	1.4332534
751005	1565	-0.34528995	1.4640539
751005	1566	-0.12440002	1.1789008
751005	1567	-0.32006943	1.3124106
751005	1568	-0.2693027	1.4097774
751005	1569	-0.17772233	1.3408784
751005	1570	-0.090829104	1.2093363
751005	1571	-0.08757794	1.2366085
751005	1572	-0.31985456	1.3768057
751005	1573	-0.26961452	1.4769084
751005	1574	-0.30713987	1.5112642
751005	1575	-0.20414123	1.383855
751005	1576	-0.21577325	1.264213
751005	1577	-0.59197116	1.6709449
751005	1578	-0.28557518	1.4360133
751005	1579	-0.29484087	1.2528386
751005	1580	-0.44480214	1.4554226
751005	1581	-0.37132436	1.4238998
751005	1582	0.24708045	0.5242307
751005	1583	0.2535861	0.5060514
751005	1584	-0.056706786	0.941749
751005	1585	-0.12532333	0.9777012
751005	1586	-0.12674123	0.9060292
751005	1587	-0.22973275	0.9724165
751005	1588	-0.50838965	1.5658782
751005	1589	-0.3897218	1.5299616
751005	1590	-0.03283471	0.9378519
751005	1591	0.25546396	0.5972134
751005	1592	-0.026153505	0.81466484
751005	1593	-0.2706532	1.1554734
751005	1594	-0.27304012	1.2538052
751005	1595	-0.2985356	1.2046999
751005	1596	-0.2491039	1.216335
751005	1597	-0.029562652	1.0765136
751005	1598	-0.27481583	1.1487056
751005	1599	-0.2880177	1.2838778
751005	1600	-0.16516322	1.2074248
751005	1601	-0.14708203	1.1592867
751005	1602	-0.1379067	1.0768664
751005	1603	-0.336662	1.2734001
751005	1604	-0.26357156	1.2768725
751005	1605	-0.32235503	1.2388697
751005	1606	-0.49114797	1.4854834
751005	1607	-0.3767176	1.431492
751005	1608	-0.32687402	1.3807255
751005	1609	-0.27753097	1.334484
751005	1610	-0.23394817	1.3586543
751005	1611	-0.22107884	1.3254601
751005	1612	-0.09329277	1.149518
751005	1613	-0.38681746	1.4396933
751005	1614	-0.32777846	1.4861314
751005	1615	-0.15280682	1.3174876
751005	1616	-0.3095157	1.3591603
751005	1617	-0.19895744	1.3010678
751005	1618	-0.4513571	1.7687414
751005	1619	-0.19333869	1.4024916
751005	1620	0.17758071	0.69314444
751005	1621	0.18778431	0.4890956
751005	1622	0.16846001	0.6004859
751005	1623	0.7205756	-0.09963757
751005	1624	0.5164647	0.52036846
751005	1625	-0.39370024	1.4197879
751005	1626	-0.49331093	1.7764935
751005	1627	-0.13457364	1.453352
751005	1628	-0.23487422	1.3425981
751005	1629	-0.48640165	1.8044026
751005	1630	0.16450894	0.9801923
751005	1631	0.16274136	0.9085853
751005	1632	0.51727057	2.6282485
751005	1633	0.2659399	2.5059052
751005	1634	0.2530806	2.7828395
751005	1635	0.19492191	2.7096674
751005	1636	0.0948143	3.077896
751005	1637	0.13573664	3.053909
751005	1638	0.15056247	2.6915538
751005	1639	-0.060326725	3.3324661
751005	1640	-0.094911665	3.0986974
751005	1641	-0.12624404	3.0346723
751005	1642	0.0005354881	3.1053026
751005	1643	0.09342408	2.8013349
751005	1644	-0.040497124	0.49061933
751005	1645	-0.24470872	0.87713397
751005	1646	-0.24859029	0.8837805
751005	1647	-0.22260624	0.9981915
751005	1648	-0.30555212	1.0042912
751005	1649	-0.16763327	0.9769964
751005	1650	-0.259767	1.0785462
751005	1651	-0.11142877	0.91967404
751005	1652	-0.22108954	0.96749425
751005	1653	-0.14244345	0.87735236
751005	1654	-0.2432302	1.1516079
751005	1655	-0.23778367	1.3613602
751005	1656	-0.4466804	1.6258082
751005	1657	-0.5086792	1.8150516
751005	1658	-0.5835834	1.8661559
751005	1659	-0.49333578	1.6400394
751005	1660	-0.46674016	1.4519371
751005	1661	-0.45486066	1.3529266
751005	1662	-0.4923037	1.6963644
751005	1663	-0.031940818	1.0900965
751005	1664	-0.24862969	1.2151606
751005	1665	-0.2026166	1.2510649
751005	1666	-0.003745377	0.98475397
751005	1667	-0.2699747	1.1964113
751005	1668	-0.23529321	1.3085798
751005	1669	-0.06285614	1.0754949
751005	1670	-0.34566182	1.3117113
751005	1671	-0.29574332	1.4124727
751005	1672	-0.034605622	1.0710046
751005	1673	-0.33253574	1.3004605
751005	1674	-0.29987985	1.4096713
751005	1675	-0.30255288	1.2074295
751005	1676	-0.45006582	1.4184321
751005	1677	-0.354334	1.395877
751005	1678	-0.07467985	1.0856502
751005	1679	-0.31879205	1.2748722
751005	1680	-0.22270039	1.2325863
751005	1681	-0.32132912	1.27709
751005	1682	-0.49684796	1.4967227
751005	1683	-0.39087513	1.49746
751005	1684	-0.19051263	1.1437935
751005	1685	-0.4593189	1.4325954
751005	1686	-0.34448567	1.4707677
751005	1687	-0.3189291	1.5889316
751005	1688	-0.5606319	1.668762
751005	1689	-0.58190966	1.91698
751005	1690	-0.37736502	1.5036504
751005	1691	-0.42035922	1.5475724
751005	1692	-0.5334155	1.8913412
751005	1693	-0.27675134	1.468474
751005	1694	0.1911596	0.8243072
751005	1695	-0.37787563	1.3755127
751005	1696	-0.39055175	1.5319768
751005	1697	-0.3091099	1.4746662
751005	1698	-0.63617784	1.7391059
751005	1699	-0.59069866	1.9271421
751005	1700	-0.52232635	1.5157129
751005	1701	-0.72938323	1.7828469
751005	1702	-0.62013733	1.818743
751005	1703	-0.6575483	1.9231534
751005	1704	-0.37396765	1.5139424
751005	1705	0.10569173	0.83429635
751005	1706	-0.3191759	1.4106733
751005	1707	-0.38236547	1.7462108
751005	1708	-0.65260684	2.013655
751005	1709	-0.6092739	2.1241097
751005	1710	-0.49479714	1.7125173
751005	1711	-0.7650666	2.0707724
751005	1712	-0.7040311	2.2814147
751005	1713	-0.49603942	1.6887009
751005	1714	-0.7869741	2.063309
751005	1715	-0.7222566	2.2690494
751005	1716	-0.5023674	1.6645334
751005	1717	-0.7976366	2.0533562
751005	1718	-0.72800386	2.2524014
751005	1719	-0.5657844	1.8734369
751005	1720	-0.6214098	2.0543602
751005	1721	-0.52041566	1.7726054
751005	1722	-0.8297961	2.1361573
751005	1723	-0.74229145	2.319686
751005	1724	-0.9309431	2.297329
751005	1725	-0.64501894	2.0237095
751005	1726	-0.015939862	0.9189968
751005	1727	-0.3102402	1.4603612
751005	1728	-0.28894353	1.3892207
751005	1729	-0.39779672	1.4660594
751005	1730	-0.38969743	1.6226869
751005	1731	-0.14078799	1.3742348
751005	1732	-0.16451964	1.2215936
751005	1733	-0.20183542	1.3127531
751005	1734	-0.31613857	1.4227413
751005	1735	-0.39503285	1.5566921
751005	1736	-0.33741534	1.2955152
751005	1737	-0.3066529	1.3750818
751005	1738	0.026178837	1.1042788
751005	1739	-0.0034544468	1.0578324
751005	1740	0.037747025	1.1879735
751005	1741	0.013056278	1.0754865
751005	1742	0.17787421	1.0931122
751005	1743	-0.40389317	1.5795994
751005	1744	0.14361024	0.78701735
751005	1745	0.2162633	0.64440715
751005	1746	0.27455604	0.48367807
751005	1747	0.67126656	0.12803122
751005	1748	0.79588044	0.027835608
751005	1749	1.0811074	-0.19144791
751005	1750	0.76526177	0.28691027
751005	1751	0.96265364	0.0849987
751005	1752	0.6052785	0.52937114
751005	1753	0.6137892	0.36494616
751005	1754	0.50983703	0.3852695
751005	1755	0.5624335	0.33257446
751005	1756	0.9892107	-0.096853614
751005	1757	0.7219106	0.21327963
751005	1758	0.38751322	0.26106015
751005	1759	0.30153048	0.4721863
751005	1760	0.33639276	0.38539174
751005	1761	0.08504325	0.6272812
751005	1762	0.27474123	0.39118794
751005	1763	0.14590877	0.42940632
751005	1764	0.25729442	0.4493219
751005	1765	0.17291665	0.3595893
751005	1766	0.23110366	0.4471468
751005	1767	0.24280536	0.4174458
751005	1768	0.18201178	0.40789542
751005	1769	0.13823116	0.5765966
751005	1770	0.14937735	0.54555273
751005	1771	0.1137144	0.49957886
751005	1772	0.16331422	0.5326872
751005	1773	0.16480917	0.52686405
751005	1774	0.12411773	0.48781517
751005	1775	0.19076842	0.51909864
751005	1776	0.18320364	0.51394916
751005	1777	0.14131266	0.47429362
751005	1778	0.19037151	0.5347537
751005	1779	0.08170366	0.514591
751005	1780	-0.031034559	0.7755177
751005	1781	-0.2672401	1.1392695
751005	1782	0.36454487	0.41744182
751005	1783	0.456069	0.24893996
751005	1784	0.48785144	0.22212985
751005	1785	0.5517342	0.2540243
751005	1786	0.47938144	0.22581586
751005	1787	0.6830789	0.23154029
751005	1788	0.20489377	0.64329624
751005	1789	0.2728572	0.62085664
751005	1790	0.18148953	0.5404552
751005	1791	0.19114727	0.66483223
751005	1792	0.1020695	0.5916252
751005	1793	0.17197561	0.65334296
751005	1794	0.23769838	0.3584741
751005	1795	-0.012116402	0.8230221
751005	1796	-0.037653744	0.6315123
751005	1797	0.71556795	-0.029927641
751005	1798	0.554518	1.9559402
751005	1799	0.5150764	2.158542
751005	1800	0.47125036	2.2402883
751005	1801	0.5388062	2.117165
751005	1802	0.5285965	2.094409
751005	1803	0.615067	1.9589629
751005	1804	0.60895455	1.9488482
751005	1805	0.99191654	1.4662427
751005	1806	1.0907161	1.3900943
751005	1807	1.2336578	1.2110546
751005	1808	1.1707163	1.4866787
751005	1809	1.1297114	1.5024449
751005	1810	1.5169572	1.0625509
751005	1811	1.5329953	1.0967954
751005	1812	1.5398196	1.1124239
751005	1813	1.2110428	1.4363806
751005	1814	1.603881	0.867327
751005	1815	1.4172841	1.0521046
751005	1816	1.3705268	1.0385866
751005	1817	1.2945449	1.0171304
751005	1818	1.4396602	0.87494373
751005	1819	1.4638048	0.81010866
751005	1820	1.2917753	1.0728999
751005	1821	1.3406888	0.9958544
751005	1822	1.1881964	-0.48085925
751005	1823	0.9859586	-0.36123335
751005	1824	0.9086541	1.5798984
751005	1825	1.0097145	1.4979044
751005	1826	1.0981869	1.2301725
751005	1827	1.0409421	1.3309885
751005	1828	1.0915323	1.2724864
751005	1829	1.1772385	1.1244707
751005	1830	1.051885	1.335577
751005	1831	1.1941446	1.1871833
751005	1832	1.0889038	1.3459728
751005	1833	0.9263277	1.5910113
751005	1834	0.905462	1.5827672
751005	1835	1.1055276	1.509763
751005	1836	1.0665647	1.3595328
751005	1837	0.65998805	1.9511154
751005	1838	0.6298082	1.9547782
751005	1839	0.5001049	2.1313152
751005	1840	0.46214443	2.1854749
751005	1841	0.3895033	2.325457
751005	1842	0.7552581	1.6182756
751005	1843	0.50555456	0.003934175
751005	1844	0.07747257	0.38214478
751005	1845	-0.025497139	0.5557165
751005	1846	-0.12906224	0.7893044
751005	1847	-0.198684	0.81100464
751005	1848	-0.67516094	1.7207994
751005	1849	-0.84899354	2.1433277
751005	1850	-0.9250044	2.4265866
751005	1851	-0.97053087	2.5979211
751005	1852	-0.713562	2.003476
751005	1853	-0.52853364	1.5620658
751005	1854	-0.5254117	1.5872502
751005	1855	-0.6506928	1.8340249
751005	1856	-0.7771349	2.0557868
751005	1857	-0.7522688	2.0105004
751005	1858	-0.7737497	2.058198
751005	1859	-0.8018479	2.1426475
751005	1860	-0.81007934	2.1731937
751005	1861	-0.91336805	2.1313038
751005	1862	-0.94108176	2.3373852
751005	1863	-0.621382	1.7339861
751005	1864	-0.7484009	1.7073689
751005	1865	-0.95880604	2.519245
751005	1866	-0.8816825	2.3362052
751005	1867	-1.1325955	2.5202327
751005	1868	-1.0721104	2.6383533
751005	1869	-1.0718162	2.5797083
751005	1870	-1.1959629	2.651686
751005	1871	-1.0834601	2.5331793
751005	1872	-1.1250314	2.5805168
751005	1873	-1.2305782	2.73931
751005	1874	-1.151562	2.8125596
751005	1875	-0.7790743	1.7741187
751005	1876	-0.905896	2.0354695
751005	1877	-0.8506762	1.9989884
751005	1878	-0.94747365	2.2293017
751005	1879	-1.0035545	2.3376384
751005	1880	-1.0421358	2.4224112
751005	1881	-1.071023	2.3469412
751005	1882	-1.0638714	2.514326
751005	1883	-1.0717242	2.3752558
751005	1884	-1.0931083	2.6113687
751005	1885	-1.1678828	2.488926
751005	1886	-0.89820695	2.0641727
751005	1887	-0.9582516	2.089434
751005	1888	-0.97253764	2.1256733
751005	1889	-1.04677	2.2791786
751005	1890	-1.1205454	2.4332428
751005	1891	-0.7873498	1.769938
751005	1892	-0.63099277	1.5446825
751005	1893	-0.51096123	1.564609
751005	1894	-0.16211325	1.0391037
751005	1895	-0.399122	1.3948381
751005	1896	-0.27404475	1.3652667
751005	1897	0.07257223	0.65285707
751005	1898	0.00017625093	0.7757062
751005	1899	0.08127546	0.6454103
751005	1900	0.3497783	0.28123322
751005	1901	0.24054241	0.45040414
751005	1902	0.24252272	0.511925
751005	1903	0.35218817	0.25641766
751005	1904	0.2229678	0.37888595
751005	1905	0.33146012	0.35147914
751005	1906	0.7611337	-0.22772668
751005	1907	0.7056422	0.07451102
751005	1908	0.63588583	-0.0044424236
751005	1909	0.27469492	0.29897264
751005	1910	0.59341824	-0.10412258
751005	1911	0.3915218	0.31917706
751005	1912	0.5330739	-0.004517585
751005	1913	0.5889081	0.009022534
751005	1914	0.3993948	0.26428267
751005	1915	0.60980177	1.8719785
751005	1916	0.5131813	2.0797408
751005	1917	0.40690094	2.0713644
751005	1918	0.52021325	-0.12299651
751005	1919	1.0623162	-0.14762628
751005	1920	1.133482	1.4003022
751005	1921	1.1208861	1.1771724
751005	1922	1.4808118	-0.610306
751005	1923	0.81588304	1.6446955
751005	1924	0.5490608	2.2024372
751005	1925	0.8674791	1.7831461
751005	1926	0.92800415	1.5587821
751005	1927	0.9753313	1.521093
751005	1928	0.31738222	1.052632
751005	1929	0.7508873	-0.85066414
751005	1930	3.1796465	-1.6412759
751005	1931	1.963349	-0.6458155
751005	1932	2.1525908	-0.52162606
751005	1933	2.5261807	-0.59138703
751005	1934	2.2966208	-0.64429444
751005	1935	2.2085347	-0.34117407
751005	1936	2.1216855	-0.33608446
751005	1937	2.15057	-0.3384447
751005	1938	2.0632505	-0.2575366
751005	1939	2.0022435	-0.16833746
751005	1940	1.940276	-0.12682727
751005	1941	1.8710505	-0.07413691
751005	1942	1.8322984	-0.056658387
751005	1943	1.7734278	-0.014854699
751005	1944	1.4357803	0.45191488
751005	1945	1.4905729	0.37797484
751005	1946	2.0473857	-0.057510734
751005	1947	1.9574622	0.057058305
751005	1948	1.776882	0.28345725
751005	1949	2.3039079	-0.34927475
751005	1950	2.1645422	-0.10490221
751005	1951	1.3919089	0.5829407
751005	1952	1.5013877	0.48288152
751005	1953	1.4452978	0.63966584
751005	1954	1.0244222	1.1384073
751005	1955	1.0051718	1.137677
751005	1956	0.8390498	1.3389865
751005	1957	0.9413153	1.2635481
751005	1958	0.88041437	1.3187485
751005	1959	0.92320025	1.2608652
751005	1960	0.95859075	1.2038739
751005	1961	0.9967576	1.1663243
751005	1962	1.0351561	1.0552639
751005	1963	1.0182719	1.193932
751005	1964	1.340275	0.92151356
751005	1965	0.79030275	1.5584269
751005	1966	0.53208435	1.9061654
751005	1967	0.777478	1.4750093
751005	1968	0.17557842	2.1515555
751005	1969	0.14180684	2.3542376
751005	1970	0.36930674	1.8825519
751005	1971	0.17842412	2.2481198
751005	1972	0.26260072	2.1655126
751005	1973	0.9992833	1.1772493
751005	1974	1.5298659	0.8321909
751005	1975	1.481322	0.78367376
751005	1976	2.0172758	0.28485075
751005	1977	3.4816184	-0.84648484
751005	1978	3.6250124	-0.81791896
751005	1979	5.621148	-2.0981085
751005	1980	5.520734	-2.527391
751005	1981	4.8184752	-2.4923127
751005	1982	3.0833907	-2.453765
751005	1983	3.6041608	-2.85
751005	1984	1.6541816	-0.9122255
751005	1985	2.3247294	-1.4118335
751005	1986	2.320519	-1.4160728
751005	1987	2.237372	-1.4467566
751005	1988	2.7390637	-1.7916703
751005	1989	2.6242814	-1.7077276
751005	1990	3.0621657	-1.9361708
751005	1991	2.3293056	-1.5177796
751005	1992	2.0796862	-1.3134035
751005	1993	2.0781736	-1.3779308
751005	1994	1.5411373	-1.0472764
751005	1995	1.3943478	-0.98544407
751005	1996	1.475452	-1.0557199
751005	1997	1.5570918	-1.125272
751005	1998	1.6195265	-1.1807983
751005	1999	1.5938615	-1.0947806
751005	2000	1.6155299	-1.1577017
751005	2001	1.3737152	-0.9926233
751005	2002	1.3240153	0.61312306
751005	2003	1.0158969	1.1211197
751005	2004	0.89931154	1.2292514
751005	2005	1.003451	0.96444607
751005	2006	0.9339764	1.3731222
751005	2007	1.0903758	1.0594132
751005	2008	0.89495254	1.1321201
751005	2009	1.0732752	1.1412213
751005	2010	0.92860484	1.0614777
751005	2011	1.0669262	1.1182767
751005	2012	0.7203481	1.5504498
751005	2013	0.8241923	1.2016323
751005	2014	0.85064983	1.408891
751005	2015	0.9967202	1.0437531
751005	2016	0.86130655	1.0694448
751005	2017	1.3076117	-0.941517
751005	2018	3.0766258	-0.64392203
751005	2019	1.8025633	-1.0372584
751005	2020	1.5363683	0.6518127
751005	2021	1.1468518	0.84155715
751005	2022	1.0840706	0.9844874
751005	2023	1.1676303	0.85429835
751005	2024	1.0905743	1.1869397
751005	2025	1.0867345	1.0103843
751005	2026	1.1923317	1.06827
751005	2027	1.1522975	0.96294034
751005	2028	1.7584952	0.22220525
751005	2029	1.9301594	0.3065761
751005	2030	1.7595557	0.48233154
751005	2031	1.9285761	0.1531212
751005	2032	1.8574649	0.3414016
751005	2033	1.691554	0.514146
751005	2034	1.8615428	0.20980689
751005	2035	1.7014822	0.5199357
751005	2036	1.6842302	0.50679624
751005	2037	1.4983152	0.72016144
751005	2038	1.6454223	0.38624105
751005	2039	1.5390631	0.61252534
751005	2040	1.3845887	0.7994071
751005	2041	1.5233563	0.6111423
751005	2042	1.365551	0.83458924
751005	2043	1.2976053	0.94210815
751005	2044	1.2313592	1.0189238
751005	2045	1.2214535	0.99841964
751005	2046	1.1556401	1.0997342
751005	2047	1.3202419	0.80741644
751005	2048	1.2482843	0.8487824
751005	2049	1.273589	0.8495467
751005	2050	1.8199123	0.2538387
751005	2051	1.9006466	0.27607492
751005	2052	1.2273898	1.0418342
751005	2053	2.3580394	-0.25808772
751005	2054	2.2115312	0.32666913
751005	2055	1.3627336	0.8518897
751005	2056	1.0985657	1.2142837
751005	2057	0.3886358	2.1509151
751005	2058	0.50981355	1.9974835
751005	2059	2.3548188	-0.14026493
751005	2060	2.6727166	-0.09630397
751005	2061	2.4625182	0.07472488
751005	2062	2.2784195	0.139644
751005	2063	2.5286336	0.025147617
751005	2064	2.574901	0.037917674
751005	2065	2.2968912	0.21711865
751005	2066	1.9572235	0.61535263
751005	2067	1.9797567	0.47015056
751005	2068	1.8629602	0.5453311
751005	2069	2.1337867	0.44080606
751005	2070	1.9952289	0.5082402
751005	2071	2.177856	0.3979688
751005	2072	2.1866384	0.4114376
751005	2073	1.9050902	0.64141095
751005	2074	2.136116	0.45986184
751005	2075	1.920201	0.61105657
751005	2076	2.3496366	0.3662121
751005	2077	2.4554877	0.17498234
751005	2078	2.3118033	0.3518704
751005	2079	2.355009	0.35915038
751005	2080	2.1296315	0.46129093
751005	2081	2.1464653	0.4579266
751005	2082	2.1935515	0.42483285
751005	2083	1.0689907	1.7409899
751005	2084	1.4323641	1.2104486
751005	2085	1.4015024	1.141113
751005	2086	1.6768874	0.8323419
751005	2087	1.537706	0.9936515
751005	2088	1.6445402	0.93915284
751005	2089	1.5487634	0.9641521
751005	2090	1.6957263	0.8816786
751005	2091	1.6422304	0.8464881
751005	2092	1.7030298	0.8756329
751005	2093	1.6584026	0.8379898
751005	2094	1.6664602	0.9127507
751005	2095	1.5616843	0.9537332
751005	2096	2.371738	-0.099446505
751005	2097	1.8060752	0.6915152
751005	2098	1.8207961	0.64060116
751005	2099	1.5359992	0.8533311
751005	2100	1.5979878	0.73516977
751005	2101	1.8365117	0.65849924
751005	2102	0.5850738	2.2636936
751005	2103	2.324914	0.04859057
751005	2104	2.423499	0.3618727
751005	2105	2.188445	0.38637236
751005	2106	2.3718576	0.30472103
751005	2107	2.361937	0.20931116
751005	2108	2.4291387	0.2872834
751005	2109	3.5045447	-0.8835572
751005	2110	2.9503417	-0.25914687
751005	2111	1.0581084	1.2688513
751005	2112	1.1902143	1.2469432
751005	2113	1.6716563	0.65390956
751005	2114	1.894859	0.53263354
751005	2115	1.8239652	0.7424277
751005	2116	1.4605854	0.9656302
751005	2117	1.6035734	0.7994671
751005	2118	1.7835196	0.69477904
751005	2119	1.7575027	0.6749011
751005	2120	1.8761364	0.5463524
751005	2121	1.9892725	0.5291947
751005	2122	2.153603	0.45703527
751005	2123	1.9213165	0.55765784
751005	2124	1.6468056	0.96802783
751005	2125	0.7774433	1.9240317
751005	2126	1.1975377	1.3457719
751005	2127	1.0843036	1.4715616
751005	2128	1.1666377	1.3826294
751005	2129	1.0852075	1.5033504
751005	2130	2.066455	0.3497788
751005	2131	1.324355	1.3420669
751005	2132	1.2200134	1.4654473
751005	2133	1.0729028	1.6370249
751005	2134	1.1604327	1.5047435
751005	2135	1.0644269	1.6929486
751005	2136	1.153476	1.5633771
751005	2137	1.0221536	1.7342303
751005	2138	1.1233742	1.5216216
751005	2139	1.0172913	1.7426491
751005	2140	1.1576862	1.4402293
751005	2141	0.58770573	1.5704594
751005	2142	0.3491426	2.1701329
751005	2143	0.48492122	1.9665737
751005	2144	0.3445307	2.2021086
751005	2145	0.27313995	2.3404436
751005	2146	0.2890957	2.2020147
751005	2147	-0.38573438	3.3429163
751005	2148	-0.56918275	1.7209334
751005	2149	-0.49125364	1.3189484
751005	2150	-0.48691228	1.3614765
751005	2151	-0.29492992	1.1714641
751005	2152	-0.23613018	1.0376071
751005	2153	-0.4286257	1.544522
751005	2154	-0.13231292	1.0330832
751005	2155	-0.17245904	0.95896184
751005	2156	-0.10071221	1.0249548
751005	2157	-0.2866963	1.3433856
751005	2158	-0.23262802	1.1379969
751005	2159	-0.19900632	1.1001433
751005	2160	-0.25200972	1.259004
751005	2161	-0.3739611	1.3563848
751005	2162	-0.56684947	1.5385206
751005	2163	-0.6167907	1.6679416
751005	2164	-0.59537464	1.6098087
751005	2165	0.98177993	1.1514494
751005	2166	1.1609756	0.93016195
751005	2167	1.4839776	0.7981839
751005	2168	1.5392412	0.65964496
751005	2169	1.7928585	0.5288105
751005	2170	1.7091836	0.76384413
751005	2171	1.7327398	0.6638304
751005	2172	1.8733255	0.6130997
751005	2173	1.7363144	0.7865417
751005	2174	1.1380275	1.4648328
751005	2175	1.4653428	1.0909878
751005	2176	1.6602746	0.7407172
751005	2177	1.4900934	0.944965
751005	2178	0.98193204	1.4796231
751005	2179	0.630028	1.9687545
751005	2180	0.6358293	2.000266
751005	2181	0.7913034	1.7921445
751005	2182	0.30579293	2.1647203
751005	2183	-0.12324163	1.3821989
751005	2184	-0.21310124	0.7165266
751005	2185	-0.41131884	1.3669443
751005	2186	-0.35315785	1.3005167
751005	2187	0.038881302	0.7722938
751005	2188	-0.4004666	1.3219951
751005	2189	-0.5253864	1.6128638
751005	2190	-0.48690143	1.5930753
751005	2191	-0.4020634	1.331822
751005	2192	-0.49557054	1.5192219
751005	2193	-0.43917477	1.3955278
751005	2194	-0.44009942	1.4060858
751005	2195	-0.33520377	1.2030216
751005	2196	1.5793794	0.811628
751005	2197	1.7265888	0.55762017
751005	2198	0.111011446	0.8550489
751005	2199	-0.25734198	1.0969865
751005	2200	-0.32039875	1.2829938
751005	2201	2.571381	-0.21893321
751005	2202	3.2244139	-0.5771747
751005	2203	3.0618582	-0.2281616
751005	2204	1.8083652	0.55505776
751005	2205	3.206996	-0.63574827
751005	2206	2.771093	-0.06251249
751005	2207	2.4533114	0.17143509
751005	2208	2.299539	0.2814041
751005	2209	2.070136	0.43025234
751005	2210	2.2154212	0.3298764
751005	2211	2.130217	0.48883185
751005	2212	2.0554304	0.44225976
751005	2213	2.3025818	0.27158758
751005	2214	2.4102468	0.29243442
751005	2215	0.28591418	2.098931
751005	2216	0.5760819	2.078593
751005	2217	0.25341564	2.4034429
751005	2218	0.17635274	2.384308
751005	2219	0.09503406	2.6501174
751005	2220	0.028767586	2.7449517
751005	2221	-0.28878227	3.3384542
751005	2222	-0.11745468	3.304148
751005	2223	-0.122397244	2.918126
751005	2224	-0.10131058	3.147274
751005	2225	-0.027368277	2.7193084
751005	2226	-0.08861187	2.8833165
751005	2227	-0.13765767	3.2198157
751005	2228	-0.09537858	2.9005525
751005	2229	-0.036817014	3.0429316
751005	2230	-0.096818596	2.855423
751005	2231	-0.033115238	3.0614552
751005	2232	0.024873912	2.618983
751005	2233	-0.050668746	2.8261209
751005	2234	-0.05967641	3.1089547
751005	2235	0.036631465	2.5740154
751005	2236	-0.04872811	2.8022208
751005	2237	-0.02111736	3.046457
751005	2238	0.38250047	2.0214581
751005	2239	0.24845952	2.5111113
751005	2240	-0.21434614	3.023233
751005	2241	0.06203878	2.986087
751005	2242	-0.03486058	2.7512136
751005	2243	0.085936606	2.8951426
751005	2244	0.10750091	2.681274
751005	2245	0.021989286	2.7763977
751005	2246	0.061017692	2.95296
751005	2247	0.0059369206	2.7489743
751005	2248	0.092930496	2.6762905
751005	2249	0.090429544	2.8656032
751005	2250	0.16804004	2.483932
751005	2251	0.083773196	2.69395
751005	2252	0.14123428	2.8932605
751005	2253	0.013225853	2.744246
751005	2254	0.20662272	2.7920551
751005	2255	0.17865223	2.4953327
751005	2256	0.07947737	2.7368712
751005	2257	0.13168323	2.917359
751005	2258	0.06657845	2.7198288
751005	2259	0.1533286	2.6363728
751005	2260	0.14074332	2.8183808
751005	2261	0.002225697	2.7885518
751005	2262	0.21213692	2.8128679
751005	2263	0.20852423	2.483952
751005	2264	0.12641108	2.690995
751005	2265	0.15343279	2.908783
751005	2266	0.096259296	2.7211955
751005	2267	0.15052933	2.8644633
751005	2268	0.21828341	2.622951
751005	2269	0.08392143	2.7237427
751005	2270	0.20040077	2.7800984
751005	2271	0.059445858	2.6818125
751005	2272	0.22817504	2.743237
751005	2273	0.20895946	2.5507913
751005	2274	0.052379727	2.8254318
751005	2275	0.11217868	2.9604886
751005	2276	0.17314339	2.4561214
751005	2277	0.06537473	2.725414
751005	2278	0.13531142	2.883912
751005	2279	0.21722388	2.5119758
751005	2280	0.029330552	2.8625581
751005	2281	0.07027328	3.0118694
751005	2282	0.09847975	2.8371572
751005	2283	-0.34573466	3.602309
751005	2284	-0.3158115	3.4866457
751005	2285	-0.23456284	3.3135855
751005	2286	-0.27357116	3.4468896
751005	2287	-0.4610398	3.6320565
751005	2288	-0.2913545	3.412204
751005	2289	0.18137628	2.5560179
751005	2290	-0.15522107	3.1445036
751005	2291	-0.21258762	3.2831907
751005	2292	-0.26045656	3.3000367
751005	2293	-0.26400667	3.2909029
751005	2294	-0.3327808	3.390963
751005	2295	-0.77786446	2.5129335
751005	2296	-0.7566926	2.2851586
751005	2297	1.1814601	0.96167743
751005	2298	0.88782334	1.3310525
751005	2299	0.7023841	1.6364415
751005	2300	0.55129826	1.7874985
751005	2301	0.48722613	1.8880117
751005	2302	0.42387778	1.9447091
751005	2303	0.4212339	1.9763389
751005	2304	0.17186117	2.4898684
751005	2305	-0.13146725	2.9983845
751005	2306	-0.087147355	2.8914354
751005	2307	0.06917179	2.4927378
751005	2308	0.1373334	2.6139398
751005	2309	-0.056039453	2.9717531
751005	2310	-0.052874893	2.9795718
751005	2311	-0.20285687	3.2753174
751005	2312	-0.26786005	3.234145
751005	2313	-0.22342286	3.0246537
751005	2314	-0.15429795	3.060755
751005	2315	-0.28916204	1.48983
751005	2316	-0.6059061	1.9238281
751005	2317	-0.3757676	1.504215
751005	2318	0.26841462	0.72298086
751005	2319	-0.4443971	1.857835
751005	2320	-0.48498932	1.9222081
751005	2321	-0.5024779	1.8569927
751005	2322	-0.5871426	1.944726
751005	2323	-0.14977628	1.4814378
751005	2324	-0.47638163	1.8683186
751005	2325	-0.27613276	1.5312935
751005	2326	-0.42696136	1.685669
751005	2327	-0.75621796	2.0978162
751005	2328	-0.3206247	1.475256
751005	2329	0.083918035	0.85338676
751005	2330	-0.4186715	1.6630628
751005	2331	-0.585956	1.8441525
751005	2332	-0.70020175	2.0321617
751005	2333	-0.5237801	1.8146064
751005	2334	-0.2638532	1.391611
751005	2335	-0.5596932	1.8698554
751005	2336	-0.223205	1.4029003
751005	2337	-0.37883887	1.6374168
751005	2338	-0.087156594	3.2603328
751005	2339	0.3945092	2.1998982
751005	2340	0.11523527	2.5068455
751005	2341	0.16491687	2.530165
751005	2342	0.20956498	2.3160243
751005	2343	0.1956886	2.7106483
751005	2344	0.27280742	2.425608
751005	2345	0.24377191	2.3675613
751005	2346	0.305602	0.46328434
751005	2347	1.5629982	0.58926356
751005	2348	1.7606755	0.54943264
751005	2349	0.2739418	0.52226317
751005	2350	-0.040250063	0.8365687
751005	2351	-0.1916593	0.9890002
751005	2352	-0.056515366	1.0220002
751005	2353	0.023162961	0.9280906
751005	2354	-0.027538061	1.0515772
751005	2355	0.2830522	0.49384275
751005	2356	0.007151127	0.7792299
751005	2357	0.21460289	0.6487262
751005	2358	0.27012992	0.6480006
751005	2359	0.15229094	0.83825564
751005	2360	0.13276374	0.85115206
751005	2361	0.08833188	0.94538796
751005	2362	0.2530843	0.6673082
751005	2363	0.119436145	0.95879984
751005	2364	0.18982059	0.80693483
751005	2365	0.5340272	0.3509206
751005	2366	0.5139117	0.40511712
751005	2367	0.23283178	0.98909557
751005	2368	0.4809217	0.5755471
751005	2369	0.28778666	0.76158786
751005	2370	0.29570645	0.8052714
751005	2371	0.1897955	0.8348
751005	2372	0.2389049	0.7936672
751005	2373	0.11037129	1.0455714
751005	2374	0.115621805	0.9572433
751005	2375	-0.030252695	1.1035546
751005	2376	-0.20360655	1.1332864
751005	2377	-0.03264621	0.93003726
751005	2378	0.01884824	0.8309274
751005	2379	-0.041798383	0.95769453
751005	2380	0.06815761	0.78544164
751005	2381	0.12835789	0.769544
751005	2382	0.27173758	0.6773764
751005	2383	0.35287213	0.6168747
751005	2384	0.43321753	0.4800754
751005	2385	0.32039863	0.67640686
751005	2386	0.30681515	0.66033685
751005	2387	0.37374133	0.6117333
751005	2388	0.3593911	0.59964967
751005	2389	0.39437908	0.49143204
751005	2390	0.54264665	0.34706798
751005	2391	0.72906756	0.13867077
751005	2392	0.45718658	0.5181942
751005	2393	0.4886403	0.35277763
751005	2394	-0.053302974	1.0134101
751005	2395	0.17884952	0.72899675
751005	2396	0.22375762	0.70336497
751005	2397	0.21933645	0.6731509
751005	2398	0.3450706	0.42175648
751005	2399	0.33144313	0.52127993
751005	2400	0.3355286	0.5342761
751005	2401	0.39031672	0.479117
751005	2402	0.40477306	0.5088942
751005	2403	0.34645188	0.6257272
751005	2404	0.31818354	0.6715636
751005	2405	0.46425068	0.47498366
751005	2406	0.5166694	0.45795706
751005	2407	0.30027634	0.7052475
751005	2408	0.26870143	0.591064
751005	2409	0.29809427	0.3827162
751005	2410	0.22378182	0.41778067
751005	2411	0.513214	0.24484405
751005	2412	0.4627378	0.3995662
751005	2413	0.6231818	0.19457105
751005	2414	0.5159733	0.36092916
751005	2415	0.58169305	0.4144914
751005	2416	0.5379305	0.45532385
751005	2417	1.139761	-0.3640973
751005	2418	1.135677	-0.093578786
751005	2419	1.1365155	0.003582269
751005	2420	0.77212954	0.3553399
751005	2421	0.87641215	0.1757935
751005	2422	2.2986465	-0.060980767
751005	2423	0.4873147	0.15702745
751005	2424	0.670629	-0.073136926
751005	2425	1.2455633	-0.4104372
751005	2426	0.20268494	0.66089165
751005	2427	0.23969996	0.64717007
751005	2428	0.304748	0.54607415
751005	2429	0.5293689	0.35591283
751005	2430	0.5604372	0.44519207
751005	2431	0.5491173	0.47399464
751005	2432	0.5327802	0.43560848
751005	2433	0.5786164	0.38814738
751005	2434	0.86634636	0.15679792
751005	2435	1.0578123	-0.08333495
751005	2436	0.898733	0.09335908
751005	2437	0.84650874	0.05330524
751005	2438	0.71211743	0.2293059
751005	2439	0.76703584	0.2092919
751005	2440	1.5629967	-0.49230856
751005	2441	1.2423725	-0.23898399
751005	2442	0.8262826	0.26795265
751005	2443	0.8965781	0.14402285
751005	2444	0.82939446	0.21736166
751005	2445	1.6930791	-0.6034926
751005	2446	0.8168167	0.23489371
751005	2447	0.8103496	0.2046068
751005	2448	0.9236405	0.159731
751005	2449	0.9397737	0.10787323
751005	2450	0.81575406	0.27451763
751005	2451	0.8816823	0.24555507
751005	2452	1.0392447	0.03096968
751005	2453	1.8765417	-0.74510634
751005	2454	1.9854928	-0.70228577
751005	2455	1.4279755	-0.28088593
751005	2456	1.8679317	-0.7404641
751005	2457	2.1900482	-0.83617675
751005	2458	1.4365625	-0.14117071
751005	2459	1.4954139	-0.40265906
751005	2460	1.7660903	-0.46574807
751005	2461	1.3295227	-0.12639493
751005	2462	1.5936276	-0.29343557
751005	2463	1.5127052	0.8176173
751005	2464	2.4293318	0.01687339
751005	2465	2.3548036	0.10145101
751005	2466	2.6305194	-0.13077623
751005	2467	2.6248932	0.015263915
751005	2468	1.8162636	0.8535994
751005	2469	2.0488443	0.4957774
751005	2470	3.5510297	-0.7872776
751005	2471	3.4769974	-0.44756567
751005	2472	3.0378041	-0.19070846
751005	2473	3.1970758	-0.33966315
751005	2474	3.5383468	-0.5724426
751005	2475	3.0567331	-0.18491822
751005	2476	2.005992	0.5855175
751005	2477	1.8897127	0.42072687
751005	2478	2.1716552	0.17142251
751005	2479	2.118907	0.22911772
751005	2480	2.2937117	0.07856014
751005	2481	2.4066396	-0.012508929
751005	2482	2.1403494	0.2144222
751005	2483	2.3116937	0.12567934
751005	2484	2.2455626	0.09522936
751005	2485	2.362794	0.08386871
751005	2486	2.1480398	0.19214377
751005	2487	2.2527628	0.17177537
751005	2488	2.1978002	0.16370496
751005	2489	2.3555307	0.065716654
751005	2490	2.4239721	0.042550355
751005	2491	2.0419493	0.35680243
751005	2492	3.3997726	-0.8835331
751005	2493	3.898158	-0.88545024
751005	2494	3.439762	-0.50972056
751005	2495	2.256546	0.28910074
751005	2496	2.1667366	0.2967029
751005	2497	1.9977962	0.32063052
751005	2498	1.8119015	0.5690377
751005	2499	3.1755033	-0.76281106
751005	2500	3.594616	-0.70769763
751005	2501	4.0028257	-0.9327489
751005	2502	4.11887	-0.9797636
751005	2503	3.6763697	-0.68214273
751005	2504	3.9569874	-1.1187434
751005	2505	4.230989	-1.1064433
751005	2506	3.9114513	-0.9883884
751005	2507	4.5673347	-1.3436712
751005	2508	4.9200068	-1.4526551
751005	2509	5.310791	-1.7805992
751005	2510	4.266604	-2.0547588
751005	2511	4.0648785	-2.0089438
751005	2512	2.6950936	-0.3551331
751005	2513	2.8776002	-0.63784224
751005	2514	2.5287027	-0.27751428
751005	2515	2.6656098	-0.3060337
751005	2516	3.2390156	-0.77987635
751005	2517	2.8258953	-0.42332447
751005	2518	2.1866293	-0.09542146
751005	2519	2.6130877	-0.55370057
751005	2520	2.9773836	-0.6068481
751005	2521	3.3385706	-0.83611286
751005	2522	2.2029357	-1.2468778
751005	2523	1.6773373	-0.9523122
751005	2524	1.385617	0.65032995
751005	2525	1.1460726	1.0531045
751005	2526	1.2705165	0.9894953
751005	2527	2.1030383	-1.1359491
751005	2528	1.9413732	-0.98017883
751005	2529	3.0666528	-0.53401357
751005	2530	0.9154185	-0.2479607
751005	2531	0.66519356	0.03830275
751005	2532	0.28568405	0.45473203
751005	2533	0.000667572	0.7726432
751005	2534	0.07319045	0.766011
751005	2535	0.065155804	0.75949967
751005	2536	0.09926432	0.6977823
751005	2537	0.2452296	0.48028925
751005	2538	-0.62908924	1.7077408
751005	2539	1.529862	0.4749876
751005	2540	1.6098782	0.41629973
751005	2541	1.4901894	0.5218338
751005	2542	1.4738209	0.56855464
751005	2543	2.510326	-0.23272699
751005	2544	1.7264339	0.48558286
751005	2545	1.6597055	0.6323421
751005	2546	1.754701	0.5587145
751005	2547	1.8081037	0.54796386
751005	2548	1.9257025	0.5167923
751005	2549	1.7902907	0.6444818
751005	2550	1.7153982	0.69802177
751005	2551	1.736926	0.68133867
751005	2552	1.6594259	0.7663622
751005	2553	1.7157692	0.72107446
751005	2554	0.21837127	1.091856
751005	2555	-0.2136577	1.4805067
751005	2556	-0.20973861	1.3597192
751005	2557	-0.26402843	1.6727245
751005	2558	-0.32615998	1.423065
751005	2559	-0.44736138	1.3830534
751005	2560	-0.48103267	1.7966065
751005	2561	-0.24169672	1.1905571
751005	2562	-0.3787909	1.2203916
751005	2563	-0.3983816	1.5802009
751005	2564	-0.14035538	1.1231086
751005	2565	-0.327113	1.1541766
751005	2566	-0.42398405	1.4192415
751005	2567	-0.48656943	1.643008
751005	2568	-0.25544104	1.3860322
751005	2569	-0.34885105	1.5193454
751005	2570	-0.40985888	1.5079937
751005	2571	-0.34313008	1.5412583
751005	2572	-0.3181217	1.446665
751005	2573	-0.32285637	1.5219319
751005	2574	-0.30549887	1.4541843
751005	2575	-0.3019415	1.5040263
751005	2576	-0.2226921	1.2592281
751005	2577	-0.40209848	1.3152248
751005	2578	-0.4468583	1.6451061
751005	2579	-0.2960732	1.3925332
751005	2580	-0.25350523	1.4358282
751005	2581	-0.19508174	1.2928782
751005	2582	-0.2759705	1.1713284
751005	2583	-0.37270212	1.3749169
751005	2584	-0.3986521	1.5856361
751005	2585	1.6521231	0.35543856
751005	2586	1.5793194	0.6513984
751005	2587	1.6042069	0.7157916
751005	2588	1.7665635	0.54203963
751005	2589	1.4974772	1.0233397
751005	2590	1.533254	0.9065385
751005	2591	1.796626	0.6425556
751005	2592	2.19585	0.2000967
751005	2593	2.3363428	0.2632523
751005	2594	0.74478376	0.43672743
751005	2595	0.07595527	0.9508418
751005	2596	-0.06380394	1.036971
751005	2597	-0.1603373	1.3684238
751005	2598	-0.006735146	1.0794421
751005	2599	-0.30079606	1.1971291
751005	2600	-0.23591143	1.4165856
751005	2601	1.670359	0.5232619
751005	2602	1.6327494	0.58461785
751005	2603	1.7143399	0.47635707
751005	2604	1.6298393	0.5937799
751005	2605	1.7938744	0.45063296
751005	2606	1.3102702	0.97483134
751005	2607	1.1305705	1.2803105
751005	2608	1.261183	1.082184
751005	2609	1.2836936	1.0685546
751005	2610	0.7051461	1.923037
751005	2611	1.2215432	1.1671262
751005	2612	1.3293642	1.0249008
751005	2613	2.321443	0.06316498
751005	2614	1.655353	0.8457656
751005	2615	1.4362653	0.987594
751005	2616	1.4099631	1.0481638
751005	2617	1.257143	1.2409005
751005	2618	1.3451643	1.0881501
751005	2619	1.3411264	1.0946208
751005	2620	1.2406292	1.2366893
751005	2621	1.3445076	1.0690393
751005	2622	1.354498	1.0702535
751005	2623	1.2384843	1.229607
751005	2624	1.128906	1.3113335
751005	2625	1.083473	1.3005342
751005	2626	1.1679327	1.1603
751005	2627	1.0513513	1.298284
751005	2628	0.69371796	1.832145
751005	2629	1.1836843	1.0293021
751005	2630	1.3033482	0.96282744
751005	2631	1.1571532	1.2626278
751005	2632	1.4475213	0.8854234
751005	2633	2.3055978	0.0021911561
751005	2634	1.5384125	1.094568
751005	2635	1.698387	0.70878935
751005	2636	1.549744	0.94112146
751005	2637	1.4075724	1.1114966
751005	2638	1.3181624	1.1002353
751005	2639	0.8504554	1.810519
751005	2640	1.2830508	1.2533969
751005	2641	2.4649043	-0.05766961
751005	2642	1.3634698	1.064477
751005	2643	1.78892	0.69188416
751005	2644	1.5380396	1.0179839
751005	2645	1.390782	1.1736773
751005	2646	1.5712954	0.8611071
751005	2647	1.4939233	0.97887504
751005	2648	1.4574627	1.064078
751005	2649	0.70758545	1.874783
751005	2650	0.9689884	1.4613707
751005	2651	1.0950112	1.2630417
751005	2652	1.086926	1.350356
751005	2653	0.947235	1.5479698
751005	2654	0.55557644	1.9448326
751005	2655	0.36553174	2.3261807
751005	2656	0.24186683	2.596231
751005	2657	-0.34835067	1.3616623
751005	2658	-0.43305612	1.1037279
751005	2659	1.4229642	0.42343125
751005	2660	1.4459089	0.4345018
751005	2661	0.026743889	0.82915914
751005	2662	-0.5290004	1.2144105
751005	2663	-0.2178416	1.0482855
751005	2664	-0.77691984	1.8773925
751005	2665	-0.47673056	1.4071636
751005	2666	-0.43941465	1.4066191
751005	2667	-0.39129183	1.1416582
751005	2668	-0.33845344	1.1400751
751005	2669	-0.33472934	1.1190945
751005	2670	-0.41924185	1.1586758
751005	2671	-0.34644854	1.168706
751005	2672	-0.2986824	1.0761694
751005	2673	0.014047742	2.8330677
751005	2674	-0.026969641	2.4880078
751005	2675	-0.229141	2.9331489
751005	2676	-0.050287545	2.3481538
751005	2677	-0.24070138	2.7680652
751005	2678	-0.21556032	2.7025359
751005	2679	-0.19616795	2.7056205
751005	2680	-0.33958673	2.9021235
751005	2681	-0.27123445	2.8300714
751005	2682	-0.3340236	3.067624
751005	2683	-0.27801234	2.9260454
751005	2684	-0.286089	2.7969503
751005	2685	0.25625157	1.9130299
751005	2686	0.101685286	0.051615566
751005	2687	-0.15956631	0.46288523
751005	2688	1.969859	0.03671986
751005	2689	-0.23163703	0.8805623
751005	2690	-0.30834752	1.1352602
751005	2691	-0.15152302	1.0152649
751005	2692	-0.18198803	0.95564115
751005	2693	-0.39996767	1.4742074
751005	2694	-0.4262224	1.415685
751005	2695	0.023918092	0.4146131
751005	2696	0.6779969	-0.25761223
751005	2697	0.58117354	-0.076024055
751005	2698	-0.114451945	1.011953
751005	2699	-0.12585065	1.1331775
751005	2700	-0.0953908	1.0437384
751005	2701	0.18890762	0.38199618
751005	2702	0.18955457	0.6053802
751005	2703	0.26381087	0.46022847
751005	2704	0.77484477	-0.19249544
751005	2705	0.85372424	1.5413737
751005	2706	0.31777054	2.2101734
751005	2707	0.6647681	1.6154096
751005	2708	0.6612078	1.575309
751005	2709	0.6822572	0.012296885
751005	2710	1.1183009	-0.40972522
751005	2711	0.706846	0.107859045
751005	2712	0.53222406	0.02984038
751005	2713	0.45715928	0.0510889
751005	2714	2.106834	0.13009533
751005	2715	0.42097098	-0.0545018
751005	2716	2.435876	-0.4757147
751005	2717	-0.060459673	0.35995737
751005	2718	0.47912115	1.8254158
751005	2719	0.44596046	1.6577554
751005	2720	0.5177386	1.3547395
751005	2721	0.24288827	2.0124085
751005	2722	-0.18813768	2.563913
751005	2723	-0.026573569	2.502067
751005	2724	0.036114514	2.2330658
751005	2725	0.050999403	2.136865
751005	2726	-0.08825737	2.4693425
751005	2727	0.07995981	1.9362221
751005	2728	0.007247925	2.0864334
751005	2729	-0.13514066	2.4674995
751005	2730	-0.19553083	2.5358317
751005	2731	-0.106060535	2.3634734
751005	2732	-0.1245566	2.4670913
751005	2733	-0.020141989	2.041666
751005	2734	-0.08943722	2.220026
751005	2735	-0.16284207	2.5685334
751005	2736	-0.08040327	2.2730756
751005	2737	-0.12899724	2.470807
751005	2738	-0.10333672	2.2988956
751005	2739	-0.15438455	2.503944
751005	2740	-0.121311456	2.3087783
751005	2741	-0.17059794	2.5028443
751005	2742	-0.13405216	2.3436317
751005	2743	-0.1207633	2.4535923
751005	2744	-0.018809676	2.0020235
751005	2745	-0.13089862	2.2472708
751005	2746	-0.13096797	2.4941785
751005	2747	-0.18251243	2.2156394
751005	2748	-0.058127314	2.3904862
751005	2749	0.019450903	2.144635
751005	2750	-0.05131179	2.3676257
751005	2751	0.07379198	2.1122105
751005	2752	0.548926	1.4522904
751005	2753	1.3329374	0.4796438
751005	2754	1.3828788	0.57558167
751005	2755	2.086182	-0.06962228
751005	2756	2.3569512	-0.3487072
751005	2757	2.7895494	-0.61947745
751005	2758	3.5995321	-1.0836765
751005	2759	2.1444921	-1.5999146
751005	2760	1.9122001	-1.4751378
751005	2761	1.5539032	-1.0989505
751005	2762	1.6595515	-1.2324498
751005	2763	1.6934749	-1.2687427
751005	2764	1.5753602	-1.1456723
751005	2765	1.6551508	-1.2504205
751005	2766	1.9446949	-1.4635669
751005	2767	2.0107622	-1.450008
751005	2768	1.3755203	-1.1042287
751005	2769	1.3935063	-1.1418846
751005	2770	1.4868274	-1.1760955
751005	2771	1.3705455	-1.0473566
751005	2772	2.0618386	-1.5848386
751005	2773	2.8203268	-1.9629616
751005	2774	2.78687	-1.7526371
751005	2775	2.2876353	-0.39324403
751005	2776	1.5320562	0.4768559
751005	2777	1.2972809	0.5984472
751005	2778	1.6521446	0.34300175
751005	2779	1.5353106	0.4447619
751005	2780	1.3331351	0.6542561
751005	2781	0.93152535	-0.47070605
751005	2782	2.894895	-0.9271792
751005	2783	-0.19035375	0.7502593
751005	2784	0.21020627	0.5223944
751005	2785	-0.019637138	0.8672818
751005	2786	0.009988129	0.7966373
751005	2787	2.3599858	0.017903358
751005	2788	2.353766	-0.00015380979
751005	2789	2.502973	-0.07301527
751005	2790	2.3153863	0.05686155
751005	2791	1.3302935	1.1482043
751005	2792	2.4191685	-0.38290906
751005	2793	2.83285	-0.21126929
751005	2794	2.6571646	-0.24629478
751005	2795	0.8698666	1.2567475
751005	2796	1.7219728	0.17543599
751005	2797	2.23171	-0.12532148
751005	2798	2.4402308	-0.14688745
751005	2799	0.2934147	0.31100312
751005	2800	-0.09464067	0.5873805
751005	2801	-0.5920542	1.7363803
751005	2802	-0.4293204	1.3392015
751005	2803	-0.34909183	1.2066982
751005	2804	-0.102847636	0.7988354
751005	2805	0.92784464	-0.42680502
751005	2806	-0.175313	0.99476504
751005	2807	-0.5583475	1.7255132
751005	2808	-0.68524534	1.7757092
751005	2809	-0.64590025	1.6199186
751005	2810	-0.47818556	1.3568547
751005	2811	-0.42818397	1.3338372
751005	2812	-0.3143748	1.1900051
751005	2813	-0.29087123	1.2064621
751005	2814	-0.35197392	1.2817837
751005	2815	-0.4013457	1.3217847
751005	2816	-0.48184073	1.4366598
751005	2817	-0.5807729	1.5771639
751005	2818	-0.408533	1.2718456
751005	2819	-0.37444067	1.2467477
751005	2820	-0.34320295	1.232086
751005	2821	-1.4242232	3.0520122
751005	2822	-1.4013729	2.9899144
751005	2823	0.66487324	1.6761549
751005	2824	0.52136886	1.6651676
751005	2825	0.31257498	1.9474812
751005	2826	-0.03739634	2.4786448
751005	2827	-0.0585531	2.4775593
751005	2828	-0.2078163	2.7574055
751005	2829	-0.2801029	2.8593202
751005	2830	-0.26966208	2.892221
751005	2831	-0.30590692	2.8620427
751005	2832	-0.2344833	2.8322887
751005	2833	-0.55566293	3.0458431
751005	2834	0.31495267	1.8907442
751005	2835	0.0334208	2.2716274
751005	2836	0.004584074	2.243526
751005	2837	-0.06440115	2.296429
751005	2838	0.0006496906	2.2417123
751005	2839	0.010872304	2.2044477
751005	2840	-0.17766088	2.4708624
751005	2841	-0.092478305	2.404835
751005	2842	0.14787608	2.2207558
751005	2843	-0.18277982	2.6409287
751005	2844	-0.16767359	2.535568
751005	2845	0.17229968	2.216566
751005	2846	-0.009466767	2.3618631
751005	2847	-0.13085085	2.430639
751005	2848	-0.08686888	2.464283
751005	2849	-0.022992492	2.3028252
751005	2850	-0.14281857	2.4186647
751005	2851	-0.043265313	2.3229473
751005	2852	-0.1462231	2.4040644
751005	2853	-0.11220896	2.443497
751005	2854	-0.0982312	2.4393947
751005	2855	-0.8169696	3.6602223
751005	2856	-0.4553218	3.4817126
751005	2857	-0.4356223	3.1794329
751005	2858	-0.5958848	1.9419239
751005	2859	-0.6178054	1.4614539
751005	2860	0.9396213	1.34232
751005	2861	0.8278614	1.4003414
751005	2862	0.8558042	1.4546695
751005	2863	0.6840373	1.6170182
751005	2864	0.80971634	1.594557
751005	2865	2.1372614	0.018791318
751005	2866	1.8091346	0.7578515
751005	2867	0.9836712	1.5830679
751005	2868	0.9229686	1.3953044
751005	2869	0.7900665	1.6171398
751005	2870	1.0764852	1.1566831
751005	2871	-0.41987744	1.5092077
751005	2872	1.3903773	0.68794096
751005	2873	1.2014717	0.7650435
751005	2874	1.1745859	0.87372375
751005	2875	1.3421499	0.83930695
751005	2876	-0.48438993	1.4444538
751005	2877	-0.21311805	1.2139007
751005	2878	-0.3240773	1.1081313
751005	2879	-0.42199615	1.3982848
751005	2880	-0.53247255	1.4911946
751005	2881	-0.5657626	1.5270708
751005	2882	-0.40977234	1.2355423
751005	2883	-0.1849739	1.0738242
751005	2884	-0.33672553	1.0992432
751005	2885	-0.3735418	1.2261566
751005	2886	-0.27950525	0.93533695
751005	2887	-0.41627514	1.2566236
751005	2888	-0.42153823	1.150626
751005	2889	-0.5048975	1.3454518
751005	2890	-0.25569195	1.005128
751005	2891	-0.31558895	1.030883
751005	2892	-0.2471067	0.9802499
751005	2893	-0.23355874	0.8281617
751005	2894	-0.42722696	1.189065
751005	2895	-0.6229425	1.4521188
751005	2896	-0.51088697	1.2041802
751005	2897	-0.7011169	1.5063887
751005	2898	-0.5566969	1.3097066
751005	2899	-0.48584023	1.1318978
751005	2900	-0.6588384	1.4205767
751005	2901	-0.6388932	1.4523811
751005	2902	-0.4858527	1.1526954
751005	2903	-0.6384373	1.426422
751005	2904	-0.4530089	1.0345147
751005	2905	-0.6635614	1.4155885
751005	2906	-0.5577532	1.2479508
751005	2907	-0.46862128	1.069321
751005	2908	-0.60904783	1.364836
751005	2909	-0.61413795	1.3511637
751005	2910	-0.7522379	1.5442939
751005	2911	-0.6729589	1.3320879
751005	2912	-0.78130525	1.5643287
751005	2913	-0.8228162	1.5819743
751005	2914	1.1816682	0.9668567
751005	2915	1.0770267	1.03575
751005	2916	0.89825225	1.3191292
751005	2917	1.0752475	1.1027604
751005	2918	0.43090385	2.074067
751005	2919	0.875852	1.4630278
751005	2920	1.578417	0.50778294
751005	2921	2.0798378	0.3680993
751005	2922	1.4640043	1.1082247
751005	2923	1.5015367	1.071248
751005	2924	1.4247726	1.0875806
751005	2925	1.4355528	0.94187236
751005	2926	1.4312534	1.0650362
751005	2927	1.5637451	1.023218
751005	2928	1.7813765	0.8135692
751005	2929	1.5301574	1.0428483
751005	2930	1.4892228	1.0244336
751005	2931	1.5073453	1.0280328
751005	2932	1.4201058	1.083779
751005	2933	1.401193	1.1352749
751005	2934	1.2877702	1.1303769
751005	2935	1.4808532	0.9536289
751005	2936	1.3186613	1.0515082
751005	2937	1.673092	0.7119379
751005	2938	1.350081	0.9444457
751005	2939	0.8250468	0.30914345
751005	2940	0.8639121	-0.061846256
751005	2941	2.35225	-0.41644388
751005	2942	2.534564	-0.49348283
751005	2943	0.6764891	-0.1554434
751005	2944	0.8238977	1.4021577
751005	2945	1.1061996	-0.7138549
751005	2946	0.6140002	1.4926107
751005	2947	0.52910674	1.8280723
751005	2948	0.79661036	-0.30540496
751005	2949	1.4825928	-0.8293533
751005	2950	0.24877769	0.2860671
751005	2951	0.60901797	-0.19215107
751005	2952	0.42381227	0.009628892
751005	2953	0.25909293	0.26444134
751005	2954	0.41520548	-0.13474816
751005	2955	-0.3238819	0.99225163
751005	2956	-0.5453811	1.4752861
751005	2957	-0.69991374	1.7379043
751005	2958	-0.6193615	1.5781662
751005	2959	-0.97880304	2.076184
751005	2960	0.6909934	1.5682235
751005	2961	1.2593006	0.8341422
751005	2962	0.9929185	1.1703646
751005	2963	0.85028064	1.401716
751005	2964	1.1422596	1.0829712
751005	2965	1.9280168	0.15352878
751005	2966	1.6696786	0.8845403
751005	2967	1.6931039	0.7223176
751005	2968	1.3680676	0.94100296
751005	2969	0.8562678	1.4350698
751005	2970	0.1081481	2.448307
751005	2971	0.1435929	2.2633216
751005	2972	-0.4537322	3.2233717
751005	2973	-0.07369515	2.806219
751005	2974	0.023886323	2.4007664
751005	2975	-0.36588433	3.240004
751005	2976	-0.44263363	3.3178358
751005	2977	-0.57406545	3.5983899
751005	2978	-0.1498402	2.7374759
751005	2979	-0.2727558	2.8377512
751005	2980	-0.5891006	3.46127
751005	2981	-0.4547965	3.063934
751005	2982	-0.4713392	3.029323
751005	2983	-0.33118397	3.2115142
751005	2984	-0.39378077	3.1137497
751005	2985	-0.31617755	3.1327076
751005	2986	-0.48391283	3.5320432
751005	2987	-0.3578425	3.2830877
751005	2988	-0.43468514	3.2937574
751005	2989	-0.42584404	3.4970868
751005	2990	-0.40974173	3.1902
751005	2991	0.13930684	2.5345354
751005	2992	0.05237502	2.5698361
751005	2993	-0.22812149	2.911554
751005	2994	-0.18871477	3.0217326
751005	2995	-0.03823349	2.7356412
751005	2996	-0.14851916	2.9654608
751005	2997	0.026210546	2.682582
751005	2998	-0.1707215	2.801903
751005	2999	-0.26309	3.0182624
751005	3000	-0.30034631	2.9204483
751005	3001	-0.45829672	3.2215948
751005	3002	-0.71440315	3.6783469
751005	3003	-0.52113235	3.3287075
751005	3004	-0.5404307	3.195759
751005	3005	-0.45471275	2.9926748
751005	3006	0.17474258	2.3243315
751005	3007	0.0062184334	2.4528837
751005	3008	-0.2630694	2.9668427
751005	3009	-0.24864754	2.8089085
751005	3010	-0.23805612	3.0217495
751005	3011	-0.27933687	2.8232806
751005	3012	-0.28680396	3.018381
751005	3013	-0.20306984	2.7469363
751005	3014	0.55904853	1.8557825
751005	3015	0.28629416	2.162149
751005	3016	0.014847755	2.507341
751005	3017	0.044287026	2.5772269
751005	3018	0.10987103	2.3792927
751005	3019	0.0988369	2.4748714
751005	3020	0.0816192	2.544487
751005	3021	0.15304881	2.354311
751005	3022	0.19803596	2.3576372
751005	3023	0.16053027	2.472338
751005	3024	0.18678021	2.3576732
751005	3025	-0.0034496188	2.605042
751005	3026	0.08359337	2.441562
751005	3027	0.06529719	2.459116
751005	3028	0.10426521	2.423821
751005	3029	0.22814542	2.2277586
751005	3030	0.069619	2.3832793
751005	3031	0.073209584	2.3796697
751005	3032	0.7166846	1.7225132
751005	3033	0.919155	1.3779896
751005	3034	0.94542885	1.3325062
751005	3035	0.7340472	1.7063181
751005	3036	0.5432302	1.9166665
751005	3037	0.15110117	2.313391
751005	3038	0.8457035	1.5942991
751005	3039	0.97584116	1.4660426
751005	3040	0.9508517	1.6203759
751005	3041	0.82715213	1.7545762
751005	3042	0.98391926	1.4396558
751005	3043	1.098853	1.4676651
751005	3044	0.99832535	1.5840003
751005	3045	0.8741071	1.600707
751005	3046	1.0952735	1.3860022
751005	3047	1.0169585	1.5736415
751005	3048	0.97190976	1.6320703
751005	3049	0.92073345	1.6860232
751005	3050	0.96300673	1.5397202
751005	3051	1.0943657	1.4452709
751005	3052	1.0123737	1.6098535
751005	3053	0.8616204	1.6704869
751005	3054	1.0777885	1.4296217
751005	3055	0.9214307	1.5958354
751005	3056	1.0219251	1.5552835
751005	3057	0.67736125	2.1415517
751005	3058	0.6853943	1.9753876
751005	3059	0.11260915	2.8767674
751005	3060	0.64160144	1.9144676
751005	3061	0.41404998	2.207492
751005	3062	0.17463219	2.5638702
751005	3063	0.13927191	2.5259905
751005	3064	0.0996089	2.5384333
751005	3065	0.07406038	2.546615
751005	3066	0.01571244	2.534119
751005	3067	0.18207586	2.3280554
751005	3068	0.10368264	2.4532976
751005	3069	0.03679937	2.5372505
751005	3070	0.15283364	2.3666697
751005	3071	0.14426464	2.383884
751005	3072	0.079390645	2.4801679
751005	3073	0.18061739	2.3223197
751005	3074	0.18760872	2.3322027
751005	3075	0.14785707	2.3698905
751005	3076	0.08617008	2.3809266
751005	3077	0.17050171	2.3733475
751005	3078	0.27638906	2.1833646
751005	3079	0.23729736	2.2818809
751005	3080	0.19554722	2.220759
751005	3081	0.17875451	2.3260398
751005	3082	0.21157509	2.2916672
751005	3083	0.74472296	1.6003065
751005	3084	0.7809303	1.5621412
751005	3085	0.6457617	1.8176429
751005	3086	0.15861553	2.3594723
751005	3087	0.25201136	2.2605116
751005	3088	0.1707452	2.444017
751005	3089	0.27904838	2.274191
751005	3090	0.22115093	2.4594097
751005	3091	0.031791568	2.748981
751005	3092	0.07892251	2.5675182
751005	3093	-0.011520952	2.6063561
751005	3094	-0.0364812	2.6327195
751005	3095	-0.019415915	2.7783976
751005	3096	-0.08910394	1.0502276
751005	3097	-0.39927107	0.88769627
751005	3098	-0.33655405	3.015737
751005	3099	0.027556121	0.26392576
751005	3100	1.7322313	0.3402498
751005	3101	1.9713341	0.1920338
751005	3102	1.9874636	0.24252102
751005	3103	2.1343818	0.09745374
751005	3104	0.49119884	0.44355145
751005	3105	0.251319	0.49077877
751005	3106	0.3352452	2.3163328
751005	3107	0.17570823	2.3916545
751005	3108	-0.09737724	2.9100075
751005	3109	-0.020297736	2.7289343
751005	3110	-0.040048897	2.8195007
751005	3111	-0.049023747	2.7602983
751005	3112	0.066190064	2.4898028
751005	3113	0.06004113	2.483832
751005	3114	0.06827152	2.6077843
751005	3115	0.20688969	2.3387141
751005	3116	0.065274894	2.500806
751005	3117	-0.0025252104	2.7059846
751005	3118	0.3085819	0.07984111
751005	3119	0.08633864	2.3375487
751005	3120	-0.026192129	2.490078
751005	3121	-0.19019091	2.7957518
751005	3122	0.3824538	0.075779766
751005	3123	-0.06451115	0.7318846
751005	3124	0.27052456	0.43262306
751005	3125	0.00874418	0.6398399
751005	3126	0.21127516	0.5028764
751005	3127	0.3095613	0.3642564
751005	3128	0.13557088	0.6575124
751005	3129	0.46123922	0.39493766
751005	3130	0.3375768	2.1490455
751005	3131	0.32858467	2.07519
751005	3132	0.3192473	1.9556174
751005	3133	0.24063343	2.2206464
751005	3134	0.38565314	2.0210574
751005	3135	0.3882048	2.058047
751005	3136	0.41516107	2.081011
751005	3137	0.29551184	2.2544005
751005	3138	0.3382687	2.3477936
751005	3139	0.5271677	2.0216255
751005	3140	0.37018633	2.237499
751005	3141	0.4617216	1.9969363
751005	3142	0.31715137	2.3122947
751005	3143	0.2595685	2.3949442
751005	3144	0.161161	2.4292686
751005	3145	0.13068312	2.5602326
751005	3146	0.33175683	2.2365491
751005	3147	0.09673345	2.6396198
751005	3148	0.0362736	2.612265
751005	3149	-0.058757186	2.8271515
751005	3150	-0.08219099	2.6687257
751005	3151	-0.19680062	2.9735298
751005	3152	-0.3695965	3.1570013
751005	3153	-0.1999419	2.93774
751005	3154	-0.17730954	2.898964
751005	3155	-0.3497867	3.125472
751005	3156	-0.25879508	3.186512
751005	3157	-0.40610182	3.10666
751005	3158	-0.0914906	2.956189
751005	3159	-0.10536784	2.7641368
751005	3160	-0.21938556	2.8344705
751005	3161	-0.15155917	2.93862
751005	3162	-0.115164906	2.6788485
751005	3163	-0.118751556	2.8867886
751005	3164	-0.0115507245	2.6190195
751005	3165	-0.027300686	2.7773137
751005	3166	0.0017604828	2.583741
751005	3167	-0.0038808584	2.731091
751005	3168	0.077275455	2.5088215
751005	3169	0.08334571	2.6485717
751005	3170	0.09828323	2.5023313
751005	3171	0.07052392	2.689068
751005	3172	0.13067812	2.4756207
751005	3173	0.10151458	2.6568701
751005	3174	0.14503384	2.456123
751005	3175	0.050754428	2.6936107
751005	3176	0.14640093	2.456861
751005	3177	0.1286037	2.6161242
751005	3178	0.22963136	2.348302
751005	3179	0.15322882	2.5921712
751005	3180	0.15557885	2.4457803
751005	3181	0.06333089	2.6672344
751005	3182	0.11846155	2.4630609
751005	3183	0.044591725	2.6657736
751005	3184	0.22797328	2.366234
751005	3185	-0.027131736	2.6592984
751005	3186	0.1223461	2.61321
751005	3187	0.13907158	2.535573
751005	3188	0.13296121	2.6459162
751005	3189	0.16942203	2.481441
751005	3190	0.16933256	2.616947
751005	3191	0.2021988	2.468374
751005	3192	0.16073966	2.5565684
751005	3193	0.16807985	2.5907736
751005	3194	0.17936027	2.4912727
751005	3195	0.21050352	2.5704052
751005	3196	0.21699661	2.456347
751005	3197	0.21740729	2.5666137
751005	3198	0.18742388	2.454757
751005	3199	0.1957764	2.5954382
751005	3200	0.5469042	2.0121036
751005	3201	0.2820837	2.305089
751005	3202	0.2642476	2.4003325
751005	3203	0.25916022	2.2634366
751005	3204	0.14959598	2.4827943
751005	3205	0.17193317	2.3932548
751005	3206	0.20150131	2.5380425
751005	3207	0.3271473	2.3199747
751005	3208	0.28864008	2.3776023
751005	3209	0.27303147	2.4592235
751005	3210	0.27618402	2.3742628
751005	3211	0.29423445	2.4725585
751005	3212	0.3569156	2.4283419
751005	3213	0.118756175	2.796096
751005	3214	0.50961983	1.9392283
751005	3215	0.35508645	2.1751997
751005	3216	0.371121	2.1320858
751005	3217	1.0072916	1.305843
751005	3218	1.094798	1.2042309
751005	3219	0.35662043	2.2452164
751005	3220	0.21382254	2.375468
751005	3221	0.5800781	1.8750532
751005	3222	0.31581163	2.3863406
751005	3223	0.8241868	1.77228
751005	3224	0.87028503	1.8830733
751005	3225	0.99054706	1.7308233
751005	3226	0.97736454	1.8372233
751005	3227	0.9065974	1.8926599
751005	3228	0.036024153	3.086132
751005	3229	0.41746628	2.3401332
751005	3230	0.23853052	2.4867654
751005	3231	0.17266726	2.6806717
751005	3232	1.2227383	1.2485144
751005	3233	0.8615979	1.7568893
751005	3234	0.4273566	2.363868
751005	3235	0.91732824	1.7437088
751005	3236	1.0345459	1.6402278
751005	3237	1.0353631	1.7340102
751005	3238	1.1673185	1.579196
751005	3239	1.0728915	1.6687677
751005	3240	1.0570948	1.7179163
751005	3241	1.0816	1.6540904
751005	3242	0.92436945	1.7294459
751005	3243	0.933241	1.6800518
751005	3244	1.0368798	1.6136127
751005	3245	1.1414107	1.5433679
751005	3246	1.1503243	1.4873221
751005	3247	1.1691896	1.3738879
751005	3248	1.3254125	1.2070096
751005	3249	1.3324168	1.1753434
751005	3250	1.6392924	0.8508935
751005	3251	1.635063	0.94662404
751005	3252	0.8134413	2.008452
751005	3253	1.2310233	1.5158428
751005	3254	1.4197693	1.349468
751005	3255	1.4008031	1.3877794
751005	3256	1.453101	1.2472829
751005	3257	1.7990488	0.88606405
751005	3258	1.8254489	0.82348275
751005	3259	2.2933235	0.32689258
751005	3260	2.3480463	0.49155226
751005	3261	2.7104678	0.32198247
751005	3262	1.993791	0.8197111
751005	3263	1.0372696	1.6467574
751005	3264	1.37745	1.2203048
751005	3265	1.645466	0.8786458
751005	3266	1.8159956	0.8387283
751005	3267	1.7386829	1.0653696
751005	3268	1.6057962	1.1426069
751005	3269	1.599013	1.1134329
751005	3270	1.8170162	0.85440326
751005	3271	1.678801	1.0586901
751005	3272	1.4967855	1.2440093
751005	3273	1.6906189	0.9872917
751005	3274	1.9327792	0.81121385
751005	3275	1.3072432	1.6688826
751005	3276	1.3165305	1.4667573
751005	3277	2.4853072	0.19097057
751005	3278	2.6714783	0.62650335
751005	3279	1.2956192	0.07142773
751005	3280	1.1166557	-0.05365956
751005	3281	0.8010478	0.27942148
751005	3282	0.634297	0.2087048
751005	3283	0.29137945	0.65829074
751005	3284	0.06919348	0.8608608
751005	3285	0.35796022	0.26455536
751005	3286	0.2879337	0.56546605
751005	3287	0.18265986	0.58135235
751005	3288	-0.12937531	1.0173863
751005	3289	0.17840129	0.54355407
751005	3290	0.16109508	0.5477444
751005	3291	0.32498562	0.39616498
751005	3292	0.24948102	0.46055165
751005	3293	0.25521106	0.35645154
751005	3294	0.10517037	0.6157918
751005	3295	0.4474163	0.17485455
751005	3296	0.19459265	0.45987663
751005	3297	0.20865983	0.51155436
751005	3298	0.41140294	0.21123233
751005	3299	0.052325904	0.6788608
751005	3300	0.1889314	0.5059583
751005	3301	0.19724739	0.5043272
751005	3302	0.26016402	0.3284333
751005	3303	0.18917775	0.49069652
751005	3304	0.3644852	0.30666396
751005	3305	0.06824416	0.66811323
751005	3306	0.3064891	0.36992458
751005	3307	0.32319468	0.26599112
751005	3308	0.24077052	0.4274911
751005	3309	0.34241498	0.32380018
751005	3310	0.25649935	0.42311558
751005	3311	0.24038923	0.42874888
751005	3312	0.2831499	0.2808163
751005	3313	0.28831816	0.35625806
751005	3314	0.08620989	0.47864082
751005	3315	0.14996499	0.51342416
751005	3316	0.35385954	0.28277966
751005	3317	0.25211424	0.39827076
751005	3318	0.33037227	0.29097238
751005	3319	0.47906882	0.16628382
751005	3320	0.49694252	0.052980512
751005	3321	0.7282573	-0.14107287
751005	3322	0.7804712	-0.24708246
751005	3323	0.7000123	-0.13005185
751005	3324	0.5592269	0.07034406
751005	3325	0.71820784	-0.08946869
751005	3326	0.6298342	0.0094151795
751005	3327	0.7646656	-0.116226315
751005	3328	0.7106453	-0.0465433
751005	3329	0.14890283	0.48259738
751005	3330	0.32167917	0.18090478
751005	3331	0.4467973	0.11555466
751005	3332	0.19112849	0.3750905
751005	3333	0.23235613	0.2921358
751005	3334	-0.226901	1.0092651
751005	3335	-0.20830104	0.9808978
751005	3336	-0.17591172	0.90197897
751005	3337	0.029588819	0.6967913
751005	3338	0.7532383	-0.1349729
751005	3339	0.27987581	0.46907154
751005	3340	0.29282045	0.34039137
751005	3341	0.4707088	0.12181428
751005	3342	0.42736232	0.17858073
751005	3343	0.20536757	0.3689271
751005	3344	0.22146374	0.3755131
751005	3345	0.38984692	0.27357176
751005	3346	-0.07595754	0.99480593
751005	3347	2.1331968	0.21100304
751005	3348	1.0107027	1.8190153
751005	3349	1.3678423	1.3185325
751005	3350	-0.2271322	1.6085038
751005	3351	0.14941627	0.97214353
751005	3352	1.561473	0.32742748
751005	3353	1.503944	0.52697146
751005	3354	1.3933573	0.7351551
751005	3355	1.5360175	0.61793303
751005	3356	1.6440827	0.6633992
751005	3357	1.7364494	0.50062287
751005	3358	1.8900961	0.42571554
751005	3359	1.7407459	0.7185255
751005	3360	1.5242211	0.9283879
751005	3361	1.3835275	1.1114179
751005	3362	1.1786225	1.2089009
751005	3363	1.2050605	1.270237
751005	3364	1.217929	1.1914055
751005	3365	1.200022	1.3074127
751005	3366	1.1648557	1.2780774
751005	3367	1.1213832	1.271
751005	3368	0.77725637	1.7884266
751005	3369	1.7922455	0.3762996
751005	3370	0.63199747	1.7650337
751005	3371	0.5718881	1.8953617
751005	3372	0.19779974	2.3429446
751005	3373	0.36744994	2.079814
751005	3374	0.3306358	2.0592566
751005	3375	0.171197	2.4001055
751005	3376	0.0689531	2.4346128
751005	3377	0.2374978	2.185231
751005	3378	-0.32035398	2.8965096
751005	3379	-0.44022813	3.3350155
751005	3380	-0.44928852	3.1309326
751005	3381	-0.5608293	3.4652681
751005	3382	-0.84459555	3.787163
751005	3383	-0.3476613	3.1757956
751005	3384	-0.2882141	3.0495543
751005	3385	-0.34505612	2.9439104
751005	3386	0.17707318	2.5014465
751005	3387	-0.11418298	2.5850163
751005	3388	-0.16983458	2.8324142
751005	3389	-0.22924471	3.047525
751005	3390	-0.26660395	2.8324533
751005	3391	-0.21162388	3.020925
751005	3392	-0.30019146	2.8642204
751005	3393	-0.4310935	3.5565736
751005	3394	-0.26977116	3.0102837
751005	3395	0.29735404	2.2831573
751005	3396	-0.071348816	2.688327
751005	3397	-0.10950592	2.8397946
751005	3398	-0.22205678	3.0619717
751005	3399	-0.24348798	2.8773236
751005	3400	-0.18886313	3.0131643
751005	3401	-0.094473004	2.6161923
751005	3402	-0.16680458	2.8365893
751005	3403	-0.21092492	3.0376523
751005	3404	-0.28445992	2.8918478
751005	3405	-0.2049894	3.0321026
751005	3406	-0.12219778	2.571998
751005	3407	-0.19183949	2.82398
751005	3408	-0.21674728	3.018425
751005	3409	-0.23343554	2.7654343
751005	3410	-0.1755468	2.962274
751005	3411	-0.22850907	2.8108094
751005	3412	-0.16091877	2.9671385
751005	3413	-0.09189907	2.5654497
751005	3414	-0.25552082	2.91484
751005	3415	-0.051760674	2.6176107
751005	3416	-0.053369433	2.6476083
751005	3417	-0.279692	3.043707
751005	3418	0.082262695	2.4415703
751005	3419	0.015476942	2.497024
751005	3420	-0.19333419	2.9014885
751005	3421	-0.0032258034	2.5845654
751005	3422	-0.1865167	2.706278
751005	3423	-0.1957027	2.733559
751005	3424	-0.015357256	2.5937512
751005	3425	0.07759482	2.3509576
751005	3426	0.05688846	2.4201384
751005	3427	0.62091756	1.6790605
751005	3428	1.126996	1.161615
751005	3429	1.2532921	1.1523423
751005	3430	1.8983678	0.5432621
751005	3431	1.8821386	0.6834866
751005	3432	1.2483732	1.4110304
751005	3433	0.0040884614	1.9038117
751005	3434	-0.056533307	1.3252382
751005	3435	-0.035415262	1.3012019
751005	3436	-0.02445212	1.2048007
751005	3437	0.3399083	0.5507661
751005	3438	-0.08450875	1.1746974
751005	3439	-0.26628911	1.2766339
751005	3440	-0.6224192	1.7385991
751005	3441	-0.45038554	1.4709461
751005	3442	-0.51294255	1.5511866
751005	3443	-0.60103595	1.5437059
751005	3444	-0.54726386	1.5747426
751005	3445	-0.373697	1.1589462
751005	3446	-0.4410287	1.4653903
751005	3447	-0.46587795	1.4093368
751005	3448	-0.45952314	1.3852317
751005	3449	-0.06584412	0.85271454
751005	3450	-0.4434614	1.30017
751005	3451	-0.38077348	1.2827709
751005	3452	-0.43727815	1.4052863
751005	3453	-0.11970708	0.9259918
751005	3454	0.09703171	0.6922686
751005	3455	-0.087008744	0.9520607
751005	3456	-0.20470199	1.067948
751005	3457	-0.47155935	1.2482455
751005	3458	-0.28240827	1.0440801
751005	3459	-0.1777873	1.0007617
751005	3460	0.089013755	0.6056223
751005	3461	0.14881533	0.6009228
751005	3462	-0.31261384	1.135654
751005	3463	-0.1813699	0.95556056
751005	3464	-0.45305312	1.2927704
751005	3465	-0.24901184	1.0682101
751005	3466	-0.0059666038	0.7432201
751005	3467	0.110530674	0.63355005
751005	3468	-0.18075123	0.94714224
751005	3469	-0.1332199	0.8900076
751005	3470	0.020293653	0.6166502
751005	3471	0.13449037	0.55095124
751005	3472	-0.2731796	1.0440841
751005	3473	-0.23843601	0.92649674
751005	3474	0.19369906	0.43788704
751005	3475	0.17388952	0.5314778
751005	3476	0.15200484	0.40480664
751005	3477	-0.042780668	0.72492194
751005	3478	0.32584268	0.24224767
751005	3479	0.55910623	0.06090632
751005	3480	0.7335595	1.2097108
751005	3481	0.75308394	1.3023922
751005	3482	0.5529454	1.6554291
751005	3483	0.41012722	2.0899603
751005	3484	0.4567569	2.0838466
751005	3485	0.5464512	1.9776566
751005	3486	0.47943228	2.0671153
751005	3487	0.58250356	1.9983873
751005	3488	0.71421826	1.6959832
751005	3489	0.800364	1.6009481
751005	3490	0.6174035	1.9545834
751005	3491	0.5247185	2.0898252
751005	3492	0.643893	1.8926842
751005	3493	0.68872464	1.857821
751005	3494	0.57983553	1.9342294
751005	3495	0.5626646	2.016045
751005	3496	0.63560796	1.895266
751005	3497	0.66973925	1.870842
751005	3498	0.5600362	1.993082
751005	3499	0.7499409	1.6475985
751005	3500	0.644398	1.8440511
751005	3501	0.71898186	1.7737043
751005	3502	0.78464293	1.549813
751005	3503	0.6501372	1.848805
751005	3504	0.43008167	2.216601
751005	3505	0.72618306	1.7720985
751005	3506	0.6096703	1.9009905
751005	3507	0.537199	1.9846594
751005	3508	0.7031723	1.6631505
751005	3509	0.40691334	2.1052396
751005	3510	0.32471508	2.2181022
751005	3511	0.40454233	2.0526865
751005	3512	0.1810565	2.580477
751005	3513	0.09074402	2.5265403
751005	3514	0.13149571	2.3990774
751005	3515	0.31382632	2.1291702
751005	3516	0.29912007	2.2606063
751005	3517	0.32646972	2.178972
751005	3518	0.32218945	2.2781408
751005	3519	0.005103767	2.7822952
751005	3520	0.43093824	0.6786344
751005	3521	0.4924159	0.2398437
751005	3522	0.26475608	0.5737605
751005	3523	0.49244702	0.24265936
751005	3524	2.0364795	0.09739372
751005	3525	2.1719403	0.20909783
751005	3526	1.5951761	0.765622
751005	3527	1.5946807	0.78480804
751005	3528	1.504737	0.82816374
751005	3529	1.463449	0.96682906
751005	3530	-0.36184344	1.7631972
751005	3531	-0.50875634	1.4619235
751005	3532	1.2609192	0.90727305
751005	3533	-0.6294661	1.8225641
751005	3534	-0.63416994	1.8352075
751005	3535	-0.72797364	2.4933867
751005	3536	-0.4445481	1.4153421
751005	3537	-0.53383243	1.7673721
751005	3538	-0.5276338	1.8572614
751005	3539	-0.52278525	1.7420406
751005	3540	-0.55432487	1.7966406
751005	3541	-0.64009124	1.8319237
751005	3542	-0.6817169	1.9812093
751005	3543	-0.66857636	2.0947154
751005	3544	1.2190213	1.1279764
751005	3545	0.47828388	2.394745
751005	3546	2.0985699	0.25343844
751005	3547	2.0361276	0.61547494
751005	3548	1.785118	0.9756609
751005	3549	1.5328387	1.183766
751005	3550	1.4580508	1.2163484
751005	3551	1.0119528	1.7975438
751005	3552	0.44109398	2.586195
751005	3553	0.5633764	2.3250098
751005	3554	0.43734866	2.3183532
751005	3555	0.6032795	2.1388302
751005	3556	0.47217542	2.2032106
751005	3557	0.5696579	2.2076852
751005	3558	0.43305504	2.0959
751005	3559	0.5820497	1.9829402
751005	3560	0.45966387	2.241909
751005	3561	0.5322598	1.9526021
751005	3562	0.401897	2.2751117
751005	3563	0.49701488	2.0483198
751005	3564	0.9060993	1.5474207
751005	3565	1.1406105	1.3845253
751005	3566	1.042976	1.5693328
751005	3567	1.1397885	1.4370589
751005	3568	1.128424	1.4947597
751005	3569	1.1044397	1.4683613
751005	3570	1.0656332	1.4399877
751005	3571	1.0760759	1.3499979
751005	3572	1.1027113	1.3135839
751005	3573	1.1505076	1.2239548
751005	3574	1.0281926	1.4829268
751005	3575	0.5270752	2.1653428
751005	3576	0.8621582	1.3748918
751005	3577	-0.51158005	1.7114165
751005	3578	-0.58047736	1.620507
751005	3579	-0.66529536	1.6426287
751005	3580	-0.52664936	1.3946663
751005	3581	-0.5964032	1.4406669
751005	3582	-0.09831604	0.6602061
751005	3583	-0.3408006	1.0457143
751005	3584	-0.99705553	2.1554713
751005	3585	-0.8396276	1.8571482
751005	3586	-0.82191443	1.7936509
751005	3587	0.6388775	1.4875544
751005	3588	0.6191269	1.500296
751005	3589	0.9774486	1.2929246
751005	3590	1.0146168	1.2285249
751005	3591	0.8151331	1.5794392
751005	3592	0.79496455	1.642252
751005	3593	0.62328553	2.157906
751005	3594	0.8116162	1.6161504
751005	3595	0.83623326	1.5504181
751005	3596	1.2177846	1.074407
751005	3597	0.84331346	1.7707505
751005	3598	1.265995	1.1421446
751005	3599	1.3103073	1.1377014
751005	3600	1.0227761	1.4291029
751005	3601	0.91580486	1.5647464
751005	3602	0.29925883	2.8548658
751005	3603	0.427644	2.3645487
751005	3604	0.38704175	2.4658675
751005	3605	0.25829965	2.3951316
751005	3606	0.11920297	2.6596365
751005	3607	0.14969069	2.461632
751005	3608	0.06800109	2.6734192
751005	3609	0.116342485	2.481157
751005	3610	0.89954174	1.5326042
751005	3611	0.5972129	1.9411485
751005	3612	0.39778763	2.281109
751005	3613	0.3385901	2.2483008
751005	3614	0.3462029	2.34995
751005	3615	0.2916556	2.2894652
751005	3616	0.24052864	2.44743
751005	3617	0.24917835	2.3313172
751005	3618	0.2997898	2.3758633
751005	3619	0.26735288	2.3009577
751005	3620	0.31597322	2.370512
751005	3621	0.48652	1.9578166
751005	3622	0.41768557	2.0796652
751005	3623	0.31246305	2.3519962
751005	3624	0.65939724	1.8706686
751005	3625	0.63631344	2.0152128
751005	3626	0.9855045	1.3137876
751005	3627	1.0576882	1.4310392
751005	3628	1.1397384	1.3560554
751005	3629	1.0984386	1.5207707
751005	3630	1.3018402	1.1992531
751005	3631	1.3531088	1.2080703
751005	3632	1.2159783	1.453526
751005	3633	0.58248615	2.3327177
751005	3634	0.5233754	2.3199108
751005	3635	0.5281719	2.1899748
751005	3636	0.66693664	2.022946
751005	3637	0.50283754	2.2533884
751005	3638	0.5640501	2.0146549
751005	3639	0.5528158	2.064906
751005	3640	0.5239904	2.1241355
751005	3641	0.410882	2.247864
751005	3642	0.29517967	2.4468443
751005	3643	0.32577312	2.2456388
751005	3644	0.3481984	2.3906002
751005	3645	0.41020936	2.1837163
751005	3646	0.28926873	2.2856834
751005	3647	0.20139933	2.498656
751005	3648	0.27443355	2.2416341
751005	3649	0.30454767	2.387503
751005	3650	0.35542893	2.1939704
751005	3651	0.37903243	2.2296576
751005	3652	0.32070243	2.367073
751005	3653	0.3497523	2.2547216
751005	3654	0.4145906	2.174668
751005	3655	0.3404612	2.3245127
751005	3656	0.34108078	2.252231
751005	3657	0.39386016	2.2138875
751005	3658	0.34658295	2.3331184
751005	3659	0.46562654	2.0678601
751005	3660	1.1338192	1.1879051
751005	3661	1.0063447	1.5547576
751005	3662	0.8161361	1.69012
751005	3663	0.8051772	1.7548873
751005	3664	0.80778027	1.753818
751005	3665	0.802652	1.7587099
751005	3666	-0.030135661	2.740384
751005	3667	-0.16670853	1.6780891
751005	3668	-0.17020184	1.150271
751005	3669	-0.3293162	1.4316813
751005	3670	-0.18889555	1.1134782
751005	3671	-0.6851442	1.8139968
751005	3672	-0.7447533	1.8398118
751005	3673	-0.8595468	2.3923633
751005	3674	-0.28122228	2.8332753
751005	3675	0.17762625	1.7991517
751005	3676	0.02005148	2.2897966
751005	3677	0.11763245	2.3563895
751005	3678	0.3090148	0.335328
751005	3679	-0.19963855	0.97125566
751005	3680	-0.15734091	0.892388
751005	3681	-0.16227743	0.8350444
751005	3682	-0.219462	0.918048
751005	3683	-0.26011914	0.954147
751005	3684	-0.28723204	0.95324767
751005	3685	-0.35870388	1.1338071
751005	3686	-0.47687596	1.2535905
751005	3687	-0.46497923	1.2586511
751005	3688	-0.29072684	1.0352508
751005	3689	-0.16394335	0.9732603
751005	3690	-0.51876223	1.3151263
751005	3691	-0.45971012	1.1759106
751005	3692	-0.39653182	1.133516
751005	3693	-0.34289485	1.094567
751005	3694	-0.79919875	2.0742943
751005	3695	-0.765716	1.9154892
751005	3696	-0.738448	1.940484
751005	3697	-1.1086434	2.4969037
751005	3698	-1.2019532	2.6172738
751005	3699	0.6286783	1.946362
751005	3700	0.66686046	1.904053
751005	3701	0.5490905	2.1004481
751005	3702	0.41642034	2.602165
751005	3703	0.51423347	2.2559986
751005	3704	0.7542745	1.9598494
751005	3705	0.40594035	2.4125497
751005	3706	0.31341326	2.6880305
751005	3707	0.36511368	2.4532251
751005	3708	0.33791828	2.5257974
751005	3709	0.49083847	2.3632612
751005	3710	0.31844795	2.724871
751005	3711	0.37550628	2.5135584
751005	3712	0.40902317	2.6253555
751005	3713	0.13356501	2.7357318
751005	3714	0.15310222	2.7298274
751005	3715	0.040293217	2.941907
751005	3716	-0.15682885	1.2012311
751005	3717	-0.15324119	1.0668811
751005	3718	-0.00049573183	0.84096587
751005	3719	-0.09094936	0.94582415
751005	3720	-0.16485867	2.9080396
751005	3721	-0.15211475	2.7381186
751005	3722	-0.45678735	3.2288532
751005	3723	-0.42695612	3.1665387
751005	3724	-0.5424245	3.6769068
751005	3725	-0.3831326	3.3385427
751005	3726	-0.23083964	2.9780986
751005	3727	-0.49375504	3.396293
751005	3728	-0.39524022	2.958374
751005	3729	-0.3318506	2.9240146
751005	3730	-0.30460072	2.9831402
751005	3731	-0.35910466	1.135521
751005	3732	-0.60965234	1.48576
751005	3733	-0.76212037	2.1117835
751005	3734	0.6087003	-0.32988876
751005	3735	-0.47313845	1.2850834
751005	3736	-0.49709535	1.2861922
751005	3737	-0.5652565	1.3606172
751005	3738	-0.5128426	1.2641839
751005	3739	-0.7130412	1.5401173
751005	3740	-0.4981011	1.2192003
751005	3741	-0.8235488	1.7634699
751005	3742	0.055686355	0.3997123
751005	3743	-0.19989565	0.8833221
751005	3744	-0.18578914	0.95835614
751005	3745	-0.18717527	1.0105299
751005	3746	-0.15463242	0.9882227
751005	3747	-0.044891268	0.9551586
751005	3748	-0.21135676	1.1955789
751005	3749	0.16633534	0.55454624
751005	3750	-0.14991441	0.8566036
751005	3751	-0.33241776	1.0584092
751005	3752	-0.38072073	1.1544578
751005	3753	-0.26663828	1.0144726
751005	3754	-0.48831183	1.2947521
751005	3755	-0.32022145	0.9711814
751005	3756	-0.31973803	1.0457274
751005	3757	-0.41943604	1.1666999
751005	3758	-0.32679003	0.99079144
751005	3759	-0.23547637	0.87481356
751005	3760	-0.28708786	1.0263717
751005	3761	-0.42305303	1.1690485
751005	3762	-0.30287075	1.0085889
751005	3763	-0.12454456	0.8436769
751005	3764	-0.008146465	0.7328087
751005	3765	-0.19946793	0.98123515
751005	3766	-0.06568208	0.7473347
751005	3767	-0.058665723	0.7797502
751005	3768	-0.34178236	1.3525482
751005	3769	-0.29743838	1.0457207
751005	3770	-0.26543075	1.0154808
751005	3771	-0.17912126	0.9309001
751005	3772	-0.13342732	0.8556272
751005	3773	-0.23655772	1.02276
751005	3774	-0.23865277	1.0119128
751005	3775	-0.25432402	1.0576607
751005	3776	-0.21958154	0.96686983
751005	3777	-0.28562587	1.0756335
751005	3778	-0.4749474	1.288988
751005	3779	-0.38195267	1.2147017
751005	3780	-0.4749217	1.2922715
751005	3781	-0.20151374	0.95234716
751005	3782	-0.1329081	0.94480944
751005	3783	-0.18748274	1.0361906
751005	3784	-0.16519812	1.0301757
751005	3785	-0.23856282	1.1164966
751005	3786	-0.36169276	1.2580626
751005	3787	-0.1956521	1.0145974
751005	3788	-0.123283535	0.9799044
751005	3789	-0.16310948	1.131311
751005	3790	-0.1036489	0.91101193
751005	3791	-0.284779	1.1230807
751005	3792	-0.044071227	0.8502941
751005	3793	0.0036167502	0.8335608
751005	3794	0.15607506	0.74095213
751005	3795	0.12875313	0.8436129
751005	3796	0.15779734	0.8697002
751005	3797	0.1387735	0.84968126
751005	3798	0.49104112	2.2277594
751005	3799	0.58057976	1.9166534
751005	3800	0.45898068	2.0810483
751005	3801	0.59990394	1.9748721
751005	3802	0.68878996	1.986337
751005	3803	0.59135604	2.4022114
751005	3804	0.7422987	2.2070422
751005	3805	0.25436896	2.8712416
751005	3806	-0.32776877	3.6374018
751005	3807	0.079022825	2.9227197
751005	3808	-0.009528816	2.889074
751005	3809	-0.14350557	3.4362469
751005	3810	0.4698221	0.17904279
751005	3811	0.120061755	0.6167234
751005	3812	0.064245164	0.7295767
751005	3813	0.1312502	0.5159706
751005	3814	1.9516865	0.25703993
751005	3815	1.9679316	0.48220482
751005	3816	2.3305511	0.12727371
751005	3817	2.3467188	0.18726352
751005	3818	1.8700229	0.5757781
751005	3819	2.239511	0.25725552
751005	3820	2.0842648	0.6569408
751005	3821	1.640616	0.7919862
751005	3822	1.7458636	0.750031
751005	3823	1.7013232	0.8643962
751005	3824	1.7292405	0.88414
751005	3825	1.0522879	1.6441741
751005	3826	1.7507397	0.9005548
751005	3827	1.2219784	1.4639411
751005	3828	1.2199242	1.4469773
751005	3829	1.2678238	1.363623
751005	3830	1.9217457	0.7556764
751005	3831	1.0091746	1.6754303
751005	3832	1.6757027	1.009986
751005	3833	1.7088429	1.0451969
751005	3834	1.5454572	1.2318106
751005	3835	1.549059	1.195691
751005	3836	1.9862255	0.7888458
751005	3837	1.6401232	1.1631083
751005	3838	1.860119	0.898391
751005	3839	1.9644405	0.8432088
751005	3840	1.9095074	0.8998537
751005	3841	1.9247442	0.79675305
751005	3842	1.8719417	0.92187643
751005	3843	1.8141607	1.0094353
751005	3844	2.3443575	0.49874243
751005	3845	2.4739866	0.5092523
751005	3846	1.0903096	1.8013995
751005	3847	2.9063654	-0.33165973
751005	3848	2.5384488	0.5770519
751005	3849	2.2979531	0.6745535
751005	3850	2.7102036	0.29149023
751005	3851	3.7868457	-0.55069953
751005	3852	4.6464043	-1.0453846
751005	3853	4.2811365	-2.1646733
751005	3854	3.4516735	-1.5964341
751005	3855	2.8733582	-1.5140538
751005	3856	3.370226	-1.933729
751005	3857	3.5593991	-1.9689801
751005	3858	3.452434	-1.8986868
751005	3859	3.1358423	-1.7254035
751005	3860	2.739006	-1.5912828
751005	3861	3.0845113	-1.7700816
751005	3862	2.2394094	0.21277979
751005	3863	2.289414	0.18957922
751005	3864	2.1439643	0.5421777
751005	3865	2.1374416	0.4615169
751005	3866	3.2717643	-0.5823276
751005	3867	3.1311846	-0.058185935
751005	3868	3.0650673	-0.17530319
751005	3869	3.0448928	-0.057551205
751005	3870	2.8552198	0.1455631
751005	3871	2.6851945	0.07621583
751005	3872	2.3555222	0.47268274
751005	3873	2.7205706	0.20500997
751005	3874	2.5235944	0.35597304
751005	3875	2.5375667	0.39301565
751005	3876	2.9279675	0.12385711
751005	3877	2.1717758	0.7980244
751005	3878	2.2323704	0.57435596
751005	3879	2.2183938	0.6569835
751005	3880	2.504249	0.44231012
751005	3881	2.5917058	0.3089883
751005	3882	0.6553298	2.0995967
751005	3883	0.8970052	1.9038079
751005	3884	2.5212383	0.119770974
751005	3885	2.035325	0.943159
751005	3886	1.4322832	1.2907916
751005	3887	1.2097017	1.4496293
751005	3888	1.111384	1.5945525
751005	3889	1.0109308	1.8514419
751005	3890	0.985327	1.7398684
751005	3891	0.92191386	1.9724517
751005	3892	0.79057336	1.9959598
751005	3893	0.77994716	2.0223708
751005	3894	0.8197098	1.9553344
751005	3895	1.090321	1.7706106
751005	3896	0.96205425	2.0096996
751005	3897	0.75497735	2.066549
751005	3898	0.7560253	2.0766473
751005	3899	0.8861431	2.0513942
751005	3900	0.8644664	1.9798293
751005	3901	0.7499435	2.0806727
751005	3902	0.7168298	2.1676607
751005	3903	0.07573742	2.9850204
751005	3904	0.703781	2.385008
751005	3905	0.5844885	2.370823
751005	3906	0.6346328	2.3914933
751005	3907	0.34972703	2.6853976
751005	3908	0.44478655	2.6946516
751005	3909	0.71055436	2.251329
751005	3910	0.6782913	2.387397
751005	3911	0.59981966	2.6751907
751005	3912	0.6150763	2.3753414
751005	3913	0.53536236	2.4976995
751005	3914	1.1680439	1.7691481
751005	3915	1.0065374	2.0168817
751005	3916	0.71892595	2.373096
751005	3917	0.516045	2.5048318
751005	3918	0.6296954	2.6299517
751005	3919	0.5652987	2.5357528
751005	3920	0.65582895	2.6255083
751005	3921	0.5900551	2.500217
751005	3922	0.6081376	2.6749082
751005	3923	0.581336	2.4441018
751005	3924	0.5865761	2.547144
751005	3925	0.5850197	2.426351
751005	3926	0.5067278	2.643335
751005	3927	0.52723634	2.477328
751005	3928	0.4789611	2.6626997
751005	3929	0.671155	2.358486
751005	3930	0.47024888	2.7089317
751005	3931	0.6337223	2.4136393
751005	3932	0.5662823	2.5927188
751005	3933	0.61387575	2.4750156
751005	3934	0.5490545	2.6411045
751005	3935	0.55823696	2.512067
751005	3936	0.4497655	2.7375689
751005	3937	0.47287267	2.595374
751005	3938	0.37419605	2.8171482
751005	3939	0.5693817	2.439692
751005	3940	0.3398199	2.716307
751005	3941	-0.297208	3.62517
751005	3942	1.2813005	1.6355426
751005	3943	1.3724378	1.736012
751005	3944	1.1714193	2.0130165
751005	3945	0.58865106	2.594635
751005	3946	0.4699908	2.6519694
751005	3947	0.42837387	2.8191912
751005	3948	0.57522047	2.5305793
751005	3949	0.53936505	2.7256918
751005	3950	0.51191103	2.6405175
751005	3951	0.4730785	2.8081768
751005	3952	0.5235379	2.6107848
751005	3953	0.3253268	2.804943
751005	3954	-0.11245409	3.4718466
751005	3955	0.16731042	3.0300193
751005	3956	0.12320626	2.9850416
751005	3957	0.072087884	3.230539
751005	3958	0.26923066	2.8440468
751005	3959	0.10275328	3.0744588
751005	3960	0.17364156	3.1253903
751005	3961	0.22173989	2.994743
751005	3962	1.1132934	1.9184582
751005	3963	0.69127357	2.3914707
751005	3964	0.5358527	2.5672
751005	3965	0.32113308	2.73358
751005	3966	0.23460561	2.997016
751005	3967	0.37471086	2.602213
751005	3968	0.12277877	2.9918404
751005	3969	0.06354958	3.0853848
751005	3970	0.1646604	3.1030838
751005	3971	0.2566458	2.7932153
751005	3972	0.19742018	3.1168792
751005	3973	0.45028394	2.581511
751005	3974	0.2015295	2.9364452
751005	3975	0.20541489	3.133357
751005	3976	0.24176222	2.823713
751005	3977	0.2584659	3.0528185
751005	3978	0.29169333	2.8045115
751005	3979	0.2923112	3.02049
751005	3980	0.45991623	2.5643034
751005	3981	0.21297157	2.9035423
751005	3982	0.23033208	3.0755515
751005	3983	0.90065217	1.8795853
751005	3984	1.0182256	1.8150599
751005	3985	0.72606957	2.2356575
751005	3986	0.5651144	2.4273512
751005	3987	0.7626076	2.1426537
751005	3988	0.57045794	2.4559073
751005	3989	0.99241316	1.8800824
751005	3990	-0.15584567	1.7742746
751005	3991	-0.18747869	1.0650419
751005	3992	-0.2952574	1.4564055
751005	3993	-0.2591959	1.1775365
751005	3994	-0.2167902	1.1812477
751005	3995	-0.4083612	1.4683162
751005	3996	-0.2979424	1.3360037
751005	3997	0.044602692	0.76320374
751005	3998	-0.25916973	1.3842982
751005	3999	-0.29130822	1.177289
751005	4000	-0.039513737	0.87967086
751005	4001	-0.36065388	1.3678005
751005	4002	-0.27471405	1.0436708
751005	4003	-0.070956975	0.8333006
751005	4004	-0.33778805	1.2609141
751005	4005	-0.26940078	1.0459733
751005	4006	-0.085718215	0.9049336
751005	4007	-0.35868078	1.3161393
751005	4008	-0.40818506	1.160752
751005	4009	-0.48451117	1.4049127
751005	4010	-0.39880872	1.3207741
751005	4011	-0.41999358	1.4200821
751005	4012	-0.35962164	1.2252859
751005	4013	-0.23264626	1.045733
751005	4014	-0.4602559	1.4277364
751005	4015	-0.3633651	1.1673349
751005	4016	-0.2338174	1.0274818
751005	4017	-0.45373565	1.39905
751005	4018	-0.3604067	1.2548171
751005	4019	-0.38011914	1.3523419
751005	4020	-0.3405878	1.1983281
751005	4021	-0.25494826	1.0538502
751005	4022	-0.48393258	1.4605355
751005	4023	-0.38460618	1.2983844
751005	4024	-0.3960386	1.3897812
751005	4025	-0.32230604	1.2625986
751005	4026	-0.30536908	1.1931151
751005	4027	-0.60301375	1.496333
751005	4028	-0.4860515	1.361793
751005	4029	-0.2845288	1.0056332
751005	4030	-0.5256531	1.4830581
751005	4031	-0.30959037	1.262666
751005	4032	-0.36412275	1.3927059
751005	4033	-0.22490698	1.1953084
751005	4034	-0.16588685	1.0414805
751005	4035	-0.28880608	1.1561681
751005	4036	-0.3859631	1.3404124
751005	4037	-0.19216192	1.3634617
751005	4038	0.25958002	0.6596658
751005	4039	-0.055353105	1.1906329
751005	4040	0.2637803	0.4137142
751005	4041	0.22995877	0.47814724
751005	4042	-0.077463746	0.89199257
751005	4043	-0.07432327	1.0149038
751005	4044	-0.13451922	1.0556558
751005	4045	-0.14666584	1.095438
751005	4046	-0.12334913	1.0579401
751005	4047	-0.31516802	1.2886823
751005	4048	-0.20639193	1.0898718
751005	4049	-0.20710903	1.1334683
751005	4050	-0.22189352	1.1744143
751005	4051	-0.2226657	1.1857182
751005	4052	-0.2428469	1.2063271
751005	4053	-0.20138574	1.2457541
751005	4054	-0.2587266	1.3887408
751005	4055	-0.22603554	1.2844527
751005	4056	-0.20507634	1.2739395
751005	4057	-0.30885392	1.3190022
751005	4058	-0.22506118	1.1732786
751005	4059	-0.15627429	1.0381521
751005	4060	-0.41927743	1.5963237
751005	4061	-0.28041178	1.3024335
751005	4062	-0.2980945	1.3275214
751005	4063	-0.970108	2.2625873
751005	4064	0.2058518	0.69106174
751005	4065	-0.005530536	1.022713
751005	4066	-0.19608113	1.1802415
751005	4067	-0.31789196	1.3072633
751005	4068	1.4177544	1.196636
751005	4069	1.5485095	1.0447142
751005	4070	1.4346267	1.2538134
751005	4071	1.4120071	1.2732437
751005	4072	1.8703254	0.86624694
751005	4073	1.1720738	0.2602305
751005	4074	1.1510644	0.18144473
751005	4075	0.9915048	0.14499775
751005	4076	0.8949256	0.10713765
751005	4077	0.7828853	0.2140415
751005	4078	0.9324596	-0.11721945
751005	4079	0.88838804	-0.026310414
751005	4080	0.94296265	-0.1101765
751005	4081	0.51538205	0.43846098
751005	4082	0.2798869	0.5235232
751005	4083	0.78555214	0.13289896
751005	4084	0.63946795	0.31999895
751005	4085	0.8902091	0.13261524
751005	4086	0.65370893	0.4923791
751005	4087	2.2209773	-1.3843448
751005	4088	2.175949	0.09769276
751005	4089	1.6763796	0.8496616
751005	4090	1.6551381	0.8086475
751005	4091	1.7657179	0.6526059
751005	4092	1.0834447	1.6459098
751005	4093	1.5491096	1.0594082
751005	4094	2.395626	0.053717703
751005	4095	2.1357198	0.49122372
751005	4096	-0.09414071	1.6393967
751005	4097	-0.35322663	1.8526947
751005	4098	0.26098776	2.7428646
751005	4099	0.2231909	2.6412914
751005	4100	0.18282926	0.5250492
751005	4101	-0.00430274	1.017655
751005	4102	0.15152967	0.8155818
751005	4103	-0.3353816	1.3134024
751005	4104	1.7163497	0.3002436
751005	4105	1.9807733	0.32825598
751005	4106	2.1496902	0.3429419
751005	4107	2.124463	0.4662036
751005	4108	1.9797074	0.67190814
751005	4109	2.1161609	0.6519067
751005	4110	2.2372866	0.46400872
751005	4111	2.2825708	0.4574134
751005	4112	2.1513777	0.59530675
751005	4113	2.32377	0.43488154
751005	4114	2.2418046	0.59377193
751005	4115	2.2670612	0.5359622
751005	4116	2.2278285	0.58995736
751005	4117	2.1566663	0.6651602
751005	4118	2.0292478	0.752682
751005	4119	2.1074147	0.6761699
751005	4120	2.1268544	0.6759604
751005	4121	2.1570525	0.7199209
751005	4122	2.115117	0.7067956
751005	4123	2.185711	0.61506295
751005	4124	2.2409415	0.637828
751005	4125	2.2664428	0.6738709
751005	4126	2.0352964	0.7399813
751005	4127	1.6955148	1.2052399
751005	4128	0.98377085	1.644377
751005	4129	1.4192979	1.0240672
751005	4130	1.372574	1.2235638
751005	4131	1.2344359	1.3836313
751005	4132	1.1066631	1.5015718
751005	4133	1.0574974	1.574256
751005	4134	0.92675245	1.745909
751005	4135	0.87512195	1.8061781
751005	4136	0.3989483	2.50033
751005	4137	0.5911977	2.1139696
751005	4138	1.359603	1.2594563
751005	4139	1.3481865	-0.069339484
751005	4140	0.6610229	0.33973327
751005	4141	1.9915808	0.4341577
751005	4142	2.0064945	0.5461154
751005	4143	1.8476702	0.6328149
751005	4144	1.7847432	0.56599236
751005	4145	2.7049618	-0.28263223
751005	4146	0.6984974	0.307669
751005	4147	0.21569133	0.7523452
751005	4148	1.0324554	-0.29642612
751005	4149	0.8538368	-0.021346718
751005	4150	1.1778253	-0.42125952
751005	4151	1.1978449	-0.22512767
751005	4152	1.2102679	-0.23335077
751005	4153	1.6808978	-0.59390163
751005	4154	1.6756424	-0.5733045
751005	4155	1.5846311	1.1916531
751005	4156	1.5790995	1.2061133
751005	4157	1.5400008	1.285534
751005	4158	1.7836143	0.9525794
751005	4159	2.125966	0.65572274
751005	4160	2.1554508	0.6790247
751005	4161	2.0320024	0.8348923
751005	4162	1.949849	0.8656714
751005	4163	1.8657392	1.036684
751005	4164	1.5868658	1.28103
751005	4165	1.6832331	1.1324689
751005	4166	1.4887934	1.3924725
751005	4167	1.8181075	0.9159012
751005	4168	1.7175483	1.1123205
751005	4169	1.5338305	1.3866804
751005	4170	1.9186424	1.0520507
751005	4171	1.2645235	1.619564
751005	4172	1.3086057	1.5917776
751005	4173	0.938228	2.0988083
751005	4174	0.9521439	1.896158
751005	4175	1.3951156	1.4110276
751005	4176	1.293586	1.7057991
751005	4177	1.2735682	1.5346427
751005	4178	1.4533027	1.1763954
751005	4179	0.039538622	1.4693222
751005	4180	-0.24467614	1.6749425
751005	4181	-0.32086813	1.5477884
751005	4182	-0.28972203	1.5988522
751005	4183	-0.32106662	1.6218963
751005	4184	0.071282804	0.8357651
751005	4185	-0.27381176	1.6412058
751005	4186	0.0020977855	1.1382936
751005	4187	0.1492331	0.83421993
751005	4188	-0.269606	1.605061
751005	4189	-0.15911105	1.345052
751005	4190	-0.124082536	1.2486928
751005	4191	-0.1949322	1.4193718
751005	4192	-0.15435243	1.3191878
751005	4193	0.17104739	0.7770673
751005	4194	0.47680706	1.7261522
751005	4195	0.350412	2.1160007
751005	4196	0.28996903	2.1206365
751005	4197	0.30810773	2.1077187
751005	4198	0.5003747	1.8795547
751005	4199	0.45066166	2.2307482
751005	4200	0.47786772	2.128958
751005	4201	0.3593899	2.2994127
751005	4202	0.39711112	2.1947587
751005	4203	0.30252326	2.295597
751005	4204	0.2920047	2.4238217
751005	4205	0.14223027	2.6139104
751005	4206	-0.06897795	3.3470478
751005	4207	0.5775491	1.9920378
751005	4208	0.41264755	2.4535398
751005	4209	0.1922211	2.60864
751005	4210	0.41682804	2.5450087
751005	4211	0.14355272	2.6708877
751005	4212	0.2997774	2.674367
751005	4213	-0.029918194	0.7795744
751005	4214	0.45250696	0.4171318
751005	4215	0.2299962	0.5694698
751005	4216	-0.014637172	0.89886427
751005	4217	0.070822835	0.6550443
751005	4218	0.102989376	0.6707556
751005	4219	0.14488971	0.5196986
751005	4220	0.18710172	0.6890013
751005	4221	0.07429844	0.8206376
751005	4222	-0.09235138	1.0389436
751005	4223	0.50693	0.004763484
751005	4224	0.57508576	1.3355361
751005	4225	0.5955039	1.555376
751005	4226	0.5409777	1.5091085
751005	4227	0.5451257	1.5361284
751005	4228	0.57118106	1.5254403
751005	4229	0.84947944	1.2586242
751005	4230	0.5724652	1.538607
751005	4231	0.55048966	1.5333447
751005	4232	0.4943124	1.7976635
751005	4233	0.53230274	1.676049
751005	4234	0.33495653	2.0168598
751005	4235	0.36278832	2.0629377
751005	4236	0.374884	2.124671
751005	4237	0.4462304	1.8823855
751005	4238	0.49539244	1.8525465
751005	4239	0.3277452	2.158946
751005	4240	0.40058017	2.0025985
751005	4241	0.28662467	2.1903908
751005	4242	0.29602122	2.1802485
751005	4243	0.37983412	2.185949
751005	4244	0.31601655	2.1847453
751005	4245	0.41312099	2.2097857
751005	4246	0.3214345	2.2260065
751005	4247	0.4273349	2.2348123
751005	4248	0.33089477	2.2352824
751005	4249	0.4372226	2.2579863
751005	4250	0.44491655	2.029061
751005	4251	0.44681495	2.0623987
751005	4252	0.3639456	2.2737017
751005	4253	0.33737147	2.2134278
751005	4254	0.4525513	2.23796
751005	4255	0.3823272	2.2068777
751005	4256	0.48856443	2.2282906
751005	4257	0.47120035	2.046106
751005	4258	0.45276767	2.0946321
751005	4259	0.40957534	2.2510552
751005	4260	0.52783036	2.009231
751005	4261	0.2000171	2.4787977
751005	4262	0.36998665	2.1145954
751005	4263	0.21355128	2.2314832
751005	4264	0.38978392	2.1188686
751005	4265	-0.09405595	3.0005615
751005	4266	0.35452086	2.1319118
751005	4267	0.21806884	2.1956646
751005	4268	0.30735052	2.0798502
751005	4269	0.14958125	2.4376848
751005	4270	-0.33562386	3.2144296
751005	4271	0.57552075	1.831388
751005	4272	-0.1356822	2.9421217
751005	4273	0.78889215	1.6016278
751005	4274	1.3210992	0.98635995
751005	4275	0.17325729	2.377351
751005	4276	0.20086157	2.323552
751005	4277	1.0308808	1.2607827
751005	4278	0.10968351	2.487648
751005	4279	0.26067626	2.3224127
751005	4280	0.09860045	2.5881867
751005	4281	0.31948084	2.2027247
751005	4282	0.2576238	2.3068576
751005	4283	0.28046608	2.1626294
751005	4284	0.011954486	2.6530182
751005	4285	0.24229407	2.2480319
751005	4286	0.24471426	2.303023
751005	4287	0.2648903	2.2319713
751005	4288	0.11983621	2.5232427
751005	4289	0.31179583	2.174568
751005	4290	-0.3645121	3.4037914
751005	4291	1.0145642	1.358392
751005	4292	0.27178717	2.4859545
751005	4293	-0.24759698	3.163338
751005	4294	-0.024951667	1.5132267
751005	4295	0.2654183	0.7683252
751005	4296	-0.04490474	1.0658954
751005	4297	1.9382747	0.40100035
751005	4298	1.7073478	0.85106313
751005	4299	1.648995	0.9366678
751005	4300	1.4493239	1.2662871
751005	4301	1.4066298	1.1922057
751005	4302	1.3719686	1.2509732
751005	4303	1.2525069	1.4724699
751005	4304	1.3224106	1.2964022
751005	4305	2.28162	0.25918642
751005	4306	1.4735667	1.4524137
751005	4307	0.7257575	2.214438
751005	4308	0.86326647	1.8484547
751005	4309	1.7329289	0.7078804
751005	4310	1.5690576	1.1470317
751005	4311	1.2270557	1.6254432
751005	4312	1.2601894	1.5190995
751005	4313	1.5141269	1.2089891
751005	4314	1.3069851	1.4658809
751005	4315	1.4209698	1.3467718
751005	4316	1.6095141	1.0737948
751005	4317	1.6244744	1.3089095
751005	4318	1.7117833	1.0374539
751005	4319	2.1965814	0.5538788
751005	4320	1.584992	1.481255
751005	4321	1.5954224	1.4206542
751005	4322	2.212214	0.8322325
751005	4323	1.0745057	1.8104496
751005	4324	2.0859237	0.8175163
751005	4325	1.0770106	0.28568324
751005	4326	1.2316535	1.4777981
751005	4327	1.0727324	1.4947224
751005	4328	0.87598217	1.6641142
751005	4329	1.0013111	1.4490759
751005	4330	2.34768	0.20291105
751005	4331	2.6566582	0.06458297
751005	4332	2.8057709	-0.095605284
751005	4333	2.6456647	0.09335747
751005	4334	2.5429559	0.18611994
751005	4335	2.3213186	0.46866032
751005	4336	2.216978	0.34070483
751005	4337	0.08200425	0.9017048
751005	4338	0.01045531	0.7247858
751005	4339	0.09083128	0.6865305
751005	4340	0.16684312	0.5046394
751005	4341	0.27690458	0.35546985
751005	4342	0.23287165	0.38224468
751005	4343	-0.07719144	0.7332357
751005	4344	0.06866765	0.50640273
751005	4345	-0.029590905	0.61206424
751005	4346	0.14482236	0.3463513
751005	4347	0.068974435	0.47621492
751005	4348	0.13116854	0.33999506
751005	4349	0.109473586	0.3770446
751005	4350	-0.052989185	0.5988046
751005	4351	-0.08158898	0.6194271
751005	4352	0.08271605	0.39495513
751005	4353	-0.16693944	0.69904006
751005	4354	-0.18882722	0.81926656
751005	4355	-0.12963584	0.63180184
751005	4356	-0.15012985	0.66800237
751005	4357	-0.051948875	0.5182432
751005	4358	-0.19227824	0.9007766
751005	4359	-0.16509768	0.62969637
751005	4360	-0.12512618	0.5843599
751005	4361	-0.20953819	0.71362734
751005	4362	-0.041224003	0.44688085
751005	4363	1.8603712	0.5775465
751005	4364	1.572193	0.7189939
751005	4365	0.8886632	1.5821662
751005	4366	1.9789122	0.004674047
751005	4367	1.6423849	0.58071434
751005	4368	1.3616115	0.8527219
751005	4369	1.1441573	1.0744959
751005	4370	1.0531024	1.1755834
751005	4371	0.8827555	1.3248882
751005	4372	0.19133884	2.6822138
751005	4373	0.31664968	2.496556
751005	4374	0.5762161	2.0029016
751005	4375	0.99266183	1.5903578
751005	4376	0.6930957	1.8966572
751005	4377	0.50986457	2.131447
751005	4378	0.7792629	0.18061593
751005	4379	0.8740355	-0.18631956
751005	4380	0.55955577	0.2222937
751005	4381	0.5316665	0.15869907
751005	4382	2.034586	-0.24250105
751005	4383	2.300427	-0.21198143
751005	4384	2.3887625	-0.11687529
751005	4385	2.3877435	-0.0852336
751005	4386	2.2159743	0.12240502
751005	4387	1.8632749	0.58582175
751005	4388	1.285814	1.0170927
751005	4389	1.6486315	0.6344409
751005	4390	1.6863686	0.6403363
751005	4391	1.5629812	0.8204936
751005	4392	0.9954901	1.3831091
751005	4393	2.8211255	-0.5810519
751005	4394	2.7784786	0.04804471
751005	4395	2.41922	0.262942
751005	4396	2.2595005	0.33958855
751005	4397	1.9163965	0.6666616
751005	4398	1.985485	0.49176624
751005	4399	2.2656054	0.30416557
751005	4400	2.4309397	0.2310634
751005	4401	0.53377855	0.8626524
751005	4402	0.84464324	-0.5790673
751005	4403	0.88376915	-0.35739723
751005	4404	0.9111632	-0.3799683
751005	4405	0.6922958	-0.18368635
751005	4406	2.1759486	-0.37397364
751005	4407	2.577013	-0.5960771
751005	4408	3.2502298	-0.81234396
751005	4409	3.294417	-0.6461345
751005	4410	2.7959585	-0.31236196
751005	4411	2.739788	-0.30263042
751005	4412	2.7679567	-0.22507194
751005	4413	2.6548753	-0.25151092
751005	4414	2.8882508	-0.39428797
751005	4415	2.847414	-0.31095773
751005	4416	2.8239021	-0.22946258
751005	4417	2.614068	-0.15674713
751005	4418	2.5010061	-0.15858549
751005	4419	2.5395646	-0.0977104
751005	4420	2.5715504	-0.115071
751005	4421	2.621015	-0.12787592
751005	4422	2.218906	0.23962745
751005	4423	1.9634789	0.35187712
751005	4424	1.8683661	0.35958913
751005	4425	1.7865711	0.43425855
751005	4426	1.7468222	0.45304087
751005	4427	1.5900451	0.7204288
751005	4428	0.32782584	2.2616003
751005	4429	1.1238053	0.980456
751005	4430	1.1877717	1.0359559
751005	4431	1.1381935	1.095416
751005	4432	0.9630052	1.2426615
751005	4433	0.81531703	1.3815124
751005	4434	0.726514	1.485719
751005	4435	0.87477267	1.4033161
751005	4436	0.75615466	1.6434202
751005	4437	0.8296553	1.4159967
751005	4438	2.0288677	0.16262689
751005	4439	1.8956403	0.72266734
751005	4440	1.6671377	0.85515857
751005	4441	1.4746351	1.0142782
751005	4442	1.5626324	0.88256645
751005	4443	1.4801449	0.9957434
751005	4444	1.5027875	0.9818876
751005	4445	1.4827482	0.9751078
751005	4446	1.3659774	1.1310692
751005	4447	1.0555444	1.3720052
751005	4448	1.1431289	1.2039105
751005	4449	1.07996	1.2368693
751005	4450	1.0963858	1.3061582
751005	4451	0.9547807	1.5387019
751005	4452	1.2190548	1.0279697
751005	4453	1.3904775	1.0439128
751005	4454	1.564072	0.9254093
751005	4455	1.6357082	0.8451513
751005	4456	1.7510682	0.73218703
751005	4457	1.7403029	0.81522036
751005	4458	1.7430054	0.7871702
751005	4459	1.7386376	0.75905585
751005	4460	1.8270112	0.65855086
751005	4461	1.8033756	0.78266144
751005	4462	1.7832466	0.7512531
751005	4463	1.760789	0.753682
751005	4464	1.8787125	0.60868
751005	4465	0.62130463	1.4122537
751005	4466	0.5938405	1.5186412
751005	4467	0.62574947	1.4870062
751005	4468	0.50734365	1.6517687
751005	4469	0.56210554	1.6133683
751005	4470	0.62835634	1.5782688
751005	4471	0.45083827	0.42008677
751005	4472	0.08230698	0.54552436
751005	4473	-0.0024002194	0.6403756
751005	4474	-0.16939142	0.79851294
751005	4475	-0.29016173	0.85457647
751005	4476	-0.30157042	0.89804375
751005	4477	-0.26103523	0.877071
751005	4478	-0.66926104	1.4661165
751005	4479	1.540912	0.44637808
751005	4480	1.8338174	0.13414678
751005	4481	-0.07366794	1.123783
751005	4482	1.8858975	0.095776886
751005	4483	1.9930931	0.06639698
751005	4484	2.230062	-0.029164523
751005	4485	2.4139957	-0.04184407
751005	4486	2.3362293	0.10512355
751005	4487	3.3116302	-0.3915428
751005	4488	2.767521	-0.12952462
751005	4489	2.818047	-0.1794123
751005	4490	3.025679	-0.33425978
751005	4491	3.5188518	-0.5868202
751005	4492	0.9615698	-0.26010612
751005	4493	1.0536957	-0.84890985
751005	4494	1.2894425	-0.65529996
751005	4495	1.2256653	-0.63624805
751005	4496	0.81073475	-0.3462871
751005	4497	0.94042826	-0.5327075
751005	4498	1.2642672	0.7939354
751005	4499	1.1422043	0.80520344
751005	4500	1.3233441	0.66459143
751005	4501	1.2324839	0.7929826
751005	4502	1.3320163	0.43711963
751005	4503	1.2646686	0.58116555
751005	4504	1.2252594	0.57819533
751005	4505	0.9459704	1.0428888
751005	4506	0.827219	1.2688774
751005	4507	0.83023465	0.9661739
751005	4508	0.82261395	1.2600656
751005	4509	1.3834101	0.5535829
751005	4510	0.9337151	1.1592349
751005	4511	1.012399	1.1885111
751005	4512	1.1160359	1.0959367
751005	4513	1.296234	0.8004291
751005	4514	1.1994212	0.9891459
751005	4515	1.2670546	0.9426534
751005	4516	1.2727761	0.9665848
751005	4517	1.2926883	0.94915354
751005	4518	1.2957205	0.971666
751005	4519	1.2828726	0.9757296
751005	4520	1.3149192	0.836419
751005	4521	1.2615256	0.9511435
751005	4522	1.3396926	0.8705754
751005	4523	1.2128044	0.9728291
751005	4524	1.4977192	0.7967726
751005	4525	1.6023067	0.6289518
751005	4526	2.1409879	0.059054166
751005	4527	2.0552158	0.22137693
751005	4528	1.218669	1.2265726
751005	4529	1.1107324	1.0609347
751005	4530	1.1611578	0.8384868
751005	4531	0.681008	1.5449829
751005	4532	0.73096025	1.3486923
751005	4533	0.8995265	1.2090802
751005	4534	0.94887066	1.1918031
751005	4535	0.8346529	1.5252281
751005	4536	0.32329082	2.0272322
751005	4537	0.12623924	2.495846
751005	4538	0.28602326	2.0553133
751005	4539	0.1383183	2.276675
751005	4540	-0.15425256	2.5448084
751005	4541	-0.17122844	2.7132974
751005	4542	-0.14411572	2.640153
751005	4543	-0.19602343	2.5713089
751005	4544	-0.3136301	2.8054714
751005	4545	-0.29702324	0.6918161
751005	4546	-0.08521271	0.19266298
751005	4547	-0.27554417	0.66012263
751005	4548	1.7177261	-0.019059867
751005	4549	2.6097522	-0.54733646
751005	4550	1.9744145	0.19844791
751005	4551	0.3459943	1.6111372
751005	4552	0.38261658	1.847794
751005	4553	0.25339442	2.0129547
751005	4554	0.47836697	1.7124982
751005	4555	0.8707273	1.396438
751005	4556	-0.11701113	2.7246954
751005	4557	0.09409201	2.6996107
751005	4558	0.034155965	2.6264393
751005	4559	0.012913644	2.7346454
751005	4560	-0.047327965	2.7385676
751005	4561	-0.029906273	2.7682745
751005	4562	-0.029704839	2.684088
751005	4563	-0.06799632	2.7907705
751005	4564	4.9173832e-05	2.4563
751005	4565	-0.015082717	2.5862257
751005	4566	-0.032169342	2.7199383
751005	4567	-0.10003626	2.6986892
751005	4568	0.15928936	2.5821528
751005	4569	-0.11512923	2.7937548
751005	4570	0.08233553	2.7345574
751005	4571	-0.056021243	2.788473
751005	4572	0.17556715	2.6339355
751005	4573	-0.07526901	2.7420282
751005	4574	0.14741129	2.6976717
751005	4575	-0.006936133	0.73754823
751005	4576	0.00556314	0.7414677
751005	4577	0.36543614	0.4375119
751005	4578	0.40599495	0.2987769
751005	4579	0.22197115	2.1379302
751005	4580	0.17406619	2.1212673
751005	4581	0.15728438	2.100514
751005	4582	0.29014152	1.9627204
751005	4583	0.22248441	2.160985
751005	4584	0.3662125	1.8836014
751005	4585	0.38790798	1.9875731
751005	4586	0.9269153	1.4293238
751005	4587	0.9139074	1.4744442
751005	4588	0.9480752	1.5714562
751005	4589	1.121552	1.3259606
751005	4590	0.73882854	1.8197777
751005	4591	1.0193866	1.5307884
751005	4592	1.0628676	1.4121778
751005	4593	0.9601618	1.4865562
751005	4594	0.9482963	1.5663753
751005	4595	0.44733393	2.423995
751005	4596	0.76346004	1.9984713
751005	4597	1.5627807	0.766683
751005	4598	0.9481379	1.6990471
751005	4599	0.7846794	1.7463875
751005	4600	0.88138485	1.5449586
751005	4601	0.98074853	1.5521553
751005	4602	1.0602243	1.4625914
751005	4603	1.2970604	1.2585117
751005	4604	1.1283259	1.5393409
751005	4605	1.1441491	1.5232873
751005	4606	1.076649	1.5533409
751005	4607	1.1024507	1.5454836
751005	4608	0.9732591	1.7368333
751005	4609	1.0892642	1.5872948
751005	4610	1.0516813	1.6645238
751005	4611	1.0099839	1.5965071
751005	4612	1.1218737	1.4889835
751005	4613	1.0339891	1.6482582
751005	4614	1.1531583	1.5265354
751005	4615	1.2892061	1.3243836
751005	4616	1.3159672	1.1832542
751005	4617	1.5729097	0.9994807
751005	4618	0.8015779	1.9627652
751005	4619	1.1664492	1.521742
751005	4620	1.1502368	1.4226085
751005	4621	0.9954802	1.6288989
751005	4622	0.28718692	2.328645
751005	4623	0.10240835	2.7238643
751005	4624	0.06308532	2.7161865
751005	4625	0.03528285	2.6548774
751005	4626	0.0354349	2.6393666
751005	4627	0.039262414	2.6294162
751005	4628	-0.0023266077	2.7513747
751005	4629	-0.081341475	2.7159774
751005	4630	-0.28895205	3.1148074
751005	4631	0.09173274	0.6247542
751005	4632	0.10010338	0.3951849
751005	4633	2.3041935	-0.4627029
751005	4634	2.3498912	-0.10748488
751005	4635	2.008749	0.45356044
751005	4636	1.5571114	0.81554556
751005	4637	1.4494582	0.88825107
751005	4638	1.0131955	1.3398483
751005	4639	0.932165	1.58374
751005	4640	0.90036464	1.5085586
751005	4641	0.21007991	2.436482
751005	4642	2.3581576	-0.23342088
751005	4643	2.703579	0.036311477
751005	4644	1.8961986	0.7276932
751005	4645	0.49929667	2.1765244
751005	4646	1.643324	0.74665236
751005	4647	2.4195938	0.17136952
751005	4648	1.8944777	0.9573059
751005	4649	0.46392167	2.3255432
751005	4650	0.5544615	2.2325957
751005	4651	0.2681188	2.659267
751005	4652	-0.10691783	3.189698
751005	4653	-0.36971578	3.7111623
751005	4654	-0.34829128	3.7112615
751005	4655	-0.29312116	3.6329005
751005	4656	0.059799314	2.9678588
751005	4657	0.66428053	2.1398053
751005	4658	0.811841	1.9093575
751005	4659	0.9329443	1.7714431
751005	4660	0.78710175	1.9824426
751005	4661	1.1195301	1.5441592
751005	4662	1.1381114	1.5238751
751005	4663	1.2406144	1.4820036
751005	4664	1.2970927	1.3670743
751005	4665	1.3423785	1.3978374
751005	4666	1.2482893	1.5092188
751005	4667	1.602317	1.3615648
751005	4668	2.0099006	0.8816873
751005	4669	2.2112784	0.82289743
751005	4670	1.4734538	1.2994432
751005	4671	1.6899794	1.1132524
751005	4672	1.2182524	1.6575301
751005	4673	1.7973293	1.0071485
751005	4674	1.7479988	1.0555577
751005	4675	0.4723662	1.2422525
751005	4676	-0.09808338	1.5569701
751005	4677	0.42490566	2.6429389
751005	4678	0.2584508	2.7205205
751005	4679	0.36806655	2.4764974
751005	4680	0.10213131	2.7794402
751005	4681	0.16244149	2.7043524
751005	4682	0.32982057	2.4399495
751005	4683	0.63727	1.8192036
751005	4684	0.18052429	2.6769772
751005	4685	0.22184104	2.667051
751005	4686	0.27488077	2.5458648
751005	4687	0.16909498	2.8303738
751005	4688	0.48222512	0.27150252
751005	4689	0.74359775	0.18330595
751005	4690	0.7710737	-0.0175637
751005	4691	0.63737726	0.22676107
751005	4692	0.23890078	0.5444292
751005	4693	0.37415707	2.198672
751005	4694	0.87737215	-0.4916194
751005	4695	0.6120895	0.38779035
751005	4696	0.85547316	0.27303848
751005	4697	0.18791068	1.034794
751005	4698	0.22165263	0.84544635
751005	4699	0.2997473	0.6613705
751005	4700	0.39470136	0.5465505
751005	4701	0.49878418	0.53414464
751005	4702	0.48630482	0.54984224
751005	4703	0.3290199	0.6478412
751005	4704	0.33524323	0.6759145
751005	4705	0.41218168	0.5367347
751005	4706	0.3633961	0.53409934
751005	4707	0.45611143	0.45271847
751005	4708	0.44174498	0.5051538
751005	4709	0.4355557	0.5382452
751005	4710	0.120928705	0.8265091
751005	4711	0.08275604	0.8456465
751005	4712	0.37809873	0.4101334
751005	4713	0.36560577	0.61736536
751005	4714	0.33467424	0.6056216
751005	4715	0.11549258	0.79219425
751005	4716	0.5254029	0.37885812
751005	4717	0.20067495	0.8201977
751005	4718	-0.027047753	1.0400568
751005	4719	-0.7426803	2.0387478
751005	4720	-0.38335273	1.5993378
751005	4721	0.8459338	-0.12687156
751005	4722	0.5166967	0.72650826
751005	4723	-0.17463031	1.4860766
751005	4724	-0.0006941557	1.2004687
751005	4725	-0.17657259	1.3239998
751005	4726	0.19257373	0.8180649
751005	4727	0.084709466	1.1148065
751005	4728	-0.086179435	1.3084598
751005	4729	-0.009232849	1.1198142
751005	4730	0.0058165193	1.1344253
751005	4731	0.25252175	0.8548919
751005	4732	0.24873865	0.9847214
751005	4733	0.5850363	0.47903493
751005	4734	1.4649332	-0.3764398
751005	4735	1.4029561	-0.21137713
751005	4736	1.5854715	1.0689613
751005	4737	1.4546163	1.1615963
751005	4738	0.21749711	2.6810887
751005	4739	0.8800248	1.8707426
751005	4740	0.12687582	2.7794619
751005	4741	0.9109354	1.9042916
751005	4742	0.18849146	0.95606625
751005	4743	0.37247223	2.3547668
751005	4744	0.62478805	0.49992105
751005	4745	0.08636421	2.5830576
751005	4746	0.21365285	2.4100678
751005	4747	0.49707067	0.28120944
751005	4748	0.08488649	0.66584885
751005	4749	0.45529884	0.5903858
751005	4750	0.050433517	2.5255535
751005	4751	0.24311835	2.1573532
751005	4752	-0.17998627	2.6856942
751005	4753	-0.11806145	2.6219802
751005	4754	-0.4181116	3.1696312
751005	4755	0.36698902	0.14450642
751005	4756	0.6221607	0.0037360191
751005	4757	0.42427015	0.27065703
751005	4758	0.19623655	0.56784534
751005	4759	0.17082858	0.5038302
751005	4760	0.08603668	0.6998527
751005	4761	0.05689633	0.7331245
751005	4762	0.12540919	0.631125
751005	4763	0.034457445	0.8152745
751005	4764	2.0531063	0.14963815
751005	4765	1.7743281	0.5436369
751005	4766	2.4690285	0.13905147
751005	4767	2.6766262	0.06353566
751005	4768	2.7865748	-0.017942756
751005	4769	2.551404	0.2811198
751005	4770	2.5494304	0.22045001
751005	4771	2.647438	0.18414834
751005	4772	0.026398301	0.9543607
751005	4773	0.03934914	1.0031127
751005	4774	2.375445	-0.16878963
751005	4775	-0.17172462	1.5297209
751005	4776	-0.33825153	1.7237625
751005	4777	0.12541431	2.6796958
751005	4778	0.5184765	0.17093441
751005	4779	0.07877767	1.0312872
751005	4780	0.22141111	0.9299954
751005	4781	-0.033989042	0.9971845
751005	4782	0.2419616	0.664394
751005	4783	2.1838217	-0.11658907
751005	4784	-0.23231113	1.5872886
751005	4785	1.9253558	0.18812707
751005	4786	-0.37778866	2.0752065
751005	4787	-0.02896899	3.1903954
751005	4788	0.33954388	0.19607672
751005	4789	-0.051569372	1.1238424
751005	4790	-0.65280545	2.0055783
751005	4791	0.2904505	0.6281482
751005	4792	-0.21222141	1.3521758
751005	4793	-0.20674124	1.3317883
751005	4794	0.06554663	0.90296197
751005	4795	-0.5031013	1.6625774
751005	4796	-0.37885606	1.361011
751005	4797	-0.19029689	1.11944
751005	4798	-0.048841745	1.0897468
751005	4799	-0.120304644	1.1606996
751005	4800	0.009628594	1.001877
751005	4801	-0.08443937	1.1189419
751005	4802	-0.013647586	1.0628071
751005	4803	-0.5537062	1.7061455
751005	4804	0.50484896	0.25812003
751005	4805	0.007015109	1.1011908
751005	4806	-0.13044861	1.1254462
751005	4807	-0.1849899	1.1318058
751005	4808	-0.21346796	1.198328
751005	4809	-0.10753173	1.119789
751005	4810	0.08142698	0.8952179
751005	4811	0.27354515	0.9215944
751005	4812	1.1359524	-0.20522952
751005	4813	1.3253909	-0.17103267
751005	4814	1.3176507	-0.2743605
751005	4815	1.4977499	-0.40932015
751005	4816	1.1899064	1.5071558
751005	4817	0.76085854	2.0814948
751005	4818	0.4534608	2.5310714
751005	4819	0.5295383	2.4419065
751005	4820	0.52760875	2.425527
751005	4821	0.5267885	2.4885213
751005	4822	0.6110605	2.386052
751005	4823	0.576733	2.4351468
751005	4824	0.6046212	2.3914347
751005	4825	0.56056666	2.3394928
751005	4826	0.676329	2.2549412
751005	4827	1.0923879	1.6261041
751005	4828	1.2215365	1.4410782
751005	4829	1.0235462	1.5560496
751005	4830	0.88375413	1.6601713
751005	4831	0.83299637	1.6830707
751005	4832	0.8323976	1.6849091
751005	4833	1.2196541	1.1000011
751005	4834	1.4036973	0.97348845
751005	4835	1.2747667	1.3587716
751005	4836	1.8048581	0.73892033
751005	4837	1.9873043	0.65455043
751005	4838	1.3056506	1.5296433
751005	4839	1.2595241	1.3362126
751005	4840	1.1613503	1.5538785
751005	4841	1.0706758	1.6895304
751005	4842	0.89845145	1.9278502
751005	4843	0.92939186	1.8515346
751005	4844	0.88764477	1.8752828
751005	4845	0.8774984	1.8607295
751005	4846	0.8855138	1.7024941
751005	4847	0.86393654	1.7963128
751005	4848	1.1984874	1.3509936
751005	4849	0.7975787	1.6762826
751005	4850	1.1039579	1.3821816
751005	4851	1.0587919	1.4623133
751005	4852	0.9021001	1.5611203
751005	4853	0.8528067	1.7228229
751005	4854	0.8510289	1.6579769
751005	4855	1.1278164	1.492599
751005	4856	1.0554273	1.5142471
751005	4857	0.5983956	1.980964
751005	4858	0.10924053	2.4121048
751005	4859	0.3230484	2.0263398
751005	4860	0.72220933	1.3741075
751005	4861	1.5685276	0.43168083
751005	4862	0.4965757	1.7800791
751005	4863	1.1305218	1.2519445
751005	4864	0.5132785	0.54938626
751005	4865	0.4416203	0.41443768
751005	4866	0.62325764	0.1266239
751005	4867	0.35724336	0.38324752
751005	4868	0.06929356	0.7497437
751005	4869	0.5631372	-0.07262093
751005	4870	0.8504431	-0.19420293
751005	4871	1.0638698	-0.4439428
751005	4872	0.93716884	-0.25067195
751005	4873	0.81228244	-0.2626925
751005	4874	0.9002677	-0.3285123
751005	4875	0.8280523	-0.22684726
751005	4876	1.1105219	-0.3576005
751005	4877	0.93366504	-0.2593451
751005	4878	1.6922272	-0.77970076
751005	4879	1.6556705	-0.73830926
751005	4880	2.100618	-0.9162472
751005	4881	1.4864264	0.8334751
751005	4882	1.747955	0.6399087
751005	4883	1.8782903	0.49369892
751005	4884	1.3607403	1.2212892
751005	4885	1.3560731	1.1325545
751005	4886	0.82381225	1.7967823
751005	4887	1.7935964	0.4341373
751005	4888	1.2569922	1.2368097
751005	4889	0.5153048	2.190661
751005	4890	0.6117985	1.9168696
751005	4891	0.5926496	1.8977113
751005	4892	1.1583023	-0.27739987
751005	4893	1.4261667	-0.5833699
751005	4894	1.5156983	-0.58648366
751005	4895	1.1766231	-0.51480085
751005	4896	1.1954932	-0.57274926
751005	4897	1.4948181	-0.73866785
751005	4898	1.493436	-0.7570475
751005	4899	1.6372148	-0.87929535
751005	4900	1.5913051	-0.7901485
751005	4901	1.57467	-0.75477564
751005	4902	1.6680883	-0.7303642
751005	4903	1.2567477	-0.51240873
751005	4904	1.6821252	-0.8003316
751005	4905	1.6214536	-0.78665054
751005	4906	1.2839017	-0.49499932
751005	4907	1.723322	-0.83438724
751005	4908	0.7057291	0.0021940768
751005	4909	1.5745791	-0.9012648
751005	4910	1.3309261	-0.5216967
751005	4911	1.1240679	-0.42291296
751005	4912	1.4947029	-0.73341995
751005	4913	1.7177047	-0.83513683
751005	4914	1.7447563	-0.807621
751005	4915	1.8023773	-0.8493762
751005	4916	1.6554631	-0.6577163
751005	4917	1.600896	-0.71236354
751005	4918	1.3461032	0.42560813
751005	4919	1.2622974	0.775965
751005	4920	1.1573071	0.85059774
751005	4921	1.1651248	0.8002236
751005	4922	1.1258129	0.8510903
751005	4923	1.1258061	0.8897282
751005	4924	1.6432649	0.47565797
751005	4925	1.8104693	0.37195715
751005	4926	1.6609854	0.63362193
751005	4927	1.7522331	0.4663801
751005	4928	1.7483107	0.4527571
751005	4929	1.7207807	0.46205541
751005	4930	1.6977326	0.46186396
751005	4931	1.6224223	0.5223386
751005	4932	1.2653955	0.9471594
751005	4933	1.3121988	0.85993946
751005	4934	1.6520883	0.6271359
751005	4935	1.7335638	0.40315637
751005	4936	0.8757076	1.3109269
751005	4937	0.46034425	1.7205844
751005	4938	0.72153366	1.436176
751005	4939	1.1591352	0.95549774
751005	4940	0.020548522	2.3922474
751005	4941	0.8539951	1.3658816
751005	4942	1.1489218	0.9244317
751005	4943	1.3367631	0.8323233
751005	4944	1.0254908	1.2203088
751005	4945	1.1546457	1.0640415
751005	4946	1.2828615	1.0501552
751005	4947	1.2200533	1.1139388
751005	4948	1.0830567	1.294418
751005	4949	0.94487894	1.4614823
751005	4950	1.1482283	1.0466365
751005	4951	1.0625678	1.144285
751005	4952	1.0494838	1.2193638
751005	4953	1.1782955	1.1218425
751005	4954	1.205739	1.140257
751005	4955	1.191539	1.184043
751005	4956	1.4210297	1.0176479
751005	4957	1.2874188	1.1464069
751005	4958	1.0546297	1.3649333
751005	4959	0.32202464	0.713534
751005	4960	0.7532364	-0.32147363
751005	4961	0.85916054	-0.18741891
751005	4962	1.7896136	0.14390746
751005	4963	1.4635688	0.48897544
751005	4964	1.4423267	0.57106113
751005	4965	1.4854962	0.45822206
751005	4966	0.50185573	0.30990836
751005	4967	0.064952075	0.87874424
751005	4968	0.18775463	0.5310985
751005	4969	0.7687776	-0.099809796
751005	4970	-0.4832454	1.5726018
751005	4971	-0.4075893	1.5116593
751005	4972	-0.14406428	0.9319737
751005	4973	0.1884892	2.2850158
751005	4974	-0.078540236	2.4480789
751005	4975	0.2795899	-0.1848757
751005	4976	0.44572037	0.050504774
751005	4977	0.45847362	0.04208979
751005	4978	0.36712718	0.2069858
751005	4979	0.49205863	0.047835737
751005	4980	-0.0010450482	0.7257651
751005	4981	-0.104025185	0.6270368
751005	4982	0.093393266	0.48329702
751005	4983	0.45606077	0.093559295
751005	4984	0.10174441	1.9822047
751005	4985	-0.0708887	2.3250763
751005	4986	-0.17038852	2.4093504
751005	4987	-0.0967893	2.3845541
751005	4988	-0.24391907	2.7536433
751005	4989	-0.2651475	2.6151786
751005	4990	-0.401039	2.9159384
751005	4991	-0.42883727	2.8783379
751005	4992	-0.35627204	2.775147
751005	4993	-0.43894866	2.905496
751005	4994	-0.58004695	3.2865238
751005	4995	0.32147634	1.9087441
751005	4996	0.104203165	2.290926
751005	4997	0.20025307	2.1434188
751005	4998	0.6103208	1.6354454
751005	4999	0.49184155	1.6354783
751005	5000	-0.29980302	1.3059665
751005	5001	0.132613	0.23286834
751005	5002	1.4803504	0.3138635
751005	5003	-0.19435325	1.1178722
751005	5004	-0.27570233	0.9346492
751005	5005	0.08369267	2.2117739
751005	5006	-0.25377107	2.8080716
751005	5007	0.07712388	0.22210917
751005	5008	0.28138006	0.1330997
751005	5009	1.7382783	-0.12042314
751005	5010	-0.12648425	0.9424244
751005	5011	-0.08839059	0.84556925
751005	5012	0.26892436	0.412411
751005	5013	0.20065731	0.7112298
751005	5014	-0.005749047	0.8373723
751005	5015	0.1020298	0.792305
751005	5016	0.09818554	0.9194727
751005	5017	-0.5234832	1.5809414
751005	5018	2.0237298	0.042508453
751005	5019	2.0453873	0.15658513
751005	5020	3.2033377	-0.5519519
751005	5021	3.3065767	-0.3625021
751005	5022	0.6152824	0.65113103
751005	5023	0.21602309	0.6899812
751005	5024	0.26206553	0.7773088
751005	5025	0.21763259	0.67256594
751005	5026	0.20876402	0.6357584
751005	5027	0.17509037	0.76146257
751005	5028	0.100842	0.79799294
751005	5029	0.12680215	0.74743235
751005	5030	0.064293504	0.802385
751005	5031	0.13374454	0.67806387
751005	5032	0.17184085	0.57658374
751005	5033	0.15359497	0.7310617
751005	5034	0.08506346	0.77921903
751005	5035	-0.024098784	0.89336574
751005	5036	0.78713024	-0.11648685
751005	5037	0.7954447	-0.077536136
751005	5038	0.05727601	0.9333745
751005	5039	0.08912504	0.735173
751005	5040	0.14777452	0.61665833
751005	5041	0.40777695	0.29076484
751005	5042	0.35228556	0.36939374
751005	5043	0.33226842	0.33572224
751005	5044	0.75533855	1.4732671
751005	5045	0.6981125	1.7311196
751005	5046	0.44157928	0.18758371
751005	5047	0.36874896	0.20455024
751005	5048	0.7483332	0.12584266
751005	5049	0.48649234	0.36630586
751005	5050	0.2271145	0.65431905
751005	5051	0.24747646	0.5661206
751005	5052	0.3382116	0.48663005
751005	5053	0.22877145	0.6386901
751005	5054	0.06280762	0.82776666
751005	5055	0.10190469	0.700529
751005	5056	0.06595194	0.8030695
751005	5057	0.02334851	0.81753004
751005	5058	0.7613473	-0.20308447
751005	5059	0.8886794	-0.19491112
751005	5060	0.6854696	1.6153631
751005	5061	0.5535172	1.8301568
751005	5062	-0.13938212	2.7853734
751005	5063	0.13387531	2.4094832
751005	5064	0.11043	2.6329708
751005	5065	1.0195138	1.3803891
751005	5066	0.6643857	2.0049078
751005	5067	0.6199492	1.9882834
751005	5068	0.43389702	2.4055612
751005	5069	0.91869986	-0.42225152
751005	5070	0.9546554	-0.19114348
751005	5071	0.84004164	-0.07818699
751005	5072	0.8552282	-0.045594335
751005	5073	0.7642844	0.036492914
751005	5074	0.6942768	0.10306421
751005	5075	0.61528194	0.1909469
751005	5076	0.5007013	0.21832183
751005	5077	0.74596655	0.07015237
751005	5078	1.0075095	-0.4189219
751005	5079	0.30084914	0.38702664
751005	5080	0.7059288	-0.14425844
751005	5081	0.7994591	-0.112360835
751005	5082	1.2517681	-0.48877046
751005	5083	0.97121346	-0.18026105
751005	5084	0.7908852	-0.0624969
751005	5085	0.86332726	-0.19768563
751005	5086	0.8062837	-0.08471131
751005	5087	0.6417413	0.07994345
751005	5088	0.5764016	0.2598491
751005	5089	0.8957554	-0.10971534
751005	5090	0.8367952	1.3207368
751005	5091	0.80043185	1.4768579
751005	5092	0.5126871	1.8197777
751005	5093	0.31002152	2.093883
751005	5094	0.52419806	1.8874216
751005	5095	0.77421165	1.6271453
751005	5096	0.5508537	2.0584474
751005	5097	0.55414474	1.97066
751005	5098	0.5745293	1.90524
751005	5099	0.6095035	1.8924375
751005	5100	0.55226326	1.7813213
751005	5101	1.1298751	-0.4616806
751005	5102	0.88923347	-0.23065765
751005	5103	2.2288413	-0.21394138
751005	5104	2.1867065	-0.057897806
751005	5105	2.167581	0.06226501
751005	5106	0.15334469	0.7796935
751005	5107	-0.15928912	1.0233036
751005	5108	0.42988545	0.42140505
751005	5109	0.027679145	0.952294
751005	5110	0.29056877	0.5696863
751005	5111	0.37782937	0.33662584
751005	5112	0.41304547	0.39247134
751005	5113	0.3802098	0.49222502
751005	5114	0.3604355	0.5059134
751005	5115	-0.09910834	1.0034578
751005	5116	0.90780973	-0.18110842
751005	5117	0.563586	0.40314266
751005	5118	0.46139044	2.0001068
751005	5119	0.15547973	2.3374429
751005	5120	0.062216997	2.3193076
751005	5121	0.11501175	2.2951233
751005	5122	0.19641817	2.2303212
751005	5123	0.18082678	2.2913806
751005	5124	-0.15246433	2.8416138
751005	5125	0.61857927	-0.22839797
751005	5126	0.7838533	-0.15019366
751005	5127	0.9645735	-0.45972934
751005	5128	0.35359424	0.21888104
751005	5129	0.8272047	-0.40092072
751005	5130	0.29800802	0.2328876
751005	5131	0.1942203	0.4398938
751005	5132	0.30183154	0.21202692
751005	5133	0.34248412	0.1987141
751005	5134	0.26697546	0.31547835
751005	5135	0.27478355	0.31228253
751005	5136	0.17973524	0.44065902
751005	5137	0.29120636	0.38181284
751005	5138	0.28132117	0.41923657
751005	5139	0.93828356	1.2126843
751005	5140	0.801213	1.319423
751005	5141	0.43890774	1.8501747
751005	5142	-0.18430561	2.650792
751005	5143	0.14460033	2.2642822
751005	5144	0.5136956	0.05086878
751005	5145	0.37619954	0.44053254
751005	5146	1.4788755	-0.7661513
751005	5147	0.87820864	-0.048891008
751005	5148	0.70229566	0.19033507
751005	5149	0.5160365	0.30496857
751005	5150	0.40042722	0.37685975
751005	5151	0.97710097	1.3933028
751005	5152	0.7278091	1.4734051
751005	5153	0.61055255	1.4754169
751005	5154	-0.25754562	2.919432
751005	5155	0.12092948	2.4519665
751005	5156	0.7247107	1.4589447
751005	5157	0.6098224	1.8019629
751005	5158	0.5200628	1.8769107
751005	5159	0.5339643	1.8331292
751005	5160	0.74855125	1.6525447
751005	5161	0.43636805	2.215868
751005	5162	0.6412916	1.9177017
751005	5163	0.5835191	1.8680751
751005	5164	1.3606604	0.8929243
751005	5165	1.4469013	0.6488557
751005	5166	0.37697083	2.0761464
751005	5167	0.5881574	1.763406
751005	5168	0.5690235	1.8495309
751005	5169	0.5382521	1.8305411
751005	5170	0.5707984	1.8475916
751005	5171	0.56552744	1.8916812
751005	5172	0.15719765	2.4398377
751005	5173	0.8670856	1.4302509
751005	5174	0.4617741	2.14333
751005	5175	0.2266776	2.266146
751005	5176	0.43599087	1.9654913
751005	5177	0.10270125	2.4185965
751005	5178	0.80264866	1.5958881
751005	5179	0.5771618	1.9680147
751005	5180	0.38990295	2.15218
751005	5181	0.62189555	0.35101262
751005	5182	0.6157054	0.15097901
751005	5183	0.510103	0.18468955
751005	5184	0.38765347	0.28335193
751005	5185	1.6113578	0.22599557
751005	5186	0.047994852	1.0750436
751005	5187	-0.04270795	0.89838064
751005	5188	0.03169799	0.9616151
751005	5189	0.1785664	0.6035298
751005	5190	0.37788838	1.5132949
751005	5191	0.37997627	1.7241113
751005	5192	0.15110832	1.95386
751005	5193	0.15866655	1.9390976
751005	5194	0.14810324	1.988857
751005	5195	0.12242967	2.0158825
751005	5196	-0.07243678	2.3541114
751005	5197	0.053151667	2.2144687
751005	5198	-0.0826692	2.2744348
751005	5199	-0.06023428	2.182804
751005	5200	0.022338212	2.1568651
751005	5201	0.0013534427	2.1480834
751005	5202	-0.018095374	2.2154865
751005	5203	0.30865264	1.8362622
751005	5204	-0.23706791	2.7698257
751005	5205	0.66655195	1.3678329
751005	5206	0.21850002	0.6423552
751005	5207	0.10944581	0.25914165
751005	5208	1.0626725	-0.6449631
751005	5209	0.377307	0.16746488
751005	5210	0.22201908	0.34764966
751005	5211	0.102758765	0.47353742
751005	5212	-0.0031135082	0.36708418
751005	5213	0.17291951	1.6931858
751005	5214	0.12740505	1.792409
751005	5215	0.026492476	1.869447
751005	5216	0.32018238	1.5435052
751005	5217	0.17313898	1.8433828
751005	5218	-0.0068305135	2.2071316
751005	5219	0.180282	1.8850627
751005	5220	0.21358794	1.8659105
751005	5221	0.13084543	2.061509
751005	5222	0.110809684	2.1379166
751005	5223	0.13887465	2.1234493
751005	5224	0.48625475	1.7779448
751005	5225	1.1387447	1.0942587
751005	5226	1.4014964	0.91521347
751005	5227	1.2712845	1.0462977
751005	5228	1.3918158	0.73949337
751005	5229	1.5505179	0.47610554
751005	5230	1.8541104	0.28021947
751005	5231	1.6344513	0.5043191
751005	5232	2.2419133	0.021074086
751005	5233	2.0495396	0.40208796
751005	5234	2.168992	0.08393338
751005	5235	2.267373	0.16985759
751005	5236	1.5090998	1.0272125
751005	5237	1.8539253	0.38681963
751005	5238	2.1029363	0.24910054
751005	5239	2.095223	0.3408368
751005	5240	1.8404657	0.60812926
751005	5241	1.8099018	0.65358746
751005	5242	2.213975	0.2563438
751005	5243	2.6810956	-0.01369828
751005	5244	2.3422027	0.37530372
751005	5245	2.1925344	0.4742684
751005	5246	2.2702317	0.30380747
751005	5247	2.1467996	0.48880658
751005	5248	2.2093725	0.325978
751005	5249	2.126689	0.46915957
751005	5250	0.50183	0.5283656
751005	5251	0.61992025	1.857578
751005	5252	0.7244922	-0.16939867
751005	5253	0.29249477	0.46891364
751005	5254	0.17031085	0.5531434
751005	5255	0.089269996	0.5003464
751005	5256	0.017582238	0.77102876
751005	5257	-0.059343398	0.6848111
751005	5258	-0.07771292	0.6474718
751005	5259	-0.14185396	1.1816317
751005	5260	1.8734101	0.15499982
751005	5261	1.8097278	0.5764948
751005	5262	1.8975087	0.4293529
751005	5263	2.0169306	0.27605298
751005	5264	1.9278253	0.5167719
751005	5265	2.0040236	0.4456866
751005	5266	1.9636968	0.5098443
751005	5267	2.0190763	0.45892784
751005	5268	2.0686526	0.43029007
751005	5269	1.977822	0.53702545
751005	5270	2.718916	-0.16549987
751005	5271	2.6699119	0.17339197
751005	5272	3.0064611	-0.25688922
751005	5273	3.006762	-0.14629763
751005	5274	2.6325788	0.17774037
751005	5275	2.3399825	0.37328544
751005	5276	2.3079739	0.36130503
751005	5277	2.2849073	0.24849895
751005	5278	0.7159581	1.2972008
751005	5279	0.77524817	1.7340188
751005	5280	0.5533489	1.9315872
751005	5281	0.41641778	2.1041815
751005	5282	0.3414119	2.1613321
751005	5283	-0.1688576	1.4742855
751005	5284	2.1037574	0.18529996
751005	5285	2.1355486	0.2937875
751005	5286	1.6595763	0.66953063
751005	5287	1.7963101	0.3784137
751005	5288	2.7230873	-0.34837896
751005	5289	2.318602	0.1604555
751005	5290	2.0957756	0.36157194
751005	5291	2.076394	0.28468332
751005	5292	1.0148906	1.3964459
751005	5293	2.4873567	-0.25557372
751005	5294	2.2921524	0.25176886
751005	5295	2.140462	0.40633467
751005	5296	2.0997162	0.3383076
751005	5297	1.5896455	0.7961197
751005	5298	0.98792326	1.4097841
751005	5299	1.1599009	1.0383706
751005	5300	1.247754	0.94646037
751005	5301	1.2716643	0.9419683
751005	5302	0.91457117	1.3843862
751005	5303	0.90640366	1.3384756
751005	5304	0.85385704	1.4099398
751005	5305	0.557587	1.9251909
751005	5306	0.44752038	1.8831608
751005	5307	0.4610784	1.8925817
751005	5308	0.41339254	2.0754447
751005	5309	0.3477344	2.1310143
751005	5310	0.42304862	1.9618189
751005	5311	0.40289414	2.0298593
751005	5312	0.28585213	2.2040584
751005	5313	0.20517248	2.1673956
751005	5314	0.16879278	2.3505316
751005	5315	0.18880361	2.1877327
751005	5316	0.19805598	2.2653165
751005	5317	0.14974517	2.474436
751005	5318	0.04433334	2.5847483
751005	5319	0.048787415	2.4552336
751005	5320	0.21351743	2.410483
751005	5321	0.040629625	2.749568
751005	5322	0.09519225	2.5560567
751005	5323	0.0009976029	2.7056477
751005	5324	0.0013368726	2.6899834
751005	5325	0.10398549	2.5184572
751005	5326	0.11842024	2.5891087
751005	5327	-0.37762168	3.3221107
751005	5328	-0.33514163	3.275021
751005	5329	-0.284788	3.1282027
751005	5330	-0.27954036	3.0898125
751005	5331	0.07076013	2.5060449
751005	5332	-0.2198613	2.918518
751005	5333	0.012068808	2.629966
751005	5334	0.091905	2.4118743
751005	5335	-0.035615623	2.7676046
751005	5336	-0.07953352	2.8001611
751005	5337	-0.18210897	2.9632463
751005	5338	-0.05633363	2.7568889
751005	5339	0.7107041	1.7761927
751005	5340	-0.22463888	3.0467217
751005	5341	0.14466178	2.624025
751005	5342	-0.30595466	3.187848
751005	5343	-0.102324754	2.8036823
751005	5344	0.81593287	1.6109412
751005	5345	0.40614522	2.3837264
751005	5346	0.16099697	2.6731062
751005	5347	-0.06001246	2.85538
751005	5348	-0.18728328	2.9688015
751005	5349	-0.21255428	2.9537246
751005	5350	-0.2731336	3.0485828
751005	5351	-0.5218258	3.475143
751005	5352	0.15945673	2.4397998
751005	5353	0.046577036	2.500577
751005	5354	-0.207199	2.933811
751005	5355	-0.21811822	2.9528215
751005	5356	-0.20277116	2.8290021
751005	5357	-0.2192074	2.883903
751005	5358	-0.09200901	2.7888875
751005	5359	-0.11566594	2.7772734
751005	5360	-0.18193793	2.881213
751005	5361	-0.56344676	3.5170944
751005	5362	0.14007246	2.445119
751005	5363	-0.13385364	2.8917305
751005	5364	-0.5599088	3.6280715
751005	5365	0.16126907	2.5322871
751005	5366	-0.15096763	2.9660876
751005	5367	-0.48419976	3.4323864
751005	5368	0.12854624	2.4222167
751005	5369	-0.18205446	2.9385846
751005	5370	-0.28124452	3.0128803
751005	5371	-0.22039065	2.951336
751005	5372	-0.26007718	3.0446296
751005	5373	-0.25324476	3.0651062
751005	5374	-0.18410486	2.9579349
751005	5375	-0.24628288	3.0728679
751005	5376	-0.50521356	3.5216255
751005	5377	0.16931605	2.4947338
751005	5378	-0.35571855	3.36323
751005	5379	0.056948006	2.6575055
751005	5380	-0.38913068	3.3956752
751005	5381	0.040884197	2.6628864
751005	5382	-0.19907	3.0318522
751005	5383	-0.2973038	3.0532916
751005	5384	-0.27878016	3.0882742
751005	5385	-0.31146818	3.121919
751005	5386	-0.34675032	3.2723954
751005	5387	-0.3018707	3.2119763
751005	5388	-0.37574157	3.3487158
751005	5389	-0.4213823	3.294482
751005	5390	-0.41710654	3.3724554
751005	5391	-0.48504084	3.4565806
751005	5392	-0.43609065	3.4559321
751005	5393	-0.5177397	3.3700829
751005	5394	-0.53496826	3.5950463
751005	5395	-0.51873314	3.566818
751005	5396	-0.5535588	3.621722
751005	5397	-0.5578942	3.5276642
751005	5398	-0.62207353	3.6500852
751005	5399	-0.5878077	3.5904157
751005	5400	-0.66359615	3.6048949
751005	5401	-0.5968278	3.5514448
751005	5402	-0.5259856	3.5557182
751005	5403	-0.6346922	3.5214152
751005	5404	-0.54997474	3.2540572
751005	5405	-0.58295196	3.405148
751005	5406	-0.61981213	3.3771167
751005	5407	-0.62133425	3.3298256
751005	5408	-0.8476534	2.5890043
751005	5409	-0.65073496	1.7237122
751005	5410	1.4118205	0.88113284
751005	5411	1.3985916	1.0354191
751005	5412	1.5122935	0.95470655
751005	5413	2.396504	0.27874467
751005	5414	2.41955	0.49571165
751005	5415	2.407578	0.51193273
751005	5416	2.4396272	0.51988816
751005	5417	1.6654552	1.1445525
751005	5418	3.1881833	-0.29947472
751005	5419	0.72612596	0.42666033
751005	5420	0.3026142	0.66972876
751005	5421	0.6765809	1.6541688
751005	5422	0.6612334	1.6609282
751005	5423	0.06376004	2.722586
751005	5424	0.2179839	2.7091966
751005	5425	-0.22342354	0.9541483
751005	5426	-0.08866766	0.926242
751005	5427	-0.34153694	1.6646607
751005	5428	0.45399565	0.26333925
751005	5429	0.21176255	0.5988947
751005	5430	0.0640676	0.8787316
751005	5431	0.031804264	0.8003423
751005	5432	0.012497544	0.91949725
751005	5433	-0.023511201	0.82469857
751005	5434	-0.2555203	1.1367761
751005	5435	-0.31930417	1.2220311
751005	5436	0.19819617	0.4201062
751005	5437	-0.12660426	1.0161961
751005	5438	-0.06827968	0.9052279
751005	5439	-0.29132923	1.1146834
751005	5440	-0.57106286	1.6056933
751005	5441	-0.12337071	0.7658918
751005	5442	-0.018811166	0.6405115
751005	5443	-0.07081157	0.8945646
751005	5444	-0.12979949	1.0271257
751005	5445	-0.307173	1.198656
751005	5446	-0.63367313	1.6394062
751005	5447	0.16861242	0.50976133
751005	5448	-0.123393506	1.1057613
751005	5449	-0.097335875	0.91880167
751005	5450	-0.36051923	1.6375854
751005	5451	-0.7813542	2.0547264
751005	5452	0.05745393	0.80534744
751005	5453	0.114871144	1.0161293
751005	5454	-0.4213481	1.6591167
751005	5455	-0.3572654	1.3581821
751005	5456	-0.25871265	1.2239563
751005	5457	-0.26803955	1.3067733
751005	5458	-0.14333242	1.0558127
751005	5459	-0.09946051	0.9790151
751005	5460	-0.10869816	0.99482703
751005	5461	-0.5521202	1.5727983
751005	5462	0.34997344	0.16688976
751005	5463	0.091326416	0.81580234
751005	5464	-0.03675449	0.90842664
751005	5465	0.36284256	0.30440786
751005	5466	-0.49998268	1.4668548
751005	5467	0.42529386	0.21351764
751005	5468	0.08305943	0.90304446
751005	5469	-0.08476493	1.0584823
751005	5470	0.5450337	0.15905944
751005	5471	0.08404797	0.6602483
751005	5472	0.09276199	0.74605846
751005	5473	0.5561619	0.27014813
751005	5474	-0.056420565	1.0271889
751005	5475	0.08770263	0.7553177
751005	5476	0.4035306	2.1772618
751005	5477	0.029361427	2.6404905
751005	5478	-0.28466088	3.02679
751005	5479	-0.19029865	2.8871038
751005	5480	-0.40240908	3.388808
751005	5481	0.17231226	2.499642
751005	5482	-0.0018233061	2.9169562
751005	5483	-0.39500487	3.5376866
751005	5484	0.29990774	2.4423685
751005	5485	0.67801297	2.121202
751005	5486	-0.115927756	2.9510653
751005	5487	0.06563437	2.8541179
751005	5488	-0.10832277	3.077387
751005	5489	-0.03945583	2.9845579
751005	5490	-0.4319976	3.5689814
751005	5491	0.4437083	2.2592092
751005	5492	-0.2785077	3.4451146
751005	5493	0.38328624	2.3623238
751005	5494	0.16151023	2.9565237
751005	5495	-0.1915907	3.2898118
751005	5496	-0.32790643	3.4581614
751005	5497	0.2859465	2.530299
751005	5498	-0.10637352	3.0042434
751005	5499	-0.030284494	3.0745487
751005	5500	0.13598096	2.85696
751005	5501	0.078299224	2.9765
751005	5502	-0.3219022	3.5088365
751005	5503	0.5367266	2.3024158
751005	5504	0.2516569	2.857329
751005	5505	0.12112588	2.7977111
751005	5506	-0.023258239	3.1700554
751005	5507	0.051010787	2.882232
751005	5508	0.2481547	2.5835466
751005	5509	0.107902765	2.7581515
751005	5510	0.02045697	2.8633032
751005	5511	0.14631206	2.6693223
751005	5512	-0.14786988	1.2290257
751005	5513	-0.12882957	0.535434
751005	5514	1.1193492	-0.53667456
751005	5515	0.23207295	0.469928
751005	5516	0.079122186	0.5949724
751005	5517	0.13438636	0.3995035
751005	5518	-0.029013753	0.6389011
751005	5519	0.104303956	0.38579586
751005	5520	0.1164062	0.43437824
751005	5521	0.13997853	0.39975485
751005	5522	0.2723481	0.3250589
751005	5523	0.29536968	0.18821177
751005	5524	0.22238368	0.41658106
751005	5525	0.33390456	0.13845566
751005	5526	0.6912167	-0.26273483
751005	5527	0.68473566	-0.09820297
751005	5528	0.824195	-0.27168137
751005	5529	0.76251554	1.4970856
751005	5530	0.57526517	1.7657003
751005	5531	0.5617027	1.6219721
751005	5532	0.5536034	1.6803048
751005	5533	0.89212334	1.2352804
751005	5534	0.512552	1.8661706
751005	5535	0.44521153	2.1335862
751005	5536	0.36225426	2.1971002
751005	5537	-0.008874387	2.8027484
751005	5538	0.7549063	1.5107317
751005	5539	0.5499679	2.1342142
751005	5540	-0.027918369	2.8926885
751005	5541	0.1013785	2.4621458
751005	5542	0.122502506	2.3189816
751005	5543	0.49780393	1.791352
751005	5544	0.058230817	2.7267914
751005	5545	0.5418923	1.8878496
751005	5546	0.07489592	2.7198434
751005	5547	0.7951194	1.6826026
751005	5548	-0.05444026	2.7385175
751005	5549	0.54829407	1.8972051
751005	5550	0.09181768	2.7018468
751005	5551	0.6871679	1.8003018
751005	5552	0.14430648	2.3533962
751005	5553	0.14299619	2.459223
751005	5554	-0.043960035	2.777033
751005	5555	0.43805563	1.9926057
751005	5556	0.37138337	2.2800298
751005	5557	-0.12437856	2.9453378
751005	5558	0.50937676	1.9662948
751005	5559	0.39611548	2.298126
751005	5560	0.058745205	2.6012552
751005	5561	0.24274915	2.3543031
751005	5562	0.13861513	2.3030684
751005	5563	0.28681278	2.146305
751005	5564	1.0405537	1.2922164
751005	5565	1.8346046	0.2975981
751005	5566	1.738576	0.46256575
751005	5567	1.598672	0.6292287
751005	5568	0.6508813	1.758817
751005	5569	0.66073704	1.827471
751005	5570	0.6325134	1.8767452
751005	5571	1.1609427	1.2811468
751005	5572	0.91676307	1.5601203
751005	5573	1.2703161	0.9339433
751005	5574	1.2779452	1.1769042
751005	5575	1.3297046	0.96926713
751005	5576	3.0228276	-0.40641737
751005	5577	2.6886392	0.30886045
751005	5578	2.4805107	0.4050868
751005	5579	2.2005224	0.6051667
751005	5580	2.1905203	0.5557734
751005	5581	2.1653142	0.5601227
751005	5582	2.4348254	0.36232695
751005	5583	3.1362739	-0.22927098
751005	5584	4.0594926	-0.72073555
751005	5585	4.4819193	-0.9321506
751005	5586	4.531433	-0.9682766
751005	5587	3.7658505	-0.53223157
751005	5588	3.4172387	-0.67147756
751005	5589	3.278576	-0.5338979
751005	5590	3.2142148	-0.48142987
751005	5591	2.6942382	-0.07275316
751005	5592	2.753498	-0.2931623
751005	5593	2.3941302	0.15411279
751005	5594	2.7094269	-0.38422596
751005	5595	2.2512803	0.20789155
751005	5596	2.533165	-0.19806775
751005	5597	2.514803	-0.012685031
751005	5598	2.4577346	0.19250688
751005	5599	2.659401	-0.04395178
751005	5600	2.8094177	-0.14818549
751005	5601	2.7186694	0.0004387796
751005	5602	2.5956116	0.14238259
751005	5603	2.5725431	0.12694463
751005	5604	2.3457355	0.17892358
751005	5605	1.640278	0.94585216
751005	5606	1.8083533	0.58311915
751005	5607	1.9179608	0.45082638
751005	5608	1.9125735	0.5749464
751005	5609	2.1871572	0.065300375
751005	5610	2.1008906	0.3351371
751005	5611	2.9012866	-0.23454487
751005	5612	2.607592	0.16644523
751005	5613	2.5553684	0.093440264
751005	5614	2.265462	0.40567037
751005	5615	2.167203	0.41112754
751005	5616	2.185206	0.22340146
751005	5617	1.288564	1.0767804
751005	5618	1.14545	1.0973443
751005	5619	1.2251531	0.99452627
751005	5620	0.8848518	1.3793814
751005	5621	0.48149627	1.8577912
751005	5622	0.24585408	2.2351444
751005	5623	0.87045443	1.4788376
751005	5624	0.55845475	1.8758149
751005	5625	0.2345398	2.2214584
751005	5626	0.2975979	2.0855708
751005	5627	0.49148482	1.9364009
751005	5628	0.71350324	1.4994816
751005	5629	1.1424874	1.0705115
751005	5630	1.100234	0.98484254
751005	5631	1.4320856	0.6230049
751005	5632	1.6876181	0.5055016
751005	5633	1.3143437	1.0473897
751005	5634	1.4786334	0.78710663
751005	5635	1.7117151	0.7279813
751005	5636	1.3093797	1.2315619
751005	5637	1.2328672	1.2950447
751005	5638	1.0581981	1.3439925
751005	5639	0.7150252	1.7468975
751005	5640	0.27602404	2.213528
751005	5641	0.23588514	2.2452757
751005	5642	0.2293247	2.237854
751005	5643	0.27652866	2.0939305
751005	5644	0.2585163	2.0405028
751005	5645	0.07707077	2.3816335
751005	5646	0.068553925	2.3468404
751005	5647	0.08015674	2.2792456
751005	5648	0.2049495	2.1874566
751005	5649	0.39630175	2.163475
751005	5650	0.29460996	2.279838
751005	5651	1.1849387	1.1664294
751005	5652	1.4281487	0.8186978
751005	5653	1.3111185	0.9485147
751005	5654	0.33129257	2.238332
751005	5655	0.34461063	2.3324163
751005	5656	0.42937338	2.2288165
751005	5657	0.32751834	2.3594065
751005	5658	0.34067196	2.3508348
751005	5659	0.35441464	2.340423
751005	5660	0.36177814	2.3147228
751005	5661	0.65466905	1.8171818
751005	5662	0.70637834	1.9997706
751005	5663	0.7447754	2.0416455
751005	5664	0.75717676	2.0334454
751005	5665	0.6320126	2.0890386
751005	5666	0.6887529	2.0816207
751005	5667	0.66106904	2.103606
751005	5668	0.49612486	2.2433617
751005	5669	0.26165313	2.6442337
751005	5670	0.17883646	2.4187589
751005	5671	0.43562293	2.191219
751005	5672	0.45078486	2.0060256
751005	5673	0.38492078	2.212047
751005	5674	0.20629537	2.523789
751005	5675	0.2341975	2.464436
751005	5676	0.10090542	2.6513875
751005	5677	0.052042603	2.5389953
751005	5678	0.025801837	2.6918554
751005	5679	0.18304455	2.2529914
751005	5680	0.3291182	2.3076205
751005	5681	0.27574396	2.2282078
751005	5682	0.27301013	2.2796402
751005	5683	0.28740972	2.3636317
751005	5684	0.33886987	2.3135438
751005	5685	0.35457498	2.3030381
751005	5686	0.3447113	2.3401668
751005	5687	0.42101014	2.2397845
751005	5688	0.2972517	2.3957396
751005	5689	0.31782585	2.3505926
751005	5690	0.30019146	2.3538544
751005	5691	0.33073318	2.3519032
751005	5692	0.3920163	2.2696593
751005	5693	0.3317805	2.2743206
751005	5694	0.34433645	2.2873206
751005	5695	0.4500277	1.9750085
751005	5696	0.46190846	1.9742262
751005	5697	0.34000623	2.0378141
751005	5698	0.32624102	2.0176888
751005	5699	0.2625903	2.0117397
751005	5700	0.29404914	2.0054595
751005	5701	0.29657322	1.9960973
751005	5702	0.30442595	2.0543432
751005	5703	0.2000243	2.2676747
751005	5704	0.22885513	2.3169074
751005	5705	0.2857101	2.2156808
751005	5706	0.30244315	2.2107093
751005	5707	0.27087164	2.1472147
751005	5708	0.4022956	2.0288548
751005	5709	0.2536201	2.3108904
751005	5710	0.24066067	2.3011422
751005	5711	0.28427768	2.2505882
751005	5712	0.17419755	2.425628
751005	5713	0.33756745	2.2470372
751005	5714	0.75407076	1.5129709
751005	5715	1.0211914	1.2308347
751005	5716	0.3894726	1.8885844
751005	5717	0.9235965	1.5076122
751005	5718	1.2114435	1.3420489
751005	5719	1.2013798	1.4570291
751005	5720	1.2065619	1.4848689
751005	5721	1.191461	1.5093663
751005	5722	0.8320674	1.9662778
751005	5723	1.1628212	1.3648297
751005	5724	1.1787498	1.4402598
751005	5725	1.1484699	1.527922
751005	5726	1.1646521	1.4635764
751005	5727	1.1660153	1.4779617
751005	5728	1.1714509	1.3441854
751005	5729	1.0342342	1.6286216
751005	5730	0.9427297	1.6252382
751005	5731	0.85838675	1.6676195
751005	5732	0.49639106	2.2594624
751005	5733	0.54385734	2.0037463
751005	5734	0.44816333	2.1358294
751005	5735	0.31944662	2.324425
751005	5736	0.6905627	1.9033988
751005	5737	0.90978146	1.5102386
751005	5738	0.7493812	1.6187367
751005	5739	0.41742355	2.2555025
751005	5740	0.8019539	1.8898005
751005	5741	0.92227435	1.7887166
751005	5742	0.65637827	2.3076172
751005	5743	1.4119889	1.2037058
751005	5744	1.2218187	1.5203487
751005	5745	0.99786675	1.8187354
751005	5746	1.0047715	1.7718155
751005	5747	0.9323275	1.6704834
751005	5748	0.9361092	1.7646496
751005	5749	0.8179138	2.046252
751005	5750	0.7401135	2.1571586
751005	5751	0.20028967	2.701224
751005	5752	0.34079558	2.380926
751005	5753	0.7183014	1.7906344
751005	5754	0.84919405	1.7582543
751005	5755	0.7677009	1.9813704
751005	5756	1.2346362	1.3396336
751005	5757	1.1925124	1.2104324
751005	5758	0.5098517	2.2547736
751005	5759	0.9256128	1.6757426
751005	5760	0.78721845	1.9683731
751005	5761	0.814926	1.816073
751005	5762	0.8400643	1.7081249
751005	5763	0.8509021	1.6986561
751005	5764	0.76903033	1.7554352
751005	5765	0.810078	1.723237
751005	5766	0.9799013	1.5954316
751005	5767	0.97666514	1.7415495
751005	5768	0.9602312	1.8411844
751005	5769	1.006065	1.7911868
751005	5770	0.7271961	1.9229381
751005	5771	0.9344245	1.7936838
751005	5772	1.1241753	1.4359394
751005	5773	1.0105886	1.6743305
751005	5774	1.1560211	1.6170084
751005	5775	1.2730895	1.2935252
751005	5776	1.4241934	1.0468092
751005	5777	1.4155629	1.2668896
751005	5778	1.4842349	1.2185236
751005	5779	1.5213186	1.1973872
751005	5780	1.5815078	1.1799363
751005	5781	1.6041514	1.172829
751005	5782	1.5867051	1.2122195
751005	5783	1.6420604	1.1530881
751005	5784	1.6455339	1.1513114
751005	5785	1.4098158	1.5113554
751005	5786	1.4514412	1.4063228
751005	5787	1.202057	1.4933591
751005	5788	1.2489461	1.5632701
751005	5789	1.1695476	1.6446548
751005	5790	1.1909527	1.6299646
751005	5791	0.85634303	2.1180396
751005	5792	0.84054565	1.9899867
751005	5793	0.909788	1.7875018
751005	5794	0.8092289	2.0465674
751005	5795	0.9391122	1.7816889
751005	5796	0.98697543	1.5507033
751005	5797	0.95761013	1.7669418
751005	5798	0.91051507	1.9185214
751005	5799	0.7289574	2.2091427
751005	5800	0.78225577	1.9850831
751005	5801	0.78458345	1.9470263
751005	5802	0.71703756	1.9714029
751005	5803	0.6969944	2.218096
751005	5804	0.60213184	2.1087263
751005	5805	0.56878793	2.319626
751005	5806	0.6156019	2.1055186
751005	5807	0.6533414	2.0257444
751005	5808	0.6541927	2.2257855
751005	5809	0.5607283	2.15063
751005	5810	0.5549495	2.3810294
751005	5811	0.5035629	2.2082167
751005	5812	0.49952996	2.4383314
751005	5813	0.42143834	2.3443844
751005	5814	0.41373515	2.3642957
751005	5815	0.42407954	2.5234003
751005	5816	0.4072215	2.5289128
751005	5817	0.39972317	2.3717198
751005	5818	0.4305442	2.5181704
751005	5819	0.37600207	2.5668855
751005	5820	0.32099378	2.4888
751005	5821	0.32682008	2.6704214
751005	5822	0.29212576	2.6766145
751005	5823	0.27191454	2.7039015
751005	5824	0.19543946	2.6813302
751005	5825	0.17875999	2.7264116
751005	5826	0.21087223	2.843861
751005	5827	0.15576565	2.7347312
751005	5828	0.2141338	2.66769
751005	5829	0.23793739	2.5965292
751005	5830	0.26643568	2.7406182
751005	5831	0.19322932	2.6275384
751005	5832	0.2127778	2.5892336
751005	5833	0.20389539	2.802252
751005	5834	0.13705313	2.686675
751005	5835	0.08218235	2.8460565
751005	5836	0.08209705	2.888059
751005	5837	0.050219536	2.8852615
751005	5838	0.21145368	2.594945
751005	5839	0.30066276	2.5864735
751005	5840	0.24690074	2.7001214
751005	5841	0.20744598	2.6163251
751005	5842	0.20628875	2.7426293
751005	5843	0.16169125	2.78823
751005	5844	0.14511806	2.716909
751005	5845	0.060150564	2.8423955
751005	5846	1.2915434	1.4715823
751005	5847	0.8606447	2.047876
751005	5848	0.35506326	2.7748978
751005	5849	0.3525076	2.4927714
751005	5850	0.37801778	2.270693
751005	5851	0.29176468	2.4089382
751005	5852	0.22968781	2.6431453
751005	5853	0.45886362	2.393884
751005	5854	0.40022117	2.2219253
751005	5855	0.21494645	2.4609828
751005	5856	0.36073947	2.4066958
751005	5857	0.8598783	1.9216015
751005	5858	1.1772538	1.5836327
751005	5859	1.3420998	1.2859092
751005	5860	1.5205344	1.0789237
751005	5861	1.2157397	1.4220653
751005	5862	1.4978253	1.1651521
751005	5863	1.4432038	1.2027781
751005	5864	1.2774339	1.4876249
751005	5865	1.0876456	1.7607095
751005	5866	1.0532972	1.825083
751005	5867	1.1388935	1.7315137
751005	5868	1.1016643	1.7951646
751005	5869	0.8773315	2.0794437
751005	5870	0.9919472	1.8013463
751005	5871	0.9061742	1.9663234
751005	5872	0.8712213	2.0691833
751005	5873	0.90195405	2.00839
751005	5874	0.9355111	1.9697635
751005	5875	1.019864	1.7164657
751005	5876	0.9540081	1.888345
751005	5877	1.0135865	1.9191952
751005	5878	0.8963474	2.0926974
751005	5879	1.1389724	1.8290744
751005	5880	1.1025472	1.8191586
751005	5881	1.1293612	1.6435375
751005	5882	1.0280749	1.8203814
751005	5883	1.0807391	1.652982
751005	5884	0.8405082	2.1240706
751005	5885	1.009276	1.779875
751005	5886	0.90927255	1.9752038
751005	5887	1.0384507	1.7118387
751005	5888	1.1492578	1.6075232
751005	5889	1.087153	1.7322431
751005	5890	1.13166	1.5305355
751005	5891	1.1165726	1.4747674
751005	5892	0.7260827	1.930448
751005	5893	0.6784431	2.1295652
751005	5894	0.7779715	1.9847503
751005	5895	0.7473792	2.0063994
751005	5896	0.8519851	1.878628
751005	5897	1.0018722	1.5481596
751005	5898	1.3777856	1.077402
751005	5899	1.4650522	1.0692892
751005	5900	1.6706063	0.87423766
751005	5901	1.4673785	1.1784865
751005	5902	1.4455551	1.2946277
751005	5903	1.7859	0.83598995
751005	5904	2.134962	0.6639484
751005	5905	1.510095	1.4564371
751005	5906	1.5780178	1.304686
751005	5907	1.3662571	1.552119
751005	5908	1.4512438	1.3207719
751005	5909	1.4699072	1.2680218
751005	5910	1.3797057	1.4786165
751005	5911	1.2996966	1.6300647
751005	5912	1.336291	1.454395
751005	5913	1.3261205	1.5302324
751005	5914	1.2534302	1.5398201
751005	5915	1.4561908	1.4316859
751005	5916	1.351542	-0.05765915
751005	5917	1.0652153	-0.11292106
751005	5918	0.9436854	-0.21556458
751005	5919	0.9177977	-0.32476705
751005	5920	1.221897	-0.7139312
751005	5921	1.1340374	-0.5730947
751005	5922	1.0987703	-0.70270467
751005	5923	1.0930579	-0.651374
751005	5924	1.0877686	-0.77692294
751005	5925	1.1141648	-0.8405858
751005	5926	1.1301044	-0.8914516
751005	5927	1.2434887	-0.99373436
751005	5928	1.0255238	-0.862991
751005	5929	1.1286179	-1.01322
751005	5930	1.3105868	-1.0986004
751005	5931	1.1403402	-0.97904706
751005	5932	1.0058736	-0.9314077
751005	5933	1.3513489	-1.3610771
751005	5934	1.0746472	0.46659127
751005	5935	1.2247642	0.68000734
751005	5936	1.0761591	0.7731539
751005	5937	1.0182076	0.7589778
751005	5938	1.1478385	0.70101523
751005	5939	1.0289564	0.9261749
751005	5940	1.0671263	0.8993592
751005	5941	1.057315	0.9397782
751005	5942	1.1004515	0.8653673
751005	5943	1.0574224	0.75029695
751005	5944	1.0936984	0.80690086
751005	5945	1.1053866	0.84151864
751005	5946	1.1472344	0.81077445
751005	5947	1.1757766	0.60907793
751005	5948	1.1864551	0.710109
751005	5949	1.2257311	0.75007904
751005	5950	1.0359951	0.8897084
751005	5951	0.94743323	0.8841063
751005	5952	0.5591421	1.5032573
751005	5953	1.0355252	0.8875232
751005	5954	1.0011418	0.9353559
751005	5955	1.0448698	0.72752273
751005	5956	1.5273346	0.25816068
751005	5957	0.9826331	0.8721062
751005	5958	1.1949652	0.7352792
751005	5959	1.1601647	0.8192934
751005	5960	1.7245704	0.17387661
751005	5961	1.5088588	0.6189903
751005	5962	1.3797194	0.7622037
751005	5963	1.2591555	1.007285
751005	5964	1.1431416	1.0694798
751005	5965	1.1415113	1.0959855
751005	5966	1.1641588	1.2120417
751005	5967	1.0761648	1.1649382
751005	5968	1.109828	1.1040053
751005	5969	1.0895216	1.1613808
751005	5970	1.015564	1.1307288
751005	5971	1.056532	1.0496356
751005	5972	1.0371767	1.2154713
751005	5973	0.9948765	1.2426207
751005	5974	1.0011666	1.2929939
751005	5975	0.9382168	1.3635675
751005	5976	0.076897144	0.7119131
751005	5977	0.09275389	0.36424926
751005	5978	0.16818488	0.22061762
751005	5979	0.22552395	0.04664114
751005	5980	2.424952	-0.41457778
751005	5981	0.02916509	0.64358675
751005	5982	-0.024256349	0.8821192
751005	5983	2.1603184	-0.098160684
751005	5984	1.8484622	0.050233334
751005	5985	2.0491972	-0.22248413
751005	5986	2.0802755	-0.09481081
751005	5987	1.9012932	0.2934058
751005	5988	1.8543597	0.25172296
751005	5989	1.7805527	0.17953786
751005	5990	1.8597628	0.33157584
751005	5991	1.7658471	0.3781936
751005	5992	1.7967573	0.33650377
751005	5993	1.8409387	0.1702402
751005	5994	1.7297298	0.42725155
751005	5995	1.8187424	0.35879305
751005	5996	1.8188356	0.23043916
751005	5997	1.735072	0.505785
751005	5998	1.7147194	0.37989387
751005	5999	1.7159647	0.34744713
751005	6000	1.59875	0.41745105
751005	6001	1.6003996	0.6396868
751005	6002	1.5938164	0.48208824
751005	6003	1.8067209	0.3620368
751005	6004	1.5750953	0.7053435
751005	6005	1.7691292	0.40813765
751005	6006	1.527841	0.7504276
751005	6007	1.8991503	0.20237795
751005	6008	1.9945372	0.15503189
751005	6009	1.8881167	0.328559
751005	6010	1.7095898	0.5252181
751005	6011	1.8453726	0.32823005
751005	6012	1.7242149	0.5256218
751005	6013	1.9195968	0.17152461
751005	6014	1.7573694	0.5217904
751005	6015	1.9044241	0.21173593
751005	6016	1.7267698	0.57278347
751005	6017	1.8981594	0.22694734
751005	6018	1.7119523	0.59794354
751005	6019	1.8001691	0.54905224
751005	6020	0.29284275	0.604944
751005	6021	2.4277182	-0.25087065
751005	6022	2.2012906	-0.10237005
751005	6023	2.010769	-0.019186884
751005	6024	0.21260834	0.8092927
751005	6025	2.456565	-0.34437287
751005	6026	0.41024244	0.22442815
751005	6027	0.17612684	0.649245
751005	6028	2.5793486	-0.66221267
751005	6029	2.5534663	-0.46404564
751005	6030	0.9835681	-0.48319215
751005	6031	0.38317972	0.18087831
751005	6032	0.55647945	1.4475533
751005	6033	0.62983096	1.4916781
751005	6034	0.51465	1.3838022
751005	6035	0.908461	1.1291041
751005	6036	1.204225	0.97859216
751005	6037	1.2633027	0.9572917
751005	6038	1.2383242	0.83507967
751005	6039	1.2601403	0.96157944
751005	6040	0.9785148	0.9728234
751005	6041	0.6191474	1.2191772
751005	6042	0.5857494	1.4121042
751005	6043	0.92654526	1.1367173
751005	6044	0.53863347	1.5186511
751005	6045	0.8244755	0.9456401
751005	6046	0.9729123	0.78982234
751005	6047	0.88289297	1.1615431
751005	6048	0.6047702	1.4614769
751005	6049	0.65061235	1.3797083
751005	6050	0.725337	1.341325
751005	6051	0.6965388	1.3930299
751005	6052	0.6673567	1.2921871
751005	6053	0.6488515	1.4083747
751005	6054	0.690241	1.3880899
751005	6055	0.6859591	1.4099126
751005	6056	0.6911541	1.4123818
751005	6057	0.69725287	1.2841381
751005	6058	0.39698917	1.8803823
751005	6059	0.7430577	1.4304768
751005	6060	1.2895628	0.7950909
751005	6061	1.7828027	-1.0418699
751005	6062	1.8085843	-1.0431767
751005	6063	3.4930997	-0.80542433
751005	6064	3.0871525	-0.5245489
751005	6065	2.8244114	-0.3244205
751005	6066	2.860951	-0.325549
751005	6067	3.3733997	-0.6142034
751005	6068	2.3375897	0.24629751
751005	6069	2.1152086	0.29247257
751005	6070	2.727118	-0.18412146
751005	6071	4.0674243	-1.0940427
751005	6072	3.800324	-0.70337856
751005	6073	3.6977692	-0.79636043
751005	6074	3.5958128	-0.6164057
751005	6075	3.189148	-0.46712217
751005	6076	2.707714	-0.18453431
751005	6077	3.006363	-0.44773352
751005	6078	3.0104532	-0.46151406
751005	6079	3.5556417	-0.71455634
751005	6080	3.3444695	-0.49918026
751005	6081	2.7958426	-0.25887805
751005	6082	2.775002	-0.18082988
751005	6083	2.9006944	-0.366679
751005	6084	2.7396193	-0.15753773
751005	6085	2.7532105	-0.2657243
751005	6086	2.730843	-0.23670772
751005	6087	2.0050154	0.4313685
751005	6088	2.2626839	-0.011043161
751005	6089	2.4776735	-0.116352975
751005	6090	2.4957523	-0.046856523
751005	6091	3.2732258	-0.57905054
751005	6092	3.3499851	-0.3925344
751005	6093	2.9249983	-0.22952881
751005	6094	2.7980194	-0.15340325
751005	6095	3.06138	-0.40815267
751005	6096	2.8431258	-0.10219285
751005	6097	2.6810646	-0.011796981
751005	6098	2.8351994	-0.3686081
751005	6099	3.0527253	-0.24061398
751005	6100	3.236989	-0.50450927
751005	6101	3.3078904	-0.44510108
751005	6102	3.2780256	-0.4673301
751005	6103	3.3024564	-0.43686503
751005	6104	3.303186	-0.4586381
751005	6105	3.268023	-0.49033466
751005	6106	3.4134593	-0.5304535
751005	6107	3.4249597	-0.5175168
751005	6108	3.411777	-0.55688095
751005	6109	3.5062642	-0.5339484
751005	6110	3.813231	-0.74880683
751005	6111	3.5968428	-0.63121307
751005	6112	3.2787457	-0.4937582
751005	6113	3.1352444	-0.26953483
751005	6114	2.8875322	-0.24736261
751005	6115	2.6664877	0.043681294
751005	6116	2.5188718	-0.116704315
751005	6117	3.334937	-0.6170055
751005	6118	3.0087738	-0.12193465
751005	6119	2.7227082	-0.23937793
751005	6120	1.5865146	-0.6151832
751005	6121	0.8109343	0.02134782
751005	6122	0.95968544	0.9514301
751005	6123	1.1994414	0.9098151
751005	6124	1.3785666	0.6656326
751005	6125	1.5468463	0.64862716
751005	6126	1.2300465	0.9120079
751005	6127	1.0671183	1.106838
751005	6128	1.1892816	0.8455272
751005	6129	1.1529564	1.0259396
751005	6130	1.2516632	0.87967265
751005	6131	1.7278973	0.5015515
751005	6132	1.7789279	0.5554508
751005	6133	1.6361824	0.62376344
751005	6134	1.7955929	0.43347743
751005	6135	1.2372268	0.73698425
751005	6136	1.3913901	0.58089495
751005	6137	1.343523	0.7760571
751005	6138	0.7560576	1.3683743
751005	6139	0.9184127	1.0989592
751005	6140	1.0961533	-0.4497097
751005	6141	1.034521	-0.3383605
751005	6142	3.2439642	-0.87221813
751005	6143	2.975628	-0.5003607
751005	6144	2.7305608	-0.38201645
751005	6145	2.779583	-0.4024173
751005	6146	2.8611336	-0.47166508
751005	6147	2.9288697	-0.39533728
751005	6148	2.7743554	-0.28290433
751005	6149	3.3668056	-0.6820376
751005	6150	2.2092295	0.1991804
751005	6151	1.9129072	0.30114368
751005	6152	2.4632096	-0.14581627
751005	6153	2.8729892	-0.33710164
751005	6154	2.8906403	-0.2510153
751005	6155	2.8436189	-0.20370197
751005	6156	2.9751415	-0.37439924
751005	6157	2.9938674	-0.33394802
751005	6158	3.1215243	-0.29944164
751005	6159	3.0426311	-0.38002044
751005	6160	2.093567	0.4521174
751005	6161	2.9599214	-0.59439075
751005	6162	3.3907266	-0.5658869
751005	6163	3.077217	-0.28449813
751005	6164	2.2655435	0.15156046
751005	6165	2.3949695	-0.19025671
751005	6166	3.1719508	-0.4590539
751005	6167	4.003094	-1.0560174
751005	6168	2.5130277	-1.0575011
751005	6169	3.625195	-0.9956925
751005	6170	3.8745742	-1.0553055
751005	6171	1.6790246	-0.9068441
751005	6172	1.1691535	0.49435338
751005	6173	1.2351424	0.52178586
751005	6174	0.9815836	0.8120322
751005	6175	1.3062152	0.47861424
751005	6176	1.3850611	0.50894415
751005	6177	1.2830389	0.61605334
751005	6178	1.2766695	0.5680913
751005	6179	1.24368	0.5247067
751005	6180	1.2615812	0.5125358
751005	6181	1.1964757	0.6420243
751005	6182	1.4075942	0.30158415
751005	6183	1.4218252	0.3599839
751005	6184	1.2430947	0.46557918
751005	6185	1.1483784	0.6628829
751005	6186	0.9687897	0.81656146
751005	6187	1.0377375	0.6672503
751005	6188	0.87940884	1.0353874
751005	6189	0.902496	1.0988269
751005	6190	0.7377199	1.2359579
751005	6191	0.74907696	-0.2084392
751005	6192	0.59996843	0.10956684
751005	6193	0.5495125	0.1232622
751005	6194	0.6030359	0.0647904
751005	6195	2.3728356	-0.25926122
751005	6196	2.3056173	-0.17063245
751005	6197	2.0311027	0.029277444
751005	6198	1.9527439	0.078347355
751005	6199	1.9244326	0.19506636
751005	6200	2.7777605	-0.55852664
751005	6201	2.9132571	-0.32892048
751005	6202	2.3472543	0.07391712
751005	6203	2.390142	-0.15370446
751005	6204	0.82717204	0.16025618
751005	6205	0.28361243	0.70683825
751005	6206	0.2420212	0.49609473
751005	6207	2.1545987	-0.16865951
751005	6208	2.1839504	-0.115569085
751005	6209	2.6207924	-0.3255179
751005	6210	2.8570132	-0.38384265
751005	6211	2.324335	0.19471279
751005	6212	2.1626492	0.24016008
751005	6213	2.1426387	0.22359183
751005	6214	2.3408642	0.026996672
751005	6215	2.2543826	0.29210332
751005	6216	2.672248	-0.114273936
751005	6217	3.430347	-0.6317329
751005	6218	3.2854962	-0.33763057
751005	6219	2.2580934	0.25963143
751005	6220	2.5445547	-0.0653013
751005	6221	2.057385	0.36693177
751005	6222	3.7597504	-1.1107597
751005	6223	3.3846884	-0.39000785
751005	6224	2.3519073	0.032349616
751005	6225	2.7026935	-0.28147566
751005	6226	1.1899225	-0.50517124
751005	6227	0.6446557	0.06759837
751005	6228	2.720786	-0.82409215
751005	6229	0.48656505	-0.026072055
751005	6230	0.13553625	0.60338676
751005	6231	2.270329	-0.5859824
751005	6232	0.22987604	0.33127144
751005	6233	-0.03290069	0.8467283
751005	6234	2.186623	-0.55006546
751005	6235	2.3868127	-0.556581
751005	6236	3.0991168	-0.91679025
751005	6237	3.5766573	-0.91926134
751005	6238	1.4000474	-0.5480366
751005	6239	1.0281565	1.1492662
751005	6240	1.0069834	1.3348515
751005	6241	1.0809147	1.1164155
751005	6242	1.1768122	1.0642356
751005	6243	1.2946	0.9214833
751005	6244	1.1241938	1.1090603
751005	6245	1.1475128	1.0065318
751005	6246	1.1963334	0.99050856
751005	6247	1.2345259	0.9685303
751005	6248	1.2187655	0.90009475
751005	6249	1.0322225	1.1462979
751005	6250	1.0562834	-0.7303755
751005	6251	0.99850166	-0.5127195
751005	6252	0.93496287	-0.51776725
751005	6253	2.8043594	-0.7435651
751005	6254	2.8944106	-0.73893344
751005	6255	3.4154086	-0.89601415
751005	6256	2.7848005	-0.21557464
751005	6257	2.7792034	-0.36270833
751005	6258	2.6672244	-0.23803508
751005	6259	2.5771556	-0.16731495
751005	6260	2.642188	-0.3617941
751005	6261	0.76246774	0.95491433
751005	6262	0.6660794	1.5016956
751005	6263	0.579268	1.6347237
751005	6264	0.632686	1.5973809
751005	6265	0.6498071	1.5733275
751005	6266	0.70139086	1.528738
751005	6267	0.55120456	1.588917
751005	6268	0.2110129	2.1156926
751005	6269	0.49209404	1.6559765
751005	6270	0.16424161	2.041455
751005	6271	0.63249755	1.4966925
751005	6272	0.20942557	1.9887989
751005	6273	0.6465725	1.4995235
751005	6274	0.23320937	1.9844081
751005	6275	0.4348418	1.7850356
751005	6276	0.6473342	1.6082847
751005	6277	0.4353202	1.7266545
751005	6278	0.59228957	1.642983
751005	6279	0.5521343	1.7209597
751005	6280	0.41141778	1.9110184
751005	6281	0.47196448	1.7798514
751005	6282	0.4266171	1.8510752
751005	6283	1.1066089	1.0418301
751005	6284	1.129977	1.243272
751005	6285	1.076356	1.3095318
751005	6286	1.0182333	1.3400896
751005	6287	0.8525871	1.5027444
751005	6288	0.8195802	1.5961814
751005	6289	0.7835884	1.4966269
751005	6290	0.88770866	1.4070089
751005	6291	0.95423484	1.3869296
751005	6292	0.987386	1.3956673
751005	6293	0.9971043	1.3975486
751005	6294	1.0366237	1.3645722
751005	6295	1.0683907	1.2493329
751005	6296	0.9338677	1.45727
751005	6297	0.73538744	1.850213
751005	6298	0.7820827	1.668405
751005	6299	0.6815342	1.7896621
751005	6300	0.6927198	1.8066912
751005	6301	0.6636455	1.8765545
751005	6302	0.7066436	1.7588754
751005	6303	0.5876049	1.9605219
751005	6304	0.6736584	1.7812595
751005	6305	0.5870917	1.9046474
751005	6306	0.494797	2.1283576
751005	6307	0.56757164	1.9218717
751005	6308	0.6218864	1.8635402
751005	6309	0.58514404	1.9353602
751005	6310	0.5950973	1.9313753
751005	6311	0.5363667	2.0307796
751005	6312	0.6128044	1.8718781
751005	6313	0.6093056	1.9102156
751005	6314	0.55638623	2.0235374
751005	6315	0.57859075	1.9357822
751005	6316	0.54681826	2.0318506
751005	6317	0.5891099	1.8879042
751005	6318	0.6783534	1.8060162
751005	6319	0.745582	1.6720295
751005	6320	0.5720854	1.8141468
751005	6321	0.19848698	2.4960408
751005	6322	1.0565594	1.2875746
751005	6323	0.837404	1.6817958
751005	6324	0.6742691	1.9654567
751005	6325	0.7508187	1.7021024
751005	6326	0.7575896	1.7406855
751005	6327	0.8048445	1.6832368
751005	6328	0.8279257	1.6611106
751005	6329	0.94248056	1.5165645
751005	6330	0.3385638	2.3874261
751005	6331	0.66359484	1.8228514
751005	6332	1.116682	1.4457829
751005	6333	0.4222449	2.3235073
751005	6334	0.6978744	1.7626104
751005	6335	0.8750304	1.6965601
751005	6336	0.5949315	2.032152
751005	6337	0.41000253	2.1694474
751005	6338	0.36127847	2.0761979
751005	6339	0.33490342	2.0978644
751005	6340	0.66740227	1.7041333
751005	6341	0.24654591	2.2284236
751005	6342	0.29410005	2.1320436
751005	6343	0.21216798	2.2001505
751005	6344	0.28309703	2.1043346
751005	6345	0.40890718	1.9008911
751005	6346	0.3199889	1.9846954
751005	6347	0.42655534	1.9021945
751005	6348	0.21357143	2.1817007
751005	6349	0.34989858	2.0034456
751005	6350	0.3084942	1.9984219
751005	6351	0.28811586	2.1273305
751005	6352	0.24009949	2.2091024
751005	6353	0.3079012	2.1650817
751005	6354	0.5488446	1.8467746
751005	6355	0.5069487	1.9899361
751005	6356	0.57790315	1.8607152
751005	6357	0.41321594	2.0658834
751005	6358	0.6820656	1.7778854
751005	6359	0.76949036	1.655657
751005	6360	0.9675046	1.2354902
751005	6361	1.3371909	0.84262514
751005	6362	1.2817622	1.0006608
751005	6363	1.5013653	0.744581
751005	6364	1.9489397	0.31167027
751005	6365	1.7586399	0.63792384
751005	6366	1.716611	0.60052454
751005	6367	1.8085676	0.5830592
751005	6368	1.791598	0.6193365
751005	6369	1.8380083	0.58238804
751005	6370	1.7278365	0.70691204
751005	6371	1.8065857	0.713205
751005	6372	1.5228335	1.0833669
751005	6373	1.313472	1.3351758
751005	6374	1.5467538	0.986475
751005	6375	1.7691487	0.6648085
751005	6376	1.7263278	0.8921052
751005	6377	1.6084732	1.0728648
751005	6378	1.5279306	1.1436136
751005	6379	1.4553652	1.1905807
751005	6380	1.747439	0.9157876
751005	6381	1.878461	0.81705666
751005	6382	2.222293	0.43181345
751005	6383	2.4092426	0.2642735
751005	6384	1.9858123	0.8247776
751005	6385	1.8883952	0.7606609
751005	6386	1.9573678	0.55581915
751005	6387	2.0633335	0.6008673
751005	6388	1.8993596	0.8079115
751005	6389	2.0744324	0.521366
751005	6390	1.9134585	0.8390286
751005	6391	2.312346	0.35686234
751005	6392	2.6128736	0.0771316
751005	6393	2.2916937	0.5518733
751005	6394	2.1536894	0.54249513
751005	6395	1.7928289	0.96577966
751005	6396	1.9961861	0.72290444
751005	6397	1.6562244	1.0490162
751005	6398	1.704825	0.92371356
751005	6399	1.7594692	0.977612
751005	6400	1.6838385	1.0487636
751005	6401	1.7529033	0.938112
751005	6402	1.74395	0.9627907
751005	6403	1.7518519	1.0070679
751005	6404	1.4272264	1.3843086
751005	6405	2.0425382	0.52315545
751005	6406	2.078517	0.63266516
751005	6407	2.8118176	-0.15872338
751005	6408	2.113462	0.5801945
751005	6409	2.1405377	0.45379725
751005	6410	1.880982	0.7937453
751005	6411	2.484188	-0.11915237
751005	6412	2.3086195	0.33857802
751005	6413	2.2929296	0.36858425
751005	6414	2.8615265	-0.18936753
751005	6415	3.4119248	-0.5634021
751005	6416	3.3788366	-0.44421804
751005	6417	4.3876014	-1.0474633
751005	6418	4.1913676	-0.902117
751005	6419	4.5919847	-1.1085517
751005	6420	5.154651	-1.6193647
751005	6421	4.9530563	-1.5155727
751005	6422	5.2441154	-1.6628996
751005	6423	4.749629	-1.4294235
751005	6424	5.360556	-1.8518999
751005	6425	4.8886256	-1.4373835
751005	6426	5.5392866	-1.870265
751005	6427	5.413402	-1.815528
751005	6428	5.124426	-1.7153898
751005	6429	5.292624	-1.8020082
751005	6430	5.154671	-1.6781019
751005	6431	5.6479874	-1.9794475
751005	6432	5.8521266	-2.104857
751005	6433	5.38517	-1.8348562
751005	6434	5.7714305	-2.1064534
751005	6435	5.824207	-2.1397676
751005	6436	5.8397193	-2.198147
751005	6437	5.3174753	-1.8603306
751005	6438	5.308598	-1.9220718
751005	6439	6.0536404	-2.3511605
751005	6440	5.872593	-2.170916
751005	6441	6.136455	-2.45341
751005	6442	5.805533	-2.2107794
751005	6443	5.986922	-2.3545418
751005	6444	6.1855197	-2.456309
751005	6445	5.456142	-2.716383
751005	6446	4.866775	-1.7391194
751005	6447	4.214215	-1.5007024
751005	6448	4.441139	-1.5048697
751005	6449	4.013905	-1.249068
751005	6450	3.946857	-1.1739695
751005	6451	3.8806705	-1.1392334
751005	6452	3.6768212	-1.0626888
751005	6453	4.1840653	-1.4049206
751005	6454	3.214593	-0.79956275
751005	6455	3.6743274	-1.0793625
751005	6456	3.5505867	-0.93146914
751005	6457	3.216298	-0.6683668
751005	6458	3.223259	-0.6938654
751005	6459	3.2235723	-0.6218268
751005	6460	3.0455203	-0.5567483
751005	6461	2.7140107	-0.23286475
751005	6462	2.8096304	-0.36491054
751005	6463	3.4896517	-0.97866833
751005	6464	3.9320793	-1.1325526
751005	6465	2.2845287	0.087343305
751005	6466	2.0901928	0.3044689
751005	6467	2.3699102	0.052666396
751005	6468	2.2731152	0.16376355
751005	6469	1.8702718	0.564939
751005	6470	2.4751592	-0.2516265
751005	6471	2.6743698	-0.13395756
751005	6472	3.0034413	-0.30172822
751005	6473	2.6249309	-0.08279455
751005	6474	2.6532035	-0.18291926
751005	6475	2.2028632	0.2900552
751005	6476	2.1663518	0.23719457
751005	6477	2.1825747	0.22732243
751005	6478	1.9266082	0.575809
751005	6479	2.2056766	0.35491857
751005	6480	2.1030307	0.38270083
751005	6481	2.133944	0.31110415
751005	6482	2.3792653	0.046968132
751005	6483	2.7838478	-0.1993236
751005	6484	2.7296414	-0.10056043
751005	6485	2.508049	0.042025
751005	6486	2.4872417	0.026010245
751005	6487	2.795076	-0.24570544
751005	6488	3.3290792	-0.5281233
751005	6489	2.124422	0.3514538
751005	6490	1.8123657	0.6232358
751005	6491	1.5517954	0.7970145
751005	6492	1.1454134	1.3171371
751005	6493	1.4630822	0.9136553
751005	6494	2.0091767	0.31936845
751005	6495	2.9512906	-0.31142777
751005	6496	2.031898	0.5774963
751005	6497	2.3468943	0.16765276
751005	6498	2.4138255	0.14138165
751005	6499	2.7159595	-0.05525741
751005	6500	2.4869318	0.12750712
751005	6501	2.7042384	-0.20672211
751005	6502	2.67455	0.009080052
751005	6503	2.1245952	0.35445228
751005	6504	1.7492098	0.64700246
751005	6505	0.9839817	1.3756286
751005	6506	2.2530475	0.10077712
751005	6507	2.0031352	0.5431988
751005	6508	2.9250588	-0.35702407
751005	6509	2.9636688	-0.11491245
751005	6510	2.1934934	0.35669896
751005	6511	2.2361012	0.3554692
751005	6512	2.1519132	0.35485193
751005	6513	2.3045206	0.3092613
751005	6514	2.1284819	0.36796382
751005	6515	2.2371573	0.35121962
751005	6516	2.080728	0.41799536
751005	6517	2.29811	0.2925652
751005	6518	2.1087446	0.4119905
751005	6519	2.9362664	-0.33226722
751005	6520	2.849814	-0.10285026
751005	6521	2.255867	0.33094636
751005	6522	1.7917961	0.70331013
751005	6523	1.6299201	0.806741
751005	6524	1.6701425	0.75982213
751005	6525	1.2970932	1.0820936
751005	6526	1.5984737	0.7775165
751005	6527	1.7213184	0.70415974
751005	6528	1.7743763	0.66851425
751005	6529	1.8845962	0.59623885
751005	6530	1.8637227	0.6347389
751005	6531	2.24328	0.24254027
751005	6532	2.093288	0.44116202
751005	6533	2.320149	0.16180268
751005	6534	2.6334567	0.08309737
751005	6535	1.8482472	0.6185739
751005	6536	2.1134362	0.2463418
751005	6537	2.4163618	0.22690031
751005	6538	2.376924	0.16853985
751005	6539	1.86966	0.55937886
751005	6540	2.4951806	-0.031489193
751005	6541	2.5796533	0.039565504
751005	6542	2.1549568	0.34700295
751005	6543	1.5748018	0.822711
751005	6544	1.4867965	0.8886492
751005	6545	1.4099475	0.98110783
751005	6546	1.8132201	0.5926739
751005	6547	1.9802021	0.4815233
751005	6548	1.9544562	0.6042608
751005	6549	1.6788379	0.8032181
751005	6550	1.7795271	0.68132365
751005	6551	1.8327726	0.6517371
751005	6552	1.9361912	0.6110393
751005	6553	1.9822224	0.48242763
751005	6554	2.034347	0.44386795
751005	6555	2.0844855	0.3795785
751005	6556	2.0425458	0.48378524
751005	6557	1.9352316	0.6293479
751005	6558	1.6915029	0.8513504
751005	6559	1.7622005	0.68607295
751005	6560	2.0154681	0.5104495
751005	6561	2.0642548	0.5932574
751005	6562	1.949839	0.6353762
751005	6563	1.9746081	0.47071984
751005	6564	1.8877267	0.52246594
751005	6565	2.0172625	0.41217557
751005	6566	0.9548732	1.578553
751005	6567	1.0621327	1.5298563
751005	6568	2.2674732	-0.01972872
751005	6569	1.4778601	1.174852
751005	6570	1.7464219	0.7520827
751005	6571	2.0824227	0.48749003
751005	6572	2.2039223	0.5331037
751005	6573	2.0934763	0.59129703
751005	6574	2.2861753	0.24780312
751005	6575	2.0968304	0.58264005
751005	6576	1.8613685	0.79048204
751005	6577	1.9529327	0.5485779
751005	6578	2.2125883	0.45899275
751005	6579	2.7126675	0.02282247
751005	6580	2.1100025	0.61545074
751005	6581	2.0072784	0.7281822
751005	6582	0.8623997	1.6696975
751005	6583	0.928159	1.736337
751005	6584	2.1803322	0.31365398
751005	6585	2.51153	0.1941311
751005	6586	2.5794225	0.10171887
751005	6587	2.634634	0.09481397
751005	6588	2.9365582	-0.07428658
751005	6589	3.5159168	-0.48178113
751005	6590	2.2375255	0.587765
751005	6591	1.9475404	0.71521187
751005	6592	1.1825684	1.2827611
751005	6593	1.5534474	0.96210384
751005	6594	1.5282198	0.921404
751005	6595	2.0519571	0.4107332
751005	6596	3.1542907	-0.51043874
751005	6597	3.5074587	-0.4861748
751005	6598	3.7908807	-0.73181355
751005	6599	3.8541446	-0.7351911
751005	6600	3.552874	-0.58209366
751005	6601	3.4585524	-0.5213936
751005	6602	4.1063347	-0.98557913
751005	6603	3.6154299	-0.5869682
751005	6604	3.2922602	-0.3918174
751005	6605	3.6895442	-0.8001932
751005	6606	3.9656458	-0.75808
751005	6607	3.9892864	-0.85911113
751005	6608	3.8813028	-0.81153214
751005	6609	3.8371453	-0.80168945
751005	6610	3.9138646	-0.84208846
751005	6611	3.822353	-0.7354871
751005	6612	3.9493008	-0.85736907
751005	6613	3.893353	-0.78852284
751005	6614	3.8655481	-0.7633029
751005	6615	3.91017	-0.8123776
751005	6616	3.870295	-0.76040566
751005	6617	3.4508004	-0.402704
751005	6618	4.244381	-1.1263658
751005	6619	3.6065936	-0.528563
751005	6620	3.8022828	-0.7454177
751005	6621	3.8425908	-0.71951705
751005	6622	3.7744942	-0.658098
751005	6623	3.6615186	-0.5997047
751005	6624	3.060371	-0.1234085
751005	6625	2.0698419	0.8679278
751005	6626	3.4370985	-0.71968985
751005	6627	4.0548725	-0.6883481
751005	6628	2.9608736	-0.037161857
751005	6629	2.5893755	0.362695
751005	6630	3.222701	-0.4619866
751005	6631	3.2472892	-0.33431745
751005	6632	2.019277	0.5928494
751005	6633	2.2852697	0.29038003
751005	6634	2.7317371	0.0486885
751005	6635	2.1673021	0.47102258
751005	6636	2.0688472	0.63592815
751005	6637	1.955717	0.6643436
751005	6638	2.4622078	0.19343999
751005	6639	2.6087766	0.28742018
751005	6640	2.380879	0.4494188
751005	6641	2.8491158	0.008158177
751005	6642	2.745634	0.16603431
751005	6643	2.5098767	0.29421762
751005	6644	2.5081568	0.32230398
751005	6645	2.6214995	0.16963926
751005	6646	2.6465502	0.19861183
751005	6647	2.6526818	0.13075092
751005	6648	2.7178645	0.09339222
751005	6649	2.6952534	0.10696289
751005	6650	2.6619945	0.1204218
751005	6651	2.687038	0.0977045
751005	6652	2.6831279	0.11098948
751005	6653	3.0173965	-0.27903986
751005	6654	3.1740818	-0.38877022
751005	6655	2.844349	-0.034024507
751005	6656	2.493197	0.30692723
751005	6657	1.9531423	0.49187818
751005	6658	1.719608	0.8369998
751005	6659	1.7837447	0.74512327
751005	6660	1.3921931	1.1303743
751005	6661	1.6074868	0.89175534
751005	6662	2.3420148	0.19598064
751005	6663	2.5210013	0.19440189
751005	6664	2.5773888	0.17447212
751005	6665	2.5981455	0.02466029
751005	6666	2.798283	-0.057646662
751005	6667	2.711996	0.09434155
751005	6668	1.9923481	0.6307789
751005	6669	1.5603677	0.96285236
751005	6670	2.2398257	0.26965693
751005	6671	1.1544309	1.3859348
751005	6672	0.83244777	1.6261735
751005	6673	0.99228084	1.4102733
751005	6674	1.0751235	1.4302129
751005	6675	0.6285926	1.900373
751005	6676	0.6855211	1.8714385
751005	6677	0.65044487	1.8838234
751005	6678	0.81869376	1.7302914
751005	6679	0.51245356	2.1182637
751005	6680	0.16631466	2.7406907
751005	6681	1.6199602	0.6704867
751005	6682	1.3139725	1.3171278
751005	6683	0.96772003	1.7837231
751005	6684	0.93594956	1.7050099
751005	6685	0.89947045	1.7671928
751005	6686	0.16813582	2.6194723
751005	6687	0.08584052	2.7749043
751005	6688	-0.2528155	3.4709275
751005	6689	1.3321664	1.2475888
751005	6690	1.0275259	1.7488825
751005	6691	0.32201177	2.5417588
751005	6692	0.3152148	2.5192442
751005	6693	0.078648984	2.8289945
751005	6694	0.33037555	2.490547
751005	6695	0.34109616	2.4556515
751005	6696	0.4309613	2.332407
751005	6697	0.5301106	2.2922807
751005	6698	0.64938474	2.1180425
751005	6699	0.617959	2.1314435
751005	6700	0.5901786	2.2107987
751005	6701	0.552928	2.3091033
751005	6702	0.5093831	2.35416
751005	6703	0.5074401	2.366816
751005	6704	0.5296813	2.2767072
751005	6705	0.4811257	2.3345487
751005	6706	0.38843566	2.4434342
751005	6707	0.32711756	2.4663
751005	6708	0.37129045	2.486241
751005	6709	0.3840335	2.3994677
751005	6710	0.71756005	2.0128744
751005	6711	0.6106181	2.0232763
751005	6712	-0.35393393	3.49771
751005	6713	1.2473066	1.4445262
751005	6714	0.83474374	2.1962144
751005	6715	0.5042746	2.4665616
751005	6716	0.24458247	2.7755477
751005	6717	0.18414694	2.6927373
751005	6718	0.23611909	2.7303202
751005	6719	0.1384142	2.6994581
751005	6720	0.16597527	2.7470908
751005	6721	0.066498816	2.799656
751005	6722	0.1724081	2.725219
751005	6723	0.051846266	2.8099597
751005	6724	0.1683473	2.7187884
751005	6725	0.03613901	2.8076756
751005	6726	0.16404408	2.7303913
751005	6727	0.019498229	2.844084
751005	6728	0.1526506	2.7433264
751005	6729	0.008526564	2.8606079
751005	6730	0.19690698	2.7469065
751005	6731	0.064845264	2.7804244
751005	6732	0.14555109	2.7691958
751005	6733	0.10497016	2.7043042
751005	6734	0.06861663	2.8849797
751005	6735	0.04251325	2.9019241
751005	6736	-0.33999377	3.4790113
751005	6737	0.11462438	2.9228005
751005	6738	0.018358827	2.898846
751005	6739	-0.39635968	3.6808183
751005	6740	-0.33315137	3.5423396
751005	6741	0.5684142	2.2874024
751005	6742	0.032065332	3.1458354
751005	6743	0.08554971	3.079248
751005	6744	0.23456585	2.769221
751005	6745	-0.3245061	3.5562031
751005	6746	-0.8285572	2.820275
751005	6747	0.93193567	1.567152
751005	6748	1.0392526	1.3205669
751005	6749	1.9528221	0.53042555
751005	6750	0.67961204	1.8922989
751005	6751	0.80719924	1.8839633
751005	6752	0.70751894	1.9046981
751005	6753	0.6504425	2.0152922
751005	6754	0.72912276	1.9791183
751005	6755	0.8468325	1.7943165
751005	6756	0.9515492	1.6967196
751005	6757	0.96422374	1.6996372
751005	6758	0.92432976	1.7826114
751005	6759	0.84236836	1.873904
751005	6760	0.7374767	2.0411243
751005	6761	0.5053737	2.214818
751005	6762	0.5524503	0.68843126
751005	6763	0.19287801	0.5370952
751005	6764	0.44549954	0.43519387
751005	6765	0.53783596	0.43191794
751005	6766	2.2782917	-0.023746371
751005	6767	2.2780814	0.038578928
751005	6768	2.0484195	0.26818374
751005	6769	2.1954155	0.19466558
751005	6770	2.187952	0.14941707
751005	6771	1.8179344	0.57860696
751005	6772	1.8072091	0.48787537
751005	6773	2.3073797	0.1283181
751005	6774	2.3466644	0.17186746
751005	6775	2.29742	0.25881758
751005	6776	2.2140784	0.31097278
751005	6777	2.3153467	0.22070238
751005	6778	2.5603828	0.02818939
751005	6779	2.9639535	-0.27146488
751005	6780	3.4058232	-0.42971048
751005	6781	2.919125	-0.15078464
751005	6782	2.152145	0.3879222
751005	6783	2.1754951	0.30284855
751005	6784	2.222404	0.23741099
751005	6785	2.860629	-0.29400244
751005	6786	3.4382515	-0.48088247
751005	6787	2.8876886	-0.171074
751005	6788	2.898284	-0.21706648
751005	6789	2.2092214	0.29747155
751005	6790	2.379025	0.12801477
751005	6791	2.2464495	0.24026772
751005	6792	2.3712177	0.15150794
751005	6793	2.4443765	0.11722949
751005	6794	2.4246254	0.1626055
751005	6795	2.401534	0.16732326
751005	6796	2.3910937	0.20735434
751005	6797	2.4720626	0.10232851
751005	6798	2.6096559	0.009328455
751005	6799	2.609757	0.03941676
751005	6800	3.0933585	-0.3639009
751005	6801	3.59511	-0.58804774
751005	6802	2.9493408	-0.16062406
751005	6803	2.190948	0.39544055
751005	6804	2.2227669	0.3040305
751005	6805	1.5138694	1.0637558
751005	6806	1.8135978	0.53692186
751005	6807	1.9190215	-0.99611485
751005	6808	1.356266	-0.5467375
751005	6809	1.0512152	-0.3301933
751005	6810	1.0555707	-0.38799468
751005	6811	1.4078016	0.8435105
751005	6812	1.8552653	0.32327983
751005	6813	1.8817259	0.29437014
751005	6814	1.0937289	1.2087202
751005	6815	1.4327296	0.79058254
751005	6816	2.213151	-0.032573044
751005	6817	1.0012925	1.3201752
751005	6818	0.5687014	0.15007183
751005	6819	0.764204	-0.19779181
751005	6820	0.6357174	0.052203625
751005	6821	0.53067493	0.12932512
751005	6822	0.09844744	0.65831244
751005	6823	0.8499758	-0.36132088
751005	6824	0.7600483	-0.35857275
751005	6825	0.71480346	-0.2898146
751005	6826	0.728994	-0.26298153
751005	6827	2.4774895	-0.3334939
751005	6828	2.6250768	-0.39364496
751005	6829	1.1221025	-0.5202231
751005	6830	1.1520821	0.96660244
751005	6831	1.0362598	1.0022423
751005	6832	1.7326413	0.24208894
751005	6833	0.6410644	1.3763506
751005	6834	0.622476	1.5408454
751005	6835	0.59735453	1.6157982
751005	6836	0.2439276	0.41347244
751005	6837	0.6490445	-0.27954936
751005	6838	0.21032113	0.22592244
751005	6839	0.08546239	0.55007803
751005	6840	2.174005	-0.17392832
751005	6841	2.2699924	-0.20137063
751005	6842	2.295188	-0.15496388
751005	6843	2.0090833	0.10656533
751005	6844	1.9296056	0.1380224
751005	6845	2.0819087	0.1054624
751005	6846	2.2034101	-0.0052064657
751005	6847	2.6451325	-0.25410396
751005	6848	2.651361	-0.35383576
751005	6849	2.8169808	-0.40888903
751005	6850	2.776801	-0.32297686
751005	6851	2.3283377	-0.13251233
751005	6852	2.6586409	-0.17923602
751005	6853	2.8120127	-0.4581566
751005	6854	2.6345153	-0.2757188
751005	6855	2.8844204	-0.64716744
751005	6856	2.9949775	-0.4187013
751005	6857	2.7982883	-0.56976265
751005	6858	2.8545518	-0.54988086
751005	6859	3.0504675	-0.61565936
751005	6860	2.5700173	-0.3516563
751005	6861	2.8512135	-0.63616747
751005	6862	3.1139903	-0.74831736
751005	6863	3.2638035	-0.7523885
751005	6864	2.9659986	-0.584998
751005	6865	2.7567291	-0.38024858
751005	6866	2.2496953	-0.11194813
751005	6867	2.571859	-0.5062345
751005	6868	2.7824588	-0.46317253
751005	6869	2.7036128	-0.4794755
751005	6870	2.5880098	-0.28838694
751005	6871	2.4356027	-0.1963408
751005	6872	2.0083957	0.101095885
751005	6873	2.5058303	-0.3913382
751005	6874	2.740901	-0.38365835
751005	6875	2.583171	-0.20628747
751005	6876	2.6567073	-0.40515098
751005	6877	2.8193874	-0.4090188
751005	6878	2.780139	-0.3524291
751005	6879	2.7820244	-0.3613978
751005	6880	2.8493142	-0.4122269
751005	6881	2.9433851	-0.48310646
751005	6882	2.8579068	-0.46946928
751005	6883	3.0650868	-0.6042565
751005	6884	2.538087	-0.2905538
751005	6885	2.915485	-0.73697263
751005	6886	3.4071531	-0.79123867
751005	6887	2.8797832	-0.51170367
751005	6888	3.0815787	-0.69939077
751005	6889	2.9604912	-0.5164675
751005	6890	2.8580813	-0.43764043
751005	6891	2.8236904	-0.49088362
751005	6892	3.0459342	-0.5949772
751005	6893	2.7342105	-0.38771796
751005	6894	2.7473674	-0.4148533
751005	6895	2.7584362	-0.34280267
751005	6896	2.8841372	-0.50127065
751005	6897	3.046731	-0.6176987
751005	6898	3.6812158	-1.0285231
751005	6899	3.0445085	-0.5814194
751005	6900	2.380968	-0.11531389
751005	6901	2.1765003	0.022057444
751005	6902	2.4643493	-0.22561651
751005	6903	2.8463836	-0.5275684
751005	6904	2.6008172	-0.29386508
751005	6905	2.697177	-0.38617387
751005	6906	2.306696	-0.10230973
751005	6907	2.6839604	-0.43125227
751005	6908	2.6471176	-0.30476606
751005	6909	2.8163595	-0.51669824
751005	6910	3.000257	-0.5999952
751005	6911	1.9205166	-1.3518012
751005	6912	1.9482006	-1.3092688
751005	6913	1.845539	0.06897256
751005	6914	1.6038793	0.24133983
751005	6915	1.6565067	0.2700229
751005	6916	1.9884382	-0.08875996
751005	6917	1.6229748	0.36382875
751005	6918	1.6623656	0.20195952
751005	6919	2.8044238	-1.1788692
751005	6920	3.3689752	-1.0313677
751005	6921	3.306984	-0.9885986
751005	6922	2.9438	-0.72814775
751005	6923	2.930884	-0.71830034
751005	6924	2.985814	-0.7675444
751005	6925	0.95473015	-0.7902534
751005	6926	0.62797236	-0.7886512
751005	6927	0.73033595	-0.9343714
751005	6928	0.9372227	-1.0523314
751005	6929	1.0521197	-1.1573147
751005	6930	2.8609757	-0.7215331
751005	6931	3.0804725	-0.9518795
751005	6932	3.0129108	-0.8075937
751005	6933	0.97079945	-0.6873855
751005	6934	0.92284966	0.95253
751005	6935	0.89035654	0.9088814
751005	6936	2.4403315	-0.85930437
751005	6937	2.8689494	-0.6314755
751005	6938	2.9914126	-0.7023146
751005	6939	2.8757305	-0.5732915
751005	6940	2.7215686	-0.52587295
751005	6941	2.8907785	-0.65525794
751005	6942	2.826151	-0.60307014
751005	6943	0.6290773	-0.47645554
751005	6944	0.38356298	-0.47663763
751005	6945	0.4121688	-0.60896164
751005	6946	0.7843338	-0.9489452
751005	6947	1.0164821	-1.0861607
751005	6948	0.82206666	-0.83022773
751005	6949	2.8849216	-0.81624097
751005	6950	2.4153895	-0.5171538
751005	6951	2.2526622	-0.3373719
751005	6952	2.1118588	-0.317707
751005	6953	2.0244813	-0.30946067
751005	6954	2.3182755	-0.40629572
751005	6955	2.0123472	-0.18391776
751005	6956	2.1357245	-0.33087334
751005	6957	1.8805581	-0.002851814
751005	6958	1.2292914	0.7117287
751005	6959	2.3611832	-0.64983255
751005	6960	1.7213832	0.11935106
751005	6961	2.1453114	-0.19767657
751005	6962	2.1687698	-0.309344
751005	6963	1.7722496	0.017977655
751005	6964	2.2964249	-0.37459415
751005	6965	2.5488167	-0.6439465
751005	6966	2.4855566	-0.5591852
751005	6967	2.4596205	-0.55090904
751005	6968	2.721218	-0.77139586
751005	6969	2.8199897	-0.8709489
751005	6970	2.711444	-0.7503222
751005	6971	2.506878	-0.63890153
751005	6972	2.6617832	-0.6917666
751005	6973	2.3936481	-0.53171974
751005	6974	2.8323097	-0.795384
751005	6975	2.713379	-0.8495594
751005	6976	3.025957	-0.9568895
751005	6977	2.8581338	-0.8068629
751005	6978	2.7155228	-0.79820883
751005	6979	2.57266	-0.5790262
751005	6980	2.6022277	-0.64627236
751005	6981	2.6523952	-0.6888743
751005	6982	2.2464175	-0.45380944
751005	6983	2.5812535	-0.79584014
751005	6984	2.6773648	-0.7702713
751005	6985	2.4010196	-0.3971268
751005	6986	2.4202805	-0.5921048
751005	6987	2.5556326	-0.6562948
751005	6988	2.47304	-0.42755383
751005	6989	2.893546	-0.9445301
751005	6990	3.6164942	-1.3036432
751005	6991	2.9156003	-0.79819936
751005	6992	2.0654898	-0.1532126
751005	6993	2.0801072	-0.3592189
751005	6994	2.1750054	-0.31932014
751005	6995	2.811378	-0.850368
751005	6996	3.5175452	-1.1906437
751005	6997	2.7725601	-0.6732738
751005	6998	1.9572777	-0.033316582
751005	6999	2.046606	-0.3042894
751005	7000	2.344769	-0.45279783
751005	7001	2.3845372	-0.41474774
751005	7002	2.349177	-0.32619256
751005	7003	2.3138394	-0.3757783
751005	7004	2.3316712	-0.338192
751005	7005	2.312725	-0.36974397
751005	7006	2.3711195	-0.42806765
751005	7007	2.4730554	-0.42494544
751005	7008	2.4435077	-0.39701045
751005	7009	2.3290086	-0.30199036
751005	7010	2.1718717	-0.12032449
751005	7011	1.7385968	0.3306634
751005	7012	1.6234566	0.301572
751005	7013	1.5751449	0.36689398
751005	7014	1.2425195	0.65720046
751005	7015	1.2891576	0.5588906
751005	7016	1.2908154	0.5826216
751005	7017	1.1630192	0.68781805
751005	7018	1.3811557	0.35355332
751005	7019	2.794548	-0.85406816
751005	7020	2.029296	0.114567965
751005	7021	1.6097435	0.4066529
751005	7022	1.557691	0.39869913
751005	7023	1.6968857	0.2880576
751005	7024	0.9616486	1.1471988
751005	7025	1.1922843	0.8187667
751005	7026	0.4452548	1.7817347
751005	7027	-0.34892374	0.8757217
751005	7028	0.051550925	0.12231538
751005	7029	0.17925763	0.15679726
751005	7030	0.03458333	0.53217983
751005	7031	0.18744367	0.26172718
751005	7032	-0.080566734	0.5791205
751005	7033	1.1063813	0.36842576
751005	7034	1.1452665	0.28672346
751005	7035	1.2825575	0.22571906
751005	7036	1.318048	0.19660965
751005	7037	1.3102672	0.22858831
751005	7038	1.6712457	0.028073937
751005	7039	1.4074084	0.37936923
751005	7040	1.1389056	0.6840631
751005	7041	1.0471766	0.7256247
751005	7042	1.0553339	0.7331836
751005	7043	0.55169284	1.3122644
751005	7044	0.49467313	1.4455084
751005	7045	0.5706636	1.4389563
751005	7046	0.68793964	1.2674477
751005	7047	0.64643264	1.3935099
751005	7048	0.57498014	1.5750537
751005	7049	0.4210739	1.8024414
751005	7050	0.7279134	1.2911233
751005	7051	0.8409941	1.0981547
751005	7052	1.4805983	0.21068296
751005	7053	1.7103287	0.257794
751005	7054	1.1900743	0.9083308
751005	7055	1.1486096	0.764164
751005	7056	1.0481528	0.98068845
751005	7057	0.9995893	1.0250674
751005	7058	1.004501	0.9583297
751005	7059	0.95403576	1.0426092
751005	7060	0.92283237	1.1362226
751005	7061	0.95309377	1.0399799
751005	7062	0.86708343	1.2067021
751005	7063	0.88730586	1.1056633
751005	7064	0.83770967	1.2271643
751005	7065	0.8409468	1.2444074
751005	7066	0.8764676	1.1220849
751005	7067	0.82505083	1.2532941
751005	7068	0.49824333	1.8093739
751005	7069	0.5573151	1.7137737
751005	7070	0.5166489	1.6318843
751005	7071	0.15871525	2.261748
751005	7072	1.2965887	0.59940004
751005	7073	1.3143451	0.6238426
751005	7074	1.0327933	1.1242534
751005	7075	0.9835479	1.1457531
751005	7076	0.797531	1.365068
751005	7077	0.66063213	1.5069584
751005	7078	0.5935997	1.6358919
751005	7079	0.09664124	2.2341244
751005	7080	-0.027450174	2.4580257
751005	7081	-0.061728477	2.5808237
751005	7082	-0.038579196	2.522122
751005	7083	0.016663909	2.4245589
751005	7084	0.019173682	2.3324459
751005	7085	-0.031087697	2.4598303
751005	7086	0.033618033	2.3756478
751005	7087	0.04324919	2.2793057
751005	7088	-0.44112453	3.1932764
751005	7089	-0.22153756	2.8502717
751005	7090	-0.20230678	2.6741943
751005	7091	0.9409491	1.0586522
751005	7092	0.1077832	2.3833108
751005	7093	0.05415064	2.4468687
751005	7094	1.3274039	0.61522424
751005	7095	0.9270729	1.2929734
751005	7096	-0.16059804	2.7666264
751005	7097	0.47495496	1.777627
751005	7098	0.2552998	2.0566275
751005	7099	0.24297279	2.0694718
751005	7100	0.005588293	2.4758766
751005	7101	0.23865104	2.069922
751005	7102	0.6104909	1.7093017
751005	7103	0.85213923	1.2385279
751005	7104	0.7493278	1.3470222
751005	7105	0.34152222	1.9383855
751005	7106	0.26039064	2.2515328
751005	7107	0.5294149	1.8755662
751005	7108	0.53315353	1.899163
751005	7109	0.27294272	2.018959
751005	7110	0.53387296	1.6856115
751005	7111	0.252613	2.1404126
751005	7112	0.3284636	2.045356
751005	7113	0.33621806	1.9153748
751005	7114	0.43052673	1.8165658
751005	7115	0.86779284	1.2962625
751005	7116	0.7103807	1.579617
751005	7117	0.1815356	2.1932335
751005	7118	-0.35797277	3.3862212
751005	7119	-0.14056632	2.902864
751005	7120	-0.16543743	2.8819873
751005	7121	-0.31909236	3.0857198
751005	7122	-0.40887672	3.5232434
751005	7123	-1.0120444	2.2996314
751005	7124	0.87329245	0.9386586
751005	7125	0.6805675	1.0296279
751005	7126	0.76258373	1.1161505
751005	7127	0.8117807	1.0001273
751005	7128	0.81260514	0.99489534
751005	7129	1.240282	0.5256007
751005	7130	1.4727675	0.38012347
751005	7131	1.544135	0.35059062
751005	7132	0.5284382	1.4705447
751005	7133	0.2741595	1.9675472
751005	7134	0.21489948	1.9802847
751005	7135	0.20393664	2.1252344
751005	7136	0.4273656	1.9687612
751005	7137	0.26999032	1.902813
751005	7138	0.3098129	1.8081977
751005	7139	0.29951012	1.9475353
751005	7140	0.24225491	2.044099
751005	7141	0.2908718	0.6452552
751005	7142	0.3922302	0.06091574
751005	7143	0.26779372	0.30936763
751005	7144	0.23255229	0.34459266
751005	7145	0.5321264	-0.07422671
751005	7146	0.2534114	0.22901651
751005	7147	0.41062814	0.017819017
751005	7148	0.5952369	-0.2244679
751005	7149	0.43273723	1.5288496
751005	7150	0.5136678	1.4604911
751005	7151	1.3151217	0.3723903
751005	7152	0.24706602	1.9085846
751005	7153	1.450405	-0.08484012
751005	7154	1.4486419	0.2860621
751005	7155	1.6035496	0.3178728
751005	7156	1.6666192	0.22523603
751005	7157	1.888811	0.08153984
751005	7158	1.6836468	0.4388499
751005	7159	1.6044222	0.2297307
751005	7160	2.011621	-0.115327924
751005	7161	0.8049108	1.2887707
751005	7162	0.38338548	1.9996448
751005	7163	1.8215426	0.016214788
751005	7164	0.667171	1.558588
751005	7165	0.5927986	1.8798792
751005	7166	-0.13798597	3.261975
751005	7167	0.7049451	1.521045
751005	7168	1.8363575	0.006647557
751005	7169	2.4476552	-0.015574098
751005	7170	1.511962	0.9891702
751005	7171	1.7838565	0.5450816
751005	7172	1.3190306	1.0965406
751005	7173	1.2346314	1.2558641
751005	7174	0.67421544	2.160763
751005	7175	1.025149	1.3916123
751005	7176	1.1581008	1.1975305
751005	7177	1.1288779	1.1837893
751005	7178	0.9820323	1.327789
751005	7179	0.7864959	1.6778417
751005	7180	1.0345291	1.1857946
751005	7181	0.7909143	1.5459802
751005	7182	1.4105607	0.48540267
751005	7183	0.8585788	1.6383684
751005	7184	0.8107952	1.6579864
751005	7185	0.63173294	1.808934
751005	7186	0.82103693	1.4305456
751005	7187	0.8822155	1.3929688
751005	7188	1.1287678	1.0640377
751005	7189	1.1654323	1.006522
751005	7190	1.0799253	1.1347104
751005	7191	0.91160595	1.3890435
751005	7192	1.0602212	1.2511636
751005	7193	0.8872049	1.3997635
751005	7194	0.6764151	1.8192141
751005	7195	0.56070423	1.9197738
751005	7196	0.62018263	1.8392565
751005	7197	0.60773206	1.8096757
751005	7198	1.4423307	0.5777265
751005	7199	0.46178418	1.8548138
751005	7200	0.28380984	2.4442995
751005	7201	0.40841687	1.9806261
751005	7202	0.73175836	1.5040779
751005	7203	1.1101611	1.1738926
751005	7204	0.4778778	1.9693983
751005	7205	0.3534574	2.0931559
751005	7206	0.23401636	2.3676977
751005	7207	0.2091611	2.496732
751005	7208	0.18103772	2.5399077
751005	7209	0.21342212	2.3580313
751005	7210	0.26066083	2.3339577
751005	7211	0.588578	1.7241683
751005	7212	0.9965346	1.3074081
751005	7213	0.5584159	1.9209757
751005	7214	0.3262946	2.089618
751005	7215	0.59383607	1.7631655
751005	7216	0.8781115	1.2842491
751005	7217	0.9797472	1.1034575
751005	7218	1.2171879	0.9066491
751005	7219	0.9215077	1.1503098
751005	7220	0.8082613	1.4285173
751005	7221	1.2117882	0.6681161
751005	7222	1.439897	0.71627474
751005	7223	1.3568599	0.626132
751005	7224	1.6244484	0.2877839
751005	7225	2.0142174	0.10925099
751005	7226	1.3140584	0.89623094
751005	7227	0.8598751	1.234745
751005	7228	0.7881993	1.392588
751005	7229	1.4004675	0.470408
751005	7230	2.2059135	-0.17581859
751005	7231	1.7006856	0.57208526
751005	7232	0.9517325	1.1774063
751005	7233	1.0900996	0.9698541
751005	7234	0.8226495	1.4185308
751005	7235	0.88696706	1.3861256
751005	7236	0.7004266	1.6531532
751005	7237	0.71581626	1.5970798
751005	7238	0.164383	2.588462
751005	7239	0.5320177	1.9106457
751005	7240	0.45523322	1.9388237
751005	7241	0.5039437	1.939687
751005	7242	0.4026832	2.007751
751005	7243	0.44760364	2.0090866
751005	7244	0.4473586	1.8583097
751005	7245	1.1879814	0.8562486
751005	7246	0.30184186	2.1105444
751005	7247	0.54336286	1.7635899
751005	7248	1.4725918	0.41567907
751005	7249	0.9320538	1.2298558
751005	7250	1.1001812	0.99069166
751005	7251	0.9636221	1.1867772
751005	7252	0.77738094	1.4356736
751005	7253	0.74226725	1.3820581
751005	7254	1.1731255	0.8490559
751005	7255	0.9337864	1.2499586
751005	7256	1.0271853	1.0854477
751005	7257	0.81043804	1.2807413
751005	7258	1.227362	0.8059149
751005	7259	0.97239304	1.2195617
751005	7260	1.0679698	1.0476841
751005	7261	0.8460051	1.246596
751005	7262	1.1131116	0.9294678
751005	7263	0.8352543	1.3800677
751005	7264	0.982388	1.1545484
751005	7265	0.8145838	1.2792822
751005	7266	1.0758523	0.96632063
751005	7267	0.79130435	1.4269634
751005	7268	0.94485474	1.1443173
751005	7269	0.8100482	1.2973462
751005	7270	1.1701571	0.8637351
751005	7271	0.8949785	1.3191513
751005	7272	1.0279669	1.1146487
751005	7273	1.088397	0.9464961
751005	7274	0.9409102	1.2005055
751005	7275	0.9073858	1.2710813
751005	7276	0.69228566	1.4842659
751005	7277	0.92527664	1.1484568
751005	7278	0.51275	1.7601523
751005	7279	0.5609561	1.7065737
751005	7280	1.7608222	0.14159867
751005	7281	1.417168	0.7921599
751005	7282	1.2421842	1.0052536
751005	7283	1.6658612	0.4897355
751005	7284	1.5635289	0.70594966
751005	7285	1.0043371	1.3120983
751005	7286	1.0127382	1.1615235
751005	7287	0.9851382	1.1593795
751005	7288	1.1947157	0.97379506
751005	7289	1.1741704	1.0474677
751005	7290	1.2636775	0.91332114
751005	7291	1.3095461	0.8583952
751005	7292	1.2853367	0.8887043
751005	7293	1.7706636	0.3469757
751005	7294	1.929391	0.3850372
751005	7295	1.8069474	0.71039355
751005	7296	2.886168	-0.48786438
751005	7297	1.4625654	0.99983764
751005	7298	2.3402648	-0.15140972
751005	7299	2.4550357	0.02593267
751005	7300	1.5280775	0.8457055
751005	7301	3.0793505	-0.81345224
751005	7302	2.8375225	-0.084953874
751005	7303	2.0543628	0.29009053
751005	7304	1.9408752	0.33753744
751005	7305	1.8694147	0.34558293
751005	7306	1.5213882	0.61974347
751005	7307	2.0466657	0.10415748
751005	7308	2.7103586	-0.29589915
751005	7309	2.1031375	0.33301553
751005	7310	1.3992205	0.7758466
751005	7311	1.85907	0.22662583
751005	7312	2.434238	-0.11722693
751005	7313	1.9720062	0.3758277
751005	7314	1.3397353	0.80619407
751005	7315	0.8567599	1.3323994
751005	7316	2.1767964	-0.2263889
751005	7317	1.9742438	0.39885095
751005	7318	2.5046349	-0.14840531
751005	7319	2.5285177	-0.074163854
751005	7320	1.8982714	0.44123724
751005	7321	1.2522742	0.88006663
751005	7322	0.8283609	1.3617262
751005	7323	1.3956673	0.6605269
751005	7324	1.4890635	0.5829203
751005	7325	2.676682	-0.57031184
751005	7326	2.820304	-0.19431716
751005	7327	1.7654716	0.57593656
751005	7328	0.9473473	1.1753136
751005	7329	0.93026507	1.2566229
751005	7330	0.7816646	1.4894056
751005	7331	0.71781874	1.5615113
751005	7332	0.88214946	1.4343328
751005	7333	0.7144135	1.594141
751005	7334	0.552829	1.7503598
751005	7335	0.5715816	1.6678057
751005	7336	0.70076096	1.5669937
751005	7337	0.28950435	2.1592581
751005	7338	0.7493669	1.4650905
751005	7339	0.70068574	1.5170882
751005	7340	0.7778981	1.4563043
751005	7341	0.7386241	1.4489981
751005	7342	0.7552124	1.4699278
751005	7343	0.8317059	1.4055383
751005	7344	1.363489	0.6642971
751005	7345	0.43761545	1.9518158
751005	7346	0.73500407	1.5457709
751005	7347	0.7407124	1.4797901
751005	7348	0.7186742	1.6263101
751005	7349	0.5978321	1.7195046
751005	7350	0.65322423	1.7276254
751005	7351	0.6459116	1.5965219
751005	7352	0.7193005	1.5037653
751005	7353	0.6216419	1.6921778
751005	7354	0.66658616	1.7124755
751005	7355	0.6390412	1.7288482
751005	7356	0.62860334	1.6476972
751005	7357	0.61942184	1.7519033
751005	7358	0.56674576	1.7299855
751005	7359	0.4794339	1.8931026
751005	7360	0.7000952	1.5995016
751005	7361	0.5762311	1.6865816
751005	7362	0.5309013	1.7805355
751005	7363	1.509478	0.41296092
751005	7364	1.0740876	1.194458
751005	7365	0.95863545	1.2823206
751005	7366	0.8648068	1.2224793
751005	7367	1.4198817	0.6736709
751005	7368	1.406985	0.8381721
751005	7369	0.824705	1.4806149
751005	7370	0.8372916	1.3550858
751005	7371	1.233608	0.93143344
751005	7372	1.2309108	1.0163046
751005	7373	0.77667737	1.5355376
751005	7374	0.82619774	1.3813735
751005	7375	1.213428	0.96169245
751005	7376	1.2042621	1.050274
751005	7377	0.89035416	1.4187719
751005	7378	0.9319143	1.2659428
751005	7379	1.2944455	0.88398767
751005	7380	1.3380089	0.93170667
751005	7381	0.9127058	1.4127337
751005	7382	0.94873536	1.2722193
751005	7383	1.3200237	0.8532398
751005	7384	1.3804533	0.9081497
751005	7385	0.9225434	1.4218277
751005	7386	0.98728573	1.2467071
751005	7387	1.1415628	1.0787278
751005	7388	1.6672353	0.55423164
751005	7389	1.7516533	0.62822175
751005	7390	1.1891344	1.2187444
751005	7391	1.1635832	1.1022437
751005	7392	1.5136818	0.7098577
751005	7393	1.5480746	0.8105874
751005	7394	1.5143429	0.8004525
751005	7395	1.1190661	1.2469951
751005	7396	1.1717364	1.0733258
751005	7397	1.5329145	0.6921414
751005	7398	1.5880431	0.7623744
751005	7399	1.1707177	1.1977779
751005	7400	1.1848165	1.0639918
751005	7401	1.5320941	0.6956068
751005	7402	1.5826467	0.7706281
751005	7403	1.5222651	0.7891662
751005	7404	1.8779424	0.36978194
751005	7405	1.7422181	0.5295353
751005	7406	1.3754482	0.92827237
751005	7407	1.369698	0.80117273
751005	7408	1.3678737	0.7797669
751005	7409	1.76625	0.32400963
751005	7410	2.1109538	0.06911215
751005	7411	2.2185674	0.030673534
751005	7412	2.4768662	-0.009169549
751005	7413	2.2693872	-0.06940991
751005	7414	2.6239176	-0.1573222
751005	7415	2.3693886	-0.091768324
751005	7416	2.596836	-0.21881755
751005	7417	2.8391242	-0.4610189
751005	7418	2.735867	-0.2696712
751005	7419	2.784422	-0.34561878
751005	7420	2.591086	-0.15431437
751005	7421	2.3968186	-0.17828885
751005	7422	2.6112366	-0.29681018
751005	7423	2.7219973	-0.47483844
751005	7424	3.0893812	-0.5345683
751005	7425	3.0605698	-0.5421669
751005	7426	2.8634996	-0.5500077
751005	7427	3.1131186	-0.6498543
751005	7428	3.0893617	-0.64066863
751005	7429	3.2934017	-0.82237875
751005	7430	3.1545625	-0.6503482
751005	7431	2.9480138	-0.60504127
751005	7432	3.3637075	-0.7765413
751005	7433	2.8252187	-0.58637583
751005	7434	3.1295547	-0.7845253
751005	7435	2.784699	-0.61835927
751005	7436	3.3541422	-0.90151095
751005	7437	3.0502753	-0.7601539
751005	7438	3.3848119	-0.97661686
751005	7439	3.4433818	-0.93987966
751005	7440	3.2530265	-0.7476084
751005	7441	3.3538103	-0.91911334
751005	7442	3.2147412	-0.8582376
751005	7443	3.4474263	-1.0233761
751005	7444	3.8144574	-1.1328225
751005	7445	3.559957	-0.949232
751005	7446	3.2059784	-0.76465344
751005	7447	3.2720876	-0.83079886
751005	7448	3.2234683	-0.7873173
751005	7449	2.5479984	-0.29389983
751005	7450	2.2584867	-0.17909387
751005	7451	2.0629525	-0.07793936
751005	7452	2.4662886	-0.3848507
751005	7453	2.1164594	-0.15359944
751005	7454	2.3655877	-0.3441062
751005	7455	2.8040457	-0.73787487
751005	7456	2.7975354	-0.6257191
751005	7457	2.9748192	-0.7354964
751005	7458	2.6904345	-0.4767337
751005	7459	2.9220886	-0.7134869
751005	7460	3.0506182	-0.8261248
751005	7461	3.5283651	-1.0437653
751005	7462	3.1248894	-0.89405906
751005	7463	4.0621977	-1.5511054
751005	7464	4.6010003	-1.7366787
751005	7465	2.8223224	-1.9318998
751005	7466	2.8077006	-1.9293288
751005	7467	2.514832	-1.8732549
751005	7468	2.4852743	-1.9452305
751005	7469	2.9664621	-2.376092
751005	7470	2.8293338	-2.1350553
751005	7471	3.1387048	-2.4991536
751005	7472	2.8626213	-1.1649872
751005	7473	2.8339648	-1.1066097
751005	7474	2.8956103	-1.174086
751005	7475	2.5149517	-0.78727746
751005	7476	2.8073316	-1.0806766
751005	7477	2.1609955	-0.4319988
751005	7478	2.30897	-0.6350359
751005	7479	0.5713738	-0.7059184
751005	7480	0.4187969	-0.7692921
751005	7481	0.49702525	-0.8481761
751005	7482	1.219669	-1.2219847
751005	7483	1.2730827	0.30555227
751005	7484	0.91885376	0.6628375
751005	7485	1.0632176	0.4710872
751005	7486	1.072513	0.49549344
751005	7487	1.072698	0.71763074
751005	7488	1.029669	0.7016543
751005	7489	1.5790673	0.013780266
751005	7490	1.598287	0.061567396
751005	7491	1.0007436	0.9247507
751005	7492	1.2198159	0.591732
751005	7493	2.08526	-0.52291566
751005	7494	3.3569803	-1.2765326
751005	7495	2.5187054	-0.666122
751005	7496	3.059742	-1.0170543
751005	7497	2.6534748	-0.6400034
751005	7498	3.176075	-1.0779418
751005	7499	3.208302	-1.1046102
751005	7500	2.4607725	-0.39875346
751005	7501	2.599956	-0.7956074
751005	7502	2.7560244	-0.76001817
751005	7503	2.880755	-0.8676927
751005	7504	2.0763383	-1.989628
751005	7505	2.7572618	-2.3149757
751005	7506	3.964878	-1.6047051
751005	7507	4.143551	-1.8359369
751005	7508	2.5471191	-0.7405979
751005	7509	3.049294	-1.1910081
751005	7510	1.3066604	-1.5124955
751005	7511	1.2797226	-1.3478866
751005	7512	1.6389014	-1.9215351
751005	7513	0.94196916	-1.2129755
751005	7514	0.28100002	-0.28227878
751005	7515	2.2646585	-0.83116037
751005	7516	1.9351298	-0.40031847
751005	7517	0.77232885	-0.9879813
751005	7518	0.6610569	-1.1099218
751005	7519	0.8481196	-1.1002069
751005	7520	1.613113	-1.7822853
751005	7521	2.9095688	-1.4098325
751005	7522	1.8466512	-0.42112187
751005	7523	0.14826345	-0.41538048
751005	7524	0.637094	-0.627139
751005	7525	0.6797359	-1.1109385
751005	7526	0.8906244	-1.3022773
751005	7527	2.6747594	-0.9524486
751005	7528	3.155867	-1.3351386
751005	7529	0.8793402	-1.0368528
751005	7530	0.59370625	-0.8239846
751005	7531	0.31773722	-0.638241
751005	7532	0.867502	-1.3313308
751005	7533	1.4248085	-1.8417987
751005	7534	3.0291295	-1.5803633
751005	7535	3.0071998	-1.4680116
751005	7536	2.966599	-1.3954146
751005	7537	2.7636085	-1.2434053
751005	7538	2.4196687	-1.017887
751005	7539	1.2454032	-0.06370103
751005	7540	1.5627867	-0.45202106
751005	7541	1.9382392	-0.75713706
751005	7542	2.2697577	-0.95232236
751005	7543	0.553146	-0.9757016
751005	7544	-0.05335605	-0.03868988
751005	7545	-0.1066789	0.17934051
751005	7546	-0.10639262	0.1338062
751005	7547	-0.16669315	0.11539164
751005	7548	0.08743489	-0.3767259
751005	7549	0.3091964	-0.7637166
751005	7550	0.826758	-0.9884026
751005	7551	1.0836414	-1.1137555
751005	7552	1.267478	-1.4087725
751005	7553	0.8263334	-1.0241673
751005	7554	0.45991415	-0.6944933
751005	7555	0.21899426	-0.38993928
751005	7556	0.20840806	-0.30265445
751005	7557	-0.08791119	0.03731975
751005	7558	1.6702982	-0.14188549
751005	7559	1.8342475	-0.3418401
751005	7560	1.8029617	-0.24800044
751005	7561	1.806553	-0.20619488
751005	7562	2.124558	-0.6388916
751005	7563	2.2885213	-0.5799378
751005	7564	1.9019984	-0.23189773
751005	7565	3.078248	-1.3660679
751005	7566	1.8369094	-0.09000161
751005	7567	2.054245	-0.5770775
751005	7568	2.6372604	-0.9423562
751005	7569	2.842782	-1.0687909
751005	7570	2.6752086	-0.7133618
751005	7571	2.5064583	-0.84854937
751005	7572	2.981505	-1.2054707
751005	7573	3.1462936	-1.1839821
751005	7574	2.746951	-0.9243338
751005	7575	2.9704518	-1.1390185
751005	7576	3.305829	-1.2511743
751005	7577	2.987308	-0.9941008
751005	7578	1.7774855	-0.12465921
751005	7579	2.0786815	-0.49104932
751005	7580	2.0530677	-0.3364532
751005	7581	1.9690667	-0.3827206
751005	7582	2.5831704	-1.0493717
751005	7583	3.0294619	-0.98284435
751005	7584	2.883605	-1.079927
751005	7585	2.4044094	-0.65623856
751005	7586	2.2918925	-0.7153578
751005	7587	2.1421418	-0.4736157
751005	7588	2.3085618	-0.76214683
751005	7589	2.4642372	-0.633874
751005	7590	2.3331423	-0.74578273
751005	7591	2.881122	-1.0950487
751005	7592	2.0169768	-0.30274135
751005	7593	1.6163234	0.037817508
751005	7594	1.3562714	0.27741417
751005	7595	1.1963079	0.36968789
751005	7596	0.71095395	0.7988322
751005	7597	0.6793132	1.0338267
751005	7598	0.56631577	1.2306747
751005	7599	0.51013505	1.3159281
751005	7600	0.69022644	1.029299
751005	7601	0.8944925	0.7191973
751005	7602	0.5819051	1.1108203
751005	7603	0.41414094	1.2234612
751005	7604	1.1974828	0.3451272
751005	7605	0.6857579	1.1039294
751005	7606	0.30546606	1.5957084
751005	7607	0.60584116	1.228801
751005	7608	-0.26402566	2.746409
751005	7609	-0.13893944	2.5844953
751005	7610	-0.3564675	2.8296099
751005	7611	-0.36229968	2.762508
751005	7612	-0.25950873	2.7355628
751005	7613	-0.2493118	2.6519253
751005	7614	0.24044544	1.8039002
751005	7615	0.6781428	1.1156988
751005	7616	0.634763	1.402665
751005	7617	-0.554081	3.3294718
751005	7618	-0.5010205	3.079567
751005	7619	-0.6320781	3.1854959
751005	7620	0.4289025	1.320962
751005	7621	0.38843304	1.5622423
751005	7622	0.123485744	1.8474793
751005	7623	-1.134453	2.3035672
751005	7624	0.9318099	0.7713108
751005	7625	1.2665881	0.6563504
751005	7626	1.4473871	0.52873373
751005	7627	2.0705113	0.040278822
751005	7628	1.9146069	0.30409977
751005	7629	2.0137568	0.26650956
751005	7630	2.06176	0.23958239
751005	7631	2.1898875	0.15801474
751005	7632	2.251011	0.16516301
751005	7633	2.678153	-0.2741544
751005	7634	2.2603154	0.24945882
751005	7635	3.084753	-0.5315982
751005	7636	1.4707824	0.8717743
751005	7637	1.8519214	0.24240652
751005	7638	2.0033164	0.24859074
751005	7639	2.582326	-0.36271822
751005	7640	2.479803	0.04539022
751005	7641	2.439981	-0.14777705
751005	7642	0.8060578	-0.268554
751005	7643	0.5574752	-0.47328246
751005	7644	0.5503639	-0.44501048
751005	7645	0.2518968	-0.09177557
751005	7646	2.2867312	-0.2626696
751005	7647	2.5971208	-0.48614898
751005	7648	3.5174274	-1.0740438
751005	7649	2.1773314	-0.039250433
751005	7650	2.418499	-0.29107946
751005	7651	2.0045667	0.19339475
751005	7652	2.4849243	-0.7115962
751005	7653	3.1629581	-0.90058714
751005	7654	3.428863	-0.97840095
751005	7655	2.6053243	-1.828257
751005	7656	3.48385	-2.3031971
751005	7657	3.4055147	-2.1592276
751005	7658	3.5497317	-2.2930796
751005	7659	3.3287163	-0.8353187
751005	7660	1.4458023	-1.0535209
751005	7661	0.8499588	-0.50063354
751005	7662	0.7954191	-0.4533812
751005	7663	0.7617172	-0.4462209
751005	7664	0.8011683	-0.42431396
751005	7665	0.9640455	-0.53922147
751005	7666	1.4005047	-0.93498504
751005	7667	1.7625903	-1.2914691
751005	7668	3.3589587	-0.9108418
751005	7669	3.1750345	-0.823254
751005	7670	2.0087295	-1.1138414
751005	7671	2.2063618	-1.2751534
751005	7672	2.2147007	-1.4024035
751005	7673	3.5973926	-0.9979291
751005	7674	0.7050333	-0.52764523
751005	7675	0.85246503	-0.5619148
751005	7676	2.738956	-0.9062592
751005	7677	3.104735	-1.0353352
751005	7678	2.2792325	-0.49832264
751005	7679	2.9127684	-0.9393294
751005	7680	3.247336	-1.0190039
751005	7681	2.2611556	-1.9474405
751005	7682	2.5179043	-1.8453082
751005	7683	3.0429053	-2.0874434
751005	7684	2.3070598	-1.6880845
751005	7685	2.2438154	-1.7161167
751005	7686	3.1098533	-2.244131
751005	7687	2.8711782	-2.184837
751005	7688	3.1590729	-2.3190284
751005	7689	2.7996106	-2.0951335
751005	7690	2.9787335	-2.1322324
751005	7691	2.9512305	-2.2056181
751005	7692	3.514865	-2.4919028
751005	7693	2.9857955	-2.2086987
751005	7694	2.4878225	-1.8718586
751005	7695	2.4303684	-1.9077358
751005	7696	2.587955	-1.769123
751005	7697	2.1433258	-1.4909428
751005	7698	1.6170171	-1.1788912
751005	7699	1.2748214	-0.9581822
751005	7700	1.1530522	-0.847551
751005	7701	1.1819563	-0.91033554
751005	7702	1.1395938	-0.94280636
751005	7703	1.1776302	-0.9173732
751005	7704	1.0895349	-0.82696843
751005	7705	1.0411769	-0.7837715
751005	7706	1.2409133	-1.1050313
751005	7707	1.2434824	-0.9332601
751005	7708	1.1666018	-0.93657583
751005	7709	1.0808835	-0.7151358
751005	7710	0.8788245	-0.59250295
751005	7711	0.6537709	-0.45859623
751005	7712	0.6176723	-0.3796801
751005	7713	0.4025615	-0.20332345
751005	7714	0.539237	-0.3109049
751005	7715	0.3452297	-0.19484675
751005	7716	0.39863276	-0.1889469
751005	7717	0.74191093	-0.91443145
751005	7718	1.160853	-1.0469488
751005	7719	1.6416842	-1.5630903
751005	7720	2.2032423	-2.0380108
751005	7721	3.0484066	-1.2769614
751005	7722	0.46185923	-0.7462283
751005	7723	0.8418509	-0.972548
751005	7724	0.69351244	-0.5543481
751005	7725	1.7459062	-0.1917009
751005	7726	1.3274401	0.11520097
751005	7727	1.1662414	0.33777443
751005	7728	1.0976638	0.39248505
751005	7729	1.2677631	0.18089256
751005	7730	1.2881049	0.19954208
751005	7731	1.1013411	0.38858446
751005	7732	1.1267315	0.45961556
751005	7733	0.30587047	0.07291272
751005	7734	0.22915834	-0.023131043
751005	7735	0.4702443	-0.44642988
751005	7736	2.0278354	-0.52569675
751005	7737	0.92782533	0.79438627
751005	7738	0.9491236	0.678288
751005	7739	0.9390787	0.68365884
751005	7740	1.007604	0.5483786
751005	7741	1.1102672	0.52855825
751005	7742	1.0845349	0.6267638
751005	7743	1.0833923	0.6637782
751005	7744	0.13898051	0.29852316
751005	7745	0.23817879	-0.44249347
751005	7746	0.29811823	-0.47654346
751005	7747	1.3930708	-1.3427771
751005	7748	1.3281136	-0.86127186
751005	7749	1.1963286	-0.8655827
751005	7750	0.95740867	-0.6472686
751005	7751	0.61112535	-0.40254474
751005	7752	0.40502846	-0.18015087
751005	7753	0.404297	-0.23496172
751005	7754	0.54937375	-0.34735787
751005	7755	0.73847103	-0.8115428
751005	7756	0.47774673	-1.8260986
751005	7757	0.47679245	-1.7143198
751005	7758	0.21437931	-0.22151214
751005	7759	0.20170891	-0.13537589
751005	7760	-0.18357891	0.26182023
751005	7761	-0.049642712	-0.005524814
751005	7762	0.379726	-0.46302432
751005	7763	0.5376998	-0.73110676
751005	7764	0.6906936	-0.9229238
751005	7765	0.6568116	-0.7751346
751005	7766	0.7626891	-0.8600128
751005	7767	0.4087234	-0.7332005
751005	7768	0.72305954	-1.196022
751005	7769	1.04856	-1.343912
751005	7770	1.3423002	-1.5906043
751005	7771	1.0059849	-1.2266111
751005	7772	2.4232655	-0.81961644
751005	7773	1.4369456	0.13443616
751005	7774	1.4558995	0.09999552
751005	7775	1.4979655	-0.014095843
751005	7776	1.272496	0.29816726
751005	7777	1.070637	0.5063242
751005	7778	0.43438053	1.5684154
751005	7779	0.39301568	1.7059252
751005	7780	0.35092497	1.711451
751005	7781	0.3283127	-0.1349949
751005	7782	-0.11457798	0.39372227
751005	7783	1.4563432	0.13072792
751005	7784	1.4067956	0.051182657
751005	7785	1.2608188	0.29446313
751005	7786	1.5140165	-0.010697126
751005	7787	1.9356879	-0.08124587
751005	7788	2.255941	-0.65292203
751005	7789	2.7580361	-0.8346803
751005	7790	2.8273263	-0.89155036
751005	7791	3.4015937	-1.2694703
751005	7792	2.240933	-0.4616201
751005	7793	2.0207443	-0.22055843
751005	7794	2.2301412	-0.766816
751005	7795	2.7649179	-0.81174767
751005	7796	2.722149	-0.97697127
751005	7797	2.8701801	-0.94448906
751005	7798	2.998344	-1.00676
751005	7799	2.8624172	-1.003992
751005	7800	2.513667	-0.8470166
751005	7801	2.9073682	-1.1180398
751005	7802	3.075119	-1.3206036
751005	7803	3.2929382	-1.2321978
751005	7804	2.9287448	-1.1022966
751005	7805	3.1934133	-1.2424879
751005	7806	3.4742222	-1.393177
751005	7807	2.9856682	-1.1471773
751005	7808	3.0213618	-1.2936857
751005	7809	3.491774	-1.4752822
751005	7810	3.50309	-1.3370361
751005	7811	3.2434359	-1.360479
751005	7812	3.9170227	-1.7564156
751005	7813	1.6431392	-0.07458043
751005	7814	1.2050953	0.23813817
751005	7815	1.4486187	0.13376638
751005	7816	1.5609828	-0.040614188
751005	7817	1.8224682	-0.21463141
751005	7818	1.4097867	0.042279214
751005	7819	1.7432476	-0.08467886
751005	7820	1.836579	-0.21606217
751005	7821	1.9180545	-0.21894787
751005	7822	2.1601686	-0.36109504
751005	7823	1.9342571	-0.35860503
751005	7824	2.2405767	-0.3213346
751005	7825	1.7803704	-0.16753945
751005	7826	1.8213125	-0.14927018
751005	7827	1.8016199	-0.103042245
751005	7828	1.989932	-0.12692213
751005	7829	1.6914243	-0.15982318
751005	7830	1.9091011	-0.2351507
751005	7831	2.1472578	-0.23976266
751005	7832	2.1933355	-0.32347235
751005	7833	2.6902514	-0.8621627
751005	7834	3.1370063	-0.9723933
751005	7835	1.8689405	-0.048861146
751005	7836	1.5802473	0.07021019
751005	7837	1.5676373	0.10236356
751005	7838	1.9847034	-0.34040442
751005	7839	2.6357994	-0.6144876
751005	7840	1.7809163	0.031229258
751005	7841	1.6204103	0.079955846
751005	7842	1.6993572	-0.009296536
751005	7843	2.6654477	-1.020482
751005	7844	3.4711032	-1.4400163
751005	7845	3.6534033	-1.4250132
751005	7846	3.2573695	-1.3327312
751005	7847	3.5930772	-1.5513436
751005	7848	3.5264096	-1.5306603
751005	7849	3.2361312	-1.4521519
751005	7850	3.4621515	-1.6502045
751005	7851	3.1568055	-1.3007749
751005	7852	2.8408327	-1.2587596
751005	7853	3.0261555	-1.3356951
751005	7854	3.210454	-1.5618522
751005	7855	3.7502036	-1.8899212
751005	7856	3.5746088	-1.7043028
751005	7857	2.9659333	-1.3818634
751005	7858	2.675129	-1.1338397
751005	7859	2.8201413	-1.2975138
751005	7860	2.0085802	-0.5844083
751005	7861	2.1617498	-0.56196547
751005	7862	2.054994	-0.5115643
751005	7863	0.8404472	0.6460595
751005	7864	1.0967066	0.3078275
751005	7865	1.6621634	-0.246474
751005	7866	1.3632408	0.06930235
751005	7867	2.0921125	-0.532539
751005	7868	3.224162	-1.777093
751005	7869	4.0138345	-2.195111
751005	7870	4.247985	-2.3068748
751005	7871	4.3944955	-2.4306285
751005	7872	4.506712	-2.5319107
751005	7873	2.7134013	-2.3470693
751005	7874	1.9175197	-2.2360322
751005	7875	2.106155	-2.445127
751005	7876	1.9982244	-1.560017
751005	7877	1.2426758	-1.1500963
751005	7878	0.6830368	-0.77953124
751005	7879	0.50041103	-0.5545394
751005	7880	0.008381009	0.032631934
751005	7881	-0.10840532	0.22344932
751005	7882	-0.13754553	0.2094399
751005	7883	-0.12856603	-0.00013682246
751005	7884	0.009865224	-0.075947225
751005	7885	-0.2828064	0.4713588
751005	7886	-0.22237003	0.19128111
751005	7887	0.07015711	-0.35642153
751005	7888	0.29953212	-0.69651794
751005	7889	0.3169517	-0.71512765
751005	7890	0.52914155	-0.8481996
751005	7891	0.83867157	-0.91256404
751005	7892	0.42328155	-0.50672287
751005	7893	-0.044792384	0.02406156
751005	7894	2.0650673	-0.56982493
751005	7895	1.5867063	0.030124128
751005	7896	1.4637781	-0.8303748
751005	7897	1.107392	-0.66224086
751005	7898	1.0433781	-0.61276805
751005	7899	1.4828018	-1.3104239
751005	7900	1.8019024	-1.796736
751005	7901	2.2567124	-1.7726537
751005	7902	2.220542	-1.9169673
751005	7903	2.3534613	-2.0133138
751005	7904	2.460857	-1.8054367
751005	7905	2.1135535	-1.830702
751005	7906	2.2407622	-1.6060683
751005	7907	1.8433226	-1.5471768
751005	7908	2.859489	-1.0491503
751005	7909	2.8780665	-1.0201485
751005	7910	2.8722134	-0.9447497
751005	7911	2.9833078	-1.050348
751005	7912	1.3251232	-0.8279644
751005	7913	1.092688	-0.8203567
751005	7914	1.0229932	-0.7387936
751005	7915	2.6826096	-0.89249414
751005	7916	2.747888	-0.872548
751005	7917	2.8008695	-0.8354944
751005	7918	2.8562746	-0.94202197
751005	7919	1.200582	-0.6541471
751005	7920	0.9241972	-0.63363546
751005	7921	0.87235737	-0.5964179
751005	7922	2.5845194	-0.82650626
751005	7923	2.6927357	-0.8366904
751005	7924	2.7140737	-0.7551935
751005	7925	0.9715948	-0.4054035
751005	7926	0.6872885	-0.29719323
751005	7927	0.5704421	-0.20821178
751005	7928	0.87731504	-0.71406436
751005	7929	1.2701128	-1.0713826
751005	7930	1.2450135	-0.8927578
751005	7931	1.2726643	-0.8290806
751005	7932	1.6762315	-1.2554944
751005	7933	0.31146276	0.09694955
751005	7934	0.36299247	-0.042188764
751005	7935	-0.2608688	0.61699915
751005	7936	-0.37844545	0.91231775
751005	7937	-0.1051479	0.51201665
751005	7938	-0.07908419	0.32840392
751005	7939	-0.13761559	0.42267522
751005	7940	-0.44860733	0.7877325
751005	7941	-0.41684264	0.63391125
751005	7942	-0.21418557	0.5920521
751005	7943	0.7051034	-0.31636146
751005	7944	0.22634	-0.096446276
751005	7945	0.45503706	-0.3944918
751005	7946	0.46349072	-0.3800149
751005	7947	0.63459337	-0.52434784
751005	7948	0.7576349	-0.60543436
751005	7949	0.34052497	-0.10043433
751005	7950	0.63397443	-0.76375544
751005	7951	1.3237315	-0.1276893
751005	7952	1.2787368	0.12509146
751005	7953	1.4005375	-0.027473211
751005	7954	1.2052115	0.2016978
751005	7955	1.103234	0.4140869
751005	7956	1.0273213	0.54207206
751005	7957	1.115438	0.37615225
751005	7958	0.8128332	0.68781376
751005	7959	1.0473857	0.67260563
751005	7960	1.2836657	0.24810866
751005	7961	1.3896883	0.28213057
751005	7962	2.171238	-0.42246747
751005	7963	2.6874218	-0.62409556
751005	7964	2.188273	-0.15166137
751005	7965	1.3565241	0.53527343
751005	7966	1.170731	0.53823066
751005	7967	1.5204521	0.11705169
751005	7968	1.6065911	0.07076171
751005	7969	1.6612791	0.06441197
751005	7970	1.5959793	0.12578538
751005	7971	1.8877047	0.08673915
751005	7972	1.5836147	0.17671427
751005	7973	1.6785022	0.058985323
751005	7974	2.1292067	-0.13118395
751005	7975	1.8818234	-0.20639902
751005	7976	0.34360516	0.021955311
751005	7977	0.028691232	0.34719816
751005	7978	-0.11256957	0.5940355
751005	7979	-0.46275392	1.0339956
751005	7980	-0.42561907	0.93456304
751005	7981	-0.4207335	0.884966
751005	7982	-0.5578384	1.0548183
751005	7983	0.32407862	1.7097306
751005	7984	0.5049355	1.5789776
751005	7985	0.5436722	-0.260199
751005	7986	0.5472474	-0.3905372
751005	7987	0.5198438	-0.5763098
751005	7988	0.24715066	-0.25760186
751005	7989	-0.114296615	0.38089773
751005	7990	0.2127111	-0.028689504
751005	7991	0.04099953	0.09376833
751005	7992	0.039060414	0.086030215
751005	7993	1.5370303	0.30804673
751005	7994	1.3465238	0.45375028
751005	7995	1.1788498	0.59765387
751005	7996	0.8813286	-0.49454653
751005	7997	1.0098717	-0.6850596
751005	7998	1.2143509	-0.73720336
751005	7999	1.2173237	-0.6640652
751005	8000	0.9247159	-0.44780067
751005	8001	1.2327732	-0.7697753
751005	8002	1.1002418	-0.59909797
751005	8003	1.0220605	-0.55609876
751005	8004	0.9109535	-0.45844784
751005	8005	0.79023826	-0.4682296
751005	8006	0.5760281	-0.28137743
751005	8007	0.5696653	-0.13798994
751005	8008	0.5691924	-0.43409127
751005	8009	1.813649	-1.3997781
751005	8010	0.63719034	-0.17523608
751005	8011	0.785756	-0.35074
751005	8012	1.6578027	-1.2833652
751005	8013	0.46960407	0.078451484
751005	8014	2.438531	-1.9166276
751005	8015	2.500226	-0.4154174
751005	8016	2.204206	-0.04698032
751005	8017	2.2015352	-0.13573515
751005	8018	2.2900558	-0.15055904
751005	8019	1.4461526	0.60718143
751005	8020	2.107152	0.036967814
751005	8021	2.2521186	-1.307597
751005	8022	1.649362	-0.91222507
751005	8023	2.7346325	-1.6383175
751005	8024	0.9702836	-0.35071936
751005	8025	1.3239826	-1.0081714
751005	8026	2.2254338	-2.0132408
751005	8027	2.0674324	-0.3576159
751005	8028	1.8717135	0.0118539035
751005	8029	1.6918424	0.084798664
751005	8030	1.5500945	0.20615706
751005	8031	1.4721378	0.2948936
751005	8032	1.8977185	-0.1637643
751005	8033	2.0802708	-0.24738379
751005	8034	2.1042042	-0.23181166
751005	8035	2.424498	-0.47251424
751005	8036	0.42662185	-0.37227458
751005	8037	-0.354043	0.35833886
751005	8038	-0.13144648	0.03269112
751005	8039	0.08656609	-0.4151236
751005	8040	0.6842997	-0.7544097
751005	8041	0.44243038	-0.6748174
751005	8042	0.43284166	-0.65938926
751005	8043	0.36310714	-0.3974778
751005	8044	0.028197229	-0.29155108
751005	8045	0.5727035	-0.7532581
751005	8046	0.48481953	-0.81521183
751005	8047	0.5353167	-0.7318027
751005	8048	-0.10573965	-0.053479552
751005	8049	-0.048248976	0.25343522
751005	8050	0.3329311	0.0037464201
751005	8051	0.36497504	-0.16137809
751005	8052	0.063378334	0.05831024
751005	8053	0.23969388	1.6724465
751005	8054	0.4179151	1.678216
751005	8055	0.36625993	1.7075827
751005	8056	0.31883758	1.7980027
751005	8057	0.266401	1.9154155
751005	8058	-0.25132227	2.7484455
751005	8059	0.9194864	1.3272032
751005	8060	0.48888135	1.8370962
751005	8061	-0.032178164	2.5728662
751005	8062	-0.1502012	2.738143
751005	8063	-0.20327449	2.7736316
751005	8064	-0.15523109	2.6749315
751005	8065	-0.23501596	2.8687103
751005	8066	-0.3289017	2.9747689
751005	8067	-0.4285384	3.0882766
751005	8068	-0.26936772	2.7693267
751005	8069	-0.3752212	2.9580245
751005	8070	-0.37906682	2.9747849
751005	8071	-0.39455503	2.9646673
751005	8072	-0.4587641	3.0877964
751005	8073	-0.47888294	3.1133711
751005	8074	-0.4092856	2.9980233
751005	8075	-0.46033788	3.1505826
751005	8076	-0.5065864	3.1957943
751005	8077	-0.58111656	3.2776468
751005	8078	-0.51162666	3.2015502
751005	8079	-0.5325447	3.3204622
751005	8080	-0.038141638	2.396629
751005	8081	-0.22838286	2.7411234
751005	8082	-0.3516137	3.0174687
751005	8083	-0.23239696	2.877709
751005	8084	-0.2487477	2.9495518
751005	8085	-0.2787102	2.903011
751005	8086	-0.291479	3.0488946
751005	8087	-0.36030406	3.0666862
751005	8088	-0.32443184	2.984779
751005	8089	-0.34301823	3.097088
751005	8090	-0.2435326	2.8724222
751005	8091	-0.3571019	2.9260926
751005	8092	-0.71530837	3.7567446
751005	8093	-0.87011313	2.3569517
751005	8094	-0.808187	1.9167633
751005	8095	-1.1040728	2.6111681
751005	8096	-1.1570971	2.7458775
751005	8097	-1.1794614	2.8967533
751005	8098	-0.12628528	2.6791523
751005	8099	0.0441823	2.5092895
751005	8100	0.24062967	1.9677789
751005	8101	0.6410068	1.413737
751005	8102	0.770087	1.2568003
751005	8103	0.9216616	1.1166948
751005	8104	0.8806951	1.1965486
751005	8105	0.8057891	1.3635765
751005	8106	0.64503145	1.541637
751005	8107	0.54501987	1.6814973
751005	8108	0.57459545	1.6074541
751005	8109	0.8091991	1.2762443
751005	8110	0.8626807	1.2137156
751005	8111	0.9212612	1.165516
751005	8112	2.0789585	0.116704196
751005	8113	0.9217268	1.4500685
751005	8114	1.2480179	1.0569575
751005	8115	1.0914409	0.97082376
751005	8116	0.71647644	1.6894553
751005	8117	0.309465	2.071319
751005	8118	0.42777097	1.9380956
751005	8119	-0.02719441	2.4958389
751005	8120	-0.15986863	0.5575253
751005	8121	0.773618	-0.48667714
751005	8122	0.90683603	-0.3451982
751005	8123	1.4477708	-0.69832504
751005	8124	1.2644053	-0.5675362
751005	8125	1.078329	1.1730903
751005	8126	0.92790675	1.2185243
751005	8127	1.0764781	1.0515178
751005	8128	-0.23382393	0.56495094
751005	8129	-0.38091362	0.9150151
751005	8130	-0.20692077	0.66364086
751005	8131	-0.26129222	0.7808621
751005	8132	-0.1900115	0.6801264
751005	8133	-0.2305345	0.75966597
751005	8134	-0.18317911	0.660198
751005	8135	-0.17505178	0.61773
751005	8136	-0.1892991	0.59791636
751005	8137	-0.20161074	0.58557963
751005	8138	-0.65877306	1.4215493
751005	8139	-0.471569	1.2666066
751005	8140	-0.47413453	1.2297112
751005	8141	-0.47879443	1.2442966
751005	8142	0.15031475	0.31340012
751005	8143	-0.5943574	1.38369
751005	8144	0.15111464	0.35123453
751005	8145	-0.44746622	1.2406033
751005	8146	0.8536637	-0.49266922
751005	8147	0.34253955	0.32289895
751005	8148	0.996032	-0.5296829
751005	8149	0.33208078	0.29732344
751005	8150	-0.27698207	1.0590304
751005	8151	0.30175167	0.33488074
751005	8152	0.061858177	0.5116861
751005	8153	-0.13372362	0.68876386
751005	8154	-0.3551555	0.9671993
751005	8155	-0.45746523	1.1098473
751005	8156	1.4264367	0.5413996
751005	8157	1.4745111	0.5093107
751005	8158	1.5621699	0.5765737
751005	8159	1.1533936	1.0233573
751005	8160	1.1342087	1.1350605
751005	8161	0.7629204	1.4532682
751005	8162	0.86660874	1.3391235
751005	8163	0.68848455	1.5463512
751005	8164	0.93941295	1.3721884
751005	8165	1.1135852	1.1495898
751005	8166	1.0797316	1.1458434
751005	8167	0.8368342	1.3889486
751005	8168	1.1286786	1.1328641
751005	8169	1.121652	1.1865095
751005	8170	0.41047597	2.0771928
751005	8171	1.8253883	0.3193054
751005	8172	1.0882716	1.3790281
751005	8173	0.7260202	1.6840231
751005	8174	0.45111138	2.0625083
751005	8175	0.32603765	2.301785
751005	8176	-0.12384355	2.8325405
751005	8177	-0.2921211	3.8523762
751005	8178	-0.6834271	4.5638213
751005	8179	-0.4077145	3.9059699
751005	8180	-0.41551712	1.4696972
751005	8181	-0.2640144	1.2873102
751005	8182	-0.21839276	1.162901
751005	8183	-0.21596062	0.98313165
751005	8184	-0.1490278	0.904065
751005	8185	-0.2525294	0.9370973
751005	8186	-0.45227772	1.1515102
751005	8187	1.4078838	0.5011965
751005	8188	1.5717062	0.22588453
751005	8189	1.4151777	0.66807044
751005	8190	1.5766705	0.5333152
751005	8191	1.4715086	0.66430557
751005	8192	0.77775097	1.2823911
751005	8193	0.94058764	1.2585688
751005	8194	0.87069476	1.3582115
751005	8195	0.8659302	1.4227346
751005	8196	0.9925848	1.2550119
751005	8197	1.0600787	1.2044758
751005	8198	0.9439999	1.3816578
751005	8199	1.0252496	1.2342365
751005	8200	0.82099044	1.5212809
751005	8201	0.8943751	1.4160923
751005	8202	1.7742585	0.41559175
751005	8203	2.4228563	0.10622516
751005	8204	2.7845502	-0.3075938
751005	8205	1.5460547	0.7615397
751005	8206	0.73204815	1.51907
751005	8207	0.42715734	1.9568343
751005	8208	0.48456132	1.9195292
751005	8209	0.1609996	2.2888832
751005	8210	0.07072818	0.24708238
751005	8211	0.2850213	-0.24428266
751005	8212	0.45020092	-0.38675702
751005	8213	0.6650145	-0.5645145
751005	8214	0.5182208	-0.46091193
751005	8215	1.0086708	-0.8640671
751005	8216	1.037304	-0.8475526
751005	8217	1.1515331	-0.8622273
751005	8218	1.2392088	-0.8958499
751005	8219	1.3831139	-1.0123467
751005	8220	1.2772543	0.87423944
751005	8221	0.698526	1.5765512
751005	8222	0.78004014	1.556169
751005	8223	0.8871591	1.3488058
751005	8224	0.92783296	1.2338032
751005	8225	0.55213416	1.7709897
751005	8226	1.4396911	0.70633197
751005	8227	2.2687554	-0.12143892
751005	8228	3.4190712	-0.5789711
751005	8229	0.6452291	1.4227477
751005	8230	0.31566346	2.1926477
751005	8231	1.142115	1.1821946
751005	8232	0.35276693	1.906353
751005	8233	1.3344033	1.1528188
751005	8234	1.1835593	1.1549932
751005	8235	2.0755138	-0.09656817
751005	8236	2.950646	-0.3231392
751005	8237	1.9083959	0.56367993
751005	8238	1.4327905	0.86584604
751005	8239	1.4203112	0.7678288
751005	8240	0.9953457	1.1935307
751005	8241	0.813589	1.3470938
751005	8242	1.7930375	0.37237796
751005	8243	1.8529307	0.4637091
751005	8244	1.0835966	1.2213323
751005	8245	0.04242599	2.6456466
751005	8246	2.1668682	-0.06839952
751005	8247	1.904256	0.69321525
751005	8248	0.8035866	1.5646515
751005	8249	0.7184999	1.6366937
751005	8250	0.9217472	1.377426
751005	8251	1.0598904	1.2027029
751005	8252	1.2835977	0.9613037
751005	8253	2.7143593	-0.30603546
751005	8254	2.5293608	0.25223908
751005	8255	0.79987025	1.6901517
751005	8256	0.89765	1.6122496
751005	8257	2.3356905	0.09426656
751005	8258	0.7122201	1.7192638
751005	8259	1.1013654	1.2817812
751005	8260	2.2522583	0.12754491
751005	8261	0.7662859	1.6730292
751005	8262	0.37096685	2.295459
751005	8263	0.30897015	2.784484
751005	8264	1.8979603	0.55876565
751005	8265	1.3551317	1.3921405
751005	8266	0.45485812	2.3122027
751005	8267	1.0645052	1.5769062
751005	8268	0.73319626	1.9075327
751005	8269	0.97684205	1.6878061
751005	8270	1.8221473	0.7487292
751005	8271	1.0672767	1.4988598
751005	8272	0.73022854	1.8610072
751005	8273	-0.021355897	2.8258362
751005	8274	0.676862	1.9924502
751005	8275	0.6331098	-0.2829767
751005	8276	0.7517806	-0.61735106
751005	8277	0.86810887	1.3944064
751005	8278	1.1490229	1.2984763
751005	8279	1.3181647	0.9123472
751005	8280	1.4820033	0.8356867
751005	8281	1.9551557	0.46904275
751005	8282	0.31395155	2.1652875
751005	8283	1.4256936	1.0338782
751005	8284	0.41224974	2.0812743
751005	8285	0.92823553	1.5135398
751005	8286	1.9893037	0.32075837
751005	8287	0.596375	1.8431711
751005	8288	0.8497578	1.5085915
751005	8289	1.3085041	1.1183642
751005	8290	1.4819486	0.871446
751005	8291	1.8043872	0.6335027
751005	8292	1.3287407	1.3326137
751005	8293	3.0274467	-0.38739365
751005	8294	3.0136018	-0.021232098
751005	8295	2.6624603	0.25150648
751005	8296	0.74044824	1.7915437
751005	8297	0.95579493	1.7858398
751005	8298	2.7292352	-0.19631779
751005	8299	0.93475413	1.7851417
751005	8300	1.060562	1.5771761
751005	8301	2.808764	-0.18084905
751005	8302	1.0359796	1.652607
751005	8303	1.1341228	1.6663775
751005	8304	1.2631913	1.5184191
751005	8305	2.8087106	-0.12402627
751005	8306	0.9755782	1.7603796
751005	8307	1.1108799	1.7343187
751005	8308	1.3574948	1.3267518
751005	8309	1.2520835	1.4330026
751005	8310	1.3347471	1.474988
751005	8311	1.3609878	1.2860729
751005	8312	1.442169	1.265697
751005	8313	2.8045683	-0.15383768
751005	8314	0.996503	1.7464807
751005	8315	0.78244233	2.0153968
751005	8316	0.67071414	2.092583
751005	8317	0.45308733	2.5773206
751005	8318	0.8388797	1.7956629
751005	8319	0.7718824	1.8572378
751005	8320	0.7732923	1.8635383
751005	8321	1.1803876	-0.37888628
751005	8322	1.8260256	-1.1047018
751005	8323	2.0148988	-1.1044261
751005	8324	1.6142174	-0.90423286
751005	8325	1.6237069	-0.92824936
751005	8326	1.5739094	-0.9338657
751005	8327	1.9898845	-1.1777327
751005	8328	1.7602631	-0.9981115
751005	8329	1.8656186	0.66339815
751005	8330	1.1308229	1.2953497
751005	8331	1.034256	1.534955
751005	8332	1.2963918	1.2255359
751005	8333	1.0783113	1.4356872
751005	8334	0.82335746	1.8825607
751005	8335	0.09907156	2.6390443
751005	8336	0.5532485	1.9824064
751005	8337	2.4764895	-0.11389688
751005	8338	0.84110034	1.79093
751005	8339	1.0890113	-0.74806005
751005	8340	1.231666	-0.833526
751005	8341	2.2868004	-1.4366152
751005	8342	2.0556893	-1.2671199
751005	8343	0.53574157	-0.051741958
751005	8344	2.021295	-1.4915538
751005	8345	2.3064303	-1.4496642
751005	8346	1.931893	-1.1769419
751005	8347	1.7348579	0.7483336
751005	8348	1.1311336	1.3348368
751005	8349	0.92988753	1.4276346
751005	8350	0.8648796	1.5592246
751005	8351	0.8037733	1.5893931
751005	8352	1.2325795	1.1021552
751005	8353	1.2170763	1.200819
751005	8354	1.0433781	1.1697747
751005	8355	1.4003814	0.9894943
751005	8356	1.6686267	0.79742384
751005	8357	2.0401893	0.6389072
751005	8358	0.41905075	1.9592645
751005	8359	0.9863769	1.6197462
751005	8360	1.1387557	1.3758502
751005	8361	0.8096839	1.803168
751005	8362	0.72981846	1.9863775
751005	8363	2.357336	0.24673322
751005	8364	1.7516388	0.79227734
751005	8365	0.8172982	1.6159873
751005	8366	1.0708659	1.3599112
751005	8367	0.8722204	1.7156041
751005	8368	0.99022436	1.8551698
751005	8369	0.7257719	2.008564
751005	8370	0.8936523	1.5844865
751005	8371	1.1982334	-0.3714219
751005	8372	1.5000194	-0.74253917
751005	8373	1.7759777	-1.0462039
751005	8374	0.84626245	1.3014417
751005	8375	0.5105188	1.9209976
751005	8376	1.4740492	-0.81583893
751005	8377	1.6148874	-1.0123764
751005	8378	1.4745469	-0.96818507
751005	8379	1.2189438	-0.7801275
751005	8380	1.0622423	-0.68977565
751005	8381	0.60889983	-0.24667817
751005	8382	0.9360621	-0.5112741
751005	8383	1.4207535	-0.782879
751005	8384	2.5182104	-1.6872294
751005	8385	1.4614061	0.8541354
751005	8386	1.1211275	1.3784001
751005	8387	1.0527456	1.2850399
751005	8388	1.1091919	1.2653801
751005	8389	1.163701	1.1092969
751005	8390	1.0873953	1.1222094
751005	8391	1.1171602	1.1168268
751005	8392	0.47361737	1.8263323
751005	8393	1.0638825	1.288708
751005	8394	1.17838	1.1821809
751005	8395	1.3297608	1.0354602
751005	8396	1.3664162	0.99090135
751005	8397	1.4016476	0.95521474
751005	8398	1.4260523	0.9310875
751005	8399	1.3041686	1.1081823
751005	8400	1.2773701	1.0838311
751005	8401	1.2323617	1.1706842
751005	8402	1.4156792	0.9414369
751005	8403	1.5167667	0.8630847
751005	8404	0.8074547	1.685338
751005	8405	1.4459493	0.85474133
751005	8406	1.2719663	1.056245
751005	8407	1.1355735	1.1822056
751005	8408	1.837649	0.3565896
751005	8409	3.1688786	-0.4137628
751005	8410	0.8566636	1.4151598
751005	8411	0.84047544	1.5486848
751005	8412	1.9616657	0.44728985
751005	8413	1.5620443	0.779863
751005	8414	1.085349	1.2671081
751005	8415	1.3301908	0.7915225
751005	8416	1.3388497	0.79401517
751005	8417	0.42607075	1.9423358
751005	8418	1.9934274	0.01974982
751005	8419	1.8093139	0.6064123
751005	8420	1.587372	0.71562934
751005	8421	0.6685673	1.6044314
751005	8422	0.94297886	1.3653983
751005	8423	1.1029853	1.3183994
751005	8424	2.2758822	0.010699034
751005	8425	1.9174229	0.48923007
751005	8426	0.7591183	1.5840933
751005	8427	1.2569503	1.0973469
751005	8428	2.4046202	-0.02953279
751005	8429	0.92606795	1.4348797
751005	8430	0.94218755	1.5574579
751005	8431	1.1058291	1.3222346
751005	8432	2.2950191	0.12384042
751005	8433	2.1041098	0.32960036
751005	8434	1.9975978	0.57782197
751005	8435	2.319192	0.13376585
751005	8436	2.3913975	0.1882374
751005	8437	0.9125873	1.4837798
751005	8438	1.0618168	1.4888654
751005	8439	1.187959	1.4249872
751005	8440	1.3195647	1.1388153
751005	8441	1.6903881	0.77392507
751005	8442	1.5912997	0.8605317
751005	8443	2.9015145	-0.3256815
751005	8444	1.0578953	1.3768901
751005	8445	1.1203716	1.3643385
751005	8446	0.13568044	2.5371208
751005	8447	0.42305148	2.0791714
751005	8448	0.45026344	1.9885824
751005	8449	0.46670938	2.0706155
751005	8450	1.6793114	0.5300323
751005	8451	1.4929568	1.037432
751005	8452	0.0005104542	2.591825
751005	8453	1.8290862	0.48069832
751005	8454	1.8955656	0.64039767
751005	8455	2.1197348	0.5047047
751005	8456	1.9283303	0.6560812
751005	8457	1.7897707	0.7377926
751005	8458	0.69086504	1.842217
751005	8459	0.53505206	2.059359
751005	8460	0.37431347	2.397284
751005	8461	0.32928663	2.5940611
751005	8462	0.23279703	2.6044707
751005	8463	0.49067163	2.254001
751005	8464	0.4812315	2.240115
751005	8465	0.14854503	2.7567024
751005	8466	1.1677495	1.5422938
751005	8467	1.0793388	1.8127072
751005	8468	1.7173251	0.3369634
751005	8469	2.0213957	0.1131179
751005	8470	2.2856789	0.1831893
751005	8471	2.1006737	0.32844815
751005	8472	2.090176	0.34650728
751005	8473	1.9515315	0.5805464
751005	8474	2.4520168	0.019093037
751005	8475	1.6724535	0.8843037
751005	8476	0.8042656	1.690804
751005	8477	-0.024647087	2.7736304
751005	8478	2.166975	-0.06245756
751005	8479	1.8849767	0.71144485
751005	8480	1.5179716	1.0130442
751005	8481	1.4267834	0.90518534
751005	8482	0.41592473	-0.024831325
751005	8483	0.06064409	-1.6721033
751005	8484	0.5918405	-2.2836123
751005	8485	1.1036499	-1.1221658
751005	8486	0.651301	-0.30014077
751005	8487	0.46464807	0.09747037
751005	8488	0.7784271	-0.048588604
751005	8489	0.67269325	-0.018551767
751005	8490	0.5598284	0.3030195
751005	8491	1.481162	-0.17682615
751005	8492	1.6388234	-0.22597624
751005	8493	2.4204402	-0.7580112
751005	8494	2.801054	-0.89898807
751005	8495	2.05872	-0.1410256
751005	8496	2.0106845	-0.31056687
751005	8497	2.0773025	-0.4441989
751005	8498	1.7824692	0.05891791
751005	8499	2.121047	-0.4019935
751005	8500	2.6909685	-0.63596654
751005	8501	1.9668113	-0.16222697
751005	8502	1.6862015	0.025197566
751005	8503	1.6573852	0.07494232
751005	8504	1.089491	0.43148622
751005	8505	0.5903332	0.8587098
751005	8506	0.39695948	0.977321
751005	8507	0.7878984	0.6474588
751005	8508	0.73322475	0.9432895
751005	8509	0.74492633	0.82000554
751005	8510	1.102495	0.47031215
751005	8511	1.5657545	0.014721841
751005	8512	1.7520736	-0.017954826
751005	8513	0.89057636	0.9200679
751005	8514	0.9240171	0.8142786
751005	8515	1.436115	0.21920767
751005	8516	1.0597727	0.8037772
751005	8517	1.3705881	0.33580264
751005	8518	2.439701	-0.3997541
751005	8519	2.8056197	-0.5791355
751005	8520	2.808793	-0.47213268
751005	8521	2.803452	-0.40285146
751005	8522	2.834413	-0.4305223
751005	8523	2.7693539	-0.35056767
751005	8524	2.6654873	-0.28703007
751005	8525	2.7377677	-0.34540972
751005	8526	2.8163505	-0.40131855
751005	8527	2.0128431	0.26480314
751005	8528	3.2083697	-1.0185149
751005	8529	3.1784358	-0.7838476
751005	8530	3.2415166	-0.80982196
751005	8531	3.5340838	-0.9975779
751005	8532	3.4362707	-0.9166362
751005	8533	3.0059657	-0.6592804
751005	8534	3.148601	-0.7775247
751005	8535	3.0421329	-0.80509335
751005	8536	3.1934204	-0.9426409
751005	8537	3.1586123	-1.0020114
751005	8538	2.6756835	-0.6123615
751005	8539	3.1963139	-1.0327308
751005	8540	2.4637508	-0.47592062
751005	8541	2.5806675	-0.67829484
751005	8542	3.0607705	-0.85467535
751005	8543	3.1942558	-0.95238566
751005	8544	1.629299	0.36609682
751005	8545	2.3461914	-0.44661888
751005	8546	3.8489056	-1.537132
751005	8547	3.8131986	-1.4452568
751005	8548	3.7354426	-1.4100976
751005	8549	3.6340628	-1.3712822
751005	8550	3.3777108	-1.0844069
751005	8551	3.766016	-1.3360522
751005	8552	4.0580754	-1.549916
751005	8553	3.7039957	-1.2773345
751005	8554	3.5066285	-1.1154273
751005	8555	3.6574812	-1.314198
751005	8556	3.5134354	-1.0891733
751005	8557	3.4283624	-1.054378
751005	8558	3.4176288	-1.0509149
751005	8559	3.633638	-1.2974523
751005	8560	3.5218	-1.1358678
751005	8561	3.385426	-1.0865495
751005	8562	3.2937274	-1.0614456
751005	8563	3.5888562	-1.3257153
751005	8564	3.4349828	-1.2218686
751005	8565	3.778892	-1.3769397
751005	8566	2.8194966	-0.8260143
751005	8567	3.1563807	-1.0211676
751005	8568	2.6693082	-0.7874287
751005	8569	2.7941494	-0.8030305
751005	8570	3.3312292	-1.2008047
751005	8571	3.4571934	-1.1756154
751005	8572	3.2638788	-1.0110236
751005	8573	3.3223844	-1.0619605
751005	8574	3.300589	-1.0362794
751005	8575	3.4758415	-1.1078681
751005	8576	3.3291497	-0.97865653
751005	8577	2.8068275	-0.57968915
751005	8578	3.1677208	-1.0151652
751005	8579	2.8826494	-0.72327006
751005	8580	2.5792737	-0.4954851
751005	8581	2.792448	-0.78381073
751005	8582	2.935596	-0.7151593
751005	8583	2.8608656	-0.6835074
751005	8584	2.8157563	-0.6741832
751005	8585	3.0137062	-0.78920984
751005	8586	3.0940065	-0.81645095
751005	8587	2.9862185	-0.722443
751005	8588	3.9317079	-1.4882722
751005	8589	2.8880682	-0.5382552
751005	8590	1.8725146	0.24029967
751005	8591	3.6761699	-1.3580545
751005	8592	3.37562	-0.9122375
751005	8593	3.2467785	-0.7862198
751005	8594	3.335587	-0.9790783
751005	8595	3.493454	-0.99417245
751005	8596	3.1080132	-0.6806917
751005	8597	3.417634	-0.9865687
751005	8598	3.1616306	-0.9057002
751005	8599	3.586609	-1.1922171
751005	8600	3.367056	-0.86542696
751005	8601	3.229795	-0.8336296
751005	8602	3.449298	-0.9488585
751005	8603	3.416378	-0.9610436
751005	8604	3.3710628	-0.88343275
751005	8605	3.418428	-0.91385275
751005	8606	3.466795	-0.92457867
751005	8607	3.351934	-0.79349804
751005	8608	3.830493	-1.0801225
751005	8609	3.7512903	-1.1564525
751005	8610	3.6975856	-0.9936515
751005	8611	3.6198268	-0.97016966
751005	8612	3.192061	-0.7918483
751005	8613	3.1784978	-0.7314666
751005	8614	3.8024073	-1.1899285
751005	8615	3.4197884	-0.8563446
751005	8616	2.3228312	-0.21937756
751005	8617	3.2994041	-0.98656905
751005	8618	3.4812326	-0.9832941
751005	8619	3.4424863	-0.91131926
751005	8620	1.6245431	0.47092167
751005	8621	3.813776	-1.2975187
751005	8622	3.3222728	-0.8018553
751005	8623	3.5853453	-1.0562642
751005	8624	3.4230323	-0.8146304
751005	8625	3.382329	-0.829494
751005	8626	3.3973708	-0.80213916
751005	8627	3.461411	-0.8208765
751005	8628	3.4903512	-0.8635267
751005	8629	4.1301	-1.4002329
751005	8630	4.25289	-1.3815823
751005	8631	4.6352024	-1.6441054
751005	8632	4.6189733	-1.6171471
751005	8633	4.142755	-1.273085
751005	8634	4.4069996	-1.6257852
751005	8635	4.2020726	-1.357724
751005	8636	4.357627	-1.5358293
751005	8637	4.2250476	-1.4719362
751005	8638	4.283021	-1.4423862
751005	8639	3.4960885	-1.1196581
751005	8640	4.3674593	-1.6089514
751005	8641	3.7156081	-1.2277856
751005	8642	3.5027142	-1.081555
751005	8643	3.543871	-1.1342435
751005	8644	2.886219	-0.44148177
751005	8645	3.893671	-1.3733004
751005	8646	2.913957	-0.5196247
751005	8647	3.5771508	-1.0891707
751005	8648	3.9472857	-1.2597437
751005	8649	3.1079426	-0.65915996
751005	8650	2.8691688	-0.5713229
751005	8651	2.1980615	-1.7128744
751005	8652	2.3104553	-0.09701598
751005	8653	2.3675108	0.0008908212
751005	8654	2.5811749	-0.15804318
751005	8655	2.8302999	-0.30799907
751005	8656	3.0447688	-0.46829644
751005	8657	3.21354	-0.5482282
751005	8658	2.5830793	-0.030790836
751005	8659	2.3713155	0.11774996
751005	8660	1.7965494	0.7348751
751005	8661	2.723001	-0.033234358
751005	8662	1.4860235	0.91251254
751005	8663	2.08073	0.48070392
751005	8664	2.0757408	0.6104388
751005	8665	2.9236412	-0.19797593
751005	8666	2.1000009	0.6296321
751005	8667	3.6075249	-0.77509606
751005	8668	3.0741315	-0.14813876
751005	8669	1.6750575	0.800614
751005	8670	2.2382298	0.3550065
751005	8671	2.3575034	0.3331776
751005	8672	2.3670807	0.31637558
751005	8673	2.3384933	0.3399442
751005	8674	3.4833922	-0.5977123
751005	8675	1.8784999	0.73213494
751005	8676	2.6270666	0.15013841
751005	8677	2.408555	0.34297642
751005	8678	2.5111365	0.22769228
751005	8679	2.0280433	0.7350956
751005	8680	1.8398255	0.8601756
751005	8681	1.596769	0.95624185
751005	8682	3.1284585	-0.5155835
751005	8683	1.9354748	0.7804451
751005	8684	2.1080742	0.5128341
751005	8685	2.1807475	0.47322354
751005	8686	2.3642273	0.28760627
751005	8687	2.6423311	0.07349101
751005	8688	2.5857258	0.2102314
751005	8689	2.44305	0.29760173
751005	8690	2.2727752	0.38532743
751005	8691	2.2140412	0.47885177
751005	8692	1.8926355	0.7684194
751005	8693	1.44521	1.0352573
751005	8694	1.2196672	1.4325516
751005	8695	1.1126653	1.389618
751005	8696	1.1770846	1.453705
751005	8697	0.9145441	1.6743221
751005	8698	1.0186388	1.679349
751005	8699	1.1879932	1.422469
751005	8700	0.52893806	2.4038022
751005	8701	0.45186585	2.5936468
751005	8702	1.7241739	0.88865256
751005	8703	0.300265	2.551579
751005	8704	0.67762125	2.1870918
751005	8705	0.65050125	2.2283154
751005	8706	1.1742908	1.431969
751005	8707	1.6034847	0.87857664
751005	8708	1.4747448	1.2879561
751005	8709	2.0654979	0.6334944
751005	8710	2.2110033	0.5697993
751005	8711	2.4130106	0.4400213
751005	8712	2.5453773	0.35086057
751005	8713	2.7759447	0.2072427
751005	8714	2.6251411	0.43900743
751005	8715	2.5434442	0.4819738
751005	8716	2.3910718	0.53511834
751005	8717	2.3263154	0.60339904
751005	8718	2.434256	0.5078782
751005	8719	2.0634313	0.90658116
751005	8720	2.4532151	0.54332554
751005	8721	2.437427	0.4541572
751005	8722	1.2838488	1.6283302
751005	8723	2.1747594	0.3947896
751005	8724	2.200862	0.7566261
751005	8725	2.4438763	0.48734167
751005	8726	2.4122653	0.6164118
751005	8727	2.888795	0.26122263
751005	8728	1.7501739	1.0747738
751005	8729	1.4467707	1.3978283
751005	8730	1.3295472	1.5604165
751005	8731	2.268105	0.8861755
751005	8732	1.7635838	1.3628231
751005	8733	0.93389153	1.9892507
751005	8734	1.3802477	1.5542855
751005	8735	-0.5230003	1.4104198
751005	8736	0.34421647	-0.06868705
751005	8737	1.3842338	0.518458
751005	8738	1.3292164	0.47902367
751005	8739	1.4809862	0.51200247
751005	8740	1.3351958	0.79707694
751005	8741	1.2662363	0.6510899
751005	8742	1.2999302	0.7803056
751005	8743	1.460022	0.6276002
751005	8744	2.0201173	0.32876506
751005	8745	1.9599379	0.2622144
751005	8746	2.168055	0.19830373
751005	8747	2.1297088	0.33508083
751005	8748	2.4594955	0.13311914
751005	8749	2.4373555	0.060596794
751005	8750	2.535419	0.011480749
751005	8751	2.3027654	0.22078928
751005	8752	1.9818794	0.46205917
751005	8753	1.602755	0.7250949
751005	8754	1.3834181	0.96113634
751005	8755	1.1425692	1.1724329
751005	8756	1.0637233	1.2883018
751005	8757	1.0499017	1.2834059
751005	8758	1.011565	1.3672028
751005	8759	1.1019751	1.2370142
751005	8760	1.0278338	1.331887
751005	8761	0.8854642	1.4101732
751005	8762	0.8115413	1.5499179
751005	8763	0.56482255	1.9854717
751005	8764	0.8557577	1.3975579
751005	8765	1.0568223	1.1984953
751005	8766	0.929363	1.4029475
751005	8767	0.7314751	1.7230093
751005	8768	0.76405966	1.6215763
751005	8769	0.73967206	1.7357593
751005	8770	0.6405765	1.8945858
751005	8771	0.54991174	1.9634616
751005	8772	0.5500326	1.9914298
751005	8773	0.5928937	1.9373472
751005	8774	0.54875433	1.9092393
751005	8775	0.4327001	2.1194503
751005	8776	0.34189624	2.3424091
751005	8777	0.8105949	1.3794526
751005	8778	0.6613163	1.8093297
751005	8779	0.55438685	2.0765495
751005	8780	0.45776123	2.1624691
751005	8781	0.45312226	2.1697426
751005	8782	0.5288383	2.0258176
751005	8783	0.45615268	2.2259228
751005	8784	0.49981952	2.0513413
751005	8785	0.4278856	2.2726316
751005	8786	0.4710961	2.1229768
751005	8787	0.81696653	1.5885689
751005	8788	0.9237547	1.4681079
751005	8789	0.7793044	1.6632009
751005	8790	0.71261156	1.809237
751005	8791	0.70390403	1.7951393
751005	8792	0.5971316	1.9856079
751005	8793	0.62675774	1.9858079
751005	8794	0.5795878	2.0390491
751005	8795	0.47553998	2.133935
751005	8796	0.55183613	1.9915257
751005	8797	0.5159937	2.120251
751005	8798	0.42948276	2.2200491
751005	8799	0.14484274	2.6559184
751005	8800	0.18493909	2.6314435
751005	8801	-0.54163796	3.8914697
751005	8802	0.019178152	2.9750547
751005	8803	-0.81208235	2.624489
751005	8804	-0.8552232	2.0786479
751005	8805	-0.94272816	2.4111934
751005	8806	-0.8462337	2.3486598
751005	8807	0.4753347	1.7645211
751005	8808	-1.0308532	2.4551337
751005	8809	0.7672839	1.1814649
751005	8810	0.9918524	0.8210776
751005	8811	1.0735598	0.8611803
751005	8812	1.0246226	0.9813453
751005	8813	1.0628475	0.9072465
751005	8814	1.440997	0.58632886
751005	8815	0.9486954	1.3022648
751005	8816	0.68889546	1.7420352
751005	8817	0.6711316	1.6387591
751005	8818	0.99562776	1.3348012
751005	8819	1.0906551	1.3274744
751005	8820	1.1281036	1.3638014
751005	8821	1.3119321	1.2033123
751005	8822	1.4219712	1.1088051
751005	8823	1.374729	1.2533585
751005	8824	1.4235824	1.2094563
751005	8825	1.5672687	1.0977263
751005	8826	1.7068514	0.9982281
751005	8827	1.718062	0.9862462
751005	8828	2.0247192	0.7033551
751005	8829	1.8426381	1.0349467
751005	8830	1.2378182	1.4114479
751005	8831	1.4776517	1.1003312
751005	8832	2.6133862	0.006289035
751005	8833	-0.004909992	2.375411
751005	8834	1.2217513	1.3072604
751005	8835	1.0308366	1.5626905
751005	8836	0.9950024	1.6776001
751005	8837	0.81421936	1.866025
751005	8838	0.8589878	1.7238779
751005	8839	0.6936095	1.9844072
751005	8840	0.79355896	1.8970184
751005	8841	0.84595335	1.7430828
751005	8842	0.66866827	2.0227275
751005	8843	0.8392234	1.7797096
751005	8844	0.846272	1.8013422
751005	8845	0.95426154	1.6499677
751005	8846	0.80842805	1.8513703
751005	8847	0.7608141	1.9509802
751005	8848	0.6863642	1.9972694
751005	8849	0.7195195	1.887481
751005	8850	0.6370809	2.0323403
751005	8851	0.801214	1.7901096
751005	8852	0.8179369	1.8196003
751005	8853	0.7999315	1.805505
751005	8854	0.64221895	2.022057
751005	8855	0.641531	2.0171008
751005	8856	0.6546422	1.9842443
751005	8857	0.70316863	1.9703515
751005	8858	0.66325736	2.019691
751005	8859	0.6726327	1.9335942
751005	8860	0.53664863	2.1415493
751005	8861	0.7331718	1.875109
751005	8862	0.7397914	1.8145254
751005	8863	0.7044462	1.9148953
751005	8864	0.62066686	2.0710948
751005	8865	0.56941307	2.0772655
751005	8866	0.56085765	2.0973325
751005	8867	0.577579	2.1292179
751005	8868	0.62705386	1.9570706
751005	8869	0.4830575	2.1903896
751005	8870	0.7943473	1.7248404
751005	8871	0.9998131	1.4698732
751005	8872	1.000383	1.543961
751005	8873	1.0463932	1.5116603
751005	8874	1.0181941	1.4780735
751005	8875	1.0635661	1.5659962
751005	8876	1.1082398	1.4851373
751005	8877	1.1347879	1.4867915
751005	8878	1.135017	1.5039238
751005	8879	1.2528906	1.3383595
751005	8880	1.1944904	1.4085475
751005	8881	1.3073459	1.3270745
751005	8882	1.2508999	1.4032547
751005	8883	1.2905872	1.3388351
751005	8884	1.4678227	1.1612048
751005	8885	1.4327483	1.2349659
751005	8886	1.4854492	1.2030969
751005	8887	1.4643787	1.23573
751005	8888	1.5341941	1.1669041
751005	8889	1.5375913	1.1847711
751005	8890	1.8433744	0.87767315
751005	8891	2.116569	0.737847
751005	8892	1.889671	0.9188193
751005	8893	1.9706317	0.7352874
751005	8894	1.9815689	0.7939347
751005	8895	1.9716538	0.7946365
751005	8896	1.7914001	1.0048996
751005	8897	1.8941051	0.91084445
751005	8898	1.8590103	0.97019875
751005	8899	1.9149226	0.9113866
751005	8900	1.985711	0.84397113
751005	8901	1.9626342	0.8901769
751005	8902	2.1812272	0.6903945
751005	8903	1.9030675	0.9309927
751005	8904	1.3662012	1.3831376
751005	8905	1.1433258	1.7075818
751005	8906	1.1393602	1.529708
751005	8907	1.4509223	1.1174563
751005	8908	2.267034	0.4441025
751005	8909	1.2601477	1.4985033
751005	8910	0.9604287	1.8206706
751005	8911	1.4845852	1.2920685
751005	8912	1.2741929	1.5588322
751005	8913	1.3327359	1.4997083
751005	8914	1.3512404	1.4755851
751005	8915	1.8642989	0.9691287
751005	8916	1.606722	1.2020221
751005	8917	1.5717944	1.2796181
751005	8918	1.5597845	1.2618077
751005	8919	1.8590943	0.97095
751005	8920	2.5472913	0.42882636
751005	8921	1.1492126	1.6499293
751005	8922	1.5786375	1.1180202
751005	8923	1.8094019	0.94432306
751005	8924	1.582379	1.1656678
751005	8925	0.032554746	1.0990368
751005	8926	-0.21318886	1.185152
751005	8927	-0.27430075	1.2002916
751005	8928	-0.25719512	1.212898
751005	8929	0.46529394	0.11806616
751005	8930	1.1522825	1.2360448
751005	8931	1.3162105	1.169848
751005	8932	2.029992	0.5139973
751005	8933	1.6736609	0.79183316
751005	8934	1.6338392	0.7797084
751005	8935	0.23554713	0.78964925
751005	8936	0.081443846	0.8209672
751005	8937	1.6014854	0.79442966
751005	8938	1.887386	0.33121756
751005	8939	1.9520508	0.32970586
751005	8940	1.5345436	0.6191069
751005	8941	1.300428	0.8758446
751005	8942	1.0941888	1.0937917
751005	8943	1.6102096	0.7246119
751005	8944	1.8672601	0.56547844
751005	8945	2.1452446	0.4307572
751005	8946	1.357491	1.1299211
751005	8947	0.088906825	2.463955
751005	8948	1.338235	0.9458368
751005	8949	1.0589037	1.3683081
751005	8950	0.96525	1.4559827
751005	8951	0.86729217	1.4712166
751005	8952	0.733755	1.6133308
751005	8953	-0.26630923	2.873671
751005	8954	1.8312145	0.40802863
751005	8955	1.3780878	1.1853198
751005	8956	2.2061167	0.4595473
751005	8957	0.6704062	1.7256896
751005	8958	-0.3490676	3.0933578
751005	8959	1.7376088	0.5860517
751005	8960	1.3575227	1.3057541
751005	8961	1.2009486	1.2970475
751005	8962	1.1393547	1.3973467
751005	8963	1.1899992	1.3626058
751005	8964	1.1505102	1.423084
751005	8965	1.1877959	1.3906406
751005	8966	1.1647506	1.4280459
751005	8967	1.1383194	1.4500601
751005	8968	1.1257354	1.465123
751005	8969	1.0532564	1.6545556
751005	8970	0.8657694	1.8574924
751005	8971	0.92746353	1.6263998
751005	8972	1.1350187	1.4519081
751005	8973	2.221364	0.48111734
751005	8974	1.9584488	0.73106074
751005	8975	0.7824695	1.724834
751005	8976	0.9795073	1.6246426
751005	8977	1.0880319	1.5195823
751005	8978	0.9296075	1.5878434
751005	8979	0.69260883	1.8720243
751005	8980	0.68811727	1.8976943
751005	8981	0.69764817	1.9936562
751005	8982	-0.27552968	3.161635
751005	8983	0.070902705	2.8179579
751005	8984	0.29458457	2.3929453
751005	8985	1.7062119	0.665249
751005	8986	1.3850487	1.2763696
751005	8987	0.9514173	1.7949893
751005	8988	0.09957552	2.8167415
751005	8989	1.6958424	0.7990562
751005	8990	2.058248	0.8961277
751005	8991	0.78378487	1.9189336
751005	8992	0.6834575	2.0590513
751005	8993	0.8387579	1.8230886
751005	8994	0.886076	1.7861664
751005	8995	0.8944994	1.798007
751005	8996	0.9098352	1.7933586
751005	8997	-0.18812737	3.1392262
751005	8998	0.14790422	2.7467473
751005	8999	1.6516896	0.76692104
751005	9000	1.0184969	1.7938347
751005	9001	0.7060437	2.1531947
751005	9002	0.8112339	1.9692132
751005	9003	0.785946	1.8646159
751005	9004	0.35520065	2.3947632
751005	9005	0.8319607	1.9343429
751005	9006	0.6842694	1.8821356
751005	9007	1.0112771	1.6115112
751005	9008	0.9591656	1.6822197
751005	9009	0.45987093	2.3358235
751005	9010	-0.7051544	2.061602
751005	9011	-0.65846694	1.5977483
751005	9012	0.35127336	2.031338
751005	9013	0.6002581	1.6806259
751005	9014	0.7790878	1.3507725
751005	9015	0.42871314	2.065466
751005	9016	0.84019876	1.6117785
751005	9017	0.10451794	2.355723
751005	9018	1.4829415	0.7638091
751005	9019	1.2169479	1.3317455
751005	9020	1.0938393	1.4934901
751005	9021	0.44923794	2.1205583
751005	9022	0.49247336	2.0923386
751005	9023	0.5646168	1.9985096
751005	9024	0.5735079	2.022729
751005	9025	0.5653008	2.039597
751005	9026	0.58145356	2.0282996
751005	9027	0.58328986	2.0361407
751005	9028	0.612393	2.0113592
751005	9029	0.8306109	1.9264474
751005	9030	2.2765985	0.04713419
751005	9031	2.5738492	0.48267683
751005	9032	2.4284797	0.5855212
751005	9033	2.4267507	0.5499437
751005	9034	2.3814974	0.60769737
751005	9035	2.3496146	0.6120224
751005	9036	2.1760998	0.8145031
751005	9037	2.3839116	0.3798816
751005	9038	2.6459627	0.25781366
751005	9039	2.4435172	0.39335015
751005	9040	2.3463469	0.6218051
751005	9041	2.3780956	0.36536202
751005	9042	2.6165085	0.3419213
751005	9043	2.932847	-0.008317351
751005	9044	3.4009585	-0.21850966
751005	9045	3.1719522	-0.18573621
751005	9046	3.2185235	-0.18861392
751005	9047	3.2989721	-0.25447768
751005	9048	3.3245788	-0.27624166
751005	9049	3.22362	-0.26870596
751005	9050	3.562199	-0.44634214
751005	9051	3.088416	-0.08945042
751005	9052	2.6517	0.092246026
751005	9053	2.8629513	-0.10023087
751005	9054	3.2114606	-0.28752202
751005	9055	3.3983536	-0.3572874
751005	9056	3.5924878	-0.5534783
751005	9057	3.7271776	-0.530495
751005	9058	3.5557199	-0.5324937
751005	9059	3.461606	-0.4656622
751005	9060	3.3337278	-0.48048252
751005	9061	3.328505	-0.43881965
751005	9062	3.560318	-0.5891539
751005	9063	3.7157216	-0.5613479
751005	9064	3.5110087	-0.5337987
751005	9065	3.3618622	-0.5132662
751005	9066	3.4466324	-0.52456003
751005	9067	3.5709434	-0.5711683
751005	9068	3.679616	-0.57165873
751005	9069	3.173489	-0.4020312
751005	9070	3.2830682	-0.42530248
751005	9071	3.2160902	-0.4022344
751005	9072	3.3452601	-0.41907144
751005	9073	3.533537	-0.53966856
751005	9074	3.2703824	-0.4283876
751005	9075	3.5806656	-0.5983894
751005	9076	3.164301	-0.40124065
751005	9077	3.3736506	-0.50380963
751005	9078	3.4839048	-0.5387595
751005	9079	3.2625165	-0.49153265
751005	9080	3.4321294	-0.5656444
751005	9081	3.4955034	-0.56627923
751005	9082	3.4342208	-0.5913402
751005	9083	3.5358562	-0.59844226
751005	9084	3.513929	-0.5682276
751005	9085	3.3729148	-0.567873
751005	9086	3.530446	-0.6092763
751005	9087	3.4295416	-0.5852068
751005	9088	3.2968426	-0.5245395
751005	9089	3.1096296	-0.41833863
751005	9090	3.5497541	-0.78276104
751005	9091	3.4026155	-0.62930584
751005	9092	3.164329	-0.4775182
751005	9093	3.4572043	-0.70130455
751005	9094	1.4679164	-0.56302017
751005	9095	1.3177121	0.8489809
751005	9096	1.6816901	-0.17109412
751005	9097	1.6638983	0.26280335
751005	9098	1.943029	0.07505533
751005	9099	1.9121314	0.15114269
751005	9100	1.8965217	0.16781095
751005	9101	1.8713638	0.23643336
751005	9102	1.7373725	0.34233043
751005	9103	2.0442848	0.0702509
751005	9104	1.4626002	0.8010504
751005	9105	2.5334492	-0.39322025
751005	9106	2.936696	-0.46707875
751005	9107	2.892624	-0.39783472
751005	9108	2.7092423	-0.2945805
751005	9109	2.3977199	-0.02191025
751005	9110	2.526731	-0.23355195
751005	9111	2.5414786	-0.19544342
751005	9112	2.3611755	-0.12595472
751005	9113	2.7560887	-0.23208126
751005	9114	2.6510534	-0.33125684
751005	9115	2.443386	-0.08077887
751005	9116	2.415368	-0.071912736
751005	9117	2.3646264	0.004511237
751005	9118	2.3504705	0.005562395
751005	9119	2.349543	0.020587772
751005	9120	2.3503246	-0.007348329
751005	9121	2.3523746	0.008614689
751005	9122	2.4379091	-0.066559464
751005	9123	2.440329	-0.034214854
751005	9124	2.4715486	-0.063631535
751005	9125	2.4481287	-0.023364544
751005	9126	2.4650779	-0.042563647
751005	9127	2.4343004	0.007673353
751005	9128	2.4455204	-0.0066236258
751005	9129	2.2387614	0.19943318
751005	9130	2.297608	0.15502623
751005	9131	2.4010162	0.03435576
751005	9132	2.4523487	0.036140352
751005	9133	2.4575753	0.030342758
751005	9134	2.3640609	0.13029817
751005	9135	2.3594518	0.11115244
751005	9136	2.3663616	0.124993056
751005	9137	2.3766942	0.11678842
751005	9138	2.3981686	0.10385272
751005	9139	2.3971472	0.11618808
751005	9140	2.3936992	0.12329826
751005	9141	2.326859	0.18691614
751005	9142	2.493104	0.01242277
751005	9143	2.7804146	-0.22411028
751005	9144	2.722468	-0.11179137
751005	9145	2.5816617	-0.013524264
751005	9146	2.8377051	-0.15796158
751005	9147	2.2030892	0.2212033
751005	9148	2.4597154	0.08552942
751005	9149	2.6502953	-0.061950773
751005	9150	3.6390553	-0.9262036
751005	9151	2.9084864	-0.1267195
751005	9152	4.091122	-1.1150627
751005	9153	4.714109	-1.4893764
751005	9154	4.855135	-1.4451293
751005	9155	5.4050913	-1.9353259
751005	9156	5.204447	-1.6898024
751005	9157	5.509711	-1.9950514
751005	9158	5.4318175	-1.9227448
751005	9159	5.1908073	-1.9040238
751005	9160	5.2716866	-1.792902
751005	9161	4.1878705	-2.0721374
751005	9162	3.7640781	-2.1226642
751005	9163	3.2760673	-0.53305894
751005	9164	3.270543	-0.5592997
751005	9165	3.328144	-0.5760674
751005	9166	3.03833	-0.33974546
751005	9167	3.29071	-0.55483526
751005	9168	3.2463026	-0.4995945
751005	9169	3.2307796	-0.46950576
751005	9170	3.3906145	-0.55018514
751005	9171	3.5440335	-0.6647927
751005	9172	3.4296274	-0.5959396
751005	9173	3.6431236	-0.6196462
751005	9174	3.7779593	-0.7392365
751005	9175	2.347978	0.30563018
751005	9176	2.1365838	0.4929196
751005	9177	1.5950078	0.97622025
751005	9178	1.1286443	1.4628773
751005	9179	1.4801886	1.0657307
751005	9180	1.776986	0.793121
751005	9181	3.0306864	-0.34325686
751005	9182	2.9671726	-0.07257649
751005	9183	1.8483499	0.7834741
751005	9184	1.004076	1.5297327
751005	9185	0.79790497	1.7684231
751005	9186	1.2331172	1.3383244
751005	9187	0.7832464	1.7749887
751005	9188	0.89689946	1.771044
751005	9189	0.76726365	1.9319522
751005	9190	0.58314466	2.0866482
751005	9191	0.74998724	1.9363546
751005	9192	0.5031185	2.1895542
751005	9193	0.16864967	2.5481827
751005	9194	0.025024533	2.8269506
751005	9195	0.21029526	2.5518935
751005	9196	-0.16377679	3.1329346
751005	9197	-0.5720143	4.040653
751005	9198	-0.010176986	2.1437848
751005	9199	0.5334569	1.3699476
751005	9200	0.85346234	1.1604072
751005	9201	1.0831171	0.9658909
751005	9202	1.1320931	0.9941753
751005	9203	1.5132412	0.56928015
751005	9204	1.5506481	0.7342074
751005	9205	1.4650487	0.8566303
751005	9206	1.2334359	1.1207777
751005	9207	1.448793	1.0386734
751005	9208	1.5857579	0.8294482
751005	9209	1.3224074	1.2091737
751005	9210	1.1409746	1.3457333
751005	9211	1.3222492	1.2918941
751005	9212	1.9856745	0.6385726
751005	9213	2.05861	0.63037276
751005	9214	2.2395473	0.56441844
751005	9215	2.171533	0.5518863
751005	9216	2.3102255	0.50280964
751005	9217	2.5344863	0.3223237
751005	9218	1.612914	1.0229055
751005	9219	1.7929357	0.8694109
751005	9220	1.0223567	1.5364927
751005	9221	1.6331741	0.9064412
751005	9222	1.7276274	0.8467642
751005	9223	0.19426024	2.581355
751005	9224	0.27831495	2.5222378
751005	9225	-0.0380044	2.9302053
751005	9226	0.45431393	1.736037
751005	9227	0.89051366	0.98656666
751005	9228	1.4155602	0.8050108
751005	9229	1.3043634	0.88673973
751005	9230	1.1049693	1.2222539
751005	9231	1.672408	0.5413765
751005	9232	1.0506898	1.4608171
751005	9233	1.5040442	1.0077136
751005	9234	1.4547167	1.152183
751005	9235	1.5468663	1.0916388
751005	9236	1.4560108	1.2498972
751005	9237	1.3338045	1.3134271
751005	9238	1.3641893	1.2131448
751005	9239	0.67279184	2.3340862
751005	9240	2.1769104	0.292383
751005	9241	1.8622288	1.1363324
751005	9242	1.8655361	1.0216736
751005	9243	1.7928635	1.1117655
751005	9244	1.6558398	1.1824127
751005	9245	1.2892183	1.5231888
751005	9246	1.1889347	1.7246633
751005	9247	-0.24722174	1.1109577
751005	9248	1.2572217	0.7278893
751005	9249	0.78922963	1.4717275
751005	9250	1.2330099	0.92354286
751005	9251	2.4390068	-0.1210199
751005	9252	3.0358481	-0.1503059
751005	9253	1.9931141	0.59396124
751005	9254	2.1516519	0.5220108
751005	9255	2.190117	0.44957557
751005	9256	1.7615837	0.76017785
751005	9257	2.0453415	0.49336252
751005	9258	1.7305249	0.8093593
751005	9259	2.0634942	0.42792907
751005	9260	2.1732488	0.4374862
751005	9261	1.0714604	1.5503199
751005	9262	2.5644922	-0.21810195
751005	9263	2.448299	0.3918495
751005	9264	2.2000551	0.5302259
751005	9265	2.1290064	0.5688584
751005	9266	1.821472	0.837464
751005	9267	1.1378597	1.5498812
751005	9268	1.0979618	1.4920343
751005	9269	1.1661477	1.3837184
751005	9270	1.0234396	1.6234567
751005	9271	0.7848431	1.894608
751005	9272	0.555727	2.2487097
751005	9273	0.59305453	2.2748508
751005	9274	0.49790668	2.3595023
751005	9275	0.41839814	2.388684
751005	9276	0.2905134	2.6681654
751005	9277	0.09553754	2.8802664
751005	9278	0.05202186	3.0324008
751005	9279	-0.31223804	3.6510742
751005	9280	-0.30667192	3.6555731
751005	9281	-0.23508447	3.478139
751005	9282	-0.25722584	3.5983465
751005	9283	-0.058203608	3.3249233
751005	9284	0.007970035	3.2278023
751005	9285	0.05188006	3.0291424
751005	9286	0.017795563	3.1594524
751005	9287	0.045936108	3.092885
751005	9288	0.04554361	3.1694286
751005	9289	0.082003295	3.0017717
751005	9290	1.172459	1.3921145
751005	9291	0.926612	2.0135515
751005	9292	0.93373203	2.0326614
751005	9293	0.6961069	2.4231696
751005	9294	1.4182472	1.3650956
751005	9295	0.733119	2.2398622
751005	9296	0.7920408	2.169996
751005	9297	1.0572959	1.8325298
751005	9298	1.0726644	1.8656938
751005	9299	1.0909353	1.8226969
751005	9300	1.2233834	1.7177846
751005	9301	0.7459408	2.1652708
751005	9302	0.7983924	2.1463146
751005	9303	1.1919265	1.6660688
751005	9304	0.8168596	2.0815709
751005	9305	0.8792398	2.0664308
751005	9306	1.2005266	1.6845632
751005	9307	1.1845205	1.6563673
751005	9308	1.058846	1.7885821
751005	9309	1.0024376	1.791044
751005	9310	0.78162014	1.9967055
751005	9311	0.99390066	1.7277985
751005	9312	1.187656	1.537387
751005	9313	1.5791668	1.1760455
751005	9314	1.3843756	1.4260055
751005	9315	1.3598802	1.4363073
751005	9316	1.5397123	1.2113605
751005	9317	1.8821608	0.9509884
751005	9318	1.3639302	1.4868715
751005	9319	1.2754345	1.5282387
751005	9320	1.6509243	1.1949672
751005	9321	1.0084833	1.787466
751005	9322	1.1349089	1.6481395
751005	9323	0.84644413	1.9430807
751005	9324	1.1903418	1.6187785
751005	9325	0.847167	1.923271
751005	9326	1.1631391	1.6525207
751005	9327	0.840078	1.9347048
751005	9328	1.1687989	1.6458402
751005	9329	0.85047245	1.9253044
751005	9330	0.9849398	1.7941551
751005	9331	0.781845	2.014693
751005	9332	1.1983111	1.5062635
751005	9333	1.4166368	1.3186835
751005	9334	1.4982306	1.33803
751005	9335	1.6772851	1.1518931
751005	9336	2.3085299	0.6021092
751005	9337	1.7308882	1.1800653
751005	9338	2.2859368	0.67527103
751005	9339	1.7222408	1.1884164
751005	9340	2.3979368	0.5494621
751005	9341	1.7913228	1.1460372
751005	9342	2.4462676	0.5231656
751005	9343	2.5711784	0.4779285
751005	9344	1.8115987	1.1009405
751005	9345	2.0088696	0.94561887
751005	9346	2.1638532	0.8824314
751005	9347	2.590139	0.43918464
751005	9348	1.8359951	1.0648206
751005	9349	2.4027133	0.56035197
751005	9350	1.8033785	1.0858004
751005	9351	1.0157561	1.9649932
751005	9352	1.3919839	1.4417349
751005	9353	1.3048979	1.4784522
751005	9354	1.4185637	1.3542621
751005	9355	1.3882419	1.3754681
751005	9356	2.5660496	0.12922326
751005	9357	1.9841872	1.0826567
751005	9358	1.7318105	1.2721907
751005	9359	1.699978	1.3591814
751005	9360	1.5758134	1.4625444
751005	9361	1.3837123	1.5396457
751005	9362	1.758546	1.1563396
751005	9363	1.9657551	1.0804029
751005	9364	1.1946509	1.7037325
751005	9365	1.1883943	1.7949474
751005	9366	1.3213699	1.5064108
751005	9367	0.88418293	1.9622355
751005	9368	1.0778259	1.8341994
751005	9369	1.476539	1.3989012
751005	9370	1.465276	1.4946058
751005	9371	1.6000625	1.3432229
751005	9372	1.9631926	1.0593101
751005	9373	1.8487412	1.1144314
751005	9374	1.703576	1.2142159
751005	9375	1.2459749	1.5845201
751005	9376	1.475411	1.4237592
751005	9377	1.5005733	1.3726691
751005	9378	1.6287848	1.297886
751005	9379	1.6723596	1.229201
751005	9380	1.7053126	1.2076099
751005	9381	1.7159926	1.1829772
751005	9382	2.032558	0.9682369
751005	9383	1.3406453	1.4968517
751005	9384	1.5283457	1.4030247
751005	9385	1.6941792	1.2498325
751005	9386	1.6645576	1.3484513
751005	9387	1.7095124	1.3001933
751005	9388	1.7727464	1.2452744
751005	9389	1.7970504	1.2426277
751005	9390	1.7155639	1.3294004
751005	9391	1.9894577	1.0107349
751005	9392	1.6712819	1.3926105
751005	9393	1.6764389	1.3151417
751005	9394	1.7038685	1.2942463
751005	9395	1.2488091	1.7623374
751005	9396	1.7393886	1.2125939
751005	9397	1.819637	1.1945118
751005	9398	1.2983707	1.7517793
751005	9399	1.1160092	1.856189
751005	9400	1.086122	1.9284675
751005	9401	1.1723629	1.8128071
751005	9402	1.3187735	1.6901348
751005	9403	1.0572257	1.9632568
751005	9404	1.8238713	1.0914158
751005	9405	1.3112732	1.5565035
751005	9406	1.522122	1.4548724
751005	9407	1.586389	1.4781569
751005	9408	1.6526574	1.3281313
751005	9409	1.9162413	1.1320453
751005	9410	1.9256929	1.1925523
751005	9411	2.0306072	1.0938199
751005	9412	2.079011	1.0748734
751005	9413	2.0913272	1.0731877
751005	9414	2.0922132	1.0750294
751005	9415	2.0990558	1.0690855
751005	9416	2.15737	0.98951316
751005	9417	2.370851	0.86605275
751005	9418	2.0556254	1.1174324
751005	9419	1.976585	1.1526661
751005	9420	2.078228	1.0443544
751005	9421	2.092925	1.0618331
751005	9422	2.1153631	1.0478474
751005	9423	2.090775	1.0757031
751005	9424	2.7287784	0.5035496
751005	9425	2.9231853	0.33337292
751005	9426	2.25734	0.88349974
751005	9427	2.310758	0.77166593
751005	9428	2.308291	0.85580003
751005	9429	2.6290836	0.52523756
751005	9430	2.7289844	0.5452161
751005	9431	2.6853251	0.572852
751005	9432	2.9632163	0.31585523
751005	9433	2.9749727	0.41711757
751005	9434	2.8133488	0.5268104
751005	9435	2.721222	0.52021813
751005	9436	2.7863183	0.4815105
751005	9437	2.781436	0.48923418
751005	9438	2.854868	0.42251053
751005	9439	2.7298083	0.5392245
751005	9440	2.744052	0.48377892
751005	9441	3.0732803	0.24929556
751005	9442	2.123798	0.9567393
751005	9443	2.308919	0.80702496
751005	9444	2.7081776	0.5047885
751005	9445	2.0485253	0.99908423
751005	9446	2.6257224	0.5511023
751005	9447	2.4198885	0.7559693
751005	9448	2.0805163	0.9016557
751005	9449	2.4438653	0.53156984
751005	9450	2.290032	0.84659755
751005	9451	2.2240343	0.84070826
751005	9452	2.260231	0.8575866
751005	9453	2.3498793	0.76373124
751005	9454	1.0894047	2.001115
751005	9455	2.8786178	0.03315723
751005	9456	2.5445657	0.85397625
751005	9457	3.0482578	0.12468663
751005	9458	2.402876	0.76731575
751005	9459	2.0801	1.0084711
751005	9460	2.1974435	0.91970456
751005	9461	2.523345	0.7000066
751005	9462	2.306559	0.79293394
751005	9463	2.207254	0.8388783
751005	9464	1.788926	1.1455473
751005	9465	2.5341272	0.52702415
751005	9466	2.6708355	0.5546324
751005	9467	2.7341185	0.51051927
751005	9468	2.7290936	0.5020914
751005	9469	3.113926	0.17106637
751005	9470	3.2844095	0.10817996
751005	9471	3.2074203	0.19711247
751005	9472	3.7803807	-0.2802116
751005	9473	2.774251	0.5315734
751005	9474	3.0578055	0.2666867
751005	9475	3.1955729	0.23815647
751005	9476	3.687756	-0.22508788
751005	9477	3.1493921	0.29590514
751005	9478	3.5793571	-0.13544253
751005	9479	2.9915714	0.37694213
751005	9480	2.9207172	0.41770467
751005	9481	3.1917005	0.22095439
751005	9482	2.930541	0.50744927
751005	9483	3.5808687	-0.12714276
751005	9484	3.4429154	0.13207331
751005	9485	2.3349776	0.8463234
751005	9486	3.077733	0.21661946
751005	9487	3.5436506	-0.02164501
751005	9488	3.456242	0.05401066
751005	9489	2.807909	0.5065656
751005	9490	1.8845209	-0.097124875
751005	9491	1.5527464	-0.023052454
751005	9492	1.3796204	0.083789796
751005	9493	2.0946956	0.89169
751005	9494	2.2333918	0.67964673
751005	9495	2.4152179	0.47540632
751005	9496	2.0664783	0.6539345
751005	9497	2.5896173	-1.1774652
751005	9498	1.9256631	0.7861115
751005	9499	1.4235024	1.1226723
751005	9500	0.5949578	2.0018475
751005	9501	1.0125508	1.8111129
751005	9502	1.2025049	1.5381564
751005	9503	1.3105966	1.4509728
751005	9504	1.3064501	1.4353671
751005	9505	1.2457361	1.4845374
751005	9506	0.8873167	1.8022037
751005	9507	1.1915318	1.5543411
751005	9508	2.0094447	0.77593756
751005	9509	1.6329638	1.079025
751005	9510	0.49445188	2.1014051
751005	9511	0.5296775	2.3152542
751005	9512	1.4686334	1.1994275
751005	9513	1.7135509	0.8926244
751005	9514	2.5284572	0.4755405
751005	9515	2.4921184	0.5433265
751005	9516	4.1985636	-0.81366146
751005	9517	1.8854972	0.9708431
751005	9518	3.3873925	-0.3166073
751005	9519	3.3593092	-0.076179504
751005	9520	1.7321347	1.0544512
751005	9521	1.9461261	0.90731704
751005	9522	3.677565	-0.5705495
751005	9523	3.480916	-0.19043887
751005	9524	1.699088	1.0512621
751005	9525	2.1909585	0.64434004
751005	9526	2.8656235	0.11199823
751005	9527	4.2955627	-0.8358509
751005	9528	2.1447873	0.7442552
751005	9529	3.7518353	-0.6058935
751005	9530	2.1517863	0.7958007
751005	9531	3.7014956	-0.5711449
751005	9532	2.0948038	0.84422493
751005	9533	3.7553039	-0.6155002
751005	9534	2.1575503	0.7894459
751005	9535	3.7525601	-0.59569085
751005	9536	2.1374469	0.80193377
751005	9537	3.5915103	-0.49470258
751005	9538	4.539335	-0.92812085
751005	9539	4.4853644	-0.91132116
751005	9540	3.3808036	-0.16504523
751005	9541	3.4100642	-0.3171719
751005	9542	3.1227221	-0.078963906
751005	9543	3.4920068	-0.3605882
751005	9544	3.0833335	-0.058266133
751005	9545	2.6169124	0.31259087
751005	9546	2.9924784	-0.16664687
751005	9547	2.753776	0.17114016
751005	9548	2.9171119	-0.0059595704
751005	9549	2.4766264	0.43040803
751005	9550	2.5737705	0.18498895
751005	9551	0.6918906	1.8483999
751005	9552	1.0094838	1.6184478
751005	9553	1.006062	1.4804571
751005	9554	2.295567	0.14856175
751005	9555	2.1456017	0.6598114
751005	9556	1.6396769	1.0369774
751005	9557	0.9957504	1.5449433
751005	9558	0.1761707	2.6366072
751005	9559	2.116406	0.45710996
751005	9560	1.9554533	0.95668507
751005	9561	1.4501106	1.2658827
751005	9562	1.3602378	1.4232589
751005	9563	0.84645796	2.0120318
751005	9564	0.7974167	2.1145527
751005	9565	0.4245727	2.5436873
751005	9566	0.5786183	2.3991168
751005	9567	0.7284943	2.1263225
751005	9568	0.7395222	2.1888378
751005	9569	0.77762127	2.160082
751005	9570	0.768008	2.202228
751005	9571	0.6006068	2.2738388
751005	9572	1.287373	1.5838118
751005	9573	0.593851	2.2549515
751005	9574	0.9527924	1.8452098
751005	9575	0.74922013	2.147918
751005	9576	1.2401751	1.6730802
751005	9577	1.3259499	1.6075678
751005	9578	1.3160206	1.7002051
751005	9579	1.3753375	1.6230168
751005	9580	1.6093651	1.2844449
751005	9581	1.4276057	1.5145795
751005	9582	1.6142162	1.3477535
751005	9583	3.1887832	-0.13671517
751005	9584	3.2216654	0.10157117
751005	9585	2.2176156	0.92441094
751005	9586	2.0837402	0.70357966
751005	9587	2.0849843	0.84483683
751005	9588	2.3796644	0.5946902
751005	9589	2.5106668	0.5525551
751005	9590	2.5821843	0.524886
751005	9591	2.5896935	0.5171931
751005	9592	2.6024241	0.5062897
751005	9593	3.3071032	0.023460329
751005	9594	3.0993428	0.144178
751005	9595	1.5599462	1.322773
751005	9596	1.511679	1.3588492
751005	9597	3.3132305	-0.20672864
751005	9598	3.0451455	0.2787411
751005	9599	1.5331072	1.3444366
751005	9600	1.9959286	0.8865036
751005	9601	2.708325	0.49697635
751005	9602	3.219705	0.05991271
751005	9603	3.093122	0.23440418
751005	9604	3.2923512	0.00857231
751005	9605	3.3926725	-0.0052877963
751005	9606	4.2791038	-0.7153723
751005	9607	3.6077366	-0.19654843
751005	9608	3.6430564	-0.36823174
751005	9609	2.0858197	-0.6803382
751005	9610	1.0409393	0.049354464
751005	9611	0.76349974	0.15787026
751005	9612	0.81350017	0.13497248
751005	9613	1.0431453	-0.1160216
751005	9614	1.6025835	0.97325134
751005	9615	0.32394665	2.1306114
751005	9616	1.2710463	1.1494349
751005	9617	1.5571567	0.95661485
751005	9618	1.6208309	0.8760246
751005	9619	1.6464978	0.8485285
751005	9620	1.6853176	0.8378111
751005	9621	2.0685263	0.5007138
751005	9622	1.5101997	1.0725988
751005	9623	2.244029	0.4034094
751005	9624	2.1281033	0.58797276
751005	9625	2.029829	0.7384821
751005	9626	1.6639992	1.0347173
751005	9627	1.4888469	1.09412
751005	9628	1.474395	1.126411
751005	9629	1.2521846	1.2845691
751005	9630	1.1613065	1.3438011
751005	9631	1.0869106	1.4136384
751005	9632	1.0398071	1.4544314
751005	9633	1.4061232	1.1412578
751005	9634	1.5999905	1.0769607
751005	9635	1.5231463	1.2330045
751005	9636	1.3923798	1.2440288
751005	9637	1.192186	1.3969996
751005	9638	1.097942	1.4639486
751005	9639	1.0194309	1.5360003
751005	9640	1.0950043	1.4997258
751005	9641	0.9535974	1.5870726
751005	9642	1.0810766	1.4384853
751005	9643	0.90124154	1.6652241
751005	9644	0.84120667	1.7262769
751005	9645	1.0543158	1.584579
751005	9646	1.036733	1.6007943
751005	9647	1.0175738	1.5553298
751005	9648	0.9139838	1.6526031
751005	9649	0.8590679	1.7091343
751005	9650	0.928705	1.6904888
751005	9651	0.9472363	1.5875106
751005	9652	0.79868066	1.7719295
751005	9653	0.7542027	1.8336704
751005	9654	1.143463	1.3784326
751005	9655	1.1976649	1.399702
751005	9656	1.2332284	1.3735583
751005	9657	1.2552145	1.3442715
751005	9658	0.7097415	1.881866
751005	9659	0.7546365	1.8693492
751005	9660	0.78084743	1.8054924
751005	9661	0.83244693	1.7798483
751005	9662	0.902923	1.6929624
751005	9663	0.8888434	1.734354
751005	9664	0.88761353	1.7268679
751005	9665	0.76259124	1.8161609
751005	9666	0.79505956	1.8076391
751005	9667	0.9016924	1.714886
751005	9668	0.91955197	1.7077146
751005	9669	0.91573584	1.7216849
751005	9670	1.2551435	1.3673863
751005	9671	0.6140393	2.0045981
751005	9672	0.91898096	1.7261949
751005	9673	0.9439186	1.6975136
751005	9674	0.7148267	1.8975749
751005	9675	0.58127666	2.0068698
751005	9676	0.70774186	1.9098611
751005	9677	1.0033958	1.5983438
751005	9678	0.68753004	1.9570365
751005	9679	0.9517567	1.6870666
751005	9680	0.57721376	2.0968423
751005	9681	0.64898753	2.0480006
751005	9682	0.81746364	1.8950126
751005	9683	0.81556153	1.9204032
751005	9684	0.84472036	1.9105692
751005	9685	0.8488649	1.9217782
751005	9686	0.8618336	1.9381747
751005	9687	0.63921	2.099207
751005	9688	0.7395153	2.0414317
751005	9689	0.8372928	1.936141
751005	9690	0.86202455	1.9611483
751005	9691	0.82093275	2.0239248
751005	9692	0.817114	2.040113
751005	9693	0.7153076	2.071352
751005	9694	0.7325102	2.1010559
751005	9695	0.8181759	2.0170968
751005	9696	-0.013097763	3.0537755
751005	9697	1.7388657	1.0098004
751005	9698	1.2503455	1.68381
751005	9699	0.940266	2.0732727
751005	9700	0.86849797	2.067795
751005	9701	1.0353068	1.8581591
751005	9702	0.8594812	1.9649012
751005	9703	0.8187051	2.0803206
751005	9704	0.8826866	2.0250535
751005	9705	0.8564688	2.0791707
751005	9706	0.9170611	1.9965963
751005	9707	0.97363794	1.9490848
751005	9708	1.0074602	1.9242315
751005	9709	0.9509448	2.0110364
751005	9710	0.8529433	2.0578985
751005	9711	0.8867248	2.0271678
751005	9712	0.84487474	2.0078225
751005	9713	0.90586364	1.9762554
751005	9714	0.959793	1.881994
751005	9715	0.9444624	1.9395287
751005	9716	0.93695164	1.9563191
751005	9717	0.8626497	2.0430145
751005	9718	0.85497165	2.0202434
751005	9719	0.9065689	1.9841521
751005	9720	0.85857	2.0364668
751005	9721	0.8514807	2.0449016
751005	9722	0.86324203	2.01172
751005	9723	0.55442035	2.370382
751005	9724	0.32690513	2.6136446
751005	9725	0.20914638	2.6889944
751005	9726	0.090866566	2.8205922
751005	9727	0.47053373	2.326738
751005	9728	0.26528293	2.5328956
751005	9729	0.27598506	2.493339
751005	9730	0.29095834	2.5611813
751005	9731	0.22846979	2.6264408
751005	9732	0.28427482	2.4862053
751005	9733	0.5348586	2.2181554
751005	9734	0.5933795	2.2447884
751005	9735	0.6245588	2.2411864
751005	9736	0.47712666	2.3506284
751005	9737	0.29191864	2.5250618
751005	9738	0.4147243	2.440379
751005	9739	0.52113223	2.32633
751005	9740	0.531646	2.345122
751005	9741	0.55874884	2.3408911
751005	9742	0.57837677	2.3328848
751005	9743	0.5179703	2.4330812
751005	9744	0.4791637	2.4533377
751005	9745	0.48734778	2.4099462
751005	9746	0.5005313	2.4006815
751005	9747	1.2641771	1.4905493
751005	9748	0.05159068	2.8784535
751005	9749	0.29577857	2.744455
751005	9750	0.45956522	2.4215627
751005	9751	0.46644115	2.452619
751005	9752	0.47985607	2.4385257
751005	9753	0.531054	2.3943918
751005	9754	0.51826847	2.4233396
751005	9755	0.33632946	2.5491378
751005	9756	0.3880546	2.4901047
751005	9757	0.5145855	2.3742647
751005	9758	0.512241	2.402439
751005	9759	1.3740515	1.417811
751005	9760	1.3275278	1.4679009
751005	9761	1.3606008	1.5175343
751005	9762	1.3642302	1.4339685
751005	9763	1.2501007	1.47646
751005	9764	1.2421491	1.4570664
751005	9765	0.43619734	2.4232624
751005	9766	0.8737303	2.0175023
751005	9767	1.4602866	1.4349902
751005	9768	1.7349063	1.2898681
751005	9769	1.965511	1.1869591
751005	9770	2.7911057	0.48519382
751005	9771	3.058391	0.34491792
751005	9772	3.118034	0.3102735
751005	9773	1.3982322	-0.27061662
751005	9774	0.92781353	0.14200094
751005	9775	1.214934	1.4528222
751005	9776	1.9790086	-0.9868499
751005	9777	1.7371379	-0.79322207
751005	9778	1.3259722	-0.47550005
751005	9779	1.0570469	1.3864981
751005	9780	1.1805779	1.2779878
751005	9781	1.2620516	1.1481683
751005	9782	1.1322297	1.3572817
751005	9783	1.3845799	0.9660996
751005	9784	0.88833475	1.6301143
751005	9785	1.371074	1.1058447
751005	9786	1.635255	0.8416623
751005	9787	1.7837409	0.5562532
751005	9788	1.838046	0.5980686
751005	9789	3.1760206	-0.88445336
751005	9790	2.848545	-0.18294409
751005	9791	2.841786	-0.2713847
751005	9792	2.845304	-0.2411151
751005	9793	2.5289712	-0.0031874478
751005	9794	2.583458	-0.10570982
751005	9795	2.035101	0.41165647
751005	9796	2.0144806	0.46649608
751005	9797	2.1748438	0.33109298
751005	9798	1.9253534	0.6357528
751005	9799	0.90535593	1.6677685
751005	9800	2.827372	-0.45996976
751005	9801	2.5362897	0.22655073
751005	9802	2.0927935	0.53700185
751005	9803	2.0823631	0.54213834
751005	9804	2.0202808	0.5985229
751005	9805	2.819758	-0.16567045
751005	9806	2.7323308	0.052035183
751005	9807	2.7333903	-0.018735379
751005	9808	2.497705	0.17025784
751005	9809	2.5942593	0.07394442
751005	9810	2.4650874	0.15645674
751005	9811	0.38549292	1.8917315
751005	9812	0.51696837	2.017431
751005	9813	0.6839875	1.730638
751005	9814	0.6321169	1.7674205
751005	9815	0.5907016	1.7288768
751005	9816	0.5193744	1.9090321
751005	9817	0.9549811	1.4243572
751005	9818	1.1142105	1.3658745
751005	9819	1.1057663	1.4641583
751005	9820	0.8308048	1.6552589
751005	9821	0.9390843	1.6097515
751005	9822	1.0359215	1.5413847
751005	9823	0.85356534	1.7644241
751005	9824	0.87921405	1.7187216
751005	9825	0.9132147	1.6932414
751005	9826	0.73251784	1.7833257
751005	9827	0.81698716	1.763392
751005	9828	0.72378135	1.9084048
751005	9829	0.5622159	0.2628123
751005	9830	0.2697025	0.40406993
751005	9831	0.3589642	0.3111982
751005	9832	0.64776695	0.02506876
751005	9833	0.7179401	-0.003649503
751005	9834	1.17193	-0.4024207
751005	9835	1.2639776	1.0781922
751005	9836	0.8190284	1.4996421
751005	9837	1.0444609	1.1898032
751005	9838	0.938969	1.4175339
751005	9839	1.0176154	1.3328832
751005	9840	1.0271146	1.3313651
751005	9841	1.0520179	1.3184536
751005	9842	0.41736925	2.0525706
751005	9843	0.82493365	-0.08829427
751005	9844	0.21072489	0.91386867
751005	9845	0.5948049	0.48232302
751005	9846	0.78873277	0.16174331
751005	9847	0.7414037	0.19281879
751005	9848	0.8667599	0.030809164
751005	9849	0.9484694	-0.04538977
751005	9850	1.1785612	-0.18381923
751005	9851	1.5646416	-0.5176321
751005	9852	1.501407	-0.36303237
751005	9853	1.5602065	-0.388039
751005	9854	1.2337729	-0.14836386
751005	9855	1.900637	-0.757944
751005	9856	2.7231612	0.087237984
751005	9857	2.1077256	0.484386
751005	9858	1.8945211	0.6761012
751005	9859	2.0895882	0.4113516
751005	9860	2.2004051	0.3597497
751005	9861	0.74100745	1.8789926
751005	9862	0.7809	1.6140449
751005	9863	1.180163	1.304271
751005	9864	2.632554	0.015767217
751005	9865	3.064763	-0.09553963
751005	9866	1.3027607	1.2147987
751005	9867	1.175985	1.4185495
751005	9868	1.1997864	1.4013907
751005	9869	1.214915	1.4156834
751005	9870	1.1630429	1.4604871
751005	9871	1.308007	1.2984555
751005	9872	1.10304	1.4131461
751005	9873	1.379138	1.1188935
751005	9874	1.3061593	1.2083755
751005	9875	1.353589	1.0847968
751005	9876	-0.96094304	3.4844959
751005	9877	-0.9420365	3.8066509
751005	9878	-0.81990874	3.6025865
751005	9879	-0.8438814	3.4751074
751005	9880	-0.8085927	1.8670785
751005	9881	-1.0656688	2.8154988
751005	9882	-0.9327313	2.4775703
751005	9883	-0.746495	2.1104336
751005	9884	-0.9160428	2.5529509
751005	9885	-0.740468	2.1340005
751005	9886	-0.6594833	1.7429872
751005	9887	-0.75232506	2.035991
751005	9888	-0.6208128	1.7177942
751005	9889	-0.16784921	0.9408108
751005	9890	-0.41323668	1.1534489
751005	9891	-0.12846836	2.8764553
751005	9892	0.06064254	2.2255483
751005	9893	0.027412772	2.1778944
751005	9894	0.045015812	2.1629198
751005	9895	0.50693095	1.7797754
751005	9896	-0.1090782	2.6977053
751005	9897	-0.2153449	2.7041655
751005	9898	0.27748275	0.35985097
751005	9899	-0.10429478	1.0442924
751005	9900	-0.08580813	1.0673167
751005	9901	-0.36263704	1.17517
751005	9902	-0.2517253	0.9355794
751005	9903	-0.1273103	1.0533664
751005	9904	-0.08445689	0.8252938
751005	9905	-0.27945232	1.1797163
751005	9906	-0.3029178	1.1201371
751005	9907	0.14366376	2.2683742
751005	9908	0.23020238	1.7890136
751005	9909	0.16215795	1.9996786
751005	9910	0.37567508	1.6434495
751005	9911	0.7873559	1.4378448
751005	9912	0.45943463	1.969135
751005	9913	-0.00384593	2.5280683
751005	9914	0.23285717	2.0627534
751005	9915	0.06657618	2.3308396
751005	9916	0.16810668	2.16721
751005	9917	0.56569445	1.693862
751005	9918	0.8584627	1.3565639
751005	9919	0.8572984	1.4544262
751005	9920	0.63138235	1.6924994
751005	9921	0.73037744	1.6532109
751005	9922	0.9128816	1.4079815
751005	9923	0.7905865	1.6926329
751005	9924	0.7412753	1.689338
751005	9925	0.8089031	1.6188481
751005	9926	0.70605063	1.7585726
751005	9927	0.6683943	1.7738702
751005	9928	0.6596981	1.7945678
751005	9929	0.6851804	1.7446182
751005	9930	0.67320335	1.8025606
751005	9931	0.6836301	1.7659853
751005	9932	0.69261	1.776092
751005	9933	0.67873144	1.8109157
751005	9934	0.7950065	1.6830525
751005	9935	0.8369	1.4637574
751005	9936	0.78098655	1.7489111
751005	9937	0.88789177	1.6778662
751005	9938	0.83258593	1.7302401
751005	9939	0.90401495	1.4887688
751005	9940	0.85646284	1.7363241
751005	9941	0.7705656	1.854321
751005	9942	0.7626275	1.8075013
751005	9943	0.8525585	1.7124057
751005	9944	0.8504528	1.7596791
751005	9945	0.8253727	1.7840388
751005	9946	0.8326533	1.7831628
751005	9947	0.84875333	1.6339259
751005	9948	0.8347162	1.7195582
751005	9949	0.9596838	1.5382651
751005	9950	0.99843776	1.5789974
751005	9951	0.92992103	1.6808062
751005	9952	0.88738585	1.7016416
751005	9953	0.9094852	1.6664424
751005	9954	0.94691896	1.6106448
751005	9955	1.228773	1.2507148
751005	9956	1.0278139	1.4426117
751005	9957	1.1205058	1.3177645
751005	9958	1.0390836	1.5073618
751005	9959	0.90780795	1.6517456
751005	9960	1.5757157	0.6377306
751005	9961	1.4197576	0.76753986
751005	9962	2.2510152	-0.07452673
751005	9963	2.2537975	-0.009760648
751005	9964	2.8364196	-0.38806015
751005	9965	2.9509454	-0.49146727
751005	9966	2.7427764	-0.37420762
751005	9967	3.3448114	-0.8001797
751005	9968	2.329495	-0.07455459
751005	9969	2.1551328	0.046997517
751005	9970	1.8189012	0.45326534
751005	9971	1.423312	0.8751608
751005	9972	2.370278	-0.26320195
751005	9973	2.628697	-0.28995317
751005	9974	2.0659986	0.1707724
751005	9975	2.4180331	-0.09412828
751005	9976	1.9470879	0.21526065
751005	9977	2.0810165	-0.0066789687
751005	9978	1.7703022	0.44267115
751005	9979	1.8854619	0.18573645
751005	9980	2.5040483	-0.24548322
751005	9981	2.4040885	-0.18059617
751005	9982	1.9067982	0.21748081
751005	9983	1.7022842	0.45111737
751005	9984	1.6970135	0.56476164
751005	9985	1.8765086	0.25310072
751005	9986	1.6957086	0.5260247
751005	9987	1.6429278	0.7110052
751005	9988	1.5446862	0.6742135
751005	9989	1.3974112	0.96928036
751005	9990	1.3837105	0.93953335
751005	9991	1.7501024	0.54969573
751005	9992	1.8937434	0.5575477
751005	9993	2.000833	0.3564835
751005	9994	1.8335818	0.55485964
751005	9995	1.8405908	0.49994156
751005	9996	1.8991197	0.22989163
751005	9997	1.7908303	0.4727507
751005	9998	1.5776101	0.7231499
751005	9999	1.6238397	0.63466525
751005	10000	1.4700288	0.7908876
751005	10001	1.4514254	0.75166094
751005	10002	1.2680001	0.8885083
751005	10003	1.2218422	0.9858228
751005	10004	1.2593817	0.91501904
751005	10005	1.2332387	1.0444628
751005	10006	1.014582	1.1994585
751005	10007	1.124275	1.1135435
751005	10008	0.99099946	1.2448848
751005	10009	1.0908151	1.1341294
751005	10010	1.0540462	1.2331215
751005	10011	0.89916074	1.3507493
751005	10012	0.85244536	1.3945833
751005	10013	0.9978869	1.3151904
751005	10014	1.0881071	1.2963213
751005	10015	0.9117849	1.5076388
751005	10016	0.92478347	1.3926101
751005	10017	0.9662063	1.3565743
751005	10018	0.8395908	1.4681289
751005	10019	0.8446168	1.5237039
751005	10020	0.80571663	1.5045667
751005	10021	0.7337557	1.5790296
751005	10022	0.8535085	1.5027913
751005	10023	0.90798545	1.4153609
751005	10024	0.85980666	1.4967554
751005	10025	0.77433217	1.6114893
751005	10026	0.7948445	1.5360807
751005	10027	0.78357124	1.5585582
751005	10028	0.73843145	1.6881049
751005	10029	0.6123545	1.7617197
751005	10030	0.7041069	1.6256025
751005	10031	0.7151934	1.592454
751005	10032	0.69602525	1.753531
751005	10033	0.75269914	1.6274745
751005	10034	0.77420115	1.5982139
751005	10035	0.72684264	1.6598253
751005	10036	0.5717224	1.8744581
751005	10037	0.515566	1.927758
751005	10038	0.4947449	2.016328
751005	10039	0.38809592	2.0688047
751005	10040	0.39122623	2.0713503
751005	10041	0.46495098	1.986002
751005	10042	0.26228082	2.3792615
751005	10043	0.313466	2.2343397
751005	10044	0.4335454	2.1337261
751005	10045	0.44553536	1.9817886
751005	10046	0.5052695	1.9144437
751005	10047	1.0754647	1.1615405
751005	10048	1.109304	1.1960884
751005	10049	0.786428	1.3015765
751005	10050	1.6804472	0.48656926
751005	10051	1.9314471	0.11883327
751005	10052	2.10492	0.1733174
751005	10053	1.7324766	0.36633357
751005	10054	2.8163257	-0.2838385
751005	10055	2.4289045	0.06725922
751005	10056	2.0813746	0.36967424
751005	10057	2.113657	0.21990022
751005	10058	2.1225195	0.15084496
751005	10059	2.1358304	0.1160014
751005	10060	2.1474328	0.08003232
751005	10061	2.1688714	0.040684253
751005	10062	1.855286	0.40140608
751005	10063	1.7105604	0.5619191
751005	10064	1.5598608	0.6940216
751005	10065	1.588348	0.6270505
751005	10066	1.5749925	0.6964675
751005	10067	1.8065215	0.44986752
751005	10068	2.5482097	-0.06472781
751005	10069	3.0993748	-0.5954907
751005	10070	3.4403176	-0.841143
751005	10071	3.4832263	-0.8001959
751005	10072	3.5394883	-0.8910711
751005	10073	3.8140635	-1.3403803
751005	10074	4.5867457	-1.7256275
751005	10075	4.2409306	-1.5229574
751005	10076	3.3392663	-0.973176
751005	10077	2.8610892	-0.86950314
751005	10078	2.6584516	-0.7511182
751005	10079	2.3621721	-0.41692045
751005	10080	2.2299185	-0.38061118
751005	10081	2.1879969	-0.40227795
751005	10082	1.848559	-0.15831324
751005	10083	1.7602524	-0.19180518
751005	10084	1.5301963	0.017605722
751005	10085	1.0103542	0.6366705
751005	10086	0.9993503	0.7131084
751005	10087	1.3665833	0.56364965
751005	10088	1.7283796	0.36322215
751005	10089	1.9021345	0.005642712
751005	10090	1.6781634	0.26674196
751005	10091	1.5619274	0.46372685
751005	10092	1.6806976	0.43636146
751005	10093	1.6710349	0.46360347
751005	10094	1.6266028	0.47020492
751005	10095	1.4587239	0.6411097
751005	10096	2.0190454	0.19928482
751005	10097	2.1165533	0.13850883
751005	10098	1.6745294	0.66110885
751005	10099	2.3240047	-0.08675647
751005	10100	2.1761599	0.2523155
751005	10101	2.100171	0.27724615
751005	10102	2.013228	0.33409598
751005	10103	1.8877126	0.401625
751005	10104	1.8482786	0.47570124
751005	10105	1.6096894	0.73484814
751005	10106	1.6879653	0.5237578
751005	10107	1.992716	0.2164472
751005	10108	2.3214097	6.1541796e-05
751005	10109	3.25169	-0.6596767
751005	10110	3.7329097	-0.8452929
751005	10111	3.7442198	-0.81090605
751005	10112	3.7901306	-0.9244312
751005	10113	3.6648908	-0.6799177
751005	10114	3.6400175	-0.75438744
751005	10115	3.7685537	-0.7957746
751005	10116	4.0268173	-0.95163053
751005	10117	3.9302473	-0.94063675
751005	10118	3.9377804	-0.9244931
751005	10119	3.9094343	-0.91971695
751005	10120	3.8510365	-0.9767263
751005	10121	3.8556566	-0.9158467
751005	10122	3.8277187	-0.91243833
751005	10123	3.7879791	-0.9688667
751005	10124	3.7849865	-0.89578855
751005	10125	3.7635646	-0.8967176
751005	10126	3.7484064	-0.9612045
751005	10127	3.7896905	-0.89660394
751005	10128	3.7686653	-0.897557
751005	10129	3.901164	-1.0379341
751005	10130	3.9268966	-0.951433
751005	10131	3.6723638	-0.85274905
751005	10132	4.1053	-1.1399713
751005	10133	3.3220134	-0.69043887
751005	10134	3.400434	-0.62704206
751005	10135	3.6755471	-0.8654139
751005	10136	3.5619192	-0.65306187
751005	10137	3.6287327	-0.7910121
751005	10138	3.3230839	-0.6365904
751005	10139	3.4075365	-0.6086905
751005	10140	3.8304143	-1.0690137
751005	10141	3.8047314	-0.8572734
751005	10142	3.5881624	-0.7753403
751005	10143	3.218206	-0.37610963
751005	10144	4.2851567	-1.3147331
751005	10145	4.589892	-1.5000093
751005	10146	3.9277167	-0.86976993
751005	10147	4.9663515	-2.0493746
751005	10148	4.838579	-1.8359821
751005	10149	3.3202415	-0.8753841
751005	10150	3.0234208	-0.7576324
751005	10151	3.0471263	-0.8249688
751005	10152	3.06003	-0.7377143
751005	10153	2.855641	-0.58231527
751005	10154	3.2236495	-0.6925632
751005	10155	4.208303	-1.4250447
751005	10156	3.721994	-1.0590043
751005	10157	3.8854384	-1.0655216
751005	10158	3.3868294	-0.6611458
751005	10159	3.042272	-0.9135215
751005	10160	2.536572	-0.45873153
751005	10161	4.0838475	-1.667862
751005	10162	3.737256	-1.2148085
751005	10163	3.6140275	-1.2420268
751005	10164	3.7632976	-1.1801068
751005	10165	4.4236193	-1.6238652
751005	10166	3.678576	-1.1609802
751005	10167	3.105959	-0.90250385
751005	10168	4.0348496	-1.4673343
751005	10169	3.584868	-1.0369811
751005	10170	2.9385347	-0.70183134
751005	10171	4.3774586	-1.8717262
751005	10172	4.1576943	-1.5486735
751005	10173	4.4529114	-1.7147534
751005	10174	5.2924438	-2.2692244
751005	10175	5.073884	-1.8820902
751005	10176	5.153861	-1.9817392
751005	10177	5.9567814	-2.5871024
751005	10178	6.482171	-2.9305916
751005	10179	6.9851255	-3.1679692
751005	10180	6.999566	-3.2521048
751005	10181	7.049069	-3.2293406
751005	10182	7.1511874	-3.3525956
751005	10183	6.370824	-3.4407094
751005	10184	5.037531	-2.9725688
751005	10185	4.749872	-2.8136253
751005	10186	4.4183335	-2.6969197
751005	10187	4.3598456	-2.623845
751005	10188	4.3351	-2.572384
751005	10189	3.6848726	-2.1766517
751005	10190	4.316635	-2.5203226
751005	10191	3.6759777	-0.93030643
751005	10192	3.4684534	-0.8773016
751005	10193	3.535152	-0.86258525
751005	10194	3.5334053	-0.9151738
751005	10195	4.170447	-1.3091675
751005	10196	4.0451093	-1.1503842
751005	10197	4.2134476	-1.3094969
751005	10198	4.1919136	-1.1988636
751005	10199	4.0093546	-1.1255257
751005	10200	4.2639704	-1.1479547
751005	10201	3.5320883	-0.7201235
751005	10202	3.7600222	-0.8106252
751005	10203	3.6729875	-0.95102227
751005	10204	3.176415	-0.35559332
751005	10205	3.172659	-0.38991946
751005	10206	3.1737547	-0.24736963
751005	10207	2.4782367	0.2562718
751005	10208	2.5385065	0.25483337
751005	10209	2.4336834	0.35724315
751005	10210	2.3224945	0.40352193
751005	10211	2.4771752	0.2658843
751005	10212	2.811153	-0.015550554
751005	10213	3.1556716	-0.35123777
751005	10214	3.2264318	-0.39856312
751005	10215	3.0531921	-0.36459142
751005	10216	3.5376444	-0.74976146
751005	10217	4.2407937	-1.3756099
751005	10218	4.1263556	-1.203905
751005	10219	4.7981844	-1.7607026
751005	10220	4.5344234	-1.58546
751005	10221	3.7167563	-1.1083035
751005	10222	3.3961444	-0.62637633
751005	10223	3.45848	-0.838748
751005	10224	3.635748	-0.90079993
751005	10225	3.9963398	-1.3293707
751005	10226	3.77944	-0.91405964
751005	10227	3.8835402	-1.2064959
751005	10228	3.635415	-0.74053776
751005	10229	3.6838303	-1.0590554
751005	10230	3.799911	-0.9844372
751005	10231	3.4258966	-0.7059806
751005	10232	3.76679	-1.0296696
751005	10233	3.5016608	-0.6682625
751005	10234	3.4032803	-0.70743245
751005	10235	3.1403275	-0.37890267
751005	10236	3.4931626	-0.8618615
751005	10237	3.512807	-0.58390963
751005	10238	3.6427035	-0.86856955
751005	10239	3.6721015	-0.7468902
751005	10240	3.5950289	-0.77831054
751005	10241	3.3783855	-0.5596114
751005	10242	3.5132074	-0.7599473
751005	10243	3.5131927	-0.6562447
751005	10244	3.391718	-0.71895975
751005	10245	3.2534738	-0.4624619
751005	10246	3.2354293	-0.56443983
751005	10247	3.4424386	-0.6408325
751005	10248	3.5932488	-0.76863426
751005	10249	3.6277413	-0.80681694
751005	10250	3.3988533	-0.45836267
751005	10251	2.9041972	-0.24920297
751005	10252	3.107541	-0.35951382
751005	10253	3.4621959	-0.66980374
751005	10254	3.1059165	-0.29715753
751005	10255	3.062375	-0.27921712
751005	10256	2.1042638	0.61267626
751005	10257	3.0814843	-0.36918932
751005	10258	3.6898217	-0.71361065
751005	10259	3.3288717	-0.4774423
751005	10260	3.6296291	-0.8013021
751005	10261	2.9655128	-0.115481585
751005	10262	2.030147	0.49512705
751005	10263	1.5547701	1.2724186
751005	10264	2.2120914	0.5565369
751005	10265	3.80166	-0.98759913
751005	10266	3.0568318	-0.10763574
751005	10267	2.8479161	-0.114352226
751005	10268	2.2144852	0.5902251
751005	10269	3.8188443	-0.9236355
751005	10270	1.3742046	1.200146
751005	10271	1.8725392	0.90133786
751005	10272	2.0825992	0.7123796
751005	10273	2.3116083	0.53002834
751005	10274	2.1559052	0.61325634
751005	10275	2.401237	0.47803345
751005	10276	2.5071378	0.32030562
751005	10277	1.6686665	-1.3153821
751005	10278	1.6342	-0.9554901
751005	10279	1.1141907	-0.2895836
751005	10280	0.90327215	-0.17273074
751005	10281	0.9203751	-0.1365214
751005	10282	1.2214818	-0.5828205
751005	10283	1.0853847	-0.3930335
751005	10284	0.9081476	-0.2787513
751005	10285	0.88792264	-0.3082198
751005	10286	1.1765196	-0.5497851
751005	10287	0.70932615	0.03671965
751005	10288	1.8532077	-1.1074378
751005	10289	1.5905668	-0.62827146
751005	10290	2.0416932	-1.1844385
751005	10291	1.71792	-0.7456938
751005	10292	2.071669	-1.1176759
751005	10293	2.2692227	-1.248045
751005	10294	2.2396808	-1.1930065
751005	10295	2.1000223	-1.0857528
751005	10296	2.0007777	-1.1930648
751005	10297	2.1940231	-1.3547014
751005	10298	2.247631	-1.2631475
751005	10299	2.121025	-1.1731642
751005	10300	2.0215468	-1.1069325
751005	10301	1.9814125	-1.0990294
751005	10302	1.9515685	-1.0634291
751005	10303	2.1007895	-1.0936956
751005	10304	2.1239767	-1.1626902
751005	10305	2.0114026	-1.0070754
751005	10306	2.1041746	-1.0862117
751005	10307	2.105381	-1.1012962
751005	10308	1.8741854	-0.8719718
751005	10309	1.7986106	-0.80109084
751005	10310	1.5430244	-0.64491117
751005	10311	1.5250341	-0.65546113
751005	10312	1.5633086	-0.6244614
751005	10313	1.4683397	-0.6094683
751005	10314	1.2532955	-0.4422879
751005	10315	1.2592393	-0.44530696
751005	10316	1.3385754	-0.44738388
751005	10317	0.6079309	0.13790628
751005	10318	1.6895543	0.8476472
751005	10319	2.1939173	0.22267696
751005	10320	2.1884665	0.29303822
751005	10321	3.7729445	-0.9962503
751005	10322	3.2657886	-0.3197978
751005	10323	2.5542278	0.07487419
751005	10324	2.3327646	0.25209752
751005	10325	2.3274732	0.21220657
751005	10326	0.71689785	-0.07656005
751005	10327	0.75076807	0.106456846
751005	10328	0.66477585	0.15340176
751005	10329	0.7775545	-0.0430941
751005	10330	0.9622359	-0.12587968
751005	10331	0.9913293	-0.23767772
751005	10332	1.4499303	-0.4761222
751005	10333	0.83777773	0.09372631
751005	10334	0.534237	0.447453
751005	10335	0.30386984	0.544526
751005	10336	0.13494849	0.7611073
751005	10337	0.24264485	0.6205661
751005	10338	0.28439963	0.5279608
751005	10339	0.28976542	0.49931207
751005	10340	0.2861719	0.61088073
751005	10341	0.42292655	0.41814986
751005	10342	0.4792874	0.42946234
751005	10343	-0.023951143	0.93330646
751005	10344	0.2822466	0.6414721
751005	10345	0.44925785	0.43450448
751005	10346	0.4375882	0.44487128
751005	10347	0.37877756	0.52033925
751005	10348	0.34164292	0.5575135
751005	10349	0.30278724	0.5954573
751005	10350	0.30974054	0.5672091
751005	10351	0.28561938	0.59377706
751005	10352	0.286815	0.5771663
751005	10353	0.30595052	0.5384213
751005	10354	0.3499086	0.494593
751005	10355	0.28466123	0.45998332
751005	10356	0.32634646	0.48175153
751005	10357	0.30342007	0.5198947
751005	10358	0.17405951	0.60062015
751005	10359	0.27192765	0.5245043
751005	10360	0.28911364	0.5117543
751005	10361	0.30040407	0.5116116
751005	10362	0.24915153	0.5759448
751005	10363	0.399935	0.36700794
751005	10364	0.41941208	0.3650736
751005	10365	0.49047488	0.25367084
751005	10366	0.43931723	0.32293573
751005	10367	0.4120174	0.35573265
751005	10368	0.37082046	0.4080778
751005	10369	0.37636203	0.38806918
751005	10370	0.0340572	0.7687783
751005	10371	0.53340554	0.29306486
751005	10372	-0.17394662	0.9743265
751005	10373	-0.4009458	1.3258582
751005	10374	-0.029366821	0.9027419
751005	10375	0.008583367	0.7909032
751005	10376	1.167679	-0.35605037
751005	10377	0.117316246	0.78790855
751005	10378	0.56446695	0.3705671
751005	10379	0.66536295	0.30392638
751005	10380	0.6466706	0.2507508
751005	10381	0.82163596	0.09672609
751005	10382	0.67200756	0.29001954
751005	10383	1.0562338	0.01707241
751005	10384	0.9704145	0.085216016
751005	10385	0.7856631	0.25206408
751005	10386	0.85836613	0.19155714
751005	10387	-0.0653469	1.057644
751005	10388	0.29501277	0.79892254
751005	10389	1.4554826	-0.4325139
751005	10390	0.44395643	0.64623165
751005	10391	0.10554886	0.94949996
751005	10392	-0.08841404	1.2268262
751005	10393	-0.21589631	1.4215829
751005	10394	0.30233037	0.66996646
751005	10395	0.5584228	0.5171288
751005	10396	0.5403323	0.6405995
751005	10397	0.30155146	0.9014534
751005	10398	1.5368518	1.0846226
751005	10399	1.5564641	0.96213126
751005	10400	1.8843151	0.7244216
751005	10401	2.2963543	0.36391005
751005	10402	2.3687015	0.394017
751005	10403	2.3536806	0.43461564
751005	10404	2.3408036	0.4630722
751005	10405	4.0780787	-0.9653088
751005	10406	1.2607379	-0.25646207
751005	10407	0.6459768	0.46036002
751005	10408	0.6086029	0.473906
751005	10409	0.7289245	0.30342224
751005	10410	-0.17436203	1.2603636
751005	10411	0.13488454	1.0696794
751005	10412	0.18398327	0.932603
751005	10413	0.2544725	0.80126417
751005	10414	0.42245972	0.708912
751005	10415	0.68951714	0.5002588
751005	10416	0.8877531	0.31603965
751005	10417	0.67509604	0.48208764
751005	10418	0.65047634	0.52827597
751005	10419	0.5055454	0.60394025
751005	10420	0.51208544	0.63446915
751005	10421	0.4472105	0.6463264
751005	10422	0.3848681	0.77878094
751005	10423	0.46181345	0.6655861
751005	10424	0.4694723	0.6846899
751005	10425	0.4919212	0.66771305
751005	10426	0.38780898	0.7090477
751005	10427	0.4203086	0.7356503
751005	10428	0.5122675	0.64622056
751005	10429	0.7262615	0.46379355
751005	10430	0.7595415	0.42482772
751005	10431	0.63908803	0.5453625
751005	10432	0.5999428	0.5925678
751005	10433	0.5728899	0.557991
751005	10434	0.09726167	1.0684565
751005	10435	0.46406382	0.7252587
751005	10436	0.400311	0.6773101
751005	10437	0.52690244	0.5897975
751005	10438	0.5007441	0.55543876
751005	10439	0.56770706	0.5453212
751005	10440	0.5907575	0.48009637
751005	10441	0.42006248	0.6898799
751005	10442	0.35066664	0.710258
751005	10443	0.6886593	0.51267374
751005	10444	0.31205374	0.85271215
751005	10445	0.33172208	0.75004685
751005	10446	-0.25170138	1.3906823
751005	10447	0.10810894	1.0748568
751005	10448	1.6218444	-0.5569912
751005	10449	1.0944612	-0.008992344
751005	10450	0.7648518	0.0821915
751005	10451	0.94836366	0.13873848
751005	10452	0.8706747	0.23609307
751005	10453	0.28322268	0.82896733
751005	10454	0.17225927	0.900826
751005	10455	0.032138824	1.0480897
751005	10456	0.2770251	0.8890656
751005	10457	0.36579508	0.6924459
751005	10458	0.6430254	0.43642595
751005	10459	0.78577316	0.2604029
751005	10460	0.5996164	0.42369565
751005	10461	0.94024694	0.18880513
751005	10462	0.9609159	0.1983575
751005	10463	0.8376993	0.38586214
751005	10464	1.1221226	0.042007416
751005	10465	1.080769	0.106164664
751005	10466	1.3935524	-0.15666908
751005	10467	0.3453344	0.70800877
751005	10468	0.49750543	0.5678537
751005	10469	0.6662488	0.40837947
751005	10470	0.77462876	0.3292884
751005	10471	0.9560181	0.16773984
751005	10472	0.94777524	0.20461658
751005	10473	1.0031086	0.20898321
751005	10474	1.1924684	-0.013529748
751005	10475	1.1468105	0.08477244
751005	10476	1.3054293	0.119440585
751005	10477	1.5113775	1.0356431
751005	10478	1.2279996	1.3404953
751005	10479	0.8373176	1.6814656
751005	10480	-0.044677168	2.8392787
751005	10481	0.440809	2.141771
751005	10482	0.8239722	1.7645247
751005	10483	0.49867237	2.0869474
751005	10484	0.38171935	2.2904918
751005	10485	0.53347504	2.0252016
751005	10486	0.71309686	1.9091952
751005	10487	0.63471234	2.0615575
751005	10488	0.59224284	2.111516
751005	10489	0.509745	2.2087536
751005	10490	0.6660069	2.0484838
751005	10491	0.6148572	2.1295342
751005	10492	0.5012194	2.2705185
751005	10493	0.6997087	2.0557532
751005	10494	0.60361516	2.041457
751005	10495	0.36533254	2.2922459
751005	10496	0.91938853	1.6252749
751005	10497	-0.36826205	3.2072182
751005	10498	0.32517093	2.3845866
751005	10499	0.6203395	2.0426197
751005	10500	0.47223532	2.3172302
751005	10501	0.47086954	2.3263648
751005	10502	0.49744558	2.302135
751005	10503	0.3307107	2.529137
751005	10504	0.55926955	2.069812
751005	10505	0.4428872	2.280135
751005	10506	0.22527957	2.6749423
751005	10507	0.46379334	2.242366
751005	10508	0.7166133	2.1490855
751005	10509	0.46767807	2.3930204
751005	10510	0.50003684	2.406086
751005	10511	0.37985933	2.4178958
751005	10512	0.5106802	2.325863
751005	10513	0.40561765	2.4204152
751005	10514	0.39960247	2.4613583
751005	10515	0.52307594	2.3511684
751005	10516	0.43702883	2.3016112
751005	10517	0.41278583	2.4571323
751005	10518	0.51398635	2.2451868
751005	10519	0.47510898	2.2619076
751005	10520	-0.23809785	3.3084729
751005	10521	1.1273603	1.4601103
751005	10522	0.44763428	2.4474835
751005	10523	0.43305963	2.353954
751005	10524	0.6755146	2.1893861
751005	10525	0.72693586	2.0386188
751005	10526	0.5456861	2.3656142
751005	10527	0.625049	2.1112015
751005	10528	0.39767706	2.3891323
751005	10529	0.45807415	2.4347708
751005	10530	0.72308207	2.1732712
751005	10531	0.73077	2.0288248
751005	10532	0.31967705	2.6788456
751005	10533	0.41730356	2.5849109
751005	10534	0.5790713	2.3902078
751005	10535	0.28011292	2.8587031
751005	10536	0.5029321	2.601626
751005	10537	0.65594864	2.392781
751005	10538	0.5896319	2.5397556
751005	10539	0.5911505	2.5564427
751005	10540	1.5277222	1.4693937
751005	10541	1.5632662	1.4399877
751005	10542	1.5716649	1.4384927
751005	10543	1.6272625	1.3674123
751005	10544	1.6735004	1.2900053
751005	10545	1.5968553	1.3073488
751005	10546	2.2170367	0.860868
751005	10547	2.4424677	0.67449176
751005	10548	2.4957666	0.62471485
751005	10549	3.105854	0.27887878
751005	10550	4.0882664	-0.49919173
751005	10551	3.5060792	0.060626417
751005	10552	2.8401265	0.4189073
751005	10553	2.97931	0.22278163
751005	10554	3.106525	0.19015124
751005	10555	4.1599784	-0.4209587
751005	10556	3.8482227	-0.23787478
751005	10557	3.5842276	-0.0752849
751005	10558	3.5820642	-0.11489013
751005	10559	2.5896373	-1.2464507
751005	10560	3.045196	-1.3687495
751005	10561	1.9511963	0.25477156
751005	10562	2.1314573	0.47480085
751005	10563	2.988584	-0.28407842
751005	10564	3.1034946	-0.23952855
751005	10565	2.7842903	-0.08030245
751005	10566	3.3448987	-0.6339296
751005	10567	3.2053342	-0.44914824
751005	10568	3.4248862	-0.6245172
751005	10569	3.3836207	-0.55137193
751005	10570	3.1538148	-0.3137713
751005	10571	4.240571	-1.288301
751005	10572	3.969884	-0.84691834
751005	10573	3.9957314	-1.0314605
751005	10574	4.005441	-0.9430433
751005	10575	3.2499928	-0.12548944
751005	10576	3.41608	-0.44288635
751005	10577	1.9463614	0.9341415
751005	10578	2.3899102	0.43512276
751005	10579	3.6436749	-0.83357596
751005	10580	3.132153	-0.23207434
751005	10581	3.2694464	-0.43208992
751005	10582	3.2566247	-0.3592449
751005	10583	3.239287	-0.38645053
751005	10584	3.2773046	-0.37404183
751005	10585	2.9608831	-0.15511754
751005	10586	2.6434546	0.09277555
751005	10587	2.4775925	0.24610385
751005	10588	2.882022	-0.122394115
751005	10589	3.1864233	-0.25571287
751005	10590	3.4526062	-0.43171954
751005	10591	5.0794764	-1.907045
751005	10592	4.0508747	-2.537608
751005	10593	3.4815803	-2.1810796
751005	10594	2.802987	-0.58375686
751005	10595	3.2459197	-0.71627516
751005	10596	3.3846965	-0.7744204
751005	10597	3.5284367	-0.8994762
751005	10598	2.5912018	-0.20849061
751005	10599	2.7376375	-0.2896769
751005	10600	3.998355	-1.1405356
751005	10601	1.4308561	0.8751365
751005	10602	2.6195912	-0.15757242
751005	10603	2.4870753	0.2361004
751005	10604	1.4958991	1.1835965
751005	10605	1.0579785	1.7228632
751005	10606	1.2161323	1.3160789
751005	10607	1.4574592	1.2022227
751005	10608	2.7408977	-0.0028173923
751005	10609	2.0999818	0.70098937
751005	10610	0.7020732	1.8765371
751005	10611	1.0994476	1.6534142
751005	10612	1.1353378	1.5689163
751005	10613	1.310974	1.4308445
751005	10614	1.4475868	1.3063159
751005	10615	1.316542	1.4192294
751005	10616	1.5797044	1.2565575
751005	10617	1.5049905	1.2556299
751005	10618	1.5154473	1.2452811
751005	10619	1.4989101	1.2567999
751005	10620	1.7546898	1.1055257
751005	10621	1.8043691	0.9370016
751005	10622	1.9524423	0.89607215
751005	10623	1.773121	1.0452785
751005	10624	1.8782586	0.9719646
751005	10625	1.9758822	0.8939351
751005	10626	2.4092264	0.56835556
751005	10627	2.8941417	0.14141926
751005	10628	2.295404	0.6337546
751005	10629	2.9897141	-0.01878044
751005	10630	3.180709	-0.10698941
751005	10631	2.874014	0.20565972
751005	10632	2.690855	0.050329
751005	10633	2.807839	-0.020868748
751005	10634	2.2258554	0.57048404
751005	10635	3.5303593	-0.56918216
751005	10636	3.520317	-0.49720064
751005	10637	1.420708	1.0867913
751005	10638	1.5848237	1.0820122
751005	10639	1.488767	1.271016
751005	10640	2.6168919	0.030068278
751005	10641	2.6650276	0.19910458
751005	10642	2.3528252	0.4367061
751005	10643	3.1893392	-0.30500358
751005	10644	1.4727606	1.1610426
751005	10645	2.240645	0.44969532
751005	10646	2.5408807	0.2113041
751005	10647	2.4215183	0.39882973
751005	10648	2.4225287	0.37830368
751005	10649	2.2569914	0.50264513
751005	10650	2.3754444	0.3760005
751005	10651	2.4244013	0.3518344
751005	10652	2.4124413	0.36299065
751005	10653	2.4026957	0.3731514
751005	10654	1.4686733	1.4280156
751005	10655	3.0043712	-0.4444537
751005	10656	2.9139056	0.12770566
751005	10657	2.6864295	0.10937634
751005	10658	2.5624466	0.29198107
751005	10659	2.4786782	0.29139403
751005	10660	2.2670517	0.4626241
751005	10661	2.3149905	0.34137496
751005	10662	1.8257357	0.8030946
751005	10663	2.0856133	0.55482876
751005	10664	2.077417	0.6070136
751005	10665	1.8952335	0.7828729
751005	10666	2.0537653	0.4309639
751005	10667	2.2100296	0.32608894
751005	10668	2.099874	0.5886345
751005	10669	2.1189566	0.52653885
751005	10670	2.1394434	0.5313605
751005	10671	2.1659393	0.49770984
751005	10672	2.159575	0.5154104
751005	10673	1.9807025	0.70623434
751005	10674	2.0130615	0.61797404
751005	10675	2.349721	0.39475027
751005	10676	1.8659602	0.7794926
751005	10677	2.0585966	0.57246315
751005	10678	2.1271052	0.5456011
751005	10679	2.4123254	0.32700577
751005	10680	1.9663106	0.7069558
751005	10681	2.0943832	0.5306121
751005	10682	2.0762863	0.6245953
751005	10683	2.039874	0.58711827
751005	10684	2.000443	0.663501
751005	10685	2.0003085	0.6088332
751005	10686	2.1624923	0.49828103
751005	10687	2.2136197	0.4660348
751005	10688	2.269198	0.43019643
751005	10689	2.424487	0.29342297
751005	10690	2.4441938	0.29577377
751005	10691	2.4999108	0.2560409
751005	10692	2.523941	0.2453464
751005	10693	2.5304651	0.24403575
751005	10694	2.6815147	0.19948843
751005	10695	1.1306553	1.6212952
751005	10696	3.0680637	-0.541824
751005	10697	3.0009713	0.020382255
751005	10698	2.7245374	0.056317776
751005	10699	2.6831217	0.18459192
751005	10700	2.4915843	0.33916602
751005	10701	2.4211555	0.36453393
751005	10702	2.6323767	0.18451181
751005	10703	2.6884222	0.16392687
751005	10704	2.5638742	0.2960525
751005	10705	2.553968	0.24249509
751005	10706	2.6360955	0.19942918
751005	10707	2.6413522	0.18122503
751005	10708	2.8437815	0.11865422
751005	10709	2.5641932	0.3518546
751005	10710	2.3097682	0.5004389
751005	10711	2.310965	0.49456832
751005	10712	2.239501	0.5593635
751005	10713	2.6254177	0.26591805
751005	10714	2.4293284	0.38281342
751005	10715	2.3282075	0.39633432
751005	10716	2.2934055	0.47237083
751005	10717	2.2795286	0.5484214
751005	10718	2.3740864	0.38033232
751005	10719	2.650055	0.43212703
751005	10720	2.4313087	0.36484036
751005	10721	2.5010161	0.35785738
751005	10722	2.5065846	0.37140283
751005	10723	1.9207236	0.6829748
751005	10724	1.590535	1.1810379
751005	10725	1.6407577	1.1603305
751005	10726	1.9903065	0.8964225
751005	10727	2.0888858	0.7961557
751005	10728	2.1134238	0.8064064
751005	10729	1.8739082	1.0330161
751005	10730	2.072535	0.81709754
751005	10731	2.2551398	0.73944414
751005	10732	1.9702512	0.9537474
751005	10733	2.189116	0.751778
751005	10734	2.1944509	0.7847229
751005	10735	2.2354212	0.74121106
751005	10736	2.09588	0.93869567
751005	10737	2.080069	0.90476155
751005	10738	2.0383663	0.9576491
751005	10739	2.0487227	0.9471965
751005	10740	2.53967	0.5647378
751005	10741	2.2708745	0.7750381
751005	10742	2.114468	0.8363967
751005	10743	2.2962575	0.6852031
751005	10744	2.2891774	0.7664275
751005	10745	2.2841072	0.77063274
751005	10746	2.224978	0.85329485
751005	10747	2.2319465	0.85243225
751005	10748	2.2332525	0.85100377
751005	10749	2.2338758	0.8712318
751005	10750	2.2374454	0.8602629
751005	10751	2.2159104	0.85498655
751005	10752	2.2636566	0.85031116
751005	10753	2.1567535	0.924281
751005	10754	2.1197658	0.99211943
751005	10755	2.4274526	0.7497736
751005	10756	2.267293	0.8751476
751005	10757	2.341982	0.7539797
751005	10758	2.3471289	0.79617476
751005	10759	2.3492522	0.79294527
751005	10760	2.3721204	0.77541757
751005	10761	2.3578281	0.80300486
751005	10762	2.2672462	0.8925158
751005	10763	2.126298	0.97763014
751005	10764	2.170179	0.9650196
751005	10765	1.2830416	1.850255
751005	10766	3.9737368	-0.886387
751005	10767	1.1832879	1.7235007
751005	10768	2.8522925	0.243354
751005	10769	2.6596866	0.52870893
751005	10770	0.92840254	1.9418976
751005	10771	1.4998902	1.6868169
751005	10772	2.1800466	0.8580564
751005	10773	3.6312737	-0.35277462
751005	10774	2.4491086	0.673182
751005	10775	2.9979587	0.12894824
751005	10776	3.5082831	-0.14105761
751005	10777	3.5982342	-0.22020069
751005	10778	3.7672544	-0.29925326
751005	10779	3.8073668	-0.37221575
751005	10780	3.7088475	-0.27509326
751005	10781	3.7383513	-0.35172093
751005	10782	3.7861066	-0.37736613
751005	10783	3.7041135	-0.2929592
751005	10784	3.3535929	0.05146876
751005	10785	4.272746	-0.83950573
751005	10786	3.0660858	0.27121177
751005	10787	2.0801744	0.8980541
751005	10788	3.867436	-0.7255119
751005	10789	3.626234	-0.18715155
751005	10790	3.3742676	-0.085341156
751005	10791	3.40067	-0.075749904
751005	10792	3.4791431	-0.15605992
751005	10793	3.4812617	-0.12843454
751005	10794	3.445868	-0.10322258
751005	10795	3.430657	-0.092158616
751005	10796	3.4351182	-0.039363295
751005	10797	3.4202485	-0.07868004
751005	10798	3.426434	-0.10238665
751005	10799	3.5407104	-0.19521272
751005	10800	3.4141831	-0.03769037
751005	10801	3.390894	-0.08996785
751005	10802	3.507069	-0.12562928
751005	10803	3.6116042	-0.22303203
751005	10804	4.1727414	-0.6783498
751005	10805	4.099545	-0.585804
751005	10806	3.3825922	-0.14161593
751005	10807	3.5027213	-0.124833465
751005	10808	3.4380817	-0.06956163
751005	10809	3.4961686	-0.08220649
751005	10810	3.5767636	-0.18587631
751005	10811	3.3773098	-0.023418874
751005	10812	4.1060486	-0.68542117
751005	10813	2.7776985	0.5106492
751005	10814	3.0296474	0.20844087
751005	10815	3.1574864	0.10225657
751005	10816	2.821148	0.43456897
751005	10817	3.1623683	0.081290215
751005	10818	3.212185	0.1490353
751005	10819	3.283711	0.1047813
751005	10820	3.1482997	0.19014457
751005	10821	3.2217345	0.045670897
751005	10822	3.9722505	-0.6106336
751005	10823	3.9924583	-0.50984895
751005	10824	3.9163733	-0.5604728
751005	10825	3.69144	-0.45465145
751005	10826	3.8890724	-0.5642442
751005	10827	5.0710945	-1.6470319
751005	10828	4.7345743	-1.1222718
751005	10829	4.4474983	-0.9827136
751005	10830	5.1910386	-1.550565
751005	10831	4.724236	-1.9505118
751005	10832	3.4416943	-0.5523524
751005	10833	3.3039536	-0.41947094
751005	10834	3.2541246	-0.35650063
751005	10835	3.427299	-0.4905267
751005	10836	3.2547421	-0.30161047
751005	10837	2.895237	-0.04799679
751005	10838	3.002472	-0.13554907
751005	10839	2.9466443	-0.04664296
751005	10840	2.6741967	-0.04386568
751005	10841	3.5441198	-0.5349759
751005	10842	3.397081	-0.39685562
751005	10843	3.2022796	-0.23645695
751005	10844	2.3088903	0.25215074
751005	10845	2.0555286	0.636394
751005	10846	3.5267363	-0.5677603
751005	10847	3.4622831	-0.36846653
751005	10848	3.961738	-0.8963299
751005	10849	4.5310407	-1.1718409
751005	10850	4.987441	-1.4628313
751005	10851	4.7252936	-1.1674644
751005	10852	4.2172055	-0.8898903
751005	10853	4.812333	-1.2537534
751005	10854	4.9822483	-1.4660085
751005	10855	5.0326376	-1.4862659
751005	10856	4.890465	-1.4261637
751005	10857	4.977076	-1.539495
751005	10858	4.7734256	-1.4007254
751005	10859	4.9573264	-1.5094012
751005	10860	3.5162396	-0.61571914
751005	10861	3.4922748	-0.48920453
751005	10862	2.8692737	-1.6438248
751005	10863	2.4914308	-0.010956526
751005	10864	2.5803227	0.06346908
751005	10865	2.7242112	-0.02384752
751005	10866	2.4483037	-0.7254186
751005	10867	2.773594	-0.56964195
751005	10868	3.6920757	-0.846807
751005	10869	1.535041	-0.83309114
751005	10870	1.7447435	-0.9331199
751005	10871	2.1040163	-1.0545614
751005	10872	1.0530461	-0.40002832
751005	10873	0.81970465	-0.1515128
751005	10874	0.8621609	-0.18528342
751005	10875	0.38755512	0.33401552
751005	10876	0.38515574	0.34246948
751005	10877	1.2439165	-0.042550802
751005	10878	1.5417856	-0.5627528
751005	10879	1.8315164	-0.67271423
751005	10880	1.740368	-0.62097895
751005	10881	1.8380529	-0.6056887
751005	10882	1.9700853	-0.7279159
751005	10883	1.4474903	-0.2973898
751005	10884	1.5134636	-0.6613939
751005	10885	1.3794627	-0.26492965
751005	10886	1.4772477	-0.68528783
751005	10887	1.6527218	-0.4338333
751005	10888	1.5523022	-0.44586417
751005	10889	1.522911	-0.35458505
751005	10890	1.7571276	-0.58831644
751005	10891	1.3552029	-0.15789422
751005	10892	1.6931039	-0.55394727
751005	10893	0.10538012	1.016922
751005	10894	1.070827	1.474444
751005	10895	0.9826062	1.5913441
751005	10896	0.9468076	1.5965004
751005	10897	0.917222	1.645766
751005	10898	1.3351032	1.2507833
751005	10899	1.502658	1.1487588
751005	10900	1.4422425	1.2299106
751005	10901	1.4254024	1.3045055
751005	10902	1.4393848	1.2964662
751005	10903	1.4175508	1.3264234
751005	10904	1.4892808	1.2376627
751005	10905	1.3925416	1.38284
751005	10906	2.8023367	-0.070335
751005	10907	2.2818456	0.64360726
751005	10908	1.2876797	1.4975039
751005	10909	0.9032731	1.6735551
751005	10910	2.554768	0.09971538
751005	10911	1.9732176	0.8838315
751005	10912	1.9407195	0.7917154
751005	10913	1.8012754	0.972962
751005	10914	1.623705	1.1332415
751005	10915	1.7402204	1.0094244
751005	10916	1.7646743	0.99214995
751005	10917	1.3790166	1.4214238
751005	10918	1.6173381	1.1373379
751005	10919	1.3900409	1.3822644
751005	10920	1.5678939	1.2084094
751005	10921	1.7273716	1.0472162
751005	10922	1.7110542	1.0861979
751005	10923	1.6748604	1.1404428
751005	10924	1.31427	1.5319033
751005	10925	0.25694633	2.7920334
751005	10926	1.9091092	0.6703478
751005	10927	1.3022434	1.558265
751005	10928	1.1272893	1.7379045
751005	10929	1.0664903	1.779491
751005	10930	0.97264695	2.026727
751005	10931	1.1073189	1.738117
751005	10932	1.0476184	1.8929505
751005	10933	1.2798109	1.6020794
751005	10934	1.0185922	1.8451395
751005	10935	0.9577637	1.7791109
751005	10936	0.99837255	1.8366342
751005	10937	1.1099628	1.7027931
751005	10938	1.0843652	1.7490253
751005	10939	0.99877167	1.7918501
751005	10940	0.9620007	1.889493
751005	10941	1.0681465	1.7561028
751005	10942	1.0668161	1.772968
751005	10943	1.0067896	1.7808554
751005	10944	1.0872579	1.7418981
751005	10945	0.9789232	1.8821871
751005	10946	0.9095706	1.9701109
751005	10947	1.1307604	1.7013018
751005	10948	1.0873133	1.7799387
751005	10949	0.4743603	2.537327
751005	10950	0.64643514	2.229812
751005	10951	0.9765645	1.8081808
751005	10952	0.89498806	1.99437
751005	10953	0.8827667	2.0298991
751005	10954	0.9518274	1.9690452
751005	10955	0.5974705	2.4950888
751005	10956	0.6823113	2.23278
751005	10957	0.95849764	1.896158
751005	10958	0.8833914	2.0646868
751005	10959	0.89323854	2.0898666
751005	10960	0.94895864	2.034104
751005	10961	1.0809757	1.9136376
751005	10962	1.0157298	2.003652
751005	10963	1.0102779	2.0260437
751005	10964	0.8157904	2.2299945
751005	10965	0.7970735	2.2301552
751005	10966	0.48668736	2.6349535
751005	10967	0.21840101	3.0261903
751005	10968	1.9354383	0.67401814
751005	10969	1.3277484	1.6343207
751005	10970	2.4796848	0.54461586
751005	10971	2.6061077	0.6915182
751005	10972	1.8610502	1.3294619
751005	10973	2.4135065	0.67054117
751005	10974	2.9436498	0.3714024
751005	10975	3.0020847	0.25476417
751005	10976	3.167521	0.070592076
751005	10977	3.335926	0.12047908
751005	10978	4.099426	-0.55175436
751005	10979	3.2707133	0.15156707
751005	10980	3.812307	-0.40407687
751005	10981	4.0473056	-0.46209472
751005	10982	4.358422	-0.6468475
751005	10983	4.4979644	-0.8387536
751005	10984	4.4242253	-0.695931
751005	10985	4.2656026	-0.7105738
751005	10986	5.131816	-1.311875
751005	10987	5.4598255	-1.4991233
751005	10988	4.9465766	-1.0452476
751005	10989	5.0558753	-1.3999016
751005	10990	5.5508003	-1.6653758
751005	10991	5.2819657	-1.3953474
751005	10992	4.8614054	-1.3301632
751005	10993	4.912352	-1.2875931
751005	10994	4.9154243	-1.347014
751005	10995	4.9340587	-1.2895126
751005	10996	4.396946	-2.1682806
751005	10997	4.198426	-1.127
751005	10998	4.3237906	-1.5398601
751005	10999	4.3068266	-1.3653764
751005	11000	1.8055176	-1.0077711
751005	11001	2.1281157	-1.1417413
751005	11002	2.0069485	0.6347234
751005	11003	1.8414236	0.8313986
751005	11004	1.7770895	0.9497144
751005	11005	2.5241938	-0.35686126
751005	11006	2.9779048	-0.33959913
751005	11007	3.6052427	-0.7042962
751005	11008	2.010748	-0.7103379
751005	11009	1.6377584	-0.741493
751005	11010	1.6930567	-0.82510376
751005	11011	1.7887853	-0.87968886
751005	11012	1.2662232	-0.1820749
751005	11013	2.1129198	-1.1799942
751005	11014	1.6134359	0.70259476
751005	11015	1.3717897	1.3774664
751005	11016	1.1523895	1.5583632
751005	11017	1.1342894	1.7684169
751005	11018	1.4251441	-0.381886
751005	11019	1.2365693	-0.1882695
751005	11020	1.1220214	1.6340399
751005	11021	0.77142024	2.2257845
751005	11022	1.7600735	0.90316665
751005	11023	1.317518	1.459954
751005	11024	1.0983155	1.6204324
751005	11025	0.83424294	1.8501883
751005	11026	1.3417794	-0.18755895
751005	11027	2.6376905	0.061322123
751005	11028	2.7548304	-0.14358705
751005	11029	2.8581033	-0.11539009
751005	11030	2.8736415	-0.07576761
751005	11031	2.7872467	0.13017997
751005	11032	2.7652397	0.091994494
751005	11033	2.7504478	0.13111809
751005	11034	3.8667517	-0.72866297
751005	11035	3.436152	-0.36231154
751005	11036	1.2068316	-0.2746691
751005	11037	1.1201699	-0.21723068
751005	11038	0.7128937	0.3029568
751005	11039	1.1251044	-0.043402314
751005	11040	1.3223246	-0.15765661
751005	11041	0.22303736	0.78065014
751005	11042	-0.43068346	1.8097458
751005	11043	0.15140921	1.4219749
751005	11044	0.56080604	0.7846999
751005	11045	0.74804294	0.49401632
751005	11046	0.6438073	0.71548057
751005	11047	0.57428837	0.74469817
751005	11048	0.468629	0.880214
751005	11049	0.9418038	0.50098526
751005	11050	0.4898957	0.84301865
751005	11051	0.55244267	0.6936699
751005	11052	0.56284356	0.72456753
751005	11053	0.70153844	0.6232519
751005	11054	0.30280262	1.031787
751005	11055	0.637882	0.64153624
751005	11056	0.6819829	0.60171556
751005	11057	1.1997498	1.7095072
751005	11058	0.85165346	1.9757783
751005	11059	0.9180883	1.9184854
751005	11060	1.0334743	1.7914248
751005	11061	0.97798955	1.8157794
751005	11062	0.5303066	2.4453783
751005	11063	0.77002835	2.1613638
751005	11064	1.3177963	1.5095656
751005	11065	1.5953969	1.1768558
751005	11066	0.9605421	1.9326334
751005	11067	0.8476974	2.0853696
751005	11068	1.0761641	1.7646971
751005	11069	0.7718091	2.0942206
751005	11070	0.60420036	2.384515
751005	11071	0.57153034	2.3307586
751005	11072	0.6401149	2.283538
751005	11073	0.3017993	2.7492614
751005	11074	2.1197119	0.39070645
751005	11075	1.8041316	1.1560267
751005	11076	1.7011667	1.1890635
751005	11077	-0.23873281	1.0578625
751005	11078	-0.15406662	0.61945224
751005	11079	-0.14053106	0.9694339
751005	11080	-0.011517137	0.7897937
751005	11081	1.3861228	0.75971437
751005	11082	1.4375963	0.6326827
751005	11083	1.6132942	0.5035362
751005	11084	1.5591582	0.52608514
751005	11085	1.3268323	0.7332964
751005	11086	0.954965	1.2166848
751005	11087	1.2662972	1.1113087
751005	11088	1.0863726	1.2205489
751005	11089	1.0988141	0.9999862
751005	11090	0.022026598	2.780057
751005	11091	-0.12735003	3.2385325
751005	11092	-1.2354504	3.202652
751005	11093	-1.7902113	4.0373054
751005	11094	-1.8459748	4.332428
751005	11095	-1.5752729	4.0702996
751005	11096	-1.4277074	3.758116
751005	11097	-1.3151469	3.376744
751005	11098	-1.1768842	3.0121772
751005	11099	0.33171147	2.1168892
751005	11100	0.43706352	2.0053592
751005	11101	0.5059068	1.6632318
751005	11102	0.40349728	1.8598118
751005	11103	0.34927988	1.9784861
751005	11104	-0.5380963	1.4710951
751005	11105	-0.4507445	1.4055787
751005	11106	-0.81957865	1.7664812
751005	11107	-0.69920206	1.8965733
751005	11108	-0.64347076	1.8903363
751005	11109	-0.50711566	1.6055963
751005	11110	0.08222127	0.8526596
751005	11111	-0.11361417	3.0292838
751005	11112	-0.07063088	3.1754718
751005	11113	0.19461918	2.7789478
751005	11114	0.21356797	2.5803185
751005	11115	-0.5024753	3.7173965
751005	11116	0.19407684	2.7944274
751005	11117	0.17846239	2.5713563
751005	11118	0.85549986	-0.059078276
751005	11119	0.8074186	-0.35694695
751005	11120	0.93675935	-0.14180249
751005	11121	0.8446367	-0.14259481
751005	11122	0.6372682	0.11806503
751005	11123	0.5927485	0.105213135
751005	11124	0.9589008	-0.41435128
751005	11125	1.0402056	-0.35960683
751005	11126	0.8907478	-0.231191
751005	11127	0.34505498	0.5816778
751005	11128	0.45821446	0.4805337
751005	11129	0.4367882	0.5304822
751005	11130	0.58472145	0.30071965
751005	11131	0.5569302	0.34379944
751005	11132	0.43399465	0.5017886
751005	11133	1.0264281	-0.062922925
751005	11134	0.6961155	0.16244897
751005	11135	1.2715117	-0.4225817
751005	11136	0.39612162	0.37023625
751005	11137	1.5353009	0.6553272
751005	11138	1.2082261	0.9919604
751005	11139	1.5467669	0.5782057
751005	11140	1.5994555	0.4796833
751005	11141	1.2731826	0.9589138
751005	11142	1.7960471	0.3094903
751005	11143	1.7824155	0.41053906
751005	11144	1.9870054	0.4087287
751005	11145	2.3256474	0.11694941
751005	11146	3.0446014	-0.3917646
751005	11147	3.2331572	-0.41096726
751005	11148	3.440403	-0.6035993
751005	11149	1.8650693	-0.69263583
751005	11150	0.57333565	0.06985965
751005	11151	2.244132	-1.318604
751005	11152	2.8039656	-1.5290033
751005	11153	0.836177	-0.025101721
751005	11154	1.6732303	-0.9188324
751005	11155	3.3030925	-1.9426322
751005	11156	1.2215401	-0.35655344
751005	11157	1.5130931	-0.5660028
751005	11158	2.5143929	-1.6068227
751005	11159	4.2819448	-2.4239752
751005	11160	1.9545857	-1.0870861
751005	11161	2.3782487	-1.2680418
751005	11162	1.630381	0.6932535
751005	11163	1.6893643	0.9429735
751005	11164	1.544859	1.0872781
751005	11165	1.7355164	0.85149
751005	11166	1.81368	0.80649555
751005	11167	1.7169756	0.88619626
751005	11168	1.6588196	0.9628184
751005	11169	1.629196	0.9839425
751005	11170	1.0728447	1.563273
751005	11171	1.5660683	0.9730109
751005	11172	2.3246021	0.2846851
751005	11173	4.729441	-1.475474
751005	11174	1.7556764	0.8680366
751005	11175	2.4138975	0.32322422
751005	11176	2.6886778	0.14823243
751005	11177	2.4846997	0.39740923
751005	11178	2.8633413	0.016051024
751005	11179	2.8097405	0.06017223
751005	11180	3.1314034	-0.14149985
751005	11181	2.930017	0.00056913495
751005	11182	2.4661393	0.3330113
751005	11183	1.121658	-0.29438972
751005	11184	0.7461041	0.029725611
751005	11185	0.5549495	0.24420264
751005	11186	0.5554694	0.34993222
751005	11187	0.4103552	2.4518762
751005	11188	0.53395927	2.1653666
751005	11189	0.44312203	2.274743
751005	11190	0.63905525	1.9245646
751005	11191	0.87428415	1.7059925
751005	11192	0.85744	1.6930544
751005	11193	2.4137793	-0.036941737
751005	11194	2.3573365	0.19077763
751005	11195	1.9747974	0.39842674
751005	11196	2.5162635	-0.17473808
751005	11197	3.386901	-0.63987374
751005	11198	2.2052813	0.09664747
751005	11199	-0.19981748	2.4842963
751005	11200	-0.32928038	3.2346487
751005	11201	-0.24031308	3.0195024
751005	11202	-0.24146745	2.9526813
751005	11203	-0.19947189	2.8885436
751005	11204	-0.42997292	3.212618
751005	11205	-0.46800578	3.0433412
751005	11206	-0.45886698	3.028493
751005	11207	-0.44400263	3.0623791
751005	11208	-0.5138591	3.023052
751005	11209	-0.6459195	3.4340255
751005	11210	-0.4860057	3.0087042
751005	11211	-0.6856836	3.3601003
751005	11212	-1.1806308	2.5588934
751005	11213	-0.5979011	0.89581597
751005	11214	1.6096922	0.85833514
751005	11215	1.4871264	0.91943336
751005	11216	1.5543121	0.83257663
751005	11217	1.5206128	0.8292402
751005	11218	1.4037048	0.9039402
751005	11219	1.4356911	1.0062451
751005	11220	1.4421163	0.8973192
751005	11221	1.340269	1.0628167
751005	11222	0.8734888	1.6806688
751005	11223	0.2871685	2.2571611
751005	11224	0.46324766	2.109685
751005	11225	-0.104174465	2.9352725
751005	11226	0.42165798	2.319532
751005	11227	-0.19147465	3.129312
751005	11228	0.08086771	2.9333565
751005	11229	0.2682501	2.529052
751005	11230	0.055412233	2.7034478
751005	11231	-0.2505839	3.0933163
751005	11232	0.7433499	1.6862185
751005	11233	0.92694736	1.5146508
751005	11234	0.3491599	2.4234438
751005	11235	1.2828602	1.062597
751005	11236	0.18538517	2.580349
751005	11237	-0.16026437	3.0858455
751005	11238	-0.09893143	2.791814
751005	11239	-0.031138688	2.726197
751005	11240	-0.14953947	2.857574
751005	11241	-0.08565158	2.8100164
751005	11242	0.08070046	2.4670825
751005	11243	-0.2588907	2.9210641
751005	11244	1.1171067	1.2705518
751005	11245	-0.062391043	2.6502988
751005	11246	-0.093244106	2.8209107
751005	11247	0.13650626	2.500351
751005	11248	0.22131431	2.4566007
751005	11249	1.6644892	0.79286444
751005	11250	0.10698235	2.5868752
751005	11251	0.18890822	2.5643768
751005	11252	0.17817259	2.630423
751005	11253	0.049706876	2.741394
751005	11254	0.061356366	2.7009366
751005	11255	0.10954571	2.6415482
751005	11256	0.091133475	2.6599953
751005	11257	0.15003437	2.644816
751005	11258	0.14815491	2.6394513
751005	11259	0.049435616	2.69585
751005	11260	0.06970912	2.7329805
751005	11261	0.08417833	2.7257416
751005	11262	0.044997692	2.728676
751005	11263	0.0124204755	2.7327542
751005	11264	0.048572242	2.706252
751005	11265	0.04098457	2.7524912
751005	11266	1.1896354	1.3466763
751005	11267	0.06305766	2.5865877
751005	11268	0.009541631	2.8662689
751005	11269	0.13370836	2.687789
751005	11270	0.06503904	2.7044263
751005	11271	0.10912591	2.7153068
751005	11272	0.11270732	2.699392
751005	11273	0.11231762	2.6739402
751005	11274	0.082475185	2.7387269
751005	11275	0.07729977	2.7354128
751005	11276	0.050058782	2.741761
751005	11277	0.06735009	2.7229404
751005	11278	1.2645806	1.2643785
751005	11279	1.0921031	1.5114692
751005	11280	0.72419345	1.9258912
751005	11281	0.57015705	2.1396868
751005	11282	0.6314107	1.88485
751005	11283	1.2672914	1.4016494
751005	11284	1.3528286	1.4032693
751005	11285	1.4576616	1.1988987
751005	11286	1.3808397	1.654093
751005	11287	2.4200015	0.41385594
751005	11288	3.3388171	0.004529208
751005	11289	1.8070203	1.0952817
751005	11290	1.9791828	0.7221581
751005	11291	2.3922224	0.46211866
751005	11292	2.8772278	0.22842565
751005	11293	2.1156063	0.78050864
751005	11294	2.5803556	0.39728567
751005	11295	1.4988865	1.2291683
751005	11296	1.4249278	1.3020992
751005	11297	1.5120128	1.2349865
751005	11298	1.5692369	1.0868468
751005	11299	1.6243225	0.96163654
751005	11300	1.7704479	0.9787648
751005	11301	1.6034607	1.1614767
751005	11302	1.547566	1.1643023
751005	11303	1.6458632	1.0432116
751005	11304	1.7038924	1.0128111
751005	11305	1.7147285	0.911646
751005	11306	1.6960505	1.0453411
751005	11307	1.2188133	1.4981234
751005	11308	1.2112758	1.4721553
751005	11309	1.3428644	1.1649395
751005	11310	1.3348585	1.3151765
751005	11311	1.2529259	1.444689
751005	11312	1.262645	1.4264925
751005	11313	2.549039	0.2666807
751005	11314	0.774456	1.7458799
751005	11315	1.0493921	1.6242559
751005	11316	1.0315517	1.6386209
751005	11317	1.0470879	1.5171288
751005	11318	1.0531658	1.593215
751005	11319	0.9372293	1.7731292
751005	11320	0.9175348	1.7011137
751005	11321	1.1051031	1.5524528
751005	11322	0.9950777	1.6949961
751005	11323	0.9295037	1.7696633
751005	11324	0.98490536	1.6079817
751005	11325	0.88371444	1.8011253
751005	11326	0.89797103	1.7999651
751005	11327	0.85619247	1.8823726
751005	11328	0.8393245	1.896811
751005	11329	0.7036314	2.0275888
751005	11330	1.0126365	1.6212268
751005	11331	2.3246393	0.38039747
751005	11332	0.855773	1.8224058
751005	11333	1.024525	1.7174113
751005	11334	1.1147282	1.5071623
751005	11335	1.0180142	1.7636864
751005	11336	0.9765818	1.825372
751005	11337	0.8659346	2.1888678
751005	11338	0.74227667	2.115852
751005	11339	0.6468092	2.2583756
751005	11340	0.756961	1.9941442
751005	11341	0.48777127	2.300282
751005	11342	0.20649529	2.767151
751005	11343	0.54068816	2.4079196
751005	11344	0.41016144	2.3715363
751005	11345	-0.13364884	2.988963
751005	11346	0.4677171	2.3913457
751005	11347	0.6098187	2.0708568
751005	11348	0.002206266	2.8391676
751005	11349	1.1990622	1.3502096
751005	11350	0.33711016	2.4479997
751005	11351	1.2308761	1.3499751
751005	11352	0.35812086	2.426077
751005	11353	1.2116501	1.3734967
751005	11354	0.5862378	2.1327145
751005	11355	1.2590127	1.311126
751005	11356	0.6495217	2.0680268
751005	11357	1.2865572	1.2833662
751005	11358	0.6859783	2.03229
751005	11359	1.3130792	1.2560054
751005	11360	0.6997651	2.0276086
751005	11361	0.6283976	2.028238
751005	11362	1.2718824	1.2645577
751005	11363	0.7018614	2.0294394
751005	11364	1.275314	1.2943156
751005	11365	0.69721246	2.0264761
751005	11366	1.2446691	1.3155665
751005	11367	0.710369	2.0000868
751005	11368	1.2357023	1.3202226
751005	11369	0.9530426	1.8195326
751005	11370	1.7126526	1.0195456
751005	11371	1.2433436	-0.5545137
751005	11372	0.86869764	-0.29156494
751005	11373	0.56906664	-0.15874517
751005	11374	0.4336725	-0.0762434
751005	11375	0.11187369	0.48874906
751005	11376	0.20543927	0.3236933
751005	11377	0.12410045	0.40135792
751005	11378	0.16932553	0.26199314
751005	11379	0.4498996	1.6491339
751005	11380	0.4094658	1.6598175
751005	11381	0.18959177	2.0378966
751005	11382	-0.0096773505	2.32113
751005	11383	0.03925854	2.21469
751005	11384	0.07484919	2.0845864
751005	11385	0.019577742	2.206844
751005	11386	0.16113478	2.0141108
751005	11387	0.6826153	1.5389128
751005	11388	0.5639285	1.6711633
751005	11389	0.17209107	2.318946
751005	11390	0.06456393	2.7834668
751005	11391	0.13730955	2.5247405
751005	11392	0.24184638	0.2368271
751005	11393	0.12032533	2.2694147
751005	11394	0.2307074	2.268977
751005	11395	-0.06402126	2.7146645
751005	11396	0.16028452	2.3408954
751005	11397	0.04004544	2.5234096
751005	11398	0.093149066	2.531964
751005	11399	0.028331637	2.5701728
751005	11400	0.045303464	2.5615659
751005	11401	0.013614953	2.7053826
751005	11402	0.65017295	1.9153368
751005	11403	0.6924195	2.0247931
751005	11404	0.7213981	1.9525704
751005	11405	0.66612184	1.9678557
751005	11406	0.6452327	1.9919329
751005	11407	0.5870898	2.0381885
751005	11408	0.54184306	2.0839057
751005	11409	0.48824674	2.1426466
751005	11410	0.53724277	2.0973513
751005	11411	0.4759227	2.1544924
751005	11412	0.46316224	2.182407
751005	11413	0.35285467	2.355335
751005	11414	0.47532928	2.2223675
751005	11415	0.4887566	2.1631641
751005	11416	0.50678205	2.1265326
751005	11417	0.49792302	2.117668
751005	11418	0.5156287	2.1006691
751005	11419	0.5174049	2.1159441
751005	11420	0.5211654	2.1220136
751005	11421	0.5163369	2.1111512
751005	11422	0.47940552	2.1497226
751005	11423	0.3969959	2.280588
751005	11424	0.39446664	2.2645578
751005	11425	0.47736716	2.1891613
751005	11426	0.5282568	2.173541
751005	11427	0.45713073	2.1373315
751005	11428	0.47566646	2.1616037
751005	11429	0.58843637	1.998565
751005	11430	0.24754584	2.421912
751005	11431	0.48557287	2.1840336
751005	11432	0.41728842	2.1586595
751005	11433	0.4101317	2.177079
751005	11434	-0.3469211	1.7718291
751005	11435	2.1596718	0.27397648
751005	11436	1.8767253	0.80092573
751005	11437	1.7495893	0.6538794
751005	11438	1.5628995	0.86512685
751005	11439	1.2690939	1.2198164
751005	11440	1.4990152	0.66801095
751005	11441	1.4512504	0.8173809
751005	11442	2.1423974	0.26762983
751005	11443	1.9775115	0.5100877
751005	11444	1.8951539	0.55905676
751005	11445	1.4011241	1.0734308
751005	11446	0.9732374	1.6678717
751005	11447	1.9221071	0.36663952
751005	11448	1.5483767	1.0661911
751005	11449	0.7429849	1.9167657
751005	11450	0.4098981	2.1612647
751005	11451	0.31436837	2.2684283
751005	11452	0.5186409	2.0301108
751005	11453	1.6305083	0.6756315
751005	11454	0.4683069	1.9670467
751005	11455	0.47945315	2.1501706
751005	11456	0.61683726	1.9688041
751005	11457	0.5037737	2.10081
751005	11458	0.36268204	2.4038174
751005	11459	0.51906514	2.1492105
751005	11460	0.6525103	1.933681
751005	11461	0.5351734	2.1488316
751005	11462	0.5662563	2.0120819
751005	11463	0.7034178	1.9329579
751005	11464	0.6550791	2.001541
751005	11465	0.5717597	2.0940335
751005	11466	0.7443894	2.0062697
751005	11467	0.81462324	1.8627079
751005	11468	0.8779657	1.8550661
751005	11469	0.79598856	1.9483292
751005	11470	0.8381789	1.9082327
751005	11471	0.8243339	1.9478247
751005	11472	0.98368967	1.801214
751005	11473	1.0663389	1.7587857
751005	11474	1.0082617	1.868572
751005	11475	1.0643058	1.8092782
751005	11476	1.39304	1.4932452
751005	11477	1.3247417	1.3309933
751005	11478	0.80262125	1.9407928
751005	11479	1.0642923	1.8472464
751005	11480	0.91292274	2.0817726
751005	11481	0.9554516	1.9877088
751005	11482	2.1714134	0.7377622
751005	11483	0.77761674	2.0621889
751005	11484	0.2910776	2.856713
751005	11485	1.3743051	1.5481591
751005	11486	1.1382886	1.9422896
751005	11487	0.14053738	3.07173
751005	11488	2.7878447	0.14677188
751005	11489	2.3416243	0.9127884
751005	11490	1.2593398	1.6790116
751005	11491	0.51237416	2.4553967
751005	11492	0.65780306	2.5022612
751005	11493	1.2799181	1.5929859
751005	11494	1.4541568	1.5868998
751005	11495	0.6938244	2.2544935
751005	11496	0.7165904	2.330747
751005	11497	0.68427193	2.3063016
751005	11498	0.73760474	2.266281
751005	11499	1.6902922	1.1639335
751005	11500	1.8639961	1.0040398
751005	11501	0.9642769	2.1219583
751005	11502	2.243863	0.64409673
751005	11503	2.02211	1.1472219
751005	11504	0.98037004	2.1613827
751005	11505	2.2396054	0.7066004
751005	11506	2.0521765	1.0811392
751005	11507	1.0319607	2.1238751
751005	11508	2.1835375	0.7468413
751005	11509	2.0065188	1.1216215
751005	11510	1.7198106	1.2917862
751005	11511	1.8042935	1.4432714
751005	11512	1.5580772	1.3888475
751005	11513	1.6035651	1.3941367
751005	11514	1.5328285	1.6367695
751005	11515	1.4545428	1.7035289
751005	11516	1.4437351	1.70826
751005	11517	1.4448137	1.6983547
751005	11518	1.4458518	1.6658838
751005	11519	1.4943362	1.6259243
751005	11520	1.4568709	1.5353881
751005	11521	1.3915697	1.709976
751005	11522	1.5074772	1.6659617
751005	11523	1.477672	1.6448655
751005	11524	1.5037524	1.6397126
751005	11525	1.5193866	1.6259003
751005	11526	1.5099043	1.6414771
751005	11527	1.5140887	1.6393976
751005	11528	1.4930712	1.6614208
751005	11529	2.4948654	0.7249119
751005	11530	2.2513895	0.9798418
751005	11531	2.0423822	1.0999838
751005	11532	2.01574	1.0636348
751005	11533	2.4472961	0.8456181
751005	11534	2.6327672	0.7171016
751005	11535	1.6730434	1.429158
751005	11536	2.5752616	0.50021017
751005	11537	1.7284428	1.1502817
751005	11538	2.0079026	1.0199629
751005	11539	3.078228	0.041792423
751005	11540	3.0114865	0.4539577
751005	11541	2.7619805	0.47612187
751005	11542	2.6673293	0.6115495
751005	11543	2.7185802	0.4636422
751005	11544	1.245639	0.19500849
751005	11545	0.43365604	0.8702184
751005	11546	0.1690659	0.8884256
751005	11547	0.4584942	2.2364376
751005	11548	0.4107659	2.1561756
751005	11549	0.1479286	2.440514
751005	11550	0.059403658	2.437697
751005	11551	0.47048438	1.9079349
751005	11552	0.24458885	2.1743007
751005	11553	0.25777757	2.1807837
751005	11554	0.22243476	2.2869327
751005	11555	0.25452524	2.1948946
751005	11556	0.22346044	2.2829459
751005	11557	0.078977466	2.4023678
751005	11558	0.40450352	2.1418831
751005	11559	0.45071322	1.9769099
751005	11560	0.45062822	2.000574
751005	11561	0.51650953	1.905405
751005	11562	0.51314497	1.9001389
751005	11563	0.5395709	1.864152
751005	11564	0.57719696	1.8518188
751005	11565	0.6621728	1.7516181
751005	11566	0.5370805	1.8626456
751005	11567	0.6491214	1.7493501
751005	11568	0.37489086	2.090127
751005	11569	0.48235178	1.9652584
751005	11570	0.5405419	1.873183
751005	11571	0.49405503	1.9224601
751005	11572	0.578017	1.8239799
751005	11573	0.5311301	1.8503377
751005	11574	0.29554063	2.1743948
751005	11575	0.4894452	1.9260428
751005	11576	-0.02254659	2.544816
751005	11577	0.272731	2.26531
751005	11578	0.28818625	2.1500278
751005	11579	0.5522808	1.9933429
751005	11580	0.5066062	1.9640625
751005	11581	0.3374446	2.4543662
751005	11582	0.13586044	3.3542864
751005	11583	-0.65539414	2.9369252
751005	11584	1.1839356	1.5909884
751005	11585	1.2087703	1.5578644
751005	11586	1.2301875	1.5655344
751005	11587	1.159592	1.4967353
751005	11588	0.71695983	2.1027112
751005	11589	1.1021284	1.6204886
751005	11590	0.7750901	1.8859901
751005	11591	0.21582752	2.383257
751005	11592	0.55817544	2.1601799
751005	11593	0.44051355	2.2248116
751005	11594	0.44404203	2.3039849
751005	11595	0.47807735	2.2382646
751005	11596	0.4683481	2.247129
751005	11597	0.36407614	2.3794003
751005	11598	0.3109274	2.4472594
751005	11599	0.4035244	2.4089334
751005	11600	0.45371455	2.2550812
751005	11601	1.1599498	1.552275
751005	11602	0.618716	2.0087342
751005	11603	0.7252772	2.1533897
751005	11604	0.54721975	2.1743124
751005	11605	0.4497534	2.3241582
751005	11606	0.29978257	2.6377025
751005	11607	1.0128345	1.8074081
751005	11608	0.552559	2.4173706
751005	11609	0.31038254	2.6104076
751005	11610	0.45633274	2.307997
751005	11611	0.7130064	1.947649
751005	11612	0.5836824	2.1025734
751005	11613	0.25703156	2.5885408
751005	11614	0.6266886	2.249912
751005	11615	0.7984549	2.0519602
751005	11616	1.827021	0.92266273
751005	11617	2.4505863	0.48871627
751005	11618	2.2071853	0.71015584
751005	11619	0.49690735	2.202634
751005	11620	0.7630619	2.1690779
751005	11621	1.9629511	0.65955245
751005	11622	0.7126769	2.0207322
751005	11623	0.9682423	1.8569613
751005	11624	0.5953691	2.3581643
751005	11625	1.7668713	0.9142276
751005	11626	1.4484932	1.4431322
751005	11627	1.2023709	1.5585268
751005	11628	0.96355605	1.7897625
751005	11629	0.89827	1.865778
751005	11630	0.797199	1.8808792
751005	11631	0.838886	1.902071
751005	11632	1.0438424	1.7416785
751005	11633	0.86287355	1.8561373
751005	11634	0.8655939	1.9053602
751005	11635	1.5955006	1.0783744
751005	11636	1.2689409	1.4742769
751005	11637	1.2412438	1.5814505
751005	11638	1.05593	1.7615802
751005	11639	1.0291381	1.7647805
751005	11640	0.8845887	1.7174335
751005	11641	0.9068816	1.6710691
751005	11642	1.0240216	1.536172
751005	11643	2.1452584	0.46687445
751005	11644	1.8971745	0.8597444
751005	11645	2.2964745	0.55275
751005	11646	2.516057	0.4306557
751005	11647	1.2407304	1.4723865
751005	11648	1.8090924	0.8133149
751005	11649	3.6589622	-0.52519274
751005	11650	2.0784268	-1.0974127
751005	11651	1.8948995	-1.1179496
751005	11652	3.6901383	-0.76771176
751005	11653	0.46561426	-0.020053864
751005	11654	0.2934746	0.38057873
751005	11655	0.45653737	2.0086272
751005	11656	0.62071776	1.7211118
751005	11657	0.5006591	1.7885315
751005	11658	0.4195853	1.8288963
751005	11659	0.2652496	2.0612335
751005	11660	0.21340346	2.131216
751005	11661	0.3510428	1.9427187
751005	11662	0.34242266	1.9172013
751005	11663	-0.07184747	2.3424737
751005	11664	0.026889741	2.251276
751005	11665	-0.09906891	2.3739774
751005	11666	0.0022787452	2.3482347
751005	11667	-0.044303328	2.4374478
751005	11668	0.034988403	2.3447661
751005	11669	-0.15892196	2.7336516
751005	11670	0.58233976	1.781959
751005	11671	-0.0071651936	2.48651
751005	11672	0.1390124	2.3918056
751005	11673	0.050992012	2.4526389
751005	11674	0.5075457	1.9617529
751005	11675	0.8686091	1.4656967
751005	11676	0.6936443	1.8678124
751005	11677	1.8026313	0.6781844
751005	11678	1.3321027	1.0194988
751005	11679	0.8005017	1.6927221
751005	11680	0.89322734	1.5151876
751005	11681	0.6767514	1.7743099
751005	11682	0.65659404	1.6322896
751005	11683	0.3575949	2.2089386
751005	11684	0.35837913	2.0889397
751005	11685	1.0735257	1.2757713
751005	11686	0.59494424	1.9822927
751005	11687	0.27998602	2.2876496
751005	11688	0.48476374	1.9240248
751005	11689	0.36684793	1.9364598
751005	11690	0.413913	2.0164602
751005	11691	0.42318797	2.1115947
751005	11692	0.45349103	2.088777
751005	11693	0.4333424	2.1265953
751005	11694	0.26979458	2.2971103
751005	11695	0.55869365	1.9619589
751005	11696	0.40556514	2.2376084
751005	11697	0.5315442	2.0815353
751005	11698	0.3507042	2.1799498
751005	11699	0.36738604	2.1227758
751005	11700	0.24736267	2.219682
751005	11701	-0.01761815	2.717593
751005	11702	1.3046001	1.1599655
751005	11703	0.6208117	2.0768764
751005	11704	0.60418284	1.9824514
751005	11705	1.1113833	1.1443034
751005	11706	1.8179961	0.8866154
751005	11707	1.9479364	0.9853653
751005	11708	1.5807229	1.0575054
751005	11709	1.4679966	0.9268713
751005	11710	1.4045566	0.9827335
751005	11711	1.8772634	0.87009215
751005	11712	2.0063791	0.74426687
751005	11713	1.7219564	0.97486067
751005	11714	1.4515444	1.266753
751005	11715	0.8532971	1.9818332
751005	11716	1.2931095	1.3179824
751005	11717	1.997753	0.3920392
751005	11718	1.8159281	0.7054323
751005	11719	1.5095786	1.181611
751005	11720	1.3320537	1.2410958
751005	11721	1.3360797	1.332951
751005	11722	1.3437138	1.3671925
751005	11723	1.310657	1.4191617
751005	11724	1.3386503	1.3806903
751005	11725	1.3874552	1.2035902
751005	11726	1.404144	1.301099
751005	11727	1.4231464	1.1760135
751005	11728	1.4333442	1.1830019
751005	11729	1.3537523	1.3805228
751005	11730	1.442907	1.110404
751005	11731	1.4581602	1.2226427
751005	11732	1.4878473	1.2661833
751005	11733	1.4650133	1.2998694
751005	11734	1.4835035	1.2606558
751005	11735	1.4894612	1.1241179
751005	11736	1.4443142	1.2193524
751005	11737	1.4418097	1.2703372
751005	11738	1.407914	1.1877104
751005	11739	1.1435283	1.4545158
751005	11740	1.5401081	1.1119145
751005	11741	1.6443473	0.86683893
751005	11742	1.5203532	1.1143509
751005	11743	1.4572711	1.1091185
751005	11744	0.813503	1.8078339
751005	11745	0.8804332	1.7414691
751005	11746	0.95736384	1.6311984
751005	11747	1.1199869	1.4579513
751005	11748	1.1460471	1.4949429
751005	11749	1.1023289	1.5594912
751005	11750	1.1011521	1.5552158
751005	11751	0.92406726	1.706439
751005	11752	0.88471484	1.7588589
751005	11753	0.8546859	1.6654799
751005	11754	0.855476	1.7736983
751005	11755	0.7217605	1.8550551
751005	11756	0.8471432	1.5388381
751005	11757	0.7537091	1.5440867
751005	11758	1.0237005	1.418413
751005	11759	0.9438722	1.7173944
751005	11760	0.9146508	1.7526321
751005	11761	0.8840307	1.7184479
751005	11762	1.0173155	1.6491795
751005	11763	0.96887577	1.5611036
751005	11764	0.8013629	1.6958003
751005	11765	1.6576489	0.6305723
751005	11766	2.10253	0.3585603
751005	11767	2.229218	0.38461557
751005	11768	1.6915816	0.8763046
751005	11769	1.5080372	1.1241603
751005	11770	1.3873845	1.2180588
751005	11771	1.321742	1.2698058
751005	11772	1.2633253	1.18238
751005	11773	1.4240222	0.9338367
751005	11774	1.4582105	0.8906268
751005	11775	1.3306004	1.0248678
751005	11776	1.4772059	0.85886157
751005	11777	1.8736707	0.6419877
751005	11778	2.2641711	0.28893366
751005	11779	2.3796206	0.3903102
751005	11780	2.6154246	0.013861388
751005	11781	2.6400495	0.118313104
751005	11782	2.5407891	0.3290995
751005	11783	2.574767	0.20923737
751005	11784	2.9011102	-0.029970199
751005	11785	3.3625526	-0.4362904
751005	11786	3.9293795	-0.76195
751005	11787	4.039872	-0.7487962
751005	11788	5.244506	-1.5342737
751005	11789	5.303682	-1.4771137
751005	11790	5.7837014	-1.8774298
751005	11791	5.8108163	-1.8889045
751005	11792	5.3672066	-1.5120676
751005	11793	5.383635	-1.7331605
751005	11794	5.2709794	-1.6196831
751005	11795	6.1699095	-2.2304022
751005	11796	5.817412	-1.9364572
751005	11797	5.343418	-1.5923077
751005	11798	6.155265	-2.2985873
751005	11799	6.0417414	-2.116524
751005	11800	6.6825943	-2.6464176
751005	11801	6.4130692	-2.3692596
751005	11802	6.7010355	-2.6038094
751005	11803	6.4177012	-2.4223828
751005	11804	5.997099	-2.1586494
751005	11805	5.6612124	-1.9785131
751005	11806	6.5889473	-2.729619
751005	11807	6.479164	-2.542461
751005	11808	6.3059573	-2.4436944
751005	11809	6.51536	-2.6003416
751005	11810	6.398606	-2.662038
751005	11811	6.1516385	-2.5138922
751005	11812	6.59987	-2.9193742
751005	11813	6.3218813	-2.6130729
751005	11814	6.6061	-2.9036095
751005	11815	6.5734124	-2.867515
751005	11816	6.1766076	-2.6351783
751005	11817	6.3479095	-2.7574637
751005	11818	6.627573	-2.9809437
751005	11819	6.7522597	-3.0917034
751005	11820	6.86728	-3.1961448
751005	11821	6.6913404	-2.9773757
751005	11822	6.0548043	-3.3884666
751005	11823	5.5124564	-3.5917296
751005	11824	4.22073	-2.7832723
751005	11825	4.583336	-2.8792076
751005	11826	3.866578	-2.5048645
751005	11827	3.94424	-2.5013113
751005	11828	4.24018	-2.624755
751005	11829	4.081954	-2.5265253
751005	11830	4.019795	-2.5247195
751005	11831	4.036328	-2.4704425
751005	11832	4.029545	-2.4389775
751005	11833	3.986754	-2.4313698
751005	11834	3.922678	-2.3838916
751005	11835	3.8722272	-2.3487968
751005	11836	3.130991	-0.7212935
751005	11837	4.261874	-1.5527897
751005	11838	4.7290936	-1.6352923
751005	11839	4.682841	-1.6077584
751005	11840	4.374709	-1.4179091
751005	11841	4.9381914	-2.0266178
751005	11842	5.2828355	-2.181287
751005	11843	5.4333405	-2.2252045
751005	11844	2.0626574	-1.8227385
751005	11845	2.7371283	-2.0724776
751005	11846	2.195187	-1.718319
751005	11847	2.5369034	-1.7416382
751005	11848	2.341701	0.16726348
751005	11849	3.3829017	-1.3165183
751005	11850	4.404131	-1.4396467
751005	11851	4.136334	-1.4424709
751005	11852	4.3286552	-1.5155978
751005	11853	4.4514103	-1.6298014
751005	11854	3.7650714	-1.1036373
751005	11855	2.1513896	-1.4897399
751005	11856	1.8655027	-1.3893594
751005	11857	1.8074583	0.5968518
751005	11858	1.7780615	0.9047313
751005	11859	2.8577838	-0.45982885
751005	11860	2.1970463	0.48586252
751005	11861	1.8167254	0.61275566
751005	11862	2.6877189	-0.104985446
751005	11863	2.6042538	-0.014149487
751005	11864	2.6930642	-0.08963719
751005	11865	1.7858378	0.5968566
751005	11866	1.1803937	1.1493009
751005	11867	1.7770892	0.64010763
751005	11868	1.6297687	0.93073606
751005	11869	1.9888624	0.6112715
751005	11870	0.9767859	1.6085575
751005	11871	1.6171528	0.8606807
751005	11872	2.8167725	-0.36020905
751005	11873	2.5665307	0.2989451
751005	11874	1.1024987	1.5345378
751005	11875	2.8954043	-0.60081524
751005	11876	2.7570148	0.23291901
751005	11877	2.21484	0.2692372
751005	11878	2.1753888	0.43854693
751005	11879	2.0827622	0.5540519
751005	11880	1.9536482	0.6766325
751005	11881	1.5424994	1.1378998
751005	11882	1.0157683	-0.5442296
751005	11883	0.5697695	-1.7693276
751005	11884	0.67636716	-1.7434179
751005	11885	0.43737125	-1.2192758
751005	11886	0.07164693	0.5261915
751005	11887	1.7793576	-0.19809005
751005	11888	1.7599896	0.02589798
751005	11889	1.698366	0.061704785
751005	11890	1.5201286	0.1780679
751005	11891	1.3988395	0.31162176
751005	11892	1.3510238	0.37038657
751005	11893	1.1956269	0.58270395
751005	11894	0.14469814	1.8251781
751005	11895	0.5886618	1.4961638
751005	11896	0.5146129	1.5685918
751005	11897	0.59384334	1.5258223
751005	11898	0.014006555	2.4376025
751005	11899	0.031057835	2.3835523
751005	11900	1.5053395	0.5707694
751005	11901	0.2351408	2.243972
751005	11902	1.3796767	0.85179317
751005	11903	0.79305494	1.5650427
751005	11904	0.50506234	1.7454836
751005	11905	0.25082225	2.1103806
751005	11906	0.20163423	2.1929798
751005	11907	0.1547808	2.252858
751005	11908	0.09862602	2.3345037
751005	11909	0.08265579	2.3489683
751005	11910	0.04014963	2.3781705
751005	11911	0.14041209	2.271725
751005	11912	0.081944704	2.36726
751005	11913	0.11073965	2.3161447
751005	11914	0.081532	2.340772
751005	11915	0.053880513	2.3951378
751005	11916	0.0637638	2.3809745
751005	11917	0.06603575	2.3671875
751005	11918	0.04930681	2.3954437
751005	11919	0.047700226	2.4094
751005	11920	0.39439356	2.1616952
751005	11921	0.5311358	2.1385283
751005	11922	0.39882183	0.70546615
751005	11923	1.7662722	0.75987923
751005	11924	1.409507	0.93324554
751005	11925	1.3090227	0.9982321
751005	11926	1.1977358	1.1249316
751005	11927	1.9838313	0.51706004
751005	11928	1.971176	0.49445638
751005	11929	3.3952436	-0.511008
751005	11930	3.1433105	-0.09704909
751005	11931	2.6205354	0.22354504
751005	11932	1.0234857	1.4853793
751005	11933	1.81228	0.80314934
751005	11934	0.14426911	0.68074787
751005	11935	0.09853983	0.9839133
751005	11936	0.07935661	0.9996445
751005	11937	0.27562666	0.6429596
751005	11938	0.44994467	0.5273657
751005	11939	0.66279566	0.33024237
751005	11940	0.60628223	0.42447528
751005	11941	0.56927526	0.42106876
751005	11942	0.60229695	0.40803036
751005	11943	0.389816	0.57187283
751005	11944	0.47747648	0.5694339
751005	11945	0.7090664	0.30428967
751005	11946	0.5153017	0.527763
751005	11947	0.7514565	0.29582116
751005	11948	0.69070184	0.35249487
751005	11949	0.63493466	0.4948074
751005	11950	0.3046497	0.72804964
751005	11951	0.26880306	0.7816379
751005	11952	1.0436945	0.1134837
751005	11953	0.5430554	0.5206772
751005	11954	0.9598477	-0.13521218
751005	11955	1.1972753	1.5381862
751005	11956	1.0673019	1.6298099
751005	11957	1.5472561	1.0293682
751005	11958	1.6487244	0.8548459
751005	11959	1.8804716	0.6227113
751005	11960	1.8564495	0.58981335
751005	11961	0.45547658	2.013964
751005	11962	0.9623387	1.7135592
751005	11963	1.1555988	1.450606
751005	11964	1.3213929	1.2118038
751005	11965	1.3334155	1.1328397
751005	11966	1.1340389	1.3274566
751005	11967	1.1338481	1.3895375
751005	11968	1.1112039	1.417096
751005	11969	1.0244538	1.4211948
751005	11970	1.0850286	1.4094492
751005	11971	1.0813762	1.4310931
751005	11972	1.0204177	1.4124094
751005	11973	1.0778688	1.4062399
751005	11974	1.1238309	1.388162
751005	11975	1.0512964	1.3819252
751005	11976	1.1314222	1.3567711
751005	11977	1.1992326	1.3071703
751005	11978	1.1522268	1.4789664
751005	11979	1.9981993	0.66019726
751005	11980	2.0077572	0.78169835
751005	11981	2.7501998	0.041258603
751005	11982	2.7681723	0.27178285
751005	11983	2.2126727	0.33422747
751005	11984	2.3688245	0.4106827
751005	11985	2.336564	0.4142963
751005	11986	2.3652306	0.40414533
751005	11987	2.3479276	0.42927334
751005	11988	2.3371272	0.44584307
751005	11989	2.2886834	0.48474166
751005	11990	2.1541777	0.6020273
751005	11991	2.0537739	0.6889752
751005	11992	2.2933993	0.45973763
751005	11993	2.8480806	-0.026381403
751005	11994	2.314412	0.49451128
751005	11995	2.17493	0.44219765
751005	11996	1.9791809	0.65133095
751005	11997	2.3527179	0.30875966
751005	11998	1.6741096	0.9138409
751005	11999	2.0136738	0.55157626
751005	12000	2.456427	0.2698247
751005	12001	2.3128138	0.36178538
751005	12002	2.3820548	0.38278404
751005	12003	2.1466384	0.65253365
751005	12004	2.097456	0.6888423
751005	12005	1.9126645	0.86531687
751005	12006	1.664316	1.0672485
751005	12007	1.8230273	0.9418434
751005	12008	1.7540787	1.0508366
751005	12009	1.8173918	1.0086195
751005	12010	1.6823188	1.1470498
751005	12011	1.7688287	1.0713673
751005	12012	1.6538328	1.191946
751005	12013	1.7482377	1.1137965
751005	12014	1.6406609	1.228288
751005	12015	1.735216	1.1493429
751005	12016	1.6293145	1.2618805
751005	12017	1.7197963	1.1853265
751005	12018	1.6161662	1.2951515
751005	12019	1.7078258	1.2162008
751005	12020	1.605487	1.3244835
751005	12021	1.6957031	1.2456356
751005	12022	1.4278601	1.439556
751005	12023	0.8001951	2.114751
751005	12024	0.63266003	2.3266594
751005	12025	0.3126405	2.799121
751005	12026	0.93734837	1.9535742
751005	12027	0.30642742	2.4924579
751005	12028	0.5677918	2.484063
751005	12029	0.5705645	2.3292844
751005	12030	0.47281092	2.4958222
751005	12031	0.5970911	2.3682156
751005	12032	0.4935286	2.4678252
751005	12033	0.35589194	2.538538
751005	12034	0.5445521	2.5105064
751005	12035	0.54014206	2.3502553
751005	12036	0.63924384	2.3725274
751005	12037	0.50736403	2.3361614
751005	12038	0.4975989	2.5768564
751005	12039	0.67083836	2.2502997
751005	12040	0.6126734	2.4150438
751005	12041	-0.06964779	3.2668297
751005	12042	1.1214758	1.8894508
751005	12043	1.2108074	1.873697
751005	12044	0.83449984	2.3863983
751005	12045	0.88003516	2.3167198
751005	12046	0.78012323	2.3908303
751005	12047	0.6958263	2.4421556
751005	12048	0.119500935	3.2069118
751005	12049	1.5938905	1.3649497
751005	12050	0.47635406	2.8529162
751005	12051	1.5880789	1.3628548
751005	12052	1.0755746	2.0185707
751005	12053	0.74013305	2.4837694
751005	12054	0.089304626	3.2954845
751005	12055	1.4124773	1.6471248
751005	12056	0.9948114	2.2385771
751005	12057	0.3862452	3.0662625
751005	12058	0.017371655	3.5241244
751005	12059	-0.37501678	4.1069117
751005	12060	-0.4745124	4.374815
751005	12061	-1.2864058	3.825712
751005	12062	-1.432019	3.8974078
751005	12063	-1.6932278	4.7710857
751005	12064	-0.44121948	3.9917238
751005	12065	-0.11298072	3.510008
751005	12066	-0.3263175	4.1526685
751005	12067	-0.13613406	3.8691452
751005	12068	-0.10314456	3.7418063
751005	12069	-0.07865667	3.6464508
751005	12070	-0.15068075	3.6583087
751005	12071	-0.46895146	3.948633
751005	12072	-0.10342288	3.4690363
751005	12073	-0.09568268	3.4501436
751005	12074	0.35528356	2.6299148
751005	12075	0.14914495	3.0590386
751005	12076	-0.7542482	2.2644541
751005	12077	0.80449736	1.831779
751005	12078	0.84665823	1.9528041
751005	12079	0.7625917	1.9830055
751005	12080	0.83862853	1.9341955
751005	12081	0.7476034	1.9780567
751005	12082	0.85968614	1.6174548
751005	12083	0.6248778	2.0830266
751005	12084	0.66037905	2.0665112
751005	12085	0.6739316	2.082022
751005	12086	0.76580906	1.9837606
751005	12087	0.8690386	1.8881624
751005	12088	1.0702059	1.6782088
751005	12089	1.1211472	1.6749222
751005	12090	0.09715831	3.0487657
751005	12091	2.0418515	0.50333357
751005	12092	1.5285183	1.4198291
751005	12093	1.1130227	1.7573195
751005	12094	0.10681707	3.0461519
751005	12095	2.1971903	0.41464838
751005	12096	1.6756257	1.3276291
751005	12097	1.3151988	1.6366615
751005	12098	1.1413434	1.8049266
751005	12099	1.1274916	1.8167243
751005	12100	1.1554626	1.7785394
751005	12101	1.303316	1.6147635
751005	12102	1.3187672	1.6158357
751005	12103	2.8179212	0.17798516
751005	12104	2.5300965	0.6440252
751005	12105	0.78316283	1.9977529
751005	12106	1.2947111	1.5830126
751005	12107	1.5804757	1.2493329
751005	12108	1.3047123	1.5742171
751005	12109	1.4503316	1.3797476
751005	12110	2.6560802	0.19388565
751005	12111	3.275268	-0.007287711
751005	12112	3.3161602	0.010876
751005	12113	2.0705667	-0.6252458
751005	12114	1.2997587	-0.2487093
751005	12115	1.232067	0.0014419258
751005	12116	1.2633332	-0.11641359
751005	12117	1.444026	-0.19533372
751005	12118	1.3721274	-0.17662078
751005	12119	1.7603163	-0.48417047
751005	12120	1.258533	0.026646018
751005	12121	1.3420315	-0.031514823
751005	12122	1.048037	0.16095439
751005	12123	1.3193742	-0.012615472
751005	12124	2.5755272	-1.1720933
751005	12125	1.0559641	0.20928064
751005	12126	1.4506166	-0.1814568
751005	12127	1.3030168	0.0182257
751005	12128	1.8468503	-0.21765096
751005	12129	3.385212	-1.5558275
751005	12130	2.8024707	-1.0449677
751005	12131	2.6227632	-0.88412344
751005	12132	2.7591462	-1.0186021
751005	12133	2.7659764	-1.039893
751005	12134	1.0763754	0.19232592
751005	12135	1.431259	-0.25182915
751005	12136	1.7656335	-0.45817044
751005	12137	1.9295758	-0.52885956
751005	12138	1.992952	-0.54698014
751005	12139	2.0066118	-0.53666997
751005	12140	1.9402608	-0.5014675
751005	12141	2.1009636	-0.5674804
751005	12142	1.8115281	-0.40648782
751005	12143	1.949401	-0.539636
751005	12144	2.1254883	-0.6953564
751005	12145	2.1784449	-0.68456715
751005	12146	1.4945349	1.3837284
751005	12147	2.563507	0.7004845
751005	12148	1.6549605	1.1983113
751005	12149	2.8840737	-0.45647767
751005	12150	3.433876	-0.47237325
751005	12151	3.2381625	-0.0977045
751005	12152	3.5958943	-0.3310565
751005	12153	4.060386	-0.603747
751005	12154	3.8339596	-0.42916226
751005	12155	3.570118	-0.26637554
751005	12156	3.8243108	-0.48875767
751005	12157	3.834134	-0.47478288
751005	12158	3.918171	-0.5022117
751005	12159	3.8565488	-0.4964591
751005	12160	3.8933969	-0.5110568
751005	12161	3.819695	-0.45867965
751005	12162	3.7333426	-0.34798068
751005	12163	3.3665195	-0.07972133
751005	12164	3.4108682	-0.0906145
751005	12165	3.529656	-0.18941686
751005	12166	3.4789681	-0.098947346
751005	12167	3.4971395	-0.1369848
751005	12168	3.5381231	-0.15136227
751005	12169	3.4694552	-0.06683314
751005	12170	3.3987942	-0.017494649
751005	12171	3.551447	-0.13048273
751005	12172	3.4811926	-0.013492316
751005	12173	3.605639	-0.18166164
751005	12174	3.650988	-0.17946818
751005	12175	3.3616533	0.03636217
751005	12176	3.3403354	0.021784723
751005	12177	3.2565818	0.12609515
751005	12178	3.4368448	-0.06526229
751005	12179	3.5605283	-0.09980923
751005	12180	3.5371518	-0.105065316
751005	12181	3.4328942	-0.012648165
751005	12182	3.8499913	-0.38115984
751005	12183	3.905408	-0.34521908
751005	12184	4.27626	-0.73870695
751005	12185	5.082527	-1.3130897
751005	12186	4.796694	-0.88876224
751005	12187	3.6823702	-1.9875011
751005	12188	2.851256	0.032599926
751005	12189	2.6554947	0.13768789
751005	12190	2.590063	0.37624934
751005	12191	2.8129106	0.26482567
751005	12192	2.868917	0.13071248
751005	12193	2.9678264	0.046323687
751005	12194	2.996832	0.032655776
751005	12195	2.151328	0.5800592
751005	12196	2.00955	1.0423727
751005	12197	2.3226533	0.88649523
751005	12198	2.4179468	0.8334427
751005	12199	2.3502512	0.9047674
751005	12200	2.494379	0.76481223
751005	12201	2.4751601	0.80344725
751005	12202	2.7373562	0.58385694
751005	12203	2.2883048	0.9175353
751005	12204	1.9757863	1.1476173
751005	12205	2.1149049	1.0486013
751005	12206	2.071847	1.1678793
751005	12207	2.4868917	0.77531004
751005	12208	2.1543021	1.0785799
751005	12209	2.1885996	0.9716388
751005	12210	2.338387	0.8524306
751005	12211	2.5925608	0.7296084
751005	12212	2.614478	0.67150474
751005	12213	2.6064	0.6871649
751005	12214	2.2949438	0.9121977
751005	12215	1.9177893	1.2948474
751005	12216	1.9005309	1.324322
751005	12217	1.9592272	1.2593702
751005	12218	1.8136002	1.3958513
751005	12219	1.4877336	1.7094555
751005	12220	1.8441314	1.3568295
751005	12221	1.6724948	1.4887102
751005	12222	4.0304704	-0.79394126
751005	12223	3.3857827	0.055224985
751005	12224	3.2793818	0.073587626
751005	12225	3.7652588	-0.33249
751005	12226	3.8916998	-0.45619303
751005	12227	4.4181075	-0.9292108
751005	12228	4.4733157	-0.9727359
751005	12229	4.9436197	-1.3480021
751005	12230	4.8841662	-1.2446096
751005	12231	4.57888	-1.136075
751005	12232	4.130426	-2.2751358
751005	12233	2.8417063	-0.12563124
751005	12234	2.870257	-0.033460885
751005	12235	2.972693	-0.076590985
751005	12236	3.03132	-0.08561972
751005	12237	3.1527958	-0.22793983
751005	12238	3.1007686	-0.19800207
751005	12239	3.3371243	-0.36264598
751005	12240	3.3089447	-0.30937284
751005	12241	3.239851	-0.24219961
751005	12242	3.6547914	-0.55373335
751005	12243	3.5875378	-0.4662171
751005	12244	3.5944986	-0.5116636
751005	12245	3.646556	-0.49234703
751005	12246	3.4800267	-0.49481195
751005	12247	3.5468216	-0.47878543
751005	12248	3.2468486	-0.34513968
751005	12249	3.6163793	-0.5008706
751005	12250	3.8966646	-0.7659995
751005	12251	3.9648623	-0.6632931
751005	12252	3.9982	-0.7604092
751005	12253	3.9946723	-0.7400334
751005	12254	3.9463344	-0.7345126
751005	12255	3.8675704	-0.6556269
751005	12256	3.8930168	-0.6943168
751005	12257	3.8923697	-0.6687657
751005	12258	3.8025756	-0.63422585
751005	12259	3.594861	-0.60442924
751005	12260	3.7494912	-0.62322104
751005	12261	3.733389	-0.63821924
751005	12262	3.7935324	-0.62858284
751005	12263	3.7792115	-0.63267463
751005	12264	3.7672014	-0.61511517
751005	12265	3.734137	-0.6067463
751005	12266	3.7855434	-0.6348785
751005	12267	3.7694368	-0.6163811
751005	12268	3.491712	-0.5192295
751005	12269	3.545157	-0.48060063
751005	12270	3.654283	-0.6667085
751005	12271	3.8802996	-0.7935735
751005	12272	3.9134665	-0.86493444
751005	12273	3.7370434	-0.79374486
751005	12274	3.8579588	-0.8054379
751005	12275	3.7525268	-0.85964894
751005	12276	3.967565	-0.8650351
751005	12277	4.7705555	-1.5975245
751005	12278	4.555249	-1.3388554
751005	12279	4.5954475	-1.4687157
751005	12280	4.653607	-1.3871347
751005	12281	4.270287	-1.1576535
751005	12282	4.292274	-1.203227
751005	12283	4.2500887	-1.105528
751005	12284	4.206143	-1.113403
751005	12285	4.213845	-1.08203
751005	12286	4.2582183	-1.1695387
751005	12287	4.227952	-1.0658975
751005	12288	4.175047	-1.059587
751005	12289	4.0886745	-0.94955206
751005	12290	4.164809	-1.0476446
751005	12291	4.115718	-0.96169996
751005	12292	4.0689588	-0.93217266
751005	12293	3.487955	-0.39010155
751005	12294	3.4002929	-0.31201625
751005	12295	3.7184753	-0.6275401
751005	12296	3.8328218	-0.5838932
751005	12297	3.9173398	-0.79850477
751005	12298	3.9495468	-0.5763643
751005	12299	3.8304567	-0.6533197
751005	12300	3.9499488	-0.6692816
751005	12301	3.9634671	-0.7231231
751005	12302	3.8661847	-0.53810537
751005	12303	3.8002596	-0.5560441
751005	12304	3.7351308	-0.47204635
751005	12305	3.6434422	-0.43904206
751005	12306	3.5881271	-0.33529422
751005	12307	3.6602268	-0.44849187
751005	12308	3.8775125	-0.590665
751005	12309	3.906238	-0.46985182
751005	12310	3.8009443	-0.4150065
751005	12311	3.8853655	-0.45261708
751005	12312	3.9177303	-0.5493949
751005	12313	3.860547	-0.3682014
751005	12314	4.3824153	-1.0491033
751005	12315	4.535767	-1.2214669
751005	12316	4.391199	-1.0628928
751005	12317	4.37233	-1.1114606
751005	12318	4.361615	-1.0893333
751005	12319	4.3493776	-1.0819297
751005	12320	4.2772913	-0.9871018
751005	12321	4.225961	-0.9668572
751005	12322	4.1160164	-0.8747618
751005	12323	4.9252625	-1.5657473
751005	12324	3.90477	-0.7136547
751005	12325	3.9615035	-0.7231027
751005	12326	4.1128807	-0.89795256
751005	12327	4.1197767	-0.8278444
751005	12328	4.00582	-0.78920346
751005	12329	4.24072	-0.97664106
751005	12330	3.922791	-0.6365026
751005	12331	4.0231833	-0.82315034
751005	12332	4.0291853	-0.76588774
751005	12333	4.182738	-0.97871757
751005	12334	4.0470853	-0.8110986
751005	12335	4.1737027	-0.95298517
751005	12336	4.0567737	-0.764729
751005	12337	4.0268135	-0.79007626
751005	12338	4.1355195	-0.7529194
751005	12339	4.2208953	-0.8467634
751005	12340	4.2122827	-0.80176514
751005	12341	4.157532	-0.7250924
751005	12342	4.1211114	-0.6889952
751005	12343	4.1347165	-0.73379135
751005	12344	4.121528	-0.676589
751005	12345	4.1107264	-0.6788024
751005	12346	4.217798	-0.78316414
751005	12347	4.243874	-0.75884557
751005	12348	3.7185225	-0.44211602
751005	12349	3.7595792	-0.57041585
751005	12350	3.688168	-0.5013648
751005	12351	2.5242333	0.51818776
751005	12352	2.3917775	0.5399413
751005	12353	2.4347253	0.58863604
751005	12354	1.7998515	1.0338386
751005	12355	2.4229064	0.66483414
751005	12356	2.736372	0.34762272
751005	12357	3.2824306	-0.03738016
751005	12358	3.2802925	-0.10473609
751005	12359	3.4096475	-0.24534939
751005	12360	3.631483	-0.37744966
751005	12361	3.5399604	-0.2936734
751005	12362	4.3279667	-1.0357301
751005	12363	4.267068	-0.8391223
751005	12364	4.839492	-1.3071069
751005	12365	3.7682219	-0.4899187
751005	12366	3.9441042	-0.66538525
751005	12367	3.3451314	-0.045267344
751005	12368	3.8370733	-0.6184008
751005	12369	4.3507566	-0.9807228
751005	12370	4.2845488	-0.8711594
751005	12371	4.130013	-0.80799913
751005	12372	4.3710775	-1.0132227
751005	12373	4.5224504	-1.132363
751005	12374	4.3861113	-0.98770905
751005	12375	4.3856277	-1.0322429
751005	12376	4.408134	-1.0203544
751005	12377	4.4308543	-1.064158
751005	12378	4.4166837	-1.0426601
751005	12379	4.387307	-1.0156096
751005	12380	4.3868814	-1.0280038
751005	12381	4.414165	-1.0532533
751005	12382	5.00605	-1.549255
751005	12383	4.2369375	-0.80362475
751005	12384	4.2998414	-0.87699413
751005	12385	4.9446383	-2.6460054
751005	12386	4.8326864	-2.4715047
751005	12387	3.4016142	-0.42576677
751005	12388	3.5748882	-0.45094517
751005	12389	3.5752864	-0.4174467
751005	12390	3.6523724	-0.54809433
751005	12391	3.1532993	-0.1368863
751005	12392	3.9031901	-0.7537
751005	12393	4.255533	-1.0133629
751005	12394	4.5575795	-1.2600225
751005	12395	4.309084	-1.0232037
751005	12396	3.670401	-0.6143347
751005	12397	3.338809	-0.1858252
751005	12398	3.7382288	-0.78308004
751005	12399	3.8622742	-0.66136825
751005	12400	3.721408	-0.6036785
751005	12401	3.8056512	-0.6562347
751005	12402	4.12044	-0.9744903
751005	12403	3.3827906	-0.330968
751005	12404	3.0991402	-0.11575168
751005	12405	3.2251606	-0.17697182
751005	12406	3.770896	-0.7639458
751005	12407	3.6531992	-0.58770585
751005	12408	3.4462824	-0.31762993
751005	12409	3.797968	-0.7044199
751005	12410	3.697105	-0.62056416
751005	12411	4.0565557	-0.9974663
751005	12412	3.7401075	-0.66532314
751005	12413	3.737681	-0.69055897
751005	12414	3.9759035	-0.83070827
751005	12415	3.5349855	-0.45168817
751005	12416	3.8343687	-0.7915169
751005	12417	4.031666	-0.9742805
751005	12418	4.116985	-1.0572954
751005	12419	4.3850384	-1.3917177
751005	12420	4.364871	-1.3114307
751005	12421	4.9230347	-1.6239727
751005	12422	5.0959816	-1.7618763
751005	12423	4.8424373	-2.5252438
751005	12424	4.452483	-2.182831
751005	12425	2.916904	-0.2028873
751005	12426	2.9126763	-0.031167656
751005	12427	3.6856656	-0.7096248
751005	12428	3.3825436	-0.37212133
751005	12429	3.5543447	-0.6311294
751005	12430	3.7426877	-0.7378621
751005	12431	3.7272406	-0.7045403
751005	12432	2.874043	-0.047131747
751005	12433	3.135438	-0.16815296
751005	12434	3.3446918	-0.22011979
751005	12435	3.3080416	-0.2870801
751005	12436	3.341219	-0.22393438
751005	12437	3.077302	0.017044872
751005	12438	3.3340755	-0.25606427
751005	12439	3.3830433	-0.19388461
751005	12440	3.3647842	-0.26770627
751005	12441	3.353291	-0.1569924
751005	12442	2.9911656	0.060430378
751005	12443	3.0709715	0.053174704
751005	12444	3.1221638	0.011220247
751005	12445	2.9105282	0.19279078
751005	12446	2.8283095	0.25049236
751005	12447	2.745574	0.33502677
751005	12448	3.991963	-0.7658403
751005	12449	1.90349	1.0283478
751005	12450	2.5561795	0.5630398
751005	12451	2.7397785	0.47853956
751005	12452	3.1442304	0.04437539
751005	12453	3.1205888	0.13882032
751005	12454	3.128168	0.10701308
751005	12455	3.147159	0.11251739
751005	12456	3.0724	0.1769062
751005	12457	3.1045365	0.15248689
751005	12458	3.1445885	0.117735
751005	12459	2.9071198	0.39470807
751005	12460	2.9100533	0.2825522
751005	12461	2.916923	0.34831765
751005	12462	2.9456453	0.31734315
751005	12463	3.021492	0.2431086
751005	12464	2.8640194	0.3918093
751005	12465	2.7875113	0.4350125
751005	12466	2.8285766	0.4256055
751005	12467	2.8727503	0.37761006
751005	12468	3.0603576	0.17970559
751005	12469	2.9575562	0.31311575
751005	12470	3.1396232	0.15472886
751005	12471	2.9749184	0.23695424
751005	12472	3.1431823	0.15762845
751005	12473	2.970883	0.23194882
751005	12474	3.1390448	0.096040875
751005	12475	3.8207426	-0.4897228
751005	12476	3.5000095	-0.19434455
751005	12477	3.3285403	-0.040485203
751005	12478	2.2391343	0.79392827
751005	12479	2.8891788	0.2925751
751005	12480	3.1690092	0.07530168
751005	12481	3.1360984	0.06227842
751005	12482	3.2991939	0.01965046
751005	12483	3.2445197	0.083126694
751005	12484	3.0218349	0.23864165
751005	12485	2.7911854	0.46227333
751005	12486	2.8977356	0.33735362
751005	12487	3.0297685	0.22033098
751005	12488	2.9528337	0.31371275
751005	12489	2.940246	0.32754472
751005	12490	2.8156266	0.455254
751005	12491	2.860777	0.40802577
751005	12492	2.853292	0.4312785
751005	12493	2.9622097	0.31022832
751005	12494	2.9861708	0.31384364
751005	12495	2.9541464	0.3490893
751005	12496	2.9811888	0.2627333
751005	12497	3.0326405	0.36077324
751005	12498	3.01482	0.34161553
751005	12499	2.945706	0.36646864
751005	12500	3.048161	0.2977272
751005	12501	3.2465587	0.073960096
751005	12502	2.949328	0.34164438
751005	12503	3.1277246	0.14608017
751005	12504	3.056726	0.27090105
751005	12505	3.0487456	0.25348833
751005	12506	2.9045382	0.40907416
751005	12507	2.886063	0.3860689
751005	12508	2.9773188	0.3158094
751005	12509	2.955659	0.3554109
751005	12510	3.0821705	0.282411
751005	12511	1.6568719	1.3725444
751005	12512	2.2464294	1.0766287
751005	12513	1.908883	1.3338034
751005	12514	0.9708741	2.088621
751005	12515	0.4326617	3.2103806
751005	12516	0.6282395	2.8864956
751005	12517	0.04045683	0.90777004
751005	12518	1.1965516	1.2885554
751005	12519	1.536688	1.1449051
751005	12520	1.602259	1.158452
751005	12521	1.4797981	1.512035
751005	12522	1.2812353	1.928576
751005	12523	0.94291794	2.5582488
751005	12524	1.0434564	2.5797684
751005	12525	0.27516842	3.486831
751005	12526	0.38485557	3.2713308
751005	12527	0.7259804	3.2458928
751005	12528	0.28370786	3.17433
751005	12529	0.4231726	3.3649392
751005	12530	0.35924596	3.4433825
751005	12531	0.30506456	3.4476426
751005	12532	0.5961448	3.1413946
751005	12533	-0.013855785	3.9646986
751005	12534	0.18567783	3.368427
751005	12535	0.26137292	3.4670186
751005	12536	0.35238957	3.2835212
751005	12537	-0.4143179	4.4424043
751005	12538	-0.5939057	4.754869
751005	12539	0.041793823	4.1142097
751005	12540	-0.9796883	3.3200274
751005	12541	0.53787446	2.5540562
751005	12542	0.719224	2.1157565
751005	12543	0.5655093	2.2643335
751005	12544	0.6859162	2.1440246
751005	12545	0.38451475	2.726171
751005	12546	0.37049425	2.426125
751005	12547	1.0842234	1.7648692
751005	12548	-0.040699452	3.2886393
751005	12549	0.044896007	3.3965416
751005	12550	0.19539046	3.1967413
751005	12551	0.18351501	3.1176517
751005	12552	-1.2265103	2.4152565
751005	12553	0.6472895	1.9823389
751005	12554	0.45360112	2.323128
751005	12555	1.0649838	1.3337874
751005	12556	0.6886306	1.7477744
751005	12557	1.0324333	1.506304
751005	12558	1.5892779	0.82332134
751005	12559	1.8425261	0.6173936
751005	12560	1.3437417	1.1690816
751005	12561	1.5201122	1.0188576
751005	12562	1.5924722	0.9261906
751005	12563	1.8146356	0.85511243
751005	12564	1.4309397	1.2400824
751005	12565	1.6959625	0.86842775
751005	12566	1.7392398	0.8550354
751005	12567	2.4168825	0.28208396
751005	12568	2.0879164	0.50297534
751005	12569	2.5676422	0.26631173
751005	12570	4.365158	-0.9516485
751005	12571	4.288032	-0.94151175
751005	12572	4.4432597	-0.95670974
751005	12573	4.294861	-0.85199755
751005	12574	4.4972324	-0.94203824
751005	12575	2.4580765	-1.2897213
751005	12576	2.1082826	-1.2000805
751005	12577	1.8293518	0.9362446
751005	12578	1.5790497	1.1100636
751005	12579	1.669197	1.154196
751005	12580	1.6017033	1.2705334
751005	12581	1.6362256	1.1668314
751005	12582	1.6517335	1.2458698
751005	12583	1.8296613	1.1479119
751005	12584	2.2304964	0.43327263
751005	12585	1.7831982	1.1048237
751005	12586	2.0808148	0.78882456
751005	12587	2.6489606	0.2571952
751005	12588	1.576367	1.3580803
751005	12589	3.1023765	-0.21816993
751005	12590	2.4853792	0.92131674
751005	12591	1.5824412	1.2288973
751005	12592	1.5362574	1.3088295
751005	12593	1.5618616	1.3405426
751005	12594	1.6028186	1.2741367
751005	12595	1.6728834	1.1902434
751005	12596	1.4417475	1.3533798
751005	12597	1.4238884	1.4328183
751005	12598	1.5062331	1.3398515
751005	12599	1.3356537	1.4669899
751005	12600	1.9692785	0.93330455
751005	12601	2.2835789	0.6515503
751005	12602	3.8999496	-0.6449677
751005	12603	2.6221833	0.75104535
751005	12604	1.5322415	1.3105735
751005	12605	1.3091	1.4268961
751005	12606	2.6934543	0.22512606
751005	12607	1.9865154	0.90302193
751005	12608	1.9625217	0.9890095
751005	12609	3.4018507	-0.36024883
751005	12610	1.6532112	1.2901919
751005	12611	1.9149307	1.0358101
751005	12612	1.8779753	0.9841306
751005	12613	2.7610726	0.1261923
751005	12614	3.0304432	0.1728414
751005	12615	2.8348475	0.26363173
751005	12616	2.132203	0.70844173
751005	12617	3.2618556	-0.25803015
751005	12618	2.3128123	0.55085254
751005	12619	1.1416179	1.6558182
751005	12620	2.2936063	0.3061476
751005	12621	2.3866305	0.5071827
751005	12622	2.014391	0.77450144
751005	12623	2.8087249	0.22147968
751005	12624	3.1242075	-0.024118453
751005	12625	2.813161	0.25799152
751005	12626	3.1186485	0.1444135
751005	12627	2.965279	0.07364741
751005	12628	3.0647006	0.07942632
751005	12629	3.019102	0.09370282
751005	12630	3.0420794	0.13911965
751005	12631	2.9419327	0.10151371
751005	12632	2.633122	0.48320833
751005	12633	0.97411406	1.7291641
751005	12634	0.51497424	0.59469914
751005	12635	0.28778988	0.5183693
751005	12636	0.24830842	0.81907225
751005	12637	0.3182695	0.7380099
751005	12638	0.32725757	0.65328777
751005	12639	1.0038157	1.0973417
751005	12640	0.96181977	1.1568103
751005	12641	1.2315881	1.0070841
751005	12642	1.2109648	1.0515695
751005	12643	1.3256856	0.9219285
751005	12644	0.89901245	1.4974211
751005	12645	0.99547184	1.5119612
751005	12646	0.9881923	1.4287173
751005	12647	0.83275616	1.6998565
751005	12648	0.99673915	1.4766074
751005	12649	0.98772407	1.5662503
751005	12650	0.8555281	1.6975095
751005	12651	2.4128313	0.24753752
751005	12652	0.42195362	1.9799745
751005	12653	0.6084467	2.2829468
751005	12654	0.71690845	2.1726475
751005	12655	0.6035502	2.314726
751005	12656	0.43485707	2.6082654
751005	12657	2.1114316	0.6305907
751005	12658	2.13199	0.73931897
751005	12659	1.4990376	1.4188676
751005	12660	2.2682328	0.41945383
751005	12661	3.0525875	0.088471025
751005	12662	2.5301461	0.5339112
751005	12663	2.7109246	0.34794894
751005	12664	3.1769276	-0.050189793
751005	12665	3.870422	-0.59333557
751005	12666	3.6408315	-0.21139963
751005	12667	3.7438254	-0.44375393
751005	12668	3.8535142	-0.4616897
751005	12669	4.1204915	-0.7045579
751005	12670	3.1449127	-0.26890492
751005	12671	3.956738	-0.77170706
751005	12672	3.8228202	-0.52637315
751005	12673	2.8305578	0.21022883
751005	12674	3.5542612	-0.52038985
751005	12675	3.0329719	-0.1515651
751005	12676	2.9256983	-0.011082232
751005	12677	2.4384875	0.43150553
751005	12678	2.4908152	0.36404058
751005	12679	2.6962004	0.20439205
751005	12680	2.4881697	0.31947663
751005	12681	2.5116653	0.30172685
751005	12682	2.6297798	0.20181468
751005	12683	2.5501108	0.28904465
751005	12684	1.9052056	0.78292286
751005	12685	2.1338835	0.49608746
751005	12686	2.1151462	0.6115444
751005	12687	2.0861177	0.6649189
751005	12688	3.5171566	-0.5610529
751005	12689	3.658887	-0.4361482
751005	12690	3.5244274	-0.34707043
751005	12691	3.4842463	-0.28793052
751005	12692	3.063346	-0.07390946
751005	12693	2.383788	0.35680184
751005	12694	3.4534383	-0.49928114
751005	12695	3.4931788	-0.3431398
751005	12696	2.2695808	0.49172863
751005	12697	2.1492624	0.4965652
751005	12698	0.9186914	-0.012351602
751005	12699	1.8985068	0.5349381
751005	12700	2.4122958	0.12812445
751005	12701	4.0585423	-0.9138812
751005	12702	4.155934	-0.81920683
751005	12703	2.5891738	0.13079736
751005	12704	2.5889964	0.048256367
751005	12705	3.843946	-0.8588716
751005	12706	3.7515998	-0.63073134
751005	12707	2.3422031	0.28694925
751005	12708	3.5794368	-0.72761947
751005	12709	2.5309749	0.14361516
751005	12710	0.58049345	0.1624175
751005	12711	0.2788043	0.5131943
751005	12712	0.40621328	0.52155995
751005	12713	0.506991	0.42350355
751005	12714	0.7801868	0.04721895
751005	12715	2.732647	-0.24782833
751005	12716	2.7044816	-0.21117707
751005	12717	2.441835	0.07534847
751005	12718	2.0825782	0.38645062
751005	12719	3.4325285	-0.7160542
751005	12720	2.4447212	0.035979718
751005	12721	2.4449215	0.14238176
751005	12722	3.5644026	-0.6716454
751005	12723	2.644555	-0.14048254
751005	12724	2.475183	0.09472379
751005	12725	2.312868	0.17786285
751005	12726	3.6149402	-0.731358
751005	12727	2.3943758	0.102693826
751005	12728	3.4517965	-0.5880325
751005	12729	2.3748837	0.14124551
751005	12730	3.2343793	-0.37861073
751005	12731	2.1951394	0.32671317
751005	12732	2.2811103	0.26090088
751005	12733	2.2400794	0.25767574
751005	12734	3.5452557	-0.6681695
751005	12735	2.4421153	0.1426265
751005	12736	3.6176085	-0.7667136
751005	12737	2.5351481	0.07205406
751005	12738	2.5429149	0.11908296
751005	12739	2.489408	0.0853695
751005	12740	2.0608077	0.62598777
751005	12741	3.1809807	-0.44803482
751005	12742	3.7252889	-0.731174
751005	12743	1.6628405	-0.66207296
751005	12744	1.0385786	-0.07779658
751005	12745	0.83827424	1.5524459
751005	12746	1.9456347	-1.0157547
751005	12747	1.7752355	-0.7794703
751005	12748	-0.068905056	0.77662635
751005	12749	0.50700736	0.27778938
751005	12750	0.67250204	0.014763117
751005	12751	0.690182	0.07256445
751005	12752	0.6985996	0.060281724
751005	12753	0.7144972	0.063728005
751005	12754	0.82042754	-0.0058723986
751005	12755	0.7138475	0.17070189
751005	12756	0.78604555	-0.091997296
751005	12757	0.69863594	0.080726534
751005	12758	0.6982627	0.11406699
751005	12759	0.6767541	0.111997336
751005	12760	0.6800282	0.101020604
751005	12761	2.2866883	0.046357244
751005	12762	2.601492	-0.2033141
751005	12763	2.7202978	-0.0858866
751005	12764	1.8246554	0.6225128
751005	12765	1.0949831	1.4174443
751005	12766	2.716878	0.047667474
751005	12767	1.9086488	0.52976656
751005	12768	1.7674195	0.72696114
751005	12769	2.0080771	0.5088018
751005	12770	2.0823035	0.40956792
751005	12771	2.0332804	0.632946
751005	12772	2.0237598	0.44859883
751005	12773	1.8431774	0.66382504
751005	12774	1.915387	0.6363411
751005	12775	3.5036902	-0.6988791
751005	12776	3.332425	-0.31592017
751005	12777	3.4796934	-0.49237055
751005	12778	2.60246	0.054803222
751005	12779	3.5266767	-0.54072917
751005	12780	2.272447	0.29096088
751005	12781	2.1409574	0.41570476
751005	12782	0.6625776	0.003984809
751005	12783	0.4612549	0.32427797
751005	12784	0.4842834	0.4276372
751005	12785	0.43011856	0.34002241
751005	12786	2.443276	0.07964155
751005	12787	3.0843349	-0.43689466
751005	12788	3.2175393	-0.30328727
751005	12789	2.8357854	-0.056599617
751005	12790	2.448544	0.3514748
751005	12791	2.1489687	0.40029827
751005	12792	0.03900516	1.018684
751005	12793	-0.1683347	1.3699692
751005	12794	-0.0154005885	1.0945961
751005	12795	0.086331904	0.8952565
751005	12796	0.28768146	0.65387976
751005	12797	0.4014277	0.46276572
751005	12798	0.41505903	0.49833003
751005	12799	0.48182255	0.43346146
751005	12800	2.3306556	0.15824601
751005	12801	2.5527558	-0.04979235
751005	12802	2.5811453	0.1172559
751005	12803	2.3722134	0.30397627
751005	12804	2.6811085	-0.0025840998
751005	12805	2.802999	-0.0065051615
751005	12806	2.7807984	0.06497881
751005	12807	2.762024	0.0059717298
751005	12808	2.413589	0.32734898
751005	12809	2.4784484	0.092954546
751005	12810	2.4211817	0.30343172
751005	12811	2.6662812	0.13686958
751005	12812	2.3839588	0.1881713
751005	12813	2.0049176	0.5828515
751005	12814	2.6534758	0.12939069
751005	12815	2.9212265	-0.12010577
751005	12816	2.6924863	0.11380145
751005	12817	2.8292112	-0.03374529
751005	12818	2.919859	-0.05082628
751005	12819	2.9454694	-0.06306031
751005	12820	2.9472523	-0.06010869
751005	12821	2.6402593	0.11860797
751005	12822	2.7902703	-0.017294705
751005	12823	2.930287	-0.08249858
751005	12824	2.9647522	-0.0850583
751005	12825	2.9835258	-0.10949448
751005	12826	2.988834	-0.08713192
751005	12827	2.9744277	-0.08609134
751005	12828	3.0008655	-0.105763674
751005	12829	3.0573568	-0.1353845
751005	12830	3.11594	-0.12580493
751005	12831	2.8078098	0.004463166
751005	12832	2.5193634	0.20207551
751005	12833	2.450152	0.16425267
751005	12834	2.7069478	-0.013310194
751005	12835	2.703529	0.060647756
751005	12836	2.7199683	0.018899053
751005	12837	2.6820025	0.058083743
751005	12838	2.7712793	-0.022323579
751005	12839	2.7864852	-0.014092565
751005	12840	2.7372198	0.04943195
751005	12841	2.2974825	0.23871318
751005	12842	2.2433047	0.3116692
751005	12843	1.66533	0.8067223
751005	12844	2.452714	0.10762659
751005	12845	2.4523168	0.18555704
751005	12846	2.7122731	0.15930364
751005	12847	2.0257826	0.5184201
751005	12848	2.516581	0.26939002
751005	12849	2.1207829	0.4676793
751005	12850	2.1594296	0.49440435
751005	12851	2.2751055	0.38480374
751005	12852	2.37958	0.3311769
751005	12853	-0.039204985	2.598152
751005	12854	-0.32383054	3.6112688
751005	12855	-0.19208238	3.4047837
751005	12856	-0.2537633	3.3239386
751005	12857	-0.0976263	3.248947
751005	12858	0.029282212	3.0828054
751005	12859	0.115968645	2.980411
751005	12860	0.09779614	3.043398
751005	12861	0.0961048	3.1062376
751005	12862	0.10826129	3.0356605
751005	12863	0.40341753	2.7821174
751005	12864	0.5764518	2.5232122
751005	12865	0.45432007	2.6574688
751005	12866	0.2548073	3.0407498
751005	12867	0.31568807	2.9596016
751005	12868	0.33163923	2.913262
751005	12869	0.22885108	3.0281417
751005	12870	0.8167466	2.2113357
751005	12871	0.5663146	2.5806386
751005	12872	0.30398375	2.9193485
751005	12873	0.59719074	2.368843
751005	12874	0.6117531	2.4224637
751005	12875	1.8322977	0.7882203
751005	12876	1.9313208	1.0777425
751005	12877	2.1831956	0.82219946
751005	12878	1.8397533	1.2412589
751005	12879	1.5926648	1.5094448
751005	12880	1.1547356	2.1062288
751005	12881	1.0732883	2.1596792
751005	12882	0.9747851	2.2820554
751005	12883	0.961437	2.2818289
751005	12884	0.990185	2.224275
751005	12885	1.0044655	2.230128
751005	12886	0.96808696	2.1282184
751005	12887	0.96210265	2.2993927
751005	12888	0.98326457	2.2208362
751005	12889	0.960165	2.2722855
751005	12890	0.9601704	2.257542
751005	12891	0.962181	2.2698944
751005	12892	0.9793469	2.2534182
751005	12893	0.9728732	2.2529938
751005	12894	0.9724113	2.252085
751005	12895	0.98260546	2.2626023
751005	12896	0.8842398	2.3861797
751005	12897	0.9172721	2.354501
751005	12898	0.9195219	2.3351622
751005	12899	0.95192945	2.2942526
751005	12900	0.98479307	2.2574382
751005	12901	0.95055413	2.3003774
751005	12902	0.9384501	2.1952069
751005	12903	0.81403935	2.420815
751005	12904	0.95555913	2.1799512
751005	12905	0.8245959	2.256893
751005	12906	0.9254575	2.3038018
751005	12907	0.91428924	2.24265
751005	12908	0.90621054	2.336763
751005	12909	0.96716654	2.0988202
751005	12910	0.9440284	2.305559
751005	12911	0.9788189	2.2380888
751005	12912	0.9567877	2.2562673
751005	12913	0.99633	2.241454
751005	12914	0.70262396	2.5908551
751005	12915	1.4989628	1.5725925
751005	12916	1.0663127	2.2437432
751005	12917	1.0638607	2.1456945
751005	12918	0.9378154	2.4008384
751005	12919	0.97847545	2.3074644
751005	12920	0.9831016	2.312849
751005	12921	0.9877995	2.286714
751005	12922	0.9993249	2.288394
751005	12923	1.0135299	2.2557738
751005	12924	1.0062904	2.2996156
751005	12925	1.0030667	2.2494895
751005	12926	0.97598886	2.3416302
751005	12927	0.9491863	2.2216156
751005	12928	0.9042605	2.461741
751005	12929	1.0424623	2.2073534
751005	12930	1.0670365	2.2224271
751005	12931	1.0641149	2.156431
751005	12932	0.99761724	2.2979102
751005	12933	1.1552318	2.0897207
751005	12934	0.5411303	2.9036694
751005	12935	0.98287535	2.1133542
751005	12936	1.0478783	2.0474734
751005	12937	1.3321558	1.9465797
751005	12938	0.83836496	2.3925357
751005	12939	0.6116508	2.769524
751005	12940	0.6255101	2.823332
751005	12941	0.724015	2.5146253
751005	12942	0.85187066	2.3404443
751005	12943	0.5241815	2.9290547
751005	12944	0.64006436	2.685062
751005	12945	0.7638669	2.3923974
751005	12946	0.7113323	2.4532893
751005	12947	0.6841066	2.6413262
751005	12948	0.7504989	2.6218042
751005	12949	0.21090895	3.3126702
751005	12950	0.23163563	3.3388789
751005	12951	0.29898208	3.1572654
751005	12952	0.3247354	3.081259
751005	12953	0.28075778	3.146316
751005	12954	0.4938811	2.8445218
751005	12955	0.46167386	2.8287005
751005	12956	0.43062216	2.8480124
751005	12957	0.47589952	2.7949533
751005	12958	0.4263606	2.832801
751005	12959	0.42759633	2.8190737
751005	12960	0.41889834	2.8055785
751005	12961	0.4271428	2.8204048
751005	12962	0.38434714	2.8487217
751005	12963	0.29275495	3.0842946
751005	12964	0.3651657	2.9040318
751005	12965	0.39424896	2.8494098
751005	12966	0.47403902	2.793538
751005	12967	0.4573344	2.743894
751005	12968	0.42643356	2.7946002
751005	12969	0.43450457	2.7762816
751005	12970	0.20907754	3.104811
751005	12971	0.41894162	2.6619506
751005	12972	0.66688514	2.4320073
751005	12973	0.30586952	3.0437229
751005	12974	0.19345254	3.1869771
751005	12975	0.29696727	3.0248437
751005	12976	0.28042817	3.025791
751005	12977	0.32641733	2.899913
751005	12978	0.22683936	3.0978782
751005	12979	0.24259204	3.0566652
751005	12980	0.23178011	3.0450504
751005	12981	0.2565419	3.026001
751005	12982	0.26540297	3.031129
751005	12983	0.269417	3.0355992
751005	12984	0.260334	3.0475926
751005	12985	0.27241522	3.0279734
751005	12986	0.21295917	3.1204205
751005	12987	0.29510796	3.0624418
751005	12988	0.3010199	2.951651
751005	12989	0.43320513	2.7264755
751005	12990	0.61374104	2.5574868
751005	12991	0.07755852	3.4058638
751005	12992	-0.07733026	3.5836656
751005	12993	-0.09003174	3.7132056
751005	12994	-0.037251502	3.5635226
751005	12995	-0.013394773	3.4748383
751005	12996	-0.2344855	4.0562778
751005	12997	-0.68566954	5.000473
751005	12998	-1.4478067	3.9429743
751005	12999	-1.3948885	3.499473
751005	13000	0.27730066	2.910937
751005	13001	0.11576885	2.6232708
751005	13002	0.43142885	2.4483948
751005	13003	0.36949295	2.3299322
751005	13004	0.53680706	2.165313
751005	13005	0.5081477	2.187172
751005	13006	0.5210352	2.2161689
751005	13007	0.46220297	2.1330154
751005	13008	-0.18170792	3.1585991
751005	13009	-0.316125	3.3141463
751005	13010	-0.31376934	3.4945824
751005	13011	0.6073055	2.138729
751005	13012	0.12011236	2.807979
751005	13013	-0.1743226	3.4486215
751005	13014	0.047912538	3.338074
751005	13015	0.16180515	3.0755498
751005	13016	-0.11246893	3.2445905
751005	13017	0.0397678	3.1693692
751005	13018	0.56945634	2.3228683
751005	13019	0.745993	1.9917991
751005	13020	0.8313215	1.9942791
751005	13021	0.79439807	2.0697234
751005	13022	1.9583522	0.7383189
751005	13023	1.946077	0.95097065
751005	13024	1.8301231	0.9338424
751005	13025	1.7135383	1.107956
751005	13026	1.7839161	0.97525835
751005	13027	1.9158016	0.8670801
751005	13028	1.8953966	0.92602146
751005	13029	1.5392424	1.329636
751005	13030	1.7658228	1.0086449
751005	13031	1.3396951	1.4646454
751005	13032	0.80392075	1.9992478
751005	13033	1.2599851	1.5185465
751005	13034	2.4436655	0.44405523
751005	13035	1.9873875	1.0572072
751005	13036	1.8042513	1.0596893
751005	13037	2.0007973	0.8631232
751005	13038	2.508882	0.5107393
751005	13039	2.4764504	0.66147745
751005	13040	2.5313673	0.52546644
751005	13041	2.449934	0.6203561
751005	13042	2.5884347	0.52065706
751005	13043	2.6875277	0.45571908
751005	13044	2.5919313	0.5552319
751005	13045	0.31551623	2.3204293
751005	13046	0.28017402	2.9518793
751005	13047	-0.13598257	3.4429345
751005	13048	-0.18525144	3.4450974
751005	13049	-0.1295653	3.3224764
751005	13050	-0.14627382	3.298468
751005	13051	-0.13356778	3.2514632
751005	13052	-0.14646679	3.2998512
751005	13053	-0.1253587	3.3222847
751005	13054	-0.18320772	3.2287614
751005	13055	-0.3113233	3.6350482
751005	13056	-0.73480386	4.1880836
751005	13057	-0.39870313	3.8350065
751005	13058	-0.5414295	3.9878943
751005	13059	-0.4747576	3.8956258
751005	13060	-0.5747777	4.511434
751005	13061	-0.21680859	3.8734062
751005	13062	-0.38278443	3.985728
751005	13063	-0.26704434	0.8558421
751005	13064	-0.5848455	1.8527794
751005	13065	2.0203037	0.5060762
751005	13066	-0.4487685	2.8536358
751005	13067	0.04332632	0.07133582
751005	13068	0.1332125	2.7438939
751005	13069	0.9591342	-0.7473009
751005	13070	0.42286468	-0.11586481
751005	13071	0.2255587	2.5044622
751005	13072	0.2076422	3.0494583
751005	13073	0.0498181	2.8834631
751005	13074	0.03155285	2.8808813
751005	13075	0.14324993	2.711965
751005	13076	0.19202894	2.6676702
751005	13077	0.19458055	2.7099063
751005	13078	0.27757627	2.6219606
751005	13079	0.27159786	2.708142
751005	13080	0.25341386	2.720096
751005	13081	0.20965743	2.841888
751005	13082	0.6015407	2.3832576
751005	13083	0.24972647	3.0539405
751005	13084	-0.052761346	3.4507885
751005	13085	0.5634186	2.564207
751005	13086	0.35225052	2.7748504
751005	13087	0.47539723	2.7982712
751005	13088	0.5192144	2.5501323
751005	13089	0.3023098	2.8421059
751005	13090	0.22375613	2.9556055
751005	13091	0.077536106	3.5483572
751005	13092	0.079083025	3.144444
751005	13093	0.42671382	0.14823481
751005	13094	2.478701	0.067267746
751005	13095	2.2440152	0.20055988
751005	13096	2.0979996	0.33499387
751005	13097	2.0039954	0.40545246
751005	13098	2.5270586	-0.09218332
751005	13099	2.5051265	0.10346314
751005	13100	2.4155087	0.13842294
751005	13101	2.7274013	-0.24267806
751005	13102	3.219727	-0.44622844
751005	13103	3.2265816	-0.42194077
751005	13104	3.3350253	-0.43290025
751005	13105	3.110721	-0.25074905
751005	13106	3.4439287	-0.6599947
751005	13107	3.3918753	-0.4200271
751005	13108	3.246664	-0.34010643
751005	13109	1.9536837	0.65023196
751005	13110	1.742227	0.81315863
751005	13111	1.5068711	1.0864276
751005	13112	1.6641189	0.93960595
751005	13113	1.4065619	1.1898727
751005	13114	1.4168313	1.2079629
751005	13115	1.671363	0.95056283
751005	13116	1.3692762	1.3335172
751005	13117	1.6015497	1.1363727
751005	13118	1.4492285	1.2521535
751005	13119	0.86506057	1.9680157
751005	13120	0.8708558	1.9413106
751005	13121	1.1833543	1.5551872
751005	13122	1.0248554	1.8474321
751005	13123	1.2595422	1.5291834
751005	13124	2.285276	0.58863986
751005	13125	2.4315648	0.5856533
751005	13126	1.5389682	1.315117
751005	13127	1.8771566	0.87271535
751005	13128	1.2291384	-0.50819
751005	13129	0.7041025	-0.11314249
751005	13130	0.21185791	0.29969624
751005	13131	0.29171908	0.12095764
751005	13132	0.43617886	2.4306312
751005	13133	0.5062319	2.2746935
751005	13134	0.43905675	2.161726
751005	13135	0.39449543	2.1710455
751005	13136	0.25686765	2.27319
751005	13137	0.6183368	1.7849169
751005	13138	0.7468153	1.8829539
751005	13139	0.81846535	1.6565166
751005	13140	0.7043438	1.8086185
751005	13141	0.11985439	2.42779
751005	13142	-0.000716269	2.5503488
751005	13143	0.18572062	2.317203
751005	13144	0.26482403	2.2216744
751005	13145	0.37996006	2.2298045
751005	13146	0.3970093	2.2604008
751005	13147	0.44156355	2.1443996
751005	13148	0.42102796	2.2618966
751005	13149	0.35327113	2.4941843
751005	13150	1.2917098	1.2199398
751005	13151	0.78227067	2.0423028
751005	13152	0.6203383	2.1308668
751005	13153	0.574075	2.1568718
751005	13154	0.3963825	2.6084657
751005	13155	0.2807083	3.0314233
751005	13156	0.0009435415	3.252234
751005	13157	0.44591445	2.8582559
751005	13158	0.3388834	2.8021405
751005	13159	0.22849232	2.922477
751005	13160	0.110710025	3.4670455
751005	13161	0.026486993	3.6407602
751005	13162	0.12253052	3.4138584
751005	13163	0.061885953	3.3362994
751005	13164	0.5551876	2.385267
751005	13165	0.32631814	2.6539729
751005	13166	0.109090865	3.1635292
751005	13167	0.5177971	2.7944884
751005	13168	0.60467803	2.4768481
751005	13169	0.29932517	3.0824888
751005	13170	0.44424015	2.6690073
751005	13171	0.39670944	0.39382645
751005	13172	-0.06922519	0.9827602
751005	13173	0.3639142	2.8294146
751005	13174	0.36521655	2.7851598
751005	13175	0.19958615	2.7566133
751005	13176	-0.038388193	2.9359233
751005	13177	-0.034234375	2.9971786
751005	13178	0.05452144	3.0817373
751005	13179	0.41405618	2.366341
751005	13180	0.05168134	2.9450445
751005	13181	-0.023663163	3.0480058
751005	13182	0.04259491	2.9534538
751005	13183	0.014435589	3.0031073
751005	13184	0.04643625	2.997897
751005	13185	0.06460667	2.9328408
751005	13186	0.07218057	2.9400394
751005	13187	0.033516645	2.9812565
751005	13188	0.066542625	2.9811938
751005	13189	0.07441515	2.9689903
751005	13190	0.1081174	2.9092836
751005	13191	0.08972019	2.966081
751005	13192	0.13136923	2.9585028
751005	13193	0.12139368	2.9562538
751005	13194	0.11721605	2.9751105
751005	13195	0.13918787	2.9580033
751005	13196	0.14377302	2.9552298
751005	13197	0.15434182	2.9476447
751005	13198	0.17845118	2.9151232
751005	13199	0.17388934	2.9207053
751005	13200	0.1821546	2.9230556
751005	13201	0.19858003	2.921059
751005	13202	0.20588791	2.9110405
751005	13203	0.19749022	2.9250617
751005	13204	0.23093718	2.8703375
751005	13205	0.25830245	2.8451116
751005	13206	0.4578597	2.837553
751005	13207	0.40761274	2.7080855
751005	13208	0.4013312	2.7920802
751005	13209	0.43350184	2.707293
751005	13210	0.26701534	3.1607733
751005	13211	0.42489737	0.71215093
751005	13212	1.9569496	0.6529652
751005	13213	1.8168653	0.80436075
751005	13214	1.8706776	0.7567867
751005	13215	1.9534372	0.59464324
751005	13216	1.6564943	0.8028232
751005	13217	1.5982505	0.78704166
751005	13218	1.9253422	0.48108104
751005	13219	1.6206218	0.6903846
751005	13220	1.3944043	1.1863412
751005	13221	1.5359174	0.90443563
751005	13222	1.120985	1.4277784
751005	13223	1.0599258	1.6607361
751005	13224	1.062169	1.806355
751005	13225	1.3609062	1.4581263
751005	13226	2.1856413	0.6948781
751005	13227	1.2904657	1.7695613
751005	13228	1.7374312	1.289063
751005	13229	1.5640911	1.5157983
751005	13230	2.613913	0.4864463
751005	13231	2.801652	0.7966651
751005	13232	1.338999	1.9740489
751005	13233	3.024757	-0.003907889
751005	13234	2.7128801	0.8468958
751005	13235	2.6145158	0.7449404
751005	13236	2.5777402	0.7999761
751005	13237	3.5401087	0.11283931
751005	13238	3.2414556	0.15721068
751005	13239	2.9892259	0.33187547
751005	13240	2.8600488	0.32725033
751005	13241	3.2626472	0.016993493
751005	13242	3.9130292	-0.11436084
751005	13243	3.8021927	-0.16818681
751005	13244	3.6839547	-0.10874626
751005	13245	3.6344748	-0.13388643
751005	13246	4.3710575	-0.46945772
751005	13247	4.7862916	-0.94500697
751005	13248	4.516947	-0.664016
751005	13249	2.6820378	-1.4586862
751005	13250	2.2344885	-1.0045371
751005	13251	1.7076529	-0.69478905
751005	13252	1.6927298	-0.7639438
751005	13253	1.4994205	1.4850186
751005	13254	2.3111048	0.38599154
751005	13255	3.236298	-0.2831033
751005	13256	3.6660786	-0.3722071
751005	13257	2.265462	0.49958745
751005	13258	1.7282397	1.1577706
751005	13259	2.3289528	0.38974497
751005	13260	2.6165738	0.13364312
751005	13261	2.3874564	0.470561
751005	13262	3.4141693	-0.52928716
751005	13263	3.675252	-0.53489435
751005	13264	3.8778596	-0.5725193
751005	13265	3.5797858	-0.24552079
751005	13266	2.8265638	0.2968813
751005	13267	2.7000852	0.10810819
751005	13268	2.751195	0.2838545
751005	13269	2.6099753	0.29688814
751005	13270	1.855626	0.9926561
751005	13271	2.0686808	0.64374876
751005	13272	2.7620778	0.6291343
751005	13273	2.2306528	0.91380703
751005	13274	2.1231828	0.8115636
751005	13275	2.3540874	0.84480226
751005	13276	2.1143436	1.02482
751005	13277	1.9716958	1.0662901
751005	13278	1.4566462	1.5306001
751005	13279	2.4203048	0.49178037
751005	13280	2.1057224	1.0369991
751005	13281	2.415978	0.738405
751005	13282	2.2169394	0.7613534
751005	13283	1.860639	1.2118629
751005	13284	1.8697022	1.2065865
751005	13285	1.9873401	1.0811175
751005	13286	2.1222968	0.93344474
751005	13287	2.0956068	1.0693663
751005	13288	2.1049047	0.99175775
751005	13289	2.1053019	1.0150145
751005	13290	2.530233	0.6656542
751005	13291	2.5667076	0.5642184
751005	13292	2.1245503	1.1370878
751005	13293	2.5816016	0.6772343
751005	13294	2.4206014	0.8329878
751005	13295	2.4754467	0.769837
751005	13296	2.0728917	1.0725145
751005	13297	2.7593737	0.5123037
751005	13298	3.5121646	0.061245352
751005	13299	3.034274	0.18648538
751005	13300	3.6020584	-0.0994232
751005	13301	3.2441378	-0.0129644275
751005	13302	3.6048222	-0.28341904
751005	13303	3.6854963	-0.27254313
751005	13304	4.8801136	-0.9943545
751005	13305	5.464357	-1.5091934
751005	13306	5.0779896	-1.0574561
751005	13307	5.5704117	-1.4702257
751005	13308	5.157076	-1.165647
751005	13309	4.322434	-0.67855465
751005	13310	4.304668	-0.8994025
751005	13311	5.5063972	-1.6282169
751005	13312	4.9116945	-1.0894696
751005	13313	5.618095	-1.7321979
751005	13314	4.904501	-1.1482263
751005	13315	4.429253	-1.0164431
751005	13316	3.889584	-0.85264266
751005	13317	3.4939551	-0.54684055
751005	13318	3.672195	-0.67072403
751005	13319	3.790022	-0.7061437
751005	13320	3.6808805	-0.48523957
751005	13321	3.3067484	-0.3409874
751005	13322	2.7162719	0.26376763
751005	13323	3.1874466	-0.31562638
751005	13324	3.6505322	-0.48204058
751005	13325	4.0155044	-0.6955888
751005	13326	3.8579235	-0.5375754
751005	13327	3.8053184	-0.54574233
751005	13328	3.5732884	-0.33516595
751005	13329	3.975678	-0.78376067
751005	13330	3.3711658	-0.27761072
751005	13331	3.423122	-0.46728933
751005	13332	3.3182	-0.20084119
751005	13333	3.26751	-0.19186643
751005	13334	3.0714817	-0.089910746
751005	13335	2.5066547	0.48859867
751005	13336	2.255828	0.56265974
751005	13337	2.1171384	0.67492163
751005	13338	2.0553498	0.72842443
751005	13339	1.9120392	0.87429976
751005	13340	2.925241	0.030520886
751005	13341	2.9390087	-0.0044860244
751005	13342	2.2637954	0.6901511
751005	13343	2.3404417	0.5810412
751005	13344	2.171998	0.77301013
751005	13345	2.2263417	0.6858294
751005	13346	2.9003215	0.1295971
751005	13347	2.5734506	0.5262846
751005	13348	2.2424145	0.76907337
751005	13349	2.2424946	0.80062103
751005	13350	2.2234116	0.701661
751005	13351	2.102912	0.88297033
751005	13352	2.0491934	0.83719254
751005	13353	2.07616	0.91080666
751005	13354	1.936335	0.97887087
751005	13355	1.9920954	1.0060359
751005	13356	2.736442	0.26074013
751005	13357	2.2202826	0.90136504
751005	13358	2.0392814	0.9577658
751005	13359	1.9843212	1.0474206
751005	13360	1.9802152	1.0477383
751005	13361	2.6972837	0.37126502
751005	13362	2.8142242	0.5093262
751005	13363	2.9285507	0.35091224
751005	13364	2.8160105	0.40014502
751005	13365	2.8439507	0.3408778
751005	13366	2.8197284	0.34969923
751005	13367	2.762105	0.36059973
751005	13368	2.7489676	0.34567526
751005	13369	2.7478209	0.34453222
751005	13370	2.7149491	0.36234745
751005	13371	2.6878195	0.36457446
751005	13372	2.5754728	0.41133508
751005	13373	2.616292	0.40553626
751005	13374	2.6085758	0.43097028
751005	13375	2.6181731	0.42996547
751005	13376	2.604663	0.43276337
751005	13377	2.6166835	0.41788408
751005	13378	2.6194634	0.41127363
751005	13379	2.666708	0.39356735
751005	13380	2.6683698	0.3162938
751005	13381	2.9372687	0.0090917945
751005	13382	3.401732	-0.20241642
751005	13383	2.8584266	0.24040046
751005	13384	2.3402839	0.6701696
751005	13385	1.9792238	0.92684233
751005	13386	1.8800114	1.0831468
751005	13387	1.7345554	1.2923837
751005	13388	1.5756496	1.3768762
751005	13389	1.8995472	1.1479588
751005	13390	2.053687	1.0053854
751005	13391	2.3109393	0.84321797
751005	13392	3.304099	-0.009420574
751005	13393	4.3842273	-0.8195782
751005	13394	4.8576093	-1.1466237
751005	13395	4.622626	-0.7223897
751005	13396	4.3811345	-0.6409723
751005	13397	3.9851937	-0.5693982
751005	13398	5.5969367	-1.8285959
751005	13399	5.732993	-1.7501086
751005	13400	5.551784	-1.6192195
751005	13401	5.3702073	-1.4907743
751005	13402	5.632006	-1.7184458
751005	13403	6.3731337	-2.3194506
751005	13404	6.426649	-2.2886481
751005	13405	6.599632	-2.4592288
751005	13406	6.489337	-2.310102
751005	13407	6.121141	-3.322175
751005	13408	5.7651987	-3.303487
751005	13409	5.588216	-3.1944036
751005	13410	5.4637995	-3.0927749
751005	13411	5.264379	-2.992661
751005	13412	4.176311	-1.0912114
751005	13413	4.047163	-1.2031763
751005	13414	4.034306	-1.0967311
751005	13415	4.08249	-1.1704443
751005	13416	4.000256	-2.6484032
751005	13417	3.640356	-2.2874694
751005	13418	3.2689652	-2.2376785
751005	13419	3.3169417	-2.2125325
751005	13420	3.2577019	-2.1594658
751005	13421	3.182201	-2.0860746
751005	13422	2.9875607	-1.9069244
751005	13423	2.9649234	-1.9615033
751005	13424	3.9471107	-2.8056452
751005	13425	3.6737933	-1.2153107
751005	13426	3.0974193	-0.7490524
751005	13427	2.9881768	-0.5131897
751005	13428	2.8956985	-0.49490574
751005	13429	2.8520846	-0.5082694
751005	13430	2.8328185	-0.48763847
751005	13431	2.6801243	-0.2892596
751005	13432	2.8470283	-0.5630181
751005	13433	1.0516198	-0.7445992
751005	13434	0.9027722	-0.70354426
751005	13435	2.8409152	-0.7784932
751005	13436	1.931003	-0.035885423
751005	13437	1.7955054	0.12237844
751005	13438	1.8971032	0.03180349
751005	13439	2.3986292	-0.33181173
751005	13440	2.5277328	-0.30764964
751005	13441	2.418198	-0.23612961
751005	13442	2.1657324	-0.044712603
751005	13443	2.6407332	-0.4722457
751005	13444	3.3606524	-0.9449633
751005	13445	2.2614207	-0.21003619
751005	13446	2.8723793	-0.6897511
751005	13447	3.7903109	-1.246257
751005	13448	4.2035847	-1.5681101
751005	13449	3.4173455	-0.85608315
751005	13450	3.287168	-0.7870569
751005	13451	1.419896	-1.2657526
751005	13452	1.4133351	-1.3541118
751005	13453	1.428395	-1.1928272
751005	13454	2.0912094	-0.021791607
751005	13455	1.9804696	0.49526843
751005	13456	2.7443933	-0.33810556
751005	13457	3.8686867	-1.2072461
751005	13458	2.181007	0.1121445
751005	13459	2.2667685	0.1280038
751005	13460	2.9644442	-0.31610435
751005	13461	1.9568168	0.38579592
751005	13462	2.2314434	0.1955432
751005	13463	2.3793774	0.12628755
751005	13464	2.4678779	0.043001443
751005	13465	3.0019565	-0.37559804
751005	13466	2.7503195	-0.16011947
751005	13467	1.7598714	0.5715728
751005	13468	1.7893773	0.5100584
751005	13469	1.9788646	0.37907115
751005	13470	1.4211451	0.95506597
751005	13471	1.9772643	0.44936314
751005	13472	1.7692043	0.760525
751005	13473	1.5760776	0.8580972
751005	13474	1.7450429	0.6059586
751005	13475	2.5093427	-0.1816786
751005	13476	1.4074134	1.1408833
751005	13477	1.7733947	0.5078052
751005	13478	1.7821442	0.6181891
751005	13479	2.8452997	-0.47266555
751005	13480	2.2124577	0.5486431
751005	13481	3.136858	-0.826725
751005	13482	2.966784	-0.21080613
751005	13483	3.098485	-0.44483176
751005	13484	3.2472863	-0.43688327
751005	13485	3.308516	-0.53373945
751005	13486	3.416492	-0.5460761
751005	13487	3.3363867	-0.6355544
751005	13488	3.026528	-0.37484938
751005	13489	2.335473	0.21710804
751005	13490	2.5627184	-0.07664135
751005	13491	2.258964	0.33243248
751005	13492	3.4469728	-0.84674907
751005	13493	3.3070874	-0.43361738
751005	13494	3.2338824	-0.48210832
751005	13495	2.9894834	-0.20236805
751005	13496	3.006578	-0.22806288
751005	13497	3.0931292	-0.2560525
751005	13498	3.0164013	-0.19024572
751005	13499	2.9221807	-0.0991084
751005	13500	3.4221296	-0.6042574
751005	13501	3.5396066	-0.4968895
751005	13502	2.844205	-0.09972352
751005	13503	3.1277828	-0.24623728
751005	13504	3.9394069	-0.93228984
751005	13505	3.9882588	-0.8493974
751005	13506	3.7233796	-0.68499905
751005	13507	3.9522176	-0.724202
751005	13508	3.9995275	-0.7735478
751005	13509	4.015548	-0.8545427
751005	13510	4.042335	-0.8331587
751005	13511	4.146585	-0.85960376
751005	13512	4.101274	-0.8664149
751005	13513	3.755817	-0.63691616
751005	13514	2.8774586	-0.027960122
751005	13515	3.2072816	-0.2726038
751005	13516	3.9473052	-0.90254176
751005	13517	4.208179	-0.95549345
751005	13518	3.4627104	-0.4491218
751005	13519	4.1485543	-1.0364195
751005	13520	4.5445385	-1.2098064
751005	13521	4.3592772	-1.0674596
751005	13522	4.223584	-1.0042617
751005	13523	4.1375885	-0.94787395
751005	13524	3.4056783	-0.40666485
751005	13525	3.672195	-0.8049946
751005	13526	3.4625697	-0.4516857
751005	13527	3.637251	-0.6791003
751005	13528	3.6146398	-0.5426223
751005	13529	3.592454	-0.5909368
751005	13530	3.6726012	-0.6173351
751005	13531	4.194545	-1.0063572
751005	13532	3.2080026	-0.23178717
751005	13533	3.7319999	-0.7320746
751005	13534	3.5879126	-0.52468824
751005	13535	3.653717	-0.56717867
751005	13536	3.6224737	-0.519739
751005	13537	3.5867758	-0.48975667
751005	13538	3.541914	-0.4530842
751005	13539	3.3528252	-0.19210368
751005	13540	4.0855603	-0.89355016
751005	13541	3.9475803	-0.7063569
751005	13542	3.3700156	-0.25956434
751005	13543	2.1739197	0.7294682
751005	13544	3.6839767	-0.67628366
751005	13545	3.7589526	-0.46817383
751005	13546	3.6492906	-0.49408495
751005	13547	4.1715117	-0.9361615
751005	13548	4.2025876	-0.7663103
751005	13549	3.8223572	-0.5826628
751005	13550	3.260429	-0.09909716
751005	13551	3.591186	-0.47041932
751005	13552	4.0012016	-0.7064596
751005	13553	4.110444	-0.86603755
751005	13554	2.368688	0.65096474
751005	13555	3.7230248	-0.68332505
751005	13556	3.6761184	-0.358038
751005	13557	3.5134244	-0.37900114
751005	13558	3.612104	-0.3566373
751005	13559	2.5681229	0.5312387
751005	13560	2.6058874	0.51061094
751005	13561	3.38946	-0.29025847
751005	13562	2.985972	0.25158158
751005	13563	2.8218431	0.32390115
751005	13564	2.788423	0.40217003
751005	13565	2.9124641	0.26528355
751005	13566	2.976418	0.22244462
751005	13567	2.9555974	0.2513241
751005	13568	3.126195	0.116123825
751005	13569	3.1525578	0.034992754
751005	13570	2.9605594	0.25188932
751005	13571	3.0939436	0.062151283
751005	13572	3.2679214	-0.03890413
751005	13573	3.049799	0.18315014
751005	13574	3.4675083	-0.22046123
751005	13575	3.611281	-0.27821648
751005	13576	3.5881166	-0.28258348
751005	13577	3.6449876	-0.3354876
751005	13578	3.6776066	-0.33439624
751005	13579	3.7335324	-0.4205325
751005	13580	4.1509476	-0.785771
751005	13581	4.1756873	-0.7185825
751005	13582	3.4827132	-0.21138678
751005	13583	3.4736528	-0.19345686
751005	13584	3.6832542	-0.3758062
751005	13585	4.174473	-0.8333417
751005	13586	4.268859	-0.7354837
751005	13587	3.9439068	-0.58036965
751005	13588	3.6186032	-0.26017526
751005	13589	3.741094	-0.50948966
751005	13590	3.7039351	-0.31343997
751005	13591	3.774252	-0.48895937
751005	13592	3.9686375	-0.64887714
751005	13593	3.2733192	0.009534627
751005	13594	3.2350187	0.005934298
751005	13595	3.3543568	-0.083376706
751005	13596	3.7778468	-0.50697976
751005	13597	4.0889354	-0.6149184
751005	13598	3.909142	-0.5584279
751005	13599	4.0166965	-0.62092173
751005	13600	4.0574803	-0.74106586
751005	13601	3.9574356	-0.71456075
751005	13602	4.5898623	-1.3292894
751005	13603	4.420608	-0.8953254
751005	13604	3.580667	-0.41677803
751005	13605	4.0835643	-0.82591325
751005	13606	4.0293727	-0.7576721
751005	13607	4.3212843	-1.0695101
751005	13608	4.6450505	-1.2797288
751005	13609	4.8557725	-1.4417843
751005	13610	4.467543	-1.1445428
751005	13611	4.373164	-1.109221
751005	13612	4.6418304	-1.3250318
751005	13613	4.554859	-1.2558475
751005	13614	4.509316	-1.260621
751005	13615	4.688561	-1.3706801
751005	13616	4.939383	-1.5500994
751005	13617	4.40849	-1.141014
751005	13618	4.321204	-1.0867987
751005	13619	4.4282937	-1.2016499
751005	13620	4.584864	-1.2851667
751005	13621	4.7373066	-1.385101
751005	13622	4.3801975	-1.1339507
751005	13623	4.8660517	-1.513334
751005	13624	5.225748	-1.705077
751005	13625	5.0636415	-1.6225407
751005	13626	5.0547814	-1.5913012
751005	13627	5.1282034	-1.5546803
751005	13628	5.102363	-1.5474831
751005	13629	5.2167835	-1.6903356
751005	13630	5.6447554	-1.9803448
751005	13631	5.3756776	-1.7415614
751005	13632	4.9121304	-1.424469
751005	13633	5.1831856	-1.7276858
751005	13634	5.361424	-1.8467494
751005	13635	5.0765514	-1.606325
751005	13636	5.0954337	-1.6217225
751005	13637	4.749435	-1.4333472
751005	13638	3.913353	-2.347566
751005	13639	3.5269127	-0.678113
751005	13640	3.5433073	-0.6172368
751005	13641	3.462174	-0.5894775
751005	13642	3.37844	-0.45902544
751005	13643	3.5494156	-0.6793872
751005	13644	3.626882	-0.72429943
751005	13645	3.5746117	-0.68615735
751005	13646	3.2048922	-0.4212577
751005	13647	2.6928906	-0.119025946
751005	13648	3.0951986	-0.32706413
751005	13649	3.2153072	-0.3475888
751005	13650	3.3709888	-0.42095277
751005	13651	3.232081	-0.36017877
751005	13652	2.684206	0.14200309
751005	13653	2.9300961	-0.08572015
751005	13654	2.9025269	-0.040966183
751005	13655	3.3278108	-0.4136888
751005	13656	3.6497312	-0.6042177
751005	13657	1.313381	1.1619503
751005	13658	2.3845496	0.2612817
751005	13659	1.559204	1.1623038
751005	13660	1.4792813	1.2912802
751005	13661	1.221724	1.5304486
751005	13662	1.7361652	0.9643048
751005	13663	1.9814571	0.7868581
751005	13664	2.3188877	0.5463773
751005	13665	2.323236	0.5112827
751005	13666	2.3764257	0.508008
751005	13667	3.5311055	-0.46170402
751005	13668	3.1789727	-0.1558908
751005	13669	2.7292433	0.18259022
751005	13670	2.232049	0.5425656
751005	13671	1.6171564	0.99935603
751005	13672	1.8487982	0.8427936
751005	13673	2.6189218	0.11908159
751005	13674	2.912271	-0.028800875
751005	13675	2.7914906	0.027499795
751005	13676	2.863082	0.029533625
751005	13677	3.0849724	-0.1260449
751005	13678	3.5276594	-0.46739239
751005	13679	2.793213	0.13005862
751005	13680	2.9162388	0.032434106
751005	13681	1.9764193	0.89627695
751005	13682	2.4507174	0.39900115
751005	13683	3.3046021	-0.34574208
751005	13684	3.7845774	-0.54627025
751005	13685	2.8993192	0.055051953
751005	13686	2.1888466	0.61417305
751005	13687	3.3889332	-0.42758906
751005	13688	3.2333574	-0.19278744
751005	13689	3.5990243	-0.46598697
751005	13690	3.4168305	-0.37870604
751005	13691	3.5234237	-0.54140496
751005	13692	4.7843904	-1.3864439
751005	13693	4.115733	-2.6760788
751005	13694	3.2202969	-0.81736904
751005	13695	2.900878	-0.5118457
751005	13696	2.730219	-0.2575583
751005	13697	2.7875881	-0.3279767
751005	13698	2.8473463	-0.3752175
751005	13699	2.754765	-0.26130724
751005	13700	2.317391	0.06096205
751005	13701	2.0519166	0.29388127
751005	13702	3.3741221	-0.7858403
751005	13703	3.2837214	-0.4967089
751005	13704	3.6266646	-1.0104613
751005	13705	3.2205482	-0.64738
751005	13706	3.2394238	-0.7349434
751005	13707	3.3802395	-0.7968706
751005	13708	3.2867575	-0.7580912
751005	13709	3.9652534	-1.2999237
751005	13710	3.9244514	-1.2761776
751005	13711	3.8283477	-1.1447806
751005	13712	3.7925525	-1.165735
751005	13713	3.716807	-1.0720441
751005	13714	3.5821853	-1.0141264
751005	13715	3.5914364	-1.0306909
751005	13716	3.6417198	-1.0592223
751005	13717	3.6155667	-1.0018302
751005	13718	3.7686815	-1.2019402
751005	13719	3.7860684	-1.146888
751005	13720	3.640719	-1.0740792
751005	13721	3.6485553	-1.0789353
751005	13722	3.6392555	-1.0650077
751005	13723	3.5466614	-1.0223957
751005	13724	3.5568953	-1.0440161
751005	13725	3.5712962	-1.021361
751005	13726	3.609868	-1.0925721
751005	13727	3.7009134	-1.1351746
751005	13728	3.7513614	-1.1499407
751005	13729	4.1183457	-1.4265656
751005	13730	4.7670608	-1.9444462
751005	13731	4.6622987	-1.7417549
751005	13732	4.7487884	-1.7614479
751005	13733	3.9522562	-1.2644522
751005	13734	3.7613192	-0.81702507
751005	13735	3.4619565	-0.96292806
751005	13736	4.1542253	-1.3003247
751005	13737	3.993638	-1.0973839
751005	13738	3.8509693	-1.1368018
751005	13739	4.4827757	-1.6043837
751005	13740	4.4262304	-1.4053154
751005	13741	3.6339393	-0.77262414
751005	13742	3.4946256	-0.5947845
751005	13743	3.7857018	-0.9757538
751005	13744	3.8867726	-0.8920766
751005	13745	3.7974033	-0.9699168
751005	13746	3.8679504	-0.94196224
751005	13747	4.041573	-1.1192328
751005	13748	3.8368201	-0.8965194
751005	13749	4.293316	-1.3712783
751005	13750	4.567146	-1.4590701
751005	13751	4.609971	-1.5138608
751005	13752	4.260578	-1.2536154
751005	13753	4.2327385	-1.1858257
751005	13754	4.152801	-1.2098949
751005	13755	4.1615477	-1.1063932
751005	13756	3.7846437	-0.89295363
751005	13757	4.3607535	-1.3341376
751005	13758	4.48123	-1.3879409
751005	13759	3.6928043	-0.7313839
751005	13760	3.8212938	-0.9294857
751005	13761	4.0595717	-1.0549569
751005	13762	3.7057962	-0.7445532
751005	13763	3.4801974	-0.5835671
751005	13764	3.8710208	-0.91304207
751005	13765	4.0907207	-1.0888585
751005	13766	3.1441393	-0.25181413
751005	13767	3.360477	-0.48157522
751005	13768	3.4900546	-0.47098568
751005	13769	3.412856	-0.4566181
751005	13770	3.4310575	-0.38645127
751005	13771	3.3631883	-0.40766707
751005	13772	3.349391	-0.4063856
751005	13773	3.3396997	-0.43558702
751005	13774	3.3765016	-0.39928758
751005	13775	3.3218808	-0.38225177
751005	13776	3.3055434	-0.3283068
751005	13777	3.3067517	-0.35804647
751005	13778	3.262549	-0.3683738
751005	13779	3.2735314	-0.34300336
751005	13780	3.2692223	-0.34574324
751005	13781	3.2008362	-0.30506745
751005	13782	3.2589989	-0.31142113
751005	13783	3.267788	-0.31206223
751005	13784	3.2342181	-0.28684568
751005	13785	3.2552195	-0.31105852
751005	13786	3.2679195	-0.30525455
751005	13787	3.243081	-0.28824604
751005	13788	3.2003574	-0.3441202
751005	13789	3.29591	-0.36601666
751005	13790	3.3790383	-0.4863525
751005	13791	3.3299046	-0.3644585
751005	13792	3.2350674	-0.34645283
751005	13793	3.185556	-0.23790275
751005	13794	3.44916	-0.48266318
751005	13795	3.3990707	-0.42913416
751005	13796	3.4461355	-0.4859158
751005	13797	3.5928564	-0.5720088
751005	13798	3.4311156	-0.44243836
751005	13799	3.4022593	-0.42821887
751005	13800	3.3636065	-0.3709211
751005	13801	3.4347267	-0.43382758
751005	13802	3.1843433	-0.20963962
751005	13803	3.4017544	-0.47104853
751005	13804	3.4159904	-0.38040513
751005	13805	3.3538818	-0.37199765
751005	13806	3.363442	-0.33972198
751005	13807	3.2611256	-0.23911059
751005	13808	3.3050623	-0.29536033
751005	13809	3.3814592	-0.35187513
751005	13810	3.3978376	-0.33359548
751005	13811	3.6783152	-0.60948336
751005	13812	3.8255768	-0.67124134
751005	13813	3.8101873	-0.56881195
751005	13814	3.9105682	-0.67262036
751005	13815	3.5687542	-0.4780506
751005	13816	4.061325	-0.91565454
751005	13817	3.7887478	-0.69760716
751005	13818	3.295044	-0.27139795
751005	13819	2.7084093	0.031376004
751005	13820	3.0037894	-0.025449455
751005	13821	3.2604256	-0.3152374
751005	13822	3.556282	-0.5850357
751005	13823	3.5013194	-0.43606126
751005	13824	3.7745705	-0.766215
751005	13825	3.7731423	-0.6557551
751005	13826	3.7506318	-0.6785741
751005	13827	3.6685953	-0.539072
751005	13828	3.6287327	-0.5450977
751005	13829	2.8709364	-1.6253444
751005	13830	2.1957278	0.17838791
751005	13831	2.23989	0.30307212
751005	13832	1.9350811	0.5963626
751005	13833	1.9860827	0.43935302
751005	13834	2.0269938	0.549911
751005	13835	2.3767729	0.20400545
751005	13836	2.4566193	0.087402076
751005	13837	2.080862	0.4727532
751005	13838	2.0905752	0.48020843
751005	13839	2.6780314	0.08431831
751005	13840	2.6818027	0.1222187
751005	13841	2.7162218	0.022789419
751005	13842	2.9342055	-0.13040775
751005	13843	2.3827987	0.12344906
751005	13844	2.219955	0.36684301
751005	13845	2.2777371	0.25433478
751005	13846	2.4595647	0.06902245
751005	13847	2.1817675	0.46767077
751005	13848	2.325595	0.27773783
751005	13849	2.3222885	0.28883514
751005	13850	2.5038009	0.12866655
751005	13851	2.1500154	0.4546363
751005	13852	1.8481034	0.7150947
751005	13853	1.4207776	1.2279593
751005	13854	2.2480268	0.4010509
751005	13855	1.9397942	0.7910681
751005	13856	1.879661	0.748669
751005	13857	2.1128936	0.6546016
751005	13858	2.6087976	0.24290177
751005	13859	1.3511281	1.197026
751005	13860	0.85576594	1.6356823
751005	13861	1.6886703	0.99973524
751005	13862	1.894775	0.80336857
751005	13863	1.9630541	0.7844082
751005	13864	1.6349996	1.0676051
751005	13865	1.7862715	0.937268
751005	13866	2.6049142	0.24541089
751005	13867	2.4507117	0.50849164
751005	13868	1.2754385	1.2983835
751005	13869	0.4032079	2.3693848
751005	13870	3.3280425	-0.61274415
751005	13871	2.8074121	0.48522207
751005	13872	0.62595916	1.9598415
751005	13873	1.5854756	1.4308758
751005	13874	2.9835596	-0.16910109
751005	13875	2.1308665	0.94396746
751005	13876	1.8819903	1.0026863
751005	13877	0.947912	1.9372284
751005	13878	0.5951718	2.4138947
751005	13879	0.5434977	2.5688293
751005	13880	0.33672094	2.6659093
751005	13881	0.24279004	2.761763
751005	13882	-0.8166127	2.7908986
751005	13883	1.099507	1.5509849
751005	13884	1.1861738	1.52406
751005	13885	2.2264738	0.486859
751005	13886	2.0319395	0.8412523
751005	13887	2.5473628	0.48766193
751005	13888	2.644135	0.33789578
751005	13889	2.7618408	0.35651633
751005	13890	2.7696385	0.3305885
751005	13891	2.607222	0.55509496
751005	13892	2.684383	0.40709314
751005	13893	2.5112567	0.5494119
751005	13894	2.6696978	0.45393762
751005	13895	3.0414028	0.12640455
751005	13896	2.4666977	0.7499156
751005	13897	2.6606688	0.3886154
751005	13898	2.5598311	0.5865058
751005	13899	1.9881204	1.0344777
751005	13900	3.0709925	0.04314527
751005	13901	1.569652	-0.41330183
751005	13902	1.1728736	-0.38795388
751005	13903	2.648841	0.01592353
751005	13904	2.7589965	-0.1470747
751005	13905	2.8243704	-0.1091066
751005	13906	2.5012503	0.19665012
751005	13907	0.06599003	1.9017735
751005	13908	0.69374645	2.0256312
751005	13909	0.5806538	2.0920334
751005	13910	1.6093718	-0.63214207
751005	13911	1.0163016	-0.3655358
751005	13912	1.0678575	-0.37533692
751005	13913	1.116982	-0.4387388
751005	13914	0.8743272	1.7167585
751005	13915	0.6548661	2.0687525
751005	13916	0.34921044	2.3831818
751005	13917	0.88971305	1.7932248
751005	13918	0.7746688	2.061194
751005	13919	1.4172919	-1.1476878
751005	13920	1.2929143	-0.534846
751005	13921	1.2213298	-0.42397803
751005	13922	0.74454176	1.8053615
751005	13923	0.7093296	1.993547
751005	13924	1.2114434	1.5963452
751005	13925	0.88839865	1.7310579
751005	13926	1.0230043	1.6572711
751005	13927	0.82913995	1.8312466
751005	13928	1.061925	1.6305337
751005	13929	1.1080381	1.6058476
751005	13930	1.180357	1.5596349
751005	13931	1.4239961	1.3048885
751005	13932	1.4720769	1.3099912
751005	13933	1.4353378	1.2814448
751005	13934	1.4283615	1.3040407
751005	13935	1.4242865	1.340396
751005	13936	1.3586262	1.376124
751005	13937	1.5049039	1.2609925
751005	13938	1.1962723	1.57587
751005	13939	1.6138428	1.2059534
751005	13940	1.3298494	1.4846371
751005	13941	1.9466506	0.86981356
751005	13942	1.726273	1.1411769
751005	13943	0.5912466	2.0581882
751005	13944	1.1928672	1.5880127
751005	13945	1.4352486	1.3629736
751005	13946	1.4787104	1.3298035
751005	13947	1.5777434	1.2442923
751005	13948	1.9536089	0.87358403
751005	13949	2.796887	0.12526312
751005	13950	1.6960365	1.1643362
751005	13951	1.0289903	1.6669807
751005	13952	1.6124429	1.2061003
751005	13953	2.2337413	0.55591726
751005	13954	1.8398672	0.9813384
751005	13955	1.9301158	0.89197636
751005	13956	0.608953	2.3770356
751005	13957	0.85762966	2.3475986
751005	13958	1.0880668	1.9350944
751005	13959	0.9222344	2.1051254
751005	13960	2.5064325	0.3600956
751005	13961	1.8299066	1.3386425
751005	13962	1.2876463	1.8294141
751005	13963	0.65574086	2.5865996
751005	13964	-0.369852	1.804636
751005	13965	-0.7998572	2.2563744
751005	13966	0.601455	2.4680922
751005	13967	0.4265765	2.5615718
751005	13968	2.1181273	0.47327676
751005	13969	1.9998301	0.79776466
751005	13970	2.0020957	0.76057565
751005	13971	2.5521808	0.43354842
751005	13972	2.7601347	0.28322104
751005	13973	2.8957062	0.21921971
751005	13974	2.8464203	0.28763792
751005	13975	0.8849691	0.045631856
751005	13976	1.2869023	1.6919191
751005	13977	0.4953525	2.3744614
751005	13978	0.22210044	2.80925
751005	13979	0.7483953	2.2966661
751005	13980	0.53825617	2.6225076
751005	13981	1.738912	1.260881
751005	13982	1.0013905	1.8944325
751005	13983	0.51353836	2.5598254
751005	13984	1.2140222	1.8906364
751005	13985	1.2419068	1.8119161
751005	13986	1.1781129	1.9957542
751005	13987	1.3088638	1.8669493
751005	13988	1.3031396	1.8449206
751005	13989	1.3042178	1.8691328
751005	13990	1.2890216	1.8783369
751005	13991	0.7149658	2.6063612
751005	13992	0.5593569	2.7943258
751005	13993	1.2344846	1.9894767
751005	13994	1.2216442	1.9951599
751005	13995	1.3292532	1.8959565
751005	13996	1.196203	1.9836915
751005	13997	1.4759504	1.6867361
751005	13998	1.812219	1.4084914
751005	13999	1.7095186	1.4290184
751005	14000	0.5298543	2.4810894
751005	14001	1.1616027	2.0329723
751005	14002	1.2864027	1.8159118
751005	14003	1.1361098	2.0115168
751005	14004	1.0769387	2.0683143
751005	14005	1.1766421	1.9584413
751005	14006	1.1771282	1.9886467
751005	14007	1.1245039	2.0560071
751005	14008	1.484574	1.4715239
751005	14009	0.3072788	3.1708694
751005	14010	0.41851753	3.1366742
751005	14011	0.29583377	3.1294186
751005	14012	0.46216214	0.81623685
751005	14013	-0.32853037	1.725591
751005	14014	-0.4647538	2.1720555
751005	14015	0.9532218	1.9261672
751005	14016	0.7115766	1.95053
751005	14017	0.8758515	2.0358756
751005	14018	2.1671658	0.5447148
751005	14019	1.2146568	1.4448456
751005	14020	0.7801585	2.1294768
751005	14021	1.6006078	1.1989417
751005	14022	1.2357348	1.6742628
751005	14023	1.569095	1.0940628
751005	14024	1.0614052	1.7820761
751005	14025	1.0263851	1.8609605
751005	14026	1.2815585	1.8638177
751005	14027	1.5540451	1.11577
751005	14028	0.19705445	2.7111616
751005	14029	0.2593817	2.9825177
751005	14030	0.66720045	2.1903632
751005	14031	0.8384782	2.020856
751005	14032	0.21833497	2.7004857
751005	14033	0.57997286	2.3460474
751005	14034	1.004822	1.6706784
751005	14035	1.2637508	1.5944886
751005	14036	0.8116096	2.12371
751005	14037	1.6868905	1.2581275
751005	14038	1.9112014	1.04565
751005	14039	1.2674809	1.6229672
751005	14040	1.1593006	1.6863844
751005	14041	1.2800205	1.525498
751005	14042	1.4227295	1.4821377
751005	14043	1.4256108	1.4851629
751005	14044	1.365244	1.559792
751005	14045	1.4256598	1.4877365
751005	14046	1.682638	1.239077
751005	14047	1.6709284	1.2981691
751005	14048	1.32531	1.5765514
751005	14049	1.8250617	0.80455697
751005	14050	2.0012827	0.8733851
751005	14051	1.3738387	1.461414
751005	14052	1.6639909	1.0040072
751005	14053	1.6988572	1.127414
751005	14054	1.1778007	1.6461005
751005	14055	1.0050328	1.8198729
751005	14056	1.1687442	1.6159408
751005	14057	1.1300031	1.7929814
751005	14058	1.4392881	1.1213217
751005	14059	1.7454094	0.9005753
751005	14060	1.8798467	0.8537239
751005	14061	1.8083197	0.9296372
751005	14062	0.96054983	1.8100252
751005	14063	1.0156965	1.7403624
751005	14064	0.8952004	1.9162927
751005	14065	0.9829515	1.7769268
751005	14066	0.9190104	1.8991637
751005	14067	1.0122721	1.7555945
751005	14068	0.46304238	2.3982184
751005	14069	1.2884352	1.5204173
751005	14070	2.0645256	0.77494776
751005	14071	1.9498252	1.0656357
751005	14072	0.87324107	1.9545474
751005	14073	1.4394053	1.3029499
751005	14074	1.7753977	0.9328265
751005	14075	2.0068002	0.80200875
751005	14076	2.4244914	0.43320248
751005	14077	2.194913	0.7034842
751005	14078	1.8301169	0.8738711
751005	14079	1.5308553	1.1533595
751005	14080	1.0516148	1.619067
751005	14081	0.27917868	-0.1606749
751005	14082	0.2619877	0.14817098
751005	14083	0.31830126	-0.013985038
751005	14084	2.0616226	0.115700096
751005	14085	1.8573743	0.267913
751005	14086	0.03987038	0.32983676
751005	14087	0.18933439	0.3292248
751005	14088	2.3555055	-0.21345684
751005	14089	1.9459101	0.2096475
751005	14090	1.8312632	0.4280598
751005	14091	2.9573436	-0.63128245
751005	14092	3.4449277	-0.7053171
751005	14093	3.387251	-0.6663297
751005	14094	3.2393203	-0.50322926
751005	14095	3.157918	-0.5098324
751005	14096	2.915103	-0.2174926
751005	14097	2.607973	-0.0736886
751005	14098	2.7326832	-0.08483362
751005	14099	2.7186804	0.030465186
751005	14100	2.5908728	-0.072767794
751005	14101	2.6600075	0.019359201
751005	14102	2.8344378	-0.1131179
751005	14103	3.6329212	-0.6298516
751005	14104	4.019774	-0.8857378
751005	14105	4.4959645	-1.1997088
751005	14106	3.351245	-0.39122128
751005	14107	2.8607802	-0.13986358
751005	14108	2.6801176	-0.018524528
751005	14109	4.383841	-1.4306467
751005	14110	3.9632592	-0.7258235
751005	14111	3.097959	-0.36171097
751005	14112	3.4213977	-0.5297635
751005	14113	3.8223438	-0.8784875
751005	14114	3.7436872	-0.6284802
751005	14115	3.1220155	-0.3235111
751005	14116	3.3701773	-0.4584963
751005	14117	3.4646554	-0.5528337
751005	14118	3.9438748	-0.9875394
751005	14119	4.0882697	-0.94258845
751005	14120	3.8114586	-0.8456917
751005	14121	3.1707392	-0.3528814
751005	14122	3.784192	-0.946275
751005	14123	4.159937	-1.049624
751005	14124	3.2645025	-0.33717087
751005	14125	4.104896	-1.1644171
751005	14126	3.7087607	-0.62728304
751005	14127	4.2236423	-1.1885765
751005	14128	3.7992635	-0.6970682
751005	14129	3.3230772	-0.4565379
751005	14130	3.569611	-0.6438239
751005	14131	3.8174062	-0.870101
751005	14132	4.1806736	-1.0385981
751005	14133	4.1237354	-1.0914122
751005	14134	3.7761302	-0.71209383
751005	14135	3.1336484	-0.33012456
751005	14136	2.8167577	0.050933987
751005	14137	3.0564666	-0.28573865
751005	14138	3.433072	-0.54962087
751005	14139	4.02273	-1.0585408
751005	14140	4.1352196	-1.002185
751005	14141	4.3384905	-1.1593515
751005	14142	3.6633253	-0.65359324
751005	14143	3.8338652	-0.79232544
751005	14144	3.1232548	-0.1964162
751005	14145	3.8635163	-0.93984723
751005	14146	4.0904036	-0.9000745
751005	14147	3.5721412	-0.60446227
751005	14148	3.7343764	-0.672333
751005	14149	3.2745557	-0.3155859
751005	14150	3.2368112	-0.40734345
751005	14151	3.2695765	-0.39831617
751005	14152	3.1921706	-0.15303901
751005	14153	3.7260141	-0.7437368
751005	14154	3.644565	-0.51557565
751005	14155	3.6197724	-0.55069095
751005	14156	3.631609	-0.5799904
751005	14157	3.64922	-0.52420014
751005	14158	3.7280998	-0.6779649
751005	14159	4.009292	-0.82554036
751005	14160	4.130134	-0.921467
751005	14161	3.2289333	-0.17549032
751005	14162	3.042522	-0.046532124
751005	14163	3.2294765	-0.20882002
751005	14164	3.823463	-0.7649802
751005	14165	4.0175886	-0.7460774
751005	14166	3.4042916	-0.31254554
751005	14167	3.6284142	-0.43792012
751005	14168	3.9507394	-0.7584721
751005	14169	4.202452	-0.92481637
751005	14170	3.7013464	-0.5035613
751005	14171	3.6551833	-0.47687268
751005	14172	3.5979347	-0.442668
751005	14173	3.5283742	-0.3409968
751005	14174	3.1130066	-0.021375895
751005	14175	3.5315213	-0.3586559
751005	14176	3.9630432	-0.6732224
751005	14177	3.6445994	-0.46315292
751005	14178	3.364756	-0.26213616
751005	14179	3.8262725	-0.6028292
751005	14180	4.0736084	-0.8218256
751005	14181	2.9743009	0.1291832
751005	14182	3.6361904	-0.56849676
751005	14183	3.654961	-0.4614827
751005	14184	3.6748343	-0.42369008
751005	14185	3.6918597	-0.5156552
751005	14186	3.7344766	-0.44340256
751005	14187	2.895103	0.17550859
751005	14188	3.5875683	-0.4852512
751005	14189	3.639823	-0.4408405
751005	14190	3.6749597	-0.39369398
751005	14191	3.957932	-0.7295662
751005	14192	3.6642895	-0.30421767
751005	14193	3.4919744	-0.34678528
751005	14194	3.8122258	-0.55062544
751005	14195	3.8905377	-0.5531711
751005	14196	4.2447815	-0.95016134
751005	14197	4.1740837	-0.77301586
751005	14198	3.875574	-0.560937
751005	14199	3.5872078	-0.35539174
751005	14200	3.4924693	-0.32728046
751005	14201	3.501348	-0.30726555
751005	14202	4.0895066	-0.8345783
751005	14203	4.1853147	-0.81168807
751005	14204	4.0640316	-0.77821547
751005	14205	4.0744963	-0.6810756
751005	14206	3.8578663	-0.5661998
751005	14207	3.9348192	-0.6375682
751005	14208	3.8148818	-0.53508866
751005	14209	3.882266	-0.6205907
751005	14210	3.8814225	-0.6330534
751005	14211	4.002204	-0.74220663
751005	14212	3.9476027	-0.6825955
751005	14213	4.187123	-0.8796207
751005	14214	4.147175	-0.8107746
751005	14215	4.1114287	-0.7805149
751005	14216	4.0949883	-0.7400125
751005	14217	3.9899015	-0.66091704
751005	14218	3.8504272	-0.5691619
751005	14219	4.011857	-0.773365
751005	14220	4.360399	-1.0896285
751005	14221	4.467743	-0.959157
751005	14222	4.4474225	-1.0495365
751005	14223	4.695382	-1.1216908
751005	14224	4.84851	-1.2697175
751005	14225	4.3155212	-0.8668726
751005	14226	2.812326	-1.526326
751005	14227	2.446754	0.34034702
751005	14228	2.152728	0.5017034
751005	14229	2.1760144	0.6118865
751005	14230	2.2333918	0.5323198
751005	14231	2.5458417	0.1257306
751005	14232	2.1967974	0.4515588
751005	14233	2.1674676	0.47803995
751005	14234	1.7285873	1.0274228
751005	14235	2.2211537	0.21833989
751005	14236	2.534656	0.12034783
751005	14237	2.2403855	0.43057206
751005	14238	1.8313748	0.8179537
751005	14239	2.6278281	0.060991317
751005	14240	3.1337814	-0.27751112
751005	14241	2.4981709	0.30640623
751005	14242	3.6547904	-0.7836293
751005	14243	2.9225545	0.043219894
751005	14244	2.9035554	-0.101882935
751005	14245	2.9340248	0.10232124
751005	14246	1.1345539	1.5023749
751005	14247	-0.37316498	1.0963885
751005	14248	0.14380091	0.8542677
751005	14249	1.3594772	1.029564
751005	14250	1.6755923	0.73048353
751005	14251	1.6445183	0.881045
751005	14252	1.477509	1.0743092
751005	14253	1.5047723	1.0156431
751005	14254	1.9065002	0.5956634
751005	14255	0.36247468	2.1373413
751005	14256	0.62785137	2.3082209
751005	14257	1.4282231	1.3826427
751005	14258	1.6392516	1.0885934
751005	14259	1.7653104	0.8850242
751005	14260	1.8945116	0.9637778
751005	14261	2.1151905	0.70987594
751005	14262	1.8796021	1.0495864
751005	14263	1.8092529	1.1103139
751005	14264	1.8942136	1.0570681
751005	14265	1.784804	1.1518415
751005	14266	1.6727427	1.266563
751005	14267	1.9918197	0.99928474
751005	14268	1.989317	1.0004665
751005	14269	1.9354783	1.0501516
751005	14270	0.8241414	2.0899992
751005	14271	2.5449514	0.29841056
751005	14272	2.1457725	0.9400804
751005	14273	1.733528	1.2497574
751005	14274	1.7308267	1.2512921
751005	14275	1.7495576	1.2596042
751005	14276	-0.35189795	3.4369123
751005	14277	-0.6425364	4.1118455
751005	14278	-0.5361252	4.023554
751005	14279	-0.5070035	3.847544
751005	14280	0.05686122	2.8390021
751005	14281	0.076399624	2.7857869
751005	14282	-0.15219694	3.250846
751005	14283	-0.26559937	3.5558455
751005	14284	-0.5405147	4.435963
751005	14285	-1.0911493	3.9725459
751005	14286	-1.2985318	4.0215535
751005	14287	-1.6571527	4.95001
751005	14288	-0.48818785	4.1497445
751005	14289	-0.07023722	3.4496071
751005	14290	-0.60871196	4.2906218
751005	14291	-0.3529878	3.8614385
751005	14292	-0.20288497	3.56156
751005	14293	-0.22654629	3.614134
751005	14294	-0.2888544	3.6217902
751005	14295	-0.3112736	3.6672184
751005	14296	-0.7010396	4.588203
751005	14297	-0.6188238	4.2936373
751005	14298	-0.80639285	4.7491007
751005	14299	-0.9104637	4.764682
751005	14300	-0.73302656	4.55368
751005	14301	-0.527438	4.0640316
751005	14302	-1.1343651	4.875582
751005	14303	-1.3259351	4.1459646
751005	14304	-1.6077007	4.0608664
751005	14305	-1.8836075	5.011369
751005	14306	-1.6563883	4.5176167
751005	14307	-1.5433415	4.1021957
751005	14308	-1.6378006	4.293803
751005	14309	-1.6586106	4.3955636
751005	14310	-1.6172839	4.202534
751005	14311	-0.13149905	2.8628175
751005	14312	-0.05510652	2.8180814
751005	14313	0.16883779	2.53878
751005	14314	0.15178835	2.631002
751005	14315	0.14990884	2.6546016
751005	14316	0.68305683	1.9526093
751005	14317	-0.0148587525	2.8118668
751005	14318	-0.055832267	2.9998603
751005	14319	0.06493944	2.897499
751005	14320	0.0990414	2.7811449
751005	14321	0.7121413	1.9407673
751005	14322	0.6864308	2.098592
751005	14323	0.450984	2.3903875
751005	14324	0.71753764	1.8387072
751005	14325	0.6379355	2.063498
751005	14326	0.5766096	2.0323074
751005	14327	0.96269083	1.6479056
751005	14328	0.8263662	1.80984
751005	14329	0.40809363	2.6128316
751005	14330	-0.037901312	3.2150664
751005	14331	-0.1814979	3.552354
751005	14332	-0.16200483	3.8682678
751005	14333	-0.32083708	3.8049057
751005	14334	-0.3563872	3.9866111
751005	14335	-0.29949617	3.890333
751005	14336	-0.31364542	1.5529685
751005	14337	-0.21911132	1.1050295
751005	14338	-0.45030373	1.5192977
751005	14339	-0.38707712	1.392333
751005	14340	-0.23075172	1.1206775
751005	14341	-0.09830415	0.8170228
751005	14342	-0.023641646	0.7027317
751005	14343	-0.19374034	0.88846004
751005	14344	-0.07488567	0.7311593
751005	14345	-0.1904903	0.8390205
751005	14346	-0.12535217	0.7639445
751005	14347	-0.0069496036	0.5396869
751005	14348	0.071130216	0.44866195
751005	14349	1.7714688	0.4128752
751005	14350	1.8046178	0.31663063
751005	14351	2.0724602	0.24724105
751005	14352	2.245634	0.16646531
751005	14353	2.4367623	0.16818616
751005	14354	2.4517975	0.26534256
751005	14355	2.458911	0.24624714
751005	14356	2.548345	0.17458925
751005	14357	2.8026667	-0.098799735
751005	14358	2.9912028	-0.25837928
751005	14359	2.9285707	-0.14813438
751005	14360	1.3919625	-1.0821698
751005	14361	1.302952	-0.5913886
751005	14362	1.1667029	1.3348774
751005	14363	1.4189224	-1.0052253
751005	14364	1.4470774	-0.94835496
751005	14365	1.5811375	-0.924889
751005	14366	1.5162293	-0.9068891
751005	14367	1.3952589	-0.7952944
751005	14368	0.8309821	1.7521315
751005	14369	0.8026433	1.9531343
751005	14370	0.8715091	1.8111227
751005	14371	1.0447853	1.6874182
751005	14372	1.9524099	-1.0752254
751005	14373	3.6412106	-0.7471558
751005	14374	3.2446384	-0.62827396
751005	14375	3.107634	-0.37552005
751005	14376	3.0569582	-0.37441766
751005	14377	0.7200353	1.4103336
751005	14378	0.7303865	1.9541011
751005	14379	0.87332	1.8262033
751005	14380	0.9442502	1.736135
751005	14381	0.7917429	1.915709
751005	14382	1.818642	-0.95151037
751005	14383	2.0163827	-1.1495752
751005	14384	0.9376159	1.4582009
751005	14385	1.9048742	-1.3154913
751005	14386	1.8288811	-1.2048984
751005	14387	1.7767631	-1.0666347
751005	14388	1.7141756	-1.0224056
751005	14389	0.7150514	1.6932294
751005	14390	0.35717672	2.4405024
751005	14391	0.7116294	2.0901315
751005	14392	0.6683327	2.1551545
751005	14393	0.5993668	2.0440435
751005	14394	0.81374013	1.8913863
751005	14395	0.9266859	1.6966307
751005	14396	1.0273869	1.6204576
751005	14397	0.7943374	2.0454667
751005	14398	0.98575044	1.4948716
751005	14399	1.1480008	1.4651645
751005	14400	1.3521347	1.4461229
751005	14401	1.3001752	1.4300224
751005	14402	1.2046113	1.443792
751005	14403	1.0165129	1.6186187
751005	14404	1.7922472	0.82884026
751005	14405	1.0776682	1.7646191
751005	14406	-0.010819793	3.0157557
751005	14407	0.029079974	3.153268
751005	14408	-0.20012325	3.4239717
751005	14409	0.30164385	2.4771638
751005	14410	0.728533	1.9356458
751005	14411	0.4501943	2.5923429
751005	14412	0.13982779	2.6349092
751005	14413	0.2886964	2.5670168
751005	14414	0.25487542	2.6180546
751005	14415	0.22615856	2.8401818
751005	14416	0.38543385	2.4269257
751005	14417	0.5160593	2.2865539
751005	14418	0.3531434	2.5224347
751005	14419	0.22118813	2.6714277
751005	14420	0.21710646	3.03659
751005	14421	0.44313997	2.5068173
751005	14422	0.38553876	0.8682233
751005	14423	0.08949238	0.8320415
751005	14424	-0.13967279	1.3208399
751005	14425	-0.15921253	3.545737
751005	14426	-0.17694515	3.4392204
751005	14427	0.5134797	-0.08474645
751005	14428	0.55619276	-0.021973878
751005	14429	1.1852509	-0.5330875
751005	14430	1.7097963	-0.9146714
751005	14431	3.042131	-0.74287665
751005	14432	2.9802718	-0.66375476
751005	14433	2.8101058	-0.44326678
751005	14434	2.720468	-0.3847026
751005	14435	2.7482667	-0.35614228
751005	14436	2.7386756	-0.33027136
751005	14437	1.1851561	-0.6976423
751005	14438	0.60325027	-0.02496928
751005	14439	2.5912175	-0.12999913
751005	14440	2.9103594	-0.578986
751005	14441	0.7306212	-0.24618676
751005	14442	0.4665742	0.12346825
751005	14443	2.6067123	-0.27157837
751005	14444	3.0296583	-0.6856531
751005	14445	3.2335682	-0.48081464
751005	14446	0.58393097	-0.10764742
751005	14447	1.1157641	-0.43301672
751005	14448	3.1474085	-0.22779714
751005	14449	3.024548	-0.47427228
751005	14450	2.6796107	0.013548911
751005	14451	2.5339937	-0.052239686
751005	14452	2.7131605	-0.2582335
751005	14453	2.889915	-0.30221337
751005	14454	0.46761817	-0.14431304
751005	14455	0.5792109	0.13454571
751005	14456	2.6939578	-0.17893463
751005	14457	2.8013458	-0.48177448
751005	14458	2.5603309	-0.052048445
751005	14459	2.5438452	-0.15985003
751005	14460	2.745813	-0.25909585
751005	14461	2.5285463	-0.070732236
751005	14462	2.5229435	-0.058118254
751005	14463	2.661561	-0.18060869
751005	14464	2.7137456	-0.18344262
751005	14465	2.6940846	-0.16792881
751005	14466	2.778069	-0.23544987
751005	14467	2.5386143	0.007307112
751005	14468	2.7526145	-0.18016931
751005	14469	2.397955	0.18336722
751005	14470	2.5773644	-0.021651179
751005	14471	2.757782	-0.12981898
751005	14472	2.4395995	0.14068237
751005	14473	2.3253093	0.24394974
751005	14474	2.40276	0.18943682
751005	14475	2.4160876	0.20043245
751005	14476	2.459662	0.17168435
751005	14477	2.5584307	0.15494254
751005	14478	2.2822223	0.43730626
751005	14479	0.49589932	0.039614975
751005	14480	2.281622	0.3724921
751005	14481	2.322094	0.13397315
751005	14482	2.1253095	0.27405205
751005	14483	1.8903333	0.41175327
751005	14484	1.7601255	0.5660255
751005	14485	1.4262612	0.8357873
751005	14486	1.8691369	0.49882767
751005	14487	1.4608128	0.97152114
751005	14488	1.3075533	1.2019284
751005	14489	1.401161	1.0277042
751005	14490	1.2709799	1.0987644
751005	14491	1.2047057	1.2553191
751005	14492	0.953226	1.4476889
751005	14493	1.0673804	1.3943013
751005	14494	0.92194045	1.4607427
751005	14495	0.9164773	1.5362097
751005	14496	0.9705725	1.5907352
751005	14497	0.9350945	1.5204581
751005	14498	0.9435556	1.638473
751005	14499	0.90812933	1.5647342
751005	14500	0.79370105	1.9234397
751005	14501	0.9285079	1.6698575
751005	14502	0.6638018	2.0981946
751005	14503	0.8474884	1.7967422
751005	14504	1.4991711	1.1946944
751005	14505	1.8059274	0.84500194
751005	14506	1.3583446	1.4705377
751005	14507	1.711167	1.0643147
751005	14508	1.8075751	1.0362543
751005	14509	1.8956538	0.9405322
751005	14510	2.0084424	0.7940469
751005	14511	1.9803983	0.83335936
751005	14512	2.073625	0.72546613
751005	14513	2.136766	0.69604874
751005	14514	2.071854	0.7459229
751005	14515	2.1309757	0.6683459
751005	14516	2.2191563	0.616451
751005	14517	2.1260939	0.695794
751005	14518	2.430882	0.41198823
751005	14519	2.357914	0.59079885
751005	14520	1.5523862	1.0588655
751005	14521	2.1124158	0.56122565
751005	14522	2.1631565	0.65338683
751005	14523	1.7912556	0.97413266
751005	14524	2.696155	0.15156898
751005	14525	1.9484674	1.0812185
751005	14526	1.7716299	0.9128841
751005	14527	2.3457623	0.5375153
751005	14528	1.5473298	1.3755554
751005	14529	1.566764	1.0737158
751005	14530	1.8274013	0.9340037
751005	14531	1.9404353	0.8888439
751005	14532	2.0436063	0.793466
751005	14533	2.07826	0.7689229
751005	14534	2.071917	0.78075624
751005	14535	2.0617623	0.79272664
751005	14536	2.1575346	0.78443396
751005	14537	2.1219053	0.73567045
751005	14538	2.0682654	0.8065275
751005	14539	2.0258884	0.77913
751005	14540	2.1502795	0.6473452
751005	14541	2.10354	0.7596853
751005	14542	2.0660453	0.7768744
751005	14543	2.090569	0.73762035
751005	14544	2.1067924	0.7380581
751005	14545	2.0838423	0.76717126
751005	14546	2.0017219	0.810475
751005	14547	2.2610025	0.49020794
751005	14548	2.759871	0.1583179
751005	14549	2.1309967	0.83841515
751005	14550	2.1691523	0.5878805
751005	14551	2.1246028	0.6979104
751005	14552	2.5520515	0.3317496
751005	14553	2.6658754	0.30907682
751005	14554	2.508357	0.39891914
751005	14555	2.6140094	0.33825275
751005	14556	0.81480694	1.8977258
751005	14557	1.0415995	1.7625945
751005	14558	1.056801	1.8622448
751005	14559	0.82618105	2.0786636
751005	14560	0.48776013	2.5171893
751005	14561	2.2896104	0.28912172
751005	14562	1.3377473	1.785321
751005	14563	1.5367259	1.2789701
751005	14564	0.65687644	2.2300348
751005	14565	1.6256388	1.1901037
751005	14566	0.7308674	2.114597
751005	14567	1.518505	1.2170432
751005	14568	0.7517097	2.106053
751005	14569	1.6836547	1.0809122
751005	14570	0.82643735	2.0392845
751005	14571	1.5932785	1.1204106
751005	14572	0.8437624	2.027661
751005	14573	1.744089	1.0162228
751005	14574	0.89973104	1.9880579
751005	14575	1.7843026	0.98734164
751005	14576	0.94452703	1.9970949
751005	14577	1.836564	0.95417666
751005	14578	1.0043103	1.9568615
751005	14579	1.8564748	0.954293
751005	14580	1.0360693	1.9449775
751005	14581	1.8948218	0.91445565
751005	14582	1.3749807	1.6292472
751005	14583	1.0243719	1.8832786
751005	14584	1.9152862	0.9205489
751005	14585	1.0172267	1.936296
751005	14586	1.3565463	1.5353104
751005	14587	1.7939552	1.0506094
751005	14588	1.4935354	1.4748206
751005	14589	1.1525217	1.7400646
751005	14590	0.6975	2.4531183
751005	14591	1.9050301	0.6958283
751005	14592	0.9248104	1.989744
751005	14593	0.036271572	3.3299992
751005	14594	0.42280138	2.6594222
751005	14595	1.5610992	1.1306376
751005	14596	1.7383362	1.2383506
751005	14597	0.96516824	2.0018234
751005	14598	0.15068692	3.167766
751005	14599	-0.12479365	3.401685
751005	14600	-0.84612036	2.9580965
751005	14601	0.49882948	2.0686538
751005	14602	0.5468432	1.9202132
751005	14603	0.6798327	1.7781806
751005	14604	0.6779201	1.8310118
751005	14605	0.7377031	1.756161
751005	14606	0.79116046	1.6278739
751005	14607	0.7134459	1.7235785
751005	14608	0.5504277	1.9401999
751005	14609	0.7116264	1.7015233
751005	14610	0.68253994	1.7053487
751005	14611	1.2766533	1.012232
751005	14612	1.2859409	1.0521493
751005	14613	1.2950848	1.1039333
751005	14614	1.1661237	1.2627882
751005	14615	1.2631634	1.1426747
751005	14616	0.8695005	1.6182084
751005	14617	0.8197216	1.7552617
751005	14618	0.18209332	2.580301
751005	14619	0.3946817	2.3747008
751005	14620	0.20252234	2.5627666
751005	14621	0.30104494	2.3276749
751005	14622	0.5240867	2.13309
751005	14623	0.38323814	2.3131568
751005	14624	-0.21423036	3.199477
751005	14625	-0.59693193	3.8603213
751005	14626	-0.51604474	1.1699727
751005	14627	1.3380356	0.49351338
751005	14628	1.171554	0.6581571
751005	14629	1.4781502	0.63329375
751005	14630	1.6268083	0.46461555
751005	14631	1.7384785	0.48331627
751005	14632	1.9476393	0.35507563
751005	14633	1.9725634	0.4337333
751005	14634	1.2857116	1.1034346
751005	14635	1.4726619	0.8613534
751005	14636	1.9396056	0.4543148
751005	14637	1.227843	1.3555145
751005	14638	1.1347368	1.3236423
751005	14639	1.0869341	1.3793197
751005	14640	0.98741317	1.5540221
751005	14641	0.7604116	1.8211374
751005	14642	0.7397152	1.8486736
751005	14643	0.88468385	1.6468377
751005	14644	0.284046	2.4753535
751005	14645	1.0054169	1.6165557
751005	14646	1.359389	1.2356552
751005	14647	0.8317963	1.7710862
751005	14648	1.1908369	1.552125
751005	14649	0.80512476	1.7685905
751005	14650	1.0878528	1.5046433
751005	14651	1.8315083	0.577623
751005	14652	2.0210557	0.61783254
751005	14653	2.1688728	0.53327715
751005	14654	1.9816197	0.64732647
751005	14655	0.815241	1.8026111
751005	14656	1.7255231	0.56657445
751005	14657	2.4075532	0.3732985
751005	14658	1.3408568	1.2191625
751005	14659	1.6724647	0.7239926
751005	14660	1.8141567	0.6629405
751005	14661	2.5620337	0.31901368
751005	14662	2.1983752	0.6319928
751005	14663	2.2642984	0.31704125
751005	14664	1.4262658	1.0947425
751005	14665	1.7711934	0.59808075
751005	14666	2.104333	0.58177793
751005	14667	1.7951959	0.9307436
751005	14668	1.1742404	1.3662533
751005	14669	1.9430519	0.51250577
751005	14670	2.729249	-0.21740112
751005	14671	1.8199991	0.6755407
751005	14672	2.5717626	0.15348682
751005	14673	0.469316	1.9481189
751005	14674	2.3770108	-0.08698583
751005	14675	2.9945455	-0.08746219
751005	14676	2.5540757	0.090700954
751005	14677	2.9237885	-0.006248027
751005	14678	0.5282484	1.8106608
751005	14679	1.1998951	1.161266
751005	14680	2.099862	0.11243793
751005	14681	2.2547264	0.2548056
751005	14682	1.5930358	0.8888478
751005	14683	2.786961	-0.1689544
751005	14684	2.245184	0.3004752
751005	14685	2.702742	0.1157749
751005	14686	0.6293365	1.8368249
751005	14687	0.9525244	1.6304953
751005	14688	2.133834	0.15511736
751005	14689	3.1782022	-0.18866184
751005	14690	2.8269339	-0.04173562
751005	14691	3.6400747	-0.65784955
751005	14692	3.5062509	-0.47121748
751005	14693	3.3583975	-0.44398287
751005	14694	3.792366	-0.868241
751005	14695	3.488873	-0.47522554
751005	14696	2.5699234	-0.06128496
751005	14697	2.9202352	-0.33420703
751005	14698	1.4037193	0.99749124
751005	14699	1.9485925	0.47826317
751005	14700	2.5439448	-0.14306259
751005	14701	2.690031	-0.03226325
751005	14702	1.8989173	0.5280231
751005	14703	2.0037398	0.46826681
751005	14704	0.764832	1.5310267
751005	14705	1.5724989	0.8204013
751005	14706	1.8512543	0.5902815
751005	14707	2.339069	0.38526592
751005	14708	1.1880988	1.2437181
751005	14709	0.9533138	1.6098723
751005	14710	0.95281136	1.6241765
751005	14711	1.0465873	1.5262833
751005	14712	1.125857	1.4089669
751005	14713	1.1168221	1.433232
751005	14714	0.9802449	1.6054332
751005	14715	1.000605	1.6147358
751005	14716	1.1084889	1.4868201
751005	14717	0.94619274	1.7046247
751005	14718	1.0245658	1.5637608
751005	14719	1.1843076	1.4200612
751005	14720	1.199367	1.4306169
751005	14721	1.2507007	1.3822314
751005	14722	1.2531052	1.4151183
751005	14723	1.2063773	1.4791808
751005	14724	1.2945398	1.4154912
751005	14725	1.3310394	1.3717312
751005	14726	1.3395647	1.3756152
751005	14727	1.1728022	1.4866017
751005	14728	2.812633	-0.15442395
751005	14729	1.1421511	1.5932441
751005	14730	1.8207737	0.87639415
751005	14731	2.186089	0.7006341
751005	14732	0.5742414	2.193546
751005	14733	1.5934416	1.1211404
751005	14734	1.762642	0.9156393
751005	14735	1.6460775	1.1253138
751005	14736	1.650119	1.0747052
751005	14737	1.6246258	1.1003442
751005	14738	1.4766225	1.284688
751005	14739	1.4909273	1.2461506
751005	14740	1.5060672	1.2218314
751005	14741	1.3212903	1.4513795
751005	14742	1.3420475	1.3632566
751005	14743	1.4750733	1.2288107
751005	14744	1.2470019	1.5359968
751005	14745	1.2603213	1.46183
751005	14746	1.2514882	1.4876823
751005	14747	1.6496109	1.0247135
751005	14748	2.3705401	0.5007272
751005	14749	1.1385491	1.6425705
751005	14750	1.6248256	1.1371584
751005	14751	1.9911908	0.72009945
751005	14752	2.55794	-1.1540613
751005	14753	1.7087618	-0.7281989
751005	14754	1.5431439	-0.5970644
751005	14755	1.4029646	1.147859
751005	14756	1.2766588	1.2790433
751005	14757	1.2527006	1.1320963
751005	14758	1.3182871	0.9988452
751005	14759	1.2511044	1.1050781
751005	14760	0.3583343	2.284203
751005	14761	0.7544955	1.7674825
751005	14762	0.7531421	1.7587543
751005	14763	1.6577815	0.42742452
751005	14764	1.6029149	0.7857932
751005	14765	1.6372296	0.7272059
751005	14766	2.1270432	0.17001662
751005	14767	1.9320871	0.5431961
751005	14768	1.6055759	0.6117039
751005	14769	1.4806954	0.7818546
751005	14770	1.6382076	0.61455226
751005	14771	1.3684869	0.74839056
751005	14772	1.52505	0.7098323
751005	14773	1.6160723	0.5299952
751005	14774	1.402581	0.91559374
751005	14775	1.3280138	-0.39666998
751005	14776	1.5858852	-1.1392926
751005	14777	0.73950255	-0.016999692
751005	14778	1.4400569	-0.8763912
751005	14779	1.7312602	-0.9099349
751005	14780	3.3647904	-0.7854695
751005	14781	3.1392617	-0.69947124
751005	14782	3.006279	-0.57609916
751005	14783	3.1524668	-0.60571206
751005	14784	2.8378844	-0.38469958
751005	14785	2.8120174	-0.3303765
751005	14786	2.7149186	-0.19560376
751005	14787	2.8455515	-0.33462512
751005	14788	1.3482821	1.0105996
751005	14789	1.2678457	1.2112465
751005	14790	1.4850128	1.0850146
751005	14791	2.4735336	0.11610189
751005	14792	1.2309699	1.211823
751005	14793	2.1951675	0.36713102
751005	14794	1.6014122	0.9351816
751005	14795	1.9915842	0.55409694
751005	14796	3.618312	-0.7702085
751005	14797	3.0542765	-0.1066221
751005	14798	1.7439991	0.87404
751005	14799	1.7702454	0.78989196
751005	14800	1.9221288	0.6834605
751005	14801	1.9407979	0.80430317
751005	14802	2.0220199	0.668964
751005	14803	2.0794964	0.673687
751005	14804	1.9432386	0.6964495
751005	14805	2.1070652	0.5656717
751005	14806	2.0147328	0.6824986
751005	14807	2.1111684	0.62865674
751005	14808	1.970272	0.8216082
751005	14809	2.006475	0.7275971
751005	14810	2.3143501	0.438033
751005	14811	2.1813097	0.5317707
751005	14812	1.0485523	-0.23138888
751005	14813	0.44082958	0.2661154
751005	14814	2.6976457	-0.051835656
751005	14815	1.899846	0.37300363
751005	14816	2.0952454	0.45405623
751005	14817	2.2951708	0.19268009
751005	14818	2.0470781	0.51844573
751005	14819	2.2506924	0.22053233
751005	14820	2.2228727	0.38843557
751005	14821	1.9294385	0.75633585
751005	14822	1.969608	0.6721896
751005	14823	1.739422	0.85172796
751005	14824	1.8081337	0.886817
751005	14825	1.7282056	0.96177113
751005	14826	1.6960946	0.9714155
751005	14827	2.0653725	0.6266166
751005	14828	2.1641803	0.640012
751005	14829	2.6640053	0.16619363
751005	14830	3.450459	-0.3080375
751005	14831	1.8624834	0.86328936
751005	14832	2.087648	0.6452353
751005	14833	2.8150797	-0.05310175
751005	14834	3.3643575	-0.21607962
751005	14835	2.3011885	0.42717406
751005	14836	2.4263296	0.42692348
751005	14837	1.7019721	0.89302874
751005	14838	2.5771785	0.08752027
751005	14839	3.1478534	-0.07972857
751005	14840	2.2823758	0.4561257
751005	14841	2.3755493	0.48407438
751005	14842	1.3034934	1.2766421
751005	14843	1.5783991	1.0653899
751005	14844	1.9447423	0.7566787
751005	14845	2.0697756	0.67918515
751005	14846	1.6439732	1.1122764
751005	14847	1.7413276	1.0376321
751005	14848	1.8886946	0.83604264
751005	14849	2.2181783	0.7008786
751005	14850	1.816418	0.9606806
751005	14851	2.0473747	0.73724794
751005	14852	2.5289402	0.32104567
751005	14853	1.8307971	-0.6579359
751005	14854	1.0910482	-0.1830872
751005	14855	2.766602	-0.032478184
751005	14856	2.8252025	-0.27343154
751005	14857	2.6306152	-0.007507503
751005	14858	0.27172375	0.32893857
751005	14859	0.16897237	0.76095104
751005	14860	0.13507032	0.62631965
751005	14861	0.18583494	0.60387063
751005	14862	2.2445173	0.4166015
751005	14863	1.1548164	0.9734671
751005	14864	1.4071044	0.97824204
751005	14865	1.595688	0.72025275
751005	14866	1.8858963	0.74803233
751005	14867	2.270009	0.37667373
751005	14868	2.4261603	0.23775598
751005	14869	2.4114194	0.32666597
751005	14870	2.376102	0.35911974
751005	14871	2.35846	0.36625835
751005	14872	2.34967	0.39607844
751005	14873	2.3299932	0.40063772
751005	14874	2.3625941	0.3603311
751005	14875	2.306108	0.4546055
751005	14876	2.3755279	0.35703376
751005	14877	2.2856207	0.46207282
751005	14878	2.3224487	0.31376955
751005	14879	2.3419046	0.37390777
751005	14880	2.3554559	0.37673774
751005	14881	2.3508973	0.3697081
751005	14882	2.532504	0.20110837
751005	14883	2.4958453	0.2060351
751005	14884	1.1110541	-0.20593151
751005	14885	1.0653281	-0.13705206
751005	14886	3.1479316	-0.33334357
751005	14887	1.9197437	0.31361708
751005	14888	2.3239155	0.19602236
751005	14889	2.4851103	-0.10772425
751005	14890	2.4800234	0.08039966
751005	14891	2.5632548	-0.015763283
751005	14892	2.9283829	-0.3052169
751005	14893	2.7776423	-0.10053441
751005	14894	2.584198	0.01590076
751005	14895	2.8001418	-0.14412084
751005	14896	0.5403986	-0.08105898
751005	14897	0.81987715	-0.12450722
751005	14898	0.8579266	1.2821
751005	14899	0.853264	1.4249431
751005	14900	1.8058063	-1.2088298
751005	14901	2.1084256	-1.2149419
751005	14902	3.4408226	-0.5854796
751005	14903	1.9646326	0.16922453
751005	14904	1.9381019	0.49042258
751005	14905	1.7982053	0.53574014
751005	14906	2.0461435	0.3020753
751005	14907	2.375516	0.1090447
751005	14908	3.5311403	-0.68923163
751005	14909	1.9126984	0.58824253
751005	14910	2.403726	0.22736308
751005	14911	0.71077716	-0.15265378
751005	14912	0.7119638	0.06891331
751005	14913	1.0731585	1.2608664
751005	14914	1.1109391	1.2070463
751005	14915	1.1722522	1.1865597
751005	14916	0.7371998	1.6726348
751005	14917	1.3944703	0.9410988
751005	14918	-0.24345097	2.5660203
751005	14919	0.18377256	2.4267793
751005	14920	0.16291052	2.2223961
751005	14921	0.17332387	2.239845
751005	14922	1.0279891	1.4056977
751005	14923	1.207417	1.1993595
751005	14924	-0.510952	3.0692387
751005	14925	0.528828	1.9856155
751005	14926	0.6348202	1.9272659
751005	14927	0.3048916	2.2289941
751005	14928	0.42171013	2.242568
751005	14929	0.5588269	2.0670745
751005	14930	0.6014614	-0.3792484
751005	14931	1.1285087	-0.5308951
751005	14932	1.2848909	-0.5225809
751005	14933	1.0152569	-0.32370916
751005	14934	2.4747696	-0.20457482
751005	14935	2.2280874	0.078870445
751005	14936	1.6819905	0.6933688
751005	14937	1.7075847	0.58761
751005	14938	1.700137	0.56819785
751005	14939	1.4433439	1.1046853
751005	14940	1.4244634	0.9623846
751005	14941	1.5316724	1.0394684
751005	14942	1.5937425	0.9923824
751005	14943	1.8739423	0.74939823
751005	14944	1.6817759	0.86194277
751005	14945	1.6738707	1.0016215
751005	14946	1.3328068	1.3094711
751005	14947	1.5264846	1.1005155
751005	14948	1.7018934	0.9122802
751005	14949	2.0628343	0.5951549
751005	14950	0.9791806	-0.28965056
751005	14951	2.9426384	-0.04593548
751005	14952	1.3777543	0.81041265
751005	14953	1.5775372	1.1722142
751005	14954	2.9694781	-0.20929727
751005	14955	3.7334304	-0.4529909
751005	14956	1.5293971	1.1245968
751005	14957	1.8949138	0.9591993
751005	14958	2.1267467	0.6665572
751005	14959	2.312821	0.5957172
751005	14960	2.1158247	0.6700243
751005	14961	2.2495747	0.69464767
751005	14962	1.8921598	1.0017533
751005	14963	2.0808535	0.77737296
751005	14964	2.190967	0.676155
751005	14965	2.6173291	0.2874678
751005	14966	2.6266756	0.37314418
751005	14967	2.4971929	0.45143685
751005	14968	2.5275688	0.38686243
751005	14969	2.2979026	0.55412006
751005	14970	2.0914187	0.8068408
751005	14971	1.1881995	1.5635519
751005	14972	0.8785306	2.0789988
751005	14973	1.9230114	0.89735794
751005	14974	1.4550155	1.4510832
751005	14975	2.8893104	0.079983145
751005	14976	1.3885547	1.413379
751005	14977	2.0729442	0.90941715
751005	14978	2.5434322	0.4594337
751005	14979	1.3115836	1.6064658
751005	14980	1.3371484	1.6592422
751005	14981	1.6070229	1.3666354
751005	14982	2.1594796	0.96155167
751005	14983	2.5808396	0.60686815
751005	14984	2.1994872	0.79525375
751005	14985	2.54114	0.331448
751005	14986	2.9519749	0.11239156
751005	14987	2.022941	0.74460804
751005	14988	2.3509102	0.5307845
751005	14989	1.2477568	1.4876331
751005	14990	1.9560791	0.97649944
751005	14991	1.9738885	0.9542588
751005	14992	2.1035404	0.82440865
751005	14993	2.192994	0.8161957
751005	14994	2.049253	0.8290006
751005	14995	2.156567	0.8695235
751005	14996	2.2023067	0.8203379
751005	14997	2.145471	0.8824383
751005	14998	3.753584	-0.58014756
751005	14999	1.6879829	1.3191056
751005	15000	1.9529694	1.0924712
751005	15001	2.0480585	1.0373092
751005	15002	2.5484576	0.56400764
751005	15003	3.709052	-0.35883778
751005	15004	1.6439654	1.4390631
751005	15005	2.4955945	0.5723473
751005	15006	3.6188283	-0.32291776
751005	15007	1.695767	1.3579082
751005	15008	2.1625042	0.96857524
751005	15009	2.167951	0.8105786
751005	15010	2.0437489	1.1941049
751005	15011	2.3167863	0.82929575
751005	15012	2.2455387	0.8981682
751005	15013	2.141358	0.8983215
751005	15014	2.4307628	0.78939545
751005	15015	2.340796	0.75375473
751005	15016	2.452497	0.7212293
751005	15017	3.1005187	-0.04382035
751005	15018	3.7462187	-0.26128542
751005	15019	2.7171583	0.41328415
751005	15020	1.4982599	1.2892264
751005	15021	2.0389352	0.8990822
751005	15022	2.0237923	0.95134723
751005	15023	2.0716748	0.9458127
751005	15024	1.9118551	0.9926139
751005	15025	2.0202746	1.0074531
751005	15026	2.0665574	0.9386004
751005	15027	2.5293517	0.51889336
751005	15028	3.3331494	-0.054476053
751005	15029	1.5693573	1.3655499
751005	15030	1.8027831	1.1918217
751005	15031	2.0212727	0.97710466
751005	15032	2.0944686	0.93805826
751005	15033	2.269236	0.7728361
751005	15034	2.1229749	0.9412732
751005	15035	2.085229	0.97123504
751005	15036	2.0388474	1.0004816
751005	15037	1.8928999	1.0417285
751005	15038	1.682923	1.3333917
751005	15039	1.8151861	1.146962
751005	15040	1.9657322	1.0231861
751005	15041	1.9032415	1.127413
751005	15042	1.909007	1.1083932
751005	15043	1.9034806	1.1731273
751005	15044	2.0455751	1.0025822
751005	15045	1.9008185	1.141024
751005	15046	3.7580047	-0.55905217
751005	15047	3.598958	-0.1222415
751005	15048	3.093762	0.10082731
751005	15049	4.8950124	-1.0285248
751005	15050	4.819873	-0.96473527
751005	15051	4.261637	-0.59856385
751005	15052	3.8066616	-0.42739287
751005	15053	2.002953	0.9649427
751005	15054	2.2879357	0.67883646
751005	15055	2.594863	0.47662714
751005	15056	2.5806208	0.529523
751005	15057	2.5670004	0.52153623
751005	15058	2.5407186	0.53687966
751005	15059	2.6158562	0.57223856
751005	15060	2.6199546	0.48675904
751005	15061	2.7247338	0.3669214
751005	15062	3.2696733	-0.040560454
751005	15063	3.9249396	-0.51554704
751005	15064	2.3574953	0.7483282
751005	15065	2.3234372	0.7246616
751005	15066	2.7202392	0.32438597
751005	15067	2.8234787	0.4392272
751005	15068	2.719265	0.34892198
751005	15069	2.9572864	0.17802528
751005	15070	2.9083347	0.28005025
751005	15071	2.8954072	0.24723753
751005	15072	2.284865	0.72393143
751005	15073	2.3763232	0.5923517
751005	15074	1.3694705	1.5450165
751005	15075	2.5899315	0.4194524
751005	15076	2.4679227	0.7173835
751005	15077	1.6940874	1.2338058
751005	15078	2.5974593	0.3237928
751005	15079	2.9862432	0.16953644
751005	15080	3.095325	0.122822374
751005	15081	3.2138653	-0.015787631
751005	15082	3.0421615	0.19462386
751005	15083	2.8167806	0.4006327
751005	15084	1.6088189	-0.724683
751005	15085	1.0698855	-0.16721568
751005	15086	0.672377	0.10352722
751005	15087	2.3569527	0.23235622
751005	15088	1.5077718	0.7547178
751005	15089	2.427215	0.32777652
751005	15090	2.7955093	-0.16324475
751005	15091	2.9525561	-0.1769929
751005	15092	3.009234	-0.21607025
751005	15093	2.7673583	-0.040425003
751005	15094	2.7246995	-0.023653835
751005	15095	2.4847379	0.2426227
751005	15096	1.6024553	-0.61872035
751005	15097	0.6030985	-0.26416308
751005	15098	1.0307387	1.4268309
751005	15099	0.9426676	1.3472422
751005	15100	0.42925954	0.28775004
751005	15101	0.6561675	0.007057786
751005	15102	0.3258453	0.46186724
751005	15103	0.20351171	2.51442
751005	15104	-0.3992425	2.9888947
751005	15105	0.052014172	2.4316418
751005	15106	-0.060116053	2.5745113
751005	15107	0.73834574	1.6695845
751005	15108	0.18941051	2.2158182
751005	15109	0.19318748	2.2204726
751005	15110	0.40234387	2.1140523
751005	15111	0.8481754	1.577831
751005	15112	1.3244687	1.0665098
751005	15113	0.10281247	2.3353505
751005	15114	0.35860848	2.1115308
751005	15115	-0.012940019	2.6888828
751005	15116	0.45035136	1.9029534
751005	15117	0.54734945	1.8904314
751005	15118	0.22779685	2.3126929
751005	15119	0.36264002	2.1462352
751005	15120	0.8300562	1.6277955
751005	15121	1.2034128	1.2105502
751005	15122	0.28834194	2.239848
751005	15123	0.86145353	1.5674467
751005	15124	-0.14779332	2.5678484
751005	15125	0.29210234	2.300659
751005	15126	1.2190367	1.0667484
751005	15127	1.6473747	0.8266411
751005	15128	0.085864305	2.3463194
751005	15129	0.50083935	2.0511003
751005	15130	0.6848686	1.8218644
751005	15131	1.020279	1.2756109
751005	15132	1.5544707	0.621315
751005	15133	1.8928107	0.45592555
751005	15134	1.9604126	0.49051955
751005	15135	2.01151	0.40334073
751005	15136	2.0773578	0.3729538
751005	15137	2.075386	0.38313892
751005	15138	2.0080457	0.46118823
751005	15139	0.19002098	2.248065
751005	15140	1.2731984	1.2100117
751005	15141	0.39554667	2.246723
751005	15142	1.7215599	0.7235099
751005	15143	1.7723743	0.8768668
751005	15144	1.7668403	0.89773977
751005	15145	2.4440818	0.28492823
751005	15146	1.866762	0.9114814
751005	15147	2.0972605	0.53698206
751005	15148	1.9921213	0.7053635
751005	15149	1.1922562	-0.24572697
751005	15150	0.722517	0.15157542
751005	15151	1.8547255	0.37728092
751005	15152	1.6517133	0.44227782
751005	15153	1.8653332	0.33113244
751005	15154	0.17624468	0.32689562
751005	15155	2.019907	0.34675375
751005	15156	1.4851918	0.55363667
751005	15157	1.9378823	0.20663992
751005	15158	-0.1270518	0.702011
751005	15159	1.5808862	0.6250938
751005	15160	1.3669022	0.5950866
751005	15161	-0.38100702	1.147924
751005	15162	1.4391085	0.48325285
751005	15163	1.592157	0.25988063
751005	15164	1.5473882	0.49428394
751005	15165	1.3018687	0.64594245
751005	15166	-0.41148987	1.1352676
751005	15167	1.3605888	0.5916276
751005	15168	1.2209691	0.6214516
751005	15169	1.7812287	0.2264522
751005	15170	-0.4001506	1.0054936
751005	15171	1.4125087	0.64811754
751005	15172	1.200048	0.64955425
751005	15173	-0.5899064	1.3615766
751005	15174	-0.5550261	1.418909
751005	15175	1.8142406	0.27413258
751005	15176	1.4094923	0.49194553
751005	15177	1.9489163	0.30272433
751005	15178	2.032679	0.2541407
751005	15179	2.0442023	0.29374918
751005	15180	2.0442681	0.293193
751005	15181	2.215126	0.13407394
751005	15182	3.0944633	-0.4567579
751005	15183	2.635964	-0.10344073
751005	15184	1.7491809	0.58868825
751005	15185	1.820737	0.3357927
751005	15186	1.9253384	0.41632763
751005	15187	1.5562888	0.72048354
751005	15188	1.637087	0.53902626
751005	15189	2.581923	-0.24504064
751005	15190	2.7798486	-0.026890427
751005	15191	2.3007278	0.11297408
751005	15192	2.2289658	0.3237371
751005	15193	1.878887	0.43659404
751005	15194	1.6924051	0.6936116
751005	15195	0.2888536	-0.111328304
751005	15196	0.1663785	0.46303108
751005	15197	0.039958477	0.51197207
751005	15198	1.8059129	0.42809853
751005	15199	1.2218593	0.71554804
751005	15200	1.3715618	0.6741115
751005	15201	1.7756099	0.33205727
751005	15202	1.8133942	0.53402793
751005	15203	-0.19226903	0.44324258
751005	15204	1.7026066	0.77377427
751005	15205	0.8823894	1.0767611
751005	15206	1.4276758	0.8916694
751005	15207	1.7285491	0.66425204
751005	15208	2.0602207	0.3733944
751005	15209	2.4160895	0.14875594
751005	15210	2.226211	0.52109945
751005	15211	1.3277302	1.0778122
751005	15212	1.7027558	0.7886722
751005	15213	0.6647482	1.7709823
751005	15214	2.669312	-0.21275021
751005	15215	1.9932512	0.7115536
751005	15216	1.6732293	0.94742596
751005	15217	2.0356092	0.4208294
751005	15218	2.121077	0.34038863
751005	15219	1.9338199	0.74713135
751005	15220	1.8311268	0.7438375
751005	15221	2.4237509	0.21669444
751005	15222	2.294249	0.4999583
751005	15223	1.8089443	0.73662615
751005	15224	0.17353761	2.2796535
751005	15225	0.6747503	2.0127356
751005	15226	1.888935	0.5254816
751005	15227	0.85594857	1.7039075
751005	15228	1.6817013	0.7077671
751005	15229	2.7589307	-0.22458775
751005	15230	1.8809687	0.83557546
751005	15231	1.7660908	0.6987957
751005	15232	2.5227695	0.2237893
751005	15233	2.9716697	-0.0487251
751005	15234	2.498827	0.51142454
751005	15235	0.7562394	1.7563329
751005	15236	1.2156694	1.0541126
751005	15237	1.5128788	0.9872383
751005	15238	1.9744731	0.8174516
751005	15239	1.6102084	1.1133162
751005	15240	0.55665493	2.076022
751005	15241	0.9631139	1.6879978
751005	15242	0.55803823	2.209372
751005	15243	0.42849445	2.353983
751005	15244	1.0873592	1.5837831
751005	15245	1.5129193	1.1373447
751005	15246	-0.12138772	2.8077543
751005	15247	0.37264848	2.55804
751005	15248	0.97609544	1.6733773
751005	15249	1.1626964	1.5255368
751005	15250	-0.13849944	3.0754952
751005	15251	0.41389263	2.4035652
751005	15252	0.43730706	2.337947
751005	15253	0.36148804	2.5282657
751005	15254	0.7833077	2.0160558
751005	15255	0.8204844	2.0132823
751005	15256	1.1378714	1.4372063
751005	15257	-0.59923404	3.4598296
751005	15258	1.2181497	1.6146469
751005	15259	1.0008231	1.8610454
751005	15260	0.8966454	1.9026055
751005	15261	0.12982911	2.8173761
751005	15262	0.5956216	2.295522
751005	15263	0.09168279	2.8005059
751005	15264	0.56901646	2.312975
751005	15265	0.22499365	2.6693296
751005	15266	0.7242807	2.1417406
751005	15267	0.10034001	2.8285224
751005	15268	0.480695	2.394862
751005	15269	0.101736665	2.8595703
751005	15270	0.43614066	2.4179347
751005	15271	0.10721254	2.8536124
751005	15272	0.41038662	2.4401164
751005	15273	-0.69339705	3.9629648
751005	15274	-0.86453176	3.168887
751005	15275	-1.0336711	2.8103116
751005	15276	-1.1114366	3.2969882
751005	15277	-0.89341414	3.0249922
751005	15278	-0.7837089	2.6114945
751005	15279	-0.78502965	2.3081093
751005	15280	-0.8862487	2.3533833
751005	15281	-0.87139446	2.2917204
751005	15282	0.77602947	1.8883193
751005	15283	0.6050743	1.7755353
751005	15284	1.0889895	1.4693298
751005	15285	1.00345	1.4362289
751005	15286	1.3009231	1.3489267
751005	15287	1.272866	1.2446758
751005	15288	-0.21170118	0.77292085
751005	15289	-0.33031416	1.3053142
751005	15290	1.8785719	0.2684016
751005	15291	1.1244658	1.0929697
751005	15292	-0.21167561	1.0868763
751005	15293	-0.07097161	1.0061954
751005	15294	2.286716	0.053919464
751005	15295	1.0184828	1.0980462
751005	15296	1.335357	1.0376703
751005	15297	1.4713656	0.9156691
751005	15298	2.1847577	0.5041586
751005	15299	2.150908	0.60148597
751005	15300	2.158978	0.6569679
751005	15301	1.578832	1.1690038
751005	15302	1.0512406	1.6339462
751005	15303	0.071585655	0.4900624
751005	15304	-0.0022791028	0.80815756
751005	15305	2.6086345	-0.19750118
751005	15306	2.7831235	-0.09645516
751005	15307	2.150478	0.49512443
751005	15308	2.2451234	0.27077916
751005	15309	2.262885	0.36414477
751005	15310	2.4004383	0.16237304
751005	15311	2.550128	0.26332614
751005	15312	0.87905633	1.4873646
751005	15313	1.3505039	1.2297748
751005	15314	1.2438598	1.2514575
751005	15315	0.86540174	1.7980139
751005	15316	0.8925563	1.7402811
751005	15317	0.81187713	1.8467665
751005	15318	1.168293	1.610395
751005	15319	0.36664015	2.4415717
751005	15320	1.0017034	1.8237109
751005	15321	0.88553166	1.9023447
751005	15322	0.89162433	2.0255408
751005	15323	1.0313429	1.8491659
751005	15324	1.0629412	1.8171186
751005	15325	0.1977675	2.8452446
751005	15326	1.5477031	1.3013668
751005	15327	3.0124636	-0.010095745
751005	15328	0.5867568	2.2729943
751005	15329	0.8826734	2.129514
751005	15330	1.0483255	1.9236143
751005	15331	1.1174673	1.8524544
751005	15332	1.144692	1.8116632
751005	15333	1.1371348	1.8373847
751005	15334	1.0919158	1.8917329
751005	15335	1.4932309	1.4705007
751005	15336	2.3698287	0.5421723
751005	15337	2.4959288	0.6551721
751005	15338	0.58746934	2.2083778
751005	15339	0.8516756	2.062422
751005	15340	1.2389463	1.4649022
751005	15341	2.9766183	0.034890294
751005	15342	1.2610275	-0.30981168
751005	15343	0.78339696	-0.2067388
751005	15344	0.68706477	-0.15177134
751005	15345	0.65402484	-0.19560662
751005	15346	0.6525929	-0.15541375
751005	15347	0.3641485	0.02240789
751005	15348	0.47264135	-0.05923426
751005	15349	2.0679998	0.23978642
751005	15350	1.3858166	0.57196915
751005	15351	0.14721727	0.64440334
751005	15352	0.17635763	0.7701967
751005	15353	-0.018230885	0.67673695
751005	15354	1.7463261	0.6311772
751005	15355	1.0318052	0.9485824
751005	15356	0.019544363	0.685073
751005	15357	-0.1917592	1.1136006
751005	15358	2.058031	0.06126508
751005	15359	1.3454092	0.6112989
751005	15360	-0.24060613	0.87035227
751005	15361	-0.20427322	1.1869859
751005	15362	2.118908	0.017383605
751005	15363	1.3791183	0.5868794
751005	15364	2.1924815	0.09708819
751005	15365	2.1921616	0.14304104
751005	15366	2.20544	0.28507414
751005	15367	2.243349	0.1503301
751005	15368	2.2338533	0.31847337
751005	15369	2.1862626	0.34526953
751005	15370	2.2734718	0.32387796
751005	15371	2.200821	0.41355857
751005	15372	2.226071	0.3801255
751005	15373	1.7572933	0.82061815
751005	15374	1.4727489	1.1309792
751005	15375	1.4827234	0.9267206
751005	15376	1.6216422	0.9638467
751005	15377	1.9056946	0.6797122
751005	15378	2.0050683	0.6476972
751005	15379	1.9322277	0.74280274
751005	15380	0.38354307	0.31547764
751005	15381	0.6710849	0.1400148
751005	15382	3.0208259	-0.4764639
751005	15383	1.2631698	0.9978491
751005	15384	1.8425473	0.60061836
751005	15385	-0.06437215	0.5803919
751005	15386	0.21467161	0.7926773
751005	15387	0.74031794	1.752465
751005	15388	1.0931318	-0.64083153
751005	15389	1.0416237	-0.4566184
751005	15390	0.8932011	-0.16146642
751005	15391	2.5546446	-0.061058104
751005	15392	1.398533	0.6224524
751005	15393	0.23265004	0.24019727
751005	15394	0.37032104	0.4057789
751005	15395	0.32616597	0.26848993
751005	15396	0.18506414	0.45643577
751005	15397	2.5689363	0.01706314
751005	15398	1.5299171	0.62336445
751005	15399	0.14742559	0.38192114
751005	15400	0.106554866	0.60484064
751005	15401	0.13806969	0.42419222
751005	15402	2.909144	-0.4630168
751005	15403	1.7508918	0.29781362
751005	15404	2.2168884	0.32171336
751005	15405	2.331645	0.21093646
751005	15406	0.1939376	0.31853393
751005	15407	0.23094112	0.48917452
751005	15408	0.15962708	0.44013432
751005	15409	2.531938	-0.09837288
751005	15410	1.1387413	0.81647146
751005	15411	2.1156068	0.3984035
751005	15412	2.1754584	0.14318976
751005	15413	2.2694411	0.3834816
751005	15414	2.3049626	0.20560488
751005	15415	2.408153	0.2643824
751005	15416	2.3913884	0.26610157
751005	15417	1.3879623	-0.28089398
751005	15418	1.074632	1.1649517
751005	15419	0.6847886	1.7450018
751005	15420	0.73436844	1.7210147
751005	15421	0.06058526	0.5698533
751005	15422	0.1745342	2.6701617
751005	15423	0.24481189	2.4605453
751005	15424	1.048938	1.4579552
751005	15425	0.4547661	-0.061831415
751005	15426	2.6376462	-0.6876353
751005	15427	1.614093	0.17595491
751005	15428	2.2731028	0.08928594
751005	15429	2.5667095	-0.14445907
751005	15430	0.5416453	-0.06828216
751005	15431	0.35032356	0.26672146
751005	15432	0.3152197	0.101020485
751005	15433	2.4076705	0.023387343
751005	15434	1.34934	0.63693357
751005	15435	2.122191	0.39726463
751005	15436	2.5280042	-0.0059126914
751005	15437	2.4952888	0.15470329
751005	15438	2.4147863	0.28270367
751005	15439	2.3787723	0.2223585
751005	15440	2.6723337	0.16983095
751005	15441	2.8088284	-0.104160845
751005	15442	2.4632883	0.29974207
751005	15443	1.3092268	-0.49400026
751005	15444	1.2850443	-0.46168497
751005	15445	1.0406166	-0.4984693
751005	15446	1.0484717	1.4689102
751005	15447	1.1094649	1.4066875
751005	15448	1.1173872	1.3323234
751005	15449	1.8491515	0.40168002
751005	15450	1.5650157	0.7971494
751005	15451	1.1996537	1.2238286
751005	15452	1.4900905	1.0522861
751005	15453	0.8912642	1.4684399
751005	15454	1.3800366	0.91091585
751005	15455	1.217746	1.0497899
751005	15456	1.9720238	0.43281874
751005	15457	2.1790843	0.36187515
751005	15458	1.2225883	1.2343658
751005	15459	0.55955005	1.9204209
751005	15460	0.5013132	2.2376783
751005	15461	1.8496298	0.77212286
751005	15462	1.692171	1.0505685
751005	15463	1.620804	1.0650282
751005	15464	1.5533768	1.1126641
751005	15465	1.5674611	1.0979193
751005	15466	1.5924679	1.0780455
751005	15467	1.3010703	1.4396712
751005	15468	1.5497836	1.1570076
751005	15469	1.6508614	1.1026864
751005	15470	1.6813208	1.100337
751005	15471	1.5983161	1.1348437
751005	15472	1.7097846	1.0374594
751005	15473	0.36855137	2.3552327
751005	15474	2.2667813	0.3788791
751005	15475	1.7538444	1.19445
751005	15476	0.55447793	2.2119768
751005	15477	0.29308516	2.6510835
751005	15478	0.37541813	2.5185993
751005	15479	0.3619035	2.5476973
751005	15480	0.3437599	2.6318781
751005	15481	0.22842538	2.6588922
751005	15482	0.36429805	2.5858722
751005	15483	0.27041012	2.5433807
751005	15484	0.4796006	0.1761212
751005	15485	1.9899338	0.2090235
751005	15486	1.9480237	0.32420877
751005	15487	2.1000433	0.300346
751005	15488	1.9651574	0.36955646
751005	15489	2.3641396	0.22503057
751005	15490	2.3421082	0.16726366
751005	15491	0.6976098	1.4648638
751005	15492	0.0790382	2.268817
751005	15493	0.14614081	2.2928555
751005	15494	0.16239148	2.2935534
751005	15495	1.5463299	0.6808294
751005	15496	0.8234315	1.5775273
751005	15497	1.5369369	0.78370893
751005	15498	2.2056355	0.5932944
751005	15499	2.275226	0.3616552
751005	15500	2.6867547	-0.035100102
751005	15501	3.0932279	-0.20583525
751005	15502	2.705986	-0.08484131
751005	15503	1.8435274	0.5435294
751005	15504	1.7876581	0.3708929
751005	15505	1.632084	0.72480035
751005	15506	1.6398541	0.57383907
751005	15507	1.9794279	0.3926787
751005	15508	2.0711746	0.37950245
751005	15509	2.9230528	-0.2287456
751005	15510	2.1319032	0.46480325
751005	15511	1.4292725	0.9048922
751005	15512	1.6269556	0.7178786
751005	15513	2.5421085	-0.07148883
751005	15514	2.7290068	0.1005325
751005	15515	2.9704762	-0.13186741
751005	15516	2.7972913	-0.15586665
751005	15517	3.807549	-0.9918611
751005	15518	3.4114113	-0.49628985
751005	15519	3.3131123	-0.6164448
751005	15520	3.4505873	-0.66666645
751005	15521	3.6111164	-0.84549326
751005	15522	3.6510148	-0.7852726
751005	15523	3.4496431	-0.6169219
751005	15524	3.8550792	-1.0059992
751005	15525	3.0767817	-0.39167812
751005	15526	2.5738344	-0.13434345
751005	15527	2.1242375	0.40654776
751005	15528	2.832038	-0.36613908
751005	15529	2.4927244	0.080497116
751005	15530	2.5701585	-0.05139351
751005	15531	3.328928	-0.6245747
751005	15532	4.653642	-1.5359491
751005	15533	4.5157914	-1.2687483
751005	15534	4.392599	-1.3863701
751005	15535	4.0143304	-2.6109157
751005	15536	2.719121	-0.39744738
751005	15537	2.5224996	-0.24537775
751005	15538	2.7030563	-0.25726306
751005	15539	2.8801603	-0.38876712
751005	15540	3.3013778	-0.6433488
751005	15541	3.040784	-0.48340797
751005	15542	2.915811	-0.3677108
751005	15543	2.4838123	-0.04997632
751005	15544	2.9677591	-0.56668985
751005	15545	3.6123095	-0.84741575
751005	15546	2.7985902	-0.16655013
751005	15547	3.4289474	-0.78946507
751005	15548	2.329381	0.22923967
751005	15549	2.36375	0.07110968
751005	15550	2.7848377	-0.32600555
751005	15551	2.8169198	-0.27933812
751005	15552	3.2784452	-0.875432
751005	15553	1.8827332	-1.3432363
751005	15554	1.5212833	-0.7616769
751005	15555	1.3634686	-0.8227941
751005	15556	1.2810533	-0.6948832
751005	15557	2.5408769	-0.35932314
751005	15558	3.130252	-0.9305868
751005	15559	3.1096072	-0.6258075
751005	15560	3.1707983	-0.71506125
751005	15561	3.230997	-0.76384497
751005	15562	3.2879133	-0.7523766
751005	15563	1.8600689	-1.0286565
751005	15564	0.36511242	0.22372392
751005	15565	1.978741	0.04877898
751005	15566	2.512928	-0.5431612
751005	15567	2.9810505	-0.46046492
751005	15568	3.3173652	-0.74678254
751005	15569	1.5310992	-0.751596
751005	15570	1.3263472	-0.3454039
751005	15571	2.3763862	-0.17580953
751005	15572	2.4706206	-0.40962985
751005	15573	0.8050467	-0.14340961
751005	15574	0.790998	0.09838864
751005	15575	-0.15575695	0.85868406
751005	15576	1.8413593	0.35794732
751005	15577	2.0687952	-0.07382664
751005	15578	0.93451905	-0.25428224
751005	15579	1.1912894	-0.27225512
751005	15580	2.503409	-0.23030716
751005	15581	2.4438906	-0.3800112
751005	15582	0.9674072	-0.2497197
751005	15583	0.87309384	-0.0697076
751005	15584	-0.055517852	0.5743414
751005	15585	1.8988382	0.26396278
751005	15586	2.430108	-0.42286927
751005	15587	2.8993645	-0.37106764
751005	15588	2.6074295	-0.18364763
751005	15589	2.704485	-0.34004667
751005	15590	2.591536	-0.14469841
751005	15591	2.5760617	-0.23379779
751005	15592	0.4103006	0.0933992
751005	15593	-0.0691112	0.6033697
751005	15594	1.7150563	0.14274868
751005	15595	1.978537	-0.25466383
751005	15596	2.3222837	-0.24013929
751005	15597	0.17390001	0.7361654
751005	15598	-0.02170667	1.0425348
751005	15599	1.8389856	0.006808907
751005	15600	2.2028632	-0.42077798
751005	15601	2.5467906	-0.45873016
751005	15602	2.4319363	-0.25566864
751005	15603	2.1194015	-0.08343008
751005	15604	2.808208	-0.4925509
751005	15605	3.1202183	-0.60662633
751005	15606	0.72592366	-0.11994094
751005	15607	0.7599207	0.07003966
751005	15608	2.7231712	-0.71753144
751005	15609	0.0196715	0.30826858
751005	15610	0.62194324	0.20186064
751005	15611	1.0789361	-0.41840786
751005	15612	2.8167043	-0.7630178
751005	15613	0.01274389	0.31482127
751005	15614	0.32502693	0.48491737
751005	15615	0.25944299	0.314809
751005	15616	0.75216436	-0.027537912
751005	15617	0.7186519	-0.1397604
751005	15618	2.455183	-0.4642223
751005	15619	-0.13845727	0.4990841
751005	15620	0.35954374	0.43302616
751005	15621	0.2663952	0.362547
751005	15622	0.68428075	0.04702297
751005	15623	2.5112543	-0.544617
751005	15624	-0.182928	0.5699439
751005	15625	0.3328761	0.50688994
751005	15626	0.34810883	0.27086654
751005	15627	0.7535125	-0.01103583
751005	15628	2.5728364	-0.5861424
751005	15629	-0.13943025	0.5298164
751005	15630	0.31755233	0.54978275
751005	15631	0.25603336	0.38688615
751005	15632	0.6078588	0.17725751
751005	15633	2.4615588	-0.4709655
751005	15634	-0.18920115	0.6224812
751005	15635	0.33087867	0.55125844
751005	15636	0.3334484	0.33124468
751005	15637	0.6957216	0.030593753
751005	15638	2.551147	-0.53102505
751005	15639	-0.1380822	0.5703819
751005	15640	0.3579567	0.5052005
751005	15641	0.2535895	0.43930683
751005	15642	0.56888616	0.2064186
751005	15643	2.4288344	-0.44380924
751005	15644	-0.21069947	0.68203235
751005	15645	0.2785595	0.62204695
751005	15646	2.5320945	-0.62296015
751005	15647	2.8998666	-0.70337164
751005	15648	3.1534686	-0.7880653
751005	15649	0.09251052	0.44999936
751005	15650	-0.18315157	0.8377081
751005	15651	0.05580908	0.70549035
751005	15652	2.2341166	-0.24116848
751005	15653	-0.24615899	0.75475085
751005	15654	0.3135472	0.68289614
751005	15655	2.560626	-0.5594825
751005	15656	2.8828497	-0.5803279
751005	15657	2.9202337	-0.47693968
751005	15658	-0.11651489	0.7685157
751005	15659	0.20602614	0.6685679
751005	15660	0.29311842	0.39838222
751005	15661	2.3852239	-0.21081656
751005	15662	-0.19691253	0.6545564
751005	15663	0.35065997	0.6418302
751005	15664	0.25563645	0.47909924
751005	15665	2.4436831	-0.53621984
751005	15666	2.7915945	-0.59854895
751005	15667	2.6749783	-0.5205538
751005	15668	2.2008653	-0.07334411
751005	15669	1.8114058	0.30584207
751005	15670	3.2006826	-0.94707614
751005	15671	3.3474288	-0.69981575
751005	15672	0.39622986	0.20471725
751005	15673	0.13851804	0.64192355
751005	15674	0.6030116	-0.05260822
751005	15675	0.6430564	0.09066138
751005	15676	-0.3208273	1.2959529
751005	15677	-1.178788	2.3443024
751005	15678	-1.256746	3.0404022
751005	15679	-0.81010747	2.6051106
751005	15680	-0.7466513	2.1683598
751005	15681	-0.6150915	1.8472934
751005	15682	-0.90930355	1.9760239
751005	15683	-0.98328424	2.2160847
751005	15684	-1.0928504	2.3803127
751005	15685	-0.5311031	1.6327422
751005	15686	-0.64532816	1.5537586
751005	15687	-0.7478227	1.9256823
751005	15688	-0.856044	2.0379941
751005	15689	-1.1567974	2.5795336
751005	15690	-0.58092827	1.7594728
751005	15691	-0.7972286	2.028332
751005	15692	-0.12766373	1.0779752
751005	15693	-0.16188878	1.3790058
751005	15694	-0.36179018	1.4544537
751005	15695	-0.4210292	1.583116
751005	15696	-0.32521415	1.4866065
751005	15697	-0.2797951	1.4519185
751005	15698	-0.24183267	1.4294517
751005	15699	-0.120034605	1.3331078
751005	15700	-0.2064844	1.3261553
751005	15701	-0.740246	2.0708067
751005	15702	-0.67885387	2.0156367
751005	15703	0.4451977	0.56089735
751005	15704	0.20898896	0.94453776
751005	15705	0.31864	0.8925934
751005	15706	-0.88570523	2.1873195
751005	15707	-0.61816585	1.8695927
751005	15708	0.9361352	-0.15837657
751005	15709	0.8971944	0.31203005
751005	15710	0.041225135	1.2462775
751005	15711	-0.038707376	1.1526799
751005	15712	1.0577064	-0.041667163
751005	15713	0.6286621	0.5580454
751005	15714	0.14764875	1.0117437
751005	15715	0.2160201	0.94868374
751005	15716	0.104023516	1.1546243
751005	15717	0.18604177	1.066499
751005	15718	0.2775511	0.971704
751005	15719	0.07707745	1.090469
751005	15720	0.15262717	1.0713257
751005	15721	0.08638781	1.0570081
751005	15722	0.07909447	1.1211376
751005	15723	-0.009634048	1.1549139
751005	15724	0.829793	0.1231198
751005	15725	-0.09200171	1.2021155
751005	15726	0.6622366	2.3801954
751005	15727	0.4493686	2.3596413
751005	15728	0.5719458	2.311799
751005	15729	0.5311651	2.307134
751005	15730	0.54061186	2.2899323
751005	15731	0.5730947	2.2451825
751005	15732	0.50753665	2.3427114
751005	15733	0.51727986	2.3738754
751005	15734	0.48295784	2.2799532
751005	15735	0.51016223	2.371401
751005	15736	0.601493	2.2196846
751005	15737	0.56509376	2.295185
751005	15738	0.47475183	2.3429537
751005	15739	0.6284281	2.1416695
751005	15740	0.38221908	2.4574404
751005	15741	0.5453074	2.2655425
751005	15742	0.531173	2.3221202
751005	15743	0.49078953	2.3947601
751005	15744	0.5306412	2.3363807
751005	15745	0.5571358	2.327023
751005	15746	0.47605473	2.445682
751005	15747	0.47029442	2.453209
751005	15748	0.46511298	2.4598854
751005	15749	0.45746684	2.4747164
751005	15750	0.7478843	2.079824
751005	15751	0.4985621	2.451851
751005	15752	0.6358931	2.2514522
751005	15753	0.72162414	2.1021216
751005	15754	0.65094125	2.1165123
751005	15755	0.50387704	2.4136298
751005	15756	0.6225283	2.2473037
751005	15757	0.6579443	2.257988
751005	15758	0.6226808	2.3216143
751005	15759	1.0898178	1.907732
751005	15760	1.9614137	0.91131115
751005	15761	2.2448192	0.56371486
751005	15762	1.5584751	1.3544946
751005	15763	1.4254898	1.0193461
751005	15764	1.6493133	0.9630374
751005	15765	1.7644259	0.9405371
751005	15766	1.7992483	0.89135957
751005	15767	1.5992709	1.068168
751005	15768	1.1954023	1.409627
751005	15769	1.6154581	0.9614228
751005	15770	1.7931763	0.747512
751005	15771	2.134449	0.6373383
751005	15772	2.2029414	0.61228764
751005	15773	2.5089946	0.34920964
751005	15774	2.8023925	0.2061778
751005	15775	2.6870427	0.39590928
751005	15776	2.784381	0.23706463
751005	15777	3.0058837	0.07089439
751005	15778	3.1372786	0.017411977
751005	15779	2.054792	1.1067368
751005	15780	2.3354583	0.5041286
751005	15781	3.0115972	0.027416915
751005	15782	2.7779665	0.27690157
751005	15783	2.8185883	0.17276588
751005	15784	2.4135022	0.5503744
751005	15785	3.4062772	-0.35857296
751005	15786	2.4170237	0.6167053
751005	15787	2.0869188	0.72934985
751005	15788	1.8296441	1.0603085
751005	15789	1.936963	0.70805025
751005	15790	1.9846181	0.7916651
751005	15791	2.0199294	0.80381584
751005	15792	2.7583313	0.19601098
751005	15793	2.4239335	0.5175599
751005	15794	1.9301289	0.71006703
751005	15795	3.3435273	-0.3876597
751005	15796	3.5208197	-0.2674067
751005	15797	3.3986516	-0.16601104
751005	15798	3.5073495	-0.30468565
751005	15799	3.453733	-0.19187567
751005	15800	3.3865695	-0.20754585
751005	15801	3.429206	-0.27657318
751005	15802	3.4859242	-0.3403377
751005	15803	3.4590783	-0.36432147
751005	15804	2.9335718	0.15046594
751005	15805	2.929668	-0.034614235
751005	15806	2.7989516	0.17506877
751005	15807	2.4275427	0.45668545
751005	15808	3.5637717	-0.4444995
751005	15809	4.393362	-0.9437045
751005	15810	4.8926053	-1.1777707
751005	15811	4.44289	-0.8838675
751005	15812	4.5197325	-1.0130149
751005	15813	3.332705	-0.15292251
751005	15814	3.1015906	-0.23409848
751005	15815	3.819683	-0.66474396
751005	15816	2.3047996	0.5842285
751005	15817	1.678599	1.1318978
751005	15818	1.465453	1.3902204
751005	15819	1.5804442	1.3694656
751005	15820	2.2684245	0.6161834
751005	15821	2.6040368	0.4247221
751005	15822	1.9757	1.061026
751005	15823	2.944686	0.12265679
751005	15824	1.8472644	1.001098
751005	15825	1.6693825	1.0307639
751005	15826	1.6619493	1.0228051
751005	15827	2.6061482	0.32972923
751005	15828	1.3366832	1.535295
751005	15829	1.089081	1.8921697
751005	15830	0.90059793	1.8600385
751005	15831	1.0378411	1.6781847
751005	15832	0.94019794	1.7241206
751005	15833	0.884143	1.7605765
751005	15834	0.17714989	2.4824646
751005	15835	0.7607299	1.9213066
751005	15836	0.96554124	1.6869462
751005	15837	1.0371194	1.6787803
751005	15838	1.2964092	1.4953083
751005	15839	1.1565005	1.6727946
751005	15840	1.2517751	1.6322663
751005	15841	0.42875624	2.37082
751005	15842	1.606851	0.96883416
751005	15843	2.620325	0.3468285
751005	15844	1.9841393	0.9597353
751005	15845	2.4212995	0.22398177
751005	15846	2.144753	0.7901385
751005	15847	1.8794202	0.934831
751005	15848	2.0362964	0.74701846
751005	15849	2.072281	0.7196828
751005	15850	1.9284958	0.73869264
751005	15851	1.9730545	0.7788935
751005	15852	1.8111652	0.87563694
751005	15853	2.128963	0.5780591
751005	15854	1.6771828	1.2041745
751005	15855	1.1294605	0.21837172
751005	15856	0.789453	-0.24662764
751005	15857	1.076601	-0.27463347
751005	15858	0.8419398	1.4812883
751005	15859	1.5487226	-0.72934407
751005	15860	1.7905506	-0.9166709
751005	15861	1.3323742	1.237744
751005	15862	1.36389	1.2930495
751005	15863	1.6070198	1.0526627
751005	15864	2.061644	0.4654033
751005	15865	2.6224685	0.24188659
751005	15866	2.2373204	0.28588924
751005	15867	2.7099195	-0.33292043
751005	15868	2.599741	-0.08649793
751005	15869	2.2157726	0.19599226
751005	15870	1.5939432	0.64789176
751005	15871	1.836208	0.4033424
751005	15872	1.7854437	0.5038791
751005	15873	1.5692338	0.8951452
751005	15874	1.5184988	0.869956
751005	15875	0.99530303	1.3608549
751005	15876	1.0338526	1.3207766
751005	15877	1.3146912	1.0309587
751005	15878	1.5450841	0.8594396
751005	15879	1.5576073	0.83864355
751005	15880	1.472647	0.9386847
751005	15881	1.296176	1.1358016
751005	15882	1.3674343	1.0684224
751005	15883	1.4493587	0.99850833
751005	15884	1.2814977	1.131329
751005	15885	1.3747568	1.054587
751005	15886	1.2994242	1.2037656
751005	15887	1.4803561	0.99503267
751005	15888	1.4655526	1.0513123
751005	15889	1.4490995	1.059646
751005	15890	1.425891	1.0571455
751005	15891	1.4583354	1.024495
751005	15892	1.4370649	1.048131
751005	15893	1.2982277	1.1291224
751005	15894	1.4402547	0.9995446
751005	15895	1.4157633	1.0795467
751005	15896	1.5774013	0.9076297
751005	15897	1.5148908	1.0087272
751005	15898	1.5188946	0.9719852
751005	15899	1.52186	0.9722148
751005	15900	1.5134631	0.9730098
751005	15901	1.447881	0.97287047
751005	15902	1.5199312	0.937641
751005	15903	1.3572677	1.0637501
751005	15904	1.4804851	0.9462484
751005	15905	1.3770187	1.0295402
751005	15906	1.5145336	0.92350495
751005	15907	1.5542377	0.9230205
751005	15908	1.5780219	0.90802
751005	15909	1.6610934	0.8126466
751005	15910	1.631303	0.86351156
751005	15911	1.6389495	0.8515291
751005	15912	1.6218334	0.871282
751005	15913	1.3650868	0.9492835
751005	15914	1.5291687	0.7727747
751005	15915	1.7438825	0.7098993
751005	15916	1.6612617	0.8313905
751005	15917	1.5427195	0.9077971
751005	15918	1.5559078	0.90990853
751005	15919	1.3931413	1.0690396
751005	15920	1.4101297	1.07014
751005	15921	1.3763974	1.08849
751005	15922	1.3399543	1.1260886
751005	15923	1.3659996	1.0961258
751005	15924	1.4083185	1.0383945
751005	15925	1.445574	0.98531556
751005	15926	1.4816166	0.953236
751005	15927	1.3501767	1.0589553
751005	15928	1.5148486	0.9687265
751005	15929	1.203154	1.2665753
751005	15930	1.1145722	1.3106512
751005	15931	1.3389595	1.1052747
751005	15932	1.2907567	1.1883664
751005	15933	1.4019848	1.0746914
751005	15934	1.4280864	1.0677782
751005	15935	1.4172478	1.1487952
751005	15936	1.6897703	0.86162686
751005	15937	1.4819381	1.0445383
751005	15938	1.5144137	0.9878987
751005	15939	1.592754	0.92157817
751005	15940	1.5368627	0.9559542
751005	15941	1.5691682	0.92853045
751005	15942	1.5944422	0.91050017
751005	15943	1.6188968	0.881014
751005	15944	1.5244845	0.9349139
751005	15945	1.625188	0.8268237
751005	15946	1.4947363	0.9203539
751005	15947	1.5628158	0.8624362
751005	15948	1.6216513	0.82338333
751005	15949	1.254842	1.0835944
751005	15950	1.6668392	0.67576957
751005	15951	1.5418357	0.8725214
751005	15952	1.4049399	1.0309811
751005	15953	1.3680321	0.9922612
751005	15954	1.4802486	0.9396254
751005	15955	1.5911957	0.9302255
751005	15956	1.3380963	1.0835335
751005	15957	1.6705946	0.7923535
751005	15958	1.2607286	1.1948402
751005	15959	1.3269068	1.0229883
751005	15960	1.5640651	0.8306743
751005	15961	1.531912	0.9126365
751005	15962	1.6077098	0.9237639
751005	15963	1.9350895	0.6014166
751005	15964	1.1813437	1.2376513
751005	15965	1.5219377	0.8656392
751005	15966	1.092556	1.5142558
751005	15967	0.7610979	1.8481579
751005	15968	-0.44738668	3.2934556
751005	15969	1.2082658	1.3351809
751005	15970	0.92321146	1.7658367
751005	15971	-0.33796376	3.2334816
751005	15972	0.6172452	1.7851903
751005	15973	0.26712322	2.2859817
751005	15974	0.33804417	2.2872148
751005	15975	0.27603263	2.258274
751005	15976	0.31940168	2.1549766
751005	15977	0.2179454	2.3099134
751005	15978	0.45581597	2.0153663
751005	15979	0.22235578	2.2363317
751005	15980	0.26560175	2.2524807
751005	15981	0.7917696	1.5705388
751005	15982	0.78750753	1.5983407
751005	15983	0.59588933	1.877156
751005	15984	0.9453106	1.431003
751005	15985	1.2958622	1.273773
751005	15986	1.5084459	1.1276478
751005	15987	1.4335517	1.1370492
751005	15988	1.9823684	0.5733255
751005	15989	2.3980975	0.35742858
751005	15990	2.4295278	0.42906138
751005	15991	2.630135	0.2127966
751005	15992	2.635912	0.25410625
751005	15993	2.192852	0.6013812
751005	15994	2.830605	-0.025465757
751005	15995	2.5494637	0.35418287
751005	15996	2.7329164	0.1461983
751005	15997	1.4414175	1.0728384
751005	15998	2.11229	0.39910045
751005	15999	2.479568	0.25232634
751005	16000	2.6349077	0.23605266
751005	16001	2.872408	0.12927207
751005	16002	2.7768111	0.12791273
751005	16003	2.9441357	-0.061849385
751005	16004	2.9654217	0.0032457113
751005	16005	2.919464	-0.064380616
751005	16006	2.1214585	0.4584683
751005	16007	3.8296323	-0.94676197
751005	16008	3.2744699	-0.18418771
751005	16009	2.8805313	-0.015659451
751005	16010	2.8300233	0.072440475
751005	16011	2.2846603	0.49815598
751005	16012	2.2659898	0.4679071
751005	16013	2.8909574	-0.13204595
751005	16014	2.7979946	0.11012629
751005	16015	2.5699697	0.21068928
751005	16016	2.4362893	0.2868279
751005	16017	2.620047	0.23657355
751005	16018	2.5213413	0.20939401
751005	16019	2.45686	0.2842922
751005	16020	2.7004018	0.060188383
751005	16021	2.7999415	0.05487427
751005	16022	2.7361212	0.115939766
751005	16023	2.7448878	0.10062668
751005	16024	2.9853425	-0.07966527
751005	16025	3.0965414	-0.111065835
751005	16026	3.1641588	-0.22343346
751005	16027	3.0023522	-0.058953434
751005	16028	3.4772873	-0.44038075
751005	16029	2.1729474	0.55181646
751005	16030	2.7350783	0.037115872
751005	16031	3.022533	-0.06452578
751005	16032	3.1013694	-0.105683625
751005	16033	3.0792322	-0.07476094
751005	16034	3.0231905	-0.029469669
751005	16035	3.0280595	-0.030365825
751005	16036	3.1463666	-0.127801
751005	16037	3.1412115	-0.10439265
751005	16038	2.9602633	0.012792289
751005	16039	2.9866042	-0.027020484
751005	16040	3.1387954	-0.037501246
751005	16041	3.3051429	-0.21707124
751005	16042	3.1673923	-0.105249286
751005	16043	3.746212	-0.52288544
751005	16044	2.9814348	0.10398397
751005	16045	3.479351	-0.41253847
751005	16046	2.398449	0.40184078
751005	16047	3.1938539	-0.32163364
751005	16048	3.3015032	-0.24667917
751005	16049	3.1259646	-0.08881429
751005	16050	2.9514918	-0.054845184
751005	16051	3.0158076	-0.058327496
751005	16052	3.0365982	-0.066182315
751005	16053	2.8657398	0.017965943
751005	16054	3.2934012	-0.4214871
751005	16055	3.1373816	-0.19459185
751005	16056	1.8738261	-1.1935062
751005	16057	0.8860564	-0.3366575
751005	16058	0.52167916	-0.1011959
751005	16059	0.27218783	0.114064425
751005	16060	0.6647334	1.748229
751005	16061	0.31128633	2.255539
751005	16062	1.1449144	1.1142663
751005	16063	0.27529955	2.1098027
751005	16064	1.3398938	1.0053751
751005	16065	0.5512254	2.0421636
751005	16066	1.4261416	1.1404545
751005	16067	1.8112911	0.74876046
751005	16068	1.9887568	0.5979848
751005	16069	1.8483831	0.54681873
751005	16070	2.6987119	-0.26501036
751005	16071	2.2545137	0.2417179
751005	16072	2.7930784	-0.30510122
751005	16073	3.0720778	-0.27778524
751005	16074	2.7130418	-0.12199196
751005	16075	2.9449925	-0.21283107
751005	16076	3.4072719	-0.5901029
751005	16077	3.4765673	-0.58463466
751005	16078	3.477283	-0.51284236
751005	16079	3.5806122	-0.6067434
751005	16080	3.0106015	-0.29632103
751005	16081	3.8080273	-0.6749257
751005	16082	3.314354	-0.36744022
751005	16083	3.4655848	-0.4481947
751005	16084	3.881876	-0.72674954
751005	16085	3.7469096	-0.6326
751005	16086	3.899693	-0.6864373
751005	16087	3.6943936	-0.46510535
751005	16088	3.7071877	-0.49825025
751005	16089	3.6934152	-0.7117583
751005	16090	3.7735634	-0.56652355
751005	16091	3.666214	-0.57417655
751005	16092	3.666853	-0.5040685
751005	16093	4.7077	-1.3481317
751005	16094	4.3137474	-0.8953153
751005	16095	4.2076416	-0.9172127
751005	16096	4.5416975	-0.9543766
751005	16097	4.5300736	-0.9982611
751005	16098	3.2093673	-0.052969486
751005	16099	3.9777846	-0.80540377
751005	16100	4.343499	-0.92554593
751005	16101	4.095914	-0.78773564
751005	16102	4.0660367	-0.77573025
751005	16103	4.160086	-0.8233127
751005	16104	4.253815	-0.8503884
751005	16105	4.2935305	-0.8603007
751005	16106	4.278637	-0.8582824
751005	16107	4.254849	-0.8473246
751005	16108	3.9676147	-0.7153268
751005	16109	4.04622	-0.75835675
751005	16110	4.106985	-0.78801763
751005	16111	4.1933956	-0.8124056
751005	16112	4.186322	-0.85872626
751005	16113	4.2002444	-0.81143916
751005	16114	4.129504	-0.7947162
751005	16115	4.195159	-0.8191645
751005	16116	4.20663	-0.8179821
751005	16117	4.0815454	-0.77613676
751005	16118	3.7371826	-0.4486221
751005	16119	3.7633963	-0.5647559
751005	16120	3.5718937	-0.32458478
751005	16121	3.4728575	-0.4579052
751005	16122	3.9194636	-0.72088635
751005	16123	3.8141131	-0.6382508
751005	16124	3.562204	-0.42227405
751005	16125	3.3561587	-0.19882154
751005	16126	2.8497252	0.079366595
751005	16127	3.2663484	-0.28544638
751005	16128	3.342229	-0.31917578
751005	16129	3.9049501	-0.73359835
751005	16130	3.2681026	-0.10903233
751005	16131	3.5244732	-0.4075167
751005	16132	3.6839805	-0.45476943
751005	16133	3.636878	-0.41807586
751005	16134	3.6448889	-0.4180159
751005	16135	3.4835134	-0.22870724
751005	16136	3.5450335	-0.3500016
751005	16137	3.6930509	-0.466619
751005	16138	3.345337	-0.15120229
751005	16139	3.4361649	-0.284059
751005	16140	3.3722405	-0.15535286
751005	16141	2.6715698	0.33036706
751005	16142	2.4814725	0.59612286
751005	16143	2.4683914	0.41032198
751005	16144	2.5594144	0.44558027
751005	16145	2.528648	0.28524402
751005	16146	2.162027	0.7151021
751005	16147	2.010408	0.75737965
751005	16148	1.9204811	0.85644996
751005	16149	2.0105176	0.8449832
751005	16150	1.8363756	0.95274544
751005	16151	1.8520416	0.9006839
751005	16152	1.604648	1.2060676
751005	16153	1.695345	1.0455848
751005	16154	1.5082942	1.3245478
751005	16155	1.6435891	1.1201892
751005	16156	1.494399	1.3814325
751005	16157	1.4810076	1.3399302
751005	16158	1.2054217	1.6555629
751005	16159	1.0705578	1.7128594
751005	16160	0.6803192	2.2818975
751005	16161	0.2718256	2.8990016
751005	16162	0.28962737	2.9237783
751005	16163	0.25974113	2.9095807
751005	16164	-0.065051824	3.4419389
751005	16165	-0.23675886	3.6838043
751005	16166	-0.10074291	3.4865184
751005	16167	-0.603645	4.7157183
751005	16168	-0.8121283	5.1904078
751005	16169	-1.3898149	3.1023002
751005	16170	-1.3929732	2.8246684
751005	16171	-0.09711036	2.696736
751005	16172	-0.1536865	2.750221
751005	16173	0.424097	2.1742718
751005	16174	0.44789392	1.9555817
751005	16175	0.9498092	1.2199963
751005	16176	1.430172	0.83735335
751005	16177	1.5447446	0.6203699
751005	16178	2.0314355	0.4038947
751005	16179	0.009959638	1.7656944
751005	16180	0.17535186	2.6312537
751005	16181	-0.123162895	2.8530364
751005	16182	-0.3548137	3.7248142
751005	16183	0.2558431	0.4007531
751005	16184	-0.054793537	0.83053637
751005	16185	-0.42964476	1.758843
751005	16186	1.2596788	0.77542126
751005	16187	1.3883952	0.70567477
751005	16188	0.68222153	1.400624
751005	16189	1.8199254	0.37931833
751005	16190	2.0979052	0.4185771
751005	16191	2.1876602	0.10598037
751005	16192	2.173111	0.09343794
751005	16193	2.2543058	0.27237585
751005	16194	3.0922923	-0.20430824
751005	16195	3.194028	-0.52923614
751005	16196	2.5422049	-0.016250312
751005	16197	2.6298518	0.0125391185
751005	16198	2.713921	-0.038774192
751005	16199	2.752295	-0.08237404
751005	16200	2.762959	-0.09389746
751005	16201	2.452135	-0.005543649
751005	16202	2.4124193	0.11403063
751005	16203	2.6699739	-0.11749986
751005	16204	2.1695733	0.26332304
751005	16205	3.5643039	-0.8185582
751005	16206	1.2743906	-1.0217719
751005	16207	0.33646202	-0.14445642
751005	16208	0.3951584	0.07271692
751005	16209	0.34730417	2.1953173
751005	16210	0.6202153	1.6709578
751005	16211	0.66393733	1.6590185
751005	16212	0.52695286	1.7588525
751005	16213	0.08772266	2.2727063
751005	16214	0.38127524	2.1123743
751005	16215	0.3724025	2.1106448
751005	16216	0.4017787	2.0907042
751005	16217	0.6789535	2.1183171
751005	16218	1.026136	1.4471945
751005	16219	0.66229236	1.6028283
751005	16220	0.6126057	1.7992485
751005	16221	0.6120846	1.7792342
751005	16222	0.5452279	1.884716
751005	16223	0.65130377	1.7717729
751005	16224	0.60938346	1.8842859
751005	16225	0.70836544	1.7805419
751005	16226	0.80524576	1.6049256
751005	16227	0.7651088	1.6537228
751005	16228	0.796756	1.5757599
751005	16229	0.5991558	1.8377774
751005	16230	0.5992733	1.8752472
751005	16231	0.60045624	1.8829112
751005	16232	0.86009955	1.5580125
751005	16233	0.9087131	1.563966
751005	16234	0.9130393	1.5675704
751005	16235	0.96642005	1.5209255
751005	16236	0.86899996	1.6094413
751005	16237	0.9151341	1.5828693
751005	16238	0.84216464	1.6329722
751005	16239	0.9374032	1.5255183
751005	16240	1.1233443	1.3893521
751005	16241	1.0795411	1.4721923
751005	16242	1.0161548	1.5423417
751005	16243	1.0633044	1.4790844
751005	16244	0.9894693	1.5494568
751005	16245	1.0804354	1.4664203
751005	16246	1.0834745	1.4905138
751005	16247	0.93755007	1.6823184
751005	16248	1.2008752	1.3556486
751005	16249	1.0317278	1.5168823
751005	16250	1.0580634	1.550065
751005	16251	1.0465376	1.5616317
751005	16252	0.95531154	1.664315
751005	16253	1.045837	1.5717263
751005	16254	0.43524677	2.3306382
751005	16255	1.5816439	1.066137
751005	16256	1.2551467	1.2634438
751005	16257	0.5443846	2.194919
751005	16258	1.501599	0.97646
751005	16259	1.0908442	1.5315087
751005	16260	0.9887763	1.6935995
751005	16261	1.007854	1.6733296
751005	16262	1.0534579	1.6449172
751005	16263	1.4559468	1.1731751
751005	16264	1.3913386	1.2715347
751005	16265	0.8274487	1.7693479
751005	16266	1.0027778	1.6199517
751005	16267	1.0824076	1.5819764
751005	16268	1.0780045	1.5982714
751005	16269	0.97272384	1.7132881
751005	16270	0.989416	1.7185323
751005	16271	0.9996501	1.7019761
751005	16272	1.0524216	1.6747975
751005	16273	1.0316237	1.6890061
751005	16274	1.0047712	1.7190535
751005	16275	1.8778478	0.6805167
751005	16276	2.2688408	0.58579993
751005	16277	2.2012658	0.60651445
751005	16278	2.1857138	0.619846
751005	16279	2.04809	0.73327875
751005	16280	2.0516744	0.7237526
751005	16281	2.1037416	0.681599
751005	16282	2.1017385	0.6926601
751005	16283	1.9896878	0.783458
751005	16284	1.9872051	0.75178456
751005	16285	1.8878638	0.85000455
751005	16286	1.9312574	0.80120134
751005	16287	0.978753	1.7327638
751005	16288	2.3392859	0.24073645
751005	16289	2.1933079	0.6301756
751005	16290	1.2428597	0.1490207
751005	16291	0.77133536	-0.26200214
751005	16292	1.1615181	-0.3022049
751005	16293	0.14036113	0.94940066
751005	16294	0.26065004	0.56377125
751005	16295	0.25129926	0.6404631
751005	16296	1.9157397	0.32034507
751005	16297	1.9633313	0.4072322
751005	16298	1.7646207	0.67046607
751005	16299	1.3934741	0.99748266
751005	16300	1.6714255	0.8463036
751005	16301	1.5851046	0.8942057
751005	16302	0.67599356	2.2093692
751005	16303	0.9328991	1.6974642
751005	16304	0.91897213	1.8182325
751005	16305	0.79144526	1.941891
751005	16306	0.3172201	2.4675243
751005	16307	0.26654387	2.5419633
751005	16308	1.8574661	0.6702336
751005	16309	1.3352054	1.408202
751005	16310	1.030245	1.6834033
751005	16311	0.81059647	1.7213845
751005	16312	2.3122935	0.20841447
751005	16313	0.5213883	1.9017415
751005	16314	1.0329415	1.4790316
751005	16315	1.2486151	1.2173468
751005	16316	1.3714248	1.1653292
751005	16317	1.4053636	1.0808178
751005	16318	1.2708409	1.2600682
751005	16319	1.489335	1.0425085
751005	16320	1.4675941	1.0846597
751005	16321	1.5386571	1.0455083
751005	16322	1.555328	1.0153962
751005	16323	1.5935479	0.94850826
751005	16324	1.3422095	1.244666
751005	16325	1.5255316	1.0614737
751005	16326	1.4113168	1.2027018
751005	16327	1.5945755	1.0049638
751005	16328	1.5809287	1.0509104
751005	16329	1.5995103	1.0490212
751005	16330	1.5821992	1.065414
751005	16331	1.5939955	1.0604417
751005	16332	1.6756736	0.9831855
751005	16333	1.6446902	1.02981
751005	16334	1.5181526	1.0999078
751005	16335	1.5014247	1.1358093
751005	16336	1.7343303	0.92006683
751005	16337	1.812688	0.8841977
751005	16338	1.7230288	0.98343825
751005	16339	1.3425261	1.3529932
751005	16340	1.803511	0.67202866
751005	16341	1.5994614	1.0367464
751005	16342	1.511957	1.126014
751005	16343	1.5998617	1.0325903
751005	16344	1.7156559	0.90983987
751005	16345	1.6607739	1.0106695
751005	16346	1.8223125	0.8768736
751005	16347	1.3117579	1.5211248
751005	16348	1.433215	1.1093308
751005	16349	1.6532749	0.94669724
751005	16350	1.7362317	0.9539795
751005	16351	1.0287898	1.8212154
751005	16352	0.90221894	2.0302699
751005	16353	1.0447695	1.6232786
751005	16354	1.8583189	0.8796624
751005	16355	1.6795076	1.0530952
751005	16356	2.08666	0.78274107
751005	16357	1.6601402	1.1036509
751005	16358	1.8533481	0.88805807
751005	16359	1.9571456	0.86397374
751005	16360	1.9514638	0.8856741
751005	16361	1.8925887	0.90151894
751005	16362	1.8429276	0.9708799
751005	16363	2.0630198	0.82150257
751005	16364	2.276565	0.612566
751005	16365	2.1932688	0.67057633
751005	16366	1.92532	1.0375701
751005	16367	1.3455582	1.2909899
751005	16368	1.7048186	0.992964
751005	16369	1.9400765	0.8532969
751005	16370	2.1413188	0.7581253
751005	16371	2.1754851	0.75898945
751005	16372	2.197279	0.7548655
751005	16373	2.2162957	0.7136582
751005	16374	2.1543875	0.7711582
751005	16375	2.065824	0.7875078
751005	16376	2.0878205	0.80141795
751005	16377	2.1284223	0.79583776
751005	16378	2.18222	0.76787794
751005	16379	2.1972709	0.76963425
751005	16380	1.223505	1.6551545
751005	16381	2.8089495	-0.09287575
751005	16382	2.388311	0.7381871
751005	16383	2.168427	0.8167342
751005	16384	2.1817956	0.7871238
751005	16385	2.1598392	0.74250424
751005	16386	2.1442266	0.8251914
751005	16387	2.1744561	0.8158282
751005	16388	2.2824087	0.6960591
751005	16389	2.301733	0.6399015
751005	16390	2.1943865	0.73021066
751005	16391	2.0895329	0.84647274
751005	16392	2.372067	0.6221974
751005	16393	2.4431725	0.6349499
751005	16394	2.4862652	0.6014806
751005	16395	2.416357	0.6544664
751005	16396	2.6199465	0.47608528
751005	16397	2.5197358	0.6051047
751005	16398	3.9136248	-0.44984794
751005	16399	3.4234934	-0.25343186
751005	16400	3.2869868	-1.8669908
751005	16401	2.9387732	-1.4901993
751005	16402	3.8266592	-2.288681
751005	16403	3.9304547	-2.095683
751005	16404	3.7488012	-2.0120852
751005	16405	3.0906067	-1.793474
751005	16406	3.0487065	-1.7649165
751005	16407	4.323533	-1.2403916
751005	16408	2.3342876	-1.313276
751005	16409	2.5035353	-0.020129621
751005	16410	2.3242254	0.04229155
751005	16411	1.0696833	1.199241
751005	16412	1.3663578	1.0843892
751005	16413	1.1864269	1.2932508
751005	16414	1.1139877	1.5704529
751005	16415	1.6699337	0.85974157
751005	16416	3.3835511	-0.83559835
751005	16417	2.6072063	0.40156505
751005	16418	0.9404386	1.5799446
751005	16419	1.1969854	1.3410362
751005	16420	2.84403	-0.32073957
751005	16421	2.9128337	0.037730634
751005	16422	0.7210252	1.7284932
751005	16423	2.100369	0.3702136
751005	16424	1.7485565	0.9951422
751005	16425	0.56010425	1.9822736
751005	16426	2.1060615	0.41193727
751005	16427	1.3179033	1.5362324
751005	16428	1.4307109	1.0144094
751005	16429	1.3838918	1.2758213
751005	16430	0.6702639	2.1358306
751005	16431	1.1632551	1.5751128
751005	16432	1.2191194	1.6453481
751005	16433	0.94486654	1.7686343
751005	16434	1.4488605	-0.4302232
751005	16435	1.2426362	-0.38007593
751005	16436	1.4050939	-0.34052634
751005	16437	0.63924384	1.8543601
751005	16438	0.546402	2.286396
751005	16439	0.46001786	2.218614
751005	16440	0.33660227	2.44961
751005	16441	0.22449946	2.7905943
751005	16442	0.080453515	3.1323376
751005	16443	0.13455695	0.43345347
751005	16444	0.5565989	0.3056092
751005	16445	0.24225849	0.47179922
751005	16446	0.4422348	0.2832429
751005	16447	0.70900273	0.1505337
751005	16448	0.690348	0.18697068
751005	16449	0.49452484	0.30744353
751005	16450	0.18748641	0.5181321
751005	16451	0.22863895	0.52036
751005	16452	0.2589637	0.54152405
751005	16453	0.2709731	0.5296328
751005	16454	0.40389156	0.37006822
751005	16455	0.3516308	0.45620218
751005	16456	0.3668946	0.4480028
751005	16457	0.31568378	0.49431643
751005	16458	0.23590964	0.55726457
751005	16459	0.18759179	0.59073937
751005	16460	0.17507142	0.5983027
751005	16461	0.17719495	0.5948622
751005	16462	0.082353294	0.6657611
751005	16463	0.3312161	0.419964
751005	16464	0.2535606	0.5541402
751005	16465	0.18548691	0.6044557
751005	16466	0.15450668	0.62087786
751005	16467	0.048520923	0.7235187
751005	16468	0.061673462	0.7247789
751005	16469	0.1479215	0.64391077
751005	16470	0.136055	0.66734695
751005	16471	0.118744016	0.67444456
751005	16472	0.42518848	0.2840356
751005	16473	0.051154315	0.655522
751005	16474	0.5170363	0.25621352
751005	16475	0.6075331	0.24116382
751005	16476	0.46558243	0.41725084
751005	16477	0.6099217	0.28679124
751005	16478	0.66371	0.28939995
751005	16479	0.5914432	0.33817926
751005	16480	0.48815644	0.47518435
751005	16481	0.6206969	0.36860463
751005	16482	0.5876417	0.44663718
751005	16483	0.55084884	0.5039216
751005	16484	0.5590173	0.50136685
751005	16485	0.2696097	0.6823549
751005	16486	0.20674962	0.7525071
751005	16487	0.39858645	0.43065855
751005	16488	2.8213406	-0.014139414
751005	16489	2.8990521	0.10555282
751005	16490	2.6491208	0.35103104
751005	16491	2.5440373	0.3962094
751005	16492	2.665794	0.2750685
751005	16493	2.5356874	0.36146626
751005	16494	2.4072351	0.4350877
751005	16495	2.5421176	0.34590057
751005	16496	2.575447	0.35009345
751005	16497	2.7921715	0.1733726
751005	16498	2.7761788	0.22583005
751005	16499	2.77743	0.20425221
751005	16500	2.7284975	0.24645099
751005	16501	2.6935349	0.2488223
751005	16502	2.713697	0.2270377
751005	16503	2.7802334	0.19655272
751005	16504	2.734353	0.23680195
751005	16505	2.729908	0.22675344
751005	16506	2.6071892	0.33051857
751005	16507	2.7060757	0.2378861
751005	16508	2.6943526	0.26811585
751005	16509	2.4576097	0.43368956
751005	16510	2.504099	0.36507317
751005	16511	2.7467155	0.180195
751005	16512	2.7617784	0.22134325
751005	16513	2.745975	0.22656307
751005	16514	2.8321028	0.14356288
751005	16515	2.6493425	0.31500867
751005	16516	2.6170158	0.31996152
751005	16517	2.393529	0.62425756
751005	16518	2.6415582	0.21343729
751005	16519	2.742752	0.22532782
751005	16520	2.7944078	0.21396741
751005	16521	2.7815819	0.2174767
751005	16522	2.5832891	0.35904226
751005	16523	2.5418901	0.38928524
751005	16524	2.6539135	0.29842606
751005	16525	2.6253061	0.3577676
751005	16526	2.1819372	0.831957
751005	16527	2.4497647	0.3822659
751005	16528	2.5758533	0.35678926
751005	16529	2.5986195	0.39703682
751005	16530	2.6134925	0.34830526
751005	16531	3.1975965	-0.05682707
751005	16532	1.9672693	0.9621266
751005	16533	2.6403074	0.28238967
751005	16534	2.7325096	0.36875567
751005	16535	2.5685625	0.442309
751005	16536	2.754746	0.27296355
751005	16537	2.7934299	0.2991558
751005	16538	2.6784315	0.36972204
751005	16539	2.6485925	0.42461154
751005	16540	2.469027	0.5255122
751005	16541	2.5491738	0.4513196
751005	16542	2.6175532	0.40958628
751005	16543	2.4646778	0.534812
751005	16544	2.5045152	0.5050341
751005	16545	3.6721287	-0.469276
751005	16546	1.9407626	1.073702
751005	16547	2.3722248	0.542083
751005	16548	2.7102723	0.3207157
751005	16549	2.876563	0.26505503
751005	16550	2.8592896	0.2909688
751005	16551	2.7373881	0.36647162
751005	16552	2.7414508	0.36430952
751005	16553	2.8026	0.32272944
751005	16554	2.8595529	0.28196606
751005	16555	3.0828047	0.13791654
751005	16556	3.0983343	0.11768815
751005	16557	3.06289	0.122360915
751005	16558	3.088233	0.08779505
751005	16559	3.136273	0.071611136
751005	16560	3.0061154	0.19416282
751005	16561	2.9785442	0.19612387
751005	16562	2.8891454	0.2623022
751005	16563	2.8773227	0.26251814
751005	16564	2.8775268	0.31861869
751005	16565	2.6219053	0.45513108
751005	16566	2.9522552	0.1418859
751005	16567	3.0134473	0.15694955
751005	16568	2.9953375	0.16784409
751005	16569	2.8903594	0.24635145
751005	16570	2.9116187	0.20858088
751005	16571	2.8548326	0.2640414
751005	16572	2.78968	0.3011749
751005	16573	2.840096	0.26888153
751005	16574	2.6858945	0.39981017
751005	16575	2.6776686	0.3670387
751005	16576	2.8665533	0.22528538
751005	16577	2.8435245	0.29610375
751005	16578	2.627098	0.43519244
751005	16579	2.5412831	0.45689777
751005	16580	2.6440468	0.3746359
751005	16581	2.709838	0.3485466
751005	16582	2.783103	0.31904498
751005	16583	2.677989	0.39667097
751005	16584	2.686195	0.36810282
751005	16585	2.8575091	0.22721109
751005	16586	2.9306092	0.22480819
751005	16587	2.862939	0.2789881
751005	16588	2.890408	0.22592857
751005	16589	2.929708	0.20410475
751005	16590	2.9682732	0.18809798
751005	16591	2.9884753	0.17908993
751005	16592	2.9705315	0.20092478
751005	16593	2.879033	0.25984833
751005	16594	2.8854122	0.23794582
751005	16595	2.9352083	0.19180492
751005	16596	3.1550412	0.036255687
751005	16597	3.7603889	-0.5303754
751005	16598	2.9982548	0.2684196
751005	16599	2.9349747	0.16864857
751005	16600	2.979578	0.1628888
751005	16601	3.084227	0.097605914
751005	16602	3.0233598	0.12888077
751005	16603	3.6970396	-0.55485904
751005	16604	3.5537248	-0.15176585
751005	16605	3.4495869	-0.21484491
751005	16606	3.2479587	-0.11263484
751005	16607	3.3463392	-0.21743542
751005	16608	2.2626033	0.6976193
751005	16609	2.4155836	0.51157224
751005	16610	1.9765602	0.933869
751005	16611	1.6625186	1.1969643
751005	16612	1.5300299	1.3290094
751005	16613	0.90985954	1.9329922
751005	16614	0.059856236	3.685157
751005	16615	-0.027245313	3.5599725
751005	16616	-0.25423667	4.250509
751005	16617	-0.50599605	4.9338264
751005	16618	-0.35953295	4.4562078
751005	16619	-0.40143582	4.5344667
751005	16620	-0.7401251	5.0452065
751005	16621	-0.3760516	4.41899
751005	16622	-0.976911	3.126462
751005	16623	-1.0064554	2.2239182
751005	16624	-0.84379077	2.3411553
751005	16625	0.4910894	2.470345
751005	16626	-0.041411072	3.3101456
751005	16627	0.26340914	3.0301816
751005	16628	0.83101726	2.19125
751005	16629	0.86428344	1.894912
751005	16630	-0.53374285	1.3285608
751005	16631	-0.6582697	1.6966558
751005	16632	0.86022925	1.243731
751005	16633	0.5703274	1.7662811
751005	16634	0.5982139	1.8702796
751005	16635	0.5027056	2.0017653
751005	16636	1.2179124	1.2246944
751005	16637	1.2721978	1.0532383
751005	16638	0.65189064	0.17610493
751005	16639	2.0460358	0.2665644
751005	16640	2.4010243	0.07856807
751005	16641	2.284449	0.13234481
751005	16642	1.6279448	0.8729875
751005	16643	1.5675288	0.8157407
751005	16644	1.8570474	0.5867528
751005	16645	2.122878	0.3899838
751005	16646	2.0993552	0.51095355
751005	16647	2.7435155	0.16916505
751005	16648	2.2470298	0.2615712
751005	16649	3.0308633	-0.31062478
751005	16650	3.448597	-0.4008991
751005	16651	3.2835197	-0.25493518
751005	16652	3.0649438	-0.14944884
751005	16653	3.1659346	-0.27059937
751005	16654	3.4609075	-0.49258158
751005	16655	3.3113985	-0.30148274
751005	16656	3.2244883	-0.30886966
751005	16657	3.1221967	-0.24126585
751005	16658	3.3331585	-0.4096936
751005	16659	3.14813	-0.19863853
751005	16660	3.2684183	-0.37951985
751005	16661	3.1480064	-0.21557236
751005	16662	3.2241755	-0.3316846
751005	16663	3.3836007	-0.40042162
751005	16664	3.4706244	-0.33547294
751005	16665	3.600062	-0.50465703
751005	16666	3.0598593	-0.009904951
751005	16667	2.663465	0.14419642
751005	16668	2.6380892	0.19606546
751005	16669	2.939937	0.02703917
751005	16670	2.9783177	-0.120954216
751005	16671	3.0325856	0.0073152184
751005	16672	3.1511111	-0.082514524
751005	16673	3.0190096	-0.14207622
751005	16674	4.017492	-0.83421004
751005	16675	3.0451226	0.03492987
751005	16676	3.409523	-0.3798653
751005	16677	4.963977	-1.7418071
751005	16678	4.233254	-2.3635986
751005	16679	3.4848666	-0.66054934
751005	16680	2.972888	-0.39875475
751005	16681	2.81039	-0.01084134
751005	16682	2.8579345	-0.1292158
751005	16683	2.9461408	-0.122059256
751005	16684	2.9450111	-0.10533583
751005	16685	2.5308356	0.27213684
751005	16686	2.2240152	0.6136677
751005	16687	2.344636	0.49983618
751005	16688	2.0104213	0.9388722
751005	16689	2.1494002	0.63908386
751005	16690	2.532301	0.3649527
751005	16691	2.445253	0.5077727
751005	16692	2.4067044	0.523473
751005	16693	1.479625	1.415499
751005	16694	2.7829604	0.10016891
751005	16695	4.0242276	-0.6955488
751005	16696	3.1033888	0.13279054
751005	16697	1.290082	1.2844975
751005	16698	1.8762709	0.97825825
751005	16699	2.1498103	0.791893
751005	16700	2.2196712	0.74050593
751005	16701	2.7489033	0.2775269
751005	16702	2.5100107	0.5542594
751005	16703	2.364512	0.6376684
751005	16704	2.3220105	0.5681493
751005	16705	2.6401892	0.29069653
751005	16706	2.6592374	0.32845816
751005	16707	2.6089969	0.38924643
751005	16708	2.486143	0.46672884
751005	16709	3.4554152	-0.2796438
751005	16710	2.7932181	0.32579407
751005	16711	1.4619071	1.2183161
751005	16712	3.0303864	-0.029781044
751005	16713	2.365851	0.6601149
751005	16714	2.5087943	0.44350895
751005	16715	2.6997147	0.3309315
751005	16716	2.4526415	0.54327834
751005	16717	3.911384	-0.7146838
751005	16718	3.7063322	-0.3529573
751005	16719	2.055348	0.7916596
751005	16720	2.9103966	0.12873068
751005	16721	3.2373238	-0.08889085
751005	16722	4.2112255	-0.8257287
751005	16723	4.4751687	-0.96590924
751005	16724	4.629615	-0.95135283
751005	16725	2.4958315	0.45197746
751005	16726	2.214857	0.93120193
751005	16727	2.0012574	0.8329171
751005	16728	3.5967484	-0.442293
751005	16729	3.446741	-0.12722385
751005	16730	3.404879	-0.019701809
751005	16731	3.4239092	-0.0991568
751005	16732	3.4731317	-0.026610315
751005	16733	3.1989741	0.22137967
751005	16734	2.6809359	0.5576515
751005	16735	2.5552282	0.73443985
751005	16736	2.7188878	0.40609738
751005	16737	3.1948519	0.028240144
751005	16738	3.136621	0.11588952
751005	16739	3.3576307	-0.122263074
751005	16740	3.6271448	-0.3198096
751005	16741	2.5995893	0.51514554
751005	16742	3.1359582	-0.04324597
751005	16743	2.835207	0.17587617
751005	16744	2.9783487	0.12927958
751005	16745	2.944188	0.049619645
751005	16746	3.0840154	0.039874494
751005	16747	3.0550108	-0.058454573
751005	16748	3.1923165	-0.03744489
751005	16749	2.7479124	0.22028187
751005	16750	3.336514	-0.24273393
751005	16751	3.1666975	-0.03657791
751005	16752	3.198122	-0.07980579
751005	16753	3.2152996	-0.1060901
751005	16754	3.3226624	-0.1712802
751005	16755	3.1469855	-0.036376625
751005	16756	3.1911578	-0.10644698
751005	16757	3.111239	-0.024339676
751005	16758	3.1762085	-0.11810058
751005	16759	3.1775298	-0.13071501
751005	16760	3.249298	-0.15633845
751005	16761	3.13128	-0.09859577
751005	16762	3.2186542	-0.12745225
751005	16763	3.1517615	-0.12023306
751005	16764	3.0862422	-0.0090712905
751005	16765	2.9691	0.018602043
751005	16766	3.0321693	0.013902545
751005	16767	2.9109054	0.09182593
751005	16768	2.722824	0.2641215
751005	16769	2.7879243	0.1649085
751005	16770	2.8412042	0.105914146
751005	16771	2.9381046	0.07042667
751005	16772	2.854992	0.103806645
751005	16773	3.1255136	-0.09974596
751005	16774	2.9254808	0.0851492
751005	16775	2.9805045	0.07514754
751005	16776	2.8564453	0.12232831
751005	16777	3.2974157	-0.24149904
751005	16778	3.0491114	-0.00094667077
751005	16779	3.3147907	-0.23303176
751005	16780	3.071847	0.042199522
751005	16781	3.1986394	-0.1682728
751005	16782	3.0661788	0.03587544
751005	16783	3.0336547	-0.0028359592
751005	16784	2.9825792	0.020637095
751005	16785	3.1311312	-0.09266308
751005	16786	3.7425098	-0.56825125
751005	16787	3.4196258	-0.2768513
751005	16788	2.836525	0.23630777
751005	16789	2.7860394	0.18443921
751005	16790	2.7266169	0.24021897
751005	16791	2.7946448	0.1598871
751005	16792	2.4503083	0.4633703
751005	16793	2.056469	0.6657162
751005	16794	2.4507403	0.40764216
751005	16795	3.6486988	-0.55060434
751005	16796	1.8301622	0.964388
751005	16797	2.6941943	0.33633283
751005	16798	2.7120872	0.30921516
751005	16799	2.751605	0.24427405
751005	16800	2.579739	0.40607592
751005	16801	2.6650863	0.28641304
751005	16802	2.5790043	0.39092353
751005	16803	2.6666927	0.28482166
751005	16804	2.655797	0.30649766
751005	16805	2.772972	0.2578011
751005	16806	2.524942	0.54160345
751005	16807	2.8615656	0.18577775
751005	16808	2.5111566	0.3839638
751005	16809	2.864221	0.16048548
751005	16810	2.4267306	0.53864264
751005	16811	2.8445935	0.12861529
751005	16812	2.5294304	0.40472016
751005	16813	2.7489867	0.17827663
751005	16814	2.4487262	0.46961364
751005	16815	2.4718046	0.42966715
751005	16816	2.529595	0.36622676
751005	16817	2.8248553	0.10985586
751005	16818	2.6015892	0.340324
751005	16819	2.4997158	0.3792937
751005	16820	3.0416665	-0.10274115
751005	16821	2.5940843	0.3957151
751005	16822	2.5371428	0.37617508
751005	16823	2.7120562	0.20514885
751005	16824	2.6405573	0.30064633
751005	16825	2.73769	0.19888148
751005	16826	2.6732106	0.23176768
751005	16827	2.7842693	0.17418954
751005	16828	2.6326952	0.2517949
751005	16829	2.7455325	0.22873715
751005	16830	2.742539	0.18582395
751005	16831	2.8351645	0.15161052
751005	16832	2.706655	0.21680543
751005	16833	2.8146381	0.18301305
751005	16834	2.68886	0.23193642
751005	16835	2.7920275	0.20068505
751005	16836	2.603119	0.35852692
751005	16837	1.4753873	-0.33495557
751005	16838	0.7683648	-0.09586346
751005	16839	0.18288988	0.44722542
751005	16840	0.1424604	0.5153376
751005	16841	0.012015462	0.49513045
751005	16842	0.45371544	-0.066183805
751005	16843	1.1424807	-0.9712447
751005	16844	0.9429922	-0.21539363
751005	16845	0.5455669	0.030765533
751005	16846	0.3865142	0.1314862
751005	16847	0.6418848	0.05579987
751005	16848	0.56386805	0.09155032
751005	16849	0.6502211	0.079797894
751005	16850	0.65528667	0.026918113
751005	16851	0.6561829	0.10165855
751005	16852	0.6786233	0.028077453
751005	16853	0.65591633	0.10861173
751005	16854	0.68983054	0.02643311
751005	16855	0.659814	0.051074058
751005	16856	0.49387777	0.21793023
751005	16857	0.51534593	0.22176191
751005	16858	0.51892114	0.21223465
751005	16859	0.565992	0.14336029
751005	16860	0.5569036	0.23573866
751005	16861	0.6588322	0.10810611
751005	16862	0.6411685	0.13730493
751005	16863	0.7487917	0.20486411
751005	16864	0.87740815	0.10235283
751005	16865	0.86581457	1.666672
751005	16866	0.30638617	2.2962704
751005	16867	0.30001128	2.3768964
751005	16868	0.107663155	2.6201282
751005	16869	0.075648785	2.5570116
751005	16870	0.011645198	2.661473
751005	16871	0.030912936	2.639176
751005	16872	-0.018584967	2.6624053
751005	16873	0.09382433	2.5264056
751005	16874	0.08563715	2.5741844
751005	16875	0.10932964	2.5874019
751005	16876	0.11558169	2.5729125
751005	16877	0.14231265	2.5645077
751005	16878	0.067466676	2.5890718
751005	16879	0.14795029	2.519922
751005	16880	0.043037415	2.576819
751005	16881	0.10537958	2.5572188
751005	16882	0.039292753	2.575715
751005	16883	0.09835744	2.5596342
751005	16884	0.087495506	2.597299
751005	16885	0.10328269	2.630102
751005	16886	0.11029464	2.6321838
751005	16887	0.11247873	2.642771
751005	16888	0.048053503	2.632721
751005	16889	0.09532696	2.5967665
751005	16890	0.07228714	2.6552556
751005	16891	0.1351763	2.6143136
751005	16892	0.08094019	2.5980494
751005	16893	0.116675556	2.612373
751005	16894	0.09905064	2.6595993
751005	16895	0.105471075	2.674254
751005	16896	0.09614664	2.6829035
751005	16897	0.111701846	2.6749413
751005	16898	0.105134666	2.7012281
751005	16899	0.13394243	2.666046
751005	16900	0.11565113	2.7077107
751005	16901	0.1443882	2.6724217
751005	16902	0.114907205	2.720205
751005	16903	0.26618713	2.5969234
751005	16904	0.24304825	2.6125863
751005	16905	0.14541483	2.624843
751005	16906	0.15818495	2.6601346
751005	16907	0.13094735	2.6977854
751005	16908	0.23502958	2.5833526
751005	16909	0.18765157	2.6294355
751005	16910	0.20961165	2.6121566
751005	16911	0.19879162	2.6479213
751005	16912	0.2160629	2.6355343
751005	16913	0.032853782	2.9881554
751005	16914	0.066782415	2.8553839
751005	16915	0.14831948	2.6588335
751005	16916	0.13192987	2.7551954
751005	16917	0.27687234	2.6028209
751005	16918	0.24476695	2.673798
751005	16919	0.24815303	2.6931832
751005	16920	-0.09173566	3.012829
751005	16921	-0.44410554	3.5666783
751005	16922	1.3596803	1.360531
751005	16923	-0.10214278	3.0556054
751005	16924	-0.0719043	3.1145935
751005	16925	-0.0332568	2.975371
751005	16926	-0.09137601	2.978243
751005	16927	-0.06852758	3.0038214
751005	16928	-0.33071497	3.510566
751005	16929	-0.26891097	1.474393
751005	16930	-0.02115503	1.2336587
751005	16931	-0.14483434	1.2558279
751005	16932	0.02689594	1.0986316
751005	16933	0.43912333	0.43281034
751005	16934	-0.1525431	1.2953197
751005	16935	0.18288666	0.7895405
751005	16936	0.48826563	2.3799305
751005	16937	-0.12402335	2.8901618
751005	16938	-0.07904729	2.9224286
751005	16939	-0.25854453	3.4938178
751005	16940	0.07382798	2.784733
751005	16941	0.23220062	2.588133
751005	16942	0.13017899	2.8475816
751005	16943	0.1370092	2.850787
751005	16944	0.059964716	3.189321
751005	16945	0.16547626	2.8395905
751005	16946	0.84412134	1.922224
751005	16947	2.434071	0.40598997
751005	16948	3.9882026	-0.18216261
751005	16949	3.2509694	-2.449919
751005	16950	3.1955051	-1.9911497
751005	16951	2.9146075	-1.8662529
751005	16952	4.1521673	-2.9621966
751005	16953	5.533652	-2.3346515
751005	16954	5.3310437	-2.0247753
751005	16955	5.6796236	-2.23445
751005	16956	5.5039487	-2.0790641
751005	16957	5.362066	-1.811104
751005	16958	5.7895722	-2.3587542
751005	16959	5.7879386	-2.1396081
751005	16960	6.0442767	-2.2385297
751005	16961	6.286498	-2.3479204
751005	16962	5.6818	-1.8962773
751005	16963	4.289311	-2.3789499
751005	16964	4.1958866	-2.2971756
751005	16965	3.961503	-2.3585966
751005	16966	5.439864	-3.2458487
751005	16967	5.2841	-2.2612207
751005	16968	5.472216	-2.1315854
751005	16969	5.727568	-2.367663
751005	16970	5.769033	-2.2281134
751005	16971	5.683607	-2.11483
751005	16972	5.1813145	-1.6421994
751005	16973	4.8993893	-1.6539218
751005	16974	4.746549	-1.5381758
751005	16975	4.559776	-1.4767884
751005	16976	4.527981	-1.416537
751005	16977	5.335895	-2.073103
751005	16978	5.5681276	-2.111908
751005	16979	5.213645	-1.8231957
751005	16980	4.884141	-1.7023242
751005	16981	4.813141	-1.5787021
751005	16982	5.171616	-1.9496076
751005	16983	5.4114666	-2.0600295
751005	16984	5.1520286	-1.7616544
751005	16985	5.421113	-1.8216012
751005	16986	6.270038	-2.7603993
751005	16987	6.0778866	-2.3208427
751005	16988	6.1890955	-2.5204306
751005	16989	6.0235457	-2.3141327
751005	16990	6.087896	-2.3933284
751005	16991	5.621516	-1.9436406
751005	16992	5.3869743	-1.9736756
751005	16993	5.9386506	-2.5243292
751005	16994	6.427089	-2.7397835
751005	16995	6.303367	-2.6343002
751005	16996	6.63782	-2.9331155
751005	16997	5.625813	-3.4755845
751005	16998	5.825611	-3.5276856
751005	16999	5.7566266	-3.4593847
751005	17000	5.7923293	-2.6548398
751005	17001	5.3069067	-2.0580797
751005	17002	4.5542617	-1.2427564
751005	17003	4.879525	-1.8556385
751005	17004	4.7401366	-1.7140598
751005	17005	4.6624007	-1.3036551
751005	17006	4.4267573	-1.3115298
751005	17007	4.382023	-1.2092332
751005	17008	4.27902	-1.1857811
751005	17009	4.0594816	-1.0703903
751005	17010	4.723934	-1.5964704
751005	17011	4.638904	-1.715382
751005	17012	4.452935	-1.2119783
751005	17013	4.255339	-1.0159159
751005	17014	4.111437	-0.95131946
751005	17015	4.828693	-1.8349713
751005	17016	4.765857	-1.3359395
751005	17017	3.6034641	-0.85014987
751005	17018	3.3842583	-0.25604677
751005	17019	3.3052034	-0.46150425
751005	17020	3.2782788	-0.39066553
751005	17021	2.2307606	0.59624386
751005	17022	2.1730037	0.77275264
751005	17023	2.3106923	0.6588994
751005	17024	2.4247718	0.5304545
751005	17025	2.3992257	0.5432805
751005	17026	1.9967691	1.042084
751005	17027	3.2423744	-0.4930914
751005	17028	3.5456438	-0.511014
751005	17029	4.1145234	-1.1719742
751005	17030	4.4293914	-1.4092313
751005	17031	4.310735	-1.1430097
751005	17032	4.1607733	-1.0605863
751005	17033	4.120508	-1.0173672
751005	17034	4.1642857	-1.0943205
751005	17035	4.1614122	-1.0507607
751005	17036	4.142665	-1.0629816
751005	17037	4.149637	-1.0599113
751005	17038	4.137448	-1.0534343
751005	17039	4.1244817	-1.0494024
751005	17040	4.790667	-1.7954499
751005	17041	4.982173	-1.791378
751005	17042	4.8086114	-1.6597223
751005	17043	4.3062487	-1.3374002
751005	17044	5.006157	-1.9415994
751005	17045	5.549163	-2.2507713
751005	17046	5.528308	-2.2393072
751005	17047	5.527883	-2.0751386
751005	17048	5.064681	-1.8117296
751005	17049	4.867914	-1.5754237
751005	17050	4.992765	-1.9555472
751005	17051	5.548408	-2.3099742
751005	17052	5.9491634	-2.3595924
751005	17053	5.06807	-3.0597332
751005	17054	5.1871653	-3.060731
751005	17055	4.6145215	-2.6954315
751005	17056	4.554218	-2.6409678
751005	17057	4.5238585	-2.7375162
751005	17058	3.410986	-0.6094423
751005	17059	3.478794	-0.56295526
751005	17060	3.0569258	-0.21216524
751005	17061	2.8442225	-0.0020179152
751005	17062	2.7986841	0.091638714
751005	17063	4.024077	-0.94347465
751005	17064	2.5566664	0.22821578
751005	17065	2.4503422	0.34004012
751005	17066	3.5585475	-0.4929043
751005	17067	3.1064978	-0.094316065
751005	17068	2.6613436	0.14845785
751005	17069	2.5280252	0.3654072
751005	17070	3.5188136	-0.48595333
751005	17071	4.1127048	-1.1104021
751005	17072	3.5169625	-0.5288134
751005	17073	2.8529305	-0.23219913
751005	17074	3.6364155	-0.6574376
751005	17075	3.4732242	-0.50862783
751005	17076	3.349658	-0.39285576
751005	17077	2.6195102	0.1177111
751005	17078	2.6966295	-0.031084567
751005	17079	2.7680192	-0.031760186
751005	17080	3.703071	-0.898216
751005	17081	4.383904	-1.218745
751005	17082	4.2494273	-1.1584436
751005	17083	4.665161	-2.7314737
751005	17084	4.7872043	-2.7624633
751005	17085	3.8130984	-1.2191846
751005	17086	2.8274446	-0.53630906
751005	17087	3.201602	-0.80172205
751005	17088	3.0815964	-0.47324222
751005	17089	3.0902247	-0.67112285
751005	17090	3.0733733	-0.546276
751005	17091	1.7704755	-1.3738557
751005	17092	2.8532581	-1.9465222
751005	17093	1.4784126	-1.1428709
751005	17094	2.854918	-0.61334807
751005	17095	1.7736708	-0.018946826
751005	17096	2.5168266	-0.3995676
751005	17097	0.8897377	-1.3373295
751005	17098	1.1934755	-1.2391464
751005	17099	2.6805873	-1.7130789
751005	17100	2.8319192	-1.0864823
751005	17101	2.2324748	-0.5087683
751005	17102	0.6013231	-0.39047843
751005	17103	2.220541	-0.4566557
751005	17104	1.6210872	0.037915766
751005	17105	1.7936751	0.038785845
751005	17106	2.1592898	-0.11599499
751005	17107	2.2145815	-0.22150098
751005	17108	0.7040814	-0.5239519
751005	17109	1.1407773	-1.3352207
751005	17110	2.863927	-0.64644676
751005	17111	1.6216062	-0.070771664
751005	17112	2.4931073	-0.5263459
751005	17113	3.6619825	-1.1714649
751005	17114	1.0079052	-1.1810474
751005	17115	2.2674975	-1.6216835
751005	17116	2.1666417	-1.5876245
751005	17117	2.8895545	-0.8320351
751005	17118	2.26477	-0.5404909
751005	17119	0.41047162	-0.23055652
751005	17120	1.647427	-1.1416905
751005	17121	2.5927362	-0.6924941
751005	17122	1.9557239	-0.31813365
751005	17123	0.33964378	-0.022958487
751005	17124	1.5622336	-0.9970771
751005	17125	2.0445218	-1.4137473
751005	17126	2.5100198	-1.825891
751005	17127	2.8327737	-1.9582863
751005	17128	2.0891204	0.36311182
751005	17129	1.9785253	0.5806434
751005	17130	1.6332415	0.9074781
751005	17131	1.8605248	0.64375937
751005	17132	1.5441328	1.0280104
751005	17133	1.5389158	0.8465377
751005	17134	2.3715544	0.4447442
751005	17135	2.7841697	-0.14351183
751005	17136	2.9781704	-0.16517672
751005	17137	3.2271037	-0.44034955
751005	17138	3.0522828	-0.3167078
751005	17139	2.515571	0.10167065
751005	17140	2.8132205	-0.13842103
751005	17141	1.9759737	0.4730117
751005	17142	2.0152984	0.5869725
751005	17143	1.940431	0.5065738
751005	17144	2.64473	0.000744313
751005	17145	2.9449816	-0.25123972
751005	17146	3.4150457	-0.85263073
751005	17147	3.7722979	-0.9262445
751005	17148	3.3954196	-0.7012599
751005	17149	3.4904852	-0.75336134
751005	17150	4.1691575	-1.2182647
751005	17151	3.1961732	-0.47580317
751005	17152	3.6914897	-0.83749723
751005	17153	1.9490222	0.63241637
751005	17154	1.7391099	0.7067659
751005	17155	1.3223716	1.1605185
751005	17156	1.4691684	1.1173538
751005	17157	1.3663471	1.2189481
751005	17158	1.357947	1.2717493
751005	17159	1.2776593	1.3534724
751005	17160	1.2230043	1.4198707
751005	17161	0.43765503	2.6094227
751005	17162	1.8167592	1.1916083
751005	17163	2.0281882	1.0936567
751005	17164	0.810783	2.0723145
751005	17165	0.60800266	2.4537795
751005	17166	1.2782196	1.5660336
751005	17167	1.1686852	1.6190171
751005	17168	1.2884624	1.4741901
751005	17169	1.3915045	1.3438473
751005	17170	1.4452432	1.3060371
751005	17171	1.2848313	1.465353
751005	17172	1.3072782	1.5687022
751005	17173	0.6635753	2.4005635
751005	17174	0.9435586	2.6746461
751005	17175	0.82636094	2.3728366
751005	17176	0.615759	2.5055704
751005	17177	0.52293015	2.9316232
751005	17178	0.57627547	2.5802553
751005	17179	0.09225106	3.3408504
751005	17180	1.00306	2.1072855
751005	17181	0.9094775	2.3228955
751005	17182	0.591184	2.4268107
751005	17183	0.5282546	2.8971553
751005	17184	0.6279154	2.4194424
751005	17185	0.53595614	2.8052177
751005	17186	0.64952683	2.3622353
751005	17187	0.5353651	2.7838275
751005	17188	0.68632495	2.308223
751005	17189	0.5586488	2.733221
751005	17190	0.70633256	2.2750428
751005	17191	1.3662546	1.5862668
751005	17192	1.482467	1.5079068
751005	17193	0.92952776	2.1364524
751005	17194	0.2878446	3.2036927
751005	17195	1.8786486	1.0452862
751005	17196	1.8052009	1.1961375
751005	17197	1.3122228	1.9082191
751005	17198	0.7750368	2.3354595
751005	17199	0.9151151	2.2984495
751005	17200	1.1919456	1.8967934
751005	17201	2.1924167	0.68935466
751005	17202	2.4309216	0.8667253
751005	17203	1.2897389	1.7814312
751005	17204	1.38784	1.6725221
751005	17205	0.8605951	2.054124
751005	17206	0.025366485	3.395697
751005	17207	0.24511719	3.27372
751005	17208	0.6863266	2.4630547
751005	17209	1.007876	2.2111738
751005	17210	0.5077207	2.69562
751005	17211	0.10320717	3.0675468
751005	17212	1.1492032	1.675777
751005	17213	1.0061345	2.0034604
751005	17214	0.6882007	2.2449217
751005	17215	0.7936479	2.198176
751005	17216	1.373827	1.4362633
751005	17217	1.2459133	1.7995548
751005	17218	0.98088706	1.8573477
751005	17219	0.9789368	1.9985652
751005	17220	1.1233771	1.946831
751005	17221	1.1510445	1.6563919
751005	17222	1.2354832	1.726793
751005	17223	0.77924645	2.2944043
751005	17224	1.1154152	1.7406971
751005	17225	0.8857125	2.1718996
751005	17226	1.1902641	1.6811738
751005	17227	0.9406922	2.1178055
751005	17228	1.1406689	1.7401562
751005	17229	0.90216744	2.1625483
751005	17230	0.99379957	2.0846436
751005	17231	1.7220508	1.0920515
751005	17232	0.6274766	2.373249
751005	17233	0.48153883	3.1038115
751005	17234	0.027386546	3.325367
751005	17235	1.1254879	1.7612431
751005	17236	1.0452855	1.9683588
751005	17237	1.23116	1.6244087
751005	17238	0.9823998	2.0763443
751005	17239	1.2599953	1.5886242
751005	17240	1.1308881	1.8416932
751005	17241	1.1800711	1.8992229
751005	17242	1.197091	1.632756
751005	17243	1.3679664	1.6155939
751005	17244	0.8138951	2.2448266
751005	17245	0.64920115	2.3556979
751005	17246	1.3192946	1.4787862
751005	17247	1.1969523	1.843787
751005	17248	1.2053216	1.6434207
751005	17249	0.6491442	2.3998406
751005	17250	1.0605307	1.9655674
751005	17251	1.6427013	1.1525984
751005	17252	1.9274043	1.1862276
751005	17253	0.9983227	2.0322056
751005	17254	1.1071901	1.7686198
751005	17255	0.92285264	2.1261678
751005	17256	0.95641756	2.2192442
751005	17257	1.2846642	1.4489772
751005	17258	1.3543407	1.5405033
751005	17259	1.6055342	1.3454803
751005	17260	1.6721138	1.2962726
751005	17261	0.94419	1.9760008
751005	17262	0.6080141	2.558
751005	17263	0.7985498	2.6100585
751005	17264	0.2712549	2.8501606
751005	17265	0.5518346	2.8476143
751005	17266	0.65291095	2.3643746
751005	17267	1.3317715	1.3730208
751005	17268	1.0652623	1.9819899
751005	17269	1.2731165	1.6098051
751005	17270	1.0162026	2.0485077
751005	17271	1.1564767	1.7126606
751005	17272	0.9707619	2.072532
751005	17273	1.217189	1.6331706
751005	17274	0.9715632	2.0778034
751005	17275	1.2549329	1.5841379
751005	17276	1.0068983	2.0772612
751005	17277	0.16628414	3.0687838
751005	17278	0.29680967	3.3275402
751005	17279	0.24147296	2.9964652
751005	17280	1.2884943	1.5615106
751005	17281	1.6502823	1.2271032
751005	17282	1.7442127	1.3464625
751005	17283	1.2504638	1.7399044
751005	17284	0.97473073	1.9360437
751005	17285	0.63883984	2.4568293
751005	17286	0.7629192	2.6071708
751005	17287	0.27501655	2.7899292
751005	17288	0.6237613	2.5476158
751005	17289	1.3838952	1.2621715
751005	17290	1.1725066	1.8473463
751005	17291	0.8325715	2.0588608
751005	17292	0.97775126	2.0991962
751005	17293	0.9894073	2.16385
751005	17294	1.1963091	1.8013875
751005	17295	1.1734197	1.8144572
751005	17296	0.7321272	2.5115118
751005	17297	1.2154672	2.0657194
751005	17298	0.1847943	3.185804
751005	17299	-0.20963752	3.6739714
751005	17300	0.62401783	2.6498995
751005	17301	0.57163274	2.670159
751005	17302	0.08212131	3.1167614
751005	17303	0.17081624	3.3915248
751005	17304	0.14655536	3.0081017
751005	17305	0.40959567	2.9027674
751005	17306	0.02715373	3.3115022
751005	17307	0.60928416	2.2714608
751005	17308	1.4855499	1.2017063
751005	17309	1.915088	1.2248145
751005	17310	1.5387586	1.5395937
751005	17311	0.938565	2.127028
751005	17312	0.7600342	2.2149274
751005	17313	0.842867	2.1025524
751005	17314	1.57645	1.2099111
751005	17315	1.4460216	1.6720829
751005	17316	0.7723882	2.1366632
751005	17317	1.3525641	1.4720439
751005	17318	1.160096	1.8960547
751005	17319	0.69438887	2.248602
751005	17320	1.2989258	1.5108056
751005	17321	1.6124111	1.374489
751005	17322	1.4236186	1.5810645
751005	17323	0.9014394	2.1340106
751005	17324	0.66290283	2.3277245
751005	17325	0.8754226	2.0664904
751005	17326	0.93060017	2.0287461
751005	17327	1.4595472	1.3728955
751005	17328	1.3775514	1.706317
751005	17329	0.8039485	2.1359289
751005	17330	0.8693788	2.0995913
751005	17331	0.30212826	2.981586
751005	17332	0.63975644	2.6477401
751005	17333	0.66904306	2.710983
751005	17334	-0.14954802	3.4539657
751005	17335	1.1494503	1.7263472
751005	17336	1.1978805	1.7799335
751005	17337	0.9783249	2.059122
751005	17338	0.69849527	2.2189078
751005	17339	1.2858025	1.5435874
751005	17340	1.1221038	1.973583
751005	17341	0.54524696	2.6463253
751005	17342	1.0338935	1.9353316
751005	17343	1.1539793	1.9721644
751005	17344	1.366967	1.6938138
751005	17345	-0.19217017	3.7632759
751005	17346	0.15353101	3.5284643
751005	17347	-1.2468575	3.1855655
751005	17348	-0.66551745	1.8664773
751005	17349	-0.058830082	1.4541155
751005	17350	-0.49637976	1.6774497
751005	17351	-0.7881039	2.4385996
751005	17352	0.6872742	2.137522
751005	17353	0.70339644	2.1848903
751005	17354	0.92633057	1.7456884
751005	17355	0.8648056	1.7523468
751005	17356	1.615636	0.8872925
751005	17357	1.3102281	1.3267784
751005	17358	0.8490646	1.663558
751005	17359	0.94880974	2.269479
751005	17360	0.8591813	2.107858
751005	17361	0.52294505	2.3429754
751005	17362	1.1564893	1.6368933
751005	17363	1.2722342	1.4970487
751005	17364	1.4156051	1.3139358
751005	17365	0.89404297	2.018196
751005	17366	0.7830889	2.151275
751005	17367	0.6678134	2.3252869
751005	17368	0.5651047	2.551621
751005	17369	0.2739271	0.254822
751005	17370	0.18001193	0.56128025
751005	17371	-0.16819975	0.9796684
751005	17372	-1.2786617	2.5892797
751005	17373	-0.52693385	3.647196
751005	17374	0.09143597	2.9844868
751005	17375	0.4670241	2.1973028
751005	17376	0.90199864	-0.553388
751005	17377	0.81369245	-0.09442547
751005	17378	0.7288859	-0.13982165
751005	17379	1.199821	-0.6005799
751005	17380	0.8851297	-0.21868293
751005	17381	1.6783282	0.63930094
751005	17382	2.0239325	0.2734711
751005	17383	1.939555	0.5465902
751005	17384	1.6989797	0.78130007
751005	17385	1.9850932	0.55393803
751005	17386	2.0900354	0.45355162
751005	17387	1.4053686	1.2298988
751005	17388	1.19285	1.6234336
751005	17389	1.5435075	1.1329436
751005	17390	1.1759979	1.5093248
751005	17391	0.4685033	2.4674606
751005	17392	1.1505617	1.5046422
751005	17393	0.73433816	1.9759643
751005	17394	0.34745073	2.587422
751005	17395	1.2551452	1.213375
751005	17396	0.4984342	2.3369985
751005	17397	1.448848	1.126866
751005	17398	1.3532453	1.2637968
751005	17399	1.5326484	1.1449327
751005	17400	1.2451458	1.5581033
751005	17401	1.1774743	1.6176598
751005	17402	0.8786458	1.96945
751005	17403	1.2588356	1.4851639
751005	17404	1.2023846	1.5416362
751005	17405	0.47185338	2.4991667
751005	17406	0.65983737	2.2804518
751005	17407	1.9004837	0.52312386
751005	17408	1.3563616	1.6967177
751005	17409	1.6180836	1.0028485
751005	17410	1.1714643	1.7048302
751005	17411	1.2655264	1.5529642
751005	17412	1.3465484	1.4520077
751005	17413	1.2168661	1.5812197
751005	17414	2.0312867	0.6941577
751005	17415	1.4908264	1.4452628
751005	17416	0.9382932	1.8993192
751005	17417	1.0776471	1.8070333
751005	17418	0.8771281	2.0509617
751005	17419	0.9913485	1.9325356
751005	17420	1.8661216	0.9272611
751005	17421	1.4085039	1.5900655
751005	17422	0.9172995	1.992558
751005	17423	0.13878441	2.9239025
751005	17424	0.3213467	2.8905694
751005	17425	-0.10862538	3.2865987
751005	17426	1.8130361	0.94788754
751005	17427	1.4074554	1.4943587
751005	17428	2.6174178	0.007140875
751005	17429	2.9649749	0.10765174
751005	17430	2.8867497	0.15951005
751005	17431	1.8498915	0.85780287
751005	17432	1.721197	1.0683379
751005	17433	1.7754277	0.85267556
751005	17434	2.3657517	0.4512554
751005	17435	2.1080928	0.67815053
751005	17436	1.6550695	1.0570774
751005	17437	1.0316731	1.5786123
751005	17438	1.1689563	1.4373502
751005	17439	1.7415375	0.74251676
751005	17440	1.9269978	0.9294349
751005	17441	0.84841585	1.7323883
751005	17442	0.739728	2.075927
751005	17443	0.375798	2.5586324
751005	17444	0.3003435	2.8165927
751005	17445	1.6951572	0.8135314
751005	17446	1.8891476	0.8753967
751005	17447	1.422172	1.446143
751005	17448	2.1992412	0.3726817
751005	17449	2.2339082	0.5926831
751005	17450	1.1600949	1.5385567
751005	17451	0.90194905	1.6783559
751005	17452	1.3156849	1.344902
751005	17453	1.3441402	1.346827
751005	17454	1.4650925	1.2812735
751005	17455	1.3130549	1.5057274
751005	17456	1.1219373	2.0552514
751005	17457	0.7099656	2.122033
751005	17458	0.2835397	2.7334542
751005	17459	-0.057234436	3.1298923
751005	17460	1.1190087	1.9091556
751005	17461	0.5034702	2.5649648
751005	17462	-0.3189108	3.4797251
751005	17463	0.69506574	2.5677788
751005	17464	0.670223	2.2939188
751005	17465	0.424913	2.576056
751005	17466	0.08148712	3.122852
751005	17467	0.26847923	2.8923304
751005	17468	-0.26892832	3.5135128
751005	17469	-1.167202	2.2382398
751005	17470	-1.6069907	3.1701057
751005	17471	-1.3932998	3.4725976
751005	17472	0.1597758	2.9004674
751005	17473	0.48800492	2.4260392
751005	17474	0.6169014	2.1770191
751005	17475	0.51334286	2.5504172
751005	17476	0.7580924	2.0248733
751005	17477	0.812727	1.9733381
751005	17478	1.4863986	1.1472603
751005	17479	1.2331034	1.3763487
751005	17480	1.4508919	1.231089
751005	17481	2.1636047	0.61105406
751005	17482	1.7070721	1.0754001
751005	17483	0.9118887	1.7702985
751005	17484	1.500657	1.1016066
751005	17485	0.9520608	1.733526
751005	17486	1.2525059	1.4750676
751005	17487	1.1864767	1.5281096
751005	17488	0.90426123	2.0065732
751005	17489	1.0538235	1.7221649
751005	17490	1.2147088	1.4868609
751005	17491	1.8514317	0.66197026
751005	17492	1.9107777	0.7205794
751005	17493	0.040555596	0.29461333
751005	17494	-0.094205946	0.60990715
751005	17495	-0.05420968	0.568735
751005	17496	1.5632685	0.67537916
751005	17497	1.3565352	0.7703589
751005	17498	1.4196582	0.89050245
751005	17499	1.4147638	0.8603343
751005	17500	1.4673944	0.8195174
751005	17501	1.3855648	0.9555925
751005	17502	-0.3206342	0.7743994
751005	17503	1.7032875	0.38215765
751005	17504	1.3400079	0.60361314
751005	17505	1.551103	0.6569538
751005	17506	1.3769495	0.80907273
751005	17507	1.1100191	1.093867
751005	17508	1.1397135	1.0639884
751005	17509	1.2435902	0.9607922
751005	17510	1.7100013	0.4906073
751005	17511	-0.31313723	0.782231
751005	17512	1.6999413	0.4937956
751005	17513	1.332528	0.5944643
751005	17514	1.547908	0.64060175
751005	17515	1.579682	0.5145149
751005	17516	1.7685918	0.27712896
751005	17517	2.171215	-0.059486806
751005	17518	-0.14870438	2.0548499
751005	17519	-0.3156305	2.9442248
751005	17520	-0.22461823	2.9366062
751005	17521	0.09058124	2.7343836
751005	17522	0.8732046	-0.9274619
751005	17523	1.1360718	-0.9986584
751005	17524	1.2873901	-1.206383
751005	17525	1.1983682	-1.1007481
751005	17526	2.7315893	-0.5255311
751005	17527	2.7217746	-0.64932
751005	17528	2.5220776	-0.30519772
751005	17529	1.6678797	0.29501423
751005	17530	1.5115985	0.5352992
751005	17531	1.3197227	0.7719022
751005	17532	1.3596487	0.742846
751005	17533	1.5970925	0.5146252
751005	17534	2.6374173	-0.48487943
751005	17535	2.9287047	-0.6660379
751005	17536	3.0032725	-0.6330792
751005	17537	3.3439994	-0.8726432
751005	17538	3.3650532	-0.82462317
751005	17539	3.3490596	-0.807668
751005	17540	3.0572734	-0.5659914
751005	17541	3.2396536	-0.7720436
751005	17542	2.893465	-0.38444173
751005	17543	0.49012023	-0.6523369
751005	17544	0.45996976	-0.53947467
751005	17545	0.64534724	1.6626222
751005	17546	0.6038351	1.9069476
751005	17547	0.6590234	1.8545856
751005	17548	0.766552	1.7291865
751005	17549	1.5333649	0.93238664
751005	17550	2.5050993	0.033555657
751005	17551	1.4677578	1.0888817
751005	17552	1.9350752	0.65728533
751005	17553	2.6928759	0.1638703
751005	17554	2.598477	0.26708183
751005	17555	2.081689	0.7728549
751005	17556	2.2424006	0.41160032
751005	17557	2.4726462	0.3034695
751005	17558	2.3917665	0.26367065
751005	17559	2.1405196	0.3192759
751005	17560	2.4469438	0.40744403
751005	17561	2.147993	0.49572966
751005	17562	1.3525839	1.0381829
751005	17563	1.9755081	0.48476675
751005	17564	2.780346	0.122980505
751005	17565	1.9140791	0.78564227
751005	17566	1.47853	0.8805611
751005	17567	2.322102	0.11622164
751005	17568	3.0270734	-0.16942525
751005	17569	3.061964	-0.3035227
751005	17570	1.9930624	0.4832122
751005	17571	2.3856359	0.023159325
751005	17572	2.9513354	-0.06611261
751005	17573	2.926251	-0.23652986
751005	17574	1.9024092	0.5615952
751005	17575	2.3163395	0.07873604
751005	17576	3.3036132	-0.4060218
751005	17577	2.831201	-0.09391323
751005	17578	1.7946335	0.59892905
751005	17579	2.2539248	0.13285992
751005	17580	2.8971653	-0.07035795
751005	17581	1.9996995	0.38569602
751005	17582	1.8385314	0.55350375
751005	17583	2.3319025	0.10062578
751005	17584	3.2179117	-0.3714107
751005	17585	3.1908665	-0.44563457
751005	17586	3.2169628	-0.39395255
751005	17587	2.9662476	-0.2118742
751005	17588	2.6297889	0.053686112
751005	17589	1.5685457	0.81827605
751005	17590	1.6099561	0.7694421
751005	17591	2.0501819	0.3406534
751005	17592	2.9430227	-0.1515148
751005	17593	2.925232	-0.1882326
751005	17594	2.4839716	0.19681713
751005	17595	1.5071872	0.79481494
751005	17596	1.5258154	0.8299389
751005	17597	1.9815878	0.3913994
751005	17598	2.9469476	-0.16602033
751005	17599	2.9448795	-0.20520991
751005	17600	2.532186	0.06050983
751005	17601	1.594607	0.7554878
751005	17602	1.511958	0.835171
751005	17603	2.177791	0.1964601
751005	17604	3.0339637	-0.20294675
751005	17605	2.5444942	0.15932211
751005	17606	1.5660592	0.7632618
751005	17607	1.5981325	0.755975
751005	17608	1.6619657	0.7071732
751005	17609	2.1812925	0.1627399
751005	17610	3.026937	-0.2198315
751005	17611	2.9842534	-0.24306868
751005	17612	2.535636	0.061276585
751005	17613	1.6241351	0.7165686
751005	17614	1.5439798	0.8028388
751005	17615	1.75692	0.56186724
751005	17616	1.7690912	0.63761616
751005	17617	2.1525483	0.24859509
751005	17618	2.623261	0.1605545
751005	17619	1.6178776	0.72357476
751005	17620	1.5306796	0.8296666
751005	17621	1.9509453	0.42303452
751005	17622	2.5179133	0.20251462
751005	17623	1.6165525	0.71533763
751005	17624	1.4724063	0.8674444
751005	17625	1.9153272	0.44994786
751005	17626	2.7817516	-0.07965562
751005	17627	2.8313918	-0.20269388
751005	17628	2.834619	-0.111136556
751005	17629	2.8971367	-0.22846553
751005	17630	3.075077	-0.34826827
751005	17631	2.6488676	-1.5905144
751005	17632	2.4317355	-0.0429205
751005	17633	1.9100949	0.4318178
751005	17634	1.766388	0.6452298
751005	17635	1.4574543	0.9773282
751005	17636	1.4020429	1.0388908
751005	17637	1.2248125	1.2746222
751005	17638	1.2601286	1.2822413
751005	17639	1.2823441	1.230107
751005	17640	1.7524108	0.7070148
751005	17641	2.1743445	-1.1564404
751005	17642	2.3706684	-1.4811925
751005	17643	2.0941925	-1.3012229
751005	17644	1.2568074	0.885131
751005	17645	1.275637	1.1636381
751005	17646	1.4004995	1.0798056
751005	17647	1.0307041	1.4560721
751005	17648	0.9246986	1.5380034
751005	17649	1.41	-0.80200624
751005	17650	1.6910013	-1.0805178
751005	17651	3.0661702	-0.83287776
751005	17652	2.5098786	-0.5356365
751005	17653	2.5753446	-0.26006162
751005	17654	1.1175337	-1.0334218
751005	17655	1.4696217	-1.0562788
751005	17656	3.409812	-0.9444947
751005	17657	1.8091615	-0.16425702
751005	17658	2.118279	-0.055263698
751005	17659	0.44411904	-0.44254905
751005	17660	0.8726411	-0.56201446
751005	17661	0.9995737	-0.6362054
751005	17662	0.86516666	1.1835123
751005	17663	0.93495524	-0.778717
751005	17664	1.1580527	-0.7843564
751005	17665	1.1751044	-0.83862275
751005	17666	1.1147277	-0.774606
751005	17667	2.9580226	-0.79177934
751005	17668	2.279408	-0.43762088
751005	17669	2.471385	-0.20224547
751005	17670	0.8054652	-0.84311986
751005	17671	1.1187116	-0.8032516
751005	17672	3.3521948	-0.9538116
751005	17673	1.7380205	-0.12445083
751005	17674	2.1355176	-0.0795418
751005	17675	2.2108183	-0.24599004
751005	17676	0.6667738	-0.7588085
751005	17677	1.2066622	-0.7986406
751005	17678	3.443706	-1.0093306
751005	17679	1.809548	-0.12541789
751005	17680	2.13983	-0.046388566
751005	17681	2.149887	-0.19101885
751005	17682	0.363671	-0.36936557
751005	17683	0.85703564	-0.46181217
751005	17684	0.5793251	1.3335235
751005	17685	0.61155736	1.6549315
751005	17686	0.08316988	2.2886689
751005	17687	0.42821467	2.0427973
751005	17688	0.4882202	1.9549947
751005	17689	0.5605978	1.9261146
751005	17690	1.2146827	-0.6930533
751005	17691	3.060063	-0.8099618
751005	17692	2.519257	-0.4689828
751005	17693	-0.3309018	0.7159021
751005	17694	0.12964422	0.781618
751005	17695	2.2658458	-0.0714761
751005	17696	1.6707152	0.19148895
751005	17697	1.8111392	0.20859513
751005	17698	0.12569565	-0.03034237
751005	17699	0.42000473	-0.036711097
751005	17700	0.44063884	-0.04228723
751005	17701	2.5234785	-0.50920385
751005	17702	1.2662456	0.41175345
751005	17703	1.6562868	0.26642546
751005	17704	1.6110612	0.2501817
751005	17705	0.03607446	0.12255439
751005	17706	0.4790045	0.016868562
751005	17707	0.48673338	-0.050590783
751005	17708	0.77523446	-0.46431816
751005	17709	1.118133	-0.6918763
751005	17710	1.1091509	-0.5608232
751005	17711	0.933238	-0.41366753
751005	17712	2.5690236	-0.40080824
751005	17713	1.2734396	0.4506592
751005	17714	1.3610021	0.62975144
751005	17715	1.9148744	0.15846434
751005	17716	1.869692	0.19661573
751005	17717	2.9342976	-0.456078
751005	17718	3.9701943	-1.4253585
751005	17719	2.8486629	-2.199198
751005	17720	3.288608	-2.144753
751005	17721	3.3418813	-2.3046582
751005	17722	3.207809	-2.183328
751005	17723	3.1832194	-2.175666
751005	17724	2.7922015	-2.1147563
751005	17725	3.0009222	-2.1082082
751005	17726	2.0706477	0.17347094
751005	17727	0.20868456	0.11103812
751005	17728	0.07020432	0.5397091
751005	17729	0.21204227	0.45964482
751005	17730	0.45108908	0.19270048
751005	17731	0.6875231	-0.100055516
751005	17732	2.4674125	-0.14512113
751005	17733	1.4502583	0.43517867
751005	17734	1.5591937	0.48972866
751005	17735	2.168621	-0.29117674
751005	17736	1.7881461	0.40373263
751005	17737	1.5467738	0.6447699
751005	17738	1.2679366	0.9112848
751005	17739	1.2118078	0.99077475
751005	17740	1.7476145	0.32824174
751005	17741	2.4256425	0.053880543
751005	17742	1.4609222	0.84792066
751005	17743	1.9239053	-1.6707659
751005	17744	2.4476657	-1.5510726
751005	17745	2.2130437	-1.4849788
751005	17746	3.7593255	-0.8736541
751005	17747	3.6320949	-0.99032104
751005	17748	3.707477	-0.9152078
751005	17749	3.6097813	-0.8679675
751005	17750	3.4793735	-0.73503983
751005	17751	3.4018712	-0.7529193
751005	17752	3.4807243	-0.84306407
751005	17753	3.369546	-0.6950523
751005	17754	3.332253	-0.7519722
751005	17755	3.3092632	-0.6859553
751005	17756	3.1097765	-0.58401537
751005	17757	3.1300569	-0.5591438
751005	17758	3.0994139	-0.62578946
751005	17759	2.6550083	-0.1357803
751005	17760	3.1367474	-0.7266354
751005	17761	3.1206417	-0.51955235
751005	17762	3.089469	-0.59478045
751005	17763	3.1873016	-0.65232307
751005	17764	3.1927962	-0.64036626
751005	17765	3.0035486	-0.45935225
751005	17766	2.8284087	-0.3816716
751005	17767	2.913981	-0.37274384
751005	17768	2.944315	-0.48933882
751005	17769	3.0385952	-0.50880355
751005	17770	3.028233	-0.51830703
751005	17771	3.0596728	-0.5340042
751005	17772	3.0343733	-0.5011432
751005	17773	2.998932	-0.47298485
751005	17774	3.0207663	-0.48589233
751005	17775	3.0432558	-0.50804746
751005	17776	2.9902334	-0.4609315
751005	17777	1.8150197	0.58522236
751005	17778	2.2242985	0.2600843
751005	17779	1.5691465	0.8637861
751005	17780	1.1329812	1.0167806
751005	17781	-0.2098982	1.0148592
751005	17782	1.7468506	0.5032977
751005	17783	-0.84547615	1.221497
751005	17784	1.4125376	0.83885515
751005	17785	-0.7195685	0.9822192
751005	17786	0.70727813	0.2569969
751005	17787	0.7667688	-0.12918836
751005	17788	1.1959828	-0.5903181
751005	17789	1.4435335	-0.6781175
751005	17790	1.3989918	-0.5216526
751005	17791	1.2195929	-0.37369257
751005	17792	0.98072386	-0.24733533
751005	17793	1.0095289	-0.22752649
751005	17794	1.0890354	-0.38198453
751005	17795	2.7603822	-0.17474306
751005	17796	1.306441	0.5352098
751005	17797	1.4177216	0.6890987
751005	17798	1.3181596	0.73579407
751005	17799	1.6819612	0.4470044
751005	17800	1.9394125	0.36486545
751005	17801	1.6520935	0.72930264
751005	17802	1.8088666	0.6230712
751005	17803	1.665917	0.759964
751005	17804	1.6813172	0.8518728
751005	17805	1.5695025	0.93592644
751005	17806	1.5991069	0.8857721
751005	17807	1.8803002	0.6239914
751005	17808	1.8859712	0.7023907
751005	17809	1.8258718	0.7642294
751005	17810	1.2164608	-0.60310704
751005	17811	0.52887225	1.8212819
751005	17812	0.5388088	2.3078008
751005	17813	0.6709055	2.1438243
751005	17814	0.744318	1.9000893
751005	17815	0.43490976	2.3283975
751005	17816	0.7325175	1.7624717
751005	17817	1.7752577	0.6032231
751005	17818	2.2729683	0.42271617
751005	17819	1.2883971	1.2292354
751005	17820	0.84230375	1.4158132
751005	17821	0.06429893	0.2608733
751005	17822	1.5595442	0.8388231
751005	17823	-0.8305743	1.4867836
751005	17824	1.3569587	1.0371095
751005	17825	0.84046113	1.1675812
751005	17826	1.8879374	0.3997322
751005	17827	1.4580158	1.2122002
751005	17828	2.3264832	-0.11146566
751005	17829	2.9882364	-0.09513685
751005	17830	2.208848	0.35062853
751005	17831	0.8941134	1.2692542
751005	17832	1.880983	0.4616389
751005	17833	2.1016746	0.48890957
751005	17834	1.2457356	0.92967474
751005	17835	1.2874005	1.0732645
751005	17836	1.899911	0.3776534
751005	17837	2.0814233	0.55345476
751005	17838	1.8653692	0.5639559
751005	17839	0.8585392	1.3080966
751005	17840	1.7083474	0.64967966
751005	17841	2.4206924	0.20100686
751005	17842	2.4651175	0.22505227
751005	17843	2.2973638	0.34150806
751005	17844	2.6217694	0.119225174
751005	17845	2.5092607	0.026122212
751005	17846	2.6752906	0.030156821
751005	17847	2.2596083	0.2822741
751005	17848	2.8218255	-0.09371936
751005	17849	2.838593	-0.11916822
751005	17850	2.8593917	-0.17284617
751005	17851	2.9194388	-0.12442297
751005	17852	2.8945932	-0.20844945
751005	17853	2.938333	-0.21461177
751005	17854	1.981721	0.39338598
751005	17855	1.8153838	0.43840477
751005	17856	2.3020515	0.06570861
751005	17857	2.8879423	-0.13890383
751005	17858	2.0301118	0.4750649
751005	17859	1.3589762	0.8506397
751005	17860	1.7610608	0.5482347
751005	17861	1.9503065	0.40061793
751005	17862	2.2808852	0.16340855
751005	17863	2.3990965	0.33367094
751005	17864	1.7968069	0.4366977
751005	17865	2.1170201	0.5588714
751005	17866	1.8489057	0.63055646
751005	17867	1.0489781	1.1427112
751005	17868	1.7576894	0.5820782
751005	17869	1.9306253	0.70998883
751005	17870	1.16191	1.015889
751005	17871	1.2876352	1.06943
751005	17872	1.5338377	0.8617501
751005	17873	1.6912948	0.8797265
751005	17874	1.7452763	0.4464365
751005	17875	1.3942941	1.3514614
751005	17876	1.6773807	0.81417334
751005	17877	1.3226173	0.87112606
751005	17878	2.1006274	0.27889726
751005	17879	2.2571225	0.5171782
751005	17880	1.2326813	0.9745287
751005	17881	1.4069967	0.94021046
751005	17882	1.9182924	0.47030255
751005	17883	1.5243005	0.7693819
751005	17884	2.6035786	-0.1784769
751005	17885	2.8754406	0.14506486
751005	17886	2.5503702	0.13259181
751005	17887	1.8885778	0.53013456
751005	17888	2.423849	8.249283e-05
751005	17889	2.8650594	0.041680187
751005	17890	2.5194173	0.13745037
751005	17891	1.8264118	0.5449072
751005	17892	2.3346162	0.0752441
751005	17893	3.053244	-0.19151402
751005	17894	2.8739405	-0.19208172
751005	17895	2.4668794	0.26016256
751005	17896	1.9092625	0.50374985
751005	17897	2.4400654	-0.021292299
751005	17898	2.9906573	-0.069538
751005	17899	2.145832	0.48021224
751005	17900	1.5677897	0.74874353
751005	17901	2.1590104	0.2220147
751005	17902	2.390473	0.3893402
751005	17903	1.6463777	0.6305537
751005	17904	1.6684555	0.7413739
751005	17905	2.221521	0.14502928
751005	17906	2.947566	-0.12828997
751005	17907	2.0644217	0.5644059
751005	17908	1.420277	0.84301627
751005	17909	1.2380506	1.1518021
751005	17910	1.7058233	0.8399588
751005	17911	1.7910663	0.4926575
751005	17912	1.8550724	0.5951587
751005	17913	2.2000413	0.19836411
751005	17914	2.6002994	0.20178446
751005	17915	2.345623	0.2855735
751005	17916	1.405208	0.8887278
751005	17917	1.9213551	0.425674
751005	17918	2.0378833	0.7192662
751005	17919	1.9741443	0.49771854
751005	17920	2.1663814	0.3579031
751005	17921	2.3225212	0.28619578
751005	17922	2.4623275	-0.050124526
751005	17923	2.2551193	0.6149137
751005	17924	1.691075	0.5989803
751005	17925	1.637139	0.76786745
751005	17926	2.07965	0.31083074
751005	17927	2.677544	0.08112708
751005	17928	1.3313851	1.1547254
751005	17929	2.140769	0.4134762
751005	17930	2.2610917	0.083687395
751005	17931	2.0655184	0.7468928
751005	17932	1.8759061	0.38626662
751005	17933	2.4237785	0.29713377
751005	17934	1.8241383	0.7215334
751005	17935	1.4026343	0.86590385
751005	17936	1.4599916	0.9091737
751005	17937	1.8878914	0.45535043
751005	17938	2.1159601	0.59027755
751005	17939	1.3944093	0.8575139
751005	17940	1.3724074	0.99260664
751005	17941	1.8382643	0.4950197
751005	17942	2.0493417	0.63250613
751005	17943	1.3743532	0.88441515
751005	17944	1.3128997	1.0434309
751005	17945	1.7938484	0.5251777
751005	17946	2.0168204	0.6527649
751005	17947	1.3593454	0.89618385
751005	17948	1.5408803	0.7698746
751005	17949	1.6409296	0.7057458
751005	17950	2.3785286	0.23521587
751005	17951	1.1859077	1.2960922
751005	17952	2.0595303	0.49491903
751005	17953	2.1963649	0.41467568
751005	17954	2.1794543	0.4982281
751005	17955	1.9137682	0.69454694
751005	17956	1.5933567	0.6656749
751005	17957	1.5026289	0.94439375
751005	17958	1.4271202	1.0013074
751005	17959	1.798118	0.524902
751005	17960	1.9176747	0.8063761
751005	17961	0.56550646	1.677731
751005	17962	1.6207525	1.1015273
751005	17963	2.2077408	0.111110836
751005	17964	2.6076498	0.38427696
751005	17965	1.7300338	0.8803345
751005	17966	1.9149514	0.7056352
751005	17967	1.4866802	0.8444735
751005	17968	1.0833579	1.3979
751005	17969	1.4696821	1.004658
751005	17970	1.9983467	0.6942855
751005	17971	1.8773524	0.70728385
751005	17972	1.4601097	0.8884444
751005	17973	1.4428457	0.9546993
751005	17974	1.5955147	0.82591915
751005	17975	1.9128414	0.48751888
751005	17976	2.5065246	0.27284923
751005	17977	2.2717624	0.38048777
751005	17978	1.7558244	0.8726646
751005	17979	1.3170996	1.0018922
751005	17980	1.3860415	1.0162845
751005	17981	1.8964039	0.55073214
751005	17982	1.8785862	0.5747405
751005	17983	2.6583223	0.115758866
751005	17984	1.9346079	0.8182782
751005	17985	1.9820384	0.6304374
751005	17986	1.0657903	1.3326832
751005	17987	1.1954896	1.3352993
751005	17988	1.2591364	1.2403264
751005	17989	1.6437479	0.78333735
751005	17990	2.065875	0.36901084
751005	17991	2.211039	0.61554384
751005	17992	1.4950222	0.8444412
751005	17993	1.4232264	0.99307704
751005	17994	1.5989012	0.717558
751005	17995	1.7063624	0.74578166
751005	17996	1.9391218	0.49326584
751005	17997	2.0546432	0.6870047
751005	17998	1.4525952	0.86707926
751005	17999	0.931178	1.4874356
751005	18000	1.9494892	0.40712407
751005	18001	2.1833324	0.6359482
751005	18002	1.4958147	0.87919676
751005	18003	0.9859414	1.4605352
751005	18004	1.8756014	0.53309274
751005	18005	2.4978113	0.2810507
751005	18006	1.813953	0.83544195
751005	18007	1.4027774	0.9365312
751005	18008	1.536851	0.8876754
751005	18009	1.563989	0.856019
751005	18010	1.9854463	0.7043309
751005	18011	2.0776048	0.4675891
751005	18012	1.9995829	0.43775913
751005	18013	1.8978914	0.6757542
751005	18014	1.6071163	1.0288163
751005	18015	2.3299918	-0.00661397
751005	18016	2.583589	0.40291795
751005	18017	1.752576	0.5917777
751005	18018	2.0791836	0.37819818
751005	18019	2.0431457	0.48782626
751005	18020	2.1706815	0.54839635
751005	18021	1.6276854	0.71800613
751005	18022	1.5409137	0.89092696
751005	18023	0.5774517	1.793906
751005	18024	1.3645545	1.2530726
751005	18025	1.2556282	1.1721146
751005	18026	1.3127888	1.2095052
751005	18027	1.55979	0.9195837
751005	18028	1.7371117	0.92506933
751005	18029	1.6952115	0.6286901
751005	18030	1.812019	0.98141503
751005	18031	1.6478561	0.9588702
751005	18032	1.2390157	1.1333311
751005	18033	1.1086588	1.5359914
751005	18034	1.4997617	0.8879529
751005	18035	1.4957563	0.85171664
751005	18036	1.5453614	0.9315206
751005	18037	1.5310673	0.95688224
751005	18038	1.4827574	0.9981183
751005	18039	1.5137149	0.97866046
751005	18040	1.3886098	1.1002285
751005	18041	1.3959311	1.5093373
751005	18042	1.1694119	1.2987986
751005	18043	1.122545	1.5787561
751005	18044	1.3139218	1.4248896
751005	18045	1.3610494	1.3837609
751005	18046	1.4302034	1.3969666
751005	18047	1.6083087	1.1577178
751005	18048	1.3753239	1.4008303
751005	18049	1.3528798	1.4941409
751005	18050	0.78273046	1.8786895
751005	18051	1.7434288	1.1087841
751005	18052	1.9008013	0.8947995
751005	18053	1.7418271	1.1314043
751005	18054	1.2708569	1.3511682
751005	18055	0.7144618	2.1216977
751005	18056	1.0791117	1.6374989
751005	18057	0.82807255	1.9950435
751005	18058	0.81833076	1.9173725
751005	18059	1.3065373	1.3441552
751005	18060	1.2455176	1.6213834
751005	18061	0.9313835	1.7511458
751005	18062	1.3243277	1.371098
751005	18063	1.4258593	1.4380686
751005	18064	1.2516414	1.4031223
751005	18065	1.1714038	1.6807003
751005	18066	1.1650959	1.5113325
751005	18067	1.491794	1.1809392
751005	18068	1.4203237	1.1438264
751005	18069	1.9267241	0.6414757
751005	18070	2.0655851	0.9303514
751005	18071	1.5391608	0.9831207
751005	18072	0.999413	1.6706989
751005	18073	1.4980544	1.1038836
751005	18074	2.0812445	0.4747812
751005	18075	2.8059773	0.2873536
751005	18076	2.3976994	0.54210377
751005	18077	1.7380997	1.1212225
751005	18078	1.4225843	1.104672
751005	18079	1.4783233	1.1316471
751005	18080	1.5322562	1.1048883
751005	18081	1.897839	0.8182094
751005	18082	2.121107	0.58098674
751005	18083	2.7989593	0.258553
751005	18084	2.5145655	0.50761724
751005	18085	2.3616385	0.5713148
751005	18086	1.9486996	1.0499922
751005	18087	2.6400108	0.2432194
751005	18088	2.7646637	0.29936036
751005	18089	3.0656433	0.02687025
751005	18090	2.5557885	0.45529065
751005	18091	3.0182538	-0.35207704
751005	18092	2.8385477	0.4856777
751005	18093	2.1292543	0.4752436
751005	18094	2.1114612	0.6583258
751005	18095	2.4264393	0.2586725
751005	18096	2.5376225	0.5716667
751005	18097	1.8183347	0.754377
751005	18098	2.2703204	0.41923216
751005	18099	2.798459	0.3007016
751005	18100	2.4471264	0.44109872
751005	18101	2.0045924	0.85702705
751005	18102	1.1949079	1.4698964
751005	18103	2.4583588	0.16697124
751005	18104	3.3924017	-0.1940665
751005	18105	2.603662	0.46452597
751005	18106	1.9700726	0.69517565
751005	18107	2.429234	0.27470407
751005	18108	2.661408	0.43123713
751005	18109	2.4492025	0.40418693
751005	18110	1.8673552	0.803615
751005	18111	2.523232	0.1106728
751005	18112	2.5940604	0.5270549
751005	18113	1.9270366	0.65535474
751005	18114	1.8311085	0.857937
751005	18115	2.346026	0.29876658
751005	18116	2.9626036	0.1254991
751005	18117	2.2314343	0.609447
751005	18118	1.8441104	0.77096665
751005	18119	2.1960402	0.5345421
751005	18120	2.1003318	0.63169944
751005	18121	2.4284225	0.36418322
751005	18122	3.0366611	0.06827018
751005	18123	2.2598119	0.7033522
751005	18124	1.8114585	0.780195
751005	18125	2.2502475	0.4305745
751005	18126	2.5702686	0.4763964
751005	18127	2.2734923	0.5447186
751005	18128	1.7308708	0.88228846
751005	18129	2.1763144	0.46449712
751005	18130	2.3616977	0.6520002
751005	18131	1.7917281	0.76991487
751005	18132	1.6921581	0.9659945
751005	18133	2.4159656	0.19166175
751005	18134	2.7594461	0.3660386
751005	18135	2.3134742	0.49911556
751005	18136	1.7329062	0.8777602
751005	18137	2.364832	0.27531514
751005	18138	2.4115572	0.67770433
751005	18139	1.7595693	0.81895125
751005	18140	1.6962038	0.9795135
751005	18141	2.3403354	0.27169302
751005	18142	2.4451547	0.6529658
751005	18143	1.6962558	0.85477626
751005	18144	1.6141616	1.0341405
751005	18145	2.182187	0.45067182
751005	18146	2.9005184	0.16189912
751005	18147	2.1451235	0.7559774
751005	18148	1.6010786	0.94704473
751005	18149	2.0218449	0.63069236
751005	18150	2.2420774	0.48339686
751005	18151	2.926766	0.06288841
751005	18152	2.2249398	0.74696517
751005	18153	1.7131299	0.8439486
751005	18154	2.372303	0.28747
751005	18155	2.4910302	0.5875653
751005	18156	1.8318955	0.7492173
751005	18157	1.6756305	0.98905647
751005	18158	2.5470238	0.39888808
751005	18159	2.5700588	0.34382913
751005	18160	2.2646875	0.5685185
751005	18161	2.5335975	0.06952307
751005	18162	2.8223128	0.338627
751005	18163	1.986518	0.816331
751005	18164	1.6185969	0.9510335
751005	18165	2.1153126	0.5050609
751005	18166	2.7094698	0.3072404
751005	18167	1.9778649	0.8642435
751005	18168	1.5130817	1.026785
751005	18169	1.7784609	0.7849717
751005	18170	2.6131997	0.0892199
751005	18171	2.8421392	0.36693648
751005	18172	2.0099754	0.6047363
751005	18173	1.8238114	0.8911388
751005	18174	2.204805	0.4192554
751005	18175	2.506865	0.5299678
751005	18176	2.2245293	0.58120215
751005	18177	1.6456877	0.96183383
751005	18178	2.08002	0.52225566
751005	18179	2.809308	0.21569857
751005	18180	2.1471138	0.73178136
751005	18181	1.6854721	0.86163914
751005	18182	1.7243136	0.90364087
751005	18183	2.4720044	0.14711717
751005	18184	1.4708639	-0.3861139
751005	18185	0.99805856	0.15989754
751005	18186	0.9890846	-0.0002629757
751005	18187	1.2957362	1.4854063
751005	18188	0.9711698	1.8056247
751005	18189	0.45321745	2.6213245
751005	18190	-0.0015559196	2.8627532
751005	18191	0.766487	2.0391848
751005	18192	0.9426873	1.742177
751005	18193	1.3121299	1.5400674
751005	18194	2.149056	-1.1316935
751005	18195	2.4843001	-1.2016809
751005	18196	2.290182	-1.3370209
751005	18197	0.86227155	1.4512436
751005	18198	0.9143051	1.7702954
751005	18199	1.0277774	1.642926
751005	18200	0.56265986	2.0458448
751005	18201	0.14774066	2.5100987
751005	18202	1.1349837	-0.74627113
751005	18203	3.305314	-0.73311853
751005	18204	0.40883374	-0.3957362
751005	18205	2.1368484	-1.0685898
751005	18206	1.0490214	0.8796692
751005	18207	-0.13210446	2.5994148
751005	18208	0.6579499	2.1549628
751005	18209	0.7563982	1.8984387
751005	18210	0.80994475	1.8838179
751005	18211	1.2856174	1.2586838
751005	18212	1.6303324	1.0785656
751005	18213	0.33909297	2.1119473
751005	18214	0.6095257	2.1825387
751005	18215	0.7523638	1.9678471
751005	18216	1.1170038	-0.4597882
751005	18217	3.4668794	-0.67204297
751005	18218	2.75349	-0.11295104
751005	18219	2.5234547	0.21012941
751005	18220	0.71910405	0.23421112
751005	18221	3.0969543	-0.010906488
751005	18222	1.4224443	0.6114553
751005	18223	1.6842784	0.66813314
751005	18224	-0.27815706	0.725898
751005	18225	0.7003778	1.7252765
751005	18226	-0.19979215	2.6995137
751005	18227	0.22045887	2.4455807
751005	18228	0.36919743	2.2574718
751005	18229	0.96420825	-0.5270107
751005	18230	1.3233261	-0.5774522
751005	18231	3.2104445	-0.73171675
751005	18232	0.27454716	-0.34594
751005	18233	1.4952883	-0.7467013
751005	18234	0.555501	1.4025763
751005	18235	0.7733798	-0.6654676
751005	18236	1.2025309	-0.7693004
751005	18237	1.2479888	-0.80130744
751005	18238	1.015978	-0.58500826
751005	18239	3.2882547	-0.7826092
751005	18240	1.8872827	-0.045258045
751005	18241	2.030282	0.17900977
751005	18242	-0.10320881	0.40474513
751005	18243	1.1612865	-0.44781262
751005	18244	0.453039	1.6085558
751005	18245	-0.2785514	2.8238118
751005	18246	0.19292998	2.423423
751005	18247	0.3338195	2.252539
751005	18248	1.3160762	-0.7789962
751005	18249	2.245634	-1.1656526
751005	18250	2.4534636	-1.2934285
751005	18251	3.5659757	-0.6388247
751005	18252	2.076414	0.045179933
751005	18253	1.8702523	0.40146866
751005	18254	0.09049392	0.13281122
751005	18255	0.679096	1.7922161
751005	18256	0.6680819	1.7699745
751005	18257	0.9543693	-0.7705741
751005	18258	0.9317553	-0.41274872
751005	18259	0.50490654	-0.10605779
751005	18260	2.0188088	-1.3192039
751005	18261	2.4169283	-1.5304104
751005	18262	0.83466256	1.3397352
751005	18263	2.1874561	-1.6252884
751005	18264	2.4408941	-1.5011057
751005	18265	0.52984226	1.4673969
751005	18266	0.72225296	1.766285
751005	18267	1.9684001	-1.3369867
751005	18268	2.5228744	-1.4584321
751005	18269	2.0509071	-1.2004238
751005	18270	0.62705684	1.507835
751005	18271	2.105556	-1.5212066
751005	18272	2.326336	-1.443225
751005	18273	0.43067634	1.5510802
751005	18274	0.6743244	1.8333015
751005	18275	1.8832115	-1.2697479
751005	18276	2.413165	-1.371076
751005	18277	0.47195417	1.5218403
751005	18278	0.64081824	1.8319509
751005	18279	1.9606665	-1.2844526
751005	18280	2.4404368	-1.3803066
751005	18281	1.9646496	-1.1968598
751005	18282	0.6840588	1.4752665
751005	18283	2.133603	-1.5296748
751005	18284	2.3784246	-1.4460478
751005	18285	0.49396968	1.5115236
751005	18286	0.6862589	1.8221312
751005	18287	1.9244825	-1.263145
751005	18288	2.4407701	-1.3915175
751005	18289	0.53101194	1.4937631
751005	18290	0.6597315	1.8090308
751005	18291	1.9789935	-1.2781178
751005	18292	2.4417644	-1.3853549
751005	18293	2.0650287	-1.2377921
751005	18294	0.5392066	1.561079
751005	18295	2.0803704	-1.5104909
751005	18296	2.330727	-1.4127914
751005	18297	0.466434	1.5224004
751005	18298	0.6453147	1.8316195
751005	18299	1.93991	-1.2629906
751005	18300	2.4332743	-1.3866013
751005	18301	1.8215998	-1.0523118
751005	18302	1.4043024	-0.4425998
751005	18303	2.1705923	0.13466224
751005	18304	1.6397692	0.24844113
751005	18305	1.5102528	0.5965141
751005	18306	1.4952542	0.4385486
751005	18307	2.1650772	-0.083589435
751005	18308	2.922532	-0.34296656
751005	18309	2.3058114	0.055259198
751005	18310	1.4781156	0.6817465
751005	18311	1.5085636	0.6033299
751005	18312	1.48333	0.6234838
751005	18313	1.5458504	0.5029584
751005	18314	1.615318	0.5474522
751005	18315	1.4835844	0.69534945
751005	18316	1.7237223	0.8012538
751005	18317	1.6293627	0.72358763
751005	18318	0.83486354	1.2358443
751005	18319	1.3301485	0.8869175
751005	18320	1.8564943	0.59474397
751005	18321	0.04682064	0.67563653
751005	18322	1.4707723	1.0392334
751005	18323	1.0735983	0.84198606
751005	18324	1.2737595	0.9721246
751005	18325	1.6232561	0.40897325
751005	18326	0.4478706	1.7055452
751005	18327	1.3991648	0.9427681
751005	18328	2.1915355	0.04964152
751005	18329	2.0596251	0.21546087
751005	18330	1.8076397	0.5447247
751005	18331	1.9775697	0.2668049
751005	18332	2.3551364	0.23331276
751005	18333	1.5890692	0.6014308
751005	18334	1.4784979	0.78686094
751005	18335	1.8613776	0.3258616
751005	18336	2.628559	-0.005757898
751005	18337	0.5772326	-0.16043031
751005	18338	0.91297007	-0.12428984
751005	18339	0.35377288	1.9016252
751005	18340	0.8687335	-0.52027065
751005	18341	0.24125135	1.9345345
751005	18342	0.3013214	2.222027
751005	18343	0.35169232	2.197101
751005	18344	0.4837209	2.0220466
751005	18345	0.4312846	2.1187885
751005	18346	0.8720584	1.5810046
751005	18347	0.86572254	1.6490896
751005	18348	1.2111849	-0.72820467
751005	18349	2.1062627	-1.0902764
751005	18350	2.363585	-1.296614
751005	18351	1.7361754	-0.7526267
751005	18352	1.2630019	-0.3033278
751005	18353	2.3689804	0.0836809
751005	18354	1.5216879	0.3668256
751005	18355	1.4785982	0.6325407
751005	18356	2.2726116	-0.14981565
751005	18357	0.7959714	-0.38548487
751005	18358	0.9201348	-0.1980615
751005	18359	0.54417753	1.6744912
751005	18360	-0.039976537	0.55365646
751005	18361	0.14313793	0.59444654
751005	18362	0.10498375	0.62726736
751005	18363	1.6628102	-0.9226879
751005	18364	1.6189932	0.44074103
751005	18365	0.6784589	1.1334633
751005	18366	1.1731492	0.8450525
751005	18367	1.1707356	0.47601834
751005	18368	1.4134396	0.44737658
751005	18369	1.4561111	0.47504446
751005	18370	1.3345468	0.64354026
751005	18371	1.1839253	0.8578031
751005	18372	1.081801	1.1527029
751005	18373	1.7945038	0.755206
751005	18374	1.1882088	1.1023964
751005	18375	0.3722406	1.7926402
751005	18376	0.67238367	1.8880131
751005	18377	0.4594561	2.0831032
751005	18378	0.43794936	2.0268843
751005	18379	0.5289345	2.1096108
751005	18380	0.27756876	2.3763645
751005	18381	0.5302284	0.11107245
751005	18382	0.39579433	0.4114832
751005	18383	0.2667479	0.47296843
751005	18384	1.8469046	0.37999442
751005	18385	2.0374708	-0.029470742
751005	18386	2.2320023	0.09875986
751005	18387	2.1015086	0.18166706
751005	18388	-0.15123722	0.7117511
751005	18389	0.6599542	0.35964862
751005	18390	2.348701	-0.10250682
751005	18391	1.7711183	0.23761001
751005	18392	1.6956257	0.7121905
751005	18393	1.9679898	0.2775415
751005	18394	2.7985668	-0.20630008
751005	18395	2.4894962	0.13750991
751005	18396	1.9210383	0.6341902
751005	18397	1.9232315	0.57591534
751005	18398	1.9678584	0.5528275
751005	18399	1.9163951	0.61928165
751005	18400	1.8863765	0.6727538
751005	18401	1.8888043	0.6798605
751005	18402	1.698546	0.80520356
751005	18403	1.7173141	0.85485864
751005	18404	0.2885325	0.045797497
751005	18405	0.42708153	-0.74297065
751005	18406	0.6818321	-2.2718823
751005	18407	0.3031882	-2.0277693
751005	18408	0.36512935	-2.3688667
751005	18409	0.5605154	-2.3700545
751005	18410	-0.15836772	-1.1571869
751005	18411	0.14950609	-1.0976176
751005	18412	-0.15119782	-0.821309
751005	18413	-0.18447912	-0.8193944
751005	18414	-0.17675188	0.8985747
751005	18415	-0.89527875	2.1026075
751005	18416	1.2985171	0.92964566
751005	18417	1.3235023	0.8245219
751005	18418	0.31568116	0.26955298
751005	18419	0.82703316	-0.5511275
751005	18420	0.7222481	-0.11434507
751005	18421	0.37810856	0.041034967
751005	18422	0.17117149	0.37049356
751005	18423	0.028473675	0.512879
751005	18424	0.045489907	0.45809916
751005	18425	0.06983459	0.36359808
751005	18426	0.013163567	0.4061077
751005	18427	0.09350479	0.3095512
751005	18428	0.07174063	0.2809768
751005	18429	0.15048891	0.16633591
751005	18430	0.09775084	0.24787155
751005	18431	0.6316533	1.8254132
751005	18432	0.6789739	1.7268519
751005	18433	-0.0010177493	0.49310783
751005	18434	-0.10165417	0.6011567
751005	18435	-0.2866308	1.2292212
751005	18436	1.5233306	0.74779713
751005	18437	0.97303843	1.0673969
751005	18438	-0.103800714	0.7981224
751005	18439	-0.3175484	1.2422327
751005	18440	1.6660787	0.72277856
751005	18441	0.31945556	1.9794948
751005	18442	0.3188883	2.503497
751005	18443	-0.15561923	0.54529905
751005	18444	1.731491	0.31575504
751005	18445	0.33926713	1.6466119
751005	18446	-0.44898534	1.3529124
751005	18447	-0.36145377	3.327415
751005	18448	-0.4149037	3.6053865
751005	18449	0.7213224	2.1017027
751005	18450	0.33315367	2.6144998
751005	18451	1.2267324	1.224068
751005	18452	-0.721331	3.4352899
751005	18453	-0.14603686	3.1554945
751005	18454	-0.045862436	2.7701278
751005	18455	0.16906947	2.4193568
751005	18456	0.2970307	2.4827461
751005	18457	0.12571883	2.3021054
751005	18458	0.161654	2.5809546
751005	18459	-0.13501015	2.905872
751005	18460	-0.13187584	2.9590025
751005	18461	0.26308423	2.1138444
751005	18462	0.09326744	2.4193885
751005	18463	-0.5134044	3.4536395
751005	18464	-0.53873414	3.5229702
751005	18465	-0.7868006	3.6797483
751005	18466	-0.30849975	2.7426915
751005	18467	-0.5240288	3.1540053
751005	18468	-0.73006195	3.5217648
751005	18469	-0.3294831	2.9543931
751005	18470	-0.11890817	2.5578184
751005	18471	-0.22531286	2.5368853
751005	18472	-0.10482347	2.1627572
751005	18473	-0.17168564	2.4276779
751005	18474	-1.1533699	1.304772
751005	18475	0.9726112	1.3503612
751005	18476	0.962113	1.2824087
751005	18477	0.9022542	1.3714523
751005	18478	0.77933	1.5549626
751005	18479	0.8135904	1.4493699
751005	18480	0.62939537	1.6698828
751005	18481	1.2580596	0.7330879
751005	18482	1.1956089	0.9276757
751005	18483	1.0946198	1.1981962
751005	18484	0.96249723	1.304548
751005	18485	1.0217745	1.2347481
751005	18486	1.1021903	1.044366
751005	18487	1.2794598	0.98529947
751005	18488	1.1786832	1.1231834
751005	18489	1.466496	1.0022314
751005	18490	1.590948	0.6540623
751005	18491	1.4662814	0.91726804
751005	18492	0.8857846	1.7080238
751005	18493	0.5759177	2.1224647
751005	18494	0.13228494	2.6455371
751005	18495	0.030455649	2.864843
751005	18496	0.08105677	2.9034474
751005	18497	-0.05670303	2.973368
751005	18498	-0.040038973	3.0706735
751005	18499	-0.19156444	3.2224395
751005	18500	-0.25533265	3.311681
751005	18501	-0.3543129	3.4783082
751005	18502	-0.2939862	3.4576192
751005	18503	-0.3437972	3.477194
751005	18504	-0.31241834	3.509274
751005	18505	-0.5184684	3.7657335
751005	18506	-0.3667594	3.6367476
751005	18507	-0.33208543	3.5706565
751005	18508	-0.47190168	3.7817023
751005	18509	-0.48489323	3.8577397
751005	18510	-0.5609896	3.9691103
751005	18511	-0.47795475	3.9308708
751005	18512	-0.4942543	3.890518
751005	18513	-0.5631989	3.994856
751005	18514	-0.46630913	3.9474657
751005	18515	-0.4941576	3.9377015
751005	18516	-0.5027518	3.948447
751005	18517	-0.4511078	3.906963
751005	18518	-0.4897399	3.9512393
751005	18519	-0.55274045	4.0378685
751005	18520	-0.46736825	3.9833057
751005	18521	-0.4662069	3.9115298
751005	18522	-0.55456275	4.028014
751005	18523	-0.5241445	4.0606666
751005	18524	-0.5893462	4.1024475
751005	18525	-0.6207953	4.1701713
751005	18526	-0.6247131	4.183485
751005	18527	-0.7182857	4.347327
751005	18528	-0.713595	4.3680525
751005	18529	-0.931481	4.622168
751005	18530	-0.8071443	4.5307174
751005	18531	-0.7759656	4.475814
751005	18532	-0.82313377	4.5464325
751005	18533	-0.8675473	4.6720715
751005	18534	-0.76839906	4.5078773
751005	18535	-0.8720314	4.598706
751005	18536	-0.8707243	4.612278
751005	18537	-0.8057412	4.550082
751005	18538	-0.8153939	4.575266
751005	18539	-0.8280138	4.576603
751005	18540	-0.8645071	4.6122365
751005	18541	-0.7884368	4.564479
751005	18542	-0.7587082	4.4743214
751005	18543	-0.82877266	4.5513616
751005	18544	-0.74945784	4.5101395
751005	18545	-0.84607685	4.5889893
751005	18546	-0.8585534	4.620326
751005	18547	-0.8094726	4.578098
751005	18548	-0.85402167	4.6290007
751005	18549	-0.85242236	4.636895
751005	18550	-1.0847785	4.921397
751005	18551	-1.113574	4.983455
751005	18552	-1.096977	4.978916
751005	18553	-1.1723862	5.0585494
751005	18554	-1.205732	5.112302
751005	18555	-1.1653695	5.05484
751005	18556	-1.1425858	5.033339
751005	18557	-1.1753943	5.0659256
751005	18558	-1.1718514	5.0494094
751005	18559	-1.2220817	5.0881405
751005	18560	-1.1285286	5.015681
751005	18561	-1.1184652	4.965254
751005	18562	-1.1063933	4.9575973
751005	18563	-1.2418259	5.095999
751005	18564	-1.1506689	5.022399
751005	18565	-1.1874835	5.07846
751005	18566	-1.178117	5.079868
751005	18567	-1.3112106	5.31468
751005	18568	-1.1693175	5.0854588
751005	18569	-1.222142	5.1382766
751005	18570	-1.2767053	5.275942
751005	18571	-1.4283684	5.478191
751005	18572	-1.4583161	5.5762095
751005	18573	-1.4208385	5.4878917
751005	18574	-1.5321549	5.7705216
751005	18575	-1.5317706	5.6847577
751005	18576	-1.4485946	5.531725
751005	18577	-1.4724846	5.691611
751005	18578	-1.4672261	5.775785
751005	18579	-1.479352	5.765539
751005	18580	-1.7952688	4.9192514
751005	18581	-1.7973696	4.507993
751005	18582	-1.4406481	5.1374598
751005	18583	-0.75229216	4.08437
751005	18584	-0.74403	3.982248
751005	18585	-0.5495527	3.938132
751005	18586	-0.21441978	3.4975655
751005	18587	-0.35323125	3.4401217
751005	18588	0.034476757	2.66639
751005	18589	0.05563134	2.8024583
751005	18590	-0.16921777	3.2008095
751005	18591	0.08462846	2.512177
751005	18592	0.50203085	2.103046
751005	18593	0.36006266	2.3066168
751005	18594	0.67105544	2.0491896
751005	18595	0.13313776	2.8065612
751005	18596	-0.45206928	3.4675932
751005	18597	-0.37006134	3.5545928
751005	18598	-0.62779474	4.142106
751005	18599	-0.45909274	3.555555
751005	18600	-0.050501317	3.071336
751005	18601	0.04850495	2.9787726
751005	18602	-0.43795803	3.6710231
751005	18603	1.765169	0.96963096
751005	18604	1.8154534	1.2987794
751005	18605	0.47623873	2.6682062
751005	18606	-0.4303722	3.6378462
751005	18607	0.40516353	2.9593773
751005	18608	0.4245354	2.5453682
751005	18609	0.21712935	3.020855
751005	18610	0.22543263	3.017506
751005	18611	0.03134334	3.260791
751005	18612	0.16503519	3.0993328
751005	18613	0.1762532	3.1104622
751005	18614	0.17565346	0.97949386
751005	18615	0.18987173	0.9465703
751005	18616	0.25470734	0.96718514
751005	18617	1.8145617	0.61326313
751005	18618	1.5047153	0.7425561
751005	18619	1.5045837	0.8575845
751005	18620	2.0742178	0.39515343
751005	18621	2.693602	0.0061885417
751005	18622	2.9987183	-0.12396178
751005	18623	3.361679	-0.19294614
751005	18624	0.56577456	0.30344293
751005	18625	0.43160504	0.5692301
751005	18626	0.82340896	2.206328
751005	18627	0.765394	1.9960194
751005	18628	1.0552624	1.588264
751005	18629	1.429323	1.1307793
751005	18630	2.0771022	0.08438161
751005	18631	2.434153	-0.021899879
751005	18632	2.1413026	0.26386663
751005	18633	2.3198872	0.13816056
751005	18634	2.3126922	0.13411471
751005	18635	2.61524	-0.11987883
751005	18636	1.7571539	0.5825242
751005	18637	1.8085252	0.68130827
751005	18638	1.0768807	1.2805295
751005	18639	1.5732905	0.9241655
751005	18640	2.660778	-0.11879882
751005	18641	0.7303462	-0.0002246499
751005	18642	2.7667747	-0.27788723
751005	18643	-0.48699713	1.1134113
751005	18644	1.4872136	0.6840185
751005	18645	-0.91079617	1.7437768
751005	18646	1.361066	0.74878526
751005	18647	-0.9011959	1.7725794
751005	18648	1.4649776	0.5616156
751005	18649	-0.98633224	1.6854115
751005	18650	1.5139889	0.60660756
751005	18651	-0.5353155	0.96629965
751005	18652	0.6074121	-0.09281677
751005	18653	1.3463542	-0.8118526
751005	18654	1.8870858	-1.0929391
751005	18655	1.9487902	-1.0449533
751005	18656	1.8558122	-0.97243
751005	18657	1.3415278	-0.68654984
751005	18658	1.0105178	-0.45274052
751005	18659	0.7897426	-0.26831323
751005	18660	1.267068	-0.67676485
751005	18661	1.5068842	-0.7367964
751005	18662	1.8602647	-1.212272
751005	18663	1.9985942	-1.129065
751005	18664	1.9177092	-1.0452107
751005	18665	1.8073095	-1.0448569
751005	18666	1.8092357	-1.0075874
751005	18667	1.4852169	-0.64236057
751005	18668	1.2518544	-0.6101002
751005	18669	1.5005697	-0.929836
751005	18670	1.5689029	-0.8400128
751005	18671	1.6549066	-0.95215726
751005	18672	2.5137534	-1.487838
751005	18673	3.4752316	-0.8807155
751005	18674	-0.37836447	0.32140592
751005	18675	2.2581124	0.147544
751005	18676	2.4348145	-0.54136467
751005	18677	2.4481072	-0.2701001
751005	18678	1.938996	0.20211378
751005	18679	2.3107634	0.00057446957
751005	18680	3.4718356	-0.79790735
751005	18681	3.1655998	-0.3358124
751005	18682	2.42274	0.2035366
751005	18683	1.5840491	0.8721299
751005	18684	1.5371634	0.97046113
751005	18685	1.4408313	1.2077205
751005	18686	1.4471871	1.3127329
751005	18687	1.3644953	1.4089984
751005	18688	1.0477649	1.7044852
751005	18689	0.6191045	2.2140822
751005	18690	0.7695216	1.961993
751005	18691	0.7174852	2.022654
751005	18692	0.48271984	2.374975
751005	18693	0.42413652	2.472167
751005	18694	0.4361524	2.4054031
751005	18695	0.5250422	2.2941854
751005	18696	0.106764436	3.0048735
751005	18697	0.26203525	2.864195
751005	18698	1.5165037	0.9646435
751005	18699	1.1379201	1.7430665
751005	18700	1.3024392	1.4744968
751005	18701	1.9305342	0.80123997
751005	18702	1.0080264	1.6620502
751005	18703	0.48377234	2.170354
751005	18704	0.5354645	2.319908
751005	18705	0.4432721	2.4070117
751005	18706	0.4501891	2.3897116
751005	18707	0.99815774	1.6763079
751005	18708	0.19927126	2.4835076
751005	18709	0.48773962	2.3915796
751005	18710	0.6980052	2.0943522
751005	18711	1.2208565	1.5630901
751005	18712	0.901005	1.8930824
751005	18713	0.68568087	2.2160122
751005	18714	0.22275013	2.6795528
751005	18715	0.46856213	2.540185
751005	18716	-0.38716647	1.1051508
751005	18717	-0.55495197	1.4521939
751005	18718	-0.7767098	1.9839699
751005	18719	-0.8758123	2.069865
751005	18720	-0.820922	1.9156935
751005	18721	0.21846819	0.6257744
751005	18722	-0.12503433	0.9350779
751005	18723	0.085234284	0.6298188
751005	18724	0.34853768	0.1558365
751005	18725	0.9166019	-0.31971788
751005	18726	0.85858345	1.7536283
751005	18727	0.81701565	1.8210921
751005	18728	1.565519	0.6505017
751005	18729	1.2089913	1.2366153
751005	18730	1.9724048	-1.1768827
751005	18731	0.6014899	1.7475219
751005	18732	0.03702092	2.5739956
751005	18733	0.20806742	2.5025449
751005	18734	0.3335876	2.2851746
751005	18735	0.75530314	1.5991495
751005	18736	1.29572	1.1028653
751005	18737	1.3117529	1.1787381
751005	18738	1.4203489	1.0209532
751005	18739	1.9357339	0.4705808
751005	18740	1.5645415	0.87759185
751005	18741	0.78101134	1.5177613
751005	18742	1.3493695	1.1019993
751005	18743	1.7948946	0.5683749
751005	18744	1.0410995	1.1900163
751005	18745	0.37321812	1.762109
751005	18746	1.1567847	1.0257592
751005	18747	-0.1181331	0.5709013
751005	18748	1.4161344	0.62278795
751005	18749	0.7702478	1.0285753
751005	18750	1.2897224	0.7334044
751005	18751	1.3868152	0.566172
751005	18752	1.4984258	0.5303947
751005	18753	0.09389943	0.4144723
751005	18754	1.9935066	0.1393409
751005	18755	1.0860243	0.64741087
751005	18756	1.5040659	0.5262625
751005	18757	-0.2879857	0.6560947
751005	18758	2.094524	0.08157191
751005	18759	2.4322667	-0.3143198
751005	18760	2.2622938	-0.008219153
751005	18761	1.5007375	0.69817674
751005	18762	1.6366855	0.5111667
751005	18763	1.0316603	0.9827802
751005	18764	1.4241934	0.74588
751005	18765	-0.23817405	0.7155993
751005	18766	1.6750363	0.3994992
751005	18767	1.0757909	0.7054924
751005	18768	1.4977583	0.5427238
751005	18769	2.1110053	-0.07005447
751005	18770	0.24593586	0.416667
751005	18771	-0.167864	0.7810303
751005	18772	0.3619272	0.32082412
751005	18773	0.3353089	0.26470318
751005	18774	2.0171733	0.27453533
751005	18775	1.5752038	0.5828718
751005	18776	1.9107491	0.5041832
751005	18777	1.8713411	0.49484542
751005	18778	2.7144322	-0.27501208
751005	18779	3.0956726	-0.26655102
751005	18780	1.9422678	0.49859592
751005	18781	1.3488717	0.87931955
751005	18782	2.4852276	-0.092205495
751005	18783	2.5063224	0.25317863
751005	18784	1.8933128	0.4008157
751005	18785	1.6365181	0.91761565
751005	18786	1.7416719	0.5092075
751005	18787	1.6132857	0.9311565
751005	18788	1.719863	0.5439931
751005	18789	1.566074	0.9884726
751005	18790	1.7067183	0.5503813
751005	18791	1.3771101	1.0770184
751005	18792	2.4684944	-0.07129386
751005	18793	2.460225	0.3555635
751005	18794	1.8008295	0.5158286
751005	18795	1.6923584	0.93412566
751005	18796	1.4041598	0.93060744
751005	18797	1.7392482	0.71573746
751005	18798	2.667355	-0.08840379
751005	18799	2.566443	0.3446478
751005	18800	2.0782514	0.33275375
751005	18801	1.6890436	0.9648279
751005	18802	1.7442044	0.5789236
751005	18803	1.3901331	1.114327
751005	18804	2.2264838	0.19850972
751005	18805	1.7029825	0.9253701
751005	18806	2.2641153	0.18473569
751005	18807	2.210187	0.5834074
751005	18808	1.6980208	0.6356549
751005	18809	1.4383559	1.1733764
751005	18810	1.5853161	0.72578967
751005	18811	1.4401321	1.1698258
751005	18812	1.8185374	0.5690628
751005	18813	1.5393709	1.1411468
751005	18814	1.7520646	0.68349934
751005	18815	0.40278113	-0.046346277
751005	18816	1.8146399	0.5355557
751005	18817	1.0732868	0.98257077
751005	18818	1.323708	1.0181057
751005	18819	1.3946164	0.85160124
751005	18820	1.533269	0.7805332
751005	18821	2.0393438	0.31744036
751005	18822	2.4337401	0.2434453
751005	18823	1.9070958	0.5689192
751005	18824	1.6189145	0.8457811
751005	18825	1.6401914	0.79787695
751005	18826	1.270866	1.1754806
751005	18827	0.9979981	1.299049
751005	18828	1.2383738	1.198302
751005	18829	-0.38608748	1.1158243
751005	18830	1.269136	0.8066149
751005	18831	-0.9667091	1.8659723
751005	18832	0.9797795	1.0735651
751005	18833	1.3599445	0.66873777
751005	18834	2.3063421	0.09108266
751005	18835	0.24602294	0.07959083
751005	18836	2.273203	0.2564232
751005	18837	0.9627899	0.9962691
751005	18838	1.910081	0.51384366
751005	18839	0.097665906	0.17063776
751005	18840	0.6519712	0.06314924
751005	18841	0.3060624	0.030602455
751005	18842	2.0468779	0.24400476
751005	18843	1.2347766	0.74044967
751005	18844	2.092815	0.33656618
751005	18845	0.26042014	-0.05017233
751005	18846	0.48987412	0.14895275
751005	18847	2.684454	-0.46730992
751005	18848	1.4711072	0.5200385
751005	18849	1.9308144	0.27114013
751005	18850	-0.21027887	0.79124546
751005	18851	0.019014955	1.0174807
751005	18852	2.54391	-0.26300976
751005	18853	-0.5761968	1.1924951
751005	18854	1.6026908	0.6836164
751005	18855	1.0690478	0.79623425
751005	18856	1.4701275	0.7465563
751005	18857	1.4978877	0.66593766
751005	18858	1.5792726	0.63128626
751005	18859	1.695048	0.5429745
751005	18860	2.3977509	-0.089659154
751005	18861	2.9418917	-0.19509247
751005	18862	1.7864989	0.5881152
751005	18863	1.3730922	0.7933744
751005	18864	1.6511275	0.8365283
751005	18865	0.90475595	1.2590231
751005	18866	1.9299885	0.39764646
751005	18867	2.386416	0.1986436
751005	18868	1.6300997	0.7775148
751005	18869	0.3037299	1.9378061
751005	18870	1.0913411	1.3649058
751005	18871	1.3208086	0.92990446
751005	18872	0.04627949	0.28063026
751005	18873	0.09433031	0.71466744
751005	18874	0.24522471	0.38788912
751005	18875	2.2657032	0.01224187
751005	18876	1.4194562	0.49937692
751005	18877	-0.17691338	0.8511121
751005	18878	2.1792436	0.3163639
751005	18879	1.2986053	0.67332375
751005	18880	1.0808171	1.3745978
751005	18881	1.5635394	0.93445647
751005	18882	1.7438318	0.68627155
751005	18883	1.7469746	0.7594503
751005	18884	1.0695783	1.4268886
751005	18885	0.93297875	1.6435392
751005	18886	1.0405983	1.5912147
751005	18887	2.3066354	0.38196453
751005	18888	1.8013874	1.0529655
751005	18889	1.0226449	1.6727207
751005	18890	0.9660071	1.7534428
751005	18891	1.8049413	0.90464425
751005	18892	1.4595389	1.0703738
751005	18893	1.5974735	0.941028
751005	18894	1.1924193	1.319472
751005	18895	0.82025266	1.6789699
751005	18896	1.2390288	1.3296565
751005	18897	1.0244008	1.4503988
751005	18898	0.83911204	1.7758586
751005	18899	0.97483087	1.6720605
751005	18900	0.5672898	2.0586624
751005	18901	1.590954	1.023259
751005	18902	1.193125	1.4790303
751005	18903	1.101591	1.4937149
751005	18904	0.7357929	2.013087
751005	18905	0.7500452	1.8123057
751005	18906	1.5374509	1.2156762
751005	18907	1.8042837	0.8556839
751005	18908	1.362988	1.4253172
751005	18909	0.74366283	1.8179054
751005	18910	0.91712546	1.7663224
751005	18911	1.0874803	1.5395308
751005	18912	1.616064	0.96207535
751005	18913	2.1038518	0.81306565
751005	18914	1.8777622	0.8901721
751005	18915	1.2905061	1.4526646
751005	18916	0.71138144	1.7952869
751005	18917	1.517202	0.980986
751005	18918	1.8247181	0.9588672
751005	18919	1.2443684	1.2791781
751005	18920	1.278041	1.4626428
751005	18921	0.83515847	1.6486459
751005	18922	0.016265273	0.8250592
751005	18923	1.4391171	0.9335921
751005	18924	0.90462816	1.1251103
751005	18925	-0.41987154	1.451806
751005	18926	-0.22403258	1.4067519
751005	18927	1.798304	0.41220465
751005	18928	-0.811251	1.661025
751005	18929	-0.49878496	1.7381771
751005	18930	1.557603	0.5203583
751005	18931	1.117271	0.98549104
751005	18932	-0.39766395	1.0176834
751005	18933	1.8878635	0.6308445
751005	18934	-1.0988643	1.8457406
751005	18935	-0.74228	1.9092453
751005	18936	-0.29521224	1.1850348
751005	18937	-0.04807526	0.9312428
751005	18938	0.22474176	0.4706094
751005	18939	0.69043684	-0.066049874
751005	18940	0.7161591	-0.09717041
751005	18941	0.5341133	0.12798402
751005	18942	2.1235847	0.21488681
751005	18943	-0.61841947	1.1915662
751005	18944	2.1162858	0.46782437
751005	18945	-0.9921954	1.8082924
751005	18946	1.4146872	0.8286146
751005	18947	-0.9868367	1.7705009
751005	18948	1.6485835	0.70263267
751005	18949	-1.0540158	1.857811
751005	18950	1.3975763	0.8282001
751005	18951	1.3092588	0.65626144
751005	18952	1.9768885	0.31877092
751005	18953	-0.27005583	0.738387
751005	18954	2.3050866	0.27648804
751005	18955	1.0456913	0.8237579
751005	18956	-0.47304952	1.318287
751005	18957	1.7867976	0.50054276
751005	18958	-0.98280495	1.7516582
751005	18959	2.0706725	0.60327804
751005	18960	1.409888	0.639312
751005	18961	0.09378165	0.5282582
751005	18962	2.5104127	0.056248873
751005	18963	1.2192608	0.72323036
751005	18964	2.2994099	0.18726036
751005	18965	2.8858113	-0.26559868
751005	18966	3.0411787	-0.16575038
751005	18967	0.69486153	-0.17405286
751005	18968	0.8626963	-0.037551433
751005	18969	2.9564352	-0.408619
751005	18970	1.6223236	0.52975905
751005	18971	0.13338476	0.52629423
751005	18972	2.5566936	0.108055264
751005	18973	-0.71999615	1.3858759
751005	18974	-0.18878654	1.3647594
751005	18975	0.3816865	2.2870078
751005	18976	0.2724744	2.4277947
751005	18977	0.37194616	-0.095253825
751005	18978	0.59931207	0.05871734
751005	18979	0.47405428	0.10972628
751005	18980	0.14022565	0.48306063
751005	18981	1.9949485	0.17216322
751005	18982	1.8882204	0.1011332
751005	18983	2.4188108	-0.10904369
751005	18984	-0.11238423	0.57029474
751005	18985	2.3523211	0.1897423
751005	18986	1.3031887	0.53443694
751005	18987	2.3740873	0.050583333
751005	18988	0.124969244	0.23879048
751005	18989	0.5344629	0.32779
751005	18990	2.7131824	-0.38822693
751005	18991	1.4959606	0.5898615
751005	18992	-0.123007774	1.0172787
751005	18993	-0.028754115	1.1575547
751005	18994	-0.38722998	1.237362
751005	18995	1.9012984	0.1901147
751005	18996	1.3900322	0.5587143
751005	18997	2.3711243	-0.18976033
751005	18998	2.3797655	0.09573063
751005	18999	1.8038026	0.2383689
751005	19000	1.7027458	0.75319433
751005	19001	1.1873773	0.87968314
751005	19002	-0.07232392	0.8362663
751005	19003	0.5977869	2.2227795
751005	19004	0.41846263	2.166633
751005	19005	0.079398036	0.23550352
751005	19006	0.5109254	0.11720565
751005	19007	0.28062034	0.31800434
751005	19008	2.1593747	0.078866094
751005	19009	-0.38502997	0.903157
751005	19010	-0.016823202	1.2246197
751005	19011	1.9413933	-0.007366836
751005	19012	-0.570905	1.3489225
751005	19013	-0.22565174	1.498426
751005	19014	1.7731591	0.16095242
751005	19015	-0.5889444	1.3887658
751005	19016	0.3786257	2.4292967
751005	19017	0.2785756	2.278467
751005	19018	0.09255719	0.14792976
751005	19019	1.0572122	-0.4114486
751005	19020	0.9803586	-0.27812114
751005	19021	0.8211317	-0.13176605
751005	19022	2.0083933	0.17015293
751005	19023	2.3690648	-0.116410226
751005	19024	2.9004178	-0.3702791
751005	19025	0.9747468	1.3031769
751005	19026	2.146934	0.20421776
751005	19027	1.9096195	0.41617116
751005	19028	1.6376327	0.7135284
751005	19029	1.5004045	0.7941363
751005	19030	1.3330942	0.99118304
751005	19031	1.2498581	1.1033056
751005	19032	0.8936404	1.4893081
751005	19033	1.5148357	0.92582977
751005	19034	0.94685185	1.4774925
751005	19035	1.9002453	0.32281741
751005	19036	2.0894914	0.44302806
751005	19037	1.546714	0.7542212
751005	19038	1.1392248	1.1565177
751005	19039	0.6633334	1.6443934
751005	19040	0.8135259	1.6804602
751005	19041	1.3337996	1.0556518
751005	19042	0.6550653	1.8470485
751005	19043	1.5689279	0.90984106
751005	19044	1.6629261	0.9004874
751005	19045	1.4941498	1.1185405
751005	19046	1.3541725	1.2382075
751005	19047	1.9333586	0.7191372
751005	19048	1.9804515	0.7043389
751005	19049	0.5259204	1.8446159
751005	19050	1.2638116	1.2882757
751005	19051	1.3392497	1.0930713
751005	19052	1.9945322	0.49045226
751005	19053	3.0499983	-0.26024896
751005	19054	3.3572745	-0.17783341
751005	19055	2.2254758	0.507581
751005	19056	1.7735759	0.683553
751005	19057	2.9513798	-0.23791215
751005	19058	1.1765622	-0.34377566
751005	19059	1.0909832	-0.12810713
751005	19060	0.8729297	-0.13104752
751005	19061	1.1165409	1.564117
751005	19062	1.0128978	1.5108191
751005	19063	1.0918038	1.3652922
751005	19064	1.10222	1.3240646
751005	19065	0.87102115	1.5580208
751005	19066	1.5932478	0.9689094
751005	19067	1.79133	0.8149488
751005	19068	1.0368139	1.4489157
751005	19069	1.8937536	0.6930764
751005	19070	1.6464001	0.8769499
751005	19071	1.2757599	1.0790426
751005	19072	0.29835325	2.118964
751005	19073	1.0888587	1.6152704
751005	19074	0.23634213	2.4370036
751005	19075	3.2192717	-0.45515397
751005	19076	3.006672	0.2332448
751005	19077	2.4711561	0.49102756
751005	19078	2.0826678	0.8634424
751005	19079	0.6568221	1.8669178
751005	19080	1.0903445	1.6594679
751005	19081	1.1602831	1.5231354
751005	19082	0.5420227	2.1406827
751005	19083	1.6703645	1.1357197
751005	19084	1.5946122	1.2030215
751005	19085	1.6559566	1.1815853
751005	19086	1.2442633	1.5565729
751005	19087	0.8898412	1.8266013
751005	19088	1.2814441	1.4263278
751005	19089	0.8341073	1.9016824
751005	19090	0.8509413	1.768503
751005	19091	0.9837365	1.6865382
751005	19092	0.85336435	1.7531104
751005	19093	0.86619496	1.79495
751005	19094	0.77782786	1.8453515
751005	19095	0.59967613	2.0699332
751005	19096	0.83933485	1.8201301
751005	19097	0.75477874	-0.17957017
751005	19098	0.7479322	1.8574181
751005	19099	0.71600163	1.8917239
751005	19100	0.7728393	1.7693865
751005	19101	0.698007	1.7769101
751005	19102	0.60802984	1.8695173
751005	19103	0.67609525	1.8729777
751005	19104	0.63281906	1.8354807
751005	19105	1.2132514	-0.48754793
751005	19106	3.335968	-0.54910135
751005	19107	3.0556054	-0.078232765
751005	19108	2.8431911	0.036543995
751005	19109	2.8135066	0.17999497
751005	19110	2.5510979	0.2739224
751005	19111	3.029613	-0.17489451
751005	19112	2.6903534	0.30476925
751005	19113	2.680694	0.12015286
751005	19114	2.6314979	0.25245562
751005	19115	2.511084	0.34737864
751005	19116	2.5592675	0.29013547
751005	19117	2.5699525	0.3102412
751005	19118	2.6227784	0.258992
751005	19119	2.6251512	0.31924227
751005	19120	2.6682715	0.26651397
751005	19121	2.7376761	0.21503034
751005	19122	2.6914787	0.30555984
751005	19123	2.4786582	0.4477357
751005	19124	2.7388844	0.2174674
751005	19125	2.8020372	0.25389275
751005	19126	2.666419	0.28612372
751005	19127	2.515576	-1.498523
751005	19128	2.5505247	-1.0997113
751005	19129	1.9065076	0.5642252
751005	19130	2.4673047	0.20030299
751005	19131	2.3032966	0.30507907
751005	19132	2.6521716	0.02414313
751005	19133	-0.19809145	0.57320166
751005	19134	-0.22498807	0.77708685
751005	19135	-0.25054878	0.8564129
751005	19136	-0.004327357	0.6494224
751005	19137	0.08360016	0.44039425
751005	19138	0.30551767	2.113477
751005	19139	0.27875453	0.09417972
751005	19140	0.4584793	0.18129602
751005	19141	0.27435285	0.58099616
751005	19142	0.15170974	0.6276585
751005	19143	0.06337291	0.6492077
751005	19144	0.14269876	0.5362047
751005	19145	-0.28105095	1.0519371
751005	19146	0.23052448	0.6765441
751005	19147	0.3126942	0.37980583
751005	19148	0.87399685	-0.17040893
751005	19149	-0.1792658	0.93379915
751005	19150	1.4826233	0.85097754
751005	19151	1.4806669	0.6070535
751005	19152	1.3723799	0.8718735
751005	19153	1.6240059	0.5941112
751005	19154	1.965454	0.4599053
751005	19155	1.1958358	1.1353004
751005	19156	1.9103264	0.5546043
751005	19157	1.3891119	1.0383826
751005	19158	1.0827239	1.3161944
751005	19159	-0.10210499	0.93472695
751005	19160	1.6539108	0.46556863
751005	19161	1.371307	0.62375486
751005	19162	1.8046042	0.3183519
751005	19163	0.36706913	0.35918573
751005	19164	0.5958358	0.38454494
751005	19165	0.2809108	0.33063093
751005	19166	0.30839717	0.37603143
751005	19167	0.22862738	0.37061408
751005	19168	1.9513935	0.20270333
751005	19169	1.6628762	0.23158237
751005	19170	2.3387628	-0.1644746
751005	19171	2.570795	-0.20109832
751005	19172	2.5955334	-0.10789099
751005	19173	2.2497206	0.25287816
751005	19174	2.3428292	0.18891999
751005	19175	2.5901365	0.09038141
751005	19176	1.2713281	1.0142925
751005	19177	1.5942875	0.9383477
751005	19178	2.1141458	0.24638775
751005	19179	2.8058157	-0.3191015
751005	19180	1.2900089	-0.5948938
751005	19181	0.8886634	-0.29195863
751005	19182	1.1486801	1.0076998
751005	19183	1.3493096	0.8161862
751005	19184	0.7950462	1.7521868
751005	19185	2.2202153	0.13945737
751005	19186	0.77950156	1.3947921
751005	19187	0.727517	1.7098758
751005	19188	1.0502707	1.4339578
751005	19189	1.2039284	1.2891253
751005	19190	1.2191824	1.2689072
751005	19191	1.7593843	0.8062794
751005	19192	1.0200379	1.4838661
751005	19193	1.9457949	0.8530724
751005	19194	2.577877	-0.0045222044
751005	19195	2.7556725	0.15171686
751005	19196	1.0161431	1.4190125
751005	19197	1.3534778	1.0528706
751005	19198	0.9386252	1.510035
751005	19199	2.2695866	0.5481217
751005	19200	1.2231385	1.2262715
751005	19201	1.728953	0.72807515
751005	19202	1.3262309	1.1533191
751005	19203	1.888992	0.8204477
751005	19204	1.3202801	1.3479759
751005	19205	1.1860305	1.5076318
751005	19206	1.1639671	1.4965057
751005	19207	1.1344411	1.5252674
751005	19208	1.0473496	1.6158187
751005	19209	1.0848826	1.5825353
751005	19210	1.1109091	1.5576553
751005	19211	0.9260744	-0.5568757
751005	19212	0.96876836	-0.31604946
751005	19213	2.4472718	-0.09828827
751005	19214	2.6451187	-0.06377429
751005	19215	2.5785627	-0.016445637
751005	19216	2.6024241	0.17476687
751005	19217	3.0126572	-0.16351247
751005	19218	3.3159533	-0.30579448
751005	19219	3.1923175	-0.19251141
751005	19220	3.2571368	-0.3285396
751005	19221	1.4608687	-0.7865451
751005	19222	2.2764812	-1.2184014
751005	19223	1.703214	0.4716077
751005	19224	1.5595535	0.81941545
751005	19225	1.5959069	0.56023824
751005	19226	1.5255228	0.74772847
751005	19227	0.12302059	2.1379442
751005	19228	0.35408098	2.365812
751005	19229	0.4252804	2.1741624
751005	19230	2.5876875	-0.042481303
751005	19231	2.5284843	0.43104622
751005	19232	0.3765964	1.8816743
751005	19233	2.1884017	0.41385326
751005	19234	1.2048037	1.2035742
751005	19235	0.8669721	1.3989341
751005	19236	1.7770535	0.7067027
751005	19237	1.477035	1.178423
751005	19238	1.7774264	0.69092524
751005	19239	0.9781364	1.4003768
751005	19240	1.2235379	1.4025167
751005	19241	1.3090166	1.256926
751005	19242	1.1191795	1.3401442
751005	19243	0.70290077	1.7334604
751005	19244	1.2499259	1.2163936
751005	19245	1.4595822	1.0550166
751005	19246	1.3965034	1.1115497
751005	19247	1.9954175	0.60471296
751005	19248	2.1999645	0.46127293
751005	19249	2.1567268	0.6042532
751005	19250	2.1471434	0.5000237
751005	19251	2.2574162	0.51852846
751005	19252	2.1666985	0.5312537
751005	19253	2.1096	0.5052147
751005	19254	2.2460108	0.5438658
751005	19255	2.2429695	0.5705559
751005	19256	2.7880015	0.15658322
751005	19257	2.9860663	0.10616389
751005	19258	3.9759212	-0.84658456
751005	19259	3.508153	-0.28557694
751005	19260	3.270412	-0.34317312
751005	19261	3.540309	-0.476443
751005	19262	2.9150624	0.029546231
751005	19263	2.0958734	0.50337005
751005	19264	2.2642064	0.36180797
751005	19265	1.8124543	0.92844474
751005	19266	2.203237	0.50192904
751005	19267	2.7383127	0.17141351
751005	19268	2.1020098	0.5348815
751005	19269	1.5790933	1.1204476
751005	19270	2.5775652	0.09492043
751005	19271	2.8195848	0.1971353
751005	19272	1.9269813	0.66459525
751005	19273	2.6833901	0.0711278
751005	19274	2.8604808	0.080236405
751005	19275	3.024373	-0.0631395
751005	19276	2.8679323	0.15148887
751005	19277	2.5866184	0.28039852
751005	19278	3.1082797	-0.18897614
751005	19279	3.9170985	-0.61075014
751005	19280	3.663002	-0.4703996
751005	19281	4.0115666	-0.8130044
751005	19282	3.6372252	-0.42321876
751005	19283	2.5499077	0.23862222
751005	19284	2.9040089	0.055758268
751005	19285	3.6826887	-0.6747584
751005	19286	4.259869	-0.9295013
751005	19287	3.1853142	-0.11356762
751005	19288	3.6560922	-0.5848609
751005	19289	2.4569707	0.49270478
751005	19290	2.6821246	0.18803248
751005	19291	3.168057	-0.107576996
751005	19292	3.4130836	-0.33105102
751005	19293	3.852716	-0.5978488
751005	19294	4.291747	-0.9457511
751005	19295	2.9136295	0.13003024
751005	19296	4.2710466	-1.053089
751005	19297	3.5205393	-0.43152353
751005	19298	2.8953514	-0.016613394
751005	19299	2.3378153	-0.1373918
751005	19300	1.800975	-0.66709435
751005	19301	1.217664	1.4040034
751005	19302	1.8846065	0.8802439
751005	19303	1.0710807	1.7056167
751005	19304	1.8524176	0.89631104
751005	19305	0.865365	1.8352389
751005	19306	1.1418331	1.7728148
751005	19307	1.1288232	1.6759014
751005	19308	1.326457	1.5475786
751005	19309	1.4681977	1.3730943
751005	19310	1.2091408	1.53247
751005	19311	1.0323901	1.973897
751005	19312	1.4625951	1.3783189
751005	19313	2.091937	0.8254008
751005	19314	2.5460405	0.43148735
751005	19315	2.8335829	0.06847355
751005	19316	3.3452716	-0.21284677
751005	19317	3.3300357	-0.46794224
751005	19318	3.4500198	-0.45109713
751005	19319	1.4407011	1.0751929
751005	19320	1.909	0.8283924
751005	19321	1.9771332	0.87765265
751005	19322	1.7833012	1.0392497
751005	19323	1.6429254	1.1411738
751005	19324	0.63395643	2.1977327
751005	19325	1.702289	1.037965
751005	19326	1.9476193	0.91950774
751005	19327	2.0838032	-1.3873719
751005	19328	2.5540423	-1.4460084
751005	19329	1.9638413	-1.0615971
751005	19330	2.1373682	-1.2378298
751005	19331	1.8690356	0.41129938
751005	19332	1.9484054	0.47307774
751005	19333	0.7658442	1.8634081
751005	19334	0.22312224	0.43910477
751005	19335	0.1557374	0.8220165
751005	19336	-0.42786908	1.6045105
751005	19337	-0.25290194	3.725352
751005	19338	-0.11316365	3.412127
751005	19339	0.3883016	0.6625495
751005	19340	0.16862172	0.6245065
751005	19341	0.07175094	0.8354248
751005	19342	-0.094578266	0.8484777
751005	19343	-0.072603256	0.85937667
751005	19344	2.5200825	-0.048653275
751005	19345	1.4803342	0.7397107
751005	19346	2.1805534	0.41344008
751005	19347	2.3201237	0.30147824
751005	19348	2.331109	0.47365698
751005	19349	2.3191304	0.4313421
751005	19350	2.2797756	0.5379026
751005	19351	2.259738	0.51755
751005	19352	2.2935371	0.469861
751005	19353	2.3780727	0.4012181
751005	19354	2.441218	0.3402681
751005	19355	2.5293279	0.28505072
751005	19356	2.824977	0.092110544
751005	19357	3.4978323	-0.39125854
751005	19358	3.4782424	-0.2971996
751005	19359	1.7029668	0.9941844
751005	19360	2.323732	0.45227513
751005	19361	2.5911345	0.27157542
751005	19362	2.697113	0.17238465
751005	19363	2.6548796	0.2252827
751005	19364	0.522118	-0.25797522
751005	19365	0.45933938	-1.347928
751005	19366	0.05712402	-0.1113449
751005	19367	-0.49032223	0.90144455
751005	19368	-0.6405378	1.0872622
751005	19369	1.7715667	0.045113653
751005	19370	1.5745918	0.26576445
751005	19371	1.4209715	0.5371212
751005	19372	1.2026526	0.7129233
751005	19373	0.43519533	1.7044096
751005	19374	0.7389084	1.5724936
751005	19375	2.0830536	0.06979397
751005	19376	1.141358	1.2017272
751005	19377	1.5100526	0.8490057
751005	19378	1.4874674	0.7586665
751005	19379	1.2056617	1.0831448
751005	19380	0.37604088	2.047901
751005	19381	0.6880436	1.7270243
751005	19382	1.3463315	1.0597445
751005	19383	1.0904857	1.2423002
751005	19384	1.0064423	1.3520386
751005	19385	1.5830318	0.6968821
751005	19386	0.6789875	1.7073946
751005	19387	1.3609331	1.0720422
751005	19388	0.7347666	1.7655237
751005	19389	1.0169638	1.4692894
751005	19390	1.4672606	0.8245717
751005	19391	1.671333	0.6796794
751005	19392	1.2388793	1.1645371
751005	19393	1.0092244	1.3326848
751005	19394	1.8379403	0.6118766
751005	19395	1.8705629	0.55793643
751005	19396	3.14825	-0.49648273
751005	19397	1.7054082	0.94273424
751005	19398	1.4298816	1.0763772
751005	19399	2.0933485	0.48490164
751005	19400	2.6448736	0.048315972
751005	19401	2.62536	0.32778218
751005	19402	0.9908627	1.4709154
751005	19403	0.7565745	1.7948678
751005	19404	0.6740477	1.9318924
751005	19405	1.3092871	1.4142368
751005	19406	0.9871727	1.627105
751005	19407	1.2095133	1.4017549
751005	19408	1.2267381	1.4263692
751005	19409	0.94191885	1.7271571
751005	19410	0.7386068	2.045402
751005	19411	1.0755831	1.4021438
751005	19412	1.2078966	1.3784438
751005	19413	1.1997586	1.4255586
751005	19414	1.4734905	1.1979052
751005	19415	0.7653717	1.8402433
751005	19416	0.6573489	1.9350142
751005	19417	0.67306995	1.9389029
751005	19418	0.56963336	2.0176222
751005	19419	0.194157	2.6567395
751005	19420	-0.38094056	3.7100928
751005	19421	-0.17420217	3.252241
751005	19422	-0.7513616	1.8234344
751005	19423	0.72140765	1.7570863
751005	19424	0.808728	1.6782877
751005	19425	1.0369797	1.5110936
751005	19426	1.0341078	1.3793113
751005	19427	0.98836625	1.3946252
751005	19428	1.3614398	0.910403
751005	19429	1.0155445	1.447971
751005	19430	0.8722017	1.523312
751005	19431	0.94895923	1.5144391
751005	19432	0.9734473	1.451228
751005	19433	1.4297879	1.1034594
751005	19434	1.549059	1.023751
751005	19435	1.7122489	0.95116735
751005	19436	1.5867914	1.0765991
751005	19437	1.5125424	1.1947095
751005	19438	1.3992547	1.3144782
751005	19439	2.1606226	0.5403961
751005	19440	2.0204473	0.80415344
751005	19441	2.962266	-0.04614052
751005	19442	1.1391009	1.5212775
751005	19443	1.6583635	1.1395184
751005	19444	2.219171	0.56854236
751005	19445	2.731865	0.18067625
751005	19446	3.5459385	-0.3403589
751005	19447	3.7439995	-0.440851
751005	19448	2.902935	0.14824608
751005	19449	1.2474252	1.4336056
751005	19450	1.415793	1.4856386
751005	19451	2.970914	-0.2829638
751005	19452	2.8304958	0.34771708
751005	19453	3.6162734	-0.4443237
751005	19454	3.4770927	-0.23153424
751005	19455	1.4005595	1.2849536
751005	19456	1.7190107	1.1746448
751005	19457	2.0059443	0.8321227
751005	19458	2.4121957	0.4238294
751005	19459	3.1499486	-0.06814882
751005	19460	2.1816893	0.6960285
751005	19461	1.6524359	1.1675066
751005	19462	1.8063451	1.0001487
751005	19463	3.3418956	-0.3950464
751005	19464	4.252643	-0.8289014
751005	19465	3.234343	-0.14140746
751005	19466	3.1558495	-0.20205471
751005	19467	3.896	-0.6187044
751005	19468	4.6612763	-1.3554465
751005	19469	4.464236	-1.1864278
751005	19470	3.8373713	-0.6906246
751005	19471	2.8305545	-0.04792893
751005	19472	4.0781612	-1.0271094
751005	19473	4.842334	-1.4297093
751005	19474	2.37291	0.28898463
751005	19475	3.759883	-0.78651917
751005	19476	4.91787	-1.561106
751005	19477	4.613675	-1.2563918
751005	19478	3.2528949	-2.4590666
751005	19479	2.8365679	-0.59089804
751005	19480	2.655642	-0.23090057
751005	19481	2.6442876	-0.16482276
751005	19482	2.6033783	-0.025108606
751005	19483	2.5502048	-0.0419167
751005	19484	2.3518667	0.14873007
751005	19485	0.4264425	2.1346712
751005	19486	3.0232434	-0.26736236
751005	19487	3.2676458	-0.034810275
751005	19488	2.4586473	0.3554938
751005	19489	0.93390405	1.4828743
751005	19490	1.5184315	1.1286668
751005	19491	1.6886483	0.8387128
751005	19492	2.2361145	0.45637628
751005	19493	2.426867	0.15223494
751005	19494	2.913794	-0.14688566
751005	19495	3.2131119	-0.57765156
751005	19496	2.978272	-0.32351452
751005	19497	3.1024222	-0.36657625
751005	19498	2.9016142	-0.1415996
751005	19499	2.8004298	-0.084775746
751005	19500	2.6812644	-0.010599285
751005	19501	2.5464473	0.110495895
751005	19502	2.818664	-0.1338858
751005	19503	2.5351644	0.21717378
751005	19504	2.0739012	0.5403905
751005	19505	2.2940931	0.3942652
751005	19506	1.8875226	0.85605264
751005	19507	2.2332506	0.4669585
751005	19508	0.7897829	1.8447845
751005	19509	3.0328245	-0.38025948
751005	19510	2.7800555	0.24551871
751005	19511	2.3449864	0.37501958
751005	19512	2.1200342	0.5964669
751005	19513	2.213656	0.52699447
751005	19514	0.829062	1.8659847
751005	19515	3.0094128	-0.29804543
751005	19516	1.3914376	1.4066894
751005	19517	2.9543443	-0.2241163
751005	19518	2.6509461	0.2985619
751005	19519	1.8251926	0.99461627
751005	19520	2.8500762	0.1662797
751005	19521	2.0143042	0.7285075
751005	19522	0.5690186	1.9199181
751005	19523	1.7396277	1.1733531
751005	19524	2.222712	0.6041268
751005	19525	2.0534515	0.8008084
751005	19526	2.2289329	0.6957791
751005	19527	1.334759	1.559526
751005	19528	2.3757396	0.3614432
751005	19529	0.90082264	1.6637666
751005	19530	1.551844	1.283435
751005	19531	1.8618716	0.8672173
751005	19532	1.8882755	0.9459814
751005	19533	1.8115367	0.9791262
751005	19534	1.725433	1.0704826
751005	19535	1.8246428	0.9318315
751005	19536	1.895799	0.9541124
751005	19537	1.9379271	0.85419333
751005	19538	1.8508512	0.94879985
751005	19539	1.9219846	0.85830915
751005	19540	1.8554538	0.96769047
751005	19541	1.7772855	1.0332806
751005	19542	1.6606852	1.0815979
751005	19543	1.6057328	1.127527
751005	19544	1.7446083	0.9932723
751005	19545	1.2343467	1.6021683
751005	19546	0.464374	2.445125
751005	19547	-1.3968682	3.4085119
751005	19548	-1.5179762	4.2107506
751005	19549	-1.1600211	3.7094295
751005	19550	-0.33386445	3.643604
751005	19551	-0.22290546	3.4771802
751005	19552	-0.75475025	2.617403
751005	19553	-0.89051366	2.3960347
751005	19554	-1.8155305	4.54871
751005	19555	-1.9013128	5.0695515
751005	19556	-1.4812138	3.9247043
751005	19557	-1.3812833	3.5758774
751005	19558	-1.2649039	3.371325
751005	19559	-1.352806	3.388458
751005	19560	-1.0973058	2.7797282
751005	19561	0.5309967	1.8703246
751005	19562	0.46711272	1.6322114
751005	19563	0.49209094	1.6923618
751005	19564	-0.67473626	1.4237983
751005	19565	-1.1584537	2.5641646
751005	19566	-1.6365712	3.747594
751005	19567	-1.0819424	2.4368353
751005	19568	-1.0667382	2.2963026
751005	19569	-1.0996678	2.4131706
751005	19570	-1.0028777	2.2464468
751005	19571	0.73770726	1.8447051
751005	19572	-0.17772722	0.8151984
751005	19573	1.0135093	-0.18102875
751005	19574	0.3981179	0.47094324
751005	19575	-0.19763145	1.5383924
751005	19576	0.20395863	0.59906435
751005	19577	0.52009785	0.30804256
751005	19578	0.2898925	0.6662761
751005	19579	0.14017284	0.82468355
751005	19580	-0.07052365	1.1021535
751005	19581	0.1628896	0.8253032
751005	19582	-0.08498716	1.1095138
751005	19583	-0.029895753	1.0167692
751005	19584	-0.013224274	1.0479429
751005	19585	0.3626042	0.5152633
751005	19586	0.56435657	0.2951134
751005	19587	0.5563376	0.41218123
751005	19588	0.28257775	0.61558867
751005	19589	0.38819003	0.5218563
751005	19590	0.3620184	0.46834746
751005	19591	0.43799156	2.4810708
751005	19592	0.6040764	2.1338158
751005	19593	0.56358004	2.2630486
751005	19594	0.778131	2.0669188
751005	19595	0.87275946	1.9508784
751005	19596	0.5341431	2.5361521
751005	19597	0.04982686	2.6750252
751005	19598	0.36409384	2.6114106
751005	19599	0.027307868	3.0418472
751005	19600	0.14111537	2.756758
751005	19601	0.24322522	2.6725001
751005	19602	0.5281738	2.4191282
751005	19603	0.5697701	2.370989
751005	19604	0.51777637	2.4343581
751005	19605	0.8012489	2.161683
751005	19606	0.34316015	2.6390831
751005	19607	0.32677186	2.380847
751005	19608	0.320589	2.4911456
751005	19609	0.45610696	2.3811066
751005	19610	1.2109762	1.4529957
751005	19611	1.5118083	1.224108
751005	19612	1.4128885	1.3510724
751005	19613	1.5070487	1.2035085
751005	19614	1.8256208	0.91190946
751005	19615	2.0165834	0.80989623
751005	19616	1.8475126	0.92349744
751005	19617	1.8564857	0.85321975
751005	19618	1.8651642	0.82822394
751005	19619	1.7197202	0.93528557
751005	19620	1.7743436	0.9069264
751005	19621	1.9333395	0.71442366
751005	19622	1.0299951	1.773716
751005	19623	1.5757903	1.02817
751005	19624	3.1496625	-0.46070293
751005	19625	2.7205787	0.28227362
751005	19626	2.176907	0.589229
751005	19627	1.9343449	0.69290817
751005	19628	1.9691094	0.65861666
751005	19629	0.75181234	1.736553
751005	19630	1.523712	1.2240713
751005	19631	1.2438599	1.4887978
751005	19632	1.3792827	1.4030936
751005	19633	1.6131369	1.1698328
751005	19634	2.4447718	0.34126845
751005	19635	2.8644023	0.095317334
751005	19636	4.9698734	-1.2596673
751005	19637	4.5833726	-0.7945782
751005	19638	3.8684168	-0.38471037
751005	19639	4.117819	-0.58877784
751005	19640	4.0521083	-0.54735434
751005	19641	4.2927475	-0.7714974
751005	19642	3.8911543	-0.45547968
751005	19643	1.4213774	1.1277463
751005	19644	1.813943	0.8577366
751005	19645	2.481207	0.3317862
751005	19646	1.9713684	0.8515558
751005	19647	1.9149953	0.9174056
751005	19648	1.67511	1.2153194
751005	19649	2.161374	0.7331667
751005	19650	2.2573762	0.70287657
751005	19651	2.1143103	0.8299204
751005	19652	2.1968045	0.71559644
751005	19653	2.1854863	0.76249385
751005	19654	1.2837557	1.6704421
751005	19655	1.5064076	1.3490655
751005	19656	1.1856321	1.6438875
751005	19657	-0.14964175	3.6782062
751005	19658	-0.6191372	1.9420872
751005	19659	-0.70615757	1.9763992
751005	19660	-0.95434517	2.289337
751005	19661	-0.87680984	2.4093387
751005	19662	-0.46356654	1.6685929
751005	19663	-0.37355828	1.3460644
751005	19664	-0.27417028	1.0474117
751005	19665	-0.3284129	1.0228226
751005	19666	-0.29860914	0.9437685
751005	19667	-0.44428197	1.174485
751005	19668	-0.3003352	1.0411901
751005	19669	-0.34940046	1.0327866
751005	19670	1.8729347	0.8310393
751005	19671	1.6904122	0.7833278
751005	19672	1.6218504	1.0090101
751005	19673	1.0325902	1.3054103
751005	19674	0.08978915	2.6535838
751005	19675	-0.5106682	3.7339098
751005	19676	0.69802964	2.5545664
751005	19677	1.7562741	0.8762435
751005	19678	2.023416	0.6936934
751005	19679	2.0167918	1.0742079
751005	19680	2.4997926	0.39414188
751005	19681	1.5286096	1.3846684
751005	19682	0.8726295	1.7981265
751005	19683	0.55281806	2.341632
751005	19684	0.7205403	2.1223903
751005	19685	1.8397633	0.80153704
751005	19686	2.8264108	0.19188228
751005	19687	0.75583994	2.1089194
751005	19688	1.6723565	1.0179038
751005	19689	2.026826	0.87083435
751005	19690	1.621626	1.2598803
751005	19691	1.2317454	1.862704
751005	19692	2.6750345	0.0749574
751005	19693	2.7003465	0.5394319
751005	19694	1.8837572	1.1481334
751005	19695	1.263821	1.5705445
751005	19696	1.1593581	1.6808512
751005	19697	1.1138414	1.7193575
751005	19698	0.9888272	1.8634064
751005	19699	0.916888	1.9281759
751005	19700	0.8486726	1.9890294
751005	19701	0.3302694	2.5710535
751005	19702	-0.18697944	3.2500885
751005	19703	-0.07237443	3.1266048
751005	19704	0.9019152	1.7715609
751005	19705	1.3346182	1.2317898
751005	19706	1.5359179	1.392055
751005	19707	1.3930922	1.5096973
751005	19708	1.2359195	1.684154
751005	19709	1.0838584	1.8340981
751005	19710	0.99447083	1.911906
751005	19711	1.3135425	1.4421141
751005	19712	1.057024	1.9007831
751005	19713	1.3841588	1.4702433
751005	19714	1.575965	1.363643
751005	19715	1.6204342	1.2821225
751005	19716	2.3586097	0.6162009
751005	19717	3.3884325	-0.2905671
751005	19718	3.510985	-0.108367264
751005	19719	3.2759247	-0.06902543
751005	19720	2.0888586	1.0445263
751005	19721	2.1964817	0.7614851
751005	19722	2.1014132	1.2238791
751005	19723	2.464313	0.81639576
751005	19724	2.480847	0.62350357
751005	19725	4.093393	-0.54881907
751005	19726	2.121726	0.8781607
751005	19727	1.6075114	1.2981267
751005	19728	1.7645868	1.1673421
751005	19729	1.3421451	1.5532312
751005	19730	1.4840156	1.425988
751005	19731	1.4876446	1.4204745
751005	19732	1.5113705	1.3627899
751005	19733	1.8790766	1.0794079
751005	19734	1.7321788	1.1172985
751005	19735	1.8547949	1.1471994
751005	19736	1.9446307	1.0856843
751005	19737	2.2178564	0.7820021
751005	19738	1.8399979	1.23947
751005	19739	1.8883578	1.0712091
751005	19740	1.6945714	1.3045318
751005	19741	1.5536805	1.4528804
751005	19742	1.0404544	1.9339216
751005	19743	0.9209186	2.2415562
751005	19744	2.17948	0.7591907
751005	19745	2.958642	0.26254562
751005	19746	2.2576032	1.125024
751005	19747	1.8355247	1.3154852
751005	19748	1.8463718	1.2827233
751005	19749	2.0103989	1.1337674
751005	19750	1.5916826	1.5199826
751005	19751	1.1867764	1.8554876
751005	19752	1.2074326	2.0103347
751005	19753	1.9056867	1.2084124
751005	19754	2.5756106	0.51523304
751005	19755	1.6150957	1.6973114
751005	19756	2.6352983	0.39900324
751005	19757	2.2982044	1.0533799
751005	19758	2.0441036	1.1843079
751005	19759	1.7477382	1.3352219
751005	19760	1.4238126	1.5868919
751005	19761	1.1190525	2.127876
751005	19762	2.268425	0.73399305
751005	19763	2.1010156	1.2253261
751005	19764	1.6841141	1.5998533
751005	19765	2.5582914	0.5583252
751005	19766	3.508768	-0.29642713
751005	19767	3.1940722	0.21018603
751005	19768	2.958363	0.29924527
751005	19769	2.973753	0.22468045
751005	19770	3.0768127	0.28038302
751005	19771	2.7942424	0.51167333
751005	19772	2.593419	0.6821835
751005	19773	2.8643694	0.51674557
751005	19774	3.416421	0.01985094
751005	19775	4.3304553	-0.64003515
751005	19776	4.1546702	-0.4132427
751005	19777	2.4529753	0.59593904
751005	19778	2.1799383	0.84539104
751005	19779	1.976699	1.0895667
751005	19780	2.1400108	0.9931387
751005	19781	2.274835	0.896382
751005	19782	2.1210093	1.0277952
751005	19783	3.0541167	0.18266448
751005	19784	2.647694	0.6836791
751005	19785	2.6268005	0.8387253
751005	19786	3.230185	-0.25643885
751005	19787	2.7509613	0.46288487
751005	19788	2.68742	0.7331736
751005	19789	0.599475	2.189479
751005	19790	1.4215007	1.731972
751005	19791	1.1913337	1.7012918
751005	19792	1.2086492	1.812413
751005	19793	1.1451955	1.8607802
751005	19794	1.6129516	1.4220858
751005	19795	2.7789798	0.26422486
751005	19796	2.4122834	0.9938278
751005	19797	2.0301094	1.1441616
751005	19798	2.007216	1.0978793
751005	19799	1.9281551	1.2501328
751005	19800	1.8411263	1.3053608
751005	19801	2.0091777	0.9922755
751005	19802	2.2731838	0.721763
751005	19803	2.0701456	1.1130366
751005	19804	1.8572315	1.28289
751005	19805	2.1074152	1.0144166
751005	19806	2.1887336	1.0177877
751005	19807	2.0515141	1.1660385
751005	19808	2.1889648	1.031487
751005	19809	2.098445	1.1478266
751005	19810	2.0899997	1.1522397
751005	19811	2.1098819	1.1311572
751005	19812	2.2184176	1.0492926
751005	19813	2.099296	1.1824274
751005	19814	2.0855908	1.1841061
751005	19815	2.0918407	1.1751504
751005	19816	1.9976357	1.2126335
751005	19817	1.9980606	1.2192367
751005	19818	2.0378094	1.1962001
751005	19819	2.0345016	1.2115377
751005	19820	2.0115461	1.2363276
751005	19821	2.0591588	1.102503
751005	19822	1.9060563	1.298744
751005	19823	1.8839773	1.2511994
751005	19824	2.6226459	0.64061904
751005	19825	2.665587	0.83819544
751005	19826	2.5618396	0.69334805
751005	19827	2.52384	0.78781843
751005	19828	2.5431767	0.789202
751005	19829	2.0441518	1.3151112
751005	19830	1.4548765	1.667999
751005	19831	1.3416868	2.032077
751005	19832	1.4713757	1.6245828
751005	19833	1.5664939	1.8255541
751005	19834	1.7676343	1.5549786
751005	19835	1.8066534	1.5677989
751005	19836	1.7021133	1.6071265
751005	19837	1.865774	1.4375914
751005	19838	1.6783649	1.4939487
751005	19839	1.599085	1.6505857
751005	19840	1.7365073	1.5693386
751005	19841	1.969416	1.3304627
751005	19842	2.0341783	1.3262722
751005	19843	1.9857887	1.3788035
751005	19844	1.4035726	1.9008558
751005	19845	1.1307675	2.4226549
751005	19846	1.8032149	1.2126199
751005	19847	2.3570275	0.9846852
751005	19848	2.4366355	1.0114348
751005	19849	3.569223	0.048556
751005	19850	2.795661	0.6846713
751005	19851	1.7766789	1.3438175
751005	19852	1.4416069	1.7558775
751005	19853	2.103106	1.0795888
751005	19854	1.5338675	1.9511094
751005	19855	3.1061215	0.074278206
751005	19856	3.134973	0.5421566
751005	19857	2.718176	0.7715169
751005	19858	2.6775265	0.81483305
751005	19859	2.1743731	1.1862208
751005	19860	1.5190846	2.0076506
751005	19861	3.0287042	0.14735946
751005	19862	3.117949	0.5862223
751005	19863	2.6420012	0.8537885
751005	19864	2.3700814	1.1123002
751005	19865	2.112215	1.1924001
751005	19866	2.2284741	1.1363081
751005	19867	2.484746	0.99635005
751005	19868	3.783483	-0.03817025
751005	19869	2.3274827	1.1300663
751005	19870	2.8591661	0.5865544
751005	19871	3.4238667	0.20625213
751005	19872	3.1994166	0.41895148
751005	19873	1.9351951	1.47636
751005	19874	2.0087967	1.3988999
751005	19875	2.1709929	1.2729963
751005	19876	2.1986294	1.2911825
751005	19877	1.6950904	1.686672
751005	19878	1.481525	2.1158214
751005	19879	2.3853774	1.005417
751005	19880	2.289946	1.1798248
751005	19881	2.267033	1.2820467
751005	19882	2.1324315	1.4290655
751005	19883	2.537479	0.8980309
751005	19884	3.1608524	0.48589644
751005	19885	4.847813	-0.77111983
751005	19886	2.4086127	1.0944952
751005	19887	4.108891	-0.4204005
751005	19888	3.7789645	-1.9905542
751005	19889	3.663918	-1.7587769
751005	19890	2.42634	-1.1513104
751005	19891	2.614194	-1.2952306
751005	19892	2.4821486	-1.0477946
751005	19893	1.8904804	-0.5638214
751005	19894	2.153482	0.7122042
751005	19895	2.421929	0.52512836
751005	19896	2.412478	0.46169415
751005	19897	2.2375913	0.59521115
751005	19898	3.2540956	-0.19779637
751005	19899	3.605741	-0.3175782
751005	19900	3.630631	-0.3220697
751005	19901	3.8511434	-0.39084417
751005	19902	4.096628	-0.7803918
751005	19903	3.5633063	-0.41121143
751005	19904	2.4969568	0.8172902
751005	19905	3.961607	-0.8646349
751005	19906	3.7348256	-0.24082482
751005	19907	3.4600482	-0.24782747
751005	19908	3.3004956	0.06695995
751005	19909	3.2143536	0.058098108
751005	19910	3.1527023	0.16636679
751005	19911	3.2241302	0.05641249
751005	19912	2.9014215	0.48254082
751005	19913	2.9252658	0.28020146
751005	19914	2.3676248	0.7674023
751005	19915	1.5060471	1.7448003
751005	19916	1.9659363	1.2485904
751005	19917	2.015016	1.1188561
751005	19918	1.6269306	1.5976374
751005	19919	2.5267143	0.76223004
751005	19920	3.3613467	-0.1079126
751005	19921	2.9110184	0.44674656
751005	19922	2.5810423	0.6090684
751005	19923	2.8119807	0.4431474
751005	19924	2.9777489	0.2896326
751005	19925	2.7481933	0.5054717
751005	19926	3.013235	0.34616116
751005	19927	2.632831	0.57073426
751005	19928	2.5359654	0.7019272
751005	19929	2.6008878	0.44783577
751005	19930	2.7974854	0.309939
751005	19931	2.785266	0.48916516
751005	19932	2.6386304	0.64254844
751005	19933	2.950572	0.362358
751005	19934	2.586927	0.68032694
751005	19935	1.6180681	1.7270691
751005	19936	2.6784396	0.66311467
751005	19937	-0.10067034	2.8441713
751005	19938	-0.2217986	3.5742314
751005	19939	-0.236397	3.494887
751005	19940	-0.26766765	3.4303696
751005	19941	-0.27036428	3.4207833
751005	19942	-0.08239192	3.1788087
751005	19943	-0.17101702	3.3156495
751005	19944	-0.09314427	3.3919868
751005	19945	-0.073212594	3.3326752
751005	19946	0.0713917	3.1899147
751005	19947	0.14153624	3.2249496
751005	19948	0.6880697	2.3834972
751005	19949	-0.3999772	3.787237
751005	19950	-0.04057491	3.3945012
751005	19951	-0.09926367	3.4252431
751005	19952	-1.065522	3.3822632
751005	19953	-0.7881573	2.5447214
751005	19954	1.0850321	1.9936254
751005	19955	0.9918295	1.8482635
751005	19956	1.2022053	1.5353922
751005	19957	0.6931751	2.1417136
751005	19958	1.0736933	1.59342
751005	19959	0.99062717	1.6623924
751005	19960	0.05280167	2.8049834
751005	19961	0.36817664	2.6621084
751005	19962	0.8960414	2.2433195
751005	19963	1.3110067	1.4055363
751005	19964	1.3342855	1.5392463
751005	19965	1.7808467	0.86541784
751005	19966	1.1922865	1.6738303
751005	19967	1.2465748	1.6613984
751005	19968	1.4037625	1.4798692
751005	19969	1.4999799	1.4509242
751005	19970	1.5162874	1.471991
751005	19971	1.5327612	1.4728194
751005	19972	1.6058174	1.417833
751005	19973	1.6751488	1.3762894
751005	19974	1.6756803	1.3922477
751005	19975	1.7159652	1.3786564
751005	19976	1.7997524	1.3107712
751005	19977	1.3508652	1.7206962
751005	19978	1.4774339	1.5890002
751005	19979	1.4877228	1.5814731
751005	19980	1.4972655	1.6126754
751005	19981	1.5037085	1.6106665
751005	19982	1.0229225	2.2404892
751005	19983	0.9681449	2.1861272
751005	19984	0.911986	2.1964943
751005	19985	1.3913672	1.7725592
751005	19986	1.5672966	1.5847042
751005	19987	1.790583	1.2271645
751005	19988	1.8103064	1.2497896
751005	19989	1.7302788	1.4656208
751005	19990	1.7727445	1.437294
751005	19991	1.6438366	1.5919535
751005	19992	1.6395723	1.6080511
751005	19993	2.1176567	1.2367687
751005	19994	1.8099953	1.3784941
751005	19995	1.840238	1.2416382
751005	19996	1.4588963	1.7033274
751005	19997	1.7405154	1.4564934
751005	19998	1.762844	1.4700938
751005	19999	1.778689	1.4849513
