seq_ix	step_in_seq	t0	t1
9147005	99	1.4966327	1.310089
9147005	100	1.2750458	1.8553808
9147005	101	1.0838742	2.158697
9147005	102	1.1062402	2.1805356
9147005	103	1.1088005	2.1969101
9147005	104	1.2348173	2.0895123
9147005	105	1.2324129	2.1340272
9147005	106	1.161108	2.2342536
9147005	107	0.5433186	3.0721328
9147005	108	0.5259446	3.0970047
9147005	109	0.7374369	2.7517974
9147005	110	0.9840044	2.3696673
9147005	111	0.99489844	2.3640037
9147005	112	0.85114753	2.6315823
9147005	113	1.0070037	2.4307914
9147005	114	1.0877769	2.2524145
9147005	115	0.88673496	2.5094748
9147005	116	0.6656321	2.6984973
9147005	117	0.6789384	2.7682521
9147005	118	0.8211523	2.4836574
9147005	119	0.9929614	2.3984241
9147005	120	0.7122772	2.5877237
9147005	121	1.0249252	2.35463
9147005	122	0.7086326	2.7166162
9147005	123	0.5801786	2.9447505
9147005	124	1.0201706	2.5524828
9147005	125	1.4790646	1.8754432
9147005	126	0.9793782	2.355984
9147005	127	0.8080282	2.5444565
9147005	128	1.4561645	2.0233567
9147005	129	1.3787473	1.79181
9147005	130	1.2503191	1.9447863
9147005	131	1.411052	1.5773981
9147005	132	1.1019602	1.9948335
9147005	133	1.3232324	2.018503
9147005	134	1.7816063	1.4982673
9147005	135	1.7643601	1.496459
9147005	136	1.8312942	1.4105548
9147005	137	1.4914197	1.6638834
9147005	138	1.0726486	2.1422746
9147005	139	1.3069391	1.9588904
9147005	140	1.0558652	2.1944678
9147005	141	1.2893997	2.006811
9147005	142	1.3127888	2.1609516
9147005	143	1.3277866	1.9937127
9147005	144	0.74669504	2.5594368
9147005	145	0.3980803	2.9363253
9147005	146	-0.49327153	2.366271
9147005	147	-0.27099928	1.2569718
9147005	148	-0.27039003	1.2125314
9147005	149	1.0244579	1.677696
9147005	150	1.3573385	1.6692181
9147005	151	0.6852796	2.939643
9147005	152	0.24094898	3.0543911
9147005	153	0.8377249	2.3323948
9147005	154	1.3105247	1.7226946
9147005	155	1.3888568	1.6682272
9147005	156	1.2422768	1.7712474
9147005	157	1.038942	1.7239864
9147005	158	1.0836974	1.8289492
9147005	159	1.1414521	1.7657588
9147005	160	1.042313	1.7030137
9147005	161	1.1592016	1.6220734
9147005	162	1.2155709	1.575129
9147005	163	1.2046269	1.7869208
9147005	164	1.4650882	1.4856751
9147005	165	1.0857913	1.8011842
9147005	166	1.0925804	1.8074381
9147005	167	1.0864882	1.8231091
9147005	168	1.2912409	1.6348684
9147005	169	1.229551	1.6251261
9147005	170	1.2356986	1.7049239
9147005	171	1.30032	1.5877404
9147005	172	1.4912603	1.4527977
9147005	173	1.6242934	1.356999
9147005	174	1.4770606	1.6110091
9147005	175	0.9835516	2.041882
9147005	176	1.2224046	1.9141431
9147005	177	1.1509584	2.1020875
9147005	178	1.240392	1.8995209
9147005	179	1.305654	1.8621039
9147005	180	1.2550243	1.9534175
9147005	181	1.1623617	2.1917346
9147005	182	1.5773956	1.6056094
9147005	183	1.4008961	1.8571408
9147005	184	1.6202127	1.7345755
9147005	185	1.304276	1.9957504
9147005	186	0.74049914	2.622415
9147005	187	1.0367929	2.3145428
9147005	188	0.57993364	2.8083909
9147005	189	0.354222	2.9074492
9147005	190	0.5896063	2.719254
9147005	191	0.81595683	2.2584984
9147005	192	0.91655886	2.0868495
9147005	193	0.9799291	1.9840543
9147005	194	0.6562817	2.5196724
9147005	195	0.5261402	2.7304127
9147005	196	0.45493764	2.622027
9147005	197	0.5129359	2.7008152
9147005	198	0.501107	2.743769
9147005	199	0.6061171	2.6789448
9147005	200	0.6720526	2.6262798
9147005	201	1.0116211	2.278846
9147005	202	1.1766568	1.8972306
9147005	203	1.4310772	1.8260887
9147005	204	1.548544	1.5797508
9147005	205	1.8565232	1.2805786
9147005	206	2.0193896	1.1086347
9147005	207	1.6538254	1.6543713
9147005	208	1.4200006	1.8869996
9147005	209	1.4843409	1.8474877
9147005	210	1.7973622	1.3989025
9147005	211	1.5983166	1.7052915
9147005	212	1.7865399	1.2428778
9147005	213	1.575338	1.6393485
9147005	214	1.422739	1.8544903
9147005	215	1.4931186	1.8015907
9147005	216	1.5279933	1.7826064
9147005	217	1.5415381	1.7963192
9147005	218	1.6642145	1.5171249
9147005	219	1.6567672	1.5040269
9147005	220	1.9492904	1.2145905
9147005	221	1.77523	1.44293
9147005	222	1.7023653	1.5693958
9147005	223	1.703487	1.3726094
9147005	224	1.7558864	1.2738599
9147005	225	1.7437638	1.3754421
9147005	226	1.7291988	1.3810085
9147005	227	2.2092962	0.98914814
9147005	228	1.9831282	1.2462231
9147005	229	2.4300666	0.7368907
9147005	230	2.8265376	0.47129628
9147005	231	2.303739	0.8911072
9147005	232	2.2247653	0.9568646
9147005	233	2.288981	0.96674824
9147005	234	2.327643	0.99479234
9147005	235	2.2956772	1.0443125
9147005	236	2.2881947	1.0832233
9147005	237	1.793717	1.7414448
9147005	238	2.0357313	1.1833136
9147005	239	2.227817	1.2278821
9147005	240	2.272378	1.234929
9147005	241	2.2142978	1.289368
9147005	242	1.6645473	2.0479612
9147005	243	1.9617776	1.3656685
9147005	244	1.7351536	1.9574542
9147005	245	1.9673718	1.4887108
9147005	246	1.7285649	1.8750327
9147005	247	1.4779985	2.1005232
9147005	248	1.5632457	2.0338223
9147005	249	1.7181083	1.9330058
9147005	250	1.7341205	1.9531941
9147005	251	2.3444743	1.3858842
9147005	252	1.9752611	1.7873523
9147005	253	1.982406	1.8002179
9147005	254	1.5852355	2.3845596
9147005	255	1.7624317	1.9044468
9147005	256	1.926515	1.875114
9147005	257	1.9505304	1.9280295
9147005	258	1.8025533	2.0799282
9147005	259	1.8347803	2.0610638
9147005	260	1.8471385	2.0542474
9147005	261	1.8926119	2.0415065
9147005	262	1.9498233	2.1831965
9147005	263	2.2760344	1.9584532
9147005	264	1.9540032	2.0975018
9147005	265	1.7558013	2.4874167
9147005	266	1.7577542	2.3505235
9147005	267	1.0617381	2.8231351
9147005	268	1.0470372	2.7769809
9147005	269	0.96974397	3.0666282
9147005	270	1.3905911	2.4235747
9147005	271	1.2795479	2.3180938
9147005	272	1.3538316	2.4406168
9147005	273	1.2958308	2.2598348
9147005	274	1.1559247	2.4353538
9147005	275	1.0975767	2.5746188
9147005	276	1.3110737	2.0717971
9147005	277	1.3458389	2.251596
9147005	278	1.2546873	2.154855
9147005	279	1.2470025	2.3339593
9147005	280	1.2533146	2.1180487
9147005	281	1.2455122	2.2956004
9147005	282	1.1765568	2.1793363
9147005	283	1.172275	2.3336024
9147005	284	1.2047508	2.3552594
9147005	285	1.2217801	2.361438
9147005	286	1.3001877	2.0667205
9147005	287	1.4243743	1.976366
9147005	288	1.6671685	1.8734555
9147005	289	2.140926	1.136863
9147005	290	1.2921637	2.2695234
9147005	291	1.0622345	2.4938927
9147005	292	1.1720935	2.4811094
9147005	293	1.5184385	2.0545673
9147005	294	1.6877428	1.9814675
9147005	295	1.2850194	2.5720515
9147005	296	1.2115606	2.6662898
9147005	297	1.164968	2.7180054
9147005	298	1.0497088	2.579726
9147005	299	1.3648933	2.3821697
9147005	300	1.7143542	2.1226811
9147005	301	1.5571336	2.2124665
9147005	302	1.5416805	2.2167292
9147005	303	1.5714823	2.1826105
9147005	304	1.5859808	2.172565
9147005	305	1.6411716	2.1175756
9147005	306	1.6740814	2.094173
9147005	307	1.727024	2.0498343
9147005	308	1.7378064	2.0384202
9147005	309	1.8316063	1.9752698
9147005	310	1.8414582	1.9747798
9147005	311	1.8357173	1.9868026
9147005	312	1.8559555	1.9857955
9147005	313	1.8784207	1.9717646
9147005	314	2.047254	1.6920252
9147005	315	1.1713339	2.721153
9147005	316	0.8390968	3.0392225
9147005	317	0.55174994	3.858249
9147005	318	0.26406574	4.2728715
9147005	319	0.014471948	4.616752
9147005	320	-0.21272874	4.6945996
9147005	321	-0.31899706	4.999136
9147005	322	-0.5289769	5.02813
9147005	323	-1.0875759	4.175947
9147005	324	-1.3479698	4.108252
9147005	325	-1.2055156	3.6882098
9147005	326	-1.3517628	3.5803506
9147005	327	-1.309444	3.405364
9147005	328	-1.4598544	3.6829827
9147005	329	-1.5127373	3.859781
9147005	330	-1.823497	4.547922
9147005	331	-1.0225493	4.353526
9147005	332	-0.9569491	4.4818616
9147005	333	-0.90525246	4.482099
9147005	334	-0.93734753	4.352064
9147005	335	-1.445272	3.8979404
9147005	336	-1.5868894	4.271656
9147005	337	-1.5453511	4.270343
9147005	338	-0.5242748	3.8399713
9147005	339	-0.65558964	2.166147
9147005	340	-0.71978354	1.9309931
9147005	341	-0.6353987	2.1342916
9147005	342	-0.6074699	1.9890459
9147005	343	-0.57820463	4.016189
9147005	344	-0.79331696	4.3189754
9147005	345	-0.39271915	1.465581
9147005	346	-0.6802361	1.8325572
9147005	347	1.1297363	1.9555302
9147005	348	0.657163	2.636743
9147005	349	0.9843923	2.3977752
9147005	350	0.8485216	2.5397327
9147005	351	0.95305145	2.3986735
9147005	352	1.0261846	2.2940958
9147005	353	1.3337466	1.9786909
9147005	354	1.4491053	1.8425279
9147005	355	1.372687	1.9919181
9147005	356	0.9430742	2.427243
9147005	357	0.48647147	0.7033533
9147005	358	0.30295473	2.6749785
9147005	359	0.16224569	3.071695
9147005	360	-0.08492991	3.2686548
9147005	361	-0.018797219	3.1109118
9147005	362	-0.14285299	3.274794
9147005	363	-0.007884622	3.1282892
9147005	364	-0.036683947	3.1714447
9147005	365	0.047382772	3.0966008
9147005	366	0.31451714	0.47539327
9147005	367	2.6026726	0.069833726
9147005	368	2.4042602	0.7224966
9147005	369	3.3414135	0.23701718
9147005	370	2.9047017	0.6295806
9147005	371	2.8997197	0.73806036
9147005	372	2.9191637	0.8322079
9147005	373	2.7741442	0.8974097
9147005	374	2.4906025	1.0531569
9147005	375	2.3245058	1.1538668
9147005	376	2.3495893	1.1269265
9147005	377	2.4770718	1.0207914
9147005	378	2.4323297	1.0758737
9147005	379	2.4266768	1.0692682
9147005	380	2.608296	0.8983135
9147005	381	2.753952	0.7464802
9147005	382	3.3713536	0.25789794
9147005	383	3.508246	0.25654516
9147005	384	3.4096217	0.31928864
9147005	385	3.5940528	0.1417627
9147005	386	4.041238	-0.19056123
9147005	387	4.093933	-0.13421246
9147005	388	4.4433546	-0.27159262
9147005	389	4.498752	-0.4663033
9147005	390	3.9451084	-0.11780536
9147005	391	4.145125	-0.34319085
9147005	392	3.8561	-0.08800423
9147005	393	3.512982	0.075475305
9147005	394	3.7150264	-0.11600995
9147005	395	3.7459745	-0.16775635
9147005	396	3.120585	0.55488527
9147005	397	3.1605005	0.292201
9147005	398	3.0056653	0.49800035
9147005	399	3.1415186	0.36093792
9147005	400	3.1435533	0.3832021
9147005	401	2.699439	0.8161504
9147005	402	2.653954	0.79368126
9147005	403	2.5147057	0.9959916
9147005	404	3.5710964	0.03499618
9147005	405	3.6805482	0.12832806
9147005	406	3.0426798	0.7004442
9147005	407	3.1291647	0.5082108
9147005	408	3.205213	0.48132887
9147005	409	3.2543426	0.46474537
9147005	410	3.0753455	0.625391
9147005	411	3.0573163	0.6225362
9147005	412	3.2982302	0.395856
9147005	413	3.5045137	0.36459556
9147005	414	3.694819	0.18508407
9147005	415	3.8115892	0.10107544
9147005	416	3.471417	0.4597284
9147005	417	3.7633905	0.24999765
9147005	418	3.6102848	0.37633595
9147005	419	3.142407	0.6880499
9147005	420	3.1846528	0.6081768
9147005	421	3.4984717	0.35821262
9147005	422	2.9522653	0.94808125
9147005	423	3.412475	0.38924703
9147005	424	3.400043	0.52926207
9147005	425	3.4530807	0.528211
9147005	426	3.103804	0.8043958
9147005	427	3.0242682	0.82241595
9147005	428	3.2873158	0.5818918
9147005	429	3.4894433	0.47384074
9147005	430	3.1939182	0.6802994
9147005	431	2.4877048	1.2125237
9147005	432	2.1346774	1.6926558
9147005	433	3.2005482	0.64315677
9147005	434	3.4835105	0.4434754
9147005	435	3.5240207	0.34207043
9147005	436	3.4417748	0.41040257
9147005	437	3.0568004	0.64260983
9147005	438	2.9898868	0.58522594
9147005	439	3.2038317	0.5271269
9147005	440	2.3381891	1.1409514
9147005	441	3.0069022	0.6226553
9147005	442	2.9188447	0.5929251
9147005	443	2.5676637	0.74772274
9147005	444	3.3699102	0.1330922
9147005	445	2.8982983	0.53401196
9147005	446	3.0713005	0.43762222
9147005	447	2.807778	0.76486194
9147005	448	3.086051	0.35858646
9147005	449	3.1002245	0.3707861
9147005	450	2.9259334	0.54039323
9147005	451	2.342444	0.94942856
9147005	452	2.2629771	1.0373673
9147005	453	1.8843101	1.4036777
9147005	454	1.7167801	1.5472755
9147005	455	0.9584974	2.4781728
9147005	456	1.631751	1.7008331
9147005	457	1.3831422	1.7937119
9147005	458	1.6418751	1.6876254
9147005	459	1.2654243	1.9758077
9147005	460	1.2273079	2.0571218
9147005	461	1.6467592	1.6395516
9147005	462	1.6113244	1.6831973
9147005	463	1.6520454	1.6623588
9147005	464	1.719957	1.5618584
9147005	465	1.7644023	1.5413668
9147005	466	1.7502812	1.5837524
9147005	467	1.7594951	1.5537608
9147005	468	1.7350982	1.6200867
9147005	469	1.8055056	1.531074
9147005	470	1.7905053	1.5593927
9147005	471	1.9919845	1.3471538
9147005	472	1.9387919	1.332808
9147005	473	1.729263	1.6413927
9147005	474	2.4005852	0.8745936
9147005	475	2.9916015	0.35413203
9147005	476	2.9221082	0.54280114
9147005	477	2.8134165	0.6051183
9147005	478	2.386057	1.0943944
9147005	479	2.6609278	0.65979075
9147005	480	2.537325	0.7021737
9147005	481	2.349183	0.9899874
9147005	482	2.1300273	1.1732957
9147005	483	1.7709793	1.5994835
9147005	484	1.7670566	1.5316117
9147005	485	1.6992141	1.6233461
9147005	486	1.3829558	1.8736312
9147005	487	1.1836139	2.0529003
9147005	488	1.1576892	2.1199856
9147005	489	1.1059318	2.2501519
9147005	490	1.4331899	1.6727831
9147005	491	1.4703169	1.7687447
9147005	492	1.1951776	1.9847722
9147005	493	1.1436387	2.0636976
9147005	494	1.2786859	1.9686239
9147005	495	1.2502964	2.035654
9147005	496	1.2499808	2.0357811
9147005	497	0.7814287	2.6864815
9147005	498	0.593909	2.9852245
9147005	499	0.65204585	3.3470366
9147005	500	0.4640301	3.4555311
9147005	501	0.4205525	3.8293173
9147005	502	-0.14152673	4.32097
9147005	503	-0.569382	5.325082
9147005	504	-0.6714695	5.588888
9147005	505	-0.6140063	5.702467
9147005	506	-0.09678301	5.009236
9147005	507	-0.04819733	4.7179604
9147005	508	-0.023475498	4.6036243
9147005	509	-0.19684604	4.720943
9147005	510	0.08408296	4.3878274
9147005	511	0.12722045	4.357146
9147005	512	0.18553221	4.271039
9147005	513	0.33045137	4.066895
9147005	514	1.1076343	3.198949
9147005	515	0.9165621	3.4588451
9147005	516	0.65296006	3.8135989
9147005	517	0.77480674	3.6513727
9147005	518	1.0490866	3.2501078
9147005	519	1.2548615	3.0310557
9147005	520	1.2072968	3.1767232
9147005	521	1.2752208	3.1204329
9147005	522	1.3169917	3.0627272
9147005	523	-0.36713168	1.8813226
9147005	524	-0.1087735	0.9627342
9147005	525	-0.4406741	1.9003961
9147005	526	0.38395917	3.4389658
9147005	527	0.050627828	3.6538665
9147005	528	0.19312805	3.3415213
9147005	529	0.6965382	0.13446382
9147005	530	0.2249021	2.7441397
9147005	531	0.11718947	3.3792377
9147005	532	1.2433058	-0.44356072
9147005	533	0.71235585	0.23287365
9147005	534	2.443058	0.97456944
9147005	535	1.9299065	1.4656733
9147005	536	1.6661304	1.7231355
9147005	537	1.8763477	1.6261108
9147005	538	1.7447997	1.8869576
9147005	539	1.8009473	1.9226778
9147005	540	2.1248674	1.4957211
9147005	541	2.499187	1.1144886
9147005	542	2.5123162	0.9819577
9147005	543	2.4323153	1.2038828
9147005	544	2.807557	0.8236526
9147005	545	2.7328315	0.90918803
9147005	546	2.4919896	1.1085545
9147005	547	2.603085	0.9669504
9147005	548	1.9927534	1.7780712
9147005	549	1.931218	1.8002458
9147005	550	2.0064354	1.5558121
9147005	551	1.8413588	1.5093129
9147005	552	2.1578898	1.3558218
9147005	553	2.0939722	1.4095685
9147005	554	2.0531306	1.525855
9147005	555	2.4100008	1.1214149
9147005	556	2.4475117	1.0535203
9147005	557	2.5767517	0.86244214
9147005	558	2.230546	1.5564818
9147005	559	2.9275599	0.44791868
9147005	560	2.2265058	1.1587478
9147005	561	2.5990949	0.6324935
9147005	562	2.6871133	0.8422396
9147005	563	2.6681838	0.79721785
9147005	564	2.589202	0.88715196
9147005	565	2.6649294	0.6754683
9147005	566	2.2167	1.4856716
9147005	567	2.4474258	0.9978503
9147005	568	2.335661	1.0075363
9147005	569	2.2607818	1.5165528
9147005	570	2.438964	0.9815757
9147005	571	2.5323968	0.7625421
9147005	572	1.3448226	-0.33624524
9147005	573	0.5853797	2.5378594
9147005	574	0.6314986	2.7109852
9147005	575	0.7462405	2.6670845
9147005	576	0.862373	2.3944688
9147005	577	0.8614496	2.5185452
9147005	578	0.9089761	2.3921123
9147005	579	1.0539829	2.1985304
9147005	580	0.7107749	2.835744
9147005	581	1.3525809	1.8576412
9147005	582	1.3436713	1.829701
9147005	583	1.2508413	2.0786817
9147005	584	1.0181153	2.2331896
9147005	585	1.2092382	1.7856815
9147005	586	1.6224133	1.334822
9147005	587	1.9546419	1.376516
9147005	588	1.37559	2.0591815
9147005	589	1.4051701	1.5445616
9147005	590	1.8965086	1.0079243
9147005	591	2.0685854	0.87233853
9147005	592	1.9015828	0.94414234
9147005	593	1.7396532	1.026168
9147005	594	1.9992677	0.97000027
9147005	595	2.0901027	0.9139997
9147005	596	2.2393694	0.97917736
9147005	597	2.0990982	0.8062712
9147005	598	2.2226195	0.8002465
9147005	599	1.8383876	1.1496156
9147005	600	2.007175	0.88691247
9147005	601	1.8895136	1.2566619
9147005	602	1.8631707	1.0393425
9147005	603	1.9329177	1.1395631
9147005	604	1.9821028	1.112925
9147005	605	1.863968	1.1647747
9147005	606	1.8150071	1.2719662
9147005	607	2.111508	0.69392574
9147005	608	2.1428928	0.8408799
9147005	609	1.6767572	1.5230829
9147005	610	1.7496353	1.351079
9147005	611	1.5303813	1.7821059
9147005	612	1.2200913	1.9235544
9147005	613	0.8705944	2.5069404
9147005	614	0.38847077	0.477298
9147005	615	0.07706517	0.6400647
9147005	616	0.07426959	0.94659436
9147005	617	2.0828848	1.3255684
9147005	618	2.132781	1.3317333
9147005	619	2.1779952	1.2057621
9147005	620	2.7089624	0.5803946
9147005	621	2.5264268	0.77563167
9147005	622	2.814569	0.52065015
9147005	623	2.855229	0.47638676
9147005	624	2.4112911	0.85181546
9147005	625	2.4624882	0.9936807
9147005	626	2.5051036	0.7161368
9147005	627	2.5196757	0.81674635
9147005	628	2.4854636	0.7932923
9147005	629	2.5028267	0.76473784
9147005	630	2.5085506	0.7719407
9147005	631	2.294407	0.9547608
9147005	632	2.3263402	0.909889
9147005	633	2.3284764	0.8971753
9147005	634	2.097715	1.3087918
9147005	635	2.2247748	1.0678091
9147005	636	2.6355796	0.7662147
9147005	637	2.481748	1.1595209
9147005	638	2.6382842	0.8802686
9147005	639	2.5898933	0.89633644
9147005	640	2.6623154	0.8558905
9147005	641	2.6561532	0.7161573
9147005	642	2.4114733	1.2654601
9147005	643	2.5987835	0.88354516
9147005	644	2.744401	0.5875703
9147005	645	2.3794012	1.1864698
9147005	646	2.272637	1.0616862
9147005	647	2.0891595	1.2985297
9147005	648	2.0679078	1.441292
9147005	649	2.1869845	1.266771
9147005	650	2.1951876	1.261516
9147005	651	2.468101	0.97458684
9147005	652	2.458202	1.0185192
9147005	653	2.1980186	1.4079092
9147005	654	2.0685978	1.3912718
9147005	655	2.0545378	1.6546729
9147005	656	1.755066	1.9125042
9147005	657	2.1884074	1.3608123
9147005	658	2.165042	1.2981608
9147005	659	2.2374115	1.1877306
9147005	660	2.32477	1.3370601
9147005	661	2.378327	1.1730595
9147005	662	2.6572475	0.8964435
9147005	663	2.2133698	1.4433663
9147005	664	2.8133183	0.6320094
9147005	665	2.868441	0.8756325
9147005	666	2.7448053	0.92977273
9147005	667	2.9701076	0.6895739
9147005	668	2.6367598	1.0164692
9147005	669	2.7341762	0.9132534
9147005	670	2.7114992	0.9590882
9147005	671	2.7746496	0.9027519
9147005	672	2.802062	0.8902861
9147005	673	2.7697368	0.93675435
9147005	674	2.740374	0.9657078
9147005	675	1.9085058	1.9205148
9147005	676	2.0304217	1.5723052
9147005	677	1.1964931	2.7585258
9147005	678	1.8181621	2.2264843
9147005	679	2.053074	2.219035
9147005	680	1.5416657	2.644154
9147005	681	1.4996608	2.5565073
9147005	682	1.4959222	2.5441265
9147005	683	1.8542	2.1054678
9147005	684	1.4347855	2.3392875
9147005	685	2.2033086	1.4199841
9147005	686	2.2058673	1.5016419
9147005	687	2.2558064	1.3937511
9147005	688	2.0037513	1.6906152
9147005	689	2.3302855	1.4193314
9147005	690	1.7070669	2.042275
9147005	691	1.8611852	1.7565944
9147005	692	1.7302183	1.8020182
9147005	693	1.2122955	2.3917377
9147005	694	1.4645445	2.1342468
9147005	695	1.7001797	1.967917
9147005	696	1.8763441	1.6919546
9147005	697	2.155445	1.4150255
9147005	698	1.5621203	1.958785
9147005	699	1.728331	1.9756873
9147005	700	1.2297184	2.6111472
9147005	701	1.53278	2.3978996
9147005	702	1.1994772	2.8467708
9147005	703	1.2172529	2.6905425
9147005	704	1.1123952	2.8215272
9147005	705	1.039809	2.9363742
9147005	706	1.1600162	2.7458
9147005	707	0.750257	3.0742626
9147005	708	1.1068894	2.6973505
9147005	709	1.020842	2.8189883
9147005	710	1.1091444	2.678028
9147005	711	1.1285651	2.6028693
9147005	712	1.5874394	1.9853525
9147005	713	1.4788455	2.1014721
9147005	714	1.6801587	1.799712
9147005	715	1.6229931	1.8371246
9147005	716	1.7348105	1.7562118
9147005	717	1.5886368	2.0513113
9147005	718	1.3228074	2.387456
9147005	719	1.0330235	3.1196256
9147005	720	1.1423593	2.8347676
9147005	721	1.5342411	2.24934
9147005	722	1.3758187	2.419286
9147005	723	1.3366606	2.4143655
9147005	724	1.4340878	2.2374623
9147005	725	1.3520178	2.336591
9147005	726	1.4331001	2.1783936
9147005	727	1.4094276	2.235416
9147005	728	2.0278301	1.3685248
9147005	729	1.9579667	1.6433585
9147005	730	1.3836176	2.4022892
9147005	731	1.7964238	1.7603238
9147005	732	1.3929552	2.440093
9147005	733	1.5083343	2.0649538
9147005	734	2.0519824	1.5631857
9147005	735	2.2530656	1.4717556
9147005	736	2.439825	1.1722747
9147005	737	2.2779374	1.3872005
9147005	738	2.106419	1.5764313
9147005	739	2.5490527	1.112541
9147005	740	2.7912292	0.82985437
9147005	741	2.8047638	0.8465692
9147005	742	2.6826968	0.9601815
9147005	743	2.279935	1.3286678
9147005	744	2.5964456	0.9819151
9147005	745	2.840088	0.7925129
9147005	746	2.8271585	0.8077036
9147005	747	2.3927493	1.1789465
9147005	748	2.7504077	0.82186174
9147005	749	2.7572975	0.86405957
9147005	750	2.7444458	0.88818216
9147005	751	2.7066894	0.9223039
9147005	752	2.7233043	0.94524276
9147005	753	2.5712538	1.1112789
9147005	754	2.868588	0.79900336
9147005	755	2.9697933	0.7529789
9147005	756	3.1547718	0.5883664
9147005	757	3.0114117	0.6988231
9147005	758	2.9164953	0.7713555
9147005	759	2.7573838	0.832047
9147005	760	2.7141128	0.7620418
9147005	761	2.9732122	0.6081369
9147005	762	3.2515936	0.46280465
9147005	763	2.9686012	0.6178721
9147005	764	3.032915	0.6016458
9147005	765	2.9059238	0.6016934
9147005	766	2.8460255	0.6993309
9147005	767	3.3023314	0.28514883
9147005	768	3.4683118	0.1559231
9147005	769	3.0382762	0.5970473
9147005	770	2.4842606	0.99387515
9147005	771	2.5819755	0.8088927
9147005	772	2.9649587	0.53269684
9147005	773	3.0955505	0.45886996
9147005	774	3.1842604	0.41281244
9147005	775	2.6624064	1.0125479
9147005	776	2.591537	1.2211868
9147005	777	2.301115	1.6357794
9147005	778	2.3820915	1.4272054
9147005	779	2.753263	1.0068977
9147005	780	2.7629676	1.0148315
9147005	781	2.7688913	0.9910872
9147005	782	2.8260293	0.9218583
9147005	783	2.9057674	0.8455398
9147005	784	2.9189358	0.8382963
9147005	785	2.993763	0.7528465
9147005	786	2.9438844	0.8183762
9147005	787	3.0253835	0.7084037
9147005	788	3.1435041	0.58240736
9147005	789	2.9168334	0.8163148
9147005	790	2.9985795	0.5673424
9147005	791	3.0345182	0.53369117
9147005	792	3.6215749	-0.05421731
9147005	793	3.3752499	0.27315167
9147005	794	3.2661238	0.33983782
9147005	795	3.8016376	-0.03456527
9147005	796	3.5742884	0.13715771
9147005	797	3.3662176	0.19419596
9147005	798	3.7594376	-0.10701993
9147005	799	3.792448	-0.12971789
9147005	800	3.7552285	-0.11826393
9147005	801	3.6579366	-0.08703941
9147005	802	3.8249693	-0.14610553
9147005	803	3.861946	-0.26273412
9147005	804	3.8735247	-0.15716925
9147005	805	3.489624	-0.004111171
9147005	806	3.8814893	-0.32584453
9147005	807	3.7879748	-0.22513612
9147005	808	3.9437518	-0.41536307
9147005	809	3.2891822	0.08104023
9147005	810	3.5518022	-0.15983099
9147005	811	3.6039953	-0.15109947
9147005	812	3.6506162	-0.21207143
9147005	813	3.6945891	-0.22627309
9147005	814	3.3866553	-0.068330824
9147005	815	3.283986	0.023363173
9147005	816	3.1783	0.10922685
9147005	817	3.265099	0.05546066
9147005	818	3.2842884	0.021896273
9147005	819	2.581111	-1.374026
9147005	820	1.8413585	0.62666583
9147005	821	1.9439105	0.6774796
9147005	822	1.9964231	0.80724263
9147005	823	1.9968165	0.8613063
9147005	824	1.9226371	0.93131936
9147005	825	1.9204339	0.9071804
9147005	826	1.7561907	1.0702679
9147005	827	1.7330745	1.0872221
9147005	828	1.7371053	1.1088736
9147005	829	1.8719004	1.0150412
9147005	830	1.8547951	1.0457944
9147005	831	1.8559593	1.0593009
9147005	832	1.8487123	1.0811795
9147005	833	1.5121256	1.3786927
9147005	834	1.9276065	0.90173626
9147005	835	1.8232423	1.1298771
9147005	836	1.7792763	1.068684
9147005	837	1.928207	0.9285604
9147005	838	1.9634751	0.93164456
9147005	839	2.048689	0.8671063
9147005	840	1.7714916	0.9844022
9147005	841	1.8382589	0.9678333
9147005	842	2.0649924	0.6419053
9147005	843	3.1010532	-0.044138074
9147005	844	3.3583217	-0.14667168
9147005	845	2.8947716	0.18857506
9147005	846	2.7987862	0.17889318
9147005	847	2.813898	0.16360304
9147005	848	2.6363358	0.33656827
9147005	849	2.593525	0.3330944
9147005	850	2.731741	0.24460426
9147005	851	2.7159567	0.2432721
9147005	852	2.7080483	0.26473203
9147005	853	2.6864696	0.28778216
9147005	854	2.6564898	0.3064684
9147005	855	2.6005635	0.33864418
9147005	856	2.6161494	0.34122524
9147005	857	2.5694022	0.36441866
9147005	858	2.51054	0.42861143
9147005	859	2.4592123	0.45405987
9147005	860	2.4537287	0.46761099
9147005	861	2.4616323	0.47732672
9147005	862	2.4153113	0.50200593
9147005	863	2.0838394	0.9152628
9147005	864	2.464274	0.4886242
9147005	865	2.304214	0.59349155
9147005	866	2.1549969	0.7883283
9147005	867	2.0803618	0.83537006
9147005	868	2.1430473	0.8174151
9147005	869	2.326501	0.62011147
9147005	870	2.100541	0.817536
9147005	871	2.0405645	0.892328
9147005	872	2.05648	0.8981998
9147005	873	2.04774	0.92115855
9147005	874	2.0792503	0.90215886
9147005	875	2.0437708	0.92696965
9147005	876	2.0901575	0.90747786
9147005	877	2.0145922	0.9504398
9147005	878	1.820407	1.2469311
9147005	879	1.737599	1.2564709
9147005	880	1.2692074	1.715394
9147005	881	1.0897213	2.021434
9147005	882	1.4955343	1.4936986
9147005	883	1.0926042	1.946485
9147005	884	1.1385021	1.976191
9147005	885	1.1319318	1.9570916
9147005	886	0.88258743	2.3778968
9147005	887	1.3277794	1.8532953
9147005	888	1.2118981	1.8553207
9147005	889	0.6626967	2.642492
9147005	890	0.9077927	2.449129
9147005	891	0.97880447	2.0328825
9147005	892	1.3704709	1.6852055
9147005	893	1.7060765	1.3209357
9147005	894	1.5991284	1.46938
9147005	895	1.7758554	1.3178457
9147005	896	1.2623285	1.9620571
9147005	897	1.3972012	1.7095263
9147005	898	1.3337094	1.8601077
9147005	899	1.3510627	1.8532343
9147005	900	1.338528	1.8496165
9147005	901	1.3615884	1.8198023
9147005	902	1.3884695	1.7874091
9147005	903	1.3713841	1.8011782
9147005	904	1.3552207	1.8168817
9147005	905	1.6183747	1.5134252
9147005	906	1.6796674	1.4913008
9147005	907	2.023572	1.086274
9147005	908	1.9293829	1.1793778
9147005	909	1.3846444	1.9007075
9147005	910	1.8779162	1.3983244
9147005	911	1.7568258	1.3211237
9147005	912	1.6102437	1.5074209
9147005	913	1.6141857	1.5665247
9147005	914	1.542868	1.6226509
9147005	915	1.6757885	1.5315686
9147005	916	1.3823879	1.9874475
9147005	917	1.7413067	1.5421631
9147005	918	1.6550881	1.5530465
9147005	919	1.6850606	1.5868905
9147005	920	1.7203525	1.523771
9147005	921	1.7363893	1.5048805
9147005	922	1.7495495	1.496055
9147005	923	1.014167	2.5670633
9147005	924	0.9334229	2.848612
9147005	925	0.55487525	3.4531202
9147005	926	0.5384203	3.7771313
9147005	927	0.08805728	4.469417
9147005	928	-0.99269015	5.1714
9147005	929	-1.1322896	5.096689
9147005	930	-1.4955835	5.9111924
9147005	931	-1.3887849	5.2760777
9147005	932	-1.7338759	5.6647615
9147005	933	-1.5325458	3.546982
9147005	934	-1.799698	3.907479
9147005	935	-1.8215196	4.410178
9147005	936	-0.5465313	3.999592
9147005	937	-0.9295401	4.062691
9147005	938	-0.88234544	4.098695
9147005	939	-0.9101827	4.407307
9147005	940	-0.78768456	4.2196903
9147005	941	-0.9750767	4.3279276
9147005	942	-1.005872	4.4112735
9147005	943	-0.8640536	4.0295863
9147005	944	-0.89889824	3.9752958
9147005	945	-0.062064648	4.562811
9147005	946	-0.15039307	4.698607
9147005	947	0.20223665	4.222099
9147005	948	0.3116694	4.012138
9147005	949	0.24189872	4.215278
9147005	950	0.41755557	3.9771993
9147005	951	0.7567065	3.356918
9147005	952	0.7108723	3.3157597
9147005	953	0.9063082	3.3097236
9147005	954	0.7540631	3.3847435
9147005	955	0.8637818	3.2844312
9147005	956	0.81197953	3.1265192
9147005	957	0.7172878	3.4725263
9147005	958	1.0030396	3.166486
9147005	959	0.87886345	3.2274706
9147005	960	0.92787683	3.197864
9147005	961	0.95889294	3.1767008
9147005	962	1.1408364	2.9005826
9147005	963	0.89879847	3.2153268
9147005	964	1.2314199	2.6394928
9147005	965	1.1931171	2.666023
9147005	966	1.0717006	2.8859024
9147005	967	1.2148061	2.7119892
9147005	968	1.1626211	2.6245515
9147005	969	1.3376228	2.358943
9147005	970	1.5055553	2.173002
9147005	971	1.2205721	2.5614529
9147005	972	1.5980371	2.0214293
9147005	973	1.2796237	2.3182151
9147005	974	1.4334378	2.2517216
9147005	975	1.391719	2.0891976
9147005	976	1.7985424	1.6814933
9147005	977	1.9562527	1.4687699
9147005	978	1.9349867	1.4941223
9147005	979	2.081963	1.4279195
9147005	980	2.1897712	1.2703419
9147005	981	1.9005786	1.5724328
9147005	982	1.7818557	1.612282
9147005	983	1.9469286	1.6169348
9147005	984	1.8507272	1.4964054
9147005	985	1.9124707	1.4182326
9147005	986	1.3415755	2.1143255
9147005	987	1.3687584	2.1371572
9147005	988	1.463417	1.9988985
9147005	989	1.3924276	2.0943656
9147005	990	1.5448142	1.8987582
9147005	991	1.5146581	1.9392736
9147005	992	1.4326905	2.065441
9147005	993	1.419781	2.0693583
9147005	994	1.3992597	2.0284343
9147005	995	1.2880107	2.1482658
9147005	996	1.4035963	2.0526624
9147005	997	1.4445345	2.0585032
9147005	998	1.4885467	1.9213245
9147005	999	2.0615482	1.2989913
9147005	1000	2.0336552	1.3972965
9147005	1001	1.9958519	1.5639608
9147005	1002	2.0486846	1.2843084
9147005	1003	2.143303	1.2712983
9147005	1004	2.0533404	1.3050368
9147005	1005	2.1724539	1.1570089
9147005	1006	2.563795	0.9319762
9147005	1007	2.5088582	0.9230907
9147005	1008	3.4633737	0.09907934
9147005	1009	3.6299148	0.20526168
9147005	1010	3.410293	0.32535735
9147005	1011	2.8841467	0.7167983
9147005	1012	2.9333248	0.51260936
9147005	1013	3.1250067	0.3980781
9147005	1014	3.2104359	0.45654073
9147005	1015	3.161726	0.34388694
9147005	1016	3.312554	0.39917782
9147005	1017	3.2295132	0.35374323
9147005	1018	3.259984	0.43207815
9147005	1019	3.316637	0.2995074
9147005	1020	3.341106	0.2601749
9147005	1021	3.3441987	0.3541563
9147005	1022	3.1186843	0.37667945
9147005	1023	3.432499	0.1698263
9147005	1024	2.5308962	1.0131363
9147005	1025	2.8479123	0.5868503
9147005	1026	3.121502	0.4640883
9147005	1027	3.1696582	0.48561975
9147005	1028	3.051919	0.5646744
9147005	1029	3.053784	0.5554805
9147005	1030	3.0445232	0.56415224
9147005	1031	3.0407033	0.56300616
9147005	1032	3.4636173	0.3057603
9147005	1033	3.5122275	0.21060923
9147005	1034	3.7720819	0.17442581
9147005	1035	3.7903142	0.1460959
9147005	1036	3.3535366	0.34330627
9147005	1037	3.5220718	0.39350954
9147005	1038	3.4028502	0.32284126
9147005	1039	3.6623344	0.21648225
9147005	1040	3.3440843	0.32189807
9147005	1041	3.4943738	0.31744376
9147005	1042	3.2459626	0.35866418
9147005	1043	3.191667	0.43580458
9147005	1044	3.1221948	0.50645125
9147005	1045	3.2194386	0.5629325
9147005	1046	3.262485	0.41661438
9147005	1047	3.3549857	0.40362206
9147005	1048	3.0692348	0.5639677
9147005	1049	3.2046585	0.45796284
9147005	1050	3.2126675	0.48168007
9147005	1051	3.1855316	0.3526478
9147005	1052	3.436491	0.37218025
9147005	1053	3.0548544	0.45815125
9147005	1054	3.3067656	0.48572233
9147005	1055	3.1695719	0.48116425
9147005	1056	3.3598413	0.24157241
9147005	1057	3.4911017	0.18863276
9147005	1058	3.4482255	0.22538534
9147005	1059	3.6210637	0.12660196
9147005	1060	3.9778013	-0.16953364
9147005	1061	3.881403	-0.13814822
9147005	1062	4.3237104	-0.29245418
9147005	1063	4.2364206	-0.2745129
9147005	1064	3.6960907	-0.028471708
9147005	1065	3.9655476	-0.10253376
9147005	1066	4.205473	-0.27598393
9147005	1067	4.1266594	-0.36419412
9147005	1068	4.382052	-0.3871312
9147005	1069	3.8421507	-0.20242992
9147005	1070	3.8179545	-0.08253467
9147005	1071	4.0866113	-0.32787448
9147005	1072	4.029543	-0.29726693
9147005	1073	3.746241	-0.08759698
9147005	1074	3.6517797	-0.059823275
9147005	1075	3.7901545	-0.104408324
9147005	1076	3.867168	-0.14846915
9147005	1077	3.6301146	0.124645144
9147005	1078	3.826974	-0.20995691
9147005	1079	3.8631363	-0.14046785
9147005	1080	3.820549	-0.12889406
9147005	1081	3.8007832	-0.12657315
9147005	1082	3.9133458	-0.2376708
9147005	1083	3.6601243	0.12707433
9147005	1084	3.5479698	0.08595398
9147005	1085	3.5321164	0.12715378
9147005	1086	3.4465609	0.18375996
9147005	1087	3.267332	0.34341642
9147005	1088	3.547935	0.07081285
9147005	1089	3.5400949	0.11262533
9147005	1090	3.3139095	0.39412907
9147005	1091	3.390952	0.25187382
9147005	1092	3.4931607	0.15003237
9147005	1093	3.5392275	0.13169625
9147005	1094	3.3280535	0.4101431
9147005	1095	3.409895	0.2582794
9147005	1096	3.5041533	0.18160495
9147005	1097	3.4563289	0.30162045
9147005	1098	3.406714	0.19006857
9147005	1099	3.6234121	0.06381717
9147005	1100	3.1731114	0.4681625
9147005	1101	3.1656742	0.41867432
9147005	1102	3.2793121	0.3464642
9147005	1103	3.3961773	0.2622151
9147005	1104	3.4433851	0.2250875
9147005	1105	3.4220324	0.27936873
9147005	1106	3.31951	0.3258861
9147005	1107	3.3123941	0.34653732
9147005	1108	3.2674675	0.3808373
9147005	1109	3.3186364	0.36354837
9147005	1110	3.3182883	0.3632278
9147005	1111	3.360166	0.3345103
9147005	1112	3.3797126	0.34651473
9147005	1113	3.5489707	0.20317283
9147005	1114	3.4775276	0.27903953
9147005	1115	3.5282984	0.21522614
9147005	1116	3.5718966	0.18009087
9147005	1117	3.67101	0.116583854
9147005	1118	3.7298326	0.06044039
9147005	1119	3.722681	0.09360394
9147005	1120	3.689962	0.10472426
9147005	1121	3.408843	0.34659335
9147005	1122	3.5003257	0.33248255
9147005	1123	3.3478255	0.36134014
9147005	1124	3.4247403	0.27960435
9147005	1125	3.624125	0.18755224
9147005	1126	3.6577158	0.15201083
9147005	1127	3.649168	0.14108261
9147005	1128	3.6047926	0.27178225
9147005	1129	3.562903	0.2276465
9147005	1130	3.5411396	0.30137154
9147005	1131	3.4047499	0.56592643
9147005	1132	2.896442	0.838143
9147005	1133	3.3214211	0.5860554
9147005	1134	3.5965805	0.15486208
9147005	1135	3.7818365	0.13812956
9147005	1136	3.6093407	0.32170323
9147005	1137	3.4990468	0.37979785
9147005	1138	3.5359144	0.36325446
9147005	1139	3.6018753	0.3083165
9147005	1140	3.4107027	0.63456845
9147005	1141	3.5608182	0.34225085
9147005	1142	2.6978621	1.0907205
9147005	1143	3.3176765	0.3449376
9147005	1144	4.276109	-0.22194722
9147005	1145	4.515059	-0.47116596
9147005	1146	4.3246336	-0.25926733
9147005	1147	4.1189857	-0.18152022
9147005	1148	4.1484017	-0.24018787
9147005	1149	4.18186	-0.29622993
9147005	1150	3.8993082	-0.107477844
9147005	1151	3.8650365	-0.11166653
9147005	1152	3.9280605	-0.13488072
9147005	1153	3.4312673	0.33819285
9147005	1154	3.7212071	0.04634866
9147005	1155	3.8484445	-0.04359132
9147005	1156	3.7603588	0.047709078
9147005	1157	3.725625	0.07198045
9147005	1158	3.703514	0.10499039
9147005	1159	4.696215	-0.7840612
9147005	1160	4.8386297	-0.75317407
9147005	1161	3.0724134	-0.90465814
9147005	1162	2.561822	-0.73146
9147005	1163	2.0676093	0.9129187
9147005	1164	1.754594	1.3138527
9147005	1165	1.6500489	1.5520067
9147005	1166	1.6312088	1.643786
9147005	1167	1.693771	1.5538259
9147005	1168	1.8315276	1.3767915
9147005	1169	1.6177338	1.6244476
9147005	1170	1.5986136	1.6404259
9147005	1171	1.3566556	1.8798392
9147005	1172	1.4660879	1.7751317
9147005	1173	1.3647597	1.8468094
9147005	1174	1.6138769	1.5049825
9147005	1175	2.288136	0.96177566
9147005	1176	1.4917728	1.4889292
9147005	1177	1.3575449	1.790575
9147005	1178	0.73146665	2.6372323
9147005	1179	1.4488356	1.6426678
9147005	1180	0.9118856	2.218504
9147005	1181	0.97984874	2.1031308
9147005	1182	1.2140843	2.0426733
9147005	1183	0.8941816	2.616516
9147005	1184	1.2697666	-0.095263064
9147005	1185	0.73687685	-0.07155296
9147005	1186	2.9207387	-0.12740141
9147005	1187	3.0749674	-0.2637553
9147005	1188	3.4787726	-0.42434496
9147005	1189	3.5243316	-0.26748705
9147005	1190	3.3991184	-0.07496786
9147005	1191	3.2235804	0.12146959
9147005	1192	3.1378894	0.21997967
9147005	1193	3.1012154	0.25708553
9147005	1194	3.394178	0.15089163
9147005	1195	3.7476149	-0.1684094
9147005	1196	3.6230268	-0.17231753
9147005	1197	3.0425906	0.4360037
9147005	1198	2.1235514	1.2407788
9147005	1199	2.0135975	1.3118259
9147005	1200	2.53441	0.748034
9147005	1201	2.356264	1.1086837
9147005	1202	2.0958872	1.3856237
9147005	1203	2.22926	1.1657225
9147005	1204	2.3567977	1.0576688
9147005	1205	2.5733023	0.8597492
9147005	1206	2.7853007	0.78297544
9147005	1207	2.8491373	0.7864107
9147005	1208	3.306941	0.40949938
9147005	1209	3.6119642	0.19019696
9147005	1210	3.464517	0.2317957
9147005	1211	3.6038942	0.08032146
9147005	1212	3.6926875	0.20837769
9147005	1213	3.6035118	0.13649282
9147005	1214	3.349399	0.24926284
9147005	1215	3.299662	0.25033805
9147005	1216	3.068523	0.51568115
9147005	1217	2.8064742	0.6754854
9147005	1218	2.684887	0.8121965
9147005	1219	2.5396156	0.9345975
9147005	1220	2.2781467	1.1864568
9147005	1221	2.3964043	1.0665352
9147005	1222	2.3392901	1.1344101
9147005	1223	2.5106192	0.9939505
9147005	1224	2.3517156	1.1627257
9147005	1225	2.2768164	1.2292774
9147005	1226	2.4594994	1.132479
9147005	1227	2.5708241	0.9371661
9147005	1228	2.508616	1.0533488
9147005	1229	2.310021	1.1682116
9147005	1230	2.551207	0.98519695
9147005	1231	2.7325473	0.74077964
9147005	1232	2.613894	0.90207565
9147005	1233	2.7878056	0.7949095
9147005	1234	2.8255572	0.7972561
9147005	1235	2.7813592	0.81970596
9147005	1236	2.8627124	0.73942447
9147005	1237	2.8083944	0.84291387
9147005	1238	2.8302503	0.82237256
9147005	1239	2.791789	0.857792
9147005	1240	2.722084	0.9329792
9147005	1241	2.9610825	0.7206454
9147005	1242	3.0798826	0.58601034
9147005	1243	2.9284391	0.7310989
9147005	1244	2.9884458	0.6972513
9147005	1245	2.944623	0.7461779
9147005	1246	3.1214051	0.6404605
9147005	1247	3.050137	0.65054953
9147005	1248	3.0384855	0.5887257
9147005	1249	3.2058496	0.45038828
9147005	1250	3.2331514	0.45015112
9147005	1251	3.167941	0.5124943
9147005	1252	2.943262	0.69706583
9147005	1253	3.0016341	0.6611513
9147005	1254	2.9564052	0.6959082
9147005	1255	2.7994437	0.81047785
9147005	1256	2.631256	0.9361341
9147005	1257	2.749815	0.8011366
9147005	1258	1.9434253	1.5150552
9147005	1259	1.5526241	1.9732423
9147005	1260	1.8816665	1.6557677
9147005	1261	1.8783613	1.6736588
9147005	1262	1.9262708	1.6724546
9147005	1263	1.9408149	1.6645212
9147005	1264	1.685716	2.068665
9147005	1265	1.4960855	2.3502855
9147005	1266	1.3431747	2.5316718
9147005	1267	1.2440974	2.6711838
9147005	1268	1.0706059	2.9266732
9147005	1269	1.1193153	2.6822612
9147005	1270	0.38136566	3.9290779
9147005	1271	1.1398902	2.5987923
9147005	1272	1.0403167	2.6946983
9147005	1273	1.046047	2.7413263
9147005	1274	1.027936	2.7489455
9147005	1275	1.0421052	2.6855319
9147005	1276	1.0981474	2.6761384
9147005	1277	1.1714727	2.5856936
9147005	1278	1.1790628	2.6014645
9147005	1279	1.2809031	2.5093415
9147005	1280	1.2265143	2.5391386
9147005	1281	1.2206084	2.48463
9147005	1282	1.3401376	2.3281898
9147005	1283	1.2819142	2.429329
9147005	1284	1.3145388	2.4020543
9147005	1285	1.1880982	2.514176
9147005	1286	1.2655891	2.4852455
9147005	1287	1.3261753	2.4523873
9147005	1288	1.2562189	2.541395
9147005	1289	1.1270143	2.6627939
9147005	1290	1.2323542	2.6251996
9147005	1291	1.6935083	1.9584458
9147005	1292	2.0745783	1.7777607
9147005	1293	1.6733106	2.216887
9147005	1294	1.8299292	2.0346048
9147005	1295	1.9974166	1.6890237
9147005	1296	2.0248628	1.7264769
9147005	1297	2.221171	1.6191316
9147005	1298	1.8793322	1.9364903
9147005	1299	2.0256362	1.8560624
9147005	1300	2.0073204	1.8259182
9147005	1301	2.0474958	1.8259964
9147005	1302	1.6693293	2.362011
9147005	1303	1.832846	2.0771377
9147005	1304	1.8616372	2.0107288
9147005	1305	1.5413936	2.587243
9147005	1306	0.9071485	3.5560439
9147005	1307	1.1769856	3.146128
9147005	1308	1.444822	2.8266296
9147005	1309	0.928159	3.5566523
9147005	1310	1.3535334	2.8890545
9147005	1311	1.4832252	2.8397734
9147005	1312	1.4269108	2.9125028
9147005	1313	0.97141695	3.6666343
9147005	1314	0.7644155	4.034497
9147005	1315	0.8868027	3.5527132
9147005	1316	1.1623154	3.265769
9147005	1317	1.3349676	3.1059465
9147005	1318	1.0175517	3.6882389
9147005	1319	1.4839957	2.998175
9147005	1320	1.2673765	3.219136
9147005	1321	1.4939955	3.011014
9147005	1322	1.6796397	2.8907945
9147005	1323	1.806441	2.839394
9147005	1324	1.6226858	2.9702642
9147005	1325	1.6996385	2.7760189
9147005	1326	2.0401459	2.4685423
9147005	1327	1.8922132	2.6252246
9147005	1328	1.9957227	2.334517
9147005	1329	1.8994046	2.500181
9147005	1330	1.953751	2.4828737
9147005	1331	2.0895286	2.2224345
9147005	1332	2.1409154	2.2784407
9147005	1333	1.9280888	2.4810262
9147005	1334	2.082604	2.291318
9147005	1335	2.1258721	2.2863655
9147005	1336	2.0967917	2.3023016
9147005	1337	2.0916715	2.3050528
9147005	1338	1.7228323	2.840724
9147005	1339	1.1758178	3.5776184
9147005	1340	1.5338911	3.0017507
9147005	1341	1.5858454	2.924784
9147005	1342	1.5640749	2.9636786
9147005	1343	1.5965735	2.9281068
9147005	1344	1.7337428	2.7776003
9147005	1345	1.7526659	2.7574782
9147005	1346	1.7545873	2.7790427
9147005	1347	1.6488162	2.9164855
9147005	1348	1.7752668	2.7497268
9147005	1349	1.7066561	2.900403
9147005	1350	1.7376162	2.7907329
9147005	1351	1.7036957	2.84254
9147005	1352	1.8334965	2.6413407
9147005	1353	1.8744186	2.593716
9147005	1354	1.8512896	2.6399038
9147005	1355	1.8946985	2.5946934
9147005	1356	1.8974205	2.5838525
9147005	1357	1.9429821	2.5332346
9147005	1358	1.973369	2.480896
9147005	1359	1.9662155	2.5027773
9147005	1360	1.9827815	2.493639
9147005	1361	1.8588158	2.5640447
9147005	1362	1.8116647	2.6119967
9147005	1363	1.8651422	2.521441
9147005	1364	1.905569	2.481268
9147005	1365	2.2901983	2.2312787
9147005	1366	2.1778889	2.1691482
9147005	1367	2.036744	2.3301132
9147005	1368	2.1618161	2.0396638
9147005	1369	2.0943985	2.2136624
9147005	1370	2.0338955	2.341561
9147005	1371	2.1782236	2.0886073
9147005	1372	2.9509559	1.3084289
9147005	1373	3.6838188	0.7990761
9147005	1374	3.1495652	1.2748542
9147005	1375	3.2036586	1.1457543
9147005	1376	3.3274417	1.03683
9147005	1377	3.386994	0.97615004
9147005	1378	3.4176674	0.9596633
9147005	1379	3.5017343	0.8779819
9147005	1380	3.3910494	0.9817519
9147005	1381	3.3176913	0.9914838
9147005	1382	3.435091	0.8888881
9147005	1383	3.4313045	0.93154323
9147005	1384	3.3261666	1.1376679
9147005	1385	3.1421523	1.3866465
9147005	1386	3.225923	1.0591863
9147005	1387	3.4584231	0.87820244
9147005	1388	3.437872	0.89633083
9147005	1389	3.2865276	1.0281765
9147005	1390	3.2961025	0.9394542
9147005	1391	3.492978	0.7735089
9147005	1392	3.1390324	1.308147
9147005	1393	2.5018535	1.7931414
9147005	1394	2.4389715	2.032133
9147005	1395	2.805739	1.5770051
9147005	1396	2.8056526	1.5885055
9147005	1397	2.83212	1.5139092
9147005	1398	2.8307757	1.4824237
9147005	1399	2.8499875	1.4692692
9147005	1400	2.878767	1.442049
9147005	1401	2.882481	1.4401424
9147005	1402	2.6781387	1.6349101
9147005	1403	2.4393816	1.9546065
9147005	1404	2.598621	1.640038
9147005	1405	2.5482306	1.7131331
9147005	1406	2.6466084	1.5726063
9147005	1407	2.4683342	1.8315868
9147005	1408	1.9641756	2.351842
9147005	1409	2.1891413	1.9835949
9147005	1410	2.4880023	1.7239823
9147005	1411	2.6047692	1.6643665
9147005	1412	2.547039	1.8453293
9147005	1413	2.5451508	1.7385385
9147005	1414	2.5486732	1.7336586
9147005	1415	2.7068639	1.5708992
9147005	1416	2.5844188	1.6722155
9147005	1417	2.8984685	1.2731204
9147005	1418	2.9912143	1.2938786
9147005	1419	2.869944	1.5261077
9147005	1420	2.8333745	1.537634
9147005	1421	2.7715893	1.5151231
9147005	1422	2.8488846	1.6350269
9147005	1423	2.7208076	1.6634095
9147005	1424	2.8594146	1.442116
9147005	1425	2.8043132	1.43802
9147005	1426	2.9178066	1.5240449
9147005	1427	2.8518295	1.5798469
9147005	1428	2.822979	1.6199515
9147005	1429	2.7139792	1.5554814
9147005	1430	2.7567978	1.5349132
9147005	1431	2.745606	1.5665748
9147005	1432	2.7841315	1.4431701
9147005	1433	2.8745666	1.4441855
9147005	1434	2.9459238	1.2664454
9147005	1435	2.9503274	1.2454684
9147005	1436	2.6693902	1.6509917
9147005	1437	2.6904883	1.5018513
9147005	1438	2.8536143	1.3169037
9147005	1439	2.9011912	1.4092386
9147005	1440	2.7885256	1.4153376
9147005	1441	2.8997655	1.2586372
9147005	1442	2.897007	1.2138921
9147005	1443	2.8426723	1.3131973
9147005	1444	2.630795	1.6302278
9147005	1445	2.7469115	1.4322281
9147005	1446	2.6262674	1.525976
9147005	1447	2.7034125	1.489577
9147005	1448	2.7429895	1.4287376
9147005	1449	2.5323577	1.5527146
9147005	1450	3.043695	1.1112952
9147005	1451	3.0875187	1.1748683
9147005	1452	2.966116	1.2965947
9147005	1453	3.090497	1.1407104
9147005	1454	3.374539	0.9221865
9147005	1455	2.949304	1.2456667
9147005	1456	2.985158	1.21072
9147005	1457	2.9514947	1.2451918
9147005	1458	2.9919758	1.2303368
9147005	1459	2.6587958	1.6886477
9147005	1460	2.2191615	2.0146782
9147005	1461	1.558976	3.0276968
9147005	1462	2.0593834	2.407863
9147005	1463	2.791563	1.4996408
9147005	1464	2.7549763	1.7241452
9147005	1465	2.5909767	1.8303595
9147005	1466	2.8932176	1.3793151
9147005	1467	2.9964805	1.3717883
9147005	1468	3.0257125	1.3320596
9147005	1469	2.76782	1.5800986
9147005	1470	2.7673187	1.5497041
9147005	1471	2.9336967	1.3620223
9147005	1472	3.0015025	1.3602813
9147005	1473	2.983622	1.37879
9147005	1474	3.017727	1.3269343
9147005	1475	2.972014	1.4245625
9147005	1476	3.0112066	1.3454579
9147005	1477	3.1136127	1.2257731
9147005	1478	3.1465821	1.2400111
9147005	1479	3.122284	1.2514315
9147005	1480	3.1520247	1.2285012
9147005	1481	3.1584616	1.2161964
9147005	1482	3.1629834	1.2135148
9147005	1483	3.178269	1.1982946
9147005	1484	3.1847868	1.1911476
9147005	1485	3.2030058	1.157318
9147005	1486	3.091	1.2657647
9147005	1487	2.7370872	1.519789
9147005	1488	2.825739	1.3483833
9147005	1489	2.8708987	1.3551651
9147005	1490	2.869388	1.3793062
9147005	1491	2.9084983	1.3426487
9147005	1492	2.7347722	1.5040897
9147005	1493	2.6218228	1.5183984
9147005	1494	2.780333	1.3673403
9147005	1495	2.8206277	1.4036806
9147005	1496	2.71701	1.4298837
9147005	1497	2.6526928	1.5183938
9147005	1498	2.7347608	1.4393587
9147005	1499	2.219996	1.8756475
9147005	1500	2.0903301	1.9499056
9147005	1501	2.0679326	1.9282422
9147005	1502	2.522709	1.3798285
9147005	1503	2.8371363	1.1995481
9147005	1504	3.2755523	0.89521265
9147005	1505	3.3337808	0.8821651
9147005	1506	3.1752992	0.9827138
9147005	1507	2.7879977	1.3140053
9147005	1508	2.6586127	1.3901454
9147005	1509	2.947794	1.0936208
9147005	1510	2.8817759	1.3138264
9147005	1511	2.4821749	1.6226361
9147005	1512	2.4486237	1.5072048
9147005	1513	2.6495948	1.3957939
9147005	1514	2.7355065	1.3538951
9147005	1515	2.7337055	1.3609899
9147005	1516	2.7214813	1.3731029
9147005	1517	2.7225428	1.3781078
9147005	1518	2.9069843	1.2058332
9147005	1519	2.97605	1.1631559
9147005	1520	3.2193394	0.9042109
9147005	1521	3.3113317	0.8676032
9147005	1522	3.2514114	0.9468781
9147005	1523	3.3264089	0.87837017
9147005	1524	3.3342433	0.86849606
9147005	1525	3.4863477	0.69872034
9147005	1526	3.3085895	0.9786297
9147005	1527	3.180593	1.0129148
9147005	1528	3.1450162	0.985278
9147005	1529	3.3117318	0.8432038
9147005	1530	3.320651	0.8399117
9147005	1531	3.3261662	0.8323581
9147005	1532	3.393188	0.7237705
9147005	1533	3.4397626	0.6822469
9147005	1534	3.4211602	0.8190683
9147005	1535	3.6482077	0.59003794
9147005	1536	3.6062522	0.59437037
9147005	1537	3.5867462	0.6168587
9147005	1538	3.494473	0.68746006
9147005	1539	3.431244	0.75769925
9147005	1540	3.4301686	0.7420726
9147005	1541	3.5174198	0.6715858
9147005	1542	3.56773	0.64185774
9147005	1543	3.7277503	0.4561096
9147005	1544	3.5745678	0.71304333
9147005	1545	3.4960651	0.6935916
9147005	1546	2.6996636	1.3641076
9147005	1547	3.1038141	0.9754424
9147005	1548	3.2791085	0.8458482
9147005	1549	3.4456248	0.73249555
9147005	1550	3.5510535	0.6962471
9147005	1551	3.420258	0.8038219
9147005	1552	3.4776711	0.67674744
9147005	1553	3.4700022	0.70816743
9147005	1554	3.5476618	0.6350455
9147005	1555	3.4034986	0.7614627
9147005	1556	3.4077187	0.74226844
9147005	1557	3.4546595	0.700173
9147005	1558	3.475294	0.6983775
9147005	1559	3.4652028	0.70656574
9147005	1560	3.5757532	0.6110927
9147005	1561	3.5828404	0.6123773
9147005	1562	3.5581264	0.64095056
9147005	1563	3.5302386	0.7160853
9147005	1564	3.480217	0.65586734
9147005	1565	3.2659183	0.8404336
9147005	1566	3.399723	0.7188059
9147005	1567	3.4206524	0.70683384
9147005	1568	3.4512606	0.69192386
9147005	1569	3.4859085	0.6456219
9147005	1570	3.6200686	0.55587244
9147005	1571	3.7426796	0.5014554
9147005	1572	4.015836	0.4129825
9147005	1573	4.166023	0.19283691
9147005	1574	4.271766	0.14602873
9147005	1575	4.2055345	0.19016871
9147005	1576	4.1430793	0.19950864
9147005	1577	3.9817395	0.3218557
9147005	1578	3.9593463	0.25969055
9147005	1579	4.1105914	0.24050596
9147005	1580	4.157222	0.072892874
9147005	1581	4.0893807	0.12841639
9147005	1582	3.936401	0.24847624
9147005	1583	3.7965984	0.4113268
9147005	1584	3.5682945	0.6254847
9147005	1585	3.6075597	0.5198283
9147005	1586	3.7796688	0.39472565
9147005	1587	3.7534695	0.36659768
9147005	1588	3.9972596	0.25078264
9147005	1589	3.8912745	0.25063244
9147005	1590	3.8169641	0.27378616
9147005	1591	3.783176	0.41413805
9147005	1592	3.809698	0.24070302
9147005	1593	3.7616959	0.44516954
9147005	1594	3.7811112	0.37042442
9147005	1595	3.777535	0.34200272
9147005	1596	3.7238393	0.4709421
9147005	1597	3.732613	0.33153757
9147005	1598	3.7177749	0.47157863
9147005	1599	3.706449	0.43889686
9147005	1600	3.5688105	0.53031254
9147005	1601	3.6447754	0.43969205
9147005	1602	3.6499658	0.4302493
9147005	1603	3.7754655	0.42531362
9147005	1604	3.718905	0.3909531
9147005	1605	3.6543465	0.4214482
9147005	1606	3.5764465	0.5399728
9147005	1607	3.6224794	0.38250175
9147005	1608	3.6993713	0.3800306
9147005	1609	3.6683488	0.41070792
9147005	1610	3.8448067	0.23929837
9147005	1611	3.8307428	0.30830404
9147005	1612	3.7543569	0.36299846
9147005	1613	4.1541915	0.0075874925
9147005	1614	3.9324245	-1.3880788
9147005	1615	2.968968	-0.75044155
9147005	1616	2.1153512	1.060575
9147005	1617	2.1348581	1.2394712
9147005	1618	2.3639765	1.0304664
9147005	1619	2.589931	0.88078415
9147005	1620	2.6622262	0.87104857
9147005	1621	2.7507992	0.79462683
9147005	1622	2.5568995	0.9420588
9147005	1623	2.5115027	0.985947
9147005	1624	2.5284262	0.88272655
9147005	1625	2.0960927	1.3167459
9147005	1626	2.2692175	1.1727053
9147005	1627	1.915511	1.4627463
9147005	1628	2.2256403	1.1449856
9147005	1629	1.4502764	1.9853878
9147005	1630	1.9312927	1.5590317
9147005	1631	1.8514408	1.707797
9147005	1632	1.2256845	2.3197033
9147005	1633	1.5903264	1.7528572
9147005	1634	0.7381731	2.662661
9147005	1635	1.3007405	2.0732033
9147005	1636	0.5969775	2.8647711
9147005	1637	1.1623492	2.267432
9147005	1638	0.52440345	2.9967852
9147005	1639	1.0993476	2.2826483
9147005	1640	0.42387962	2.9843388
9147005	1641	1.7578849	1.5717533
9147005	1642	1.4792342	1.9247313
9147005	1643	1.6219231	1.9303243
9147005	1644	1.6436523	1.8432996
9147005	1645	1.1868525	2.4253333
9147005	1646	1.9543241	1.81499
9147005	1647	1.6801494	1.8792717
9147005	1648	1.6038367	1.9647129
9147005	1649	1.6029922	2.0654306
9147005	1650	1.239715	2.5574713
9147005	1651	2.0135999	1.6225972
9147005	1652	1.6041619	1.9682388
9147005	1653	1.9506155	1.6462476
9147005	1654	2.0347	1.6810582
9147005	1655	1.8541127	1.8458757
9147005	1656	2.180182	1.5586219
9147005	1657	2.238739	1.5099161
9147005	1658	1.9954342	1.654515
9147005	1659	2.1394644	1.6585536
9147005	1660	1.2902721	2.519239
9147005	1661	2.152039	1.5905864
9147005	1662	1.6080805	2.0189357
9147005	1663	1.6901313	2.0119221
9147005	1664	1.8419324	2.0105903
9147005	1665	1.8695644	2.012655
9147005	1666	1.867829	1.9003658
9147005	1667	2.0129385	1.8678415
9147005	1668	1.8823391	2.120502
9147005	1669	2.1445417	1.7028928
9147005	1670	1.9868504	1.7921154
9147005	1671	1.8821579	1.8380556
9147005	1672	1.6551706	2.149293
9147005	1673	1.6746432	2.0807798
9147005	1674	1.7643634	2.0543566
9147005	1675	1.3436127	2.7351284
9147005	1676	2.099927	-0.17546311
9147005	1677	1.4888554	-0.04617399
9147005	1678	1.2741258	2.2034273
9147005	1679	1.2655625	2.5406163
9147005	1680	1.5062588	2.2937965
9147005	1681	1.7876939	2.001115
9147005	1682	1.8667945	1.8224092
9147005	1683	2.0790224	1.7809846
9147005	1684	2.1651158	1.6489546
9147005	1685	2.0671763	1.9080167
9147005	1686	2.1600156	1.7452672
9147005	1687	1.9118661	1.6895685
9147005	1688	1.9912347	1.7769306
9147005	1689	2.1698403	1.4249089
9147005	1690	2.0819378	1.8163707
9147005	1691	1.9131747	1.7323024
9147005	1692	2.1330452	1.7077167
9147005	1693	1.968707	1.9117675
9147005	1694	2.0364408	1.633121
9147005	1695	2.2406535	1.4690195
9147005	1696	2.0195937	1.780812
9147005	1697	2.67167	1.1999018
9147005	1698	2.5415092	1.3009578
9147005	1699	2.6464643	1.1759237
9147005	1700	2.458838	1.2150964
9147005	1701	2.5213208	1.1899626
9147005	1702	2.3845477	1.2708364
9147005	1703	2.4228258	1.159309
9147005	1704	2.6524339	1.0990595
9147005	1705	2.6604824	1.114645
9147005	1706	2.5612936	1.209036
9147005	1707	2.137824	1.5780821
9147005	1708	2.2304707	1.5238913
9147005	1709	2.2646608	1.5011975
9147005	1710	2.2755728	1.5018772
9147005	1711	2.406376	1.3686856
9147005	1712	2.3744469	1.2790545
9147005	1713	2.607242	1.0988448
9147005	1714	2.6811657	1.0076814
9147005	1715	2.295031	1.3774647
9147005	1716	3.2526236	0.5492873
9147005	1717	3.3144522	0.6523727
9147005	1718	3.1568508	0.71844006
9147005	1719	3.1128755	0.72304666
9147005	1720	2.7164087	1.0424249
9147005	1721	2.775711	0.935671
9147005	1722	2.9977713	0.78748465
9147005	1723	2.9234166	0.8400372
9147005	1724	2.7142286	1.016
9147005	1725	2.9790554	0.805228
9147005	1726	2.9481597	0.83129144
9147005	1727	2.7259989	0.9885349
9147005	1728	2.875359	0.85812914
9147005	1729	3.324305	0.52445805
9147005	1730	2.873067	0.8573097
9147005	1731	3.0203748	0.7337376
9147005	1732	2.6377769	1.0747966
9147005	1733	2.951943	0.8049413
9147005	1734	2.6738	1.0109284
9147005	1735	3.0910287	0.70803714
9147005	1736	3.0385585	0.775061
9147005	1737	2.828898	0.90884364
9147005	1738	3.0184326	0.75387776
9147005	1739	2.9851918	0.8016125
9147005	1740	2.8198867	0.94016314
9147005	1741	3.060166	0.6738173
9147005	1742	3.0622907	0.69485843
9147005	1743	2.9829311	0.79865396
9147005	1744	3.176301	0.6057075
9147005	1745	3.0068932	0.7532295
9147005	1746	2.8524961	0.9098538
9147005	1747	3.030334	0.6760396
9147005	1748	3.1048632	0.6509168
9147005	1749	3.0056763	0.7218461
9147005	1750	2.9714766	0.765198
9147005	1751	3.069439	0.6618761
9147005	1752	2.9328275	0.6773343
9147005	1753	3.103733	0.51650214
9147005	1754	3.2830544	0.42731306
9147005	1755	2.5431323	0.96887314
9147005	1756	2.5258985	0.94138503
9147005	1757	2.3155303	1.1976366
9147005	1758	2.333249	1.1359748
9147005	1759	2.5393047	1.0149401
9147005	1760	2.50067	1.0396541
9147005	1761	2.3196602	1.2041724
9147005	1762	2.3904448	1.1007544
9147005	1763	2.5189228	1.0314076
9147005	1764	2.7988243	0.72689474
9147005	1765	2.9200482	0.712391
9147005	1766	2.6197286	0.97976685
9147005	1767	2.8851132	0.73743105
9147005	1768	2.7737937	0.875337
9147005	1769	2.9185214	0.71096253
9147005	1770	3.19846	0.40449747
9147005	1771	3.1357713	0.5275301
9147005	1772	3.2607374	0.41977486
9147005	1773	3.12647	0.5634073
9147005	1774	2.9486537	0.69004405
9147005	1775	3.0325398	0.6018336
9147005	1776	3.0887885	0.5768082
9147005	1777	2.950211	0.7034737
9147005	1778	3.2466507	0.47167942
9147005	1779	3.5458078	0.23443809
9147005	1780	3.1014018	0.555835
9147005	1781	2.8022814	0.6920643
9147005	1782	2.711142	0.72653437
9147005	1783	2.875979	0.63357735
9147005	1784	2.8316817	0.70728564
9147005	1785	2.8057227	0.7257879
9147005	1786	2.7135992	0.8624579
9147005	1787	2.545998	0.94229484
9147005	1788	2.6761618	0.7871107
9147005	1789	2.7321048	0.8322779
9147005	1790	2.590355	0.9525994
9147005	1791	2.7726421	0.74803984
9147005	1792	2.8735228	0.72599685
9147005	1793	2.8465176	0.75684583
9147005	1794	3.2278929	0.43995616
9147005	1795	3.2747965	0.4460127
9147005	1796	3.0084357	0.6130531
9147005	1797	3.2862048	0.33052674
9147005	1798	3.2403436	0.4680638
9147005	1799	2.9715085	0.62476957
9147005	1800	3.1916757	0.4754571
9147005	1801	3.0924397	0.5858935
9147005	1802	2.940257	0.6851821
9147005	1803	3.084372	0.5840192
9147005	1804	3.1164284	0.5243063
9147005	1805	3.477284	0.19379923
9147005	1806	3.4904637	0.23450157
9147005	1807	3.527854	0.21946582
9147005	1808	3.4064913	0.29608074
9147005	1809	3.5905504	0.12495127
9147005	1810	3.3263993	0.36650696
9147005	1811	3.1041813	0.48607162
9147005	1812	3.0658379	0.52825296
9147005	1813	3.0690145	0.56880224
9147005	1814	3.1245384	0.45289257
9147005	1815	3.2346373	0.42118773
9147005	1816	2.9855084	0.6494919
9147005	1817	3.1632166	0.50982416
9147005	1818	3.4385896	0.24383262
9147005	1819	3.0804505	0.5885284
9147005	1820	3.1608148	0.48467413
9147005	1821	2.9461346	0.6796862
9147005	1822	3.0975251	0.57260764
9147005	1823	3.1555252	0.5092108
9147005	1824	3.287919	0.41773143
9147005	1825	2.6777873	0.8209249
9147005	1826	2.7368178	0.83772635
9147005	1827	2.7500262	0.8410498
9147005	1828	2.9801226	0.6296772
9147005	1829	2.9880047	0.7775605
9147005	1830	2.9286332	0.6871611
9147005	1831	2.665255	0.83833873
9147005	1832	2.968976	0.6932709
9147005	1833	2.98916	0.6772516
9147005	1834	3.2539124	0.455058
9147005	1835	3.3231225	0.44651577
9147005	1836	3.3256907	0.4633753
9147005	1837	3.2219114	0.53155816
9147005	1838	3.1223073	0.725443
9147005	1839	2.7317557	0.8767351
9147005	1840	2.9174976	0.7977474
9147005	1841	3.008017	0.7430477
9147005	1842	3.1156135	0.66244864
9147005	1843	3.2379932	0.5753114
9147005	1844	3.352054	0.4931154
9147005	1845	3.154779	0.65903723
9147005	1846	3.1641002	0.661971
9147005	1847	2.8349023	0.8590008
9147005	1848	2.4717083	1.1298538
9147005	1849	2.8996458	0.7935966
9147005	1850	2.9014564	0.6780503
9147005	1851	2.392652	1.31375
9147005	1852	2.2162085	1.3857702
9147005	1853	2.1548266	1.5494711
9147005	1854	2.105373	1.5181679
9147005	1855	1.9462899	1.7261775
9147005	1856	1.8557864	1.7758703
9147005	1857	2.4368453	1.3251796
9147005	1858	2.4267478	1.2993299
9147005	1859	2.651855	1.1598824
9147005	1860	2.414075	1.579108
9147005	1861	1.908198	2.1070826
9147005	1862	1.1409328	3.1902616
9147005	1863	1.8431093	2.415015
9147005	1864	1.5585979	2.7586646
9147005	1865	1.5856649	2.72395
9147005	1866	1.5672332	2.7045949
9147005	1867	1.6926035	2.540119
9147005	1868	1.8001946	2.4295247
9147005	1869	1.813224	2.4132504
9147005	1870	1.8087674	2.4226162
9147005	1871	1.8509017	2.357686
9147005	1872	1.954074	2.2565846
9147005	1873	1.9457713	2.2702532
9147005	1874	1.6923157	2.6600347
9147005	1875	1.3464886	3.1321795
9147005	1876	1.7128648	2.751639
9147005	1877	1.8373021	2.434563
9147005	1878	1.4080685	2.942105
9147005	1879	1.5521194	2.6912074
9147005	1880	1.491841	2.776502
9147005	1881	1.6237653	2.6579783
9147005	1882	2.5305524	1.4304178
9147005	1883	3.2421093	1.0661561
9147005	1884	3.3250918	0.9325994
9147005	1885	3.5519152	0.644115
9147005	1886	3.7756853	0.5278518
9147005	1887	3.7278175	0.5695751
9147005	1888	3.6304302	0.62912464
9147005	1889	3.533484	0.6592841
9147005	1890	3.5155005	0.6412475
9147005	1891	3.7180138	0.6068425
9147005	1892	3.2562413	0.8652836
9147005	1893	3.6691208	0.6190287
9147005	1894	3.4671664	0.71803045
9147005	1895	3.369111	0.77490246
9147005	1896	3.5356421	0.62024045
9147005	1897	3.6254177	0.5786717
9147005	1898	3.7634716	0.53254986
9147005	1899	3.4619017	0.7234179
9147005	1900	3.6442223	0.60280466
9147005	1901	3.641035	0.5421009
9147005	1902	3.8200831	0.41256258
9147005	1903	3.8588285	0.40282664
9147005	1904	3.8188815	0.42445043
9147005	1905	3.8290868	0.40424153
9147005	1906	3.8249507	0.44857994
9147005	1907	3.5951495	0.59680283
9147005	1908	3.6597629	0.48471543
9147005	1909	4.0289903	0.19070914
9147005	1910	4.0128336	0.25121573
9147005	1911	3.9632487	0.3004997
9147005	1912	3.9357986	0.23416463
9147005	1913	4.120029	0.2377505
9147005	1914	3.9908085	0.145174
9147005	1915	4.3695874	0.009156704
9147005	1916	4.159033	0.12622663
9147005	1917	3.987465	0.23095104
9147005	1918	3.9575658	0.25726882
9147005	1919	4.407826	-0.166349
9147005	1920	4.026647	0.21334824
9147005	1921	3.8369064	0.3215836
9147005	1922	3.7826061	0.28934088
9147005	1923	3.723619	0.31331047
9147005	1924	3.7497249	0.35476527
9147005	1925	4.011261	0.117351085
9147005	1926	4.08766	0.077929944
9147005	1927	4.0792527	0.07843986
9147005	1928	4.1363883	0.017334074
9147005	1929	4.133776	0.019971699
9147005	1930	3.4890242	0.55048203
9147005	1931	4.023346	0.19090435
9147005	1932	4.4755435	-0.22836936
9147005	1933	4.4541526	-0.2282639
9147005	1934	3.9121833	0.3863227
9147005	1935	3.954358	0.14368334
9147005	1936	4.508819	-0.19231755
9147005	1937	4.199057	0.012521386
9147005	1938	4.0717173	0.039336532
9147005	1939	4.297175	-0.09720287
9147005	1940	4.296535	-0.14998147
9147005	1941	3.8840408	0.06414434
9147005	1942	3.7164702	0.19391909
9147005	1943	3.27911	0.5634327
9147005	1944	3.5045543	0.36939028
9147005	1945	3.6606588	0.2650343
9147005	1946	3.4732237	0.43051806
9147005	1947	3.4432263	0.41964158
9147005	1948	3.4082203	0.47003397
9147005	1949	3.2577648	0.59029615
9147005	1950	3.4128385	0.43586925
9147005	1951	3.8958197	0.21393797
9147005	1952	3.476954	0.5213243
9147005	1953	3.9622316	0.1717861
9147005	1954	4.132941	-0.007174343
9147005	1955	3.8756266	0.11613473
9147005	1956	3.63861	0.20083979
9147005	1957	3.4873276	0.3367317
9147005	1958	3.5497289	0.2714614
9147005	1959	4.001749	0.08689496
9147005	1960	3.3441696	0.57395816
9147005	1961	2.848506	0.8010951
9147005	1962	3.149261	0.7591001
9147005	1963	2.5636506	1.1945653
9147005	1964	2.4948921	1.084895
9147005	1965	3.2558494	0.46858636
9147005	1966	3.497037	0.32385316
9147005	1967	3.539103	0.3115591
9147005	1968	3.0779085	0.64216185
9147005	1969	2.9086733	0.7968875
9147005	1970	2.8415465	0.86193466
9147005	1971	2.7645807	0.8989309
9147005	1972	2.9458423	0.75458777
9147005	1973	2.7527633	0.90704536
9147005	1974	2.734899	0.96195364
9147005	1975	2.7818913	0.9373741
9147005	1976	2.9336286	0.8256655
9147005	1977	2.8436646	0.916124
9147005	1978	2.888669	0.85206234
9147005	1979	2.8547578	0.8700975
9147005	1980	2.7932215	0.95895684
9147005	1981	2.867453	0.9036441
9147005	1982	2.9100146	0.9046358
9147005	1983	2.7212815	1.0904837
9147005	1984	2.7433462	0.94489384
9147005	1985	3.3528557	0.41694835
9147005	1986	3.500279	0.37865523
9147005	1987	3.3489175	0.51465476
9147005	1988	3.3898196	0.4513785
9147005	1989	3.402113	0.46089038
9147005	1990	3.5025368	0.45700976
9147005	1991	3.391348	0.5150622
9147005	1992	3.3712854	0.4539329
9147005	1993	3.5180502	0.3657892
9147005	1994	3.4730024	0.38126734
9147005	1995	3.3476295	0.5018159
9147005	1996	3.1521883	0.63356626
9147005	1997	3.1422062	0.6608442
9147005	1998	3.2289958	0.5903909
9147005	1999	3.4746976	0.46527156
9147005	2000	2.9621615	0.8980347
9147005	2001	2.8754506	0.8015455
9147005	2002	2.8097959	0.9012599
9147005	2003	2.7593665	0.96728015
9147005	2004	2.7347956	0.9628211
9147005	2005	2.647771	1.0914549
9147005	2006	2.5983047	1.136636
9147005	2007	2.5490828	1.217288
9147005	2008	2.6219974	1.1580218
9147005	2009	2.5747967	1.2276691
9147005	2010	2.6368046	1.1857326
9147005	2011	2.5832353	1.2542745
9147005	2012	2.6350036	1.2008182
9147005	2013	2.6596847	1.2055128
9147005	2014	1.7790846	2.3472078
9147005	2015	2.0917535	1.9830322
9147005	2016	1.8033437	2.374907
9147005	2017	2.010295	2.1776927
9147005	2018	2.0651937	2.063566
9147005	2019	1.7342197	2.6583014
9147005	2020	1.654203	2.7042027
9147005	2021	1.7148803	2.565478
9147005	2022	1.8037058	2.3826256
9147005	2023	1.8533722	2.267503
9147005	2024	1.9451793	2.1921043
9147005	2025	1.9073087	2.2383475
9147005	2026	2.272728	1.8581178
9147005	2027	1.971769	2.0898821
9147005	2028	2.0936818	2.0906649
9147005	2029	1.9053882	2.192698
9147005	2030	2.1734605	1.680958
9147005	2031	2.5140014	1.3863157
9147005	2032	2.7333884	1.2234639
9147005	2033	2.9181647	1.2574842
9147005	2034	2.263682	1.7782462
9147005	2035	2.3118582	1.5110321
9147005	2036	2.2319565	1.6203852
9147005	2037	2.0053463	1.8155332
9147005	2038	1.8990577	1.9231946
9147005	2039	1.9483839	1.8875289
9147005	2040	2.107873	1.7499652
9147005	2041	2.218625	1.6500328
9147005	2042	1.9309877	1.9377077
9147005	2043	1.9560469	1.9070516
9147005	2044	2.0540476	1.8033767
9147005	2045	2.158103	1.7054186
9147005	2046	2.1265154	1.7387483
9147005	2047	2.1316981	1.720165
9147005	2048	2.0842505	1.7508471
9147005	2049	2.106358	1.720809
9147005	2050	2.0580773	1.7577336
9147005	2051	2.0850277	1.7232106
9147005	2052	1.9667214	1.824461
9147005	2053	1.8845147	1.9652205
9147005	2054	1.8622121	2.131659
9147005	2055	2.0185504	1.7502394
9147005	2056	2.095282	1.7756627
9147005	2057	2.2028294	1.661268
9147005	2058	2.3881097	1.5287256
9147005	2059	1.2256956	2.508061
9147005	2060	1.3215724	2.5882611
9147005	2061	1.7132376	2.1637483
9147005	2062	1.9346477	1.6424053
9147005	2063	2.0766478	1.8379855
9147005	2064	1.8678063	1.9077184
9147005	2065	1.8976773	1.8956645
9147005	2066	2.064888	1.8981924
9147005	2067	1.828638	2.0031166
9147005	2068	1.8485714	1.968168
9147005	2069	1.9759711	1.8841801
9147005	2070	1.9788924	1.9080536
9147005	2071	2.0017252	1.9081106
9147005	2072	1.9577416	1.9684694
9147005	2073	2.1763058	1.7458501
9147005	2074	2.317152	1.5059313
9147005	2075	2.285058	1.6317856
9147005	2076	2.0597692	1.8641086
9147005	2077	2.132842	1.818351
9147005	2078	1.969859	1.9734795
9147005	2079	2.1760964	1.8605251
9147005	2080	2.2024074	1.7424467
9147005	2081	2.5837312	1.400928
9147005	2082	2.4068046	1.5801809
9147005	2083	2.41962	1.5684628
9147005	2084	2.6945	1.3020284
9147005	2085	2.559381	1.475395
9147005	2086	2.4578972	1.4266515
9147005	2087	2.4209666	1.5690141
9147005	2088	2.5936375	1.4494215
9147005	2089	2.6856828	1.3490628
9147005	2090	2.657074	1.4013488
9147005	2091	2.5497384	1.4165585
9147005	2092	2.5941887	1.1878086
9147005	2093	2.3547297	1.4712614
9147005	2094	2.4020672	1.4540732
9147005	2095	2.4158087	1.45548
9147005	2096	2.321227	1.690902
9147005	2097	2.1514864	1.7397819
9147005	2098	2.165677	1.7150943
9147005	2099	2.2873607	1.6236327
9147005	2100	2.310564	1.6296015
9147005	2101	2.1392732	1.8109055
9147005	2102	2.1467557	1.8364522
9147005	2103	2.2993617	1.6829224
9147005	2104	2.3091593	1.6874003
9147005	2105	2.4989238	1.4843578
9147005	2106	2.5032868	1.6196365
9147005	2107	2.3541884	1.6459343
9147005	2108	2.3586888	1.635067
9147005	2109	2.4616156	1.5676353
9147005	2110	2.434948	1.5925975
9147005	2111	2.4361086	1.5888243
9147005	2112	2.4598508	1.566438
9147005	2113	2.403988	1.5658784
9147005	2114	2.6259828	1.4128338
9147005	2115	2.6476703	1.4017684
9147005	2116	2.7372084	1.1131226
9147005	2117	2.8122697	1.0694183
9147005	2118	2.8212447	1.1279577
9147005	2119	2.721315	1.2214789
9147005	2120	2.7762957	1.1749024
9147005	2121	2.7512932	1.2176329
9147005	2122	2.7562356	1.2155935
9147005	2123	2.7533875	1.2213892
9147005	2124	2.7716827	1.2202625
9147005	2125	2.7962217	1.2296139
9147005	2126	2.63095	1.3735384
9147005	2127	2.7667184	1.2148367
9147005	2128	2.828269	1.1724174
9147005	2129	2.7981796	1.1879356
9147005	2130	2.6980076	1.4096727
9147005	2131	2.5833988	1.3911545
9147005	2132	2.6156154	1.3636683
9147005	2133	2.6791973	1.4672762
9147005	2134	2.5586534	1.4479741
9147005	2135	2.692484	1.318932
9147005	2136	2.774125	1.297403
9147005	2137	2.225655	1.7907765
9147005	2138	2.3272395	1.680562
9147005	2139	2.3501344	1.6882381
9147005	2140	2.2937918	1.6659384
9147005	2141	2.3706899	1.7114928
9147005	2142	2.6835446	1.3756837
9147005	2143	2.737246	1.3413223
9147005	2144	2.7137604	1.3750914
9147005	2145	2.6961136	1.3856226
9147005	2146	2.7715855	1.3395603
9147005	2147	2.5529566	1.5093071
9147005	2148	2.4728584	1.5953047
9147005	2149	2.6079507	1.4572495
9147005	2150	2.7055817	1.3860267
9147005	2151	2.8479977	1.2093472
9147005	2152	2.9042048	1.1490537
9147005	2153	2.8500657	1.2021765
9147005	2154	2.8085256	1.181948
9147005	2155	2.846712	1.2443422
9147005	2156	2.7961998	1.3233664
9147005	2157	2.614203	1.3292314
9147005	2158	2.6028142	1.4020863
9147005	2159	2.517158	1.621768
9147005	2160	2.4760046	1.5037326
9147005	2161	2.412158	1.7163527
9147005	2162	2.4851017	1.510791
9147005	2163	2.4188762	1.5623527
9147005	2164	2.4197083	1.7515073
9147005	2165	2.2476716	1.7726035
9147005	2166	2.3107924	1.8701787
9147005	2167	2.3426528	1.73679
9147005	2168	2.2394595	1.9515867
9147005	2169	2.291439	1.7679212
9147005	2170	1.6192795	2.5555573
9147005	2171	2.0558887	2.1031466
9147005	2172	1.9361099	2.199035
9147005	2173	1.9253222	2.2128522
9147005	2174	1.9029251	2.3632612
9147005	2175	1.93053	2.319372
9147005	2176	1.7737442	2.5440753
9147005	2177	1.808797	2.4003592
9147005	2178	1.5354644	2.8279352
9147005	2179	1.5484489	2.8063521
9147005	2180	1.4915719	2.856024
9147005	2181	1.3580364	3.0417123
9147005	2182	1.4639798	3.0142174
9147005	2183	1.4132569	3.0291162
9147005	2184	1.3910868	3.0359118
9147005	2185	1.3056897	3.0519347
9147005	2186	1.1919783	3.22079
9147005	2187	1.124407	3.3797073
9147005	2188	1.0985721	3.4348042
9147005	2189	1.1254246	3.3279312
9147005	2190	1.0197551	3.4521096
9147005	2191	1.0728314	3.4538379
9147005	2192	1.0737944	3.283462
9147005	2193	1.0497391	3.2969224
9147005	2194	1.1837497	3.0679567
9147005	2195	1.2161922	2.9997287
9147005	2196	1.3470248	2.9018888
9147005	2197	1.1950802	3.1581683
9147005	2198	1.059831	3.2924407
9147005	2199	0.89192057	3.5900605
9147005	2200	0.80966747	3.6255991
9147005	2201	0.8251493	3.647157
9147005	2202	0.92624044	3.521813
9147005	2203	1.0411739	3.3064256
9147005	2204	0.9827249	3.3636897
9147005	2205	1.0924503	3.2283401
9147005	2206	0.95859885	3.360362
9147005	2207	0.9047035	3.4215753
9147005	2208	0.88014567	3.4786787
9147005	2209	1.0004817	3.3330095
9147005	2210	0.9241375	3.3614872
9147005	2211	0.9017395	3.3931818
9147005	2212	1.0028453	3.3126194
9147005	2213	0.90489924	3.423038
9147005	2214	0.9992037	3.172702
9147005	2215	1.18821	2.9772766
9147005	2216	1.2746351	2.7791047
9147005	2217	1.0551255	3.1945982
9147005	2218	0.9099585	3.3469992
9147005	2219	0.87576735	3.3412402
9147005	2220	1.1083192	3.0558176
9147005	2221	0.974419	3.2881453
9147005	2222	0.9732436	3.1897235
9147005	2223	0.79829955	3.4980323
9147005	2224	0.75124943	3.6184165
9147005	2225	0.8281592	3.5088422
9147005	2226	0.70469284	3.5959003
9147005	2227	0.63750505	3.770283
9147005	2228	0.80660975	3.540149
9147005	2229	0.78128815	3.5710661
9147005	2230	0.91436887	3.3694656
9147005	2231	0.7724503	3.5905802
9147005	2232	0.7747127	3.6207626
9147005	2233	0.6343496	3.7745674
9147005	2234	0.7132268	3.7018783
9147005	2235	0.5539092	3.984865
9147005	2236	0.43596375	4.024831
9147005	2237	0.59415185	3.8830574
9147005	2238	0.4278893	4.0358133
9147005	2239	0.46717703	4.0476694
9147005	2240	0.6299139	3.8093164
9147005	2241	0.6125872	3.812896
9147005	2242	0.7526746	3.621432
9147005	2243	0.54223394	3.8500822
9147005	2244	0.6203009	3.8251083
9147005	2245	0.7078345	3.6692808
9147005	2246	0.59620774	3.775688
9147005	2247	0.7428603	3.6154597
9147005	2248	0.78512824	3.4997275
9147005	2249	0.57211244	3.780969
9147005	2250	0.6607063	3.7243674
9147005	2251	0.5753875	3.727977
9147005	2252	0.7854235	3.4820116
9147005	2253	0.65369093	3.6815503
9147005	2254	0.57251287	3.757572
9147005	2255	0.6007174	3.703881
9147005	2256	0.81070566	3.4498575
9147005	2257	0.7289032	3.573519
9147005	2258	0.7885181	3.3946116
9147005	2259	0.67547536	3.5141456
9147005	2260	0.8422543	3.3301399
9147005	2261	0.7801397	3.4360752
9147005	2262	-0.68047655	3.484627
9147005	2263	-0.49972716	2.87332
9147005	2264	1.0418484	2.9233558
9147005	2265	0.96888375	2.8939974
9147005	2266	1.4312451	2.30605
9147005	2267	1.7943312	1.7187643
9147005	2268	1.647703	1.8786428
9147005	2269	1.541807	2.0936084
9147005	2270	1.534098	2.0957732
9147005	2271	1.656474	1.9108865
9147005	2272	1.6595064	1.9130957
9147005	2273	1.6658274	1.9205854
9147005	2274	1.992133	1.5257868
9147005	2275	1.8937227	1.6983011
9147005	2276	1.7607967	1.8477721
9147005	2277	1.8012778	1.8932786
9147005	2278	1.6461471	2.0599842
9147005	2279	1.6896585	1.925185
9147005	2280	1.7917084	1.9188495
9147005	2281	1.7038945	2.0066023
9147005	2282	1.863161	1.8563471
9147005	2283	1.748864	2.0172026
9147005	2284	1.7715353	2.0124338
9147005	2285	1.9773678	1.7504814
9147005	2286	1.923052	1.8259215
9147005	2287	1.7335972	2.0669718
9147005	2288	1.8376638	1.878442
9147005	2289	1.8254853	1.9884331
9147005	2290	1.7849103	2.0338023
9147005	2291	1.8861343	1.8877103
9147005	2292	2.6263766	1.0761989
9147005	2293	0.86370695	1.0868586
9147005	2294	0.5413313	1.3023173
9147005	2295	2.3498497	0.8730396
9147005	2296	2.4438577	0.82965076
9147005	2297	2.6121578	0.66299963
9147005	2298	2.7516527	0.5820017
9147005	2299	2.7246933	0.6392329
9147005	2300	2.6124544	0.7734101
9147005	2301	2.4080167	0.9606519
9147005	2302	2.572072	0.7907295
9147005	2303	2.4393353	0.894382
9147005	2304	2.3854861	0.9522991
9147005	2305	2.41041	0.9484421
9147005	2306	2.2210507	1.1347779
9147005	2307	2.1953893	1.1899483
9147005	2308	2.2523823	1.0802842
9147005	2309	2.2099361	1.1478566
9147005	2310	2.253274	1.0924371
9147005	2311	2.3876696	0.9548727
9147005	2312	2.3481617	1.0063605
9147005	2313	2.2373347	1.2049927
9147005	2314	2.354857	1.049967
9147005	2315	2.366521	1.0673971
9147005	2316	2.2191067	1.1768596
9147005	2317	2.2996588	1.1522399
9147005	2318	2.2297416	1.2186425
9147005	2319	2.14532	1.264905
9147005	2320	2.0616403	1.4291047
9147005	2321	2.1975412	1.2543898
9147005	2322	2.2978406	1.1446084
9147005	2323	2.2087631	1.2075722
9147005	2324	1.9901406	1.4772729
9147005	2325	2.3351297	1.0609449
9147005	2326	2.5432024	0.9344672
9147005	2327	2.4455132	1.0874501
9147005	2328	2.5137982	1.0507174
9147005	2329	2.579774	0.9328753
9147005	2330	2.6021628	0.9502703
9147005	2331	2.4461632	1.1233855
9147005	2332	2.454948	1.1406635
9147005	2333	2.2633486	1.2950357
9147005	2334	2.2840075	1.2550044
9147005	2335	2.40829	1.1863825
9147005	2336	2.4702797	1.1917897
9147005	2337	2.4534593	1.1784614
9147005	2338	2.5175085	1.1523827
9147005	2339	2.32695	1.2874084
9147005	2340	1.687971	2.095227
9147005	2341	1.4425805	2.341911
9147005	2342	1.6967393	1.8555539
9147005	2343	1.7151424	1.9727001
9147005	2344	1.8152384	1.8596587
9147005	2345	1.7773026	1.883683
9147005	2346	1.6383339	2.0554075
9147005	2347	1.6103569	2.074664
9147005	2348	1.6392347	2.022174
9147005	2349	1.690365	1.9395659
9147005	2350	1.6672472	1.9665813
9147005	2351	1.7393595	1.9685001
9147005	2352	1.7697612	1.9487348
9147005	2353	1.6940168	2.0614536
9147005	2354	1.6528202	2.1000528
9147005	2355	1.6451057	2.0360534
9147005	2356	1.658609	2.126057
9147005	2357	1.602306	2.1126094
9147005	2358	1.6385905	2.1666698
9147005	2359	1.6988915	2.0064914
9147005	2360	1.7486566	2.0075629
9147005	2361	1.7101365	2.0744236
9147005	2362	1.691486	2.0384
9147005	2363	1.6000155	2.2411447
9147005	2364	1.4502357	2.336211
9147005	2365	1.3092382	2.371927
9147005	2366	1.5740119	2.163926
9147005	2367	1.7264313	1.9693971
9147005	2368	1.7185191	1.9670947
9147005	2369	1.7208716	1.9698963
9147005	2370	1.9620749	1.7039018
9147005	2371	1.7918717	1.9684789
9147005	2372	1.7511498	1.9486823
9147005	2373	1.7172652	2.024075
9147005	2374	1.8218871	1.9288023
9147005	2375	1.5620264	2.2335002
9147005	2376	1.5626904	2.2172995
9147005	2377	1.7716814	1.9779572
9147005	2378	1.9555062	1.7986116
9147005	2379	1.9179977	1.8795586
9147005	2380	1.9311165	1.843703
9147005	2381	1.9504694	1.795155
9147005	2382	1.846196	1.9512682
9147005	2383	1.7038263	1.9790909
9147005	2384	1.7201623	2.0533812
9147005	2385	1.76885	1.9474113
9147005	2386	1.9208032	1.7774627
9147005	2387	1.4251766	2.4232502
9147005	2388	1.4139559	2.432345
9147005	2389	1.2576156	2.681432
9147005	2390	1.1216763	2.7691674
9147005	2391	1.3499789	2.5557501
9147005	2392	1.3341341	2.5681183
9147005	2393	1.3531781	2.5811303
9147005	2394	1.3082346	2.658007
9147005	2395	1.4219809	2.4698286
9147005	2396	1.4253161	2.5000205
9147005	2397	1.3733941	2.6104572
9147005	2398	1.2929769	2.6497655
9147005	2399	1.4837936	2.2860572
9147005	2400	1.4350244	2.4611025
9147005	2401	1.5201257	2.3048189
9147005	2402	1.5622731	2.1557257
9147005	2403	1.5424937	2.3241174
9147005	2404	1.5271996	2.2260523
9147005	2405	1.5643898	2.3049223
9147005	2406	1.4813558	2.408928
9147005	2407	1.4881133	2.2711892
9147005	2408	1.5339679	2.319793
9147005	2409	1.5743719	2.259543
9147005	2410	1.5879513	2.2456098
9147005	2411	1.5189153	2.2135296
9147005	2412	1.6021143	2.1020555
9147005	2413	1.5804609	2.249994
9147005	2414	1.5432624	2.2597163
9147005	2415	1.7117866	2.0148902
9147005	2416	1.7154878	2.0513933
9147005	2417	1.6993021	2.008106
9147005	2418	1.5944878	2.260506
9147005	2419	1.5604945	2.1734726
9147005	2420	1.5462037	2.3162768
9147005	2421	1.7101842	2.0808408
9147005	2422	1.6807424	2.1412287
9147005	2423	1.6374534	2.1652648
9147005	2424	1.6637088	2.0568988
9147005	2425	1.7883819	2.032775
9147005	2426	1.7060593	2.1069784
9147005	2427	1.703612	2.0275161
9147005	2428	1.773369	2.0183535
9147005	2429	1.7301682	2.0118995
9147005	2430	1.7964092	2.0213528
9147005	2431	1.7458233	2.0779598
9147005	2432	1.7266189	2.0673044
9147005	2433	1.1710912	2.8203456
9147005	2434	1.2344402	2.7309484
9147005	2435	1.435711	2.356086
9147005	2436	1.445927	2.44544
9147005	2437	1.616306	2.184509
9147005	2438	1.561298	2.2634575
9147005	2439	1.5853039	2.2859576
9147005	2440	1.608682	2.1343095
9147005	2441	1.6265298	2.150496
9147005	2442	1.5707349	2.3555744
9147005	2443	1.663664	2.1906922
9147005	2444	1.733967	2.143126
9147005	2445	1.6791679	2.2436633
9147005	2446	1.6325003	2.2636178
9147005	2447	1.7537464	2.1215372
9147005	2448	1.6777793	2.1167955
9147005	2449	1.6924626	2.1890519
9147005	2450	1.690081	2.1648695
9147005	2451	1.7393836	2.1369858
9147005	2452	1.714743	2.0342755
9147005	2453	1.785329	2.0896745
9147005	2454	1.7033578	2.178193
9147005	2455	1.6340476	2.2194622
9147005	2456	1.6094636	2.1189778
9147005	2457	1.6113225	2.2532449
9147005	2458	1.9476804	1.8209112
9147005	2459	2.0321183	1.7913892
9147005	2460	1.9955317	1.8124077
9147005	2461	2.03929	1.8552608
9147005	2462	1.9687895	1.9176888
9147005	2463	1.9182698	1.8334711
9147005	2464	1.9803101	1.8818858
9147005	2465	1.9124075	1.9625831
9147005	2466	1.8724161	1.9930286
9147005	2467	2.0533714	1.8057716
9147005	2468	1.9199616	1.9660785
9147005	2469	1.9990283	1.8421879
9147005	2470	1.9332227	1.8296466
9147005	2471	2.06136	1.7889047
9147005	2472	1.9720112	1.8113785
9147005	2473	1.9494566	1.9170754
9147005	2474	1.8256329	1.9196911
9147005	2475	1.9480599	1.8777828
9147005	2476	1.8889292	1.925252
9147005	2477	1.9182647	1.8081107
9147005	2478	2.1468272	1.6373541
9147005	2479	2.4209375	1.3526279
9147005	2480	2.386312	1.4242303
9147005	2481	2.3263254	1.5402545
9147005	2482	2.3252788	1.4970857
9147005	2483	2.256155	1.4812853
9147005	2484	2.4404597	1.3123384
9147005	2485	2.2076998	1.5686638
9147005	2486	2.3842	1.4046369
9147005	2487	2.4129825	1.3764231
9147005	2488	2.3789454	1.4657962
9147005	2489	2.4348865	1.3565726
9147005	2490	2.4165435	1.3971623
9147005	2491	2.3652806	1.4707768
9147005	2492	2.4736662	1.348585
9147005	2493	2.4728146	1.302097
9147005	2494	2.5798407	1.2108312
9147005	2495	2.6673923	1.1735716
9147005	2496	2.4182153	1.2919152
9147005	2497	2.3721576	1.2396402
9147005	2498	2.6588264	1.0654318
9147005	2499	2.0795112	1.6102285
9147005	2500	2.0949216	1.6357245
9147005	2501	2.7921658	0.9866128
9147005	2502	3.1408849	0.68721354
9147005	2503	3.4163895	0.7225568
9147005	2504	3.1648192	1.000181
9147005	2505	2.9278698	1.0658703
9147005	2506	2.508998	1.4097202
9147005	2507	2.6922889	1.4219027
9147005	2508	2.8122234	1.1485381
9147005	2509	2.798223	1.1321268
9147005	2510	2.6745715	1.4275317
9147005	2511	2.4613857	1.5318961
9147005	2512	2.4716969	1.5727065
9147005	2513	2.5134435	1.4759889
9147005	2514	2.6447697	1.3219527
9147005	2515	3.0041418	1.013772
9147005	2516	2.9107356	1.1351227
9147005	2517	2.8847818	1.1187859
9147005	2518	2.8129072	1.2417569
9147005	2519	2.6145482	1.2816236
9147005	2520	2.7580009	1.084684
9147005	2521	2.4880652	1.3304007
9147005	2522	2.6021504	1.2422695
9147005	2523	2.4236083	1.4044338
9147005	2524	2.548602	1.2919537
9147005	2525	2.8080168	1.0667424
9147005	2526	2.9304228	0.9824648
9147005	2527	2.4908519	1.4544085
9147005	2528	2.9764671	0.77404225
9147005	2529	3.9218974	0.1201888
9147005	2530	3.361412	0.87640417
9147005	2531	2.967514	0.98668873
9147005	2532	3.1091452	0.8561832
9147005	2533	2.3353472	1.5972857
9147005	2534	2.3530955	1.5033194
9147005	2535	2.2994142	1.5237292
9147005	2536	2.9069118	0.9378009
9147005	2537	3.0490284	0.7909436
9147005	2538	3.050993	0.9275167
9147005	2539	3.0817103	0.83004034
9147005	2540	3.059226	0.8722788
9147005	2541	3.0590744	0.88374114
9147005	2542	3.1358762	0.7778971
9147005	2543	3.0649738	0.8490734
9147005	2544	3.2806807	0.6492511
9147005	2545	3.3772368	0.6263039
9147005	2546	3.3383236	0.69907355
9147005	2547	3.4215055	0.60210407
9147005	2548	4.3232713	-0.124735355
9147005	2549	4.8190746	-0.4942032
9147005	2550	5.286983	-0.6803803
9147005	2551	4.8151717	-0.4365929
9147005	2552	4.5364733	-0.27862424
9147005	2553	4.6193557	-0.36870193
9147005	2554	4.5401845	-0.32589567
9147005	2555	3.9729152	0.11877969
9147005	2556	4.099793	-0.20543167
9147005	2557	5.499129	-0.983215
9147005	2558	5.0586486	-0.6144126
9147005	2559	4.6457934	-1.9381125
9147005	2560	3.4003978	-1.400132
9147005	2561	2.8218627	-0.0004925132
9147005	2562	2.974831	-0.010349035
9147005	2563	3.0254254	0.045989066
9147005	2564	3.0582228	-0.017628849
9147005	2565	3.2041893	-0.06605065
9147005	2566	3.124886	-0.05958748
9147005	2567	3.1774926	-0.053836495
9147005	2568	3.0902138	0.02616325
9147005	2569	3.632482	-0.29858974
9147005	2570	3.0478854	0.02890572
9147005	2571	3.330996	-0.16756067
9147005	2572	3.1001801	-0.0038068593
9147005	2573	3.1723895	-0.1035631
9147005	2574	3.0516248	0.020134032
9147005	2575	2.9246664	0.10671696
9147005	2576	3.0959954	0.009655595
9147005	2577	2.9032178	0.16007897
9147005	2578	2.9925976	0.05505511
9147005	2579	3.9428096	-0.72520363
9147005	2580	5.1125193	-1.5232998
9147005	2581	5.143005	-1.3714153
9147005	2582	4.406375	-0.8176738
9147005	2583	4.994512	-2.7900968
9147005	2584	4.4722366	-2.4405859
9147005	2585	4.0546327	-2.2059438
9147005	2586	2.7498684	-0.22434428
9147005	2587	2.9374495	-0.30556434
9147005	2588	2.9304109	-0.1236372
9147005	2589	2.5551715	0.11265162
9147005	2590	2.524785	0.2000834
9147005	2591	2.6688342	0.02072534
9147005	2592	2.6770592	0.0786117
9147005	2593	2.2272558	0.43246284
9147005	2594	3.424623	-0.73617893
9147005	2595	3.4431734	-0.43810812
9147005	2596	3.6122246	-0.6871906
9147005	2597	3.15062	-0.08927181
9147005	2598	3.5851855	-0.6898755
9147005	2599	3.6620488	-0.58483124
9147005	2600	2.8829365	-0.013282537
9147005	2601	2.4542313	0.22338876
9147005	2602	2.5046535	0.26150826
9147005	2603	2.5278716	0.24539539
9147005	2604	2.7801523	-0.03134671
9147005	2605	3.002193	-0.1416929
9147005	2606	3.0133638	-0.17150924
9147005	2607	2.6556582	0.18083397
9147005	2608	2.6753922	0.2611268
9147005	2609	2.53827	0.33247826
9147005	2610	2.5468946	0.20389566
9147005	2611	3.6900835	-0.66635954
9147005	2612	3.5477333	-0.50149363
9147005	2613	3.3167915	-0.36291224
9147005	2614	4.1974607	-1.0592928
9147005	2615	4.1733313	-0.8075521
9147005	2616	3.7375922	-0.59103096
9147005	2617	3.708187	-0.66080403
9147005	2618	3.7779665	-0.6035425
9147005	2619	3.609796	-0.46871334
9147005	2620	3.9009247	-0.8060771
9147005	2621	3.498797	-0.40883446
9147005	2622	3.8462768	-0.8172076
9147005	2623	3.9066496	-0.7163655
9147005	2624	3.793531	-0.59852433
9147005	2625	3.7158675	-0.6987078
9147005	2626	3.9407363	-0.8311953
9147005	2627	3.8053489	-0.63519675
9147005	2628	3.4799137	-0.41733372
9147005	2629	3.7557173	-0.68588424
9147005	2630	3.6803966	-0.6555675
9147005	2631	3.8099241	-0.6257902
9147005	2632	3.7606797	-0.63648844
9147005	2633	3.816041	-0.7089335
9147005	2634	3.5871558	-0.42374727
9147005	2635	3.602775	-0.52920556
9147005	2636	3.7320647	-0.49347842
9147005	2637	3.6723661	-0.5262101
9147005	2638	3.6652412	-0.4904992
9147005	2639	3.6385589	-0.4844706
9147005	2640	3.7872543	-0.6156982
9147005	2641	3.7342868	-0.49295118
9147005	2642	3.3890433	-0.3164113
9147005	2643	3.9306397	-0.70399207
9147005	2644	3.8096805	-0.33050117
9147005	2645	3.8209524	-0.38960397
9147005	2646	3.7825217	-0.54212755
9147005	2647	3.9157395	-0.6144058
9147005	2648	3.7179632	-0.4705206
9147005	2649	3.7862377	-0.5691814
9147005	2650	3.575377	-0.30108315
9147005	2651	3.7908669	-0.5923862
9147005	2652	3.5248094	-0.35877115
9147005	2653	3.7488027	-0.4093969
9147005	2654	3.939577	-0.69465303
9147005	2655	3.4801602	-0.23908946
9147005	2656	3.469401	-0.40381792
9147005	2657	3.6506276	-0.42490903
9147005	2658	3.8328934	-0.5695322
9147005	2659	4.006847	-0.6935909
9147005	2660	3.628745	-0.34364015
9147005	2661	3.9813485	-0.6625262
9147005	2662	3.835691	-0.4927418
9147005	2663	3.9224195	-0.66487885
9147005	2664	3.9361796	-0.5553024
9147005	2665	3.86381	-0.49353606
9147005	2666	3.9878778	-0.6367034
9147005	2667	3.9310627	-0.58080304
9147005	2668	4.013474	-0.5343039
9147005	2669	3.821867	-0.29432985
9147005	2670	3.676384	-0.36717725
9147005	2671	4.019039	-0.663988
9147005	2672	3.9574552	-0.54463345
9147005	2673	3.826954	-0.4362442
9147005	2674	3.981542	-0.634757
9147005	2675	3.9299984	-0.4836181
9147005	2676	3.7563214	-0.4368893
9147005	2677	3.9307055	-0.6652378
9147005	2678	3.6537113	-0.29873234
9147005	2679	3.4333959	-0.11072031
9147005	2680	2.8658786	0.558048
9147005	2681	2.5017118	0.8754326
9147005	2682	2.4797163	1.0018653
9147005	2683	2.0707197	1.1460905
9147005	2684	2.3971028	1.0461742
9147005	2685	2.6373506	0.80885565
9147005	2686	2.535962	0.86197674
9147005	2687	2.6705341	0.7605567
9147005	2688	2.7139907	0.71039546
9147005	2689	2.7844343	0.6622933
9147005	2690	2.6793861	0.739231
9147005	2691	2.618176	0.77007496
9147005	2692	2.6235495	0.7651504
9147005	2693	2.5942578	0.6777773
9147005	2694	2.860135	0.5512204
9147005	2695	2.7214456	0.68465686
9147005	2696	2.7263918	0.7787485
9147005	2697	2.8972135	0.5814407
9147005	2698	2.8911633	0.5912565
9147005	2699	2.825645	0.65324533
9147005	2700	2.511776	0.8305335
9147005	2701	2.614554	0.78361654
9147005	2702	2.713738	0.7198458
9147005	2703	2.4351864	0.8545673
9147005	2704	2.9130325	0.5798527
9147005	2705	2.8019986	0.67049277
9147005	2706	2.91744	0.5903282
9147005	2707	2.7954755	0.6997709
9147005	2708	2.5592875	0.9355583
9147005	2709	3.042591	0.44354454
9147005	2710	2.158276	1.1471559
9147005	2711	2.7529888	0.7428216
9147005	2712	2.694426	0.78227437
9147005	2713	2.515944	0.95911694
9147005	2714	2.4730434	1.097965
9147005	2715	2.5365124	1.053888
9147005	2716	2.7888227	0.9013431
9147005	2717	2.557382	0.987569
9147005	2718	2.5755744	1.0482655
9147005	2719	2.8012629	0.97101045
9147005	2720	2.6084924	1.0507101
9147005	2721	2.7597198	0.7573786
9147005	2722	2.5231566	0.96582747
9147005	2723	2.5889301	0.787645
9147005	2724	2.758439	0.69115126
9147005	2725	3.026741	0.56117475
9147005	2726	2.6649113	0.8358394
9147005	2727	2.6633353	0.7497852
9147005	2728	3.0820646	0.4967924
9147005	2729	2.736672	0.77141047
9147005	2730	2.6824474	0.7245418
9147005	2731	2.9527187	0.58581316
9147005	2732	2.789825	0.6985589
9147005	2733	2.8064842	0.6899309
9147005	2734	2.3616815	1.0329992
9147005	2735	2.4690294	0.9592042
9147005	2736	2.7024183	0.82450414
9147005	2737	2.443162	1.0206027
9147005	2738	2.4314346	1.0497317
9147005	2739	2.3334026	1.1318412
9147005	2740	2.0226989	1.5027429
9147005	2741	2.3196368	1.1941656
9147005	2742	1.8447956	1.7880762
9147005	2743	1.8271765	1.7625728
9147005	2744	2.0663495	1.6229455
9147005	2745	1.8680712	1.8583949
9147005	2746	1.723715	1.9611037
9147005	2747	1.6914629	1.9209015
9147005	2748	1.5474213	2.0529525
9147005	2749	1.304208	2.3670192
9147005	2750	1.0938271	2.5946481
9147005	2751	0.4854771	3.6108024
9147005	2752	0.89571786	3.0467637
9147005	2753	0.43809938	3.6863143
9147005	2754	0.15182245	4.0554857
9147005	2755	0.15405792	4.0116644
9147005	2756	0.13935554	3.9795768
9147005	2757	-0.117580295	4.276467
9147005	2758	-1.0741246	3.2580717
9147005	2759	1.0217739	2.2225804
9147005	2760	0.8701664	2.3352416
9147005	2761	1.1001457	2.1885524
9147005	2762	1.2129797	2.0364707
9147005	2763	1.0702301	2.2210748
9147005	2764	1.565669	1.5186856
9147005	2765	1.6089262	1.5319856
9147005	2766	1.4369411	1.8389516
9147005	2767	0.4571573	0.52881813
9147005	2768	-0.045031697	1.3726941
9147005	2769	2.0094218	1.1624147
9147005	2770	2.0191083	1.1158512
9147005	2771	0.39895022	0.5630417
9147005	2772	0.32699585	0.95217776
9147005	2773	0.63612366	2.2139177
9147005	2774	0.76935375	2.1087706
9147005	2775	0.59900224	2.2224498
9147005	2776	0.34009087	2.8822587
9147005	2777	0.14796871	3.342396
9147005	2778	0.98363376	-0.50481194
9147005	2779	1.0597682	-0.24769463
9147005	2780	0.94052243	0.35757896
9147005	2781	0.6072264	0.6967993
9147005	2782	2.119052	1.0756425
9147005	2783	1.7625502	1.6251976
9147005	2784	2.5373063	0.7547771
9147005	2785	3.0668645	0.51213396
9147005	2786	2.5697126	0.8019022
9147005	2787	3.0449424	0.4867802
9147005	2788	3.751957	-0.34136856
9147005	2789	3.7316456	-0.24760807
9147005	2790	0.64563286	-0.064465195
9147005	2791	0.46555406	0.29686502
9147005	2792	0.60758996	0.3393248
9147005	2793	0.9064959	1.7724643
9147005	2794	1.059241	1.7280028
9147005	2795	0.7928109	1.9697981
9147005	2796	1.1657839	1.5754766
9147005	2797	1.4239002	1.2590247
9147005	2798	1.1867942	1.5500145
9147005	2799	1.011664	1.6687844
9147005	2800	0.9757652	1.6862998
9147005	2801	1.0108473	1.6720524
9147005	2802	1.0368383	1.748075
9147005	2803	1.2296739	1.337658
9147005	2804	1.1621128	1.355566
9147005	2805	1.0871135	1.5706384
9147005	2806	1.1977293	1.3335599
9147005	2807	1.1323292	1.488121
9147005	2808	1.0394093	1.6003118
9147005	2809	0.46965927	2.3668692
9147005	2810	1.3521788	1.2721376
9147005	2811	1.2906075	1.447383
9147005	2812	1.2390325	1.5670755
9147005	2813	1.2306787	1.5477765
9147005	2814	1.2434086	1.3739147
9147005	2815	1.3935652	1.2845703
9147005	2816	1.4700302	1.3924657
9147005	2817	2.4660063	0.12446806
9147005	2818	2.4516664	0.66049325
9147005	2819	3.281478	-0.30620515
9147005	2820	3.518556	-0.20129505
9147005	2821	3.8438396	-0.50987035
9147005	2822	4.019349	-0.6471163
9147005	2823	3.870235	-0.5443023
9147005	2824	3.5220609	-0.37746313
9147005	2825	3.1857672	-0.13212883
9147005	2826	3.482761	-0.37944087
9147005	2827	3.6356215	-0.45338103
9147005	2828	2.8644042	0.051386684
9147005	2829	3.1322932	-0.26031306
9147005	2830	3.214126	-0.2140638
9147005	2831	3.4507122	-0.48890057
9147005	2832	3.5302973	-0.44175524
9147005	2833	3.1924372	-0.18292287
9147005	2834	3.1577988	-0.2778376
9147005	2835	3.2109365	-0.24441819
9147005	2836	3.1978526	-0.2008442
9147005	2837	2.7469916	0.019417852
9147005	2838	2.8766084	-0.19824794
9147005	2839	2.6650453	0.15076318
9147005	2840	2.637353	0.067724615
9147005	2841	2.678506	0.077184945
9147005	2842	2.5321836	0.2710471
9147005	2843	2.522409	0.24161139
9147005	2844	2.4927268	0.26955858
9147005	2845	2.4667387	0.23425171
9147005	2846	2.575513	0.25919506
9147005	2847	1.7280859	1.0046303
9147005	2848	1.6889917	1.177972
9147005	2849	2.780528	0.1566566
9147005	2850	2.6320667	0.5036603
9147005	2851	2.8007555	0.29193637
9147005	2852	2.857584	0.36348274
9147005	2853	2.7056603	0.39999488
9147005	2854	2.351017	0.6803503
9147005	2855	2.7617855	0.3755748
9147005	2856	2.7447023	0.3141065
9147005	2857	2.874319	0.36367515
9147005	2858	3.1864657	0.056780905
9147005	2859	3.0033197	0.21767357
9147005	2860	3.1264825	0.1946517
9147005	2861	2.9691267	0.3979793
9147005	2862	3.1183367	0.11400828
9147005	2863	3.3907304	0.0010171235
9147005	2864	2.9712248	0.33374694
9147005	2865	2.8929043	0.22025457
9147005	2866	2.647489	0.48308942
9147005	2867	2.498405	0.5057076
9147005	2868	1.6650258	1.333112
9147005	2869	2.116899	0.89920104
9147005	2870	2.043489	1.140702
9147005	2871	1.5911273	1.3180686
9147005	2872	1.7698208	1.0635258
9147005	2873	1.9761714	0.94955266
9147005	2874	1.8006412	1.0884272
9147005	2875	2.0781093	1.0354415
9147005	2876	2.634943	0.50409794
9147005	2877	2.3832073	0.71305597
9147005	2878	3.149413	-0.08844891
9147005	2879	3.097035	0.14793804
9147005	2880	3.0303488	0.21003428
9147005	2881	3.0113935	0.18477938
9147005	2882	2.998012	0.17697522
9147005	2883	3.5910416	-0.31297028
9147005	2884	3.3450813	-0.009547204
9147005	2885	3.427835	-0.12236312
9147005	2886	3.4597797	-0.100904375
9147005	2887	3.5056424	-0.14270827
9147005	2888	3.2765608	0.1306208
9147005	2889	3.427164	-0.115136325
9147005	2890	3.5254822	-0.0941968
9147005	2891	3.4641132	-0.12887853
9147005	2892	3.979188	-0.44386917
9147005	2893	3.682301	-0.28186792
9147005	2894	3.4656653	-0.05368197
9147005	2895	3.6906009	-0.29388285
9147005	2896	3.5615282	-0.07986936
9147005	2897	3.6182613	-0.16741663
9147005	2898	3.440339	-0.030856967
9147005	2899	3.6138043	-0.17270705
9147005	2900	3.5640311	-0.09523359
9147005	2901	3.3081622	0.10740271
9147005	2902	3.1904974	0.10134223
9147005	2903	3.217866	0.15078351
9147005	2904	3.1026797	0.28388837
9147005	2905	3.1453176	0.3934827
9147005	2906	3.2370234	0.275305
9147005	2907	3.0417218	0.6547102
9147005	2908	2.79958	0.59359956
9147005	2909	3.1600256	0.23169026
9147005	2910	3.1460557	0.2626277
9147005	2911	3.1086164	0.30514696
9147005	2912	3.0402012	0.27259067
9147005	2913	3.1389294	0.20453265
9147005	2914	3.0902123	0.28489354
9147005	2915	3.038433	0.24894169
9147005	2916	3.008955	0.3144125
9147005	2917	2.634912	0.60581756
9147005	2918	2.3664813	0.838315
9147005	2919	2.5734096	0.7966006
9147005	2920	2.6159792	0.7500322
9147005	2921	2.4431648	0.8321202
9147005	2922	2.38341	0.92215693
9147005	2923	1.8774399	1.3586093
9147005	2924	1.2691983	1.9839096
9147005	2925	1.4699893	1.9246268
9147005	2926	1.9994551	1.3220937
9147005	2927	2.3006854	1.049394
9147005	2928	2.3567662	0.9930371
9147005	2929	2.3376245	1.0336882
9147005	2930	2.0687437	1.1723886
9147005	2931	2.0492892	1.2610949
9147005	2932	1.9516994	1.3491966
9147005	2933	1.8397454	1.4378911
9147005	2934	1.8618397	1.4342201
9147005	2935	1.6595324	1.572629
9147005	2936	1.6247798	1.6149323
9147005	2937	-0.15012032	1.6693335
9147005	2938	-0.19363585	1.337602
9147005	2939	1.6007401	1.833322
9147005	2940	1.3901772	1.7836244
9147005	2941	1.4191613	1.8975215
9147005	2942	1.4974793	1.7802296
9147005	2943	1.4861264	1.7106395
9147005	2944	1.5170323	1.6593277
9147005	2945	1.5280479	1.575012
9147005	2946	1.5656253	1.4979427
9147005	2947	1.7531945	1.2943802
9147005	2948	1.9860092	1.0206864
9147005	2949	2.3779244	0.71791244
9147005	2950	2.4763575	0.6718217
9147005	2951	2.546908	0.6300868
9147005	2952	2.51055	0.6582042
9147005	2953	2.2519898	0.9574784
9147005	2954	2.10223	1.1097612
9147005	2955	2.383665	0.7354418
9147005	2956	1.8635451	1.3194053
9147005	2957	1.9687005	1.224809
9147005	2958	2.125095	1.1229593
9147005	2959	2.3227048	0.97981095
9147005	2960	2.1998796	1.0480032
9147005	2961	2.2715282	1.0585479
9147005	2962	2.2312899	1.1272774
9147005	2963	2.0375433	1.2744595
9147005	2964	2.1782722	1.188111
9147005	2965	2.1872087	1.1727457
9147005	2966	2.2124896	1.1765084
9147005	2967	2.21201	1.170261
9147005	2968	2.2408576	1.1600566
9147005	2969	1.8885382	1.4229928
9147005	2970	1.7627257	1.8071048
9147005	2971	1.9938575	1.593096
9147005	2972	2.2494807	1.2634778
9147005	2973	1.9700412	1.5919573
9147005	2974	1.8507458	1.4026808
9147005	2975	1.803321	1.5680547
9147005	2976	1.9108382	1.3593389
9147005	2977	1.8372091	1.5095577
9147005	2978	1.6884276	1.6826158
9147005	2979	1.440826	1.9745739
9147005	2980	1.6671463	1.839262
9147005	2981	1.7477881	1.7443669
9147005	2982	1.9123205	1.5584152
9147005	2983	1.5691026	1.9951758
9147005	2984	1.3233943	2.2616324
9147005	2985	1.2540325	2.3965716
9147005	2986	0.80541587	3.045779
9147005	2987	0.08799839	4.1077027
9147005	2988	-0.15451747	4.7359815
9147005	2989	-0.103103876	4.5956736
9147005	2990	0.0020778775	4.3040338
9147005	2991	0.11791259	4.0778384
9147005	2992	0.2708909	3.8486955
9147005	2993	0.32930237	3.6796076
9147005	2994	0.31052887	3.6731718
9147005	2995	0.50869024	3.4241521
9147005	2996	0.52116454	3.3527033
9147005	2997	0.4170897	3.4629061
9147005	2998	0.36058432	3.497973
9147005	2999	0.36724067	3.4561644
9147005	3000	0.3949579	3.3975317
9147005	3001	0.3053251	3.5160534
9147005	3002	0.3184145	3.4986722
9147005	3003	0.27117723	3.6189897
9147005	3004	0.33687508	3.468658
9147005	3005	0.5249677	3.2247496
9147005	3006	0.27754158	3.53517
9147005	3007	0.3081249	3.6596162
9147005	3008	0.45367962	3.4170818
9147005	3009	0.4890232	3.3611531
9147005	3010	0.51415515	3.2459955
9147005	3011	0.55692506	3.2373447
9147005	3012	0.54091656	3.206991
9147005	3013	0.33733004	3.6571553
9147005	3014	0.14146733	4.1011543
9147005	3015	-0.091152996	3.4653466
9147005	3016	-0.371934	2.7576356
9147005	3017	0.96052754	2.5612688
9147005	3018	1.0821158	2.2684286
9147005	3019	1.345239	2.0309377
9147005	3020	1.5104033	1.8795376
9147005	3021	1.3823858	2.2790868
9147005	3022	1.1866254	2.5992615
9147005	3023	1.2543912	2.5573545
9147005	3024	1.2475027	2.4288445
9147005	3025	1.327561	2.38785
9147005	3026	1.525824	2.1417172
9147005	3027	0.9964727	2.8627038
9147005	3028	0.8776299	2.9474375
9147005	3029	0.74556243	3.0681365
9147005	3030	0.8969799	2.9764264
9147005	3031	0.88168967	2.842178
9147005	3032	0.9981463	2.7735405
9147005	3033	1.2402012	2.4291964
9147005	3034	1.2957681	2.3728144
9147005	3035	1.2699041	2.4225104
9147005	3036	1.3414545	2.384092
9147005	3037	1.2766562	2.4468176
9147005	3038	1.3233677	2.4120839
9147005	3039	0.9459102	3.0296123
9147005	3040	1.3034028	2.410387
9147005	3041	1.2924495	2.4041495
9147005	3042	1.5601851	2.151546
9147005	3043	1.5223123	2.192428
9147005	3044	1.6028281	2.1697452
9147005	3045	1.3186755	2.6475923
9147005	3046	1.357256	2.3635452
9147005	3047	1.8524657	1.8990698
9147005	3048	1.9259452	1.6840296
9147005	3049	2.1031318	1.7472646
9147005	3050	2.102315	1.7031784
9147005	3051	2.1603222	1.6727753
9147005	3052	2.2240877	1.5183073
9147005	3053	2.4218411	1.2120223
9147005	3054	1.429944	2.3635435
9147005	3055	1.4006053	2.389298
9147005	3056	1.8009919	2.1726255
9147005	3057	3.0145226	0.9866493
9147005	3058	3.4843135	0.57275724
9147005	3059	3.4374595	0.78662133
9147005	3060	3.3885412	0.7158545
9147005	3061	3.6218562	0.54142773
9147005	3062	3.6903644	0.428673
9147005	3063	3.6170697	0.52451575
9147005	3064	3.664021	0.4056097
9147005	3065	3.5945678	0.5446191
9147005	3066	3.3096213	0.6675869
9147005	3067	3.4169989	0.60239494
9147005	3068	3.4662495	0.5867839
9147005	3069	3.4549894	0.59888506
9147005	3070	3.5096717	0.6140801
9147005	3071	3.4633265	0.6675818
9147005	3072	3.346746	0.7406033
9147005	3073	3.207265	0.8725802
9147005	3074	3.260209	0.7690426
9147005	3075	3.0923162	0.9340395
9147005	3076	3.0708766	0.9396559
9147005	3077	3.2497058	0.86910546
9147005	3078	3.4418268	0.607502
9147005	3079	3.397283	0.7175962
9147005	3080	3.2730026	0.8003348
9147005	3081	3.4361143	0.73604345
9147005	3082	3.4460244	0.6912575
9147005	3083	3.5598764	0.59147704
9147005	3084	3.4865336	0.6547984
9147005	3085	3.2194853	0.85608125
9147005	3086	3.095797	0.94978
9147005	3087	2.869048	1.0698124
9147005	3088	2.2056694	1.6279113
9147005	3089	2.175209	1.6086235
9147005	3090	2.3373437	1.4808216
9147005	3091	2.4395447	1.3659166
9147005	3092	1.7418929	2.184765
9147005	3093	1.5111495	2.4760036
9147005	3094	0.8566289	3.2811034
9147005	3095	0.47639596	3.6573737
9147005	3096	0.30820364	3.8841827
9147005	3097	0.8509568	3.0708966
9147005	3098	0.8919482	3.0528884
9147005	3099	0.44548416	3.795386
9147005	3100	0.39541703	3.7348025
9147005	3101	0.35984802	3.9795163
9147005	3102	0.5711602	3.5649507
9147005	3103	0.79909337	3.1564672
9147005	3104	0.3871969	3.9011667
9147005	3105	0.45495564	3.8156188
9147005	3106	0.8140485	3.2312675
9147005	3107	0.3290804	4.0564103
9147005	3108	0.19716859	3.9530623
9147005	3109	0.50722873	3.4825642
9147005	3110	0.43910992	3.7677886
9147005	3111	-0.1328212	2.7980907
9147005	3112	0.3131743	3.6306927
9147005	3113	0.44171554	3.263572
9147005	3114	0.60004306	2.9234915
9147005	3115	0.7023238	2.8590584
9147005	3116	0.5924741	3.056918
9147005	3117	0.7066114	2.9730363
9147005	3118	0.9332832	2.6391976
9147005	3119	1.2534671	2.2650921
9147005	3120	1.3918326	2.1243901
9147005	3121	1.5699621	1.9958594
9147005	3122	1.5942158	2.0393717
9147005	3123	1.5147117	2.1490161
9147005	3124	1.5822622	2.1233401
9147005	3125	1.3919913	2.258916
9147005	3126	0.6700077	3.2815318
9147005	3127	0.4143119	3.5383341
9147005	3128	0.5015975	3.5808794
9147005	3129	0.64256465	3.1463854
9147005	3130	0.7788341	3.0258858
9147005	3131	0.85653436	2.9292188
9147005	3132	1.1968023	2.484819
9147005	3133	1.0257828	2.7218928
9147005	3134	1.337209	2.3908849
9147005	3135	1.2718378	2.4348114
9147005	3136	1.0211498	2.7546117
9147005	3137	1.0944086	2.579923
9147005	3138	1.513997	2.066253
9147005	3139	1.2911283	2.300681
9147005	3140	1.22996	2.3881283
9147005	3141	1.164643	2.4184341
9147005	3142	0.4582709	3.5501215
9147005	3143	0.55417216	3.1259744
9147005	3144	0.40169424	3.5189357
9147005	3145	0.47226983	3.1869054
9147005	3146	0.36005652	3.5014336
9147005	3147	0.35500455	3.4159129
9147005	3148	0.5238334	3.1950397
9147005	3149	0.53280926	3.2018387
9147005	3150	0.49554837	3.184922
9147005	3151	0.758018	2.8096852
9147005	3152	0.9448184	2.4459293
9147005	3153	0.8573649	2.597848
9147005	3154	0.857527	2.588501
9147005	3155	1.1198269	2.3449795
9147005	3156	1.1744028	2.2698097
9147005	3157	0.7832602	2.9229014
9147005	3158	0.6527307	2.9684799
9147005	3159	0.540539	3.1522706
9147005	3160	0.612792	3.0446923
9147005	3161	0.6321806	3.0024347
9147005	3162	1.0173384	2.4728072
9147005	3163	1.1957667	2.2410002
9147005	3164	1.2400928	2.1944532
9147005	3165	1.4131132	1.9821455
9147005	3166	1.9025913	1.5726905
9147005	3167	1.5033735	2.253372
9147005	3168	1.3264486	2.3790388
9147005	3169	1.2195779	2.466721
9147005	3170	1.1125965	2.709818
9147005	3171	0.9881779	2.8327062
9147005	3172	0.9566395	2.6899524
9147005	3173	0.8926836	2.8503451
9147005	3174	0.9267539	2.8583646
9147005	3175	0.9422176	2.6980097
9147005	3176	0.84590435	2.9626727
9147005	3177	0.657112	3.419636
9147005	3178	0.7470832	2.9513557
9147005	3179	0.7417135	3.0497043
9147005	3180	0.89257944	2.7675848
9147005	3181	0.9403062	2.6339078
9147005	3182	1.0116686	2.5489588
9147005	3183	1.1352618	2.4514096
9147005	3184	1.349523	2.129348
9147005	3185	1.1841527	2.345173
9147005	3186	1.4735615	2.0250804
9147005	3187	1.5954763	1.8313341
9147005	3188	1.3741614	2.3177078
9147005	3189	1.2651703	2.4039397
9147005	3190	1.1026701	2.5860941
9147005	3191	1.0500774	2.6774962
9147005	3192	1.0310003	2.617558
9147005	3193	1.0033041	2.6249483
9147005	3194	0.8761358	2.8645377
9147005	3195	0.5376122	3.4901361
9147005	3196	0.20002735	4.0312824
9147005	3197	0.16716242	3.6517031
9147005	3198	0.26484376	3.1584516
9147005	3199	0.5174906	2.8962777
9147005	3200	0.62281024	2.6730833
9147005	3201	0.8574085	2.3523102
9147005	3202	0.8075746	2.4728167
9147005	3203	0.92904806	2.3457572
9147005	3204	0.9153986	2.4067192
9147005	3205	0.6812049	2.8681724
9147005	3206	0.6706121	2.88372
9147005	3207	0.6936623	2.623134
9147005	3208	0.79892206	2.550074
9147005	3209	1.056564	2.282715
9147005	3210	1.1208633	2.2358668
9147005	3211	1.201726	2.1646416
9147005	3212	1.2831095	2.1104608
9147005	3213	1.2153182	2.2212656
9147005	3214	1.8348857	1.8112602
9147005	3215	2.155387	1.4700737
9147005	3216	2.328065	1.3774081
9147005	3217	2.6299458	1.1320027
9147005	3218	2.6271954	1.1986923
9147005	3219	2.4892306	1.3387408
9147005	3220	1.534361	2.3950875
9147005	3221	1.7134537	2.1742074
9147005	3222	2.0297513	1.6762049
9147005	3223	2.2214365	1.578613
9147005	3224	2.3178663	1.540286
9147005	3225	2.4264846	1.435467
9147005	3226	2.112722	1.758615
9147005	3227	2.2951274	1.3082585
9147005	3228	2.359305	1.4948394
9147005	3229	2.5282335	1.3295014
9147005	3230	2.6002412	1.116701
9147005	3231	2.7245674	1.1713661
9147005	3232	2.6863174	1.2312145
9147005	3233	2.6473002	1.2536272
9147005	3234	2.521906	1.2548399
9147005	3235	2.369578	1.4868227
9147005	3236	2.4926906	1.3219769
9147005	3237	2.5959692	1.2637249
9147005	3238	2.9182172	1.0003865
9147005	3239	2.7252865	1.1846672
9147005	3240	2.9140348	1.0002432
9147005	3241	3.1961641	0.85128665
9147005	3242	2.5772724	1.2437496
9147005	3243	2.6594453	1.0217489
9147005	3244	2.7973146	1.0697371
9147005	3245	3.0294266	0.95069563
9147005	3246	2.7032046	1.2409399
9147005	3247	3.0481858	0.8010516
9147005	3248	3.519803	0.52371633
9147005	3249	3.4644475	0.62863994
9147005	3250	3.3122	0.7141632
9147005	3251	3.4818788	0.5400348
9147005	3252	3.5252838	0.56194997
9147005	3253	3.409762	0.6402401
9147005	3254	3.4005022	0.64442277
9147005	3255	3.3961635	0.65678537
9147005	3256	3.3897266	0.65233254
9147005	3257	3.3521752	0.6671274
9147005	3258	3.4399142	0.5768204
9147005	3259	3.4705982	0.57961464
9147005	3260	3.4434457	0.5999249
9147005	3261	3.6107435	0.43216333
9147005	3262	3.48449	0.6402478
9147005	3263	3.6748314	0.40278855
9147005	3264	3.5401	0.6035445
9147005	3265	3.5222893	0.65468276
9147005	3266	3.6950645	0.3362755
9147005	3267	3.4490285	0.8010278
9147005	3268	3.492937	0.5901004
9147005	3269	3.864997	0.25391844
9147005	3270	3.7766705	0.19890067
9147005	3271	4.0842533	-1.7820524
9147005	3272	4.0049744	-1.4306154
9147005	3273	2.8138843	-0.8236001
9147005	3274	2.3936148	0.76930046
9147005	3275	2.5899715	0.64510846
9147005	3276	3.6416092	-0.082698226
9147005	3277	3.5714984	0.21813229
9147005	3278	4.082647	-0.30309594
9147005	3279	4.3180027	-0.59338284
9147005	3280	4.0760927	-0.3838759
9147005	3281	3.7371898	-0.11050856
9147005	3282	4.4389296	-0.686481
9147005	3283	4.9588003	-1.2862734
9147005	3284	4.88419	-1.1993259
9147005	3285	4.520535	-0.9608648
9147005	3286	3.9839568	-0.5835367
9147005	3287	3.8014393	-0.46561342
9147005	3288	3.9107141	-0.54319894
9147005	3289	3.6065073	-0.3045071
9147005	3290	3.5938473	-0.276043
9147005	3291	3.6204376	-0.35538396
9147005	3292	3.565435	-0.23414657
9147005	3293	3.3589087	-0.1410369
9147005	3294	3.3207026	-0.013455987
9147005	3295	3.331778	-0.11102733
9147005	3296	3.2506323	0.013310343
9147005	3297	3.303083	-0.085555494
9147005	3298	3.1643991	0.12039116
9147005	3299	3.0453582	0.11727831
9147005	3300	2.9445925	0.2771379
9147005	3301	3.040823	0.13422206
9147005	3302	3.137949	0.06015107
9147005	3303	1.9108342	1.0010506
9147005	3304	2.6667504	0.50122297
9147005	3305	2.7512841	0.48619685
9147005	3306	2.797824	0.42803457
9147005	3307	2.65551	0.5905417
9147005	3308	2.8125072	0.45255932
9147005	3309	2.274561	0.9258537
9147005	3310	2.505179	0.6788665
9147005	3311	2.6291203	0.60863507
9147005	3312	2.7494593	0.55034614
9147005	3313	2.7681184	0.5247505
9147005	3314	2.8231044	0.5136378
9147005	3315	2.8095942	0.50958896
9147005	3316	2.9094443	0.4446145
9147005	3317	1.9680606	1.284335
9147005	3318	1.33746	2.2019799
9147005	3319	1.3983858	2.261672
9147005	3320	1.8661665	1.7385988
9147005	3321	2.7473469	0.83180916
9147005	3322	2.6129847	0.94986045
9147005	3323	2.4582915	1.0839183
9147005	3324	2.5170016	1.0556103
9147005	3325	2.554915	1.0165519
9147005	3326	2.1557636	1.3768475
9147005	3327	2.6098976	1.0010489
9147005	3328	2.0924397	1.416093
9147005	3329	2.1272268	1.3206855
9147005	3330	1.2627565	2.3939285
9147005	3331	1.1797421	2.6014552
9147005	3332	1.0597237	2.858311
9147005	3333	1.6699306	2.1271095
9147005	3334	2.1840029	1.6189551
9147005	3335	2.3431997	1.5124507
9147005	3336	2.194913	1.6078868
9147005	3337	2.253961	1.5478568
9147005	3338	2.376524	1.4279962
9147005	3339	2.4694743	1.3240931
9147005	3340	2.5140557	1.2918178
9147005	3341	2.306723	1.5272472
9147005	3342	2.4804473	1.3497235
9147005	3343	2.9627848	0.6254312
9147005	3344	3.3090215	0.51570165
9147005	3345	3.2533894	0.51357627
9147005	3346	3.155871	0.61528075
9147005	3347	3.2639818	0.5108055
9147005	3348	3.3887157	0.43453458
9147005	3349	3.1754417	0.49219552
9147005	3350	3.1390166	0.6004839
9147005	3351	3.0768023	0.67365265
9147005	3352	3.152197	0.5881882
9147005	3353	3.1453285	0.60504353
9147005	3354	3.0935621	0.6339315
9147005	3355	3.15657	0.6110109
9147005	3356	3.1566997	0.60339653
9147005	3357	3.1726842	0.59624445
9147005	3358	3.026205	0.66244984
9147005	3359	2.9836345	0.719252
9147005	3360	2.6502018	1.0969418
9147005	3361	2.749536	0.88253224
9147005	3362	2.661769	1.0824944
9147005	3363	2.798328	0.8292577
9147005	3364	2.9103427	0.7896533
9147005	3365	2.7468152	0.95525813
9147005	3366	2.8846521	0.8099476
9147005	3367	2.9390874	0.82378876
9147005	3368	2.9309258	0.79756415
9147005	3369	2.9992552	0.767609
9147005	3370	2.9783225	0.77166736
9147005	3371	2.9935794	0.7752069
9147005	3372	3.0264602	0.7477958
9147005	3373	3.0910902	0.686151
9147005	3374	3.1585755	0.5522224
9147005	3375	2.9430099	0.7910738
9147005	3376	3.1166453	0.6430266
9147005	3377	3.1438208	0.6233959
9147005	3378	3.145052	0.6117878
9147005	3379	2.7616582	0.8812219
9147005	3380	2.2656312	1.5448551
9147005	3381	2.718639	1.1995916
9147005	3382	1.8167499	1.8170376
9147005	3383	2.3725324	1.375014
9147005	3384	2.1821413	1.5270255
9147005	3385	1.877005	1.7239928
9147005	3386	1.2969443	2.4473546
9147005	3387	1.4930247	2.2405355
9147005	3388	1.7286247	1.9871926
9147005	3389	1.8919765	1.8543682
9147005	3390	1.8764945	1.8667121
9147005	3391	1.7407833	1.897018
9147005	3392	1.7752608	1.9283895
9147005	3393	1.7827331	1.9297731
9147005	3394	1.7490972	1.9509859
9147005	3395	1.7394081	1.9986861
9147005	3396	1.621375	2.0449784
9147005	3397	1.4889045	2.1488829
9147005	3398	1.4476261	2.2137663
9147005	3399	1.7471231	1.9552433
9147005	3400	1.7397877	1.9040289
9147005	3401	1.6397473	2.0867784
9147005	3402	1.6891395	2.0420442
9147005	3403	1.9980234	1.7269037
9147005	3404	1.9446548	1.7813089
9147005	3405	1.9982029	1.7518902
9147005	3406	1.9784862	1.7599223
9147005	3407	1.9488069	1.7966039
9147005	3408	1.9639379	1.7743623
9147005	3409	1.8109442	1.8493562
9147005	3410	1.0551527	2.8778474
9147005	3411	0.9282688	3.194636
9147005	3412	0.92287385	3.2607536
9147005	3413	0.8833959	3.187465
9147005	3414	1.0989499	2.9064083
9147005	3415	1.2809258	2.7159646
9147005	3416	1.2810181	2.691868
9147005	3417	1.2904074	2.7039754
9147005	3418	1.6599156	2.3095179
9147005	3419	1.6015438	2.3844838
9147005	3420	1.6831719	2.3406703
9147005	3421	1.8070866	2.2039375
9147005	3422	1.7602879	2.254538
9147005	3423	1.8808235	2.13584
9147005	3424	1.8493441	2.1723626
9147005	3425	1.7880312	2.2319136
9147005	3426	1.9060427	2.113345
9147005	3427	1.7297171	2.2597857
9147005	3428	1.8319317	2.1789227
9147005	3429	1.6491631	2.208554
9147005	3430	1.3741077	2.5996315
9147005	3431	0.4441347	3.823725
9147005	3432	0.3392018	3.7797768
9147005	3433	1.1592057	2.6655836
9147005	3434	0.7366164	3.2771618
9147005	3435	0.83418477	3.2304666
9147005	3436	1.0081408	2.9171317
9147005	3437	1.0492805	2.8509703
9147005	3438	1.3878173	2.5192819
9147005	3439	1.3529662	2.562867
9147005	3440	1.3940917	2.5719519
9147005	3441	1.4097021	2.5526648
9147005	3442	1.4242412	2.5410724
9147005	3443	1.4355682	2.527291
9147005	3444	1.6458651	2.2915306
9147005	3445	1.574879	2.3933115
9147005	3446	1.5642177	2.4145684
9147005	3447	1.5977095	2.3690093
9147005	3448	1.7041162	2.2764866
9147005	3449	1.4470874	2.639496
9147005	3450	1.2161984	2.8383956
9147005	3451	1.4548851	2.5627067
9147005	3452	1.7866868	2.031905
9147005	3453	1.7866691	2.0564592
9147005	3454	1.85085	1.9760201
9147005	3455	1.8471738	1.9643416
9147005	3456	1.8776826	2.0599432
9147005	3457	1.8626553	2.124626
9147005	3458	1.9118112	2.0838714
9147005	3459	1.89021	2.1129081
9147005	3460	1.9083587	2.1018844
9147005	3461	2.0012946	2.0012865
9147005	3462	2.0096335	1.9994256
9147005	3463	1.9473594	2.060535
9147005	3464	1.9435228	2.0543585
9147005	3465	1.9739207	1.9073629
9147005	3466	1.9469832	1.9854684
9147005	3467	2.3551393	1.6426318
9147005	3468	1.9451708	1.9049158
9147005	3469	2.054438	1.8187535
9147005	3470	2.0890098	1.7994854
9147005	3471	2.1166596	1.8066008
9147005	3472	2.1232824	1.803874
9147005	3473	2.13408	1.798734
9147005	3474	2.2139387	1.7182584
9147005	3475	2.2658148	1.6682928
9147005	3476	2.2761626	1.7391996
9147005	3477	2.3029556	1.7120523
9147005	3478	2.2980518	1.6532977
9147005	3479	2.4968119	1.4775727
9147005	3480	2.4575353	1.5271804
9147005	3481	2.234333	1.8347843
9147005	3482	2.1327524	1.7809505
9147005	3483	2.3036494	1.6468568
9147005	3484	2.3677459	1.6191592
9147005	3485	2.2822704	1.6906209
9147005	3486	2.4267478	1.5594587
9147005	3487	2.5802526	1.4051756
9147005	3488	2.5818715	1.410473
9147005	3489	2.6073532	1.399447
9147005	3490	2.623695	1.3947755
9147005	3491	2.6798158	1.3298788
9147005	3492	2.6411839	1.3648955
9147005	3493	2.6697693	1.3227967
9147005	3494	2.737197	1.2891992
9147005	3495	2.5991302	1.4006655
9147005	3496	2.6524477	1.3934993
9147005	3497	2.4255853	1.5793269
9147005	3498	2.240993	1.8340735
9147005	3499	2.3229141	1.6153123
9147005	3500	2.3523664	1.6401951
9147005	3501	2.511763	1.5379337
9147005	3502	2.4725928	1.4334005
9147005	3503	2.3124719	1.6769733
9147005	3504	2.7114525	1.3396523
9147005	3505	2.5957813	1.3930538
9147005	3506	2.803154	1.130594
9147005	3507	2.906497	1.0856661
9147005	3508	3.3880038	0.44582775
9147005	3509	2.5369124	1.394338
9147005	3510	2.13652	1.6563478
9147005	3511	2.0382419	1.8938115
9147005	3512	2.391673	1.5255527
9147005	3513	2.6228228	1.3351718
9147005	3514	3.0588455	0.9253094
9147005	3515	3.0022259	0.9923192
9147005	3516	2.4407907	1.5722482
9147005	3517	2.46563	1.2992562
9147005	3518	2.6855726	1.1931893
9147005	3519	2.5808935	1.3124082
9147005	3520	2.3958845	1.4764736
9147005	3521	2.4258208	1.4261824
9147005	3522	2.5400796	1.3573374
9147005	3523	2.4597926	1.3903836
9147005	3524	2.4774303	1.0520014
9147005	3525	2.49656	1.1908522
9147005	3526	2.6036434	1.1135242
9147005	3527	2.5754561	1.1504135
9147005	3528	2.663979	1.0912039
9147005	3529	2.510038	1.2199401
9147005	3530	2.5257745	1.2141242
9147005	3531	2.2606983	1.5714755
9147005	3532	2.4387388	1.1572753
9147005	3533	2.6843638	0.9846215
9147005	3534	2.5451508	1.1044168
9147005	3535	3.03085	0.7509185
9147005	3536	2.9657865	0.8188906
9147005	3537	2.9071136	0.8673072
9147005	3538	2.8608408	0.9089501
9147005	3539	2.8451529	0.908906
9147005	3540	2.8227973	0.9380063
9147005	3541	2.6080375	1.1112155
9147005	3542	2.8521452	1.029018
9147005	3543	2.684094	1.0879953
9147005	3544	2.67971	1.0704044
9147005	3545	2.6505327	1.1094745
9147005	3546	2.6764193	1.0826494
9147005	3547	2.6568255	1.0952625
9147005	3548	2.6795373	1.0834208
9147005	3549	2.6771855	1.0878342
9147005	3550	2.6667795	1.0982517
9147005	3551	2.6260848	1.1089933
9147005	3552	2.7595282	1.0062292
9147005	3553	2.8609114	0.9285871
9147005	3554	2.8428106	0.9475844
9147005	3555	2.8302283	0.95363
9147005	3556	2.816905	0.9527191
9147005	3557	2.652175	1.110999
9147005	3558	2.6953459	1.07527
9147005	3559	2.8539648	0.9369278
9147005	3560	2.7534342	1.0374197
9147005	3561	2.6371455	1.106587
9147005	3562	2.2850475	1.4013479
9147005	3563	2.5365915	1.3105778
9147005	3564	2.2322712	1.5273341
9147005	3565	2.0155735	1.6315868
9147005	3566	2.1753263	1.3905216
9147005	3567	2.3166704	1.323176
9147005	3568	2.4987383	1.2236038
9147005	3569	2.652544	1.087764
9147005	3570	2.577764	1.1883907
9147005	3571	2.5368633	1.2079922
9147005	3572	2.8070273	1.0747507
9147005	3573	3.5394425	-1.5006455
9147005	3574	2.5814981	-0.9672878
9147005	3575	2.7231402	-1.1061748
9147005	3576	3.442771	-1.5154535
9147005	3577	3.3067403	-1.4872584
9147005	3578	3.3982568	-1.5602584
9147005	3579	3.012772	-0.1242705
9147005	3580	3.350419	-0.5730783
9147005	3581	4.248926	-1.0350928
9147005	3582	3.8655052	-0.62710464
9147005	3583	3.3907375	-0.19060183
9147005	3584	3.6982427	-0.6552273
9147005	3585	4.979369	-1.5830905
9147005	3586	4.806189	-1.2556647
9147005	3587	5.1936283	-1.5539894
9147005	3588	5.5207343	-1.7590266
9147005	3589	4.9844227	-2.862178
9147005	3590	4.2369084	-2.4661438
9147005	3591	4.0727386	-2.315721
9147005	3592	4.1803665	-2.3451154
9147005	3593	3.6038623	-1.9416735
9147005	3594	4.152733	-2.3363624
9147005	3595	4.4027214	-2.3847518
9147005	3596	4.3610973	-2.3422852
9147005	3597	3.325945	-0.36061814
9147005	3598	3.1500835	-0.16633281
9147005	3599	3.0495496	0.054766923
9147005	3600	3.0596118	-0.06942612
9147005	3601	3.1964278	-0.15163723
9147005	3602	3.5860357	-0.50863785
9147005	3603	4.1077332	-0.87801385
9147005	3604	2.714014	0.30649814
9147005	3605	2.237414	0.79345274
9147005	3606	2.3289928	0.6492624
9147005	3607	2.5202556	0.5174645
9147005	3608	2.6527896	0.43866768
9147005	3609	3.3913727	-0.21082966
9147005	3610	3.1998415	0.061546117
9147005	3611	3.5760655	-0.34265321
9147005	3612	3.8801298	-0.58113223
9147005	3613	3.3499198	-0.03712547
9147005	3614	3.1588244	-0.08627835
9147005	3615	3.322456	-0.07055029
9147005	3616	3.136971	0.050087065
9147005	3617	3.1301084	0.042036444
9147005	3618	3.0908122	0.13248983
9147005	3619	3.0485868	0.1416587
9147005	3620	3.040783	0.19187865
9147005	3621	3.0081692	0.21625325
9147005	3622	3.659556	-0.33529156
9147005	3623	3.4749174	-0.08897686
9147005	3624	3.4662018	-0.1008884
9147005	3625	2.7370644	0.46935686
9147005	3626	3.0389876	0.25174662
9147005	3627	3.0227475	0.30528566
9147005	3628	2.8928776	0.37252185
9147005	3629	2.9016004	0.5097784
9147005	3630	2.8634448	0.45305285
9147005	3631	2.75133	0.3937349
9147005	3632	2.82093	0.42366615
9147005	3633	2.8230605	0.4175789
9147005	3634	3.0707903	0.28531125
9147005	3635	3.0286913	0.1391429
9147005	3636	3.585917	-0.121792525
9147005	3637	3.634369	-0.16853622
9147005	3638	2.4645047	0.73291576
9147005	3639	3.1089807	0.25746408
9147005	3640	3.1029286	0.31084475
9147005	3641	3.0756974	0.34977594
9147005	3642	3.026794	0.36271915
9147005	3643	3.0303774	0.3893881
9147005	3644	3.011619	0.4203879
9147005	3645	3.2284503	0.29747787
9147005	3646	3.2128038	0.3070509
9147005	3647	3.063662	0.5280113
9147005	3648	3.058588	0.47612342
9147005	3649	3.1312861	0.46443692
9147005	3650	2.76053	0.8485811
9147005	3651	3.2520113	0.2952675
9147005	3652	3.1133761	0.59374845
9147005	3653	3.4224553	0.29346344
9147005	3654	3.6734567	0.085978955
9147005	3655	3.5803747	0.25054124
9147005	3656	3.63667	0.123921245
9147005	3657	3.7286892	0.03984317
9147005	3658	3.8901758	-0.11931217
9147005	3659	4.00122	-0.14817846
9147005	3660	3.795226	0.026934683
9147005	3661	3.9318252	-0.29761177
9147005	3662	3.8204827	-0.05647105
9147005	3663	3.5767365	0.077233344
9147005	3664	3.5971885	0.07016817
9147005	3665	3.8493242	-0.16421369
9147005	3666	3.5675392	-0.023493648
9147005	3667	3.4300628	0.10950801
9147005	3668	3.743074	-0.14832631
9147005	3669	3.2071362	0.43701634
9147005	3670	2.967558	0.5514662
9147005	3671	2.820848	0.7334708
9147005	3672	2.895319	0.6405926
9147005	3673	3.0078597	0.5504941
9147005	3674	3.1079197	0.3514131
9147005	3675	3.1791024	0.41169938
9147005	3676	3.1466289	0.39794913
9147005	3677	3.2071042	0.29170612
9147005	3678	3.8497038	-0.2488551
9147005	3679	3.45782	0.18937781
9147005	3680	3.6960416	-0.07754946
9147005	3681	3.676559	-0.07178196
9147005	3682	3.6331272	0.068243474
9147005	3683	3.5064626	0.006170213
9147005	3684	3.3933372	0.1682894
9147005	3685	3.281631	0.29957464
9147005	3686	3.306817	0.14483747
9147005	3687	3.0308456	0.65409434
9147005	3688	2.7946463	0.7502562
9147005	3689	2.6479378	0.90639234
9147005	3690	2.7563105	0.7646754
9147005	3691	2.3492088	1.079573
9147005	3692	2.454495	0.9432709
9147005	3693	2.5388703	0.9147625
9147005	3694	2.6385756	0.8828862
9147005	3695	2.5475345	1.0774287
9147005	3696	2.6158485	1.0005658
9147005	3697	1.7252971	1.9176402
9147005	3698	2.2142258	1.697298
9147005	3699	1.5527331	2.1508818
9147005	3700	1.7857054	1.9901497
9147005	3701	1.7598919	1.9183917
9147005	3702	1.1529503	2.5911055
9147005	3703	1.6548544	2.0558147
9147005	3704	1.4418248	2.0790966
9147005	3705	1.9977707	1.7197912
9147005	3706	3.1010566	0.730819
9147005	3707	3.780846	0.120268375
9147005	3708	3.9633107	-0.01403138
9147005	3709	2.934496	0.7273476
9147005	3710	2.810422	0.7895788
9147005	3711	2.8080044	0.7866701
9147005	3712	2.7153568	0.81560946
9147005	3713	2.5869746	0.9397186
9147005	3714	2.3501267	1.1658853
9147005	3715	2.4332457	1.0443966
9147005	3716	2.5617952	1.1206558
9147005	3717	2.4027996	1.1661288
9147005	3718	2.4603438	1.0140495
9147005	3719	2.5804815	0.9784287
9147005	3720	2.3845692	1.2697822
9147005	3721	2.3013258	1.1427193
9147005	3722	2.1888013	1.1502596
9147005	3723	2.686483	0.8291545
9147005	3724	2.7848568	0.73497427
9147005	3725	2.8543358	0.6973146
9147005	3726	2.9351144	0.5923773
9147005	3727	2.8884258	0.6531328
9147005	3728	2.8912354	0.6094073
9147005	3729	2.8443046	0.51869
9147005	3730	3.4232392	0.07423505
9147005	3731	3.3570623	0.20532653
9147005	3732	3.182147	0.3527489
9147005	3733	3.295556	0.22513744
9147005	3734	3.23743	0.44503465
9147005	3735	2.9516363	0.5734874
9147005	3736	2.1472387	-0.5214111
9147005	3737	1.3685589	0.052300423
9147005	3738	1.3979989	1.934859
9147005	3739	1.1249808	2.1529825
9147005	3740	0.97913027	2.181523
9147005	3741	1.0881063	2.1150012
9147005	3742	1.0440694	2.2159233
9147005	3743	0.96258974	2.3777568
9147005	3744	0.9521569	2.4602318
9147005	3745	0.89836836	2.5113802
9147005	3746	0.90272534	2.5398304
9147005	3747	0.7963507	2.6225429
9147005	3748	0.80336	2.4789248
9147005	3749	0.9133682	2.461512
9147005	3750	0.9238335	2.7722082
9147005	3751	0.9094938	2.523002
9147005	3752	0.7806107	2.4632568
9147005	3753	0.42084098	1.0242579
9147005	3754	0.32909155	0.7354102
9147005	3755	2.3091578	0.88532436
9147005	3756	1.9511019	1.2359751
9147005	3757	1.9683777	1.0633637
9147005	3758	1.9312583	0.9720253
9147005	3759	2.1672878	0.7495688
9147005	3760	2.2336445	0.69163954
9147005	3761	2.3306785	0.67945933
9147005	3762	2.4106998	0.806298
9147005	3763	2.6568108	0.6050848
9147005	3764	3.0942726	0.16897318
9147005	3765	2.6319408	0.5499536
9147005	3766	3.0387702	0.28878042
9147005	3767	3.1376238	0.3622463
9147005	3768	2.9281244	0.5344466
9147005	3769	2.1540713	0.99083114
9147005	3770	2.6549401	0.5555295
9147005	3771	2.2907085	0.9718337
9147005	3772	2.5725746	0.6380502
9147005	3773	2.3630118	0.91181755
9147005	3774	2.2553906	0.8845165
9147005	3775	2.0618572	1.0647154
9147005	3776	1.9694356	1.0690551
9147005	3777	2.0329986	1.0806291
9147005	3778	2.0914388	1.1153247
9147005	3779	1.8235642	1.2881196
9147005	3780	2.4383411	0.79767907
9147005	3781	2.258109	1.0130335
9147005	3782	2.0598826	1.0714333
9147005	3783	2.6056948	0.66042864
9147005	3784	2.4543643	0.81019056
9147005	3785	2.4418392	0.7469101
9147005	3786	2.4405174	0.803486
9147005	3787	2.5296664	0.7177572
9147005	3788	2.558352	0.7002232
9147005	3789	2.3807902	0.91083634
9147005	3790	2.273871	0.8963866
9147005	3791	2.668219	0.67638135
9147005	3792	2.4933758	0.8285805
9147005	3793	2.5185232	0.77315223
9147005	3794	2.4738007	0.87732434
9147005	3795	2.3377347	0.9076729
9147005	3796	2.1170354	1.0743448
9147005	3797	2.4269047	0.8516127
9147005	3798	2.1653705	0.9801042
9147005	3799	2.6549902	0.68707883
9147005	3800	2.4329429	0.86876106
9147005	3801	2.3907466	0.844803
9147005	3802	2.4037914	0.8725302
9147005	3803	2.3617702	0.87303746
9147005	3804	2.5748057	0.789304
9147005	3805	2.4544597	0.79558873
9147005	3806	2.292469	0.9278617
9147005	3807	2.2924027	0.9326074
9147005	3808	2.061737	1.123921
9147005	3809	2.4973803	0.7470354
9147005	3810	2.3292031	0.97901094
9147005	3811	2.2258115	1.0926856
9147005	3812	2.2446704	1.0582069
9147005	3813	2.2942462	0.993356
9147005	3814	1.9903613	1.1521114
9147005	3815	2.2859397	0.92512774
9147005	3816	2.2407775	0.9710736
9147005	3817	2.4032993	0.7952877
9147005	3818	2.5491953	0.7926247
9147005	3819	2.3850088	0.95760274
9147005	3820	2.5549936	0.6902158
9147005	3821	2.9476204	0.45982125
9147005	3822	3.2173052	0.26591846
9147005	3823	3.256373	0.2936248
9147005	3824	2.8585024	0.5599184
9147005	3825	3.0208893	0.46179244
9147005	3826	2.9799337	0.4702727
9147005	3827	2.7378573	0.58762085
9147005	3828	2.804222	0.5391995
9147005	3829	2.7960443	0.5240691
9147005	3830	2.5995631	0.6452286
9147005	3831	2.2988367	0.9121622
9147005	3832	2.1073828	1.0600625
9147005	3833	2.401672	0.96815693
9147005	3834	2.2375793	0.9463291
9147005	3835	2.9045563	0.5703105
9147005	3836	2.9801097	0.2675654
9147005	3837	2.9705892	0.45692208
9147005	3838	2.872087	0.51093817
9147005	3839	2.8587594	0.51017344
9147005	3840	2.9071841	0.47456482
9147005	3841	2.904101	0.49469092
9147005	3842	2.8018198	0.5566217
9147005	3843	2.6178508	0.6265385
9147005	3844	2.9057202	0.48289523
9147005	3845	2.5524898	0.5960665
9147005	3846	2.9029055	0.57223666
9147005	3847	2.8505397	0.5095451
9147005	3848	2.3009596	1.0010076
9147005	3849	2.43933	0.7941115
9147005	3850	2.4772186	0.847664
9147005	3851	2.219242	0.95925546
9147005	3852	2.584959	0.69991386
9147005	3853	2.6545377	0.7028197
9147005	3854	2.7443519	0.61781263
9147005	3855	2.6248603	0.760669
9147005	3856	2.3129601	0.83973193
9147005	3857	2.8505054	0.5326724
9147005	3858	2.7062316	0.6578281
9147005	3859	2.5217538	0.6794765
9147005	3860	2.4700284	0.74560976
9147005	3861	2.8789124	0.523823
9147005	3862	2.8859487	0.461647
9147005	3863	2.8956184	0.4022744
9147005	3864	3.2802215	0.1497725
9147005	3865	3.1106	0.35613212
9147005	3866	3.1130013	0.322507
9147005	3867	3.0607953	0.4043561
9147005	3868	2.9577165	0.4727563
9147005	3869	2.870103	0.5428536
9147005	3870	3.1591978	0.29353127
9147005	3871	2.8692617	0.6022668
9147005	3872	2.7162042	0.69005585
9147005	3873	2.7864223	0.6354407
9147005	3874	2.880137	0.5903876
9147005	3875	3.0060253	0.556093
9147005	3876	2.6378841	0.7651266
9147005	3877	2.8856273	0.5189706
9147005	3878	3.5649185	0.021080256
9147005	3879	2.1758728	1.1990765
9147005	3880	2.3403955	1.0927039
9147005	3881	2.226612	1.2380587
9147005	3882	2.6671085	0.60227334
9147005	3883	2.9728184	-0.934912
9147005	3884	2.133367	-1.3651505
9147005	3885	2.958519	-2.0593348
9147005	3886	2.4806857	-1.6908469
9147005	3887	1.5939049	-0.1432729
9147005	3888	1.7314044	-0.07459292
9147005	3889	1.5534242	0.018786162
9147005	3890	1.5137991	-0.0004801154
9147005	3891	1.4702593	0.078309685
9147005	3892	1.9627825	-0.466232
9147005	3893	1.3530998	0.25836226
9147005	3894	0.9284508	0.31293997
9147005	3895	0.8923733	0.35705414
9147005	3896	0.83726823	0.4450833
9147005	3897	0.79164565	0.48893175
9147005	3898	0.7573662	0.46914706
9147005	3899	1.1133937	0.011075795
9147005	3900	1.3439173	-0.11739811
9147005	3901	2.5768032	0.12565383
9147005	3902	2.9738622	0.17986163
9147005	3903	2.4557548	0.4932333
9147005	3904	2.487298	0.3996103
9147005	3905	2.418827	0.42410085
9147005	3906	3.149333	-0.04044959
9147005	3907	2.8146787	0.39080933
9147005	3908	2.7275305	0.44632033
9147005	3909	2.8063211	0.32054326
9147005	3910	2.153307	1.0243423
9147005	3911	2.5698543	-1.1730748
9147005	3912	2.0666666	-0.9012673
9147005	3913	1.89967	0.8505671
9147005	3914	1.7574428	1.0789853
9147005	3915	1.6623842	1.2746878
9147005	3916	1.5473052	1.4447128
9147005	3917	1.755088	1.2324226
9147005	3918	2.1730018	1.0171363
9147005	3919	2.0875354	0.8944807
9147005	3920	2.3618488	0.80137825
9147005	3921	2.6048527	0.5373235
9147005	3922	3.2361493	0.107268244
9147005	3923	3.2857733	0.039283007
9147005	3924	3.7953768	-0.26694125
9147005	3925	3.5859604	-0.08723542
9147005	3926	3.7505221	-0.18319169
9147005	3927	2.872499	0.30295512
9147005	3928	2.6437492	0.47295895
9147005	3929	2.3438892	0.66627944
9147005	3930	2.2963066	0.77337754
9147005	3931	1.7269269	1.2447453
9147005	3932	1.8619221	1.2482829
9147005	3933	2.092607	1.0589184
9147005	3934	1.6547672	1.2966883
9147005	3935	1.875374	1.2243816
9147005	3936	1.7373854	1.2983657
9147005	3937	1.9767255	1.1250765
9147005	3938	1.9861547	1.1011355
9147005	3939	2.246519	0.8515421
9147005	3940	2.3606415	0.9805887
9147005	3941	1.8798882	1.1404022
9147005	3942	2.1751509	1.0039951
9147005	3943	2.0697489	1.0720973
9147005	3944	1.8378743	1.1915154
9147005	3945	1.9273688	1.2228409
9147005	3946	1.9640404	1.169048
9147005	3947	2.0676074	0.9731556
9147005	3948	2.3355885	0.8231969
9147005	3949	2.1744556	1.0400348
9147005	3950	2.1384869	1.1416342
9147005	3951	2.0020661	1.1359453
9147005	3952	2.1120515	1.0900173
9147005	3953	1.9440471	1.1561724
9147005	3954	2.0345302	1.1202404
9147005	3955	2.3112435	0.76318777
9147005	3956	2.205409	0.96554637
9147005	3957	1.929377	1.0882186
9147005	3958	2.1652522	1.144723
9147005	3959	1.9025329	1.157422
9147005	3960	2.0813265	1.185156
9147005	3961	1.7428929	1.4124902
9147005	3962	1.4218905	1.5913234
9147005	3963	1.2739309	1.7062161
9147005	3964	1.3137249	1.6997652
9147005	3965	1.4027672	1.7451572
9147005	3966	1.6349066	1.5120077
9147005	3967	1.1117963	2.0289037
9147005	3968	1.2725248	2.011073
9147005	3969	1.3096197	1.9337683
9147005	3970	1.5691177	1.6898999
9147005	3971	1.2932371	1.8224933
9147005	3972	1.4866996	1.4904678
9147005	3973	1.8107764	1.333171
9147005	3974	1.5695833	1.5059252
9147005	3975	1.7482041	1.3824255
9147005	3976	1.4752795	1.6960714
9147005	3977	1.8721505	1.4455103
9147005	3978	1.3487195	1.8257692
9147005	3979	1.2913702	2.1100006
9147005	3980	1.2965155	1.9117947
9147005	3981	1.5789188	1.7676077
9147005	3982	1.4582859	1.8670912
9147005	3983	1.5301734	1.8378193
9147005	3984	1.4021217	1.8695827
9147005	3985	1.6929816	1.6247373
9147005	3986	1.628399	1.6857922
9147005	3987	1.6502994	1.7186582
9147005	3988	1.6313187	1.7947361
9147005	3989	1.5640308	1.7762332
9147005	3990	1.4844973	1.8687713
9147005	3991	1.482299	1.9221463
9147005	3992	1.3787754	1.9859757
9147005	3993	1.4074501	1.9840176
9147005	3994	1.4413576	1.8552687
9147005	3995	1.4554408	1.894413
9147005	3996	1.7154063	1.7109106
9147005	3997	1.6524357	1.7825668
9147005	3998	1.5869089	1.8271172
9147005	3999	1.5452689	1.8294125
9147005	4000	1.6481115	1.7689869
9147005	4001	1.7333788	1.6150601
9147005	4002	2.0711093	1.6276703
9147005	4003	1.635579	1.7333982
9147005	4004	1.7189096	1.7457685
9147005	4005	1.3268828	1.976821
9147005	4006	1.5513827	1.8803098
9147005	4007	1.3841424	2.0395179
9147005	4008	1.2579434	2.0871928
9147005	4009	0.8959708	2.3767276
9147005	4010	0.91114676	2.3534636
9147005	4011	1.1800455	2.11651
9147005	4012	1.2031128	2.1648178
9147005	4013	1.1312922	2.2877994
9147005	4014	1.1031983	2.3432217
9147005	4015	1.159982	2.3147602
9147005	4016	0.99456275	2.3920705
9147005	4017	1.2582563	2.1839547
9147005	4018	0.8202816	2.6322746
9147005	4019	0.284172	3.4352517
9147005	4020	0.1035921	3.5456488
9147005	4021	0.10046208	3.5231535
9147005	4022	0.1008597	3.448247
9147005	4023	0.42293048	3.2201402
9147005	4024	0.5245799	3.0412388
9147005	4025	0.4074152	3.1691053
9147005	4026	0.42328364	3.0865297
9147005	4027	0.6201247	2.9568431
9147005	4028	0.77412224	2.7659318
9147005	4029	0.34925646	3.1976907
9147005	4030	0.43918008	3.1458387
9147005	4031	0.60113215	3.0811074
9147005	4032	0.5143552	1.3741014
9147005	4033	0.41325474	0.93204176
9147005	4034	0.32911485	1.0391005
9147005	4035	0.39166892	0.85137224
9147005	4036	0.43116212	0.7474513
9147005	4037	0.3887201	0.8370489
9147005	4038	0.24719322	0.9933492
9147005	4039	0.91192055	1.8082731
9147005	4040	0.9174123	2.287755
9147005	4041	0.93979275	2.2688286
9147005	4042	0.9919107	2.3100226
9147005	4043	0.74244463	2.761746
9147005	4044	1.6639706	2.3025815
9147005	4045	0.6961963	0.8393438
9147005	4046	0.13012904	1.1231717
9147005	4047	0.27142608	0.7629075
9147005	4048	0.48601913	2.2711625
9147005	4049	0.86088026	2.5180113
9147005	4050	0.57761645	2.900451
9147005	4051	1.378551	2.390806
9147005	4052	0.993572	2.647804
9147005	4053	0.9058877	2.803656
9147005	4054	1.6328162	2.366854
9147005	4055	1.1624806	2.5960155
9147005	4056	1.7087063	2.4003568
9147005	4057	1.202215	2.6960714
9147005	4058	1.7015649	2.399732
9147005	4059	1.092806	2.8112376
9147005	4060	1.8658389	2.338368
9147005	4061	2.4730787	1.7208018
9147005	4062	3.2112193	1.2207266
9147005	4063	2.6736078	1.7785976
9147005	4064	1.1231712	0.6011889
9147005	4065	1.051554	2.0978785
9147005	4066	1.6633962	2.098306
9147005	4067	1.1006091	2.8994303
9147005	4068	1.9762384	2.410704
9147005	4069	1.9076754	0.24720135
9147005	4070	2.550664	-0.10986757
9147005	4071	2.3079448	1.5653152
9147005	4072	2.863284	1.8345363
9147005	4073	2.571447	-0.46851435
9147005	4074	1.9749471	1.863503
9147005	4075	2.5997648	2.083758
9147005	4076	2.268365	-0.16712981
9147005	4077	1.4157156	1.9600434
9147005	4078	2.2914152	1.8320696
9147005	4079	2.062307	2.3112023
9147005	4080	2.1743011	2.3469944
9147005	4081	2.332912	2.227708
9147005	4082	1.5625454	2.6811872
9147005	4083	2.1484385	2.3362975
9147005	4084	2.8627262	1.6752443
9147005	4085	3.4861197	1.4254835
9147005	4086	3.2900271	1.1947355
9147005	4087	3.809217	0.97617376
9147005	4088	3.649777	1.0316373
9147005	4089	4.3795657	0.6521952
9147005	4090	4.7292852	0.46223614
9147005	4091	4.6718388	0.4758061
9147005	4092	4.5641994	0.51852596
9147005	4093	4.658494	0.48110846
9147005	4094	4.535707	0.5122632
9147005	4095	4.770349	0.3979614
9147005	4096	4.4734035	0.5067024
9147005	4097	3.1058602	-0.8848704
9147005	4098	3.3441262	-1.0528098
9147005	4099	2.6933408	-0.5498112
9147005	4100	2.1090536	-0.17756218
9147005	4101	2.570324	1.1342065
9147005	4102	3.0735707	1.4796629
9147005	4103	2.895011	1.6172643
9147005	4104	2.9652267	1.4479005
9147005	4105	3.4743485	1.2345829
9147005	4106	2.1813664	0.052039295
9147005	4107	1.7535559	0.089651555
9147005	4108	1.8718461	1.592891
9147005	4109	1.7158478	2.1583717
9147005	4110	2.736061	1.5736573
9147005	4111	2.653006	1.4861727
9147005	4112	3.6721635	0.98476875
9147005	4113	3.340427	1.04988
9147005	4114	2.465558	1.6523678
9147005	4115	3.264863	1.3450285
9147005	4116	2.2134156	1.9512546
9147005	4117	3.5351582	1.2443755
9147005	4118	3.3770704	1.3100048
9147005	4119	3.2508159	1.4003056
9147005	4120	2.8767424	1.4610226
9147005	4121	2.0237112	2.0117338
9147005	4122	2.8542676	1.6826897
9147005	4123	2.661613	1.5348923
9147005	4124	2.981686	1.5301889
9147005	4125	1.6846269	0.26103982
9147005	4126	1.2059015	1.896693
9147005	4127	2.3072777	1.6729805
9147005	4128	2.4758744	1.7617276
9147005	4129	2.450118	1.9365408
9147005	4130	1.50238	2.605954
9147005	4131	2.5254807	2.0134413
9147005	4132	2.257946	2.105474
9147005	4133	2.3950276	2.1019251
9147005	4134	3.1985955	1.423793
9147005	4135	2.6431007	1.7381194
9147005	4136	2.4615765	1.8767748
9147005	4137	2.929789	1.6974881
9147005	4138	3.134141	1.2662206
9147005	4139	1.8717531	0.09342131
9147005	4140	1.1689264	1.9574924
9147005	4141	1.4259174	2.3364697
9147005	4142	1.0066143	2.9090338
9147005	4143	2.0855036	2.113076
9147005	4144	1.365117	2.656899
9147005	4145	0.65013504	3.5296621
9147005	4146	0.78479743	3.4625444
9147005	4147	1.7188629	2.7121563
9147005	4148	3.144956	1.3777817
9147005	4149	3.7631369	0.92467356
9147005	4150	5.066762	0.19259474
9147005	4151	5.149178	0.21430776
9147005	4152	5.021005	0.147073
9147005	4153	4.5123897	0.43848935
9147005	4154	3.76236	0.7692512
9147005	4155	3.2370696	0.9578291
9147005	4156	3.2763233	0.84460795
9147005	4157	3.0436993	1.0432731
9147005	4158	2.8404102	1.1714504
9147005	4159	2.678719	1.2105008
9147005	4160	2.7612395	1.1710415
9147005	4161	2.7067733	1.1909666
9147005	4162	2.7040658	1.1896105
9147005	4163	2.6990561	1.1738724
9147005	4164	2.0273705	1.8204229
9147005	4165	2.9069486	1.3335001
9147005	4166	2.9376497	1.1727629
9147005	4167	3.284906	1.071959
9147005	4168	3.588225	0.8571634
9147005	4169	2.9561157	1.3673366
9147005	4170	3.5040812	0.9960418
9147005	4171	3.8358788	0.7362634
9147005	4172	3.4727721	0.88694346
9147005	4173	2.261775	1.6829741
9147005	4174	2.054933	1.9234796
9147005	4175	2.8810968	1.3133153
9147005	4176	2.2294173	1.7987859
9147005	4177	1.821149	2.2062943
9147005	4178	2.0358944	1.8305678
9147005	4179	2.5470557	1.4865571
9147005	4180	2.0280318	1.9649138
9147005	4181	1.7845615	2.2552788
9147005	4182	2.5023189	1.6483676
9147005	4183	2.3189135	1.6146963
9147005	4184	2.7558303	1.460606
9147005	4185	2.4673667	1.7570715
9147005	4186	2.9813795	1.3291268
9147005	4187	2.773087	1.3240467
9147005	4188	2.5365863	1.3458294
9147005	4189	2.274623	1.5707507
9147005	4190	3.2634277	1.0466541
9147005	4191	3.8441634	0.67377007
9147005	4192	5.7568507	-0.7947965
9147005	4193	6.0789657	-0.58
9147005	4194	6.1760097	-0.6289174
9147005	4195	6.919222	-1.0951616
9147005	4196	6.6877728	-1.1020463
9147005	4197	6.4424787	-0.77932566
9147005	4198	6.886967	-1.2373297
9147005	4199	5.26973	-2.016417
9147005	4200	5.294309	-2.2073803
9147005	4201	4.4513183	-1.8096632
9147005	4202	4.713571	-2.2423398
9147005	4203	4.3138075	-1.6506661
9147005	4204	4.285484	-0.8624443
9147005	4205	4.224716	-0.33834523
9147005	4206	4.950633	-1.0850148
9147005	4207	4.607562	-0.4666923
9147005	4208	4.6569624	-0.6108515
9147005	4209	4.5628514	-0.50407434
9147005	4210	4.419879	-0.4645335
9147005	4211	5.016257	-1.1172299
9147005	4212	4.534026	-0.39742672
9147005	4213	4.5823264	-0.61907446
9147005	4214	5.102327	-1.092461
9147005	4215	4.531592	-0.3419193
9147005	4216	4.7143693	-0.71068
9147005	4217	4.531923	-0.51961917
9147005	4218	4.787934	-0.67687696
9147005	4219	4.7835746	-0.6863406
9147005	4220	4.5166287	-0.410806
9147005	4221	4.710123	-0.7549661
9147005	4222	4.538698	-0.5094373
9147005	4223	4.2940364	-0.26808366
9147005	4224	4.5230675	-0.6225258
9147005	4225	4.364119	-0.4480221
9147005	4226	4.1516414	-0.18487674
9147005	4227	4.2594924	-0.038905323
9147005	4228	4.406915	-0.13299939
9147005	4229	4.172037	-0.09914833
9147005	4230	4.0297365	0.049915582
9147005	4231	4.073891	0.039028287
9147005	4232	4.172078	-0.16082662
9147005	4233	4.4774094	-0.44116375
9147005	4234	3.5277166	0.40543804
9147005	4235	3.91581	-0.22853592
9147005	4236	4.0533905	0.19476381
9147005	4237	4.206054	-0.06327155
9147005	4238	4.0486703	0.10977265
9147005	4239	4.051427	0.048768193
9147005	4240	4.0677304	0.0135059655
9147005	4241	4.157407	-0.0488275
9147005	4242	3.945846	0.3784043
9147005	4243	4.02393	0.28263566
9147005	4244	3.743599	0.5262637
9147005	4245	3.8755703	0.32721457
9147005	4246	3.5061822	0.73176026
9147005	4247	4.0495844	0.1683937
9147005	4248	4.0236588	0.28156212
9147005	4249	4.212539	0.11122224
9147005	4250	3.9827614	0.44106588
9147005	4251	4.269243	0.12111619
9147005	4252	4.659434	-0.23651631
9147005	4253	5.0703545	-0.5379178
9147005	4254	4.654762	-0.13933891
9147005	4255	4.8904433	-0.36450136
9147005	4256	5.125436	-0.599157
9147005	4257	4.8360753	-0.1620673
9147005	4258	4.7158155	-0.3213989
9147005	4259	4.411191	0.12123993
9147005	4260	4.209166	0.26868764
9147005	4261	4.214495	0.18661425
9147005	4262	3.977337	0.46327242
9147005	4263	4.6399097	-0.9629829
9147005	4264	5.1056986	-0.97306013
9147005	4265	5.1508336	-0.6751642
9147005	4266	4.6118197	-0.23929882
9147005	4267	5.0872836	-0.6397952
9147005	4268	4.7900734	-0.54813606
9147005	4269	4.448163	-0.16039607
9147005	4270	4.529281	-0.25472873
9147005	4271	4.8101406	-0.5253155
9147005	4272	3.866282	0.26786146
9147005	4273	4.1806164	-0.031109989
9147005	4274	4.699935	-0.6962004
9147005	4275	4.755972	-0.70491886
9147005	4276	5.079059	-0.8007977
9147005	4277	4.4615216	-0.36873388
9147005	4278	4.5656962	-0.8297752
9147005	4279	4.7130117	-0.934626
9147005	4280	4.8731093	-1.0304561
9147005	4281	5.543776	-1.4722077
9147005	4282	5.3129125	-1.0556408
9147005	4283	4.7577496	-0.5422597
9147005	4284	4.6353903	-0.42396778
9147005	4285	4.8234997	-0.5954588
9147005	4286	4.681026	-0.484619
9147005	4287	4.954457	-0.7078572
9147005	4288	4.9340324	-0.75326097
9147005	4289	4.902266	-0.65663546
9147005	4290	4.8641224	-0.5358838
9147005	4291	4.987169	-0.574526
9147005	4292	4.874674	-0.61546534
9147005	4293	4.8820105	-0.62245226
9147005	4294	4.905016	-0.6956594
9147005	4295	4.871928	-0.7038041
9147005	4296	4.9354005	-0.83562815
9147005	4297	5.1358333	-0.8332007
9147005	4298	5.169792	-0.9520672
9147005	4299	4.8873224	-0.634027
9147005	4300	5.0789676	-0.9714992
9147005	4301	5.365784	-1.1670401
9147005	4302	5.2356744	-0.88747346
9147005	4303	5.160579	-0.7764644
9147005	4304	5.3329906	-1.0985737
9147005	4305	5.1008415	-0.7008293
9147005	4306	5.1756635	-0.8688441
9147005	4307	5.285405	-0.9349718
9147005	4308	5.6819353	-1.6143705
9147005	4309	6.0915875	-1.6117909
9147005	4310	6.230365	-1.8464957
9147005	4311	6.2656436	-1.8755987
9147005	4312	6.569943	-2.205044
9147005	4313	6.52317	-2.255322
9147005	4314	6.399216	-2.1498163
9147005	4315	6.1827903	-1.8673867
9147005	4316	6.492895	-2.1641183
9147005	4317	6.4937167	-2.2078362
9147005	4318	6.5468116	-2.1676753
9147005	4319	6.683319	-2.3872945
9147005	4320	6.6934133	-2.3538442
9147005	4321	6.602837	-2.3909438
9147005	4322	6.4644437	-2.3090203
9147005	4323	6.475963	-2.3148563
9147005	4324	6.956269	-2.734514
9147005	4325	6.7977734	-2.4868898
9147005	4326	7.238562	-2.9336867
9147005	4327	7.0008154	-2.5640185
9147005	4328	7.2839704	-2.9581046
9147005	4329	7.2811794	-2.8314414
9147005	4330	7.1323476	-2.7334232
9147005	4331	7.1684566	-2.8637717
9147005	4332	6.7055426	-2.4953015
9147005	4333	6.161504	-1.8231139
9147005	4334	6.4051027	-2.0793412
9147005	4335	6.0649285	-1.8023472
9147005	4336	6.110935	-1.733323
9147005	4337	6.3055534	-1.9548072
9147005	4338	6.4892197	-2.161078
9147005	4339	5.988703	-1.6612012
9147005	4340	6.077593	-1.7165934
9147005	4341	6.0782275	-1.6682118
9147005	4342	5.895042	-1.4045585
9147005	4343	5.902998	-1.4539541
9147005	4344	5.979401	-1.4099966
9147005	4345	6.1609406	-1.629458
9147005	4346	6.1083984	-1.5496244
9147005	4347	6.2308865	-1.5782428
9147005	4348	6.1507597	-1.5288137
9147005	4349	5.8930426	-1.2126489
9147005	4350	6.3327155	-1.9387183
9147005	4351	6.436892	-2.031249
9147005	4352	6.500383	-2.0187051
9147005	4353	5.990337	-1.6284121
9147005	4354	6.206728	-1.8170599
9147005	4355	6.2463474	-1.8478377
9147005	4356	6.8433046	-2.354187
9147005	4357	6.671384	-2.092979
9147005	4358	6.183601	-1.5506755
9147005	4359	6.443634	-1.745953
9147005	4360	6.4142046	-1.8081691
9147005	4361	6.3139386	-1.7399914
9147005	4362	5.898463	-1.3797333
9147005	4363	5.7836018	-1.346116
9147005	4364	6.290347	-1.8930578
9147005	4365	6.3552303	-1.8532463
9147005	4366	6.497757	-1.7488323
9147005	4367	6.106294	-1.5348245
9147005	4368	6.299074	-1.7097247
9147005	4369	5.8471293	-1.4117309
9147005	4370	5.8655043	-1.3891569
9147005	4371	5.7825775	-1.3281287
9147005	4372	5.799025	-1.3356023
9147005	4373	6.2056904	-1.7416327
9147005	4374	6.718142	-2.1577885
9147005	4375	6.896024	-2.0879169
9147005	4376	6.899962	-2.1780972
9147005	4377	6.4749327	-1.7941229
9147005	4378	6.5185156	-1.9532229
9147005	4379	6.7817593	-2.2003715
9147005	4380	6.8346148	-2.1666098
9147005	4381	7.0160747	-2.309904
9147005	4382	6.955474	-2.291594
9147005	4383	7.222979	-2.4594514
9147005	4384	7.153938	-2.3686585
9147005	4385	7.2321844	-2.393993
9147005	4386	7.0674424	-2.2588584
9147005	4387	7.04636	-2.283611
9147005	4388	6.7691665	-2.0158167
9147005	4389	6.4255185	-1.7678931
9147005	4390	6.305752	-1.7122471
9147005	4391	6.195146	-1.6018298
9147005	4392	6.0815167	-1.5245922
9147005	4393	6.0385275	-1.4846882
9147005	4394	5.9621077	-1.406749
9147005	4395	5.867556	-1.4189988
9147005	4396	5.8387504	-1.4121658
9147005	4397	5.6843824	-1.3870037
9147005	4398	5.680059	-1.3396112
9147005	4399	5.71355	-1.2883604
9147005	4400	5.6803904	-1.2694808
9147005	4401	5.6716747	-1.2432657
9147005	4402	5.6485515	-1.24119
9147005	4403	5.620005	-1.2929808
9147005	4404	6.2283726	-1.9063565
9147005	4405	6.2718277	-1.8567553
9147005	4406	6.3114505	-1.8314878
9147005	4407	6.4022355	-1.9439214
9147005	4408	6.577771	-2.007526
9147005	4409	6.021651	-1.6461961
9147005	4410	5.981632	-1.625714
9147005	4411	6.2598805	-1.8799497
9147005	4412	6.070579	-1.7539474
9147005	4413	6.128398	-1.7291521
9147005	4414	6.2802114	-1.8205949
9147005	4415	6.3943133	-1.9384407
9147005	4416	6.162081	-1.7806058
9147005	4417	5.9716134	-1.5646844
9147005	4418	6.4596853	-2.131654
9147005	4419	6.658105	-2.2256134
9147005	4420	6.792597	-2.1899095
9147005	4421	6.456596	-1.9196644
9147005	4422	6.1590843	-1.6844293
9147005	4423	6.180143	-1.7610085
9147005	4424	6.508973	-2.091596
9147005	4425	6.850987	-2.2463088
9147005	4426	6.6751003	-2.1390522
9147005	4427	6.662806	-2.046881
9147005	4428	6.7370057	-2.0939827
9147005	4429	7.005188	-2.3085327
9147005	4430	6.8366585	-2.083603
9147005	4431	6.5940614	-1.9519792
9147005	4432	6.497051	-2.939166
9147005	4433	5.558131	-1.2417239
9147005	4434	5.2207766	-1.1857212
9147005	4435	5.1976466	-1.008041
9147005	4436	5.134631	-1.0854903
9147005	4437	5.24143	-1.1147158
9147005	4438	5.2157907	-1.0013477
9147005	4439	5.1982956	-1.0549325
9147005	4440	5.306273	-1.1624074
9147005	4441	5.517777	-1.291464
9147005	4442	5.3282514	-1.1423107
9147005	4443	5.2380505	-1.1666278
9147005	4444	5.082805	-1.0316858
9147005	4445	5.026791	-1.0013833
9147005	4446	5.003553	-0.95458055
9147005	4447	4.9552383	-0.9410279
9147005	4448	4.7949557	-0.78627586
9147005	4449	4.9362	-0.8636018
9147005	4450	4.6790514	-0.6148182
9147005	4451	4.9104385	-0.9446912
9147005	4452	4.852358	-0.83592695
9147005	4453	4.8055077	-0.8196469
9147005	4454	5.185818	-1.1714566
9147005	4455	5.119963	-1.0541862
9147005	4456	4.910202	-0.8313072
9147005	4457	4.7822404	-0.7278129
9147005	4458	4.810379	-0.7911923
9147005	4459	5.1586585	-1.0670592
9147005	4460	4.713344	-0.74889386
9147005	4461	4.6061373	-0.5097169
9147005	4462	4.804546	-0.7709634
9147005	4463	4.7756524	-0.69281435
9147005	4464	4.7916636	-0.716058
9147005	4465	5.05028	-0.88787407
9147005	4466	5.231273	-0.9934685
9147005	4467	5.0955534	-0.8040941
9147005	4468	5.11456	-0.9110553
9147005	4469	5.04656	-0.783242
9147005	4470	4.9847217	-0.8211446
9147005	4471	5.4017496	-1.1359522
9147005	4472	5.645656	-1.3868942
9147005	4473	5.068259	-0.87864995
9147005	4474	5.215684	-0.94922924
9147005	4475	5.202703	-0.9668516
9147005	4476	5.3566093	-0.96489656
9147005	4477	5.088532	-0.8101961
9147005	4478	5.2434897	-0.99219894
9147005	4479	5.1527653	-0.8566559
9147005	4480	5.1918397	-0.92854536
9147005	4481	5.369538	-1.0048757
9147005	4482	5.062609	-0.70458055
9147005	4483	4.773222	-0.36806217
9147005	4484	4.7776	-0.45627728
9147005	4485	4.695215	-0.29783177
9147005	4486	4.624767	-0.26748142
9147005	4487	4.696262	-0.2739424
9147005	4488	4.671555	-0.23284414
9147005	4489	4.9517283	-0.5633331
9147005	4490	5.4939923	-1.1726688
9147005	4491	5.5206804	-1.0053128
9147005	4492	5.594236	-1.177201
9147005	4493	5.2528934	-0.76492774
9147005	4494	5.223787	-0.7887604
9147005	4495	5.2068133	-0.7853706
9147005	4496	5.179125	-0.6959729
9147005	4497	5.1732078	-0.7550029
9147005	4498	4.9641776	-0.45164758
9147005	4499	5.1375012	-0.7451218
9147005	4500	4.9816265	-0.48909175
9147005	4501	4.674692	-0.29602012
9147005	4502	4.6792216	-0.28227967
9147005	4503	4.630666	-0.21855742
9147005	4504	4.6284375	-0.23990586
9147005	4505	4.6197042	-0.24004231
9147005	4506	4.5923495	-0.23191753
9147005	4507	4.5501575	-0.14374787
9147005	4508	4.5046887	-0.13937452
9147005	4509	4.523828	-0.08322728
9147005	4510	4.515116	-0.1269055
9147005	4511	4.5304036	-0.084385484
9147005	4512	5.2088356	-0.9004812
9147005	4513	5.2723374	-0.7199031
9147005	4514	4.861305	-0.39588237
9147005	4515	5.767044	-1.2273008
9147005	4516	6.007462	-1.3784307
9147005	4517	6.4643273	-1.6943617
9147005	4518	6.1064577	-1.2285988
9147005	4519	6.4614573	-1.8241713
9147005	4520	6.32768	-1.5143452
9147005	4521	5.735608	-1.2329025
9147005	4522	5.8224354	-1.1432804
9147005	4523	6.0431113	-1.3492033
9147005	4524	6.3123317	-1.6016108
9147005	4525	6.2958765	-1.5689516
9147005	4526	6.358883	-1.6018995
9147005	4527	6.164272	-1.4916114
9147005	4528	6.0454698	-1.5430254
9147005	4529	6.310607	-1.649678
9147005	4530	6.5833693	-1.8414731
9147005	4531	6.5741997	-1.8119637
9147005	4532	6.6186204	-1.8649768
9147005	4533	6.47269	-1.6824021
9147005	4534	6.639884	-2.0052674
9147005	4535	6.69191	-1.9296958
9147005	4536	6.7198644	-1.9295424
9147005	4537	6.7233124	-1.9360989
9147005	4538	6.6787624	-1.8208634
9147005	4539	6.6946664	-2.991023
9147005	4540	6.5174685	-2.8725116
9147005	4541	5.289809	-1.470246
9147005	4542	5.350481	-1.5448877
9147005	4543	5.44789	-1.5955976
9147005	4544	5.502674	-1.5717281
9147005	4545	5.5940967	-1.7147809
9147005	4546	5.582851	-1.5647439
9147005	4547	5.3860455	-1.5255995
9147005	4548	5.4017024	-1.5470856
9147005	4549	5.4280896	-1.5886345
9147005	4550	5.316333	-1.4596761
9147005	4551	5.0048976	-1.2075328
9147005	4552	5.0133224	-1.1453943
9147005	4553	4.803535	-0.8503252
9147005	4554	4.1819844	-0.3173704
9147005	4555	4.38224	-0.5665407
9147005	4556	3.5978785	0.23296788
9147005	4557	4.209521	-0.58187574
9147005	4558	4.417444	-0.5905298
9147005	4559	3.6283755	-0.040867656
9147005	4560	3.4643536	0.19007137
9147005	4561	3.9913135	-0.48519105
9147005	4562	3.6631126	-0.050938576
9147005	4563	3.2732897	0.3499621
9147005	4564	3.6060152	-0.06923762
9147005	4565	3.5786772	0.10113743
9147005	4566	3.1741714	0.5698006
9147005	4567	2.9638195	0.818033
9147005	4568	2.7884827	1.0296717
9147005	4569	2.7098918	1.0366335
9147005	4570	2.9958053	0.74587226
9147005	4571	3.204588	0.5591439
9147005	4572	3.5549269	0.24133286
9147005	4573	3.3243666	0.4477081
9147005	4574	3.499515	0.3701327
9147005	4575	3.0771875	0.78660226
9147005	4576	3.1054244	0.7878673
9147005	4577	3.4302359	0.42205808
9147005	4578	3.4284787	0.41148546
9147005	4579	3.2690334	0.6582613
9147005	4580	3.27278	0.5613173
9147005	4581	3.2187676	0.7476294
9147005	4582	3.302246	0.5661782
9147005	4583	4.415997	-0.4712642
9147005	4584	4.5308237	-0.51462454
9147005	4585	4.9380918	-0.92506623
9147005	4586	4.9503508	-0.7508718
9147005	4587	4.6486373	-0.57656324
9147005	4588	4.639445	-0.59826654
9147005	4589	4.6412	-0.60114604
9147005	4590	4.5112777	-0.49891657
9147005	4591	4.4313083	-0.4310405
9147005	4592	4.2233577	-0.19433603
9147005	4593	4.147209	-0.15698147
9147005	4594	4.168264	-0.18390137
9147005	4595	4.058194	-0.07623649
9147005	4596	2.3260322	0.64898336
9147005	4597	2.2183738	1.4965054
9147005	4598	1.2335124	2.591365
9147005	4599	1.1955502	2.7842822
9147005	4600	1.1788229	2.8504148
9147005	4601	1.3276675	2.7343476
9147005	4602	1.2689605	2.8264573
9147005	4603	1.2849396	2.8213677
9147005	4604	1.4572504	2.4575152
9147005	4605	1.540481	2.6604383
9147005	4606	1.5504392	2.5625498
9147005	4607	1.404678	2.6841662
9147005	4608	1.2128477	2.915888
9147005	4609	1.5470356	2.6084504
9147005	4610	1.5783666	2.4420323
9147005	4611	1.5804955	2.5668192
9147005	4612	1.4487596	2.7316816
9147005	4613	1.311839	2.8735244
9147005	4614	1.2983887	2.8864057
9147005	4615	1.6570164	2.5129921
9147005	4616	2.521029	1.7223601
9147005	4617	2.7274117	1.590663
9147005	4618	2.9524798	1.3157449
9147005	4619	2.4173846	1.7473168
9147005	4620	2.1509023	2.005027
9147005	4621	2.0808263	2.1289349
9147005	4622	1.9110042	2.243305
9147005	4623	1.9627692	2.2858844
9147005	4624	1.9082681	2.1439207
9147005	4625	2.0778284	2.0833206
9147005	4626	2.070197	1.9732733
9147005	4627	2.083447	2.0745537
9147005	4628	2.0669703	2.1337218
9147005	4629	1.9523882	2.0871177
9147005	4630	1.4264247	2.6620967
9147005	4631	1.6933769	2.1767354
9147005	4632	3.332509	0.54195595
9147005	4633	3.6021957	0.8017875
9147005	4634	2.5586982	1.4723239
9147005	4635	2.3530192	1.5885308
9147005	4636	2.0574322	1.86202
9147005	4637	1.8706166	2.169482
9147005	4638	1.8906044	1.9277666
9147005	4639	2.5430741	1.6052172
9147005	4640	2.9929109	1.1209533
9147005	4641	3.1772246	1.0797665
9147005	4642	3.2700176	0.87034905
9147005	4643	2.5640593	1.5378959
9147005	4644	2.1915474	1.7436392
9147005	4645	1.8763806	2.2353396
9147005	4646	2.3122501	1.754524
9147005	4647	2.2958708	1.8231709
9147005	4648	1.5850605	2.6909983
9147005	4649	1.1880571	3.250575
9147005	4650	0.6502012	3.891805
9147005	4651	0.44498026	4.304604
9147005	4652	0.3646611	4.577891
9147005	4653	-0.9433818	4.5690627
9147005	4654	-0.8442224	3.8859603
9147005	4655	-0.6943415	3.4610274
9147005	4656	-0.8158174	3.5606263
9147005	4657	-0.6828711	3.1202183
9147005	4658	-0.57187057	3.0432324
9147005	4659	-0.546698	2.6676788
9147005	4660	-0.23714837	2.531812
9147005	4661	1.6548148	2.5436027
9147005	4662	0.9128138	1.6337075
9147005	4663	0.39639485	1.527924
9147005	4664	0.057744443	2.1049695
9147005	4665	0.21166718	1.8867023
9147005	4666	0.35207266	1.5888307
9147005	4667	0.27089393	1.6551323
9147005	4668	0.7133585	1.1504378
9147005	4669	0.9662155	0.7585645
9147005	4670	1.1462946	0.50951135
9147005	4671	1.3138485	0.30364612
9147005	4672	1.1066495	0.41648212
9147005	4673	-0.08003467	1.4978871
9147005	4674	-0.24574566	1.6048963
9147005	4675	-0.32638395	1.8816743
9147005	4676	-0.13611436	1.5695431
9147005	4677	-0.13838136	1.6319215
9147005	4678	1.8057545	1.4671407
9147005	4679	1.9883083	1.4631816
9147005	4680	2.1929493	1.3015782
9147005	4681	2.3273077	1.2149606
9147005	4682	2.2526174	1.3522154
9147005	4683	1.7334536	1.9638224
9147005	4684	1.7331594	1.9468241
9147005	4685	1.5079237	2.3252227
9147005	4686	1.5244092	2.1971376
9147005	4687	1.4305416	2.3713462
9147005	4688	1.4302907	2.3579981
9147005	4689	1.1972337	2.6775043
9147005	4690	1.1221349	2.790949
9147005	4691	1.7179536	2.0252454
9147005	4692	1.5130712	2.3834364
9147005	4693	1.6027604	2.2652245
9147005	4694	1.8572055	1.9994855
9147005	4695	1.9325348	1.8532193
9147005	4696	2.2532458	1.5387044
9147005	4697	1.6850759	2.2206335
9147005	4698	1.4381628	2.413116
9147005	4699	1.2552359	2.6212537
9147005	4700	1.2341553	2.6231391
9147005	4701	0.92581916	3.056175
9147005	4702	0.89721644	3.0474684
9147005	4703	0.9301897	2.9695559
9147005	4704	0.855965	3.0460925
9147005	4705	0.8997555	3.014152
9147005	4706	1.3517613	2.4006395
9147005	4707	1.3812016	2.3452408
9147005	4708	1.3092643	2.6104372
9147005	4709	1.2972888	2.4411888
9147005	4710	1.4306885	2.4751515
9147005	4711	1.448773	2.3482509
9147005	4712	1.4932746	2.357863
9147005	4713	1.379012	2.5088644
9147005	4714	1.3173416	2.543037
9147005	4715	1.6337675	2.214851
9147005	4716	1.5591027	2.3279803
9147005	4717	1.3787824	2.5215564
9147005	4718	1.426324	2.3610084
9147005	4719	1.5549144	2.329217
9147005	4720	1.4552774	2.4523423
9147005	4721	1.4310162	2.508367
9147005	4722	1.4100615	2.5431302
9147005	4723	1.3649069	2.4589593
9147005	4724	1.2197286	2.7259333
9147005	4725	1.3489114	2.6173713
9147005	4726	1.4531538	2.498699
9147005	4727	1.2013289	2.802681
9147005	4728	1.0248615	2.9182048
9147005	4729	0.84222436	3.2173095
9147005	4730	0.4503678	3.8438904
9147005	4731	0.021547616	4.7598286
9147005	4732	-0.34808272	5.500018
9147005	4733	-0.783368	3.865628
9147005	4734	-0.73000854	3.046718
9147005	4735	0.9723791	2.6901515
9147005	4736	0.9154142	2.4404745
9147005	4737	0.9538015	2.5352829
9147005	4738	1.0193207	2.4164581
9147005	4739	1.0855297	2.4011636
9147005	4740	1.1417218	2.3745887
9147005	4741	1.186187	2.2899773
9147005	4742	1.1852512	2.3037736
9147005	4743	1.2745783	2.2027693
9147005	4744	1.3182118	2.2202618
9147005	4745	1.4872036	1.9770195
9147005	4746	2.0921698	1.4023783
9147005	4747	2.146587	1.4163985
9147005	4748	1.6775831	2.0863044
9147005	4749	2.565947	0.99963474
9147005	4750	2.7732887	1.0719635
9147005	4751	2.8195395	1.0695012
9147005	4752	2.6058612	1.2288753
9147005	4753	2.4608526	1.2489431
9147005	4754	2.1868572	1.6142216
9147005	4755	2.5713916	1.0599465
9147005	4756	2.7243423	1.1743677
9147005	4757	1.3983445	2.6817777
9147005	4758	0.79415894	3.5666363
9147005	4759	0.98172855	3.1815152
9147005	4760	1.1260357	2.975146
9147005	4761	0.666685	4.218629
9147005	4762	0.8690815	3.4558606
9147005	4763	0.9755143	3.3020818
9147005	4764	1.6932577	2.2606635
9147005	4765	1.7059203	2.2647343
9147005	4766	2.1876998	1.7858245
9147005	4767	1.9506325	1.9202049
9147005	4768	2.0870185	1.8312669
9147005	4769	1.8442732	2.0344265
9147005	4770	1.9202756	1.9993048
9147005	4771	1.5607599	2.3584743
9147005	4772	1.0307757	3.057867
9147005	4773	1.2522318	2.6191797
9147005	4774	0.70875144	3.6058776
9147005	4775	0.7748339	3.3312216
9147005	4776	0.6099267	3.9267466
9147005	4777	0.857875	3.219083
9147005	4778	1.0863752	3.2744608
9147005	4779	1.524439	2.3459117
9147005	4780	1.045388	3.2091653
9147005	4781	1.0193123	3.2093184
9147005	4782	1.3929037	2.6517105
9147005	4783	1.1301142	3.281801
9147005	4784	0.9719044	3.089443
9147005	4785	0.7502978	3.5301018
9147005	4786	0.90663934	3.4172144
9147005	4787	1.8586191	2.0357795
9147005	4788	1.4896412	2.66888
9147005	4789	0.978673	3.323728
9147005	4790	0.9585991	3.1306028
9147005	4791	0.5735843	3.8732202
9147005	4792	0.7696552	3.3699286
9147005	4793	0.70957685	3.4902933
9147005	4794	0.37805128	4.120893
9147005	4795	0.44273716	3.9093282
9147005	4796	0.26758474	1.1464639
9147005	4797	0.3117966	1.2334545
9147005	4798	2.2581487	0.984367
9147005	4799	2.5359712	0.900843
9147005	4800	2.5998678	1.0274479
9147005	4801	2.6238756	0.9932262
9147005	4802	2.5924726	0.97563314
9147005	4803	2.5217533	1.0736823
9147005	4804	2.6113763	0.96923923
9147005	4805	2.524712	1.0046923
9147005	4806	2.58353	1.0020473
9147005	4807	2.9673295	0.849334
9147005	4808	4.065352	-0.12871364
9147005	4809	3.9310737	0.12132242
9147005	4810	1.7352811	-0.21753545
9147005	4811	1.26521	2.1658008
9147005	4812	0.96731377	2.73024
9147005	4813	1.2488971	2.4473073
9147005	4814	1.3106127	2.265628
9147005	4815	1.466597	2.2128263
9147005	4816	1.2003033	2.6082022
9147005	4817	1.3217442	2.419473
9147005	4818	1.1272699	2.566686
9147005	4819	1.0935457	2.7396097
9147005	4820	0.22456807	3.5451996
9147005	4821	0.2491036	3.7481506
9147005	4822	0.2911399	3.510711
9147005	4823	0.43071353	3.2776787
9147005	4824	0.4409157	3.3667896
9147005	4825	-0.08388308	4.1971364
9147005	4826	-0.19286048	4.359583
9147005	4827	0.04742366	4.039829
9147005	4828	0.43797785	3.5876825
9147005	4829	0.25928974	3.7466776
9147005	4830	0.3800823	3.6272962
9147005	4831	0.58011544	3.342901
9147005	4832	0.6683769	3.2309253
9147005	4833	0.6710187	3.26717
9147005	4834	1.415198	2.4248583
9147005	4835	1.4547045	2.4903142
9147005	4836	1.0951413	2.8164282
9147005	4837	0.8344083	3.0151784
9147005	4838	0.84787226	3.022147
9147005	4839	1.3235623	2.481077
9147005	4840	0.89725506	2.982433
9147005	4841	1.1904814	2.689657
9147005	4842	1.3488065	2.4204297
9147005	4843	1.0972816	2.6980913
9147005	4844	1.150344	2.6910102
9147005	4845	1.2049087	2.623811
9147005	4846	0.61783147	3.3084035
9147005	4847	0.80105054	3.1581962
9147005	4848	0.90732193	2.930042
9147005	4849	1.2728701	2.573737
9147005	4850	0.7231332	3.2298622
9147005	4851	0.79125226	3.135216
9147005	4852	0.8817347	2.9808705
9147005	4853	0.65421736	3.2815735
9147005	4854	0.83663154	3.0307097
9147005	4855	0.8666762	3.031904
9147005	4856	0.8124993	3.0968633
9147005	4857	0.86182857	3.0276163
9147005	4858	0.5362625	3.4606829
9147005	4859	0.59312415	3.4098773
9147005	4860	0.948112	2.9542546
9147005	4861	0.47867757	3.5133626
9147005	4862	0.34779608	3.6803863
9147005	4863	0.44287682	3.362637
9147005	4864	0.8344567	3.0301356
9147005	4865	0.7163243	0.56709063
9147005	4866	3.3728967	0.21931383
9147005	4867	3.4880414	0.37041846
9147005	4868	3.3448863	0.49261257
9147005	4869	3.265677	0.5877619
9147005	4870	3.5369549	0.3884879
9147005	4871	3.5369706	0.38780418
9147005	4872	3.4934797	0.3932015
9147005	4873	3.5774403	0.43377718
9147005	4874	3.5220418	0.44496533
9147005	4875	3.3432207	0.54076767
9147005	4876	3.0400534	0.8404465
9147005	4877	2.65247	1.0611693
9147005	4878	2.3817139	1.2243677
9147005	4879	2.276554	1.4155518
9147005	4880	2.5760112	1.0435051
9147005	4881	2.902668	0.94231415
9147005	4882	2.920661	0.91434073
9147005	4883	2.929884	0.8986114
9147005	4884	3.058024	0.79528844
9147005	4885	2.9526925	0.9171809
9147005	4886	2.9417963	0.90915155
9147005	4887	2.943344	0.9129777
9147005	4888	2.9603238	0.9084039
9147005	4889	2.980112	0.8940749
9147005	4890	3.3496556	0.5357095
9147005	4891	3.466411	0.47295508
9147005	4892	3.73214	0.28455308
9147005	4893	1.7603012	-0.47913012
9147005	4894	1.3506846	1.8021684
9147005	4895	2.8140998	-0.15736216
9147005	4896	3.6333275	-0.11186144
9147005	4897	3.9046397	-0.17893055
9147005	4898	3.9694176	-0.15998697
9147005	4899	3.9426217	-0.14464632
9147005	4900	3.9771357	-0.13358027
9147005	4901	3.8715034	-0.06502783
9147005	4902	3.9865685	-0.17517176
9147005	4903	4.029672	-0.1852799
9147005	4904	3.9868417	-0.17261565
9147005	4905	4.1447077	-0.28350478
9147005	4906	1.9045128	-0.8009087
9147005	4907	2.0071554	-0.9329926
9147005	4908	1.8310522	1.3189356
9147005	4909	0.97306466	2.4310253
9147005	4910	1.4358133	2.0135696
9147005	4911	1.2391763	2.1760442
9147005	4912	1.6679705	1.7024941
9147005	4913	1.472508	1.9071553
9147005	4914	1.8581864	1.5217439
9147005	4915	1.9278067	1.5305156
9147005	4916	2.1307921	1.3904035
9147005	4917	2.4860291	0.9326135
9147005	4918	2.0049028	1.4457129
9147005	4919	2.043684	1.3162271
9147005	4920	2.5654244	0.9315256
9147005	4921	1.9412802	1.5953622
9147005	4922	1.8638812	1.60531
9147005	4923	1.9533366	1.583997
9147005	4924	2.1558294	1.4185712
9147005	4925	2.5195494	0.9582138
9147005	4926	2.3620405	1.1783912
9147005	4927	2.385446	0.94980896
9147005	4928	2.521706	0.8088515
9147005	4929	3.0650182	0.5938803
9147005	4930	2.76021	0.856763
9147005	4931	2.7114882	0.6663909
9147005	4932	3.3444996	0.4086834
9147005	4933	3.4307694	0.33414194
9147005	4934	4.665937	-0.69881254
9147005	4935	4.363981	-0.28393644
9147005	4936	4.0225177	-0.28883538
9147005	4937	4.674445	-0.6150326
9147005	4938	4.0220475	-0.09943369
9147005	4939	4.008842	-0.28376204
9147005	4940	4.6262565	-0.5662193
9147005	4941	4.239167	-0.35615218
9147005	4942	3.2287946	0.33832058
9147005	4943	3.1565828	0.41636243
9147005	4944	3.286605	0.3734645
9147005	4945	3.0655522	0.5417743
9147005	4946	3.2821097	0.3279926
9147005	4947	3.1480303	0.48954085
9147005	4948	2.971848	0.61375034
9147005	4949	2.98912	0.62202597
9147005	4950	2.6338077	0.9092196
9147005	4951	2.6999497	0.84599495
9147005	4952	2.713328	0.92089236
9147005	4953	2.8966312	0.71846175
9147005	4954	3.0000892	0.64249015
9147005	4955	3.0558133	0.6653055
9147005	4956	3.149826	0.5503346
9147005	4957	3.6289606	0.16559294
9147005	4958	2.9266849	0.8498993
9147005	4959	2.9494066	0.7117505
9147005	4960	2.9571676	0.6991677
9147005	4961	2.6000824	1.0696946
9147005	4962	2.6484761	0.8630189
9147005	4963	2.8657355	0.8130673
9147005	4964	2.8552704	0.7959913
9147005	4965	2.818087	0.880957
9147005	4966	2.970049	0.7190646
9147005	4967	3.2092218	0.5565597
9147005	4968	3.0036287	0.7009618
9147005	4969	2.9459662	0.7050222
9147005	4970	2.995071	0.66233873
9147005	4971	3.0219946	0.6658279
9147005	4972	2.9081278	0.8092364
9147005	4973	3.1228557	0.54870915
9147005	4974	3.0564985	0.7414423
9147005	4975	3.0412917	0.67885876
9147005	4976	3.2709398	0.48060253
9147005	4977	3.3239737	0.29664394
9147005	4978	3.648848	0.29256168
9147005	4979	3.7046752	0.19547865
9147005	4980	3.571508	0.30825457
9147005	4981	3.4924788	0.31644294
9147005	4982	3.6123319	0.25211146
9147005	4983	3.3656363	0.5727323
9147005	4984	3.9226198	-0.04176718
9147005	4985	3.2473717	0.65107965
9147005	4986	2.9914117	0.8143985
9147005	4987	3.1828604	0.5843375
9147005	4988	3.009284	0.7610502
9147005	4989	3.777503	0.0003784895
9147005	4990	3.40135	0.50563467
9147005	4991	3.7018218	0.2438151
9147005	4992	3.538127	0.46541634
9147005	4993	3.161652	0.658396
9147005	4994	3.292275	0.5373744
9147005	4995	3.2989569	0.55047536
9147005	4996	3.2446132	0.64004374
9147005	4997	2.9980745	0.9564743
9147005	4998	2.970675	0.8217784
9147005	4999	2.9398122	0.89895225
9147005	5000	3.0071454	0.877707
9147005	5001	3.1074095	0.7910234
9147005	5002	2.6141114	1.2737379
9147005	5003	3.462761	0.42738995
9147005	5004	2.7861333	1.1901869
9147005	5005	2.48412	1.3433692
9147005	5006	2.6371808	1.1840544
9147005	5007	2.6687422	1.2069875
9147005	5008	2.80512	1.079353
9147005	5009	2.7516322	1.2858506
9147005	5010	2.808775	1.0607349
9147005	5011	3.0101662	0.8792703
9147005	5012	2.8289962	1.1143433
9147005	5013	2.7883334	1.1125628
9147005	5014	3.4357295	0.50100374
9147005	5015	3.6831217	0.3781208
9147005	5016	3.65097	0.40405306
9147005	5017	3.3627086	0.6373576
9147005	5018	3.027771	0.86450446
9147005	5019	3.0026093	0.9345181
9147005	5020	2.8673544	1.073034
9147005	5021	3.0565782	0.86025894
9147005	5022	3.2962275	0.63510156
9147005	5023	2.905632	1.0344939
9147005	5024	3.103588	0.78026855
9147005	5025	3.7404761	0.25817987
9147005	5026	4.288482	-0.17425996
9147005	5027	4.1616445	0.031947225
9147005	5028	3.2018366	0.81369364
9147005	5029	3.5452738	0.39739707
9147005	5030	4.3845763	-0.28196967
9147005	5031	3.5356317	0.49156967
9147005	5032	3.9387927	0.093474776
9147005	5033	4.1182137	0.054845124
9147005	5034	3.9800992	0.13187864
9147005	5035	4.1211066	-0.0006341338
9147005	5036	3.9912663	0.02983737
9147005	5037	3.7873025	0.20219555
9147005	5038	3.3998704	0.54189897
9147005	5039	3.2382698	0.6479467
9147005	5040	3.1440382	0.7058879
9147005	5041	2.8188553	0.9992112
9147005	5042	2.3130498	1.4779581
9147005	5043	2.2324605	1.5044278
9147005	5044	1.8691939	1.8719172
9147005	5045	1.5848066	2.2442663
9147005	5046	1.763507	1.8065562
9147005	5047	2.0970078	1.6716857
9147005	5048	2.2218375	1.5884597
9147005	5049	2.6622062	1.2201229
9147005	5050	2.850524	0.9863529
9147005	5051	3.4845471	0.43817803
9147005	5052	3.578786	0.4586253
9147005	5053	3.5883055	0.42796776
9147005	5054	4.144077	-0.06593874
9147005	5055	4.1720176	0.0051404536
9147005	5056	4.542028	-0.3368779
9147005	5057	4.5176377	-0.26587045
9147005	5058	4.5697026	-0.35052568
9147005	5059	3.8288665	0.28472862
9147005	5060	3.4817228	0.5051019
9147005	5061	3.4935393	0.51910317
9147005	5062	3.4231763	0.58285487
9147005	5063	3.7750053	0.2156339
9147005	5064	3.4014277	0.6404598
9147005	5065	3.2064219	0.7268555
9147005	5066	3.3397446	0.6037109
9147005	5067	2.92764	1.0198913
9147005	5068	2.5248098	1.3496239
9147005	5069	2.71765	1.0654553
9147005	5070	2.743884	1.2767937
9147005	5071	3.031468	0.85936403
9147005	5072	2.882492	1.1356134
9147005	5073	3.1895275	0.76078594
9147005	5074	2.914631	1.0058074
9147005	5075	3.064312	0.74641895
9147005	5076	3.202417	0.7807579
9147005	5077	2.8020864	1.1340308
9147005	5078	2.8857884	1.064987
9147005	5079	2.6449742	1.1239253
9147005	5080	2.6709766	1.4343674
9147005	5081	2.5312638	1.3650489
9147005	5082	2.285293	1.6662037
9147005	5083	2.5040197	1.4142468
9147005	5084	2.343677	1.5568523
9147005	5085	2.0798602	1.8217375
9147005	5086	2.0078087	1.7906275
9147005	5087	2.2915668	1.593571
9147005	5088	2.5789108	1.3533366
9147005	5089	2.341773	1.5379096
9147005	5090	2.376041	1.5292782
9147005	5091	2.388105	1.4650339
9147005	5092	2.3024068	1.5703554
9147005	5093	2.495585	1.4106863
9147005	5094	2.316059	1.6496577
9147005	5095	2.457118	1.39591
9147005	5096	2.5671453	1.4079009
9147005	5097	2.6207623	1.4491783
9147005	5098	2.4236488	1.5351192
9147005	5099	1.1352096	0.4756976
9147005	5100	1.6815416	1.9933505
9147005	5101	2.1844172	1.5102574
9147005	5102	2.150951	1.5487385
9147005	5103	1.8013366	2.0262105
9147005	5104	2.1333117	1.5641158
9147005	5105	1.8992094	1.8052318
9147005	5106	1.6060997	2.3740506
9147005	5107	1.9885644	1.9593806
9147005	5108	2.1434627	1.5995996
9147005	5109	2.3512688	1.3666782
9147005	5110	2.666871	1.0209793
9147005	5111	2.326768	1.4943933
9147005	5112	2.8667269	0.8674091
9147005	5113	2.948217	0.9402983
9147005	5114	2.7470608	1.0912776
9147005	5115	2.8178234	0.95611906
9147005	5116	3.0637026	0.7362993
9147005	5117	3.0087285	0.83383024
9147005	5118	2.9791565	0.8698299
9147005	5119	2.6049647	1.1749642
9147005	5120	2.397519	1.3485788
9147005	5121	2.4442725	1.2717453
9147005	5122	2.5687947	1.2489318
9147005	5123	2.381157	1.3187367
9147005	5124	2.7559762	1.1151013
9147005	5125	2.4387693	1.3713531
9147005	5126	2.457346	1.1584263
9147005	5127	2.5895443	1.2147284
9147005	5128	2.5583634	1.0648737
9147005	5129	2.6922598	0.939042
9147005	5130	2.8511453	0.83952034
9147005	5131	2.965167	0.69897246
9147005	5132	3.1748033	0.6756954
9147005	5133	3.2170444	0.62090683
9147005	5134	3.081069	0.88180244
9147005	5135	2.941029	1.0207899
9147005	5136	1.7359213	2.129932
9147005	5137	1.9369434	1.9832425
9147005	5138	1.7492262	2.2800272
9147005	5139	2.073926	1.8869038
9147005	5140	1.9919401	2.0831475
9147005	5141	2.0910883	1.8125291
9147005	5142	2.0123448	1.9143424
9147005	5143	2.3571782	1.636646
9147005	5144	2.0608234	2.1277354
9147005	5145	2.1393852	1.7346301
9147005	5146	2.4176993	1.4848932
9147005	5147	2.5129418	1.4356935
9147005	5148	2.3560185	1.6758327
9147005	5149	1.9809588	1.9271042
9147005	5150	2.118989	1.7413363
9147005	5151	2.2932858	1.7387903
9147005	5152	2.052434	1.9031825
9147005	5153	2.4595256	1.4193755
9147005	5154	2.1819782	1.6756773
9147005	5155	2.6955013	1.0811331
9147005	5156	2.490975	1.3866389
9147005	5157	2.4636106	1.4318894
9147005	5158	2.3315592	1.4976363
9147005	5159	2.592639	1.329385
9147005	5160	2.5738835	1.3151242
9147005	5161	2.8035164	1.103503
9147005	5162	2.840157	1.0896275
9147005	5163	2.926754	1.0026329
9147005	5164	2.9871688	0.99943113
9147005	5165	2.9225206	1.1823332
9147005	5166	3.2975821	0.7515973
9147005	5167	3.1550655	0.96416473
9147005	5168	3.1292257	0.8170861
9147005	5169	3.0203233	0.9548613
9147005	5170	3.1204286	0.8985262
9147005	5171	2.19599	1.7786503
9147005	5172	2.254077	1.5670409
9147005	5173	2.2770443	1.6223717
9147005	5174	2.2299595	1.6640594
9147005	5175	2.728735	1.2006469
9147005	5176	2.2307239	1.7360766
9147005	5177	2.0249515	1.8914366
9147005	5178	1.9122788	2.0041344
9147005	5179	2.0402694	1.877451
9147005	5180	2.0669494	1.8539526
9147005	5181	1.5983993	2.4361103
9147005	5182	1.8911127	2.0573134
9147005	5183	2.6397147	1.3441237
9147005	5184	2.7285495	1.4502692
9147005	5185	1.9213847	2.2039874
9147005	5186	1.8953639	2.2435572
9147005	5187	1.6447197	2.4445345
9147005	5188	1.5167109	2.5379872
9147005	5189	1.6265126	2.3914924
9147005	5190	1.1548893	2.942108
9147005	5191	0.8386749	3.3138409
9147005	5192	0.80008113	3.331626
9147005	5193	0.9666532	3.0263038
9147005	5194	1.2824913	2.7014592
9147005	5195	1.2971168	2.7161107
9147005	5196	1.1723952	2.8253946
9147005	5197	1.2280152	2.6913397
9147005	5198	1.468403	2.446687
9147005	5199	1.9016942	1.9963081
9147005	5200	2.815709	1.1779543
9147005	5201	3.1628747	0.98979294
9147005	5202	3.1147695	1.0033869
9147005	5203	3.6010718	0.6174247
9147005	5204	3.7663002	0.57048094
9147005	5205	3.1176147	1.169172
9147005	5206	3.553698	0.6591984
9147005	5207	3.578354	0.73688865
9147005	5208	3.3714538	0.8169434
9147005	5209	4.1102567	0.30230215
9147005	5210	4.351954	0.039390594
9147005	5211	4.225254	0.20546076
9147005	5212	4.043494	0.23906526
9147005	5213	4.1995797	0.16877225
9147005	5214	3.8542252	0.31369504
9147005	5215	3.9531956	0.23455212
9147005	5216	4.079665	0.1174207
9147005	5217	3.8620458	0.38452902
9147005	5218	3.2912316	0.67817056
9147005	5219	3.3285904	0.7030009
9147005	5220	3.3457642	0.68847096
9147005	5221	3.361569	0.6651715
9147005	5222	3.5560632	0.47446844
9147005	5223	3.4277725	0.66110635
9147005	5224	3.344448	0.7010864
9147005	5225	3.2311926	0.7660996
9147005	5226	3.1641474	0.81687033
9147005	5227	3.1113787	0.8537011
9147005	5228	2.7998734	1.1405988
9147005	5229	2.5385504	1.4953681
9147005	5230	2.527493	1.3705325
9147005	5231	2.959455	0.9419844
9147005	5232	2.8444881	1.0498068
9147005	5233	2.7916417	1.1890861
9147005	5234	2.8001223	1.1950272
9147005	5235	2.7307858	1.2756971
9147005	5236	2.5561504	1.4592346
9147005	5237	2.6892314	1.288579
9147005	5238	3.3632255	0.68561506
9147005	5239	3.4815412	0.5497329
9147005	5240	3.6028938	0.53283477
9147005	5241	3.5456781	0.4924766
9147005	5242	2.9009008	1.1581343
9147005	5243	2.452899	1.5102507
9147005	5244	2.2390862	1.5797625
9147005	5245	2.0457273	1.7509189
9147005	5246	2.1148405	1.6474245
9147005	5247	2.0762634	1.6735399
9147005	5248	1.9759384	1.7689693
9147005	5249	1.863345	2.1077561
9147005	5250	1.9397029	2.015845
9147005	5251	2.5309753	1.4541562
9147005	5252	2.580648	1.4579563
9147005	5253	0.7117038	0.7786424
9147005	5254	1.2112463	-0.15711272
9147005	5255	1.4240124	-0.16115254
9147005	5256	1.654764	-0.2821303
9147005	5257	1.6346902	-0.28169012
9147005	5258	1.6598412	1.9724042
9147005	5259	1.9264485	1.6821148
9147005	5260	1.4901668	2.2125967
9147005	5261	1.7484401	1.9545515
9147005	5262	1.6293575	2.1156144
9147005	5263	1.8501168	1.8785043
9147005	5264	1.8869234	1.8702354
9147005	5265	2.048232	1.7546871
9147005	5266	2.08632	1.7394924
9147005	5267	2.0778017	1.7706633
9147005	5268	1.8635288	1.7869439
9147005	5269	1.8651139	1.7681696
9147005	5270	1.9400419	1.6657302
9147005	5271	2.120131	1.6975772
9147005	5272	2.200159	1.5979469
9147005	5273	2.455811	1.3768585
9147005	5274	2.6117144	1.1096265
9147005	5275	2.699513	1.0497799
9147005	5276	2.7294393	1.0170262
9147005	5277	2.85186	1.0081224
9147005	5278	2.5256815	1.3770616
9147005	5279	3.2878518	0.7334676
9147005	5280	3.595008	0.5499674
9147005	5281	3.5496616	0.5139104
9147005	5282	3.8661804	0.2605972
9147005	5283	4.1662045	-0.021266729
9147005	5284	4.2116766	-0.060484022
9147005	5285	4.38274	-0.20970592
9147005	5286	4.363244	-0.20974429
9147005	5287	4.370909	-0.24840263
9147005	5288	4.4059463	-0.27298898
9147005	5289	4.5959034	-0.40855154
9147005	5290	4.451219	-0.32444078
9147005	5291	4.4699545	-0.39545554
9147005	5292	4.4537277	-0.3692903
9147005	5293	4.2783904	-0.21296237
9147005	5294	4.2540245	-0.20734808
9147005	5295	3.9302635	0.0746533
9147005	5296	4.0307713	-0.077079594
9147005	5297	3.9331818	0.032165557
9147005	5298	3.5692596	0.36349115
9147005	5299	3.796826	0.1647338
9147005	5300	3.572847	0.4194555
9147005	5301	3.5046172	0.42185202
9147005	5302	3.4996614	0.49620268
9147005	5303	3.2516866	0.70099413
9147005	5304	3.1975574	0.75109565
9147005	5305	3.1167912	0.76960504
9147005	5306	3.2273126	0.6928128
9147005	5307	3.2354245	0.76603436
9147005	5308	3.2328706	0.7582973
9147005	5309	3.233581	0.7747202
9147005	5310	3.2437754	0.7767639
9147005	5311	3.2834644	0.746526
9147005	5312	3.2721906	0.77287006
9147005	5313	3.242684	0.80651486
9147005	5314	3.2086892	0.8341398
9147005	5315	3.2613711	0.80443466
9147005	5316	3.2675767	0.79527557
9147005	5317	3.2739801	0.7870333
9147005	5318	3.115427	0.95762813
9147005	5319	3.0506864	0.91321635
9147005	5320	2.5103827	1.3967413
9147005	5321	2.3750277	1.4392822
9147005	5322	2.613729	1.2718936
9147005	5323	3.2526522	0.74064493
9147005	5324	3.5882387	0.562487
9147005	5325	3.5833006	0.5813036
9147005	5326	4.532876	-0.3221645
9147005	5327	4.3928604	-0.14081928
9147005	5328	3.9080305	0.27675232
9147005	5329	3.9105148	0.20782349
9147005	5330	3.9130092	0.21952942
9147005	5331	3.8408566	0.28055164
9147005	5332	3.8355794	0.28896824
9147005	5333	4.2329965	-0.07550806
9147005	5334	3.812849	0.34169486
9147005	5335	3.836738	0.3108345
9147005	5336	3.7248735	0.3875778
9147005	5337	3.857265	0.21415117
9147005	5338	3.8331509	0.30155465
9147005	5339	4.0242705	0.1649889
9147005	5340	4.3708587	-0.08904135
9147005	5341	4.7747173	-0.40349352
9147005	5342	4.395832	-0.05142066
9147005	5343	3.6325536	0.5739355
9147005	5344	3.6119156	0.4660708
9147005	5345	3.7824607	0.36161074
9147005	5346	3.8279767	0.31819806
9147005	5347	3.7938294	0.41160455
9147005	5348	3.772431	0.4158748
9147005	5349	3.6662512	0.5157387
9147005	5350	4.251535	-0.049252868
9147005	5351	3.8290577	0.42234358
9147005	5352	3.6237288	0.5588405
9147005	5353	3.6825657	0.51113105
9147005	5354	3.6774735	0.54211223
9147005	5355	3.685267	0.50383127
9147005	5356	3.7877622	0.44319144
9147005	5357	3.9963236	0.2824498
9147005	5358	4.061511	0.298947
9147005	5359	3.9395185	0.25175527
9147005	5360	4.027632	0.3122463
9147005	5361	3.8698397	0.303207
9147005	5362	4.060655	0.23648813
9147005	5363	3.9955478	0.21880439
9147005	5364	3.7625031	0.43515792
9147005	5365	3.8706517	0.32846943
9147005	5366	3.9032545	0.3263401
9147005	5367	3.8680897	0.35217616
9147005	5368	3.7891555	0.42784944
9147005	5369	3.5816054	0.5631008
9147005	5370	3.1438026	1.0062519
9147005	5371	2.5833273	1.479492
9147005	5372	2.078753	2.0707896
9147005	5373	2.113227	1.8030493
9147005	5374	2.0181756	1.9378755
9147005	5375	1.8983706	2.0007203
9147005	5376	1.9292289	1.9506621
9147005	5377	1.9511663	1.9204998
9147005	5378	2.113274	1.9410958
9147005	5379	2.6324806	1.4154469
9147005	5380	2.6664872	1.4703501
9147005	5381	2.07972	2.0088055
9147005	5382	2.0489545	2.0790126
9147005	5383	2.0758557	2.049168
9147005	5384	1.8784465	2.0818012
9147005	5385	1.8481444	2.127781
9147005	5386	1.8531727	2.213706
9147005	5387	2.1354728	1.726661
9147005	5388	2.2903929	1.7882161
9147005	5389	2.3331327	1.7107885
9147005	5390	2.1469707	1.9337654
9147005	5391	2.2405849	1.8164382
9147005	5392	2.5683079	1.4683628
9147005	5393	2.646101	1.5214633
9147005	5394	2.5672345	1.4634627
9147005	5395	2.5729265	1.3322134
9147005	5396	2.735167	1.2086434
9147005	5397	2.5102339	1.3834748
9147005	5398	2.328288	1.5650442
9147005	5399	2.31218	1.6048627
9147005	5400	2.2604094	1.7881129
9147005	5401	2.3974738	1.4778494
9147005	5402	2.4924364	1.5647523
9147005	5403	2.4966474	1.5590305
9147005	5404	2.4342332	1.6085064
9147005	5405	2.6731577	1.3594941
9147005	5406	2.3784714	1.6881573
9147005	5407	2.29216	1.7123604
9147005	5408	2.1917267	1.9373803
9147005	5409	2.45641	1.6225362
9147005	5410	2.450592	1.637769
9147005	5411	3.0839643	1.0279229
9147005	5412	2.5265584	1.6077993
9147005	5413	2.6663294	1.4094263
9147005	5414	2.389309	1.7163608
9147005	5415	3.0565395	1.0260019
9147005	5416	3.3234925	0.85193586
9147005	5417	2.859239	1.3422152
9147005	5418	2.7417173	1.3967321
9147005	5419	2.839047	1.3318163
9147005	5420	2.7740054	1.4137886
9147005	5421	2.7206306	1.4355251
9147005	5422	2.7565188	1.422993
9147005	5423	2.8013277	1.3520069
9147005	5424	2.4644284	1.7429411
9147005	5425	3.270875	0.88773096
9147005	5426	1.3159729	0.49569198
9147005	5427	1.7990094	1.8758094
9147005	5428	2.1303144	-0.27040958
9147005	5429	1.4742974	0.054730803
9147005	5430	1.7047671	2.097273
9147005	5431	2.0552602	1.8640842
9147005	5432	1.7903229	2.0658596
9147005	5433	1.8231264	2.158292
9147005	5434	1.6548983	2.1626916
9147005	5435	1.9026083	2.1042702
9147005	5436	2.0178223	1.9342952
9147005	5437	2.2197337	1.7183766
9147005	5438	2.3840995	1.6029015
9147005	5439	2.463109	1.4988486
9147005	5440	2.39754	1.634727
9147005	5441	2.535048	1.4494605
9147005	5442	2.8751864	1.0569924
9147005	5443	3.123282	0.98640084
9147005	5444	3.136145	0.94545555
9147005	5445	3.1927042	0.78336453
9147005	5446	3.222979	0.8680519
9147005	5447	3.31421	0.80272603
9147005	5448	2.7860184	1.2321308
9147005	5449	2.9172087	1.0454427
9147005	5450	2.9796963	1.0766128
9147005	5451	3.0395288	0.9759648
9147005	5452	2.8230863	1.184302
9147005	5453	2.8097482	1.2104671
9147005	5454	3.007987	1.0339112
9147005	5455	3.2122135	0.9446292
9147005	5456	3.0809007	1.0472265
9147005	5457	3.3684058	0.7719121
9147005	5458	3.5250607	0.6307832
9147005	5459	3.3703175	0.7324889
9147005	5460	3.7082	0.51830983
9147005	5461	3.3831868	0.6795919
9147005	5462	3.2188678	0.8743876
9147005	5463	2.8763175	1.0997573
9147005	5464	1.5554177	-0.122480154
9147005	5465	1.9081084	-0.6664845
9147005	5466	2.3492026	1.1290455
9147005	5467	2.1448612	1.565978
9147005	5468	2.7626123	1.0279137
9147005	5469	2.5685349	1.2422006
9147005	5470	2.4055033	1.5066226
9147005	5471	3.2949843	0.6203139
9147005	5472	2.6989064	1.2592684
9147005	5473	2.7439332	1.1678828
9147005	5474	2.1562028	1.5721107
9147005	5475	1.7804033	2.1322267
9147005	5476	1.972488	1.9151278
9147005	5477	1.9902848	1.9438739
9147005	5478	2.0540442	1.7274535
9147005	5479	2.390242	1.6146472
9147005	5480	2.5276217	1.3310264
9147005	5481	2.0793009	1.8959649
9147005	5482	2.0283995	1.9690199
9147005	5483	2.0226865	1.9659839
9147005	5484	2.0095892	2.024647
9147005	5485	3.0281973	0.9950993
9147005	5486	3.5265937	0.640417
9147005	5487	2.989491	1.338739
9147005	5488	2.8642154	1.114445
9147005	5489	2.843966	1.2556359
9147005	5490	3.1048174	1.0056344
9147005	5491	2.9339838	1.2241619
9147005	5492	2.9499617	1.1646924
9147005	5493	2.9471927	1.2495677
9147005	5494	3.349568	0.7782768
9147005	5495	3.414703	0.75607
9147005	5496	3.3547983	0.804199
9147005	5497	4.628512	-0.3008854
9147005	5498	4.5895452	-0.13203102
9147005	5499	4.723875	-0.34332597
9147005	5500	4.708381	-0.33131152
9147005	5501	4.0961666	0.19251141
9147005	5502	3.765974	0.55275
9147005	5503	3.506741	0.7174108
9147005	5504	2.961904	1.3866558
9147005	5505	2.9613957	1.2061185
9147005	5506	3.440658	0.89062643
9147005	5507	3.642724	0.7022948
9147005	5508	3.7070785	0.57605624
9147005	5509	3.9990969	0.37958393
9147005	5510	4.117978	0.32002237
9147005	5511	4.2307744	0.29618332
9147005	5512	4.165991	0.30757526
9147005	5513	4.5879664	0.07522848
9147005	5514	4.3688164	0.10956547
9147005	5515	4.737132	-0.26592284
9147005	5516	4.172091	0.25319192
9147005	5517	4.1655297	0.1893538
9147005	5518	4.3961253	0.04363045
9147005	5519	4.3957705	-0.016197622
9147005	5520	4.3095965	0.15424219
9147005	5521	3.9634328	0.37472543
9147005	5522	4.210383	0.16949049
9147005	5523	4.3855224	0.05815217
9147005	5524	4.4243364	0.027462035
9147005	5525	4.345134	-0.028250337
9147005	5526	4.0919156	0.2826492
9147005	5527	4.3918476	-0.064364165
9147005	5528	5.3538165	-1.9382544
9147005	5529	5.1061893	-0.8432595
9147005	5530	4.470483	-0.41227397
9147005	5531	4.686177	-0.50225526
9147005	5532	4.578736	-0.35204244
9147005	5533	4.5665264	-0.3496666
9147005	5534	4.1740446	-0.045277297
9147005	5535	4.3942585	-0.31727993
9147005	5536	2.8203034	-0.95650667
9147005	5537	2.148522	-0.51571137
9147005	5538	2.0849333	1.2098262
9147005	5539	1.5679799	2.057023
9147005	5540	1.5996555	1.9098709
9147005	5541	1.831844	1.9546108
9147005	5542	2.0598435	1.7568743
9147005	5543	2.011127	1.8064718
9147005	5544	1.984886	1.8189824
9147005	5545	2.1405344	1.7100258
9147005	5546	1.8827268	1.8087089
9147005	5547	2.0637321	1.8292336
9147005	5548	2.042469	1.8585346
9147005	5549	2.045385	1.8852048
9147005	5550	2.066175	1.907058
9147005	5551	2.20302	1.7089016
9147005	5552	2.5916815	-0.6732905
9147005	5553	2.8083239	-1.1153487
9147005	5554	2.121397	1.1632988
9147005	5555	2.2548938	1.2614415
9147005	5556	2.3386211	1.1829478
9147005	5557	2.427823	0.94083416
9147005	5558	2.424283	1.2127082
9147005	5559	2.3054047	1.3474255
9147005	5560	2.5775409	0.9801514
9147005	5561	2.4555602	1.2622386
9147005	5562	2.6652875	1.053211
9147005	5563	2.9718804	0.664533
9147005	5564	2.913312	0.7848357
9147005	5565	3.1560454	0.5390742
9147005	5566	3.077722	0.59202385
9147005	5567	3.2918696	0.46437654
9147005	5568	3.3249688	0.36900732
9147005	5569	3.4066606	0.41024372
9147005	5570	3.342217	0.2591621
9147005	5571	3.2850828	0.4951423
9147005	5572	3.1541624	0.61494935
9147005	5573	2.389854	1.178346
9147005	5574	2.894493	0.82148373
9147005	5575	3.0608282	0.66258633
9147005	5576	3.0282655	0.6293179
9147005	5577	3.2201576	0.52333724
9147005	5578	3.1603832	0.53989565
9147005	5579	3.5777512	0.18610969
9147005	5580	3.5943146	0.0037890077
9147005	5581	3.4922686	0.10296568
9147005	5582	3.4269052	0.12639949
9147005	5583	3.3495693	0.38388196
9147005	5584	3.1057773	0.65933573
9147005	5585	2.9677663	0.7720994
9147005	5586	3.0048256	0.78707755
9147005	5587	3.2356539	0.53230727
9147005	5588	3.4731255	0.41343936
9147005	5589	3.8696108	0.030664325
9147005	5590	4.066485	-0.056739897
9147005	5591	4.0628176	-0.07113618
9147005	5592	3.9875097	-0.22358693
9147005	5593	3.9940329	-0.056753755
9147005	5594	4.4884267	-0.3930214
9147005	5595	4.4553733	-0.37019163
9147005	5596	4.128336	-0.27691072
9147005	5597	3.7830634	0.041840106
9147005	5598	3.9373555	-0.0143683255
9147005	5599	3.4855757	0.3494952
9147005	5600	3.7235909	0.029936165
9147005	5601	3.4417	0.44087437
9147005	5602	3.2101922	0.57831657
9147005	5603	3.672349	0.15753445
9147005	5604	3.8441043	-0.13738483
9147005	5605	3.648656	0.15533367
9147005	5606	3.4690366	0.35462984
9147005	5607	3.4842658	0.3127348
9147005	5608	3.2803478	0.51826155
9147005	5609	3.0531387	0.67169416
9147005	5610	2.7759013	0.7972828
9147005	5611	2.4952016	1.0542014
9147005	5612	2.3223763	1.2384089
9147005	5613	2.5746627	1.0267828
9147005	5614	2.305935	1.2118403
9147005	5615	0.7988281	0.56485116
9147005	5616	1.1897333	1.973145
9147005	5617	1.7111219	-0.37799442
9147005	5618	1.5690025	-0.38503888
9147005	5619	1.4592494	-0.11770296
9147005	5620	2.9600778	0.36337462
9147005	5621	2.8887935	0.34600207
9147005	5622	2.7860603	0.53861
9147005	5623	2.8653584	0.5364181
9147005	5624	2.8992891	0.590351
9147005	5625	2.939073	0.6302153
9147005	5626	2.9785824	0.5484587
9147005	5627	2.9196558	0.6254451
9147005	5628	2.8807125	0.6482594
9147005	5629	2.7659802	0.7791437
9147005	5630	2.6702094	0.8401339
9147005	5631	2.8484473	0.7729814
9147005	5632	2.7184696	0.8637878
9147005	5633	2.768714	0.8299321
9147005	5634	2.788886	0.720014
9147005	5635	2.9933515	0.609035
9147005	5636	3.0944996	0.55289066
9147005	5637	3.13983	0.5911052
9147005	5638	2.4085588	1.2765123
9147005	5639	2.0229282	1.5874138
9147005	5640	1.4674222	2.3346057
9147005	5641	2.1667833	1.5801044
9147005	5642	1.4054859	2.4566727
9147005	5643	1.5175394	2.3060975
9147005	5644	1.0607228	2.9401171
9147005	5645	1.5702518	2.2856112
9147005	5646	1.287848	2.782287
9147005	5647	1.8849431	1.8539553
9147005	5648	2.1373496	1.6868935
9147005	5649	2.0287666	1.824059
9147005	5650	2.5238714	1.3331654
9147005	5651	2.2465754	1.6262572
9147005	5652	2.2350411	1.6597314
9147005	5653	2.2282028	1.6384389
9147005	5654	1.6388644	2.418434
9147005	5655	2.3742414	1.4756852
9147005	5656	2.6868277	1.316497
9147005	5657	3.1281676	0.74485385
9147005	5658	3.0609212	0.95802915
9147005	5659	2.2637773	1.8468904
9147005	5660	2.646112	1.1501715
9147005	5661	2.6241436	1.4176328
9147005	5662	2.7982526	1.1291778
9147005	5663	3.0310822	1.0471237
9147005	5664	3.564857	0.7980248
9147005	5665	3.4397821	0.69462454
9147005	5666	3.42377	0.7952062
9147005	5667	3.3263526	0.7826147
9147005	5668	3.4345503	0.76219714
9147005	5669	3.2374778	0.88809144
9147005	5670	3.3590255	0.81856465
9147005	5671	3.2475734	0.89987195
9147005	5672	3.0974765	0.97538495
9147005	5673	3.3218164	0.74703324
9147005	5674	3.22473	0.883034
9147005	5675	3.5553064	0.6089227
9147005	5676	3.679224	0.5529151
9147005	5677	3.5737596	0.3973746
9147005	5678	3.4866948	0.65872395
9147005	5679	3.4639716	0.62576115
9147005	5680	3.4696422	0.7019801
9147005	5681	3.29179	0.7923665
9147005	5682	3.3509345	0.7533245
9147005	5683	3.3744826	0.77392185
9147005	5684	3.1168685	1.1041814
9147005	5685	3.1878095	0.80148315
9147005	5686	3.3527985	0.759961
9147005	5687	3.284905	0.82997584
9147005	5688	2.832878	1.0927346
9147005	5689	2.071454	1.8450143
9147005	5690	2.2715802	1.7070549
9147005	5691	2.4915857	1.5995259
9147005	5692	2.7892313	1.2321931
9147005	5693	2.5816994	1.4319445
9147005	5694	2.2681117	1.7378101
9147005	5695	2.3193846	1.7244813
9147005	5696	2.221651	1.838788
9147005	5697	2.2056546	1.839788
9147005	5698	2.5466385	1.5699956
9147005	5699	3.07487	0.9618919
9147005	5700	2.6802015	1.4274151
9147005	5701	2.694108	1.3248942
9147005	5702	2.5668058	1.5590067
9147005	5703	2.7323065	1.3707675
9147005	5704	1.6884309	2.3654864
9147005	5705	1.5749503	2.362504
9147005	5706	2.1052527	1.9750113
9147005	5707	1.7753936	2.400422
9147005	5708	1.7712177	2.2797213
9147005	5709	1.7003187	2.5493388
9147005	5710	1.9276534	2.3219547
9147005	5711	1.9998015	2.3334568
9147005	5712	1.8423239	2.4767156
9147005	5713	1.9825209	2.2387068
9147005	5714	2.0884132	2.2934616
9147005	5715	2.0855527	2.1037102
9147005	5716	1.9499134	2.214348
9147005	5717	1.9336344	2.2741628
9147005	5718	2.3612466	2.0026386
9147005	5719	2.6990986	1.6866357
9147005	5720	2.0767431	2.2814572
9147005	5721	2.0010085	2.1993155
9147005	5722	2.2094388	2.227139
9147005	5723	2.2853007	2.0505586
9147005	5724	2.1556911	2.0939674
9147005	5725	1.6785523	2.7888665
9147005	5726	1.650046	2.828024
9147005	5727	2.0599155	2.3858974
9147005	5728	2.1319761	2.3775702
9147005	5729	1.8424414	2.7677934
9147005	5730	1.6096638	3.0780473
9147005	5731	2.036224	2.201406
9147005	5732	2.504424	1.93186
9147005	5733	2.3489823	1.9784784
9147005	5734	2.2697568	2.0589077
9147005	5735	2.3984566	1.8761392
9147005	5736	1.9385258	2.540299
9147005	5737	2.4241967	1.9595315
9147005	5738	1.9607161	2.6545227
9147005	5739	2.8554058	1.5862262
9147005	5740	2.2866473	2.2607265
9147005	5741	1.4835249	3.2421653
9147005	5742	0.36026615	4.188255
9147005	5743	0.1719222	4.7386293
9147005	5744	0.45870012	4.313596
9147005	5745	-0.28691173	5.277933
9147005	5746	-0.7638871	3.9725335
9147005	5747	-0.45605472	2.9314854
9147005	5748	0.96339095	2.97609
9147005	5749	1.2615697	2.6478765
9147005	5750	1.461763	2.597722
9147005	5751	1.7088054	2.2123315
9147005	5752	2.1355767	1.7465999
9147005	5753	2.3576446	1.4078307
9147005	5754	2.1022973	1.9576604
9147005	5755	2.1090226	1.9321442
9147005	5756	2.4109774	1.677587
9147005	5757	2.5568213	1.5730925
9147005	5758	2.207449	2.0747588
9147005	5759	2.2981057	1.8845656
9147005	5760	2.3898582	1.7742276
9147005	5761	2.1764188	1.8951881
9147005	5762	2.1629853	2.0683448
9147005	5763	2.1367216	1.9379156
9147005	5764	1.6808194	2.7586718
9147005	5765	1.3320642	2.9557433
9147005	5766	1.0405651	3.4980574
9147005	5767	0.65790844	4.0456715
9147005	5768	0.9909624	3.6140711
9147005	5769	0.93542194	3.4899828
9147005	5770	1.1149099	3.3720057
9147005	5771	1.217223	3.2152703
9147005	5772	0.55080235	4.0023913
9147005	5773	1.3273565	3.1120784
9147005	5774	0.9940623	3.331623
9147005	5775	0.5269768	3.9975865
9147005	5776	0.2301225	4.239386
9147005	5777	-0.59700286	2.9948664
9147005	5778	-0.10382661	1.9240303
9147005	5779	1.5873853	2.0738952
9147005	5780	1.9340693	1.5837626
9147005	5781	2.2967548	1.2877576
9147005	5782	2.375668	1.1889875
9147005	5783	2.4772367	1.1682533
9147005	5784	2.8148355	1.0804545
9147005	5785	2.4871507	1.3281016
9147005	5786	2.9055986	1.0692449
9147005	5787	3.1509075	0.90938723
9147005	5788	3.1869144	0.88884115
9147005	5789	3.2163754	0.8771925
9147005	5790	3.3521323	0.7179084
9147005	5791	3.273291	0.8047949
9147005	5792	2.9693923	1.0714293
9147005	5793	2.567854	1.4369484
9147005	5794	2.8623686	1.1458119
9147005	5795	2.4880977	1.5434563
9147005	5796	3.1319308	0.7164103
9147005	5797	3.464312	0.5266409
9147005	5798	3.4635868	0.64912355
9147005	5799	3.3974771	0.6981281
9147005	5800	3.6141253	0.46078894
9147005	5801	3.425334	0.7877865
9147005	5802	3.5739594	0.41652116
9147005	5803	3.6000962	0.4851546
9147005	5804	3.63835	0.45753595
9147005	5805	3.6285243	0.46061525
9147005	5806	3.1481848	0.9774517
9147005	5807	3.7199755	0.22917351
9147005	5808	3.9069967	0.17498395
9147005	5809	4.1110654	0.074489206
9147005	5810	4.130365	0.0048778355
9147005	5811	3.9451284	0.2334185
9147005	5812	3.9110365	0.19630805
9147005	5813	3.293538	0.8127978
9147005	5814	3.1015878	0.7977145
9147005	5815	3.7045856	0.49603525
9147005	5816	3.6695657	0.5148711
9147005	5817	3.7857838	0.34213415
9147005	5818	3.8651214	0.26176843
9147005	5819	3.8890996	0.28547338
9147005	5820	3.9508018	0.17950943
9147005	5821	3.5875788	0.48645744
9147005	5822	3.590643	0.4552054
9147005	5823	3.9341803	0.24919084
9147005	5824	4.0048714	0.16057238
9147005	5825	3.5183797	0.50403357
9147005	5826	3.4495149	0.54869854
9147005	5827	3.3295908	0.6353054
9147005	5828	3.5165472	0.47239044
9147005	5829	3.7447915	0.3175774
9147005	5830	3.7894034	0.3247936
9147005	5831	4.154026	0.045357436
9147005	5832	3.8108392	0.39651003
9147005	5833	3.3385158	0.79827416
9147005	5834	2.7563958	1.1818608
9147005	5835	3.3588195	0.66019666
9147005	5836	3.839754	0.18194315
9147005	5837	3.5002146	0.5708015
9147005	5838	3.651466	0.4925492
9147005	5839	3.6613917	0.42172423
9147005	5840	3.8830361	0.37279955
9147005	5841	3.9663458	0.18917099
9147005	5842	4.0267086	0.2346743
9147005	5843	4.3750005	-0.13375169
9147005	5844	3.9201179	0.37371048
9147005	5845	4.0401936	0.1802418
9147005	5846	4.090763	0.20885101
9147005	5847	3.8659992	0.34133682
9147005	5848	4.4365478	-0.25452942
9147005	5849	4.556496	-0.24802531
9147005	5850	4.4912004	-0.1510109
9147005	5851	4.0377364	0.26109102
9147005	5852	3.8928041	0.37944987
9147005	5853	3.949183	0.28698
9147005	5854	3.9809265	0.27304402
9147005	5855	3.9268622	0.3121688
9147005	5856	4.442995	-0.20129341
9147005	5857	4.5050397	-0.18025383
9147005	5858	3.7901697	0.37824556
9147005	5859	4.1744146	0.026728243
9147005	5860	3.9818583	0.3553572
9147005	5861	3.8267455	0.46190503
9147005	5862	3.8744097	0.3771619
9147005	5863	3.6135845	0.6353555
9147005	5864	3.4055433	0.7659558
9147005	5865	3.804996	0.34531012
9147005	5866	3.5873137	0.6266942
9147005	5867	3.3558922	0.84445
9147005	5868	3.620006	0.44643512
9147005	5869	3.605297	0.5766803
9147005	5870	3.6034245	0.5690193
9147005	5871	3.4064717	0.77761924
9147005	5872	3.6492572	0.40496662
9147005	5873	3.7126393	0.46958157
9147005	5874	4.0946937	0.11426243
9147005	5875	3.664003	0.61791885
9147005	5876	3.3908043	0.8043667
9147005	5877	3.4523158	0.7276567
9147005	5878	3.2866936	0.8760108
9147005	5879	3.6579652	0.45864353
9147005	5880	3.3849473	0.82009435
9147005	5881	3.362218	0.7806964
9147005	5882	3.3630257	0.84062684
9147005	5883	3.384697	0.7961252
9147005	5884	3.4035711	0.7993493
9147005	5885	3.007822	1.0781951
9147005	5886	3.368977	0.6578268
9147005	5887	3.429397	0.6838869
9147005	5888	3.175509	0.83355105
9147005	5889	3.6981301	0.32248363
9147005	5890	3.3498702	0.7327231
9147005	5891	3.6997452	0.29429254
9147005	5892	3.6804047	0.43433264
9147005	5893	3.6483455	0.44821033
9147005	5894	4.1611814	-0.032197118
9147005	5895	4.2201047	-0.01808086
9147005	5896	3.6519213	0.50185966
9147005	5897	3.5340066	0.53743804
9147005	5898	4.0555806	0.04016733
9147005	5899	4.178526	-0.028616011
9147005	5900	4.22941	0.011505276
9147005	5901	4.4109783	-0.19002241
9147005	5902	4.325507	-0.11416742
9147005	5903	4.3301435	-0.14478904
9147005	5904	4.18491	0.07533589
9147005	5905	4.2696223	-0.3011747
9147005	5906	4.2758956	-0.12327707
9147005	5907	4.2652173	-0.15160999
9147005	5908	4.2870374	-0.15566102
9147005	5909	4.170135	-0.01941228
9147005	5910	4.2873116	-0.19305938
9147005	5911	4.5319576	-0.3738793
9147005	5912	3.4121757	-1.2761049
9147005	5913	2.9744039	0.4337432
9147005	5914	2.8722768	0.69878674
9147005	5915	2.9869928	0.73350203
9147005	5916	2.981679	0.8073952
9147005	5917	2.9345136	0.7766595
9147005	5918	2.6998153	0.95673597
9147005	5919	3.1233554	0.54584646
9147005	5920	3.3851414	0.30376378
9147005	5921	3.4195952	0.27830914
9147005	5922	3.54144	0.19749042
9147005	5923	3.5123162	0.20951638
9147005	5924	2.2527647	1.2406086
9147005	5925	2.4396448	1.1426923
9147005	5926	2.1820502	1.4086604
9147005	5927	2.4334044	-0.68616825
9147005	5928	2.1481142	1.0006804
9147005	5929	3.321391	-1.3846061
9147005	5930	3.1613126	-1.5137534
9147005	5931	2.9559731	-1.3479775
9147005	5932	2.3238716	-0.80881715
9147005	5933	1.9831084	-0.62556136
9147005	5934	1.7249707	1.5209051
9147005	5935	1.5535783	1.9106729
9147005	5936	1.4005847	2.2294567
9147005	5937	1.6681448	1.917937
9147005	5938	2.4506898	1.0997369
9147005	5939	2.0514207	1.4739918
9147005	5940	2.2090182	1.2368757
9147005	5941	1.8967873	1.5505941
9147005	5942	1.7408794	1.7129295
9147005	5943	2.1122952	1.5371686
9147005	5944	2.1640472	1.3615112
9147005	5945	2.5688882	1.138185
9147005	5946	2.9892359	0.6402545
9147005	5947	2.4047098	1.2357968
9147005	5948	1.6378425	1.9619443
9147005	5949	1.8593112	1.5187972
9147005	5950	1.7677268	1.6870553
9147005	5951	1.8056308	1.853183
9147005	5952	2.013184	1.6506917
9147005	5953	3.2388153	0.49581477
9147005	5954	3.3450584	0.5316229
9147005	5955	3.6523542	0.23457101
9147005	5956	4.009203	-0.057531804
9147005	5957	4.0414715	-0.03152767
9147005	5958	4.0399513	-0.07877347
9147005	5959	4.163956	-0.19650397
9147005	5960	4.214418	-0.22768712
9147005	5961	4.9063187	-0.64855856
9147005	5962	4.8188376	-0.5486025
9147005	5963	5.128895	-0.9196482
9147005	5964	5.10286	-0.8865589
9147005	5965	4.83901	-0.7626116
9147005	5966	4.579209	-0.63240075
9147005	5967	4.4800777	-0.59994125
9147005	5968	4.453747	-0.5822802
9147005	5969	4.3754144	-0.5111333
9147005	5970	4.3416786	-0.46777195
9147005	5971	4.453898	-0.5954175
9147005	5972	4.365788	-0.53199977
9147005	5973	4.486908	-0.700071
9147005	5974	4.509654	-0.7038666
9147005	5975	4.4682384	-0.6891392
9147005	5976	4.3766265	-0.55280304
9147005	5977	4.0766807	-0.393415
9147005	5978	4.3829255	-0.7242039
9147005	5979	4.2494597	-0.49965253
9147005	5980	4.0270314	-0.36031428
9147005	5981	3.9530082	-0.26596826
9147005	5982	3.692225	-0.03379792
9147005	5983	3.809723	-0.12517908
9147005	5984	3.8695717	-0.17535403
9147005	5985	4.205295	-0.4124391
9147005	5986	4.049069	-0.4268499
9147005	5987	4.05674	-0.35589886
9147005	5988	4.239276	-0.5045739
9147005	5989	4.0305552	-0.28442147
9147005	5990	4.2027297	-0.51287186
9147005	5991	4.175302	-0.43178263
9147005	5992	3.9926968	-0.28216416
9147005	5993	3.7934647	-0.096654415
9147005	5994	3.6674323	-0.002581358
9147005	5995	3.784912	-0.18727943
9147005	5996	3.809875	-0.14059082
9147005	5997	3.6958313	-0.085917294
9147005	5998	3.7469435	-0.12699527
9147005	5999	3.802009	-0.13809463
9147005	6000	3.8195453	-0.16350847
9147005	6001	3.812561	-0.14645147
9147005	6002	3.834529	-0.1819042
9147005	6003	3.825048	-0.15780672
9147005	6004	3.2935686	0.35070398
9147005	6005	3.3600483	0.23318902
9147005	6006	3.1637654	0.45007953
9147005	6007	3.4420867	0.038888127
9147005	6008	3.6620126	-0.18590635
9147005	6009	3.7427526	-0.042990953
9147005	6010	3.8939228	-0.29390937
9147005	6011	3.9001298	-0.20922345
9147005	6012	4.170747	-0.5230447
9147005	6013	4.119347	-0.38445544
9147005	6014	3.9320335	-0.26991075
9147005	6015	3.9439497	-0.2770989
9147005	6016	3.934681	-0.27094716
9147005	6017	4.042511	-0.3627465
9147005	6018	4.036587	-0.34958944
9147005	6019	3.9682736	-0.24641144
9147005	6020	3.9922175	-0.3251582
9147005	6021	4.082837	-0.40433198
9147005	6022	3.5891018	0.13013372
9147005	6023	3.595076	0.0259566
9147005	6024	4.0762744	-0.46183828
9147005	6025	4.087322	-0.35209024
9147005	6026	4.0391054	-0.35874686
9147005	6027	4.043502	-0.32953602
9147005	6028	4.05633	-0.3592599
9147005	6029	4.0262647	-0.32669735
9147005	6030	4.0361247	-0.34129965
9147005	6031	4.040889	-0.31600744
9147005	6032	4.022695	-0.3211189
9147005	6033	4.041491	-0.33639255
9147005	6034	2.0664434	-1.2003775
9147005	6035	1.9900342	-0.7533148
9147005	6036	1.6665674	1.278273
9147005	6037	1.5124966	1.8920853
9147005	6038	1.6809558	1.7286282
9147005	6039	1.5903999	1.8339446
9147005	6040	1.6535274	1.7627544
9147005	6041	1.4536103	1.7577286
9147005	6042	1.26466	1.9259105
9147005	6043	1.1342937	2.0823133
9147005	6044	1.441994	1.9873719
9147005	6045	1.3397249	1.8588216
9147005	6046	1.6052204	1.8243718
9147005	6047	1.8560444	1.5615497
9147005	6048	2.002461	1.5569451
9147005	6049	1.0575067	2.5429788
9147005	6050	0.36684954	0.6537316
9147005	6051	1.2998929	2.070851
9147005	6052	1.4550161	0.14852181
9147005	6053	0.9211949	0.14433184
9147005	6054	2.8898058	0.53217053
9147005	6055	2.7033405	0.9032229
9147005	6056	3.2268853	0.5667213
9147005	6057	2.3086252	1.3760692
9147005	6058	2.5806494	1.2259516
9147005	6059	2.251854	1.3866758
9147005	6060	2.44701	1.4007691
9147005	6061	1.8963851	2.0603542
9147005	6062	2.1289272	1.4323211
9147005	6063	1.9400061	1.6435385
9147005	6064	1.9142631	1.6672957
9147005	6065	2.3100476	1.2325
9147005	6066	2.7520843	0.8797754
9147005	6067	3.0095167	0.6899648
9147005	6068	2.937519	1.0355022
9147005	6069	3.1842108	0.5562254
9147005	6070	3.2485032	0.5828959
9147005	6071	3.0560656	0.648075
9147005	6072	2.837182	0.90730953
9147005	6073	2.7969728	0.9370878
9147005	6074	2.806744	0.97118986
9147005	6075	3.0862036	0.57321286
9147005	6076	4.3100467	-0.4146598
9147005	6077	4.0239844	-0.05679536
9147005	6078	4.2252374	-0.34951472
9147005	6079	4.331134	-0.45738202
9147005	6080	4.3186398	-0.4299688
9147005	6081	3.9667382	-0.18619654
9147005	6082	3.9028692	-0.18000478
9147005	6083	4.333409	-0.52128005
9147005	6084	3.8418589	-0.06488529
9147005	6085	3.8707519	-0.081032544
9147005	6086	3.6796985	0.19144347
9147005	6087	3.8979688	-0.16582197
9147005	6088	3.9085622	-0.0946618
9147005	6089	3.8704243	-0.008311003
9147005	6090	3.961604	-0.09595692
9147005	6091	4.333718	-0.54096824
9147005	6092	3.9482775	-0.064209044
9147005	6093	4.244768	-0.43246263
9147005	6094	3.9837112	-0.3387208
9147005	6095	3.9174228	-0.039991826
9147005	6096	4.455566	-0.5039113
9147005	6097	4.766298	-0.7324321
9147005	6098	4.717568	-0.6607479
9147005	6099	3.2506275	-1.9175938
9147005	6100	2.400795	0.5427284
9147005	6101	2.479784	0.62090564
9147005	6102	2.6374412	0.5653342
9147005	6103	2.9152465	0.38030472
9147005	6104	3.132523	0.20174381
9147005	6105	3.239842	0.053242832
9147005	6106	3.4147253	-0.048511952
9147005	6107	3.52708	-0.14339676
9147005	6108	3.5502143	-0.15732664
9147005	6109	3.4636688	-0.13326988
9147005	6110	3.8059497	-0.37033367
9147005	6111	3.614809	-0.1872127
9147005	6112	2.2642136	0.8697016
9147005	6113	3.2297182	0.092731565
9147005	6114	3.369073	0.054778308
9147005	6115	3.3058734	-0.014953911
9147005	6116	3.2132263	0.15618071
9147005	6117	3.2315803	0.072267205
9147005	6118	3.5145097	-0.14249733
9147005	6119	3.8065004	-0.33881164
9147005	6120	3.5521574	-0.1334118
9147005	6121	3.3743458	0.071600646
9147005	6122	3.396387	-0.003449291
9147005	6123	3.364874	0.047740072
9147005	6124	3.3876457	0.0030268133
9147005	6125	3.410884	0.0131081045
9147005	6126	3.3274202	0.11002675
9147005	6127	3.3237553	0.091766566
9147005	6128	3.4213915	0.057397634
9147005	6129	3.465722	0.00021147728
9147005	6130	3.3877015	0.07315537
9147005	6131	2.6616044	0.62310684
9147005	6132	3.264885	0.09991184
9147005	6133	3.1949925	0.20295599
9147005	6134	2.8536682	0.49809012
9147005	6135	2.6455717	0.63604414
9147005	6136	2.0311837	1.1824733
9147005	6137	1.7536758	1.4444004
9147005	6138	1.3725424	1.7413347
9147005	6139	1.0991851	2.1423872
9147005	6140	0.966002	2.2710948
9147005	6141	0.8545896	2.4998333
9147005	6142	1.3024539	1.940234
9147005	6143	1.3439374	1.9699619
9147005	6144	1.3724226	1.8308966
9147005	6145	1.310191	1.8644278
9147005	6146	1.3282619	1.824887
9147005	6147	2.2259197	1.1411257
9147005	6148	1.8765284	1.3978273
9147005	6149	1.9799536	1.4792851
9147005	6150	1.9612666	1.4798667
9147005	6151	1.8966295	1.5704737
9147005	6152	1.9508883	1.389044
9147005	6153	1.681264	1.749089
9147005	6154	2.1564121	1.3209693
9147005	6155	2.0199895	1.4057456
9147005	6156	1.9509741	1.365889
9147005	6157	2.1710887	1.027326
9147005	6158	1.4698988	1.8250568
9147005	6159	1.3193198	2.1042671
9147005	6160	1.6079978	2.0756557
9147005	6161	1.6376134	1.9027483
9147005	6162	1.64595	2.020405
9147005	6163	1.8002661	1.784859
9147005	6164	1.8675021	1.7114549
9147005	6165	2.4557047	1.156224
9147005	6166	2.2011304	1.4183496
9147005	6167	2.3270998	1.3715483
9147005	6168	2.4527006	1.2431202
9147005	6169	2.5217333	1.2077171
9147005	6170	2.4329638	1.2869416
9147005	6171	2.4171848	1.3153331
9147005	6172	2.4056907	1.3189671
9147005	6173	2.2726998	1.455994
9147005	6174	2.8165946	0.8472158
9147005	6175	3.0595117	0.6494523
9147005	6176	3.0806737	0.74186647
9147005	6177	3.0144725	0.7718811
9147005	6178	2.70358	0.9792601
9147005	6179	2.7290707	0.9714353
9147005	6180	2.5291348	1.127836
9147005	6181	2.2066045	1.5018929
9147005	6182	2.1756086	1.5306754
9147005	6183	2.167605	1.540341
9147005	6184	2.094534	1.6263196
9147005	6185	2.0959053	1.5168213
9147005	6186	2.1990395	1.5858493
9147005	6187	2.5102305	1.2443365
9147005	6188	2.4085379	1.2241342
9147005	6189	2.511735	1.1597033
9147005	6190	3.034687	0.7621311
9147005	6191	2.9677415	0.8370564
9147005	6192	3.2830229	0.54801464
9147005	6193	3.1072497	0.68826175
9147005	6194	2.817371	0.938077
9147005	6195	2.5821047	1.1015141
9147005	6196	2.4104652	1.283845
9147005	6197	2.0772033	1.5466819
9147005	6198	2.0636358	1.5533984
9147005	6199	1.7408272	1.8558061
9147005	6200	1.8062643	1.7943163
9147005	6201	1.7968711	1.771735
9147005	6202	2.1081424	1.477948
9147005	6203	2.140922	1.5398234
9147005	6204	1.9548708	1.6364546
9147005	6205	1.7928785	1.766593
9147005	6206	1.7169195	1.8553584
9147005	6207	1.7572309	1.9665825
9147005	6208	1.1633626	2.6779678
9147005	6209	1.3667463	2.456508
9147005	6210	1.08522	2.6428823
9147005	6211	1.2607669	2.569929
9147005	6212	1.1706585	2.5970938
9147005	6213	1.1705563	2.635587
9147005	6214	1.1876432	2.6031547
9147005	6215	1.2425678	2.575251
9147005	6216	0.21602488	3.7721927
9147005	6217	0.030247986	4.410979
9147005	6218	-0.32081515	5.3891597
9147005	6219	-0.3146333	5.2643313
9147005	6220	-1.0767598	4.0329056
9147005	6221	0.8018786	2.9029627
9147005	6222	0.41384244	3.3615034
9147005	6223	0.6813624	3.2638373
9147005	6224	0.6920742	3.2321897
9147005	6225	0.87607896	2.885109
9147005	6226	0.9950912	2.608739
9147005	6227	1.3648896	2.2487175
9147005	6228	1.4040475	2.040366
9147005	6229	1.4397477	1.9916115
9147005	6230	1.6187762	1.6947386
9147005	6231	1.5968117	1.7766819
9147005	6232	1.7039877	1.9058073
9147005	6233	1.8197614	1.5461302
9147005	6234	2.2896104	1.2594804
9147005	6235	2.1738882	1.3474348
9147005	6236	2.2022195	1.3130778
9147005	6237	2.3300033	1.2294434
9147005	6238	2.4718413	0.9228898
9147005	6239	2.307013	1.1766047
9147005	6240	2.372261	1.0957619
9147005	6241	1.9663919	1.5103471
9147005	6242	1.8417658	1.5063925
9147005	6243	2.1297917	1.3322352
9147005	6244	2.1108937	1.3557472
9147005	6245	1.983553	1.374635
9147005	6246	2.0884867	1.4038495
9147005	6247	2.0309534	1.5225486
9147005	6248	1.8746754	1.5435462
9147005	6249	1.6998814	1.7513945
9147005	6250	1.5453395	2.0211675
9147005	6251	1.5017792	2.1037276
9147005	6252	1.4382334	2.0521638
9147005	6253	1.2129593	2.5214198
9147005	6254	0.8157562	3.020996
9147005	6255	1.6769091	2.0518289
9147005	6256	1.2135792	2.6060827
9147005	6257	1.9433788	1.8946517
9147005	6258	2.207703	1.5568941
9147005	6259	2.2542958	1.6491616
9147005	6260	2.3633933	1.3264644
9147005	6261	2.552413	1.3126374
9147005	6262	2.8440766	1.1130128
9147005	6263	2.703289	1.2015387
9147005	6264	3.29319	0.7124808
9147005	6265	2.2839484	1.6498244
9147005	6266	2.4167104	1.4996539
9147005	6267	2.4281263	1.4790089
9147005	6268	2.594428	1.2480241
9147005	6269	2.6024475	1.2075729
9147005	6270	2.406753	1.5036657
9147005	6271	3.2331533	0.634614
9147005	6272	2.3050318	1.5816901
9147005	6273	2.126678	1.7880244
9147005	6274	1.978541	1.7929378
9147005	6275	2.340115	1.4944093
9147005	6276	2.4963422	1.368674
9147005	6277	2.409358	1.4364437
9147005	6278	2.8395514	1.0834142
9147005	6279	3.4756274	0.49707344
9147005	6280	2.608389	1.3419843
9147005	6281	2.7425613	1.1591347
9147005	6282	2.7795892	1.1540568
9147005	6283	2.6001496	1.3004116
9147005	6284	2.2729917	1.7332497
9147005	6285	2.3500676	1.614763
9147005	6286	2.1380916	1.6880667
9147005	6287	2.5113468	1.3265501
9147005	6288	3.814126	0.18037733
9147005	6289	3.647357	0.5622562
9147005	6290	0.746892	0.4867122
9147005	6291	1.2567629	0.6412282
9147005	6292	1.4900686	1.7343507
9147005	6293	2.0184522	1.3803008
9147005	6294	2.1663432	1.3089199
9147005	6295	2.3319135	1.1618166
9147005	6296	2.3658676	1.1312199
9147005	6297	2.7179675	0.9038317
9147005	6298	2.7148008	0.88472474
9147005	6299	3.0878806	0.5455431
9147005	6300	2.9918656	0.6349962
9147005	6301	3.1498346	0.41274682
9147005	6302	3.1848412	0.43042728
9147005	6303	3.1861672	0.32493696
9147005	6304	3.056335	0.64372003
9147005	6305	3.2333832	0.3968552
9147005	6306	3.2239237	0.43163243
9147005	6307	3.2970037	0.35142466
9147005	6308	3.284387	0.41019472
9147005	6309	3.5459714	0.15412858
9147005	6310	3.4496508	0.25973424
9147005	6311	3.581112	0.10599324
9147005	6312	3.444676	0.21321222
9147005	6313	3.5032773	0.21551773
9147005	6314	3.7506104	-0.02835983
9147005	6315	3.500266	0.2458894
9147005	6316	3.4736962	0.19972739
9147005	6317	3.537952	0.19365421
9147005	6318	3.491633	0.19573846
9147005	6319	3.5922961	0.09534678
9147005	6320	3.745245	-0.095992565
9147005	6321	3.9520588	-0.20055458
9147005	6322	4.275291	-0.38301468
9147005	6323	4.1748505	-0.34989882
9147005	6324	4.174536	-0.4407444
9147005	6325	4.4502845	-0.6810498
9147005	6326	4.267053	-0.4487668
9147005	6327	4.2460556	-0.5021396
9147005	6328	4.1284127	-0.45911065
9147005	6329	3.9496841	-0.27044645
9147005	6330	3.9922829	-0.4731807
9147005	6331	3.9325414	-0.29301065
9147005	6332	3.6785412	-0.13131937
9147005	6333	3.4116125	0.14391556
9147005	6334	3.573937	-0.059631497
9147005	6335	3.6382475	-0.058310837
9147005	6336	3.2821832	0.3122929
9147005	6337	3.2802682	0.30584452
9147005	6338	2.8599458	0.705665
9147005	6339	2.6410794	0.8813162
9147005	6340	2.4830604	0.9978061
9147005	6341	2.9151282	0.64704764
9147005	6342	3.05578	0.5992124
9147005	6343	3.0305758	0.651191
9147005	6344	2.860837	0.8082386
9147005	6345	3.0028663	0.6664058
9147005	6346	3.105482	0.6045891
9147005	6347	3.0972219	0.6265409
9147005	6348	3.1042676	0.6394254
9147005	6349	3.1165457	0.6320758
9147005	6350	3.123959	0.6327536
9147005	6351	3.5396786	0.2529306
9147005	6352	3.1014442	0.66700065
9147005	6353	3.0686064	0.70304525
9147005	6354	3.1612406	0.60959756
9147005	6355	3.1799684	0.6113516
9147005	6356	3.155908	0.6169075
9147005	6357	3.1579442	0.6425395
9147005	6358	3.171681	0.6236594
9147005	6359	3.1800714	0.6230674
9147005	6360	2.9727335	0.8541864
9147005	6361	3.1019487	0.65376353
9147005	6362	3.107657	0.71306074
9147005	6363	3.1681046	0.65258884
9147005	6364	3.1505132	0.6681402
9147005	6365	3.1394882	0.6843891
9147005	6366	3.1493044	0.677117
9147005	6367	2.9812293	0.8895308
9147005	6368	3.2783508	0.5076382
9147005	6369	3.0789294	0.74703264
9147005	6370	2.880042	0.7756505
9147005	6371	2.9572287	0.86845374
9147005	6372	2.5570478	1.1668149
9147005	6373	2.4237266	1.277685
9147005	6374	2.6036358	1.0812795
9147005	6375	2.729773	0.97832775
9147005	6376	3.391584	0.40904227
9147005	6377	3.5398393	0.38615164
9147005	6378	2.8095713	0.97049344
9147005	6379	2.7501092	1.0432062
9147005	6380	2.9063826	0.86720693
9147005	6381	2.810297	0.91525745
9147005	6382	2.8129177	0.9990777
9147005	6383	2.76655	1.0490863
9147005	6384	3.270903	0.5725577
9147005	6385	2.6710835	1.1709042
9147005	6386	2.2959914	1.5634222
9147005	6387	2.3342824	1.5296161
9147005	6388	2.3358555	1.5142128
9147005	6389	2.65762	1.2539937
9147005	6390	3.117237	0.73940134
9147005	6391	3.356935	0.62974775
9147005	6392	3.2543573	0.6365982
9147005	6393	3.2556686	0.6918851
9147005	6394	3.7884073	0.15518263
9147005	6395	3.1498575	0.7961495
9147005	6396	3.063314	0.84891593
9147005	6397	3.294352	0.5992106
9147005	6398	3.3559275	0.4945629
9147005	6399	3.4443855	0.5736598
9147005	6400	3.18918	0.5363133
9147005	6401	3.1556406	0.643883
9147005	6402	3.2060637	0.6298933
9147005	6403	2.8445554	0.93595266
9147005	6404	3.320434	0.44525364
9147005	6405	2.6755881	0.8102126
9147005	6406	3.0080495	0.600188
9147005	6407	3.2456026	0.47615078
9147005	6408	3.0937238	0.6279639
9147005	6409	3.1830893	0.49708375
9147005	6410	3.4047146	0.38832155
9147005	6411	4.0469785	-0.17903978
9147005	6412	3.5266113	0.19229093
9147005	6413	3.3870869	0.4372069
9147005	6414	3.4145985	0.33660492
9147005	6415	3.4489722	0.31864932
9147005	6416	3.4744158	0.35081062
9147005	6417	3.4740043	0.339148
9147005	6418	3.4782534	0.3649455
9147005	6419	3.44867	0.35203126
9147005	6420	3.271976	0.5217806
9147005	6421	3.3746858	0.4464167
9147005	6422	3.3835692	0.4239368
9147005	6423	3.1698031	0.60237694
9147005	6424	3.2559357	0.53468466
9147005	6425	3.2966185	0.5454805
9147005	6426	2.9709835	0.89897764
9147005	6427	3.1856713	0.6942152
9147005	6428	2.6496449	1.1985818
9147005	6429	2.4531388	1.4233102
9147005	6430	2.7067804	1.1626247
9147005	6431	2.7840939	1.131485
9147005	6432	2.8046122	1.1395885
9147005	6433	2.7615166	1.1847404
9147005	6434	2.7434888	1.2134193
9147005	6435	3.2453012	0.59973645
9147005	6436	3.377491	0.592361
9147005	6437	3.2952704	0.6586528
9147005	6438	3.7150989	0.28281036
9147005	6439	3.2725253	0.7304578
9147005	6440	3.1336527	0.8207966
9147005	6441	3.2451682	0.715981
9147005	6442	3.2495804	0.735651
9147005	6443	3.354916	0.50844455
9147005	6444	3.222156	0.8769835
9147005	6445	2.5751786	1.2000082
9147005	6446	2.9785652	1.1423489
9147005	6447	2.6308908	1.3348906
9147005	6448	2.3551726	1.5866497
9147005	6449	2.7173066	1.3475808
9147005	6450	2.62037	1.5589719
9147005	6451	2.522688	1.6016138
9147005	6452	2.285233	1.8057566
9147005	6453	2.3545952	1.5365648
9147005	6454	2.6910233	1.3243439
9147005	6455	2.8407564	1.1448946
9147005	6456	2.707683	1.3666542
9147005	6457	3.1867113	0.8709328
9147005	6458	3.2266393	0.88269854
9147005	6459	2.6913948	1.1730504
9147005	6460	2.7462025	1.1562289
9147005	6461	2.7110877	1.2905271
9147005	6462	2.8410916	1.1521447
9147005	6463	2.8439884	1.121653
9147005	6464	2.7810354	1.3702338
9147005	6465	2.7647934	1.3433678
9147005	6466	2.6018791	1.4660643
9147005	6467	3.3864002	0.67818713
9147005	6468	3.1477604	0.9662368
9147005	6469	3.4374065	0.6610017
9147005	6470	3.575501	0.5171658
9147005	6471	3.1180048	1.0065
9147005	6472	3.2399	0.6851113
9147005	6473	2.8984566	1.190915
9147005	6474	2.840301	1.2439704
9147005	6475	2.8698716	1.2112025
9147005	6476	2.6766639	1.3958242
9147005	6477	2.7566743	1.2077855
9147005	6478	3.2064595	0.87714076
9147005	6479	2.821332	1.2408577
9147005	6480	3.1754642	0.8856962
9147005	6481	2.937706	1.126893
9147005	6482	3.0666394	0.95796263
9147005	6483	3.1066804	0.97117555
9147005	6484	2.8826904	1.1042088
9147005	6485	2.6417818	1.3120749
9147005	6486	2.4504056	1.4841489
9147005	6487	2.3874736	1.5615177
9147005	6488	2.423777	1.5686951
9147005	6489	2.488181	1.5421889
9147005	6490	2.525764	1.3830986
9147005	6491	2.435288	1.5787764
9147005	6492	2.2821126	1.6556957
9147005	6493	2.6017995	1.1404845
9147005	6494	2.7724566	1.1068742
9147005	6495	2.7739282	1.2332829
9147005	6496	2.8002372	1.0361798
9147005	6497	2.9918213	0.75864947
9147005	6498	2.6068196	1.2431308
9147005	6499	2.6474185	1.146342
9147005	6500	3.2328944	0.62162626
9147005	6501	3.0165176	0.8332486
9147005	6502	2.908495	0.8662666
9147005	6503	2.7233052	1.0656943
9147005	6504	2.3803725	1.4032607
9147005	6505	2.3767247	1.4473209
9147005	6506	2.377437	1.4783752
9147005	6507	2.2625995	1.6387398
9147005	6508	1.9672657	1.8199275
9147005	6509	1.4966418	2.375835
9147005	6510	1.8933083	2.0745265
9147005	6511	2.0690432	1.8571808
9147005	6512	1.8175246	2.1465447
9147005	6513	1.799385	2.2201877
9147005	6514	2.422215	1.5702062
9147005	6515	2.3734732	1.5069325
9147005	6516	1.773189	2.211118
9147005	6517	1.8818661	2.178403
9147005	6518	1.6528264	2.4262307
9147005	6519	2.0934067	1.7242436
9147005	6520	2.0039463	1.7890825
9147005	6521	2.0527973	1.9985881
9147005	6522	1.8196753	2.0471656
9147005	6523	2.1966166	1.5544624
9147005	6524	2.689848	1.1736606
9147005	6525	2.8881326	1.0873159
9147005	6526	2.7467995	1.2302394
9147005	6527	2.795422	1.1221825
9147005	6528	2.6598544	1.2911062
9147005	6529	3.292365	0.66536295
9147005	6530	3.4595556	0.5339292
9147005	6531	2.9030485	0.98030484
9147005	6532	2.6589012	1.1982771
9147005	6533	2.5422177	1.3031627
9147005	6534	2.685327	1.0770396
9147005	6535	2.8423433	0.9628782
9147005	6536	2.8569093	0.92412996
9147005	6537	2.1813273	1.5995722
9147005	6538	2.5100875	1.3710979
9147005	6539	2.4854994	1.2179207
9147005	6540	2.4913397	1.3146006
9147005	6541	2.116653	1.6798952
9147005	6542	2.1834016	1.6129112
9147005	6543	2.5191154	1.3286471
9147005	6544	2.0767474	1.7669291
9147005	6545	2.058899	1.7796307
9147005	6546	2.1701517	1.7040987
9147005	6547	2.1864038	1.6792216
9147005	6548	2.2936754	1.6060619
9147005	6549	2.7935019	1.0107679
9147005	6550	3.3597932	0.45831153
9147005	6551	3.8605118	0.14081368
9147005	6552	3.2496886	0.7208519
9147005	6553	3.0806727	0.81014013
9147005	6554	3.1855116	0.6531092
9147005	6555	3.3840652	0.5423924
9147005	6556	3.3202233	0.60592806
9147005	6557	3.2915015	0.60835314
9147005	6558	3.3038583	0.59378576
9147005	6559	3.2800183	0.6702951
9147005	6560	3.1739688	0.6721556
9147005	6561	3.3682303	0.54958355
9147005	6562	3.469943	0.45484743
9147005	6563	3.2693276	0.65176
9147005	6564	3.0295644	0.8016176
9147005	6565	2.6575704	1.111201
9147005	6566	2.6558175	1.0721685
9147005	6567	2.7567515	1.0012325
9147005	6568	2.841844	1.0077382
9147005	6569	2.9364772	0.9295776
9147005	6570	2.877368	0.9697114
9147005	6571	3.3748236	0.46494403
9147005	6572	3.462006	0.45897225
9147005	6573	3.3712592	0.5402436
9147005	6574	3.3211827	0.5719174
9147005	6575	4.2366056	-0.41890082
9147005	6576	4.409129	-0.49553955
9147005	6577	4.235126	-0.24215025
9147005	6578	4.2481823	-0.35043034
9147005	6579	2.8082514	-1.4234632
9147005	6580	2.4299135	-1.0585897
9147005	6581	1.9188913	1.0073371
9147005	6582	1.5357379	1.7471266
9147005	6583	1.5627397	1.7941642
9147005	6584	1.3863748	1.836407
9147005	6585	1.5892476	1.7455094
9147005	6586	1.8815938	1.4433736
9147005	6587	1.7647678	1.5623219
9147005	6588	1.6264247	1.70509
9147005	6589	1.8382696	1.5405858
9147005	6590	1.662527	1.7257354
9147005	6591	1.6127471	1.8123045
9147005	6592	1.7166859	1.6163354
9147005	6593	2.0839615	1.3164188
9147005	6594	2.2783775	1.1478103
9147005	6595	2.3646817	1.0679638
9147005	6596	2.4883313	1.0226198
9147005	6597	2.421204	0.86650205
9147005	6598	2.4894629	0.96517634
9147005	6599	2.5648804	0.8794466
9147005	6600	2.7028413	0.82084095
9147005	6601	2.8743658	0.62464654
9147005	6602	2.8746443	0.6677288
9147005	6603	2.9477696	0.6056433
9147005	6604	2.3554873	0.9271411
9147005	6605	2.5129733	0.94082284
9147005	6606	2.3943906	1.0890635
9147005	6607	2.368875	1.1051183
9147005	6608	2.0931716	1.2672058
9147005	6609	1.9855899	1.2950579
9147005	6610	2.13097	1.2019414
9147005	6611	2.2566814	1.0911297
9147005	6612	1.7704877	1.717304
9147005	6613	2.3702931	0.95987856
9147005	6614	2.0905194	1.4188783
9147005	6615	2.1260343	1.2712324
9147005	6616	2.131896	1.2623264
9147005	6617	2.0886407	1.3554096
9147005	6618	2.0544505	1.5415068
9147005	6619	2.009303	1.5844462
9147005	6620	2.187004	1.4212608
9147005	6621	2.0877824	1.5330476
9147005	6622	2.083084	1.5657532
9147005	6623	1.7214597	1.9227595
9147005	6624	1.6156162	1.8821988
9147005	6625	1.7205089	1.946722
9147005	6626	1.7950982	1.8349407
9147005	6627	2.3349023	1.1585612
9147005	6628	2.4660096	1.1888937
9147005	6629	2.1216812	1.448092
9147005	6630	2.144308	1.4281126
9147005	6631	1.5257221	2.0629485
9147005	6632	1.5683428	2.1134753
9147005	6633	1.4171057	2.256795
9147005	6634	1.5346891	2.1996217
9147005	6635	1.516944	1.9646957
9147005	6636	0.9293668	2.7823958
9147005	6637	0.95731044	2.6922543
9147005	6638	1.0257312	2.5323567
9147005	6639	1.2828605	2.380136
9147005	6640	1.4013568	2.3205984
9147005	6641	1.1657321	2.3848817
9147005	6642	1.1860961	2.5179942
9147005	6643	1.2801418	2.3705733
9147005	6644	1.418271	2.224817
9147005	6645	1.2892584	2.4003797
9147005	6646	1.3228438	2.564471
9147005	6647	1.234596	2.386415
9147005	6648	1.0321984	2.560615
9147005	6649	1.0967624	2.4482722
9147005	6650	1.1099237	2.4991598
9147005	6651	1.3847191	2.1242917
9147005	6652	1.2737203	2.3041635
9147005	6653	1.4077405	2.1461174
9147005	6654	1.306447	2.2156057
9147005	6655	1.5744652	1.9520502
9147005	6656	1.6178011	1.9113882
9147005	6657	1.5443226	2.0516298
9147005	6658	1.673438	1.9639816
9147005	6659	2.0261164	1.4449409
9147005	6660	2.242054	1.3211805
9147005	6661	1.6783103	1.9175355
9147005	6662	1.6254252	1.996414
9147005	6663	1.680077	2.0323997
9147005	6664	2.0519967	1.6169107
9147005	6665	1.6176053	2.052529
9147005	6666	1.6575936	2.0759149
9147005	6667	1.4470947	2.3549747
9147005	6668	1.4593431	2.2945933
9147005	6669	1.4201729	2.2951968
9147005	6670	1.5816408	2.2281456
9147005	6671	1.527743	2.2391844
9147005	6672	1.611936	2.2252862
9147005	6673	1.5388476	2.2608714
9147005	6674	2.0384078	1.78422
9147005	6675	1.5736121	2.2412586
9147005	6676	1.4125167	2.5020223
9147005	6677	0.95774686	3.0240571
9147005	6678	1.0956202	2.777669
9147005	6679	1.0649167	2.8268137
9147005	6680	1.1250696	2.751406
9147005	6681	1.2948674	2.5732062
9147005	6682	1.3422358	2.4251618
9147005	6683	2.269884	1.5160757
9147005	6684	2.3513288	1.4729756
9147005	6685	1.6051198	2.2301977
9147005	6686	1.3478334	2.3809586
9147005	6687	1.6029838	2.4111762
9147005	6688	1.499966	2.207544
9147005	6689	1.2183985	2.4844847
9147005	6690	1.2135018	2.6179063
9147005	6691	1.2099483	2.4936254
9147005	6692	1.0985925	2.684828
9147005	6693	1.0624422	2.5977592
9147005	6694	1.1299214	2.680309
9147005	6695	0.70418036	3.2549834
9147005	6696	0.8903285	2.838237
9147005	6697	0.761284	2.8950222
9147005	6698	0.028103948	1.6605392
9147005	6699	0.41134775	0.49633345
9147005	6700	0.52512205	0.5696347
9147005	6701	0.4294147	0.72107613
9147005	6702	2.0099554	1.1509888
9147005	6703	2.2210565	1.0024236
9147005	6704	1.8426825	1.4756197
9147005	6705	1.8758618	1.4351264
9147005	6706	1.8463954	1.4587532
9147005	6707	1.9073695	1.3755753
9147005	6708	1.3691933	2.2809172
9147005	6709	1.3639299	2.2990608
9147005	6710	0.73220026	3.224387
9147005	6711	0.7049172	3.2978127
9147005	6712	0.4535575	3.8013399
9147005	6713	1.0018696	2.8606699
9147005	6714	0.6178596	3.3659434
9147005	6715	0.62800133	3.4279835
9147005	6716	0.58368516	3.5847385
9147005	6717	0.4994787	3.6020582
9147005	6718	-0.3286836	4.757032
9147005	6719	0.09181851	4.3267665
9147005	6720	-0.024526805	4.368418
9147005	6721	0.1701659	4.013482
9147005	6722	-0.3679127	4.9718456
9147005	6723	0.0459373	4.2809834
9147005	6724	0.0036185384	4.0901103
9147005	6725	-0.97066844	2.6532092
9147005	6726	-0.18078357	3.5783737
9147005	6727	-0.17689255	3.6820376
9147005	6728	0.009308338	3.4484208
9147005	6729	0.45703703	2.8469055
9147005	6730	0.47585636	2.9481056
9147005	6731	0.49850893	2.9360619
9147005	6732	0.54802847	2.95934
9147005	6733	0.5795977	2.907942
9147005	6734	0.6022415	2.8325858
9147005	6735	0.8625927	2.5805786
9147005	6736	1.311905	2.0813386
9147005	6737	0.8624613	2.547773
9147005	6738	1.2959349	2.0471213
9147005	6739	1.2071226	2.1880012
9147005	6740	1.0864475	2.310056
9147005	6741	1.2347662	2.1541133
9147005	6742	1.0841781	2.3587623
9147005	6743	1.2546375	2.167026
9147005	6744	1.17832	2.2961454
9147005	6745	0.13614112	3.6048567
9147005	6746	0.122529626	3.9254715
9147005	6747	0.61528504	3.421103
9147005	6748	-0.08610776	4.154695
9147005	6749	0.03008926	4.0745583
9147005	6750	-0.13025457	4.3767734
9147005	6751	0.32443917	3.834861
9147005	6752	0.3269363	3.7513158
9147005	6753	0.9879819	2.9432843
9147005	6754	0.9690983	2.892049
9147005	6755	0.70399	3.1349275
9147005	6756	1.1340387	2.6981218
9147005	6757	1.2081993	2.5398843
9147005	6758	1.5012835	2.2612731
9147005	6759	1.186958	2.7164395
9147005	6760	0.95739996	0.2058774
9147005	6761	0.71388626	-0.0156056285
9147005	6762	0.77843726	0.060204774
9147005	6763	0.6083094	0.15070513
9147005	6764	0.6029347	2.4487727
9147005	6765	0.2537222	3.1045277
9147005	6766	0.41617674	2.9429426
9147005	6767	0.81597066	2.409357
9147005	6768	0.95025265	2.1841779
9147005	6769	0.8960711	2.3573937
9147005	6770	1.0487714	2.0823503
9147005	6771	0.6425816	2.748865
9147005	6772	0.4999014	2.7862306
9147005	6773	0.55624604	2.7636113
9147005	6774	1.3159163	-0.37905827
9147005	6775	1.1411005	-0.4291957
9147005	6776	0.5328512	2.2538438
9147005	6777	0.3389793	2.8010137
9147005	6778	0.47077125	2.6706424
9147005	6779	0.5883117	2.5969536
9147005	6780	1.2630559	1.9150567
9147005	6781	0.8741318	0.30249926
9147005	6782	3.5179868	-0.78494704
9147005	6783	3.5220876	-0.35615095
9147005	6784	3.4158173	-0.21109906
9147005	6785	3.2270455	-0.13547829
9147005	6786	3.112101	-0.0073044896
9147005	6787	3.686376	-0.37949994
9147005	6788	3.4973698	-0.0901317
9147005	6789	3.559176	-0.099910915
9147005	6790	3.6295958	-0.17644054
9147005	6791	3.4459453	-0.002988726
9147005	6792	3.0154886	0.32896516
9147005	6793	3.1234813	0.12196389
9147005	6794	3.0053453	0.26023242
9147005	6795	2.9618778	0.23193899
9147005	6796	3.1056747	0.19645771
9147005	6797	3.1977143	0.043002397
9147005	6798	2.4766026	0.7650374
9147005	6799	2.2266583	0.94398546
9147005	6800	2.4521298	0.79036677
9147005	6801	2.4982986	0.78566885
9147005	6802	2.4217744	0.81817496
9147005	6803	2.5906873	0.53547764
9147005	6804	2.573348	0.6883732
9147005	6805	2.6860852	0.5903059
9147005	6806	3.2939396	-0.022373766
9147005	6807	3.723855	-0.32975554
9147005	6808	3.6883235	-0.08252472
9147005	6809	3.7883492	-0.27974176
9147005	6810	3.796754	-0.23392732
9147005	6811	3.5313716	-0.03977838
9147005	6812	3.4792423	-0.035363346
9147005	6813	3.487309	-0.038090587
9147005	6814	3.5679183	-0.069767624
9147005	6815	3.50173	-0.06788933
9147005	6816	3.9248114	-0.43167788
9147005	6817	4.5270524	-0.86757207
9147005	6818	4.2617445	-0.5819679
9147005	6819	4.1855617	-0.58873
9147005	6820	4.1689	-0.5790471
9147005	6821	4.1197233	-0.57974696
9147005	6822	3.8655066	-0.49936923
9147005	6823	4.1439166	-0.61222875
9147005	6824	2.2749195	-1.0927303
9147005	6825	1.4027798	1.2031552
9147005	6826	1.3353105	1.5688035
9147005	6827	1.5069371	1.4520593
9147005	6828	1.6582433	1.4429467
9147005	6829	1.9042188	1.1547586
9147005	6830	2.0994983	0.9689734
9147005	6831	2.036829	1.0908508
9147005	6832	1.9505635	1.1228365
9147005	6833	1.8298727	1.2553208
9147005	6834	2.7287717	-0.41875255
9147005	6835	3.707775	-0.6888539
9147005	6836	3.6643882	-0.43459538
9147005	6837	3.3307452	-0.22091994
9147005	6838	3.2001343	-0.17722458
9147005	6839	3.0014014	-0.009305805
9147005	6840	3.1007152	-0.09733343
9147005	6841	3.3438687	-0.2529544
9147005	6842	3.5801382	-0.424496
9147005	6843	3.2015023	-0.036388427
9147005	6844	3.1607313	-0.017576098
9147005	6845	3.011745	0.11104813
9147005	6846	2.9772682	0.09476933
9147005	6847	2.9886255	0.10134497
9147005	6848	2.9931989	0.12069598
9147005	6849	2.6385384	0.26830432
9147005	6850	2.441496	0.6035354
9147005	6851	2.3701682	0.6019294
9147005	6852	2.816864	0.1941283
9147005	6853	3.3508034	-0.101448625
9147005	6854	3.4137893	-0.11692104
9147005	6855	3.3383298	-0.04081279
9147005	6856	3.279057	-0.028297752
9147005	6857	3.2714553	-0.02224192
9147005	6858	3.189261	0.061814576
9147005	6859	3.2501101	0.0026604533
9147005	6860	3.274302	-0.003990352
9147005	6861	3.3043952	-0.010250121
9147005	6862	3.3290281	-0.012513548
9147005	6863	3.328627	-0.011788011
9147005	6864	3.0998359	0.29096457
9147005	6865	3.259398	0.04286477
9147005	6866	2.9153962	0.3432
9147005	6867	3.3910909	-0.10943726
9147005	6868	3.5986285	-0.17722505
9147005	6869	3.5180988	-0.13678285
9147005	6870	3.7853065	-0.3021605
9147005	6871	3.783774	-0.32519543
9147005	6872	1.4040074	-0.19989455
9147005	6873	0.9983561	-0.10085264
9147005	6874	1.5035144	-0.40456712
9147005	6875	1.4860184	-0.3994808
9147005	6876	1.6459061	-0.46968058
9147005	6877	1.9661037	-0.72883606
9147005	6878	2.1351347	-0.84069204
9147005	6879	2.4780483	-1.0750215
9147005	6880	1.8733984	0.94577825
9147005	6881	1.9799193	0.8645817
9147005	6882	1.9960214	0.8821888
9147005	6883	1.8739928	1.0952224
9147005	6884	1.9156605	1.1872375
9147005	6885	1.5677811	1.636234
9147005	6886	2.1723938	0.9984033
9147005	6887	2.3656569	0.92328656
9147005	6888	1.7292665	1.4825103
9147005	6889	1.9549304	1.3190995
9147005	6890	2.6603942	0.60382974
9147005	6891	2.8206034	0.5388067
9147005	6892	3.3928418	0.012826234
9147005	6893	3.3363085	0.1436908
9147005	6894	4.253471	-0.48531318
9147005	6895	3.97367	-0.42529356
9147005	6896	4.2325387	-0.4945158
9147005	6897	3.9114685	-0.36867353
9147005	6898	3.8211646	-0.35968602
9147005	6899	4.2203074	-0.43128422
9147005	6900	3.8537292	-0.51025844
9147005	6901	3.5440326	-0.14115575
9147005	6902	3.4918861	-0.1921291
9147005	6903	3.4317832	-0.15468979
9147005	6904	3.5189261	-0.25907648
9147005	6905	3.2656531	-0.005967498
9147005	6906	3.1857314	0.04250285
9147005	6907	3.1008978	0.12008181
9147005	6908	3.4342165	-0.1780864
9147005	6909	3.5526533	-0.19474316
9147005	6910	3.2137694	0.1111466
9147005	6911	3.3680425	-0.04315734
9147005	6912	3.3405838	0.023311138
9147005	6913	3.4046855	-0.10649264
9147005	6914	3.2475743	0.0908508
9147005	6915	3.0985618	0.23470458
9147005	6916	3.3360963	-0.08309588
9147005	6917	3.9283185	-0.5440093
9147005	6918	3.3527603	0.025263429
9147005	6919	3.2448921	0.09307507
9147005	6920	3.3672953	-0.037961185
9147005	6921	3.4957619	-0.102500856
9147005	6922	2.1124334	1.1264175
9147005	6923	2.1099577	1.1508552
9147005	6924	2.2218103	1.0683624
9147005	6925	2.5170374	0.75908434
9147005	6926	2.1652908	1.146586
9147005	6927	1.8824064	-0.69761115
9147005	6928	1.4321297	1.3734121
9147005	6929	1.7977105	1.2112815
9147005	6930	1.9888226	0.9857409
9147005	6931	2.005467	1.1335747
9147005	6932	2.0440178	0.9812437
9147005	6933	2.151526	0.88054883
9147005	6934	1.9319588	1.1490577
9147005	6935	2.0829577	1.0400337
9147005	6936	2.2091804	0.9494972
9147005	6937	2.4518313	0.7483648
9147005	6938	2.5414557	0.75792086
9147005	6939	2.6163464	0.6224551
9147005	6940	2.768114	0.48669532
9147005	6941	2.8453422	0.38367406
9147005	6942	3.383082	-0.14292085
9147005	6943	3.7093692	-0.31829447
9147005	6944	3.9910116	-0.5902948
9147005	6945	3.9220037	-0.49400845
9147005	6946	3.9723387	-0.5754634
9147005	6947	3.813561	-0.49725404
9147005	6948	4.080523	-0.73234576
9147005	6949	3.8174458	-0.44897446
9147005	6950	3.891142	-0.56235325
9147005	6951	3.8414106	-0.4786401
9147005	6952	4.393616	-0.9588266
9147005	6953	4.4344287	-0.8670824
9147005	6954	4.351342	-0.8196656
9147005	6955	4.3228035	-0.78576845
9147005	6956	3.7378206	-0.3588962
9147005	6957	3.7582407	-0.3652292
9147005	6958	3.6977181	-0.30455875
9147005	6959	3.7229185	-0.36579
9147005	6960	3.8357353	-0.44631746
9147005	6961	3.8349614	-0.3508341
9147005	6962	3.7149467	-0.30481803
9147005	6963	3.8679223	-0.4024708
9147005	6964	3.7959628	-0.3388041
9147005	6965	3.7950459	-0.34644827
9147005	6966	3.6721444	-0.1991536
9147005	6967	3.8022838	-0.36858517
9147005	6968	3.6537695	-0.1549663
9147005	6969	3.553255	-0.1441027
9147005	6970	3.781818	-0.31412497
9147005	6971	3.686977	-0.19706014
9147005	6972	3.547841	-0.09798607
9147005	6973	3.2988472	0.13486758
9147005	6974	3.9228692	-0.4559907
9147005	6975	4.039092	-0.37637123
9147005	6976	3.8788657	-0.25632071
9147005	6977	4.0504694	-0.49958003
9147005	6978	4.1379147	-0.50864184
9147005	6979	4.484271	-0.89327854
9147005	6980	4.652353	-0.9830526
9147005	6981	3.9241633	-0.324579
9147005	6982	3.8537831	-0.34173656
9147005	6983	3.9419088	-0.43578678
9147005	6984	3.9257936	-0.2962778
9147005	6985	3.8390837	-0.41207466
9147005	6986	3.87563	-0.35427377
9147005	6987	3.8653321	-0.37050354
9147005	6988	3.8014045	-0.30441985
9147005	6989	3.669983	-0.16500676
9147005	6990	3.534175	-0.03457439
9147005	6991	3.6970944	-0.2061424
9147005	6992	3.6826763	-0.027471751
9147005	6993	3.4275122	0.035881698
9147005	6994	3.9736567	-0.42269003
9147005	6995	4.129791	-0.44627973
9147005	6996	4.0228496	-0.3187914
9147005	6997	3.4761844	0.041764885
9147005	6998	3.6079755	-0.10319936
9147005	6999	3.3807	0.23230305
9147005	7000	3.2257156	0.20621338
9147005	7001	3.3915176	0.13547912
9147005	7002	3.730702	-0.22704342
9147005	7003	3.751968	-0.13841578
9147005	7004	3.576518	-0.044460505
9147005	7005	3.5391455	-0.002895236
9147005	7006	3.4354134	0.17545256
9147005	7007	3.4031782	0.031421304
9147005	7008	3.4403896	0.05792442
9147005	7009	3.431126	0.08271453
9147005	7010	3.5143833	0.0040064156
9147005	7011	3.5475712	-0.00023674965
9147005	7012	3.5226445	-0.048791528
9147005	7013	3.671009	-0.07354748
9147005	7014	3.5210886	0.10046676
9147005	7015	2.683259	-0.58640397
9147005	7016	2.1580997	0.5772984
9147005	7017	3.0751896	-1.1331156
9147005	7018	1.2234322	1.2451248
9147005	7019	1.9943923	-0.58851737
9147005	7020	2.0539112	-0.7922366
9147005	7021	2.1663027	-0.803179
9147005	7022	1.4051974	1.2680713
9147005	7023	1.8415698	1.1722536
9147005	7024	1.8474449	1.306266
9147005	7025	2.0644622	0.8931227
9147005	7026	2.0593104	1.080835
9147005	7027	1.51379	1.7439957
9147005	7028	1.0125048	2.2617953
9147005	7029	1.1263859	2.24485
9147005	7030	1.6452342	1.7627897
9147005	7031	2.0046487	1.2721919
9147005	7032	1.4946026	1.8498473
9147005	7033	1.423705	1.8153832
9147005	7034	1.5736858	1.7320485
9147005	7035	1.6744858	1.6544712
9147005	7036	1.7272018	1.6121402
9147005	7037	1.5685467	1.9093611
9147005	7038	1.6582154	1.8028338
9147005	7039	1.6733371	1.7762351
9147005	7040	1.6971906	1.564456
9147005	7041	1.652428	1.8600192
9147005	7042	1.6680306	1.8672643
9147005	7043	1.6328157	1.9975173
9147005	7044	1.5563287	1.8957512
9147005	7045	1.5959619	1.8597641
9147005	7046	1.7485105	1.7042074
9147005	7047	1.9282466	1.5215058
9147005	7048	2.0597248	1.4139178
9147005	7049	2.0269494	1.3832331
9147005	7050	2.7583518	0.67379105
9147005	7051	3.193873	0.42154393
9147005	7052	2.9466152	0.60492134
9147005	7053	3.0181837	0.54057705
9147005	7054	2.7574744	0.775612
9147005	7055	3.3421383	0.27151117
9147005	7056	3.7847233	-0.12569454
9147005	7057	5.057637	-1.0055802
9147005	7058	5.7893867	-2.78366
9147005	7059	5.462572	-3.3853726
9147005	7060	4.7191453	-3.6661532
9147005	7061	4.7360477	-3.5989444
9147005	7062	5.181239	-3.6848803
9147005	7063	5.7417765	-3.8335912
9147005	7064	4.9485207	-4.192225
9147005	7065	5.343378	-4.6335373
9147005	7066	4.5067706	-5.016861
9147005	7067	4.330933	-4.623846
9147005	7068	5.0084314	-4.4903784
9147005	7069	5.1859627	-4.52325
9147005	7070	4.0583963	-3.6388195
9147005	7071	4.510122	-3.8920832
9147005	7072	4.535515	-3.823911
9147005	7073	5.1180034	-4.110706
9147005	7074	4.9553485	-4.037813
9147005	7075	5.4299836	-4.229105
9147005	7076	4.965084	-4.140526
9147005	7077	4.7078896	-4.057701
9147005	7078	4.735722	-4.0283456
9147005	7079	5.849896	-4.5556145
9147005	7080	6.0769467	-5.716088
9147005	7081	5.20029	-4.4075027
9147005	7082	4.918241	-4.105536
9147005	7083	4.5342197	-3.7823453
9147005	7084	4.0528226	-3.6174104
9147005	7085	3.8316283	-3.5076368
9147005	7086	4.5066485	-3.8000326
9147005	7087	4.426141	-3.6845493
9147005	7088	4.312844	-3.675686
9147005	7089	4.7116103	-3.8844101
9147005	7090	4.440607	-3.7180254
9147005	7091	4.5531816	-3.8631392
9147005	7092	3.1133642	-2.4130764
9147005	7093	3.44665	-2.8465285
9147005	7094	4.2642365	-3.181067
9147005	7095	4.769533	-3.603903
9147005	7096	3.7171655	-2.860167
9147005	7097	2.6588311	-1.3049831
9147005	7098	4.308579	-1.3914235
9147005	7099	3.956668	-0.9974836
9147005	7100	3.512135	-0.43945125
9147005	7101	3.9765782	-1.0422755
9147005	7102	4.4129095	-1.4000956
9147005	7103	4.1465025	-1.1275377
9147005	7104	4.2025905	-1.2106984
9147005	7105	4.496063	-1.4181387
9147005	7106	2.8050933	0.18830153
9147005	7107	3.6635513	-0.7035129
9147005	7108	3.3540907	-0.2922044
9147005	7109	3.5171833	-0.38798043
9147005	7110	3.2354965	-0.14876771
9147005	7111	3.3961196	-0.35004547
9147005	7112	3.7640357	-0.6192448
9147005	7113	4.425861	-1.184873
9147005	7114	4.083033	-0.6694851
9147005	7115	4.519406	-1.2022333
9147005	7116	4.113944	-0.71295226
9147005	7117	3.5659747	-0.36946568
9147005	7118	3.6040473	-0.3569698
9147005	7119	3.4101	-0.1400351
9147005	7120	4.1630845	-0.99410725
9147005	7121	4.0185776	-0.80800927
9147005	7122	2.7066088	0.53468513
9147005	7123	2.8355284	0.3917987
9147005	7124	2.8306608	0.4534541
9147005	7125	1.7338289	1.3026196
9147005	7126	1.2200779	2.2409933
9147005	7127	1.4815335	1.7041972
9147005	7128	1.0602207	2.4197664
9147005	7129	1.1214164	2.281357
9147005	7130	0.9219277	2.6222887
9147005	7131	1.2662373	2.1489775
9147005	7132	2.1273603	1.3688095
9147005	7133	2.5811286	0.7933252
9147005	7134	0.84210217	-0.074768335
9147005	7135	1.9682099	1.2818199
9147005	7136	1.1977861	2.2190552
9147005	7137	0.17676288	3.392723
9147005	7138	0.56267536	3.3695982
9147005	7139	0.4003027	3.5188804
9147005	7140	0.729612	3.1086411
9147005	7141	-0.43085974	4.2935944
9147005	7142	1.0545683	3.1221552
9147005	7143	1.6242172	2.2892742
9147005	7144	2.1294208	2.1428282
9147005	7145	2.5353174	1.5415921
9147005	7146	0.68247414	0.59300077
9147005	7147	1.05311	-0.2615865
9147005	7148	0.40877855	0.8630029
9147005	7149	0.6009172	0.52711606
9147005	7150	0.36527598	0.8691906
9147005	7151	-0.3484678	1.7089343
9147005	7152	1.93865	1.6756449
9147005	7153	1.8603572	1.9304621
9147005	7154	1.4296044	2.2721224
9147005	7155	0.93339324	2.843445
9147005	7156	1.1690805	2.740073
9147005	7157	1.7335888	2.18337
9147005	7158	1.6709176	2.2090487
9147005	7159	1.4528202	2.286481
9147005	7160	1.3081017	2.4482698
9147005	7161	1.18902	2.5035553
9147005	7162	1.5845796	2.1264296
9147005	7163	2.8868065	0.6563662
9147005	7164	3.165648	0.63204026
9147005	7165	3.1450534	0.51244617
9147005	7166	1.9853181	1.6670475
9147005	7167	1.6918753	1.9385135
9147005	7168	2.968195	0.57152605
9147005	7169	2.137229	1.5892365
9147005	7170	2.8911552	0.48541668
9147005	7171	2.9607034	0.6851778
9147005	7172	0.34634566	0.124382466
9147005	7173	0.3126852	0.42107418
9147005	7174	0.30466956	0.5213311
9147005	7175	0.123633504	0.71759045
9147005	7176	0.17066836	0.6255809
9147005	7177	2.440771	0.7381263
9147005	7178	2.0964875	1.1692398
9147005	7179	2.2698574	1.1001432
9147005	7180	2.1066027	1.3653202
9147005	7181	1.8320378	1.5282761
9147005	7182	1.3196937	2.0909965
9147005	7183	1.3771529	2.2121098
9147005	7184	1.9740647	1.5186447
9147005	7185	3.2470465	0.25195196
9147005	7186	3.4036674	0.30959973
9147005	7187	3.217198	0.28095594
9147005	7188	3.3144016	0.2557089
9147005	7189	1.9981669	1.4790087
9147005	7190	2.2641268	1.1016088
9147005	7191	2.1024108	1.4053533
9147005	7192	1.9852544	1.5096083
9147005	7193	1.3692024	2.2252274
9147005	7194	2.6217647	0.769418
9147005	7195	2.710013	0.88004935
9147005	7196	2.6375518	0.85072565
9147005	7197	2.7481933	0.7401267
9147005	7198	2.8137803	0.6144533
9147005	7199	2.8401532	0.63330257
9147005	7200	3.3261766	0.17708376
9147005	7201	3.0633392	0.36556193
9147005	7202	3.3678932	0.13803801
9147005	7203	2.9460635	0.5822177
9147005	7204	3.2911658	0.22662833
9147005	7205	3.8631577	-0.23536812
9147005	7206	3.978454	-0.31097528
9147005	7207	2.87923	0.6566628
9147005	7208	2.6493673	0.73646796
9147005	7209	2.9414692	0.63249683
9147005	7210	2.898995	0.7223767
9147005	7211	2.7037787	1.0020988
9147005	7212	2.256958	1.5070326
9147005	7213	2.666501	1.1625186
9147005	7214	3.6097426	0.30636302
9147005	7215	3.8816833	0.17148396
9147005	7216	3.658268	0.40813497
9147005	7217	3.4943056	0.46143618
9147005	7218	3.394271	0.5852368
9147005	7219	2.2900405	1.5478275
9147005	7220	2.4438071	1.3775642
9147005	7221	3.0560532	0.8101485
9147005	7222	3.2168355	0.8809329
9147005	7223	2.9525065	0.973477
9147005	7224	3.0148363	0.9785018
9147005	7225	3.0571918	0.91348195
9147005	7226	3.27033	0.7054672
9147005	7227	3.2825618	0.7522712
9147005	7228	3.4422727	0.63178277
9147005	7229	3.6845965	0.31771412
9147005	7230	4.6165724	-0.599161
9147005	7231	5.4317927	-1.1097229
9147005	7232	4.747961	-0.60188663
9147005	7233	3.835349	0.1575906
9147005	7234	3.6906433	0.27827927
9147005	7235	3.6818423	0.20189908
9147005	7236	3.7976928	0.16278443
9147005	7237	3.699172	0.22603396
9147005	7238	3.7318478	0.2508504
9147005	7239	3.678266	0.2668868
9147005	7240	3.643796	0.31364593
9147005	7241	4.0454974	-0.14194405
9147005	7242	3.9345255	0.09533474
9147005	7243	4.1534657	-0.16258606
9147005	7244	4.215606	-0.12396014
9147005	7245	3.978745	-0.027281761
9147005	7246	3.923122	0.07859966
9147005	7247	4.1071234	-0.1629856
9147005	7248	4.362987	-0.3008671
9147005	7249	4.7178245	-0.5496807
9147005	7250	4.397542	-0.29434484
9147005	7251	4.176722	-0.15134111
9147005	7252	4.0866923	-0.004908532
9147005	7253	4.2553225	-0.22920172
9147005	7254	4.3701606	-0.3108114
9147005	7255	4.2538524	-0.28267777
9147005	7256	4.201127	-0.1338192
9147005	7257	4.1037993	-0.109235495
9147005	7258	4.553815	-0.43816954
9147005	7259	2.1789846	-0.5453247
9147005	7260	1.677956	1.7181444
9147005	7261	1.7548472	1.9961677
9147005	7262	1.7567056	1.9912546
9147005	7263	1.8132993	1.969501
9147005	7264	1.9605259	1.8281388
9147005	7265	1.9939951	1.7376337
9147005	7266	1.9893247	1.7697134
9147005	7267	0.9434271	2.8755336
9147005	7268	0.95414925	2.972209
9147005	7269	1.2226471	2.796204
9147005	7270	1.1184279	3.0230243
9147005	7271	1.2488997	2.7029748
9147005	7272	1.0818304	2.752939
9147005	7273	0.9355539	3.1183565
9147005	7274	3.0131216	0.88270867
9147005	7275	3.1084485	1.0604132
9147005	7276	3.0988684	0.77591956
9147005	7277	3.0722651	0.9983828
9147005	7278	2.992507	1.1630583
9147005	7279	2.8665943	1.1818756
9147005	7280	2.8864932	1.3883667
9147005	7281	3.0246005	1.1436387
9147005	7282	3.1418152	1.2447002
9147005	7283	3.0198536	1.1079189
9147005	7284	3.6650867	0.6769885
9147005	7285	3.6763673	0.602303
9147005	7286	3.5594249	0.7302481
9147005	7287	4.243781	-0.09191558
9147005	7288	4.028668	0.15181205
9147005	7289	3.827856	0.27869472
9147005	7290	3.6188812	0.5079552
9147005	7291	3.4837942	0.570233
9147005	7292	3.309463	0.8090892
9147005	7293	3.3631763	0.7795187
9147005	7294	3.350977	0.80257285
9147005	7295	3.1973844	0.8975067
9147005	7296	3.0516005	1.0988046
9147005	7297	3.0817833	1.0230737
9147005	7298	2.9630704	1.3281521
9147005	7299	2.7719054	1.4390376
9147005	7300	2.6491604	1.4399568
9147005	7301	2.738937	1.6230955
9147005	7302	2.7907166	1.4952941
9147005	7303	2.629356	1.5087787
9147005	7304	2.4188209	1.9432704
9147005	7305	2.1620574	1.9377639
9147005	7306	2.0900006	2.0942066
9147005	7307	2.3876014	1.968122
9147005	7308	2.6118474	1.6708608
9147005	7309	3.1085262	1.1113257
9147005	7310	3.1354094	1.137189
9147005	7311	3.0474539	1.2801036
9147005	7312	2.992711	1.2225063
9147005	7313	3.7947307	0.46895877
9147005	7314	3.9636292	0.40931913
9147005	7315	3.1509519	1.2089984
9147005	7316	3.122254	1.0828257
9147005	7317	3.2307434	1.1105064
9147005	7318	3.257462	0.88288414
9147005	7319	3.30548	1.0277398
9147005	7320	3.1492543	1.1415086
9147005	7321	3.0888228	1.1063027
9147005	7322	3.2368207	1.1685127
9147005	7323	3.0677538	1.2350527
9147005	7324	2.9381204	1.4603877
9147005	7325	2.6609845	1.6053505
9147005	7326	2.7124677	1.5140326
9147005	7327	2.8964152	1.4724835
9147005	7328	2.8787956	1.471159
9147005	7329	2.7345533	1.4887034
9147005	7330	2.6547709	1.7427495
9147005	7331	2.5778756	1.818847
9147005	7332	2.5636315	1.6283879
9147005	7333	2.563571	1.8264146
9147005	7334	2.9931273	1.1612747
9147005	7335	3.489684	0.8297628
9147005	7336	3.6518402	0.65786517
9147005	7337	3.4900813	0.8588642
9147005	7338	3.4309216	0.8597512
9147005	7339	3.7849493	0.5177046
9147005	7340	4.035507	0.13223562
9147005	7341	4.0688796	0.23236564
9147005	7342	3.3306427	0.87658
9147005	7343	3.4287982	0.9081985
9147005	7344	3.261582	0.9982761
9147005	7345	3.3172698	0.99777424
9147005	7346	3.2530627	1.0448369
9147005	7347	3.010776	1.3110611
9147005	7348	2.909431	1.472142
9147005	7349	3.0097284	1.1717354
9147005	7350	2.5871892	1.623436
9147005	7351	3.9997134	0.13643071
9147005	7352	4.0724	0.2642503
9147005	7353	3.878449	0.4963573
9147005	7354	3.7137022	0.6084578
9147005	7355	3.9361682	0.22086146
9147005	7356	3.8622217	0.32236043
9147005	7357	3.7573242	0.44763997
9147005	7358	3.9028978	0.21497574
9147005	7359	4.240078	0.023946285
9147005	7360	3.9861155	0.33906123
9147005	7361	3.7887936	0.3708761
9147005	7362	3.8972697	0.23764232
9147005	7363	3.8064728	0.38103637
9147005	7364	3.6470475	0.48721734
9147005	7365	3.4261403	0.7480283
9147005	7366	3.3205972	0.87030935
9147005	7367	3.3450751	0.8272245
9147005	7368	3.1944585	1.0692648
9147005	7369	3.1825633	0.8152586
9147005	7370	3.0667777	1.1922795
9147005	7371	3.3127575	0.87010765
9147005	7372	3.338626	0.8738742
9147005	7373	3.6860423	0.5100733
9147005	7374	3.7280774	0.53832316
9147005	7375	3.5922127	0.5859101
9147005	7376	3.5901217	0.6070353
9147005	7377	3.7060423	0.56139076
9147005	7378	3.3483691	0.9000238
9147005	7379	3.0119648	1.3230975
9147005	7380	2.4431224	1.7871985
9147005	7381	2.2147274	2.1856134
9147005	7382	1.828291	2.7564263
9147005	7383	1.1681772	3.5765178
9147005	7384	1.0890205	3.9441054
9147005	7385	1.0539483	4.1282372
9147005	7386	1.2468984	3.7648132
9147005	7387	1.0802715	3.6106012
9147005	7388	0.6140255	4.4048376
9147005	7389	0.3784232	4.5692124
9147005	7390	0.6113757	4.55216
9147005	7391	2.0780048	2.7911015
9147005	7392	2.452722	2.3153234
9147005	7393	1.9225045	2.926337
9147005	7394	1.8473991	2.794426
9147005	7395	0.9927609	3.6368968
9147005	7396	1.1168284	3.6172836
9147005	7397	1.4873698	3.0932276
9147005	7398	1.5948516	3.0508993
9147005	7399	1.6480333	3.0655687
9147005	7400	1.6620153	3.036586
9147005	7401	1.4733247	2.9547465
9147005	7402	0.42731994	1.2331064
9147005	7403	1.0768952	0.33964255
9147005	7404	1.4393053	0.04752174
9147005	7405	1.8942896	-0.25957558
9147005	7406	3.4025269	0.06859782
9147005	7407	3.645029	0.080483705
9147005	7408	3.7959137	0.077486366
9147005	7409	3.7514515	0.1994519
9147005	7410	3.712442	0.18264976
9147005	7411	3.7338972	0.231671
9147005	7412	3.712717	0.21788064
9147005	7413	3.7252693	0.26621315
9147005	7414	3.710328	0.27949873
9147005	7415	3.6655598	0.33336875
9147005	7416	2.3798122	-0.71020406
9147005	7417	1.5803577	1.8576021
9147005	7418	1.7739764	2.1546664
9147005	7419	0.8925997	3.2365317
9147005	7420	0.9657614	3.149408
9147005	7421	1.2043211	3.0318525
9147005	7422	1.414075	2.7196076
9147005	7423	0.66560924	3.438902
9147005	7424	1.5623788	2.745349
9147005	7425	1.8838764	2.0385442
9147005	7426	2.329514	1.8584311
9147005	7427	2.8195543	1.1911083
9147005	7428	2.8552184	1.2763828
9147005	7429	3.0975466	-0.8280234
9147005	7430	3.0569348	-1.252835
9147005	7431	3.461627	-1.4833179
9147005	7432	2.026721	0.9578916
9147005	7433	2.5403132	0.87608814
9147005	7434	2.987074	0.63135934
9147005	7435	2.941215	0.6313641
9147005	7436	2.1283102	1.397697
9147005	7437	2.1839094	1.2416539
9147005	7438	2.2478633	1.4556445
9147005	7439	1.9907392	1.5454776
9147005	7440	2.5072117	-0.90660566
9147005	7441	2.5094543	-1.0245479
9147005	7442	2.8477297	-1.205147
9147005	7443	4.040339	-0.41214582
9147005	7444	3.6851163	-0.19095689
9147005	7445	3.4583387	0.24456969
9147005	7446	3.5096006	0.077302426
9147005	7447	3.900486	-0.15395
9147005	7448	3.4902759	0.08531204
9147005	7449	3.237452	0.4915922
9147005	7450	3.297585	0.38744858
9147005	7451	3.5281515	0.114513546
9147005	7452	3.6782246	0.095805556
9147005	7453	3.4623795	0.2658173
9147005	7454	3.313305	0.46390864
9147005	7455	2.8430915	0.8043537
9147005	7456	3.1627665	0.5382112
9147005	7457	3.1853132	0.5299916
9147005	7458	3.1100225	0.63630545
9147005	7459	3.11655	0.62683654
9147005	7460	3.084867	0.6631601
9147005	7461	3.365396	0.3525572
9147005	7462	3.2420754	0.61212814
9147005	7463	3.1869245	0.52275217
9147005	7464	3.08143	0.74422157
9147005	7465	3.055509	0.7079667
9147005	7466	3.2244282	0.58013344
9147005	7467	3.4180527	0.42828247
9147005	7468	3.2928052	0.46495548
9147005	7469	3.222199	0.6410086
9147005	7470	3.2899532	0.5264523
9147005	7471	3.2638836	0.600898
9147005	7472	3.2372994	0.5974839
9147005	7473	3.1639576	0.6768149
9147005	7474	3.0677428	0.78707933
9147005	7475	3.0889034	0.7964413
9147005	7476	2.8381257	0.9098264
9147005	7477	2.9733086	0.86089563
9147005	7478	2.8976912	0.9305923
9147005	7479	2.8108182	1.0703073
9147005	7480	2.9048166	0.9303746
9147005	7481	2.93114	0.9388597
9147005	7482	2.9242697	0.9344138
9147005	7483	3.0049014	0.86419487
9147005	7484	2.9937444	0.804862
9147005	7485	3.0617886	0.79373693
9147005	7486	3.1563797	0.6772002
9147005	7487	3.1165323	0.78072095
9147005	7488	3.0339208	0.7412584
9147005	7489	3.1317487	0.7043561
9147005	7490	2.729351	1.1235708
9147005	7491	3.1393785	0.6458422
9147005	7492	3.1271896	0.6179739
9147005	7493	2.946679	0.8110635
9147005	7494	2.176855	1.4563386
9147005	7495	2.5924106	1.2204583
9147005	7496	2.7130156	0.9635191
9147005	7497	2.889968	0.9610442
9147005	7498	2.6021557	1.1635162
9147005	7499	2.7573981	1.0139421
9147005	7500	2.7478118	1.0985636
9147005	7501	2.530109	1.193118
9147005	7502	2.6509242	1.1795697
9147005	7503	2.7233353	1.1122509
9147005	7504	2.7452865	0.98365223
9147005	7505	2.5945625	1.3050101
9147005	7506	2.7513013	1.0477924
9147005	7507	2.7497287	1.1238999
9147005	7508	2.7224627	1.1478554
9147005	7509	2.6909585	1.1746647
9147005	7510	2.6946187	1.1994927
9147005	7511	3.1898427	0.63439906
9147005	7512	3.175579	0.7050084
9147005	7513	3.0984383	0.69746923
9147005	7514	3.2393126	0.62337756
9147005	7515	2.7849364	1.0347717
9147005	7516	2.826036	0.92703176
9147005	7517	2.8825622	0.99705076
9147005	7518	2.87075	0.9593564
9147005	7519	2.6301274	1.113616
9147005	7520	2.4915395	1.3881415
9147005	7521	2.5911946	1.2038043
9147005	7522	3.3123693	0.45532796
9147005	7523	2.8199463	1.0251751
9147005	7524	3.1577992	0.6644417
9147005	7525	2.8127155	1.0718356
9147005	7526	2.76788	1.1075817
9147005	7527	2.957787	0.8178594
9147005	7528	2.8443422	1.0596821
9147005	7529	2.7820315	1.0348469
9147005	7530	2.5987525	1.2553887
9147005	7531	2.7644644	0.9927919
9147005	7532	2.7510867	1.1463383
9147005	7533	2.794311	1.0094024
9147005	7534	2.7958875	1.1217321
9147005	7535	2.7685394	1.1257272
9147005	7536	2.6288662	1.3162714
9147005	7537	2.642537	1.2853023
9147005	7538	2.6979694	1.2613932
9147005	7539	2.6976814	1.2698575
9147005	7540	2.7120905	1.2766355
9147005	7541	2.733974	1.167155
9147005	7542	3.1259713	0.83563197
9147005	7543	3.149979	0.7275934
9147005	7544	3.3907762	0.58727896
9147005	7545	2.5810742	1.314523
9147005	7546	3.3479567	0.4347857
9147005	7547	2.673946	1.24387
9147005	7548	2.7571836	1.1328245
9147005	7549	2.8706603	0.94444823
9147005	7550	2.9200711	1.0320894
9147005	7551	2.8066044	1.0609903
9147005	7552	2.9100833	1.0662315
9147005	7553	3.050714	0.8336121
9147005	7554	2.9501653	1.0051448
9147005	7555	3.027368	0.8747302
9147005	7556	3.0024948	0.94726896
9147005	7557	3.4396143	0.39744034
9147005	7558	3.4586139	0.4498994
9147005	7559	2.6051292	1.139107
9147005	7560	2.8131313	1.1835293
9147005	7561	2.9574518	0.8495735
9147005	7562	2.858644	1.1150118
9147005	7563	3.4020586	0.46253958
9147005	7564	2.9525466	0.9873444
9147005	7565	2.844552	1.1221005
9147005	7566	2.5931172	1.2952478
9147005	7567	2.6687274	1.2821561
9147005	7568	2.7667165	1.2204772
9147005	7569	2.910046	1.0222383
9147005	7570	2.8791585	1.0061905
9147005	7571	2.6429796	1.3588749
9147005	7572	3.1541405	0.8116478
9147005	7573	3.1170654	0.81093764
9147005	7574	3.1454482	0.8205246
9147005	7575	1.9704286	-0.36839354
9147005	7576	3.521122	-0.050251007
9147005	7577	3.259687	0.07528439
9147005	7578	3.8292823	-0.19970581
9147005	7579	1.0432308	-0.07387605
9147005	7580	1.1616498	-0.08092481
9147005	7581	1.0271739	0.08605394
9147005	7582	1.5590883	1.7229009
9147005	7583	1.4970714	1.9273114
9147005	7584	1.5021285	2.00615
9147005	7585	1.3365991	2.1739106
9147005	7586	0.9202037	2.6274772
9147005	7587	1.0943177	2.5333586
9147005	7588	1.1011409	2.4806614
9147005	7589	2.247285	0.48245946
9147005	7590	2.8620172	0.2982417
9147005	7591	2.965117	0.50833905
9147005	7592	3.3137956	0.34864607
9147005	7593	3.3946047	0.30995527
9147005	7594	3.387168	0.28573802
9147005	7595	3.297225	0.38861063
9147005	7596	3.571433	0.10339156
9147005	7597	3.4381385	0.21110591
9147005	7598	3.5893102	0.06946722
9147005	7599	3.4388537	0.20707741
9147005	7600	3.4633598	0.15442124
9147005	7601	3.3192277	0.34741524
9147005	7602	3.3382082	0.29587945
9147005	7603	3.881774	-0.22309044
9147005	7604	1.3644905	-0.38477314
9147005	7605	1.1696544	-0.08964911
9147005	7606	1.3059342	1.6095393
9147005	7607	1.3761215	1.9541435
9147005	7608	1.0400821	2.4926255
9147005	7609	1.104196	2.4129655
9147005	7610	0.75652456	2.86601
9147005	7611	1.0409442	2.6524189
9147005	7612	0.9328295	2.7229455
9147005	7613	1.9734293	1.7781539
9147005	7614	2.019071	1.6367595
9147005	7615	1.9976805	1.7045455
9147005	7616	1.4720592	2.2679973
9147005	7617	2.2199097	1.6457429
9147005	7618	2.0645623	1.6327801
9147005	7619	1.957673	1.8574772
9147005	7620	1.9669942	1.8599966
9147005	7621	2.714871	1.2616446
9147005	7622	2.6188283	1.1686088
9147005	7623	2.0563364	1.7781317
9147005	7624	1.907354	1.9731252
9147005	7625	1.9655651	1.8771324
9147005	7626	1.8408161	2.1513813
9147005	7627	2.3269525	1.3468888
9147005	7628	3.123929	0.9404762
9147005	7629	3.4795327	0.48936966
9147005	7630	2.471448	1.4335306
9147005	7631	2.5106916	1.3745542
9147005	7632	2.2843018	1.7378447
9147005	7633	3.0184798	0.5825908
9147005	7634	3.3160439	0.4903303
9147005	7635	2.6493845	1.1584196
9147005	7636	2.775908	0.9842962
9147005	7637	2.917591	0.9763534
9147005	7638	2.9741092	0.9426466
9147005	7639	3.783173	-0.06736991
9147005	7640	3.9836502	-0.17501637
9147005	7641	3.7175093	0.14012358
9147005	7642	3.5356226	0.27612224
9147005	7643	2.9075441	0.8958019
9147005	7644	2.9795094	0.85917854
9147005	7645	3.015407	0.8466635
9147005	7646	3.3012605	0.3956466
9147005	7647	3.1719918	0.7572495
9147005	7648	3.2307563	0.5916388
9147005	7649	2.8809342	1.0251962
9147005	7650	2.9016714	0.9508306
9147005	7651	3.1267447	0.7913314
9147005	7652	2.8289285	0.9722804
9147005	7653	2.9799662	0.89595735
9147005	7654	2.7798886	1.0514942
9147005	7655	2.6941342	1.219292
9147005	7656	2.7563376	1.1529212
9147005	7657	2.7495842	1.170791
9147005	7658	2.9821424	0.9601259
9147005	7659	2.9384394	0.97109795
9147005	7660	2.7980952	1.1473815
9147005	7661	2.6116323	1.3196958
9147005	7662	2.6160965	1.368942
9147005	7663	2.7377186	1.2360153
9147005	7664	2.6099443	1.2843632
9147005	7665	2.5966902	1.4134887
9147005	7666	2.458446	1.2901751
9147005	7667	2.074749	2.0201752
9147005	7668	2.31173	1.6811013
9147005	7669	2.5561543	1.224865
9147005	7670	2.926023	0.96311307
9147005	7671	2.9419146	1.0238782
9147005	7672	3.181994	0.68915355
9147005	7673	3.8842044	0.036601037
9147005	7674	4.417618	-0.49402684
9147005	7675	4.471599	-0.48410422
9147005	7676	3.4927235	0.34023002
9147005	7677	3.412414	0.5320569
9147005	7678	3.2968545	0.6645075
9147005	7679	3.2483969	0.73423886
9147005	7680	2.9623394	1.0335414
9147005	7681	3.0099611	1.0154024
9147005	7682	3.009241	1.0263793
9147005	7683	2.8008657	1.2229573
9147005	7684	2.8638496	1.0938041
9147005	7685	3.244605	0.8270489
9147005	7686	3.49929	0.35062787
9147005	7687	3.635332	0.27905163
9147005	7688	2.6879392	1.181411
9147005	7689	2.6138024	1.266542
9147005	7690	2.6771622	1.2884215
9147005	7691	2.9900637	0.7913697
9147005	7692	3.2988472	0.58450615
9147005	7693	3.3190746	0.5478183
9147005	7694	3.2756138	0.58902514
9147005	7695	3.3279853	0.510136
9147005	7696	2.630137	1.1804357
9147005	7697	2.383788	1.3614311
9147005	7698	2.6372461	1.3027866
9147005	7699	2.7048974	1.1891117
9147005	7700	2.65521	1.2745683
9147005	7701	2.624476	1.3178097
9147005	7702	3.2199206	0.73121166
9147005	7703	3.6728978	0.21516034
9147005	7704	3.7042203	0.28553137
9147005	7705	3.0072126	0.87057793
9147005	7706	3.091568	0.81395435
9147005	7707	3.1841202	0.75130177
9147005	7708	3.2371354	0.69449246
9147005	7709	3.139258	0.8314729
9147005	7710	3.0027266	0.94170415
9147005	7711	2.516448	1.490407
9147005	7712	2.4902682	1.4276364
9147005	7713	2.1032944	1.9472144
9147005	7714	2.6792412	1.2587565
9147005	7715	2.92235	0.98123825
9147005	7716	2.9161863	0.9968444
9147005	7717	2.7757072	1.1142583
9147005	7718	2.7554822	1.1382518
9147005	7719	2.7077503	1.1807529
9147005	7720	2.0839624	1.774776
9147005	7721	2.2309074	1.7499738
9147005	7722	2.1477146	1.7044137
9147005	7723	1.8841203	2.1189575
9147005	7724	1.8745855	2.1972728
9147005	7725	2.381981	1.6145232
9147005	7726	1.8085617	2.158255
9147005	7727	1.8382734	2.292664
9147005	7728	1.8519946	2.177766
9147005	7729	2.2881637	1.7733405
9147005	7730	2.2600307	1.6560371
9147005	7731	2.2699742	1.6423805
9147005	7732	2.4874907	1.3726295
9147005	7733	2.6219172	1.2279854
9147005	7734	1.9322704	1.91997
9147005	7735	2.1058378	1.850523
9147005	7736	2.3819175	1.4501016
9147005	7737	2.4283838	1.4478514
9147005	7738	2.268024	1.5900915
9147005	7739	2.5173802	1.4706581
9147005	7740	2.4488463	1.5285643
9147005	7741	2.1262136	1.7664013
9147005	7742	2.442244	1.2645588
9147005	7743	3.056744	0.7954525
9147005	7744	3.8982754	0.027562618
9147005	7745	3.9145627	0.034072608
9147005	7746	3.7587843	0.13587257
9147005	7747	3.7864842	0.08954921
9147005	7748	3.8524785	0.017673284
9147005	7749	3.8774295	-0.011842281
9147005	7750	3.4073806	0.43711194
9147005	7751	3.283132	0.51483834
9147005	7752	3.192624	0.61395085
9147005	7753	3.6512733	0.18649736
9147005	7754	3.7921314	0.12289998
9147005	7755	3.1947727	0.6587509
9147005	7756	3.8178926	-0.10500187
9147005	7757	4.2853246	-0.2540477
9147005	7758	4.5059237	-0.56397426
9147005	7759	4.423883	-0.46217772
9147005	7760	4.2445316	-0.39395392
9147005	7761	4.4279943	-0.54503715
9147005	7762	4.5019298	-0.60271275
9147005	7763	4.0234714	-0.15004018
9147005	7764	3.3730688	0.43975732
9147005	7765	3.5850272	0.26634267
9147005	7766	3.2495031	0.6711476
9147005	7767	3.2061172	0.6643398
9147005	7768	3.0897002	0.80876875
9147005	7769	3.0597634	0.6729866
9147005	7770	2.8226404	1.0956452
9147005	7771	2.8024778	1.0991124
9147005	7772	2.6415343	1.1805593
9147005	7773	2.721509	1.2436112
9147005	7774	2.7782497	1.0199928
9147005	7775	2.527522	1.4566625
9147005	7776	2.396299	1.317309
9147005	7777	2.5731826	1.5240238
9147005	7778	2.5954208	1.1201355
9147005	7779	2.4803867	1.4989297
9147005	7780	2.526618	1.2650197
9147005	7781	2.350484	1.6178689
9147005	7782	1.7831696	2.2815435
9147005	7783	2.056757	1.7462692
9147005	7784	1.6939827	2.3066351
9147005	7785	1.4972249	2.3633971
9147005	7786	1.3728622	2.8904526
9147005	7787	1.8250636	2.087045
9147005	7788	1.9107805	2.258006
9147005	7789	1.7196528	2.1530397
9147005	7790	2.3192759	1.4796205
9147005	7791	2.0158143	1.8202333
9147005	7792	2.124484	1.5771446
9147005	7793	1.3442997	2.5241232
9147005	7794	1.1930274	2.8561525
9147005	7795	2.2457218	1.6938953
9147005	7796	1.8677217	1.9831438
9147005	7797	1.4985195	2.5167742
9147005	7798	0.888414	3.127584
9147005	7799	0.42185235	4.1534796
9147005	7800	-0.65000284	3.6928337
9147005	7801	-0.55536336	3.0126908
9147005	7802	-0.44198748	2.9480314
9147005	7803	-0.39089203	2.8352702
9147005	7804	-0.39109272	3.0615213
9147005	7805	-0.48364753	3.1345763
9147005	7806	-0.6713356	3.2096403
9147005	7807	-0.67292446	3.1871758
9147005	7808	-0.6257803	3.1686666
9147005	7809	-0.36654744	2.6870008
9147005	7810	-0.41575283	2.7061565
9147005	7811	0.03331846	2.0861213
9147005	7812	-0.21780306	2.3031847
9147005	7813	-0.22272667	2.4396753
9147005	7814	-0.09082526	2.021395
9147005	7815	-0.15736035	2.0666623
9147005	7816	-0.15865642	2.305071
9147005	7817	-0.24773413	2.1488612
9147005	7818	1.1818601	2.5721228
9147005	7819	1.2228149	2.6883214
9147005	7820	1.280376	2.8424938
9147005	7821	1.6201106	2.4148035
9147005	7822	1.7057098	2.293202
9147005	7823	1.9751347	2.3204775
9147005	7824	1.7263902	2.344632
9147005	7825	2.1641192	1.9192085
9147005	7826	2.5070267	1.6506052
9147005	7827	2.4998078	1.5578191
9147005	7828	2.4769707	1.5875056
9147005	7829	2.1388617	1.9082103
9147005	7830	2.0106497	2.1814425
9147005	7831	1.8348943	2.36306
9147005	7832	1.4660021	2.6806486
9147005	7833	2.5629392	1.4886574
9147005	7834	2.6580853	1.3702562
9147005	7835	2.845798	1.349781
9147005	7836	2.7525496	1.3780992
9147005	7837	2.861362	1.143921
9147005	7838	2.428537	1.5850806
9147005	7839	2.5512176	1.4892224
9147005	7840	2.206729	1.9026372
9147005	7841	2.7944999	1.2864541
9147005	7842	3.221253	0.90877163
9147005	7843	2.3136358	1.741266
9147005	7844	2.4013877	1.6800809
9147005	7845	2.6309285	1.6579671
9147005	7846	2.6906276	1.3667802
9147005	7847	2.886446	1.1863228
9147005	7848	2.9725819	1.0451144
9147005	7849	3.1664805	0.99739623
9147005	7850	2.4624004	1.5928373
9147005	7851	2.989862	1.0661634
9147005	7852	2.5228863	1.553705
9147005	7853	2.6201415	1.4894785
9147005	7854	2.6797175	1.5188792
9147005	7855	2.4240308	1.7254751
9147005	7856	2.2966666	1.7584231
9147005	7857	2.0865822	1.9796753
9147005	7858	2.7771893	1.3533757
9147005	7859	2.297934	1.8314359
9147005	7860	2.789712	1.3929181
9147005	7861	2.2397218	1.9440997
9147005	7862	2.4218917	1.7821109
9147005	7863	2.1632	2.0531092
9147005	7864	1.7503732	2.4319825
9147005	7865	1.5188543	2.6967256
9147005	7866	1.2683724	2.9820478
9147005	7867	1.4437733	2.7861295
9147005	7868	1.407791	2.7270844
9147005	7869	1.2767164	2.9071417
9147005	7870	1.1425533	3.1260993
9147005	7871	1.1174093	3.2349901
9147005	7872	1.0610899	3.3103926
9147005	7873	0.53937876	4.1624565
9147005	7874	0.48034602	4.5432196
9147005	7875	0.39935362	4.9262147
9147005	7876	0.5688914	4.5872383
9147005	7877	0.6278206	4.4124575
9147005	7878	0.432518	4.665668
9147005	7879	0.2553094	4.8930054
9147005	7880	0.2594669	4.9032717
9147005	7881	0.7060958	4.297215
9147005	7882	0.47396898	4.353103
9147005	7883	0.30717462	4.579444
9147005	7884	0.63514245	4.221583
9147005	7885	0.34725904	4.3562365
9147005	7886	0.0670138	4.679743
9147005	7887	0.12152982	4.634435
9147005	7888	-1.287035	3.5539415
9147005	7889	0.97858167	2.3867626
9147005	7890	0.7255478	2.5485992
9147005	7891	0.98836017	2.4161203
9147005	7892	1.2070001	1.9263549
9147005	7893	1.30814	1.845892
9147005	7894	1.6523613	1.4740105
9147005	7895	2.247994	1.0829793
9147005	7896	1.812069	1.3830428
9147005	7897	2.4219174	0.9051906
9147005	7898	1.9850758	1.3139722
9147005	7899	2.5032692	0.8911333
9147005	7900	1.9480203	1.3851669
9147005	7901	1.941311	1.4318917
9147005	7902	2.0102353	1.3292685
9147005	7903	3.0380068	0.21555302
9147005	7904	2.668932	0.6739892
9147005	7905	2.567378	0.7742537
9147005	7906	2.5190802	0.87110376
9147005	7907	2.5804477	0.7383499
9147005	7908	2.4052029	1.0064052
9147005	7909	2.373632	1.0001572
9147005	7910	2.4157224	0.9265634
9147005	7911	2.3973517	1.0600687
9147005	7912	2.0940795	1.4279242
9147005	7913	-0.34369403	4.2247515
9147005	7914	-0.5444635	5.261289
9147005	7915	-0.01876998	4.641327
9147005	7916	-0.02348712	4.496286
9147005	7917	-1.3773897	4.030085
9147005	7918	-1.4173427	3.9902327
9147005	7919	-0.9465047	3.4361098
9147005	7920	-0.6010396	4.9245014
9147005	7921	-0.40570116	4.6939616
9147005	7922	-0.548947	2.2220612
9147005	7923	-0.47143736	1.6905105
9147005	7924	-0.21940643	4.1827836
9147005	7925	-0.048270464	4.1363897
9147005	7926	0.58739555	0.21838543
9147005	7927	0.44919986	0.4009122
9147005	7928	0.26473713	0.7413411
9147005	7929	0.37247115	0.6184063
9147005	7930	1.9784037	0.89073956
9147005	7931	1.5680791	1.2819717
9147005	7932	1.5665346	1.5245448
9147005	7933	1.5702888	1.41377
9147005	7934	2.0783358	0.9162668
9147005	7935	1.6579388	1.405316
9147005	7936	1.9612664	1.2741375
9147005	7937	2.479125	0.6577735
9147005	7938	3.101696	0.17758033
9147005	7939	0.18740779	0.6824691
9147005	7940	0.09062022	0.9984993
9147005	7941	2.4611778	0.4251233
9147005	7942	2.65204	0.4810793
9147005	7943	2.5083728	0.692399
9147005	7944	-0.6285278	1.6835096
9147005	7945	-0.5037172	1.9043565
9147005	7946	2.0144215	0.98025525
9147005	7947	1.9508036	1.0146042
9147005	7948	-0.60981786	1.9360316
9147005	7949	-0.51468587	1.9951427
9147005	7950	-0.43377152	2.0035114
9147005	7951	2.067175	0.9803413
9147005	7952	-0.7892801	1.970475
9147005	7953	2.2902355	0.8149786
9147005	7954	2.1715398	0.794718
9147005	7955	2.3192225	0.859522
9147005	7956	-0.5726626	1.6606772
9147005	7957	2.2750115	0.68902004
9147005	7958	2.2033606	0.7588426
9147005	7959	-0.66282314	1.8214824
9147005	7960	-0.5657433	1.942002
9147005	7961	2.1823277	0.8033093
9147005	7962	2.0187097	0.9368788
9147005	7963	-0.7295239	1.944073
9147005	7964	-0.62910897	2.0349743
9147005	7965	2.1437912	0.8480865
9147005	7966	-0.7290846	1.7330949
9147005	7967	-0.009503514	1.4049077
9147005	7968	0.4841839	0.8084693
9147005	7969	3.1127443	0.17501321
9147005	7970	2.5513616	0.91893137
9147005	7971	-0.31533036	1.0991409
9147005	7972	3.2108803	0.23865011
9147005	7973	2.6904397	0.588552
9147005	7974	2.4564242	0.75987756
9147005	7975	2.561018	0.7512802
9147005	7976	2.5146346	0.735253
9147005	7977	1.9252752	1.3723874
9147005	7978	1.87558	1.2996242
9147005	7979	1.8591279	1.3577857
9147005	7980	2.3235416	1.0341021
9147005	7981	3.054389	0.3785763
9147005	7982	3.1868978	0.41895613
9147005	7983	2.2941694	1.1536083
9147005	7984	2.195562	1.3264873
9147005	7985	1.9538525	1.4096501
9147005	7986	1.7322332	1.6733909
9147005	7987	1.9190167	1.5961633
9147005	7988	1.6329623	1.8077264
9147005	7989	1.2094054	2.3044949
9147005	7990	1.2198052	2.3177557
9147005	7991	1.7706648	1.6580842
9147005	7992	1.5127932	1.8190331
9147005	7993	1.6057118	1.8056278
9147005	7994	2.3795323	1.1097994
9147005	7995	1.5856496	1.7301667
9147005	7996	2.0730104	1.3713813
9147005	7997	1.4982203	1.7667308
9147005	7998	1.5086452	1.8952496
9147005	7999	1.5966574	1.766438
9147005	8000	2.140586	1.3462929
9147005	8001	1.6528627	1.666013
9147005	8002	1.5327238	1.8175352
9147005	8003	1.425772	1.9610112
9147005	8004	1.2637032	1.8839235
9147005	8005	1.4581182	1.7503204
9147005	8006	1.9651617	1.2628874
9147005	8007	1.5657681	1.6882489
9147005	8008	2.0900893	1.2131752
9147005	8009	1.5510019	1.707906
9147005	8010	2.0978298	1.2126626
9147005	8011	2.5710793	0.80098057
9147005	8012	2.2534986	1.0661519
9147005	8013	2.4970794	0.8063493
9147005	8014	3.0324502	0.47230318
9147005	8015	2.9435215	0.5923896
9147005	8016	3.0927396	0.32771185
9147005	8017	3.1543717	0.48206374
9147005	8018	3.2734685	0.17523298
9147005	8019	3.4881558	0.14643267
9147005	8020	3.271524	0.29445353
9147005	8021	3.6993637	-0.1432577
9147005	8022	4.0784135	-0.2777018
9147005	8023	4.005874	-0.33256686
9147005	8024	4.1416283	-0.5923767
9147005	8025	3.5918417	-0.021909326
9147005	8026	3.507512	-0.03523636
9147005	8027	2.9851413	0.3477712
9147005	8028	2.9962678	0.31340876
9147005	8029	3.0396204	0.42038235
9147005	8030	2.8663282	0.5675856
9147005	8031	2.7700334	0.63842
9147005	8032	2.990499	0.368809
9147005	8033	2.8835387	0.47762457
9147005	8034	2.4498725	0.9427581
9147005	8035	2.3373537	1.0061884
9147005	8036	2.5702796	0.7786937
9147005	8037	2.5813518	0.79197454
9147005	8038	2.6280823	0.7746501
9147005	8039	2.2364202	1.1678625
9147005	8040	2.952077	0.52266824
9147005	8041	2.6665993	0.82146525
9147005	8042	1.6846904	1.7191288
9147005	8043	2.4784412	0.9551717
9147005	8044	1.3959814	1.9366829
9147005	8045	1.4879296	2.092313
9147005	8046	1.6354276	1.7702906
9147005	8047	1.5271543	1.8350601
9147005	8048	1.3882487	2.2669387
9147005	8049	1.5477983	1.9341605
9147005	8050	1.4576552	2.0907817
9147005	8051	1.3357539	2.2253819
9147005	8052	1.4341053	2.1165292
9147005	8053	1.7834214	1.531202
9147005	8054	1.2754431	2.2793093
9147005	8055	1.3804023	2.205452
9147005	8056	1.2785056	2.2833984
9147005	8057	0.9857336	2.5291529
9147005	8058	0.9001368	2.7388146
9147005	8059	1.6998464	1.7506576
9147005	8060	1.6763839	1.6277759
9147005	8061	1.040312	2.5968108
9147005	8062	1.1720458	2.457563
9147005	8063	2.0188532	1.3802671
9147005	8064	1.2497721	2.468257
9147005	8065	0.99020493	2.528087
9147005	8066	1.0923587	2.7202768
9147005	8067	1.701187	1.6305177
9147005	8068	1.6527818	1.853014
9147005	8069	1.5007471	2.0874074
9147005	8070	1.987295	1.5136149
9147005	8071	1.9599298	1.4240377
9147005	8072	1.9139882	1.4855618
9147005	8073	1.4485248	2.048059
9147005	8074	1.5889937	1.930121
9147005	8075	1.6607565	1.8046937
9147005	8076	1.7979544	1.7086263
9147005	8077	1.6655339	1.8590486
9147005	8078	1.73008	1.7988889
9147005	8079	1.4046859	2.1335142
9147005	8080	1.3834534	2.204675
9147005	8081	1.4040533	2.1367025
9147005	8082	2.0340524	1.4487314
9147005	8083	2.4976263	0.98400855
9147005	8084	2.3431883	1.2665938
9147005	8085	2.3909602	1.1405536
9147005	8086	2.7429986	0.92243326
9147005	8087	2.0183802	1.2552265
9147005	8088	1.8983678	1.5975952
9147005	8089	2.1256995	1.3202517
9147005	8090	2.2292118	1.2504524
9147005	8091	2.7220922	0.84422433
9147005	8092	2.1300097	1.4209391
9147005	8093	1.9395002	1.6177065
9147005	8094	2.3915567	1.081208
9147005	8095	2.121716	1.3360935
9147005	8096	1.8259052	1.8646886
9147005	8097	1.8948656	1.4935696
9147005	8098	1.8453869	1.6588838
9147005	8099	1.5624553	1.9835651
9147005	8100	1.6626383	1.9076288
9147005	8101	1.6964961	1.8282204
9147005	8102	1.7235788	1.829165
9147005	8103	1.5863186	2.033754
9147005	8104	1.8287455	1.7340956
9147005	8105	1.8173743	1.7659924
9147005	8106	1.8453633	1.7795806
9147005	8107	2.3399658	1.232044
9147005	8108	1.8128618	1.8591127
9147005	8109	1.9970118	1.7631099
9147005	8110	2.6212668	1.0241089
9147005	8111	2.8151126	0.89486766
9147005	8112	2.1181602	1.6380019
9147005	8113	2.052435	1.7092502
9147005	8114	2.1253142	1.6044075
9147005	8115	2.1667852	1.5998576
9147005	8116	2.1274333	1.6464653
9147005	8117	2.6611037	1.0991374
9147005	8118	2.1711736	1.6651766
9147005	8119	2.1273155	1.6993887
9147005	8120	2.2678933	1.5078572
9147005	8121	2.6695838	1.1237736
9147005	8122	3.1884198	0.682714
9147005	8123	4.370008	-0.46753985
9147005	8124	4.362396	-0.2803234
9147005	8125	5.193372	-0.9699513
9147005	8126	5.335297	-1.2037904
9147005	8127	4.893661	-1.0906637
9147005	8128	5.416587	-1.5457678
9147005	8129	4.308498	-0.8574699
9147005	8130	4.7353845	-1.2559307
9147005	8131	3.7712007	-0.5275493
9147005	8132	3.1194224	0.057495505
9147005	8133	4.005987	-0.40497848
9147005	8134	4.0599566	-0.36209762
9147005	8135	3.3754916	0.20757356
9147005	8136	3.37049	0.1905432
9147005	8137	3.3803897	0.25698987
9147005	8138	3.4302125	0.1780878
9147005	8139	3.4130697	0.22934237
9147005	8140	3.9235296	-0.2751937
9147005	8141	3.8948193	-0.19925967
9147005	8142	3.7893114	-0.16168132
9147005	8143	4.1957173	-0.56296223
9147005	8144	4.190438	-0.50479925
9147005	8145	3.6567907	-0.09158987
9147005	8146	3.609583	-0.13888562
9147005	8147	3.60391	-0.08769292
9147005	8148	3.6020746	-0.09128079
9147005	8149	3.3395257	0.16294941
9147005	8150	3.7618322	-0.26159355
9147005	8151	4.378233	-0.7724768
9147005	8152	4.2568903	-0.58541787
9147005	8153	3.7482762	-0.20130014
9147005	8154	3.8797746	-0.378087
9147005	8155	3.7680573	-0.20082852
9147005	8156	4.118353	-0.88835377
9147005	8157	4.4457397	-1.048995
9147005	8158	4.2891345	-0.9751699
9147005	8159	4.343669	-1.0910993
9147005	8160	4.3740816	-1.060017
9147005	8161	3.6414952	-0.22951315
9147005	8162	3.676642	-0.33904886
9147005	8163	4.3530893	-1.1745716
9147005	8164	4.493053	-1.219364
9147005	8165	4.0830016	-0.94790775
9147005	8166	4.3564663	-1.1736213
9147005	8167	4.637522	-1.407281
9147005	8168	4.7746043	-1.5121013
9147005	8169	3.3118749	-1.834144
9147005	8170	1.6435915	0.9037609
9147005	8171	1.7795504	1.2856898
9147005	8172	1.701753	1.7388673
9147005	8173	2.0413303	1.3036058
9147005	8174	2.3932056	-0.07334739
9147005	8175	3.5598388	-0.5104156
9147005	8176	3.8047028	-0.4404418
9147005	8177	4.099712	-0.6454729
9147005	8178	4.4750524	-0.8837054
9147005	8179	4.665885	-1.0021855
9147005	8180	4.2461762	-0.7520651
9147005	8181	4.184116	-0.6801798
9147005	8182	4.129147	-0.7002071
9147005	8183	4.0883	-0.7039004
9147005	8184	4.0307174	-0.5971671
9147005	8185	4.064439	-0.6211133
9147005	8186	4.3710675	-0.9017751
9147005	8187	4.065729	-0.71316856
9147005	8188	3.8822675	-0.5105717
9147005	8189	4.2538776	-0.9000218
9147005	8190	4.341138	-0.9359231
9147005	8191	3.8013763	-0.64833367
9147005	8192	3.759328	-0.3680453
9147005	8193	4.120173	-0.7793685
9147005	8194	4.074208	-0.67800814
9147005	8195	3.8339958	-0.4844539
9147005	8196	3.6612282	-0.2568695
9147005	8197	3.4097786	-0.042573363
9147005	8198	3.4938297	-0.11000693
9147005	8199	3.807393	-0.3639416
9147005	8200	4.1035967	-0.59973246
9147005	8201	4.917251	-1.1991616
9147005	8202	3.808302	-2.3458786
9147005	8203	4.4420977	-1.2550364
9147005	8204	4.1043987	-0.8212218
9147005	8205	1.9635583	-0.8539239
9147005	8206	1.3038168	1.5049044
9147005	8207	1.7142946	1.5477319
9147005	8208	1.6876315	1.6532354
9147005	8209	1.2415341	2.3834097
9147005	8210	1.5425745	2.0958898
9147005	8211	1.5385319	2.0712163
9147005	8212	1.5611631	2.047302
9147005	8213	1.7348095	1.8663085
9147005	8214	1.6651262	1.9528003
9147005	8215	1.7413431	1.8825035
9147005	8216	2.6609411	0.918352
9147005	8217	2.6874733	0.97462475
9147005	8218	3.332684	0.25115356
9147005	8219	3.2786493	0.34304813
9147005	8220	3.2902112	0.26002547
9147005	8221	2.6413393	0.81984663
9147005	8222	2.8287382	0.7085811
9147005	8223	2.6592488	0.9785967
9147005	8224	2.8315535	0.83444834
9147005	8225	2.7710328	0.87257266
9147005	8226	2.697054	0.98507464
9147005	8227	2.6591516	1.0211099
9147005	8228	2.6603942	1.0620375
9147005	8229	2.5810518	1.1096314
9147005	8230	2.551341	1.1828256
9147005	8231	2.5291333	1.1928551
9147005	8232	3.0018544	0.73720264
9147005	8233	2.9415817	0.80544674
9147005	8234	2.844193	0.92471385
9147005	8235	3.3988628	0.36327025
9147005	8236	3.459228	0.319128
9147005	8237	3.8071704	-0.08547765
9147005	8238	3.9557061	-0.05598864
9147005	8239	3.8449016	0.04272297
9147005	8240	3.074551	0.68740904
9147005	8241	3.431211	0.3235062
9147005	8242	3.234654	0.39684996
9147005	8243	3.3812985	0.30332717
9147005	8244	3.0755005	0.64009774
9147005	8245	3.2380204	0.46353927
9147005	8246	3.2715654	0.42787853
9147005	8247	3.7880898	-0.04108271
9147005	8248	3.5576801	0.1818051
9147005	8249	3.3943152	0.24582699
9147005	8250	3.5006099	0.2890735
9147005	8251	3.2754622	0.497045
9147005	8252	3.2055073	0.43756327
9147005	8253	3.3023844	0.40334573
9147005	8254	3.6927662	-0.00494346
9147005	8255	3.87435	-0.12641436
9147005	8256	3.3348274	0.42838058
9147005	8257	3.2769418	0.386346
9147005	8258	3.3527126	0.31316665
9147005	8259	3.3722901	0.32572272
9147005	8260	3.1259103	0.61459184
9147005	8261	3.661798	-0.032648385
9147005	8262	3.3433723	0.3769968
9147005	8263	3.6429796	0.096823186
9147005	8264	3.5162	0.30275306
9147005	8265	3.3891125	0.3294997
9147005	8266	3.39786	0.3146561
9147005	8267	3.4341087	0.2708169
9147005	8268	3.4057279	0.31354043
9147005	8269	3.203247	0.52394116
9147005	8270	3.2579913	0.43021843
9147005	8271	3.7284093	-0.019130737
9147005	8272	3.6923347	0.079265565
9147005	8273	3.185246	0.5205263
9147005	8274	3.1430712	0.5734446
9147005	8275	3.279129	0.4070532
9147005	8276	3.2903938	0.41642734
9147005	8277	3.149548	0.5510447
9147005	8278	1.6335896	-0.10985702
9147005	8279	1.3742385	0.49436697
9147005	8280	1.8640352	-0.55025274
9147005	8281	2.1665883	-0.8520597
9147005	8282	1.8863353	1.2137604
9147005	8283	1.900726	1.444074
9147005	8284	1.8374628	1.5159919
9147005	8285	1.962556	1.4669076
9147005	8286	2.0069962	1.3432484
9147005	8287	1.6934482	1.8031108
9147005	8288	1.7567683	1.8591824
9147005	8289	1.7930588	1.8148701
9147005	8290	2.0068545	1.6187246
9147005	8291	2.175199	1.4034748
9147005	8292	2.0387	1.7034116
9147005	8293	2.2843332	1.4561462
9147005	8294	2.191074	1.5597823
9147005	8295	2.2212944	1.5579536
9147005	8296	2.6076894	0.9370365
9147005	8297	2.4502802	1.1700276
9147005	8298	2.0494404	1.7697794
9147005	8299	1.6589946	2.1554205
9147005	8300	2.4532518	1.3233445
9147005	8301	2.4642158	1.1709661
9147005	8302	2.8496008	0.86829746
9147005	8303	2.8798347	0.75734913
9147005	8304	2.9089622	0.8683512
9147005	8305	2.2129264	1.4553313
9147005	8306	2.3414593	1.4597816
9147005	8307	2.3001986	1.4692686
9147005	8308	2.2849188	1.4172328
9147005	8309	2.1778855	1.6367397
9147005	8310	2.31886	1.457546
9147005	8311	2.3537016	1.3179345
9147005	8312	2.238	1.5937235
9147005	8313	2.3719912	1.4057041
9147005	8314	2.3301868	1.4650286
9147005	8315	2.2795057	1.5294168
9147005	8316	2.1447873	1.7086554
9147005	8317	1.712278	2.1387005
9147005	8318	1.8748122	1.8788445
9147005	8319	2.3740864	1.5058746
9147005	8320	1.8984016	1.7880287
9147005	8321	1.7771133	2.0892768
9147005	8322	2.284966	1.3794185
9147005	8323	2.3769207	1.4289507
9147005	8324	2.6908507	0.9603523
9147005	8325	2.5823636	1.100842
9147005	8326	2.0130014	1.6130166
9147005	8327	2.0344672	1.7735097
9147005	8328	2.1550512	1.6895072
9147005	8329	1.997219	1.7992234
9147005	8330	2.2167501	1.7298765
9147005	8331	2.2620807	1.538221
9147005	8332	2.1506715	1.7909896
9147005	8333	2.0955706	1.7899792
9147005	8334	2.0829163	1.8414986
9147005	8335	2.1313558	1.7901683
9147005	8336	2.1297536	1.7994063
9147005	8337	2.1381316	1.8018076
9147005	8338	2.1176715	1.8285055
9147005	8339	2.1173286	1.8390079
9147005	8340	2.1336117	1.8263438
9147005	8341	2.1213336	1.8333895
9147005	8342	2.6235657	1.2923176
9147005	8343	2.5781379	1.3551282
9147005	8344	1.9710964	1.9460502
9147005	8345	2.0009031	1.9106815
9147005	8346	2.1940641	1.7428956
9147005	8347	2.7321944	1.1600304
9147005	8348	2.819056	1.0054579
9147005	8349	2.7882247	1.0418082
9147005	8350	2.1613789	1.7148397
9147005	8351	2.2725916	1.5632999
9147005	8352	2.230173	1.707972
9147005	8353	2.4144883	1.4857106
9147005	8354	2.1577973	1.7904766
9147005	8355	2.2839189	1.680742
9147005	8356	2.2163177	1.7633691
9147005	8357	2.2092214	1.6470141
9147005	8358	2.0999336	1.9058309
9147005	8359	2.2559733	1.6870441
9147005	8360	2.7975593	1.1410673
9147005	8361	2.1672482	1.8072536
9147005	8362	1.7274829	2.3016415
9147005	8363	1.2607847	2.7049441
9147005	8364	2.4479485	1.4326321
9147005	8365	1.9713851	1.8187871
9147005	8366	1.6250128	2.4853508
9147005	8367	1.8251606	2.1932278
9147005	8368	1.1844783	2.908845
9147005	8369	1.3460795	2.7145576
9147005	8370	2.0224557	1.6352336
9147005	8371	2.319378	1.4735168
9147005	8372	2.2766461	1.8099589
9147005	8373	2.191197	1.8514926
9147005	8374	1.9769806	2.16594
9147005	8375	1.9241308	1.9318848
9147005	8376	2.383459	1.4220501
9147005	8377	2.5222116	1.333904
9147005	8378	2.451593	1.5238068
9147005	8379	2.4627657	1.4228864
9147005	8380	2.4655352	1.4226
9147005	8381	2.4951558	1.4095045
9147005	8382	2.4983478	1.3771876
9147005	8383	2.5690765	1.331435
9147005	8384	2.688393	1.2601706
9147005	8385	2.6292229	1.2624521
9147005	8386	2.7879047	1.11612
9147005	8387	3.2625308	0.6129203
9147005	8388	3.162572	0.7838558
9147005	8389	3.2977362	0.61037385
9147005	8390	3.461534	0.49756625
9147005	8391	3.7110023	0.2792398
9147005	8392	3.6740475	0.31555185
9147005	8393	3.7512112	0.27975044
9147005	8394	3.6424198	0.37625602
9147005	8395	3.6256747	0.3518664
9147005	8396	3.5850778	0.3081005
9147005	8397	3.1007752	0.8021195
9147005	8398	2.899457	0.8505219
9147005	8399	2.8955274	1.066565
9147005	8400	2.8055015	0.930591
9147005	8401	2.713488	1.2213789
9147005	8402	2.7143445	0.98739004
9147005	8403	3.1103706	0.78454936
9147005	8404	3.3295736	0.5388695
9147005	8405	3.3465304	0.5322856
9147005	8406	3.6021857	0.24981233
9147005	8407	4.0820193	-0.14515957
9147005	8408	4.4237638	-0.32055593
9147005	8409	4.5371923	-0.47609597
9147005	8410	4.548305	-0.50932866
9147005	8411	5.017836	-0.7681657
9147005	8412	4.7692704	-0.621217
9147005	8413	4.854473	-0.73647004
9147005	8414	4.092287	-0.15105104
9147005	8415	4.0661135	-0.17422184
9147005	8416	4.1040716	-0.16084778
9147005	8417	4.2776227	-0.34869102
9147005	8418	3.9539428	-0.03961894
9147005	8419	3.8077426	0.03593591
9147005	8420	3.9495068	-0.07909942
9147005	8421	3.968687	-0.08789605
9147005	8422	3.8606024	-0.04045731
9147005	8423	3.8487167	-0.051789314
9147005	8424	3.7394567	0.051513404
9147005	8425	3.6219287	0.20593914
9147005	8426	3.7858934	-0.047854275
9147005	8427	4.0461154	-0.062573195
9147005	8428	3.9846954	0.015883803
9147005	8429	3.7216363	0.13170019
9147005	8430	4.211346	-0.3803593
9147005	8431	4.250846	-0.3025819
9147005	8432	3.7619123	0.102969855
9147005	8433	3.670072	0.20092645
9147005	8434	2.6937027	-1.4874682
9147005	8435	2.4738631	-1.0693878
9147005	8436	2.2661276	-1.0163155
9147005	8437	2.4785123	-1.1160933
9147005	8438	3.1434832	-0.06204301
9147005	8439	2.7841396	0.105263025
9147005	8440	0.67049944	-0.042112112
9147005	8441	0.62765884	0.12754133
9147005	8442	0.9361812	-0.058924973
9147005	8443	3.3305283	-0.24473463
9147005	8444	2.9442859	0.18399695
9147005	8445	0.74857986	-0.07136369
9147005	8446	0.8027222	-0.037390202
9147005	8447	0.93188286	-0.15433964
9147005	8448	3.3174562	-0.30134
9147005	8449	-0.04811713	0.56597733
9147005	8450	0.51904607	2.4367971
9147005	8451	0.10747796	3.1035852
9147005	8452	0.7367958	-0.16832069
9147005	8453	0.8378376	-0.093521535
9147005	8454	3.337731	-0.2515198
9147005	8455	-0.116056025	0.60280716
9147005	8456	3.0798597	0.15085974
9147005	8457	2.4947076	0.52855825
9147005	8458	3.0354714	0.32746252
9147005	8459	2.6949697	0.62402356
9147005	8460	1.6565167	1.5566823
9147005	8461	2.0532413	1.2623544
9147005	8462	2.0373473	1.379711
9147005	8463	2.1522331	1.373604
9147005	8464	2.214178	1.1140172
9147005	8465	1.6485807	1.7586632
9147005	8466	1.9305547	1.3517232
9147005	8467	1.874719	1.6047809
9147005	8468	1.9137982	1.3726732
9147005	8469	1.2918537	2.1337266
9147005	8470	1.4655645	1.8520999
9147005	8471	1.3821368	2.276689
9147005	8472	1.6355051	1.9493868
9147005	8473	1.3010135	-0.36394697
9147005	8474	0.9219675	2.0266843
9147005	8475	1.186407	1.9781642
9147005	8476	1.4578925	1.8322058
9147005	8477	1.8004826	1.5136461
9147005	8478	1.73657	1.7071624
9147005	8479	1.9552668	1.5148646
9147005	8480	2.225346	1.2335391
9147005	8481	2.1267996	1.4404355
9147005	8482	2.2753062	1.2133509
9147005	8483	2.3063178	1.2655445
9147005	8484	2.349687	1.2404021
9147005	8485	2.328782	1.2682157
9147005	8486	2.8257484	0.69487524
9147005	8487	2.8135638	0.88252294
9147005	8488	2.9454541	0.505816
9147005	8489	3.052167	0.5876502
9147005	8490	3.043849	0.4729496
9147005	8491	2.4931602	1.0011059
9147005	8492	2.3231144	1.1334101
9147005	8493	2.2819057	1.1774365
9147005	8494	2.3525715	1.3447182
9147005	8495	2.8602834	0.7125182
9147005	8496	2.9877443	0.55468094
9147005	8497	3.042903	0.58107746
9147005	8498	3.0531025	0.5876043
9147005	8499	3.1654692	0.44708726
9147005	8500	3.1972766	0.39504036
9147005	8501	3.1740375	0.47078362
9147005	8502	2.9369106	0.76942956
9147005	8503	2.806109	0.8466321
9147005	8504	2.8875418	0.8015672
9147005	8505	2.8428679	0.8243705
9147005	8506	2.9719048	0.7245816
9147005	8507	2.8890815	0.703115
9147005	8508	2.8890295	0.75976586
9147005	8509	3.2785144	0.3440006
9147005	8510	3.3995728	0.32413867
9147005	8511	3.6504836	0.028378963
9147005	8512	4.218109	-0.4556896
9147005	8513	3.7563443	-0.048840225
9147005	8514	3.7034483	-0.061424196
9147005	8515	3.7867613	-0.045191646
9147005	8516	3.7000203	-0.011256039
9147005	8517	4.001811	-0.31675944
9147005	8518	4.082625	-0.3895154
9147005	8519	3.9810233	-0.31528178
9147005	8520	3.6793046	0.057446808
9147005	8521	3.4716873	0.18596122
9147005	8522	3.2115474	0.41346964
9147005	8523	3.3797998	0.27936986
9147005	8524	2.9465432	0.7441275
9147005	8525	2.8297558	0.8077074
9147005	8526	2.8487945	0.8656163
9147005	8527	3.1394	0.49336377
9147005	8528	2.8195195	0.862538
9147005	8529	3.0549598	0.55158424
9147005	8530	3.0452137	0.63884187
9147005	8531	2.7939396	0.799415
9147005	8532	2.7441483	0.84685564
9147005	8533	2.964713	0.59311855
9147005	8534	2.8824663	0.72861993
9147005	8535	3.0572228	0.55938303
9147005	8536	3.0888796	0.61654234
9147005	8537	3.1705008	0.5246197
9147005	8538	1.7708024	-0.6440769
9147005	8539	1.3725574	-0.263412
9147005	8540	2.996798	0.14279225
9147005	8541	2.6568136	0.2338529
9147005	8542	2.6749206	0.41457084
9147005	8543	2.4455976	0.6758671
9147005	8544	2.3618398	0.7703842
9147005	8545	2.6650233	0.6145072
9147005	8546	3.0285077	0.32528988
9147005	8547	3.0411205	0.4086407
9147005	8548	2.6892295	0.65819657
9147005	8549	2.6033134	0.78827417
9147005	8550	2.1735578	1.0891737
9147005	8551	2.41642	0.96987295
9147005	8552	2.5254936	0.89479303
9147005	8553	2.5739093	0.8803866
9147005	8554	2.617991	0.9039105
9147005	8555	2.603765	0.83902836
9147005	8556	2.7868032	0.7441908
9147005	8557	2.7235875	0.8371669
9147005	8558	1.2740304	2.198581
9147005	8559	1.3280712	2.454888
9147005	8560	1.4113462	2.226869
9147005	8561	1.4845537	2.1831295
9147005	8562	0.9253764	2.7609367
9147005	8563	1.5030042	2.2773433
9147005	8564	1.0070146	2.6698864
9147005	8565	1.556908	2.2696636
9147005	8566	1.7848066	1.7739522
9147005	8567	1.9363195	1.7963688
9147005	8568	2.502563	1.2490584
9147005	8569	1.8703295	1.8437457
9147005	8570	2.0434098	1.8052874
9147005	8571	2.1036553	1.5840132
9147005	8572	2.2222238	1.6213198
9147005	8573	2.161745	1.6405716
9147005	8574	2.7878675	1.0817096
9147005	8575	2.2285957	1.6017988
9147005	8576	2.167068	1.6046965
9147005	8577	2.2679796	1.6130261
9147005	8578	2.3036165	1.5389913
9147005	8579	2.7975893	1.095189
9147005	8580	2.434268	1.3883983
9147005	8581	1.8848835	1.9583755
9147005	8582	2.4780211	1.42769
9147005	8583	1.8523644	1.9882207
9147005	8584	1.9357036	2.044408
9147005	8585	1.874241	2.0215569
9147005	8586	1.9571594	1.9553425
9147005	8587	1.3973279	2.5056584
9147005	8588	1.4554588	2.5882852
9147005	8589	0.98809874	3.0087898
9147005	8590	1.0120791	3.191579
9147005	8591	1.1950253	2.8857956
9147005	8592	1.5167173	2.6318579
9147005	8593	1.4046043	2.5182967
9147005	8594	2.1969433	1.8989697
9147005	8595	1.7343887	2.2699196
9147005	8596	2.4149833	1.7132876
9147005	8597	1.7042929	2.3707905
9147005	8598	1.7436713	2.3340023
9147005	8599	1.1535627	3.1042876
9147005	8600	1.5725368	2.5149686
9147005	8601	1.5116464	2.394145
9147005	8602	1.1081	3.0936198
9147005	8603	1.944121	2.1423886
9147005	8604	0.102012634	0.8672658
9147005	8605	1.114789	-0.2781427
9147005	8606	1.2356068	-0.20918316
9147005	8607	1.7251645	-0.5218543
9147005	8608	1.3945458	1.6957045
9147005	8609	1.620252	1.9583757
9147005	8610	1.326146	2.4198906
9147005	8611	1.8579446	1.8826058
9147005	8612	1.3128203	2.3189647
9147005	8613	1.9309274	1.8439238
9147005	8614	2.524147	1.2469918
9147005	8615	2.1423883	1.6502216
9147005	8616	1.7552689	2.1534948
9147005	8617	2.0620837	1.6685307
9147005	8618	2.1692228	1.6571219
9147005	8619	2.6482158	1.2796688
9147005	8620	2.2715273	1.5600095
9147005	8621	2.3175788	1.5930922
9147005	8622	2.3649945	1.4515829
9147005	8623	1.7976903	2.165419
9147005	8624	2.053019	1.9494927
9147005	8625	1.6276065	2.3391714
9147005	8626	1.7672483	2.2141805
9147005	8627	2.1821842	1.9021075
9147005	8628	1.7852074	2.2037244
9147005	8629	1.8550016	2.2407227
9147005	8630	2.2760072	1.6949422
9147005	8631	1.602748	2.4943244
9147005	8632	2.05823	1.997226
9147005	8633	1.5065564	2.509571
9147005	8634	1.3613997	2.6603494
9147005	8635	1.3157184	2.6768768
9147005	8636	2.271554	1.6106107
9147005	8637	2.378631	1.5680814
9147005	8638	2.6410007	1.2410725
9147005	8639	2.916739	0.96564865
9147005	8640	2.5171518	1.476385
9147005	8641	2.573182	1.3915704
9147005	8642	2.6908693	1.1553787
9147005	8643	2.88246	1.0019132
9147005	8644	2.4732366	1.4289232
9147005	8645	2.3895535	1.5608938
9147005	8646	2.6958175	1.2588494
9147005	8647	2.7264528	1.1466804
9147005	8648	3.0378141	0.87402594
9147005	8649	2.995172	1.0058626
9147005	8650	3.3195639	0.6245587
9147005	8651	2.8786511	1.0382847
9147005	8652	2.7954698	1.1407247
9147005	8653	3.028041	0.75834787
9147005	8654	3.5543242	0.38730475
9147005	8655	3.4453259	0.5201694
9147005	8656	3.7067795	0.28909782
9147005	8657	3.4258614	0.5150863
9147005	8658	3.4869275	0.4096292
9147005	8659	3.5013623	0.4511675
9147005	8660	3.614676	0.42167827
9147005	8661	3.6534095	0.25622734
9147005	8662	3.6351957	0.33993873
9147005	8663	4.231798	-0.2474676
9147005	8664	3.7618613	0.2616661
9147005	8665	3.6331134	0.29727867
9147005	8666	3.2283416	0.7013588
9147005	8667	3.255641	0.6512201
9147005	8668	3.362699	0.5321411
9147005	8669	3.3730884	0.54635334
9147005	8670	3.2813816	0.6447196
9147005	8671	3.2711644	0.6438273
9147005	8672	3.2602448	0.65862775
9147005	8673	3.6322722	0.30185255
9147005	8674	3.3319068	0.6127889
9147005	8675	3.2463179	0.6963408
9147005	8676	3.3550634	0.5677092
9147005	8677	3.3903208	0.54601693
9147005	8678	3.3835034	0.5512501
9147005	8679	3.37154	0.56620586
9147005	8680	3.1912694	0.8130069
9147005	8681	3.2319708	0.5960412
9147005	8682	3.117198	0.75548434
9147005	8683	3.3573246	0.5654086
9147005	8684	3.8883338	0.04707393
9147005	8685	3.2943978	0.6642773
9147005	8686	2.5612774	1.338064
9147005	8687	2.3845663	1.4993136
9147005	8688	2.429028	1.3808262
9147005	8689	2.7147627	1.1630044
9147005	8690	2.754673	1.1545279
9147005	8691	2.729723	1.2045932
9147005	8692	2.7461925	1.1875025
9147005	8693	2.7413425	1.2009778
9147005	8694	2.7440739	1.1548371
9147005	8695	2.7712088	1.154181
9147005	8696	3.24052	0.6915282
9147005	8697	2.884192	1.0189779
9147005	8698	2.6530743	1.2532352
9147005	8699	2.694263	1.2491559
9147005	8700	3.512745	0.4359567
9147005	8701	3.060327	0.7917532
9147005	8702	3.1096444	0.8482654
9147005	8703	3.005084	0.9865658
9147005	8704	2.8986974	0.90603125
9147005	8705	3.056888	0.8685074
9147005	8706	2.7662082	1.1743966
9147005	8707	2.5183797	1.3263729
9147005	8708	2.0732555	1.8191988
9147005	8709	2.1076202	1.897563
9147005	8710	2.0029101	2.0395863
9147005	8711	1.9692172	1.976824
9147005	8712	1.8633853	2.1450028
9147005	8713	2.3707185	1.5926733
9147005	8714	2.4409323	1.4190679
9147005	8715	2.026904	1.9077795
9147005	8716	2.1028562	1.8312094
9147005	8717	2.1096478	1.9540741
9147005	8718	1.8152755	2.2050402
9147005	8719	2.36546	1.7063777
9147005	8720	2.3211403	1.5593598
9147005	8721	2.3077292	1.5839117
9147005	8722	2.626114	1.3343756
9147005	8723	1.9901272	1.92817
9147005	8724	2.1402483	1.8671777
9147005	8725	2.4661045	1.5613158
9147005	8726	3.013925	0.83300006
9147005	8727	2.7609887	1.1713787
9147005	8728	2.4355621	1.4326819
9147005	8729	2.7098985	1.1931934
9147005	8730	2.641388	1.2445173
9147005	8731	3.1150565	0.8308859
9147005	8732	3.4315948	0.57158566
9147005	8733	2.7558093	1.1555969
9147005	8734	3.2033405	0.75455844
9147005	8735	2.7664776	1.1495265
9147005	8736	3.182207	0.7467934
9147005	8737	3.0099115	0.94357216
9147005	8738	2.870185	1.0330858
9147005	8739	2.9549255	0.9495697
9147005	8740	3.0961485	0.8009381
9147005	8741	2.9532785	1.008295
9147005	8742	3.064571	0.8843483
9147005	8743	2.9936013	0.97215724
9147005	8744	3.5609188	0.40185615
9147005	8745	3.1651402	0.85801446
9147005	8746	3.054534	0.90634346
9147005	8747	3.0643978	0.9285197
9147005	8748	3.0025492	0.9554087
9147005	8749	2.9714956	1.0188466
9147005	8750	2.9899125	0.98775125
9147005	8751	3.1773057	0.75387704
9147005	8752	3.0740833	0.91954184
9147005	8753	3.202745	0.7440225
9147005	8754	3.621251	0.37047556
9147005	8755	3.6690297	0.289108
9147005	8756	3.219696	0.73656476
9147005	8757	3.0790882	0.8087045
9147005	8758	3.1285877	0.8090081
9147005	8759	4.08489	-0.23111257
9147005	8760	4.075664	-0.05255428
9147005	8761	3.9751225	-0.0007991791
9147005	8762	4.1639843	-0.1735208
9147005	8763	3.8888812	0.08175382
9147005	8764	3.8851051	-0.008064508
9147005	8765	3.9423223	-0.04757139
9147005	8766	3.8501496	0.023905903
9147005	8767	3.9816165	-0.07212594
9147005	8768	4.008533	-0.061691254
9147005	8769	3.7787795	0.103743345
9147005	8770	4.25109	-0.36070904
9147005	8771	4.5734177	-0.4273443
9147005	8772	4.677476	-0.5266001
9147005	8773	4.684889	-0.624804
9147005	8774	4.785159	-0.6142916
9147005	8775	4.62501	-0.59359246
9147005	8776	4.687301	-0.62790835
9147005	8777	4.8444953	-0.7606392
9147005	8778	4.2526097	-0.41341817
9147005	8779	4.516658	-0.6476317
9147005	8780	4.044224	-0.19295374
9147005	8781	4.0484505	-0.22642894
9147005	8782	3.897336	-0.05647385
9147005	8783	3.895894	-0.1321496
9147005	8784	4.125776	-0.26425815
9147005	8785	3.948851	-0.13862374
9147005	8786	3.969439	-0.1778281
9147005	8787	3.594349	0.26510224
9147005	8788	3.6402946	0.16874489
9147005	8789	3.6398401	0.23812506
9147005	8790	3.7404375	0.060046703
9147005	8791	3.7781215	0.13138375
9147005	8792	3.726406	0.22294989
9147005	8793	3.5499277	0.31483456
9147005	8794	3.1760554	0.76529837
9147005	8795	2.8558297	1.0325292
9147005	8796	2.6988745	1.1271813
9147005	8797	2.5878263	1.2093863
9147005	8798	2.380948	1.4773071
9147005	8799	2.214868	1.773123
9147005	8800	2.5480895	1.2414211
9147005	8801	2.6153622	1.2405274
9147005	8802	2.5049028	1.3782372
9147005	8803	2.4531717	1.3802762
9147005	8804	2.824243	1.1118019
9147005	8805	2.8995752	1.0044252
9147005	8806	2.4210415	1.4217045
9147005	8807	2.4186401	1.5027099
9147005	8808	1.8104645	2.1058564
9147005	8809	2.3148665	1.7240262
9147005	8810	1.733358	2.16422
9147005	8811	1.801427	2.3026543
9147005	8812	1.8760792	2.0777678
9147005	8813	1.7156562	2.3795266
9147005	8814	1.7877139	2.253375
9147005	8815	1.8454207	2.1960945
9147005	8816	2.239275	1.7940187
9147005	8817	1.8821198	2.1065416
9147005	8818	2.0041785	2.1337945
9147005	8819	1.7992827	2.3325362
9147005	8820	2.2475867	1.8590465
9147005	8821	2.2681975	1.6499712
9147005	8822	1.8735198	2.1025558
9147005	8823	1.4565847	2.570807
9147005	8824	1.6061918	2.5427315
9147005	8825	1.842636	2.160666
9147005	8826	2.071941	1.9787288
9147005	8827	2.4967613	1.4103726
9147005	8828	2.0904074	1.8002486
9147005	8829	1.5414127	2.5089421
9147005	8830	1.591256	2.5952597
9147005	8831	1.6404992	2.4006138
9147005	8832	1.752772	2.4124148
9147005	8833	1.9533149	2.1291149
9147005	8834	1.5072595	2.484307
9147005	8835	1.6530849	2.5571482
9147005	8836	1.7389733	2.407334
9147005	8837	1.7979044	2.393139
9147005	8838	2.004305	2.1396894
9147005	8839	1.5456318	2.4708881
9147005	8840	2.1247005	1.8619483
9147005	8841	2.505907	1.491548
9147005	8842	2.4173627	1.5779672
9147005	8843	2.4714642	1.4980043
9147005	8844	2.5314665	1.4444842
9147005	8845	2.6453023	1.3629386
9147005	8846	2.6123872	1.300411
9147005	8847	2.3572993	1.5469275
9147005	8848	2.2776756	1.7382417
9147005	8849	2.0503283	1.8348496
9147005	8850	2.6975503	1.2690548
9147005	8851	2.2603378	1.7302914
9147005	8852	2.099093	1.9079275
9147005	8853	2.186161	2.0492902
9147005	8854	2.3256073	1.7250981
9147005	8855	2.0460129	2.0350575
9147005	8856	1.9079174	2.2460685
9147005	8857	1.8536674	2.22632
9147005	8858	1.4483411	2.75159
9147005	8859	1.250962	2.9823136
9147005	8860	1.3206997	2.8878605
9147005	8861	1.3571342	2.8207917
9147005	8862	1.8159252	2.276306
9147005	8863	1.6424948	2.3344166
9147005	8864	1.2007262	2.9281504
9147005	8865	1.2062056	2.9020092
9147005	8866	1.3815322	2.819588
9147005	8867	1.8027116	2.2575378
9147005	8868	1.6363412	2.5101209
9147005	8869	2.0220208	1.9932876
9147005	8870	1.7189742	2.2094176
9147005	8871	2.371704	1.5654004
9147005	8872	1.9823748	1.9892259
9147005	8873	1.4952332	2.460058
9147005	8874	1.6177689	2.4106388
9147005	8875	1.9804047	2.0227454
9147005	8876	1.7709738	2.3026917
9147005	8877	1.6992866	2.371295
9147005	8878	1.749745	2.3485875
9147005	8879	2.1974478	1.8367853
9147005	8880	2.6739273	1.3016797
9147005	8881	2.7226472	1.3554552
9147005	8882	1.9731957	1.9568698
9147005	8883	1.6044863	2.690176
9147005	8884	1.9626473	2.2139986
9147005	8885	1.9543694	2.0096967
9147005	8886	2.528234	1.5579906
9147005	8887	2.1589975	1.8590863
9147005	8888	1.6801578	2.5960798
9147005	8889	1.5344995	2.7867596
9147005	8890	1.2475266	3.00976
9147005	8891	1.4438288	2.636171
9147005	8892	1.8326465	2.2661538
9147005	8893	1.4112009	2.7062535
9147005	8894	1.2686828	2.9409685
9147005	8895	1.7232162	2.4220164
9147005	8896	1.3377545	2.7845683
9147005	8897	1.4546847	2.839558
9147005	8898	1.895574	2.1193058
9147005	8899	1.3662734	2.8689165
9147005	8900	1.1856049	2.993958
9147005	8901	1.0354517	3.1715734
9147005	8902	0.97155154	3.1202593
9147005	8903	1.2253263	2.7963176
9147005	8904	0.40713567	3.7891805
9147005	8905	0.0051987767	4.528974
9147005	8906	0.115062475	4.4471655
9147005	8907	-0.12932965	1.4717855
9147005	8908	1.3299484	1.5963557
9147005	8909	1.4689306	1.3515949
9147005	8910	1.620812	1.5047644
9147005	8911	1.6933821	1.4635762
9147005	8912	1.4334888	1.8844547
9147005	8913	1.3871192	1.898572
9147005	8914	1.4053383	1.9302635
9147005	8915	1.7970809	1.4082682
9147005	8916	1.6407038	1.6903963
9147005	8917	1.8335186	1.6606612
9147005	8918	1.6359824	1.88079
9147005	8919	1.7859634	1.731956
9147005	8920	1.5728773	1.9961708
9147005	8921	1.7616459	1.8927472
9147005	8922	2.2438664	1.3658952
9147005	8923	1.7606374	1.852452
9147005	8924	1.7247959	1.8880231
9147005	8925	1.0616822	2.639096
9147005	8926	0.46925294	3.448059
9147005	8927	-0.5553733	5.181929
9147005	8928	-0.49412465	5.373767
9147005	8929	-0.22929108	4.9404693
9147005	8930	-0.25597993	5.0641294
9147005	8931	-0.45341232	5.259482
9147005	8932	-0.3730012	4.9563694
9147005	8933	-0.5724147	5.512128
9147005	8934	-0.41737738	5.2298098
9147005	8935	-0.5719408	5.4346337
9147005	8936	-0.2250368	4.9529214
9147005	8937	-0.37262446	5.0595655
9147005	8938	-0.24861664	4.8598113
9147005	8939	0.4719661	3.6046574
9147005	8940	1.0178212	2.693698
9147005	8941	0.6462476	3.3913982
9147005	8942	1.2532544	2.5683393
9147005	8943	0.6576587	3.226202
9147005	8944	0.76566625	3.075266
9147005	8945	0.78638315	3.1153898
9147005	8946	0.60472965	3.2522602
9147005	8947	0.7661934	3.1847157
9147005	8948	0.33176506	3.5847533
9147005	8949	0.30665594	3.9414828
9147005	8950	0.124853194	4.1724153
9147005	8951	0.21420747	3.9750354
9147005	8952	0.02520746	4.2107267
9147005	8953	0.14662766	4.01049
9147005	8954	0.86562324	1.549609
9147005	8955	1.9049877	0.55790365
9147005	8956	2.6371622	0.27513567
9147005	8957	2.7802448	0.4524171
9147005	8958	2.7864199	0.5439967
9147005	8959	2.8758984	0.5098802
9147005	8960	2.94214	0.44047347
9147005	8961	2.7790022	0.6142876
9147005	8962	2.279004	1.1914206
9147005	8963	2.3876123	1.0440836
9147005	8964	2.8783045	0.47274086
9147005	8965	2.8627357	0.5410466
9147005	8966	2.4260945	0.9724448
9147005	8967	2.883069	0.5321336
9147005	8968	2.9176779	0.48619983
9147005	8969	3.2210417	0.29830405
9147005	8970	2.840692	0.60873353
9147005	8971	2.766386	0.7123301
9147005	8972	3.441165	0.09724435
9147005	8973	3.5953274	-0.04259321
9147005	8974	3.3997803	0.24605206
9147005	8975	3.5711474	0.1494815
9147005	8976	3.5766616	0.065502375
9147005	8977	2.5735593	0.8977159
9147005	8978	2.8850017	0.6110021
9147005	8979	3.5913095	0.04094419
9147005	8980	3.4188046	0.22000137
9147005	8981	2.8735046	0.6223606
9147005	8982	3.8563633	-0.21222344
9147005	8983	3.3227148	0.28004023
9147005	8984	3.5687046	0.10341415
9147005	8985	3.398542	0.22158435
9147005	8986	2.7490883	0.6168915
9147005	8987	2.934063	0.53435373
9147005	8988	3.2903934	0.26346305
9147005	8989	3.9183998	-0.1818288
9147005	8990	4.248886	-0.45349059
9147005	8991	4.2137046	-0.41112182
9147005	8992	3.6216197	0.04714468
9147005	8993	3.449966	0.20477173
9147005	8994	3.5374465	0.18123546
9147005	8995	3.5435848	0.17354432
9147005	8996	3.5682602	0.2000669
9147005	8997	3.5591831	0.22483912
9147005	8998	3.6571841	0.14234248
9147005	8999	3.549553	0.2547665
9147005	9000	3.5058603	0.31785455
9147005	9001	3.52078	0.30552784
9147005	9002	3.516838	0.3078315
9147005	9003	3.5246744	0.32671157
9147005	9004	3.6163554	0.22421643
9147005	9005	3.631278	0.24475738
9147005	9006	3.6122932	0.24929962
9147005	9007	3.5970588	0.26868877
9147005	9008	4.041235	-0.17842999
9147005	9009	3.5124793	0.36754426
9147005	9010	3.4393039	0.44250676
9147005	9011	3.5199838	0.36617628
9147005	9012	3.908348	-0.03074044
9147005	9013	3.9099302	0.020096868
9147005	9014	3.4259343	0.46117738
9147005	9015	3.4094868	0.47352746
9147005	9016	3.4365292	0.42617068
9147005	9017	3.4369826	0.42739174
9147005	9018	3.4035134	0.46498016
9147005	9019	3.4056296	0.47464845
9147005	9020	3.3327255	0.55329263
9147005	9021	3.367549	0.48733303
9147005	9022	3.4503713	0.41562727
9147005	9023	3.5018773	0.40698686
9147005	9024	4.0710144	-0.20223632
9147005	9025	4.0289755	-0.1538113
9147005	9026	3.7544708	0.13497344
9147005	9027	3.6531363	0.19737938
9147005	9028	3.6400967	0.21012661
9147005	9029	3.609671	0.23903015
9147005	9030	3.5905666	0.2432544
9147005	9031	3.6251063	0.23006049
9147005	9032	3.608903	0.243072
9147005	9033	3.900251	-0.05488321
9147005	9034	3.6614914	0.014252752
9147005	9035	3.6705208	0.13207987
9147005	9036	3.237926	0.5104358
9147005	9037	2.9060354	0.7967174
9147005	9038	2.6621513	1.0490792
9147005	9039	4.1090875	-0.41383183
9147005	9040	4.4414353	-0.47226143
9147005	9041	3.6504002	0.222392
9147005	9042	3.3338785	0.50271964
9147005	9043	3.384829	0.42561862
9147005	9044	3.5255547	0.24874654
9147005	9045	3.5673757	0.26029614
9147005	9046	3.9141107	-0.1108605
9147005	9047	3.551249	0.2574925
9147005	9048	3.5092106	0.3241181
9147005	9049	3.5047274	0.28069022
9147005	9050	3.9491382	-0.15341935
9147005	9051	3.6058683	0.19344732
9147005	9052	3.4874797	0.3452498
9147005	9053	3.495575	0.2815105
9147005	9054	3.526681	0.26625374
9147005	9055	3.924697	-0.13011932
9147005	9056	3.9555006	-0.12564576
9147005	9057	3.463616	0.3831655
9147005	9058	3.5261264	0.27850017
9147005	9059	3.5293732	0.2622042
9147005	9060	4.195579	-0.41461328
9147005	9061	4.3002176	-0.36967278
9147005	9062	3.495079	0.20671478
9147005	9063	3.4423041	0.2958239
9147005	9064	3.6987534	0.18043932
9147005	9065	3.89987	-0.13235709
9147005	9066	3.8156662	0.009928286
9147005	9067	3.7664099	0.027545929
9147005	9068	3.7493377	0.054561466
9147005	9069	3.7479544	0.019466609
9147005	9070	4.1020246	-0.32620335
9147005	9071	3.325161	0.50975895
9147005	9072	3.3632417	0.3235984
9147005	9073	3.0248895	0.6295819
9147005	9074	3.298644	0.30958638
9147005	9075	3.516141	0.14285752
9147005	9076	3.2051072	0.53021467
9147005	9077	2.8545303	0.8180462
9147005	9078	3.5149693	0.19387832
9147005	9079	3.0436668	0.6351924
9147005	9080	2.9589128	0.7931062
9147005	9081	3.0582137	0.68284047
9147005	9082	3.1365757	0.5983478
9147005	9083	2.8756752	0.9463415
9147005	9084	2.9105954	0.76468766
9147005	9085	3.6240678	0.075065464
9147005	9086	4.0736046	-0.29201984
9147005	9087	4.102108	-0.20955148
9147005	9088	3.728343	0.12610033
9147005	9089	4.0070686	-0.16639867
9147005	9090	3.5791245	0.31778708
9147005	9091	3.2295156	0.5462134
9147005	9092	3.5430393	0.19280204
9147005	9093	3.3795648	0.3337069
9147005	9094	3.6095004	0.14568374
9147005	9095	3.4951086	0.2543911
9147005	9096	2.9334269	0.8043587
9147005	9097	2.7957602	0.976776
9147005	9098	2.809175	0.9703826
9147005	9099	2.7337465	1.0322592
9147005	9100	2.6751642	1.0946794
9147005	9101	3.429339	0.2867032
9147005	9102	3.5472622	0.28781185
9147005	9103	3.4440799	0.4036173
9147005	9104	3.4235644	0.44492212
9147005	9105	3.413539	0.42750362
9147005	9106	3.4404345	0.42319462
9147005	9107	3.4204044	0.43210724
9147005	9108	2.7503104	1.0303462
9147005	9109	2.7182903	1.0774388
9147005	9110	2.8884602	0.9562144
9147005	9111	3.4811025	0.33658496
9147005	9112	4.1014585	-0.24990842
9147005	9113	4.277063	-0.29215223
9147005	9114	4.1525345	-0.18782777
9147005	9115	3.6809602	0.2584313
9147005	9116	3.6561966	0.15098843
9147005	9117	3.5289826	0.27786598
9147005	9118	3.6287284	0.15516081
9147005	9119	3.5488877	0.27791414
9147005	9120	3.295927	0.51892626
9147005	9121	3.3385053	0.43955675
9147005	9122	3.1467147	0.6059816
9147005	9123	3.3417463	0.41265044
9147005	9124	3.3550115	0.43079957
9147005	9125	3.3157778	0.49127683
9147005	9126	3.3294425	0.49687007
9147005	9127	3.2484145	0.576465
9147005	9128	3.099555	0.69750834
9147005	9129	3.5458636	0.26875868
9147005	9130	3.9215631	-0.077794224
9147005	9131	3.9346747	0.02767083
9147005	9132	3.864048	0.07328066
9147005	9133	3.5695643	0.34681305
9147005	9134	3.5165167	0.3768926
9147005	9135	3.4859023	0.4195924
9147005	9136	3.4824166	0.40087017
9147005	9137	3.5183558	0.3673133
9147005	9138	3.5469756	0.3239167
9147005	9139	3.4930596	0.4036518
9147005	9140	3.5230365	0.34875128
9147005	9141	3.5293431	0.36430398
9147005	9142	3.4825678	0.39764503
9147005	9143	3.499762	0.385035
9147005	9144	3.8735347	0.005824417
9147005	9145	3.9963303	-0.100717545
9147005	9146	3.7515688	0.17464843
9147005	9147	3.5074472	0.39876541
9147005	9148	3.3461099	0.6051729
9147005	9149	2.5622025	1.1619825
9147005	9150	2.0036426	2.0650036
9147005	9151	2.3696756	1.802156
9147005	9152	3.0447755	0.9697093
9147005	9153	3.0631838	0.93250716
9147005	9154	3.8910456	0.17757484
9147005	9155	4.0322776	0.09314379
9147005	9156	3.6007967	0.45743605
9147005	9157	3.4897208	0.601809
9147005	9158	3.3779826	0.63891506
9147005	9159	3.456593	0.64666
9147005	9160	3.5177217	0.46445677
9147005	9161	3.8750114	0.14517221
9147005	9162	3.5103397	0.48562977
9147005	9163	3.8335714	0.16486338
9147005	9164	3.8991084	0.056361467
9147005	9165	4.033985	-0.020440847
9147005	9166	3.6226096	0.37172064
9147005	9167	3.5256076	0.49725685
9147005	9168	3.9523683	0.0041844547
9147005	9169	4.0835814	-0.044746786
9147005	9170	3.5806632	0.4163693
9147005	9171	3.3909464	0.605121
9147005	9172	3.327075	0.6305057
9147005	9173	3.8479033	0.06806365
9147005	9174	3.5241346	0.3928894
9147005	9175	3.6293335	0.27687415
9147005	9176	3.8404503	0.029637933
9147005	9177	4.1913114	-0.055449456
9147005	9178	4.085265	-0.1683689
9147005	9179	3.8866096	0.03927654
9147005	9180	3.874802	0.006141931
9147005	9181	3.5103498	0.34636793
9147005	9182	3.3329916	0.4793088
9147005	9183	2.7844038	0.9975536
9147005	9184	2.9414148	0.93305147
9147005	9185	2.8289852	0.926368
9147005	9186	2.7976823	1.025046
9147005	9187	2.860621	1.006724
9147005	9188	2.7460709	1.1146679
9147005	9189	3.0666265	0.7934761
9147005	9190	2.8680792	0.9122039
9147005	9191	2.8786612	0.94314206
9147005	9192	2.3772998	1.3931533
9147005	9193	2.8836422	0.9633614
9147005	9194	2.458591	1.3442338
9147005	9195	3.3092155	0.538144
9147005	9196	3.3959308	0.49158505
9147005	9197	3.2800684	0.6241238
9147005	9198	3.2721686	0.65446746
9147005	9199	3.1498022	0.74057424
9147005	9200	3.2546988	0.6788105
9147005	9201	3.7790275	0.09118196
9147005	9202	3.8730602	0.10409674
9147005	9203	3.3062682	0.6254859
9147005	9204	3.0664802	0.8370073
9147005	9205	3.236343	0.67632985
9147005	9206	3.2828455	0.64143884
9147005	9207	3.266665	0.61915874
9147005	9208	3.7270417	0.18352506
9147005	9209	3.7536407	0.16684607
9147005	9210	3.5345016	0.40060553
9147005	9211	3.5018568	0.44643262
9147005	9212	3.4113612	0.51340353
9147005	9213	3.4932985	0.35791054
9147005	9214	3.9133587	-0.027420938
9147005	9215	3.4249506	0.53781366
9147005	9216	3.3456054	0.57516193
9147005	9217	3.271212	0.7428874
9147005	9218	3.3247313	0.4997311
9147005	9219	3.2964082	0.65306544
9147005	9220	3.370017	0.55871844
9147005	9221	3.722354	0.18340966
9147005	9222	3.3829894	0.5624261
9147005	9223	3.6816154	0.26390788
9147005	9224	3.738193	0.19671193
9147005	9225	3.1828632	0.766263
9147005	9226	3.0166955	0.844388
9147005	9227	3.1112032	0.75411785
9147005	9228	3.0894127	0.86942077
9147005	9229	3.0083375	0.90868723
9147005	9230	3.4267669	0.49502942
9147005	9231	3.7973313	0.23439023
9147005	9232	3.6600523	0.27052954
9147005	9233	3.1762056	0.71842456
9147005	9234	3.2007275	0.7432606
9147005	9235	3.3244739	0.66953146
9147005	9236	3.6913266	0.21442881
9147005	9237	3.3551888	0.59614456
9147005	9238	3.2534432	0.6571176
9147005	9239	3.7367768	0.14264396
9147005	9240	3.387074	0.54034674
9147005	9241	3.1398368	0.7643415
9147005	9242	3.3075686	0.5908147
9147005	9243	3.3074808	0.5900059
9147005	9244	3.3533888	0.5365263
9147005	9245	3.3745184	0.52672195
9147005	9246	3.2155252	0.6686392
9147005	9247	3.793067	0.08282593
9147005	9248	3.3251295	0.44426045
9147005	9249	3.839757	0.0066884756
9147005	9250	3.8436441	0.049933106
9147005	9251	3.6340775	0.337671
9147005	9252	3.6800194	0.11541167
9147005	9253	3.6134257	0.2737405
9147005	9254	3.6342096	0.2463266
9147005	9255	3.5628824	0.41232023
9147005	9256	3.5904045	0.20190719
9147005	9257	3.528391	0.38703337
9147005	9258	3.3789377	0.49088582
9147005	9259	3.289658	0.61259735
9147005	9260	3.3488636	0.52591467
9147005	9261	3.3718781	0.51730263
9147005	9262	3.299693	0.5952003
9147005	9263	3.702116	0.16681924
9147005	9264	3.4487414	0.45152923
9147005	9265	3.3348064	0.5950843
9147005	9266	3.433004	0.47234884
9147005	9267	3.4954152	0.45141873
9147005	9268	3.4702568	0.5003207
9147005	9269	3.8957262	0.0010713935
9147005	9270	3.58529	0.3985285
9147005	9271	3.8432436	0.104124695
9147005	9272	4.2865543	-0.15014613
9147005	9273	4.1375523	-0.102443546
9147005	9274	4.167649	-0.19484454
9147005	9275	4.155442	-0.18928087
9147005	9276	3.8795137	0.03124836
9147005	9277	3.3314643	0.5750333
9147005	9278	3.0722213	0.7978771
9147005	9279	2.7472444	1.0826081
9147005	9280	3.261363	0.5165212
9147005	9281	2.9783645	0.84003127
9147005	9282	3.2966204	0.5584613
9147005	9283	3.5779848	0.25348768
9147005	9284	3.9652672	-0.11585203
9147005	9285	3.7004695	0.1376293
9147005	9286	3.3267093	0.415992
9147005	9287	3.731204	0.049181134
9147005	9288	3.3379927	0.4804342
9147005	9289	3.2112541	0.56709564
9147005	9290	2.9540596	0.9352561
9147005	9291	3.46281	0.34118453
9147005	9292	3.5652895	0.30176356
9147005	9293	3.635131	0.16120645
9147005	9294	4.004563	-0.14301711
9147005	9295	3.3821378	0.43857315
9147005	9296	3.4229255	0.4573199
9147005	9297	3.4789314	0.364477
9147005	9298	3.526019	0.3379316
9147005	9299	3.4513903	0.38343307
9147005	9300	3.8504663	-0.0009407103
9147005	9301	3.3813858	0.45499715
9147005	9302	3.3011956	0.5656105
9147005	9303	3.6526175	0.19518682
9147005	9304	3.95997	-0.096630216
9147005	9305	3.1893816	0.67740166
9147005	9306	2.9248328	0.910727
9147005	9307	3.4253244	0.42053774
9147005	9308	3.6798806	0.22713825
9147005	9309	3.568766	0.18884072
9147005	9310	3.49714	0.37609127
9147005	9311	3.4235554	0.42519268
9147005	9312	3.7733636	0.0787532
9147005	9313	4.1698675	-0.16398239
9147005	9314	3.5415735	0.32042912
9147005	9315	3.3993382	0.4696034
9147005	9316	3.5203228	0.40476456
9147005	9317	3.9458404	-0.08224407
9147005	9318	3.4040122	0.50880337
9147005	9319	3.2896724	0.5998751
9147005	9320	3.3910775	0.5021689
9147005	9321	3.2864995	0.663903
9147005	9322	3.2790942	0.54900074
9147005	9323	3.7902288	0.09131464
9147005	9324	4.0591984	-0.1412898
9147005	9325	4.096744	-0.14423183
9147005	9326	3.647462	0.2911243
9147005	9327	3.6345959	0.22058406
9147005	9328	3.6775823	0.198472
9147005	9329	3.7577553	0.105014354
9147005	9330	3.74552	0.12466487
9147005	9331	3.3117332	0.5182104
9147005	9332	3.109045	0.7412175
9147005	9333	3.178505	0.66262865
9147005	9334	3.0375342	0.83529246
9147005	9335	3.0735192	0.77818406
9147005	9336	2.8513937	0.974208
9147005	9337	3.0706625	0.8066077
9147005	9338	3.3314981	0.5122632
9147005	9339	2.9307442	0.9525361
9147005	9340	2.912743	0.94952106
9147005	9341	2.9550285	0.9243463
9147005	9342	3.337463	0.53110135
9147005	9343	3.8927894	0.0031057
9147005	9344	3.185708	0.7480985
9147005	9345	2.9593072	0.91822064
9147005	9346	3.1588187	0.7672039
9147005	9347	3.276733	0.60490334
9147005	9348	3.3586283	0.573573
9147005	9349	3.039137	0.8166703
9147005	9350	3.172987	0.76660466
9147005	9351	3.245072	0.65612733
9147005	9352	3.3194332	0.65941024
9147005	9353	3.2786775	0.6496252
9147005	9354	3.0990863	0.8982934
9147005	9355	2.9153538	0.9509195
9147005	9356	3.6441402	0.24015447
9147005	9357	3.8441672	0.17811057
9147005	9358	3.352365	0.5458653
9147005	9359	3.3606153	0.49274835
9147005	9360	3.4533448	0.5196731
9147005	9361	3.4815917	0.42312524
9147005	9362	3.5128078	0.43110707
9147005	9363	3.3684816	0.52076566
9147005	9364	3.208541	0.74015284
9147005	9365	3.281734	0.63308966
9147005	9366	3.2914333	0.6614982
9147005	9367	3.2755346	0.6510868
9147005	9368	3.3430605	0.60775495
9147005	9369	3.5015101	0.42760625
9147005	9370	3.4007869	0.5832238
9147005	9371	3.4317212	0.5555552
9147005	9372	3.3231134	0.6048682
9147005	9373	3.0577297	0.9039458
9147005	9374	2.6100712	1.3965124
9147005	9375	3.1292152	0.703189
9147005	9376	2.7826533	1.1207097
9147005	9377	2.903874	1.091162
9147005	9378	3.3087578	0.6596048
9147005	9379	2.8875742	1.0994872
9147005	9380	2.8197627	1.1634642
9147005	9381	2.8555608	1.3238268
9147005	9382	3.080287	0.9607432
9147005	9383	3.477736	0.6247784
9147005	9384	2.9474754	1.1408299
9147005	9385	2.7645364	1.2902184
9147005	9386	3.3993402	0.75695515
9147005	9387	3.1227646	0.89959574
9147005	9388	3.1729965	0.96052647
9147005	9389	3.6308374	0.47379485
9147005	9390	3.1502213	0.9779333
9147005	9391	3.3923874	0.7400559
9147005	9392	3.7305565	0.44441697
9147005	9393	3.839829	0.36611935
9147005	9394	3.2954793	0.8166814
9147005	9395	2.3737488	1.6726532
9147005	9396	2.477562	1.8235636
9147005	9397	2.7348356	1.3456575
9147005	9398	2.6997714	1.4438841
9147005	9399	3.068524	1.0832001
9147005	9400	3.0686145	1.0531768
9147005	9401	2.5256085	1.4862891
9147005	9402	2.618626	1.522917
9147005	9403	2.6487913	1.4729971
9147005	9404	2.5809536	1.4834795
9147005	9405	2.7064424	1.4496953
9147005	9406	2.7416654	1.3246682
9147005	9407	2.6995554	1.4410733
9147005	9408	2.4459271	1.5750511
9147005	9409	2.1287766	2.0343711
9147005	9410	1.9039632	2.374729
9147005	9411	2.0330534	2.194751
9147005	9412	1.9792897	2.238266
9147005	9413	2.1889143	1.9961088
9147005	9414	2.1722527	2.020112
9147005	9415	2.0343757	2.1915495
9147005	9416	1.8469423	2.4543421
9147005	9417	2.4299955	1.776679
9147005	9418	1.8340484	2.3590202
9147005	9419	1.9152185	2.300415
9147005	9420	2.4662423	1.6687202
9147005	9421	2.4707565	1.4483601
9147005	9422	2.7001529	1.2888907
9147005	9423	2.6258154	1.3512597
9147005	9424	2.8410835	1.2292541
9147005	9425	2.8458114	1.2468879
9147005	9426	2.9250708	1.1819941
9147005	9427	2.9061022	1.1922271
9147005	9428	2.8277636	1.2661488
9147005	9429	2.935289	1.1479657
9147005	9430	2.7185597	1.1937277
9147005	9431	2.6140494	1.3833249
9147005	9432	2.262752	1.7080162
9147005	9433	2.2554488	1.6673253
9147005	9434	1.9451753	2.3402023
9147005	9435	1.9658638	1.8249156
9147005	9436	2.0010452	2.064491
9147005	9437	1.9452304	2.312124
9147005	9438	1.7730225	2.322093
9147005	9439	1.8087057	2.1814961
9147005	9440	1.7421716	2.588413
9147005	9441	1.8621224	2.4038203
9147005	9442	1.4889379	2.679136
9147005	9443	1.7511271	2.594513
9147005	9444	1.6637875	2.6718547
9147005	9445	1.5259477	2.8321447
9147005	9446	1.4649218	3.100132
9147005	9447	1.3307817	2.8838022
9147005	9448	1.5174111	2.945723
9147005	9449	1.5596191	2.7055075
9147005	9450	1.6557354	2.8591175
9147005	9451	1.9355444	2.1220078
9147005	9452	1.5382241	2.8062816
9147005	9453	1.5478379	2.7545447
9147005	9454	1.6268228	2.6553943
9147005	9455	1.6928641	2.5800006
9147005	9456	1.8015875	2.569691
9147005	9457	1.3077428	3.22443
9147005	9458	1.23939	2.980863
9147005	9459	1.0174923	3.4960768
9147005	9460	1.0397818	3.3891275
9147005	9461	1.2774539	2.9386868
9147005	9462	1.3914012	2.8730044
9147005	9463	1.8726853	2.2807808
9147005	9464	1.9204527	2.198431
9147005	9465	1.9596287	2.097206
9147005	9466	1.9114012	2.1814342
9147005	9467	1.8899375	2.189643
9147005	9468	1.8554043	2.2441347
9147005	9469	1.51926	2.694004
9147005	9470	1.3974887	2.995392
9147005	9471	1.3037907	2.9591868
9147005	9472	0.8617295	3.452006
9147005	9473	0.8845891	3.490195
9147005	9474	0.9753711	3.3528912
9147005	9475	0.92287135	3.3862555
9147005	9476	0.81191385	3.5500133
9147005	9477	0.79208636	3.5120163
9147005	9478	0.63707685	3.622648
9147005	9479	0.7566428	3.5545552
9147005	9480	0.7308403	3.58382
9147005	9481	0.6084186	3.6991136
9147005	9482	0.34555852	4.052612
9147005	9483	0.37568128	4.0869427
9147005	9484	0.4467103	3.9431732
9147005	9485	0.5837468	3.763974
9147005	9486	0.56712055	3.7531931
9147005	9487	0.83906543	3.5419614
9147005	9488	0.554495	3.7872884
9147005	9489	0.6734166	2.0784314
9147005	9490	1.1486192	1.62308
9147005	9491	1.339267	1.8365028
9147005	9492	1.7885569	1.3324358
9147005	9493	1.9692606	1.2822433
9147005	9494	1.9019505	1.4105407
9147005	9495	1.6537527	1.73333
9147005	9496	1.6014265	1.908865
9147005	9497	1.7311574	1.7303548
9147005	9498	1.7539746	1.7417474
9147005	9499	1.7145089	1.8094637
9147005	9500	2.0810924	1.3957003
9147005	9501	2.0220613	1.3345985
9147005	9502	1.7527148	1.6678872
9147005	9503	1.4106737	2.189414
9147005	9504	1.1720797	2.3989215
9147005	9505	1.2334077	2.2618186
9147005	9506	0.42265427	3.5636036
9147005	9507	0.5643747	3.245485
9147005	9508	0.29012442	3.787597
9147005	9509	0.34852087	3.9726646
9147005	9510	0.53936267	3.6208117
9147005	9511	0.41363543	3.8120048
9147005	9512	0.70959365	3.5114825
9147005	9513	0.5104892	3.6117818
9147005	9514	0.29727757	3.8442519
9147005	9515	0.5450289	3.5027728
9147005	9516	0.94900143	2.7143703
9147005	9517	1.3127595	2.1821015
9147005	9518	1.7514411	1.9215498
9147005	9519	1.1429077	2.5806952
9147005	9520	1.7458936	1.9893413
9147005	9521	1.3912953	2.320572
9147005	9522	1.3761426	2.5011804
9147005	9523	1.4377241	2.2439752
9147005	9524	1.5032436	2.4115033
9147005	9525	1.8445007	1.7376556
9147005	9526	1.8222247	1.9118135
9147005	9527	1.620464	1.9263697
9147005	9528	1.8036143	1.723428
9147005	9529	1.6061999	2.1406915
9147005	9530	1.7094539	1.9437869
9147005	9531	1.7783211	1.8079038
9147005	9532	1.846938	1.7429597
9147005	9533	1.7151204	2.0146568
9147005	9534	2.2460408	1.3892648
9147005	9535	1.6314243	2.1158998
9147005	9536	1.6446832	2.2183483
9147005	9537	1.721439	2.045878
9147005	9538	1.1610979	2.8284225
9147005	9539	2.2148218	1.3586341
9147005	9540	1.7245513	2.1150298
9147005	9541	2.121695	1.7779443
9147005	9542	1.9004179	1.8962014
9147005	9543	1.7741748	2.2154367
9147005	9544	1.1620011	2.957375
9147005	9545	0.84966636	3.3651407
9147005	9546	1.5213648	2.5580676
9147005	9547	1.5213093	2.455746
9147005	9548	1.0251166	3.260956
9147005	9549	0.93726695	3.434658
9147005	9550	1.6187369	2.3353562
9147005	9551	1.2928451	2.7959247
9147005	9552	1.1645097	3.0408604
9147005	9553	1.8705419	1.9928217
9147005	9554	1.1288934	2.9914398
9147005	9555	1.719577	2.3603082
9147005	9556	2.3282514	1.5879259
9147005	9557	2.8599806	1.2098719
9147005	9558	2.3611994	1.6668258
9147005	9559	1.7007915	2.3899286
9147005	9560	1.2239243	3.101435
9147005	9561	1.2398517	2.9081576
9147005	9562	1.0874407	3.0579648
9147005	9563	0.6502645	3.61645
9147005	9564	0.82258725	3.4354692
9147005	9565	0.94558656	3.0905592
9147005	9566	0.72591734	3.3872502
9147005	9567	0.5263361	3.7332895
9147005	9568	0.7738849	3.387273
9147005	9569	0.9779986	2.9275572
9147005	9570	0.7394372	3.307721
9147005	9571	0.56153834	3.630912
9147005	9572	1.3476477	2.7526076
9147005	9573	0.8839376	3.2220218
9147005	9574	1.3326992	2.9093823
9147005	9575	-0.30877575	1.5493612
9147005	9576	1.4549195	1.4085635
9147005	9577	1.7107188	1.0231767
9147005	9578	2.23029	0.7091681
9147005	9579	0.48666102	0.58076084
9147005	9580	0.513932	2.6676278
9147005	9581	0.76384056	2.7547555
9147005	9582	1.0987068	2.3281944
9147005	9583	0.6930262	2.8882985
9147005	9584	1.0125448	2.4083438
9147005	9585	0.7771199	2.7753735
9147005	9586	0.9094832	-0.20613453
9147005	9587	2.343855	0.10725871
9147005	9588	2.3583803	-0.112677336
9147005	9589	2.557704	0.18734214
9147005	9590	2.711955	0.16992787
9147005	9591	2.6810598	0.2302868
9147005	9592	2.9745822	0.054826528
9147005	9593	2.9814773	0.031910926
9147005	9594	2.7665849	0.2714139
9147005	9595	2.7781305	0.35970685
9147005	9596	2.144329	0.7888788
9147005	9597	1.7430946	1.2033719
9147005	9598	1.4472203	1.5464215
9147005	9599	1.8081046	1.304831
9147005	9600	1.8054291	1.320484
9147005	9601	1.5590605	1.5673981
9147005	9602	1.5836297	1.630403
9147005	9603	1.603067	1.5937989
9147005	9604	1.5060662	1.7876806
9147005	9605	1.6841751	1.597981
9147005	9606	1.7203256	1.5557644
9147005	9607	1.6612946	1.7057254
9147005	9608	1.6820165	1.6768563
9147005	9609	1.7049776	1.7004478
9147005	9610	1.799656	1.6198955
9147005	9611	1.8231474	1.6340032
9147005	9612	1.5301629	2.0549667
9147005	9613	1.6535984	1.8420596
9147005	9614	1.6481723	1.8694277
9147005	9615	0.8147813	2.892871
9147005	9616	0.97362983	2.6187603
9147005	9617	1.8360995	1.6945326
9147005	9618	1.4182192	2.2164598
9147005	9619	1.7086498	1.846503
9147005	9620	2.324482	0.8476691
9147005	9621	1.9933122	1.3576727
9147005	9622	2.0714164	1.2478441
9147005	9623	2.4075255	0.9381207
9147005	9624	1.857849	1.5876672
9147005	9625	2.0815663	1.2570027
9147005	9626	2.253295	1.0597168
9147005	9627	1.9860097	1.441859
9147005	9628	2.5162463	0.9175451
9147005	9629	1.8959264	1.5528953
9147005	9630	2.0784535	1.2895241
9147005	9631	2.3440561	0.96129036
9147005	9632	1.371007	2.0222816
9147005	9633	1.4108256	2.0420146
9147005	9634	1.7061974	1.5777612
9147005	9635	1.9244846	1.4324558
9147005	9636	1.597597	1.8864071
9147005	9637	1.6624786	1.7928557
9147005	9638	1.6839553	1.8222558
9147005	9639	1.696201	1.801019
9147005	9640	1.2609321	2.3677924
9147005	9641	1.957832	1.3225777
9147005	9642	2.1963143	1.250835
9147005	9643	1.8788325	1.678555
9147005	9644	2.3857975	1.2185813
9147005	9645	2.4153872	1.1047888
9147005	9646	2.1250262	1.4653887
9147005	9647	2.0722914	1.5233569
9147005	9648	1.8951308	1.595588
9147005	9649	2.5633593	0.85847247
9147005	9650	2.7561684	0.7128762
9147005	9651	1.4564286	1.9698474
9147005	9652	1.2896247	2.1568224
9147005	9653	1.5429002	1.8008938
9147005	9654	2.1885543	1.1945446
9147005	9655	1.6765333	1.8261473
9147005	9656	1.9816674	1.4269284
9147005	9657	1.4268986	1.8527145
9147005	9658	1.6929477	1.7518148
9147005	9659	1.6262218	1.6626048
9147005	9660	1.777486	1.671318
9147005	9661	2.0797992	1.3863182
9147005	9662	1.4122515	2.0423949
9147005	9663	1.3483157	2.1816447
9147005	9664	1.4390634	2.065982
9147005	9665	1.7381316	1.6451604
9147005	9666	2.0124211	1.2942785
9147005	9667	1.7471772	1.5791416
9147005	9668	1.6267265	1.8823116
9147005	9669	2.5117292	0.66959596
9147005	9670	2.9922547	0.4578813
9147005	9671	2.422948	1.0661683
9147005	9672	2.2215743	1.2031502
9147005	9673	2.6174612	0.8757261
9147005	9674	2.2547193	1.19517
9147005	9675	2.2321386	1.25272
9147005	9676	2.2420893	1.2286999
9147005	9677	2.5104284	0.91652155
9147005	9678	2.5474777	0.77829134
9147005	9679	2.1424847	1.3301437
9147005	9680	1.9516042	1.272555
9147005	9681	2.016972	1.3379412
9147005	9682	2.1208496	1.294007
9147005	9683	2.1671891	1.2724167
9147005	9684	2.184835	1.2690367
9147005	9685	2.2424808	1.1996326
9147005	9686	2.525422	0.8492271
9147005	9687	2.7431216	0.5316818
9147005	9688	3.1413946	0.3902677
9147005	9689	2.4607582	0.99526143
9147005	9690	2.1962147	1.0761272
9147005	9691	2.3851748	1.0667368
9147005	9692	2.4600368	0.94395614
9147005	9693	2.7012892	0.796867
9147005	9694	2.2002459	1.2764593
9147005	9695	2.2145157	1.2068592
9147005	9696	2.094674	1.4013331
9147005	9697	2.2246614	1.1548259
9147005	9698	1.8857836	1.5835547
9147005	9699	2.088304	1.2869631
9147005	9700	2.2391553	1.2040316
9147005	9701	2.0823503	1.406047
9147005	9702	2.8233762	0.45486125
9147005	9703	2.8716145	0.4516782
9147005	9704	2.4803405	0.90871394
9147005	9705	3.130477	0.2792029
9147005	9706	3.2949352	0.26010534
9147005	9707	3.5004334	0.014955938
9147005	9708	3.517048	-0.07531375
9147005	9709	3.4008722	0.12258759
9147005	9710	3.3114848	0.16154113
9147005	9711	3.3462706	0.17425302
9147005	9712	3.1535025	0.32778957
9147005	9713	3.184989	0.31002674
9147005	9714	3.2393947	0.26444694
9147005	9715	3.1525373	0.34996197
9147005	9716	3.5305638	-0.016122967
9147005	9717	3.6605406	-0.095240444
9147005	9718	3.7641506	-0.17554626
9147005	9719	3.726215	-0.1249682
9147005	9720	3.0699124	0.48930725
9147005	9721	2.9884448	0.39314416
9147005	9722	3.046577	0.3801894
9147005	9723	3.1143756	0.2941685
9147005	9724	3.3356137	0.09354183
9147005	9725	3.0567899	0.3973798
9147005	9726	2.9870486	0.40688637
9147005	9727	2.9140816	0.49358287
9147005	9728	2.615066	0.69461644
9147005	9729	2.3781796	0.9742125
9147005	9730	2.0382876	1.232286
9147005	9731	2.058354	1.2842977
9147005	9732	2.601675	0.779719
9147005	9733	2.0465865	1.2486598
9147005	9734	2.0538955	1.3054597
9147005	9735	2.0076818	1.2386148
9147005	9736	2.5483365	0.90203905
9147005	9737	2.588925	0.85496163
9147005	9738	2.6179028	0.61618555
9147005	9739	2.7371402	0.7899585
9147005	9740	3.0972118	0.33131602
9147005	9741	2.7849379	0.72122836
9147005	9742	2.968749	0.46178803
9147005	9743	3.2699385	0.2549077
9147005	9744	3.2233958	0.18856105
9147005	9745	3.5577497	0.1655778
9147005	9746	3.4305038	0.11246446
9147005	9747	3.642734	0.1555874
9147005	9748	3.4600554	0.060031325
9147005	9749	3.5492573	0.24674597
9147005	9750	3.782814	0.0061500967
9147005	9751	4.344338	-0.38902003
9147005	9752	4.2507772	-0.3276357
9147005	9753	4.297808	-0.20989946
9147005	9754	4.1811585	-0.42191687
9147005	9755	4.318686	-0.5793138
9147005	9756	3.766972	-0.008208036
9147005	9757	3.6106696	0.10195473
9147005	9758	3.8776188	-0.16181874
9147005	9759	3.4394398	0.25643584
9147005	9760	3.6301908	0.05757788
9147005	9761	3.2803679	0.4024931
9147005	9762	3.7664557	-0.07181141
9147005	9763	4.771343	-0.9149064
9147005	9764	5.4244213	-1.392231
9147005	9765	4.537843	-2.7286627
9147005	9766	3.859942	-0.678959
9147005	9767	3.6798916	-0.4162531
9147005	9768	3.5230289	-0.137591
9147005	9769	3.651134	-0.34435588
9147005	9770	3.770968	-0.38704813
9147005	9771	4.1212177	-0.83117735
9147005	9772	3.3604937	-0.9131521
9147005	9773	2.518785	0.43530378
9147005	9774	1.6318828	1.3334233
9147005	9775	1.125674	1.9817262
9147005	9776	0.9496741	2.3466494
9147005	9777	0.86718774	2.46821
9147005	9778	0.8651923	2.4961116
9147005	9779	0.949291	2.3761418
9147005	9780	0.8330705	2.5267758
9147005	9781	0.8592315	2.4812374
9147005	9782	1.453862	2.0037189
9147005	9783	2.884335	0.35564217
9147005	9784	4.172555	-0.40571213
9147005	9785	3.3925648	0.10633519
9147005	9786	3.0310836	0.4043884
9147005	9787	2.769497	0.7135203
9147005	9788	2.7622848	0.671643
9147005	9789	2.9363174	0.53173554
9147005	9790	2.9379997	0.4895636
9147005	9791	2.7435265	0.7095783
9147005	9792	2.7127557	0.6681087
9147005	9793	2.807343	0.5455359
9147005	9794	3.4559598	-0.2236654
9147005	9795	3.5474963	-0.077804774
9147005	9796	3.4817824	-0.1521093
9147005	9797	3.520821	-0.11971918
9147005	9798	3.7566118	-0.40322003
9147005	9799	3.4674244	-0.11827287
9147005	9800	3.0720077	0.24263856
9147005	9801	3.3572412	-0.031872064
9147005	9802	3.1812391	0.19318166
9147005	9803	3.900951	-0.5217004
9147005	9804	4.358985	-0.8581655
9147005	9805	4.43906	-0.92820275
9147005	9806	4.467898	-0.9229694
9147005	9807	4.1732883	-0.6680915
9147005	9808	4.375872	-0.86531377
9147005	9809	4.3734074	-0.8800798
9147005	9810	4.1751795	-0.6276345
9147005	9811	4.1587644	-0.6823708
9147005	9812	4.219895	-0.6878295
9147005	9813	4.1838517	-0.6546165
9147005	9814	4.1565685	-0.6223142
9147005	9815	4.3855367	-0.8391957
9147005	9816	4.320811	-0.6879969
9147005	9817	4.090055	-0.5050336
9147005	9818	4.2077265	-0.64563996
9147005	9819	4.074711	-0.5280052
9147005	9820	3.8606853	-0.2755931
9147005	9821	3.670744	-0.08943474
9147005	9822	3.8203945	-0.28267205
9147005	9823	3.0798335	0.41781542
9147005	9824	2.7079682	0.6897422
9147005	9825	2.789607	0.86831796
9147005	9826	2.8465538	0.57897615
9147005	9827	3.2988648	0.211211
9147005	9828	3.0407887	0.5731765
9147005	9829	3.2134414	0.31814018
9147005	9830	3.5376563	0.07060656
9147005	9831	3.7414136	-0.16365424
9147005	9832	3.8439832	-0.17840871
9147005	9833	3.607461	-0.0049676
9147005	9834	3.3168316	0.2858689
9147005	9835	3.6607065	-0.13183671
9147005	9836	3.6923752	-0.049504995
9147005	9837	3.6508198	-0.104686946
9147005	9838	3.3280826	0.3061582
9147005	9839	2.9523568	0.57227147
9147005	9840	2.8342032	0.7934382
9147005	9841	2.5862427	0.9676534
9147005	9842	2.4557953	1.1029911
9147005	9843	2.7700257	0.8566723
9147005	9844	2.8076406	0.86134243
9147005	9845	3.3003407	0.34974477
9147005	9846	3.4272585	0.25764868
9147005	9847	3.762012	-0.09060305
9147005	9848	3.5706306	0.18219021
9147005	9849	3.2388496	0.41037372
9147005	9850	3.201301	0.5537132
9147005	9851	3.2461472	0.4721013
9147005	9852	3.2051291	0.47774187
9147005	9853	3.2317085	0.39304385
9147005	9854	3.2107882	0.5186119
9147005	9855	3.3117852	0.3428397
9147005	9856	3.2893538	0.41139165
9147005	9857	3.3426337	0.4081404
9147005	9858	3.283094	0.44961432
9147005	9859	3.537579	0.34506455
9147005	9860	3.5690064	0.28268144
9147005	9861	3.6060243	0.13199249
9147005	9862	3.8463678	0.046005934
9147005	9863	3.4811878	0.23464236
9147005	9864	3.31211	0.39001963
9147005	9865	3.312839	0.35104582
9147005	9866	3.4108691	0.36499986
9147005	9867	3.8263302	-0.12031716
9147005	9868	3.3794212	0.4045042
9147005	9869	3.4265676	0.21462575
9147005	9870	3.5358582	0.24076495
9147005	9871	3.566526	0.10221377
9147005	9872	3.4985623	0.2755083
9147005	9873	3.4378848	0.2664205
9147005	9874	3.4518433	0.30566457
9147005	9875	3.3109498	0.36774197
9147005	9876	3.3951254	0.37755278
9147005	9877	3.619557	0.08979961
9147005	9878	3.5927238	0.17965737
9147005	9879	3.4108105	0.3246971
9147005	9880	3.2727084	0.5019196
9147005	9881	3.4348688	0.2189472
9147005	9882	3.6877875	0.04272005
9147005	9883	3.42943	0.20335689
9147005	9884	3.3650637	0.45617887
9147005	9885	3.5018172	0.22993496
9147005	9886	3.4781542	0.32145366
9147005	9887	3.4353237	0.34298852
9147005	9888	3.4333587	0.371316
9147005	9889	3.5030127	0.2747393
9147005	9890	3.4252539	0.38152382
9147005	9891	3.4859767	0.26220962
9147005	9892	3.7147856	0.14743409
9147005	9893	4.0835066	-0.22030452
9147005	9894	4.0562887	-0.0604057
9147005	9895	3.8751698	-0.023164153
9147005	9896	3.8760982	-0.06682557
9147005	9897	4.0862646	-0.13164535
9147005	9898	3.7811708	0.02275443
9147005	9899	3.5499797	0.20736948
9147005	9900	3.4456897	0.30298725
9147005	9901	3.4448466	0.28707322
9147005	9902	3.3000565	0.39084414
9147005	9903	3.293418	0.4336554
9147005	9904	3.385685	0.29105076
9147005	9905	3.1595197	0.64390886
9147005	9906	3.0149522	0.6740581
9147005	9907	2.9950285	0.7959863
9147005	9908	3.5229726	0.28159574
9147005	9909	3.1882496	0.57286763
9147005	9910	3.081605	0.6775217
9147005	9911	3.112451	0.638463
9147005	9912	2.6563063	1.3033873
9147005	9913	2.76514	1.0449367
9147005	9914	2.5155454	1.414829
9147005	9915	1.7739307	2.1005902
9147005	9916	1.8211895	2.2753928
9147005	9917	1.7360097	2.6865394
9147005	9918	1.7890161	2.0729866
9147005	9919	1.4541202	2.702433
9147005	9920	1.5921775	2.8183103
9147005	9921	1.016366	3.388852
9147005	9922	0.36041522	0.60931826
9147005	9923	0.13012636	0.9145837
9147005	9924	0.22570676	3.1579208
9147005	9925	0.54066944	3.1942754
9147005	9926	1.200885	2.4436026
9147005	9927	1.3462454	2.232658
9147005	9928	1.5339917	2.1793892
9147005	9929	1.5356783	2.548449
9147005	9930	1.9903337	1.6255183
9147005	9931	1.4694884	2.2734075
9147005	9932	1.1804026	2.8313236
9147005	9933	1.7239052	2.208168
9147005	9934	1.5704216	2.011105
9147005	9935	1.1784362	2.6371841
9147005	9936	0.8081939	3.338203
9147005	9937	0.6810409	3.5446885
9147005	9938	0.37278348	0.5800717
9147005	9939	-0.045519173	2.9764032
9147005	9940	0.39553922	3.133259
9147005	9941	0.6983197	2.8140707
9147005	9942	0.7312896	3.0801146
9147005	9943	1.0433569	0.039931834
9147005	9944	0.19261974	2.455917
9147005	9945	0.65968835	2.7414184
9147005	9946	0.9857867	2.2472563
9147005	9947	0.7780361	2.768953
9147005	9948	1.2995994	-0.24930668
9147005	9949	0.95674264	-0.010136902
9147005	9950	0.5137416	0.42823353
9147005	9951	0.46385598	2.411759
9147005	9952	0.89607847	0.37183586
9147005	9953	0.3860414	0.9927627
9147005	9954	0.40104204	1.1579508
9147005	9955	0.9268756	0.17822185
9147005	9956	2.552802	0.33080795
9147005	9957	2.4732118	0.3054801
9147005	9958	3.2112117	0.13929012
9147005	9959	2.9311852	0.25969252
9147005	9960	3.1893277	0.18460694
9147005	9961	3.2535696	0.10679594
9147005	9962	2.6753144	0.67908335
9147005	9963	2.641523	0.6319114
9147005	9964	2.6053777	0.7169652
9147005	9965	3.1585736	0.26897934
9147005	9966	3.3828888	0.096034676
9147005	9967	3.333506	0.17450538
9147005	9968	3.6748571	-0.038995862
9147005	9969	3.6238465	-0.1335347
9147005	9970	3.61805	-0.14007118
9147005	9971	3.2488575	0.17288312
9147005	9972	3.2076573	0.20644596
9147005	9973	3.3359218	0.111034006
9147005	9974	3.3256845	0.17204252
9147005	9975	2.7547574	0.62304294
9147005	9976	2.7093954	0.637028
9147005	9977	2.7459111	0.57839596
9147005	9978	2.69601	0.62902427
9147005	9979	2.8720431	0.5069964
9147005	9980	2.4716392	0.7540393
9147005	9981	2.3671198	0.7650187
9147005	9982	2.6237164	0.5575228
9147005	9983	2.4666076	0.7744241
9147005	9984	2.564989	0.6013756
9147005	9985	2.8505206	0.5323174
9147005	9986	2.7388883	0.6011056
9147005	9987	2.8411112	0.51943314
9147005	9988	2.6195197	0.74590945
9147005	9989	2.4090605	0.91016555
9147005	9990	2.0695577	1.2618203
9147005	9991	2.3203845	0.9182769
9147005	9992	2.5751576	0.8345773
9147005	9993	2.2610002	1.1127388
9147005	9994	2.1298795	1.2263888
9147005	9995	2.491836	0.8098357
9147005	9996	3.0472183	0.33385703
9147005	9997	3.1303082	0.30053952
9147005	9998	3.240736	0.08556923
9147005	9999	3.1510081	0.27932897
9147005	10000	3.0614815	0.3213289
9147005	10001	3.241036	0.21361366
9147005	10002	3.2912707	0.17873475
9147005	10003	3.4555798	0.044056684
9147005	10004	3.088437	0.27691105
9147005	10005	3.253767	0.17685398
9147005	10006	3.3803668	0.19059011
9147005	10007	3.5020704	-0.03454548
9147005	10008	3.5880394	-0.099674165
9147005	10009	3.2731137	0.19407406
9147005	10010	3.0608191	0.31129482
9147005	10011	3.2188845	0.27618805
9147005	10012	2.6648974	0.60117185
9147005	10013	2.582347	0.68364537
9147005	10014	2.3655806	1.0818373
9147005	10015	2.3715768	0.8801811
9147005	10016	2.2565079	1.100183
9147005	10017	1.8445891	1.3444483
9147005	10018	3.052126	0.29517177
9147005	10019	3.148673	0.38898245
9147005	10020	3.2901597	0.19813928
9147005	10021	2.6162915	0.8616278
9147005	10022	2.425939	0.9688268
9147005	10023	2.584363	0.7446306
9147005	10024	2.6556025	0.7163236
9147005	10025	2.6295004	0.7682768
9147005	10026	2.787259	0.5750084
9147005	10027	2.482401	0.97544146
9147005	10028	2.642603	0.76458836
9147005	10029	3.2430716	0.29662773
9147005	10030	3.1010613	0.521119
9147005	10031	2.7847028	0.832953
9147005	10032	2.5957985	0.9379984
9147005	10033	2.6980863	0.84438574
9147005	10034	2.6608195	0.92032385
9147005	10035	2.764493	0.8194152
9147005	10036	2.9470696	0.6751131
9147005	10037	2.5224504	1.0405852
9147005	10038	2.4962382	1.1214974
9147005	10039	2.3575244	1.2646086
9147005	10040	2.06394	1.4988259
9147005	10041	1.5129136	2.1251607
9147005	10042	1.2610745	2.371506
9147005	10043	1.314518	2.531995
9147005	10044	1.0222284	2.932755
9147005	10045	0.5489062	3.647527
9147005	10046	0.6742805	3.3866553
9147005	10047	0.9953855	3.004063
9147005	10048	0.42100137	4.0040445
9147005	10049	0.511327	3.8167727
9147005	10050	0.2824371	4.2450356
9147005	10051	-1.1528559	2.7847333
9147005	10052	-1.3565462	3.3802965
9147005	10053	-1.2977452	3.6101253
9147005	10054	-1.2739712	3.6755831
9147005	10055	-0.4791149	4.713438
9147005	10056	-0.14278948	4.1930966
9147005	10057	-0.7868999	4.9503293
9147005	10058	-0.403898	4.3446927
9147005	10059	-1.1603278	3.4757063
9147005	10060	0.61456966	2.8162768
9147005	10061	0.4167028	3.1573656
9147005	10062	0.834414	2.6985178
9147005	10063	0.4133709	3.1613474
9147005	10064	0.9391084	2.4771976
9147005	10065	0.4026816	3.197216
9147005	10066	1.0947767	2.4800415
9147005	10067	0.8938587	2.814244
9147005	10068	0.45033282	3.2531507
9147005	10069	0.8745277	2.5046291
9147005	10070	0.7009162	2.9847143
9147005	10071	0.7786653	2.9299555
9147005	10072	0.8501247	2.7494426
9147005	10073	1.0532451	2.2918925
9147005	10074	0.3804018	3.1951447
9147005	10075	0.42593288	3.3292103
9147005	10076	0.91845536	2.6085858
9147005	10077	1.0033219	2.3719804
9147005	10078	0.95524824	2.5981584
9147005	10079	0.82655156	2.7278485
9147005	10080	1.2655556	2.203674
9147005	10081	1.1566027	2.3223143
9147005	10082	1.0307204	2.5007303
9147005	10083	0.82173085	2.6835718
9147005	10084	0.92032385	2.5894551
9147005	10085	2.0517273	1.1722069
9147005	10086	1.9658464	1.6205542
9147005	10087	2.1804256	1.3818994
9147005	10088	1.3953767	2.1360123
9147005	10089	1.5485903	1.9248393
9147005	10090	0.8182204	2.8459663
9147005	10091	0.84140646	2.7376697
9147005	10092	0.26144773	3.5003922
9147005	10093	-0.89615107	2.2059522
9147005	10094	1.3387551	1.237427
9147005	10095	1.3737557	1.3979248
9147005	10096	1.6597651	1.178625
9147005	10097	2.9677572	-0.046593904
9147005	10098	2.9890308	0.35479555
9147005	10099	2.681467	0.41672513
9147005	10100	2.420385	0.6517317
9147005	10101	2.3866558	0.68787277
9147005	10102	2.4559112	0.54328394
9147005	10103	2.4867845	0.58783805
9147005	10104	2.5945969	0.4663364
9147005	10105	1.7839283	1.2880507
9147005	10106	1.4179521	1.738266
9147005	10107	1.7151443	1.3404691
9147005	10108	1.4612466	1.6462417
9147005	10109	2.167376	0.8704201
9147005	10110	2.218934	0.97709167
9147005	10111	0.83719313	-0.23038514
9147005	10112	1.1026918	2.055354
9147005	10113	0.72529256	2.5996888
9147005	10114	0.694044	2.7532182
9147005	10115	0.83526087	2.6061587
9147005	10116	0.32613873	3.1338494
9147005	10117	0.036840856	0.83258724
9147005	10118	-0.105363965	0.8332492
9147005	10119	-0.14281607	1.3021824
9147005	10120	0.3005008	0.5014399
9147005	10121	1.9147285	1.0907241
9147005	10122	1.9961828	0.84374285
9147005	10123	2.0421748	0.889964
9147005	10124	1.958207	0.9817966
9147005	10125	1.7502209	1.4189818
9147005	10126	1.7977122	1.1421093
9147005	10127	1.6254336	1.4794391
9147005	10128	1.5555068	1.5781963
9147005	10129	1.5981802	1.5794947
9147005	10130	1.5755788	1.750099
9147005	10131	1.3751283	1.9826589
9147005	10132	1.5688947	1.5320611
9147005	10133	1.449613	1.7214985
9147005	10134	1.3727115	1.9064829
9147005	10135	1.5603648	1.58967
9147005	10136	1.7708088	1.3283812
9147005	10137	1.4621366	1.6871741
9147005	10138	1.6067644	1.4616311
9147005	10139	0.9574585	2.2240965
9147005	10140	0.7574202	2.6952567
9147005	10141	0.7903056	2.489153
9147005	10142	-0.06859067	3.608146
9147005	10143	-0.21405348	4.055361
9147005	10144	-0.19495228	0.7603984
9147005	10145	0.3054214	0.2642319
9147005	10146	0.4416762	0.13160524
9147005	10147	0.51799524	2.4362357
9147005	10148	0.27159053	3.0196786
9147005	10149	0.76437354	2.5858557
9147005	10150	0.3198586	2.9984424
9147005	10151	0.8665136	-0.08395347
9147005	10152	0.26459956	2.451161
9147005	10153	0.23761594	2.9397488
9147005	10154	0.018203318	3.511619
9147005	10155	0.5390667	0.26219186
9147005	10156	0.430821	0.30824748
9147005	10157	0.35161036	2.5988219
9147005	10158	0.019049823	3.1673155
9147005	10159	0.8013936	-0.04504916
9147005	10160	0.19939238	2.5223436
9147005	10161	-0.05278775	3.3286285
9147005	10162	0.59718275	0.14527765
9147005	10163	0.14016557	2.6850255
9147005	10164	-0.035632282	3.2973702
9147005	10165	0.6061044	0.13774547
9147005	10166	0.1329059	2.680151
9147005	10167	-0.08920294	3.5945323
9147005	10168	0.5088304	0.34812424
9147005	10169	0.05905378	2.7622972
9147005	10170	-0.06667766	3.314724
9147005	10171	0.20087701	2.9202714
9147005	10172	0.30801547	2.8438306
9147005	10173	0.09432548	2.9808965
9147005	10174	-0.06829026	3.571798
9147005	10175	0.10878956	3.1754487
9147005	10176	0.47042698	2.4809668
9147005	10177	0.4842674	2.6239555
9147005	10178	0.4087168	2.84058
9147005	10179	0.76959586	2.4149728
9147005	10180	0.57369375	2.564354
9147005	10181	0.80801654	2.3301244
9147005	10182	0.4335091	2.69516
9147005	10183	0.8672972	2.292324
9147005	10184	0.64579785	2.4673183
9147005	10185	1.3236555	1.5889494
9147005	10186	0.20315236	2.946613
9147005	10187	-0.25938427	3.7959082
9147005	10188	-0.363469	3.999149
9147005	10189	-0.55982643	4.5427456
9147005	10190	-0.63950515	4.497627
9147005	10191	-0.7713721	4.729223
9147005	10192	-1.1540186	5.2976675
9147005	10193	-1.3345699	5.538966
9147005	10194	-1.3836408	5.9326124
9147005	10195	-1.6557872	4.9946218
9147005	10196	-1.8430113	4.766195
9147005	10197	-0.64491093	4.206503
9147005	10198	-1.0766072	3.063417
9147005	10199	-0.88503283	4.348282
9147005	10200	-0.6996627	4.3199553
9147005	10201	-0.5635643	4.4461317
9147005	10202	-0.40638143	4.25285
9147005	10203	-0.76974	4.6114283
9147005	10204	-1.0033023	2.4826674
9147005	10205	-0.8184936	2.0459015
9147005	10206	-0.9833476	2.5614872
9147005	10207	-0.90321237	2.295824
9147005	10208	-0.98889184	2.3117604
9147005	10209	-0.7762718	2.1871188
9147005	10210	-0.7888583	2.2567785
9147005	10211	-0.4910444	4.0509167
9147005	10212	-0.044741303	3.502312
9147005	10213	-0.25374627	4.056116
9147005	10214	-0.38488373	4.1080265
9147005	10215	-0.59208924	4.425745
9147005	10216	-0.14535525	3.8861349
9147005	10217	-0.4258232	4.3375764
9147005	10218	-0.018844932	3.6322334
9147005	10219	-0.4169042	3.9057267
9147005	10220	-0.16492063	4.076382
9147005	10221	-0.13409272	3.7466753
9147005	10222	-0.30344242	3.8292654
9147005	10223	-0.14216653	3.8039482
9147005	10224	-0.1475887	3.5820262
9147005	10225	-0.15898728	3.8649094
9147005	10226	-0.027188718	3.2903154
9147005	10227	0.26008844	2.9351058
9147005	10228	0.92425466	2.0520735
9147005	10229	1.1639427	1.8797197
9147005	10230	0.19520283	3.2042222
9147005	10231	0.7556522	2.4405422
9147005	10232	0.35941935	3.0509079
9147005	10233	0.6841711	2.7846875
9147005	10234	0.90555274	2.2900763
9147005	10235	1.3220606	1.8185849
9147005	10236	1.0486045	2.1359868
9147005	10237	1.2411065	1.877321
9147005	10238	0.98534274	2.1640038
9147005	10239	1.1736062	1.8042192
9147005	10240	0.9497503	2.1554658
9147005	10241	1.8304969	0.86882937
9147005	10242	2.090118	0.9546062
9147005	10243	2.5858717	0.49715158
9147005	10244	2.4687982	0.63479996
9147005	10245	2.109455	0.9065689
9147005	10246	2.3411617	0.66835237
9147005	10247	1.6768056	1.2907404
9147005	10248	2.5175505	0.3620052
9147005	10249	2.2618709	1.0253165
9147005	10250	1.4733238	1.6259229
9147005	10251	1.2876754	-0.96263885
9147005	10252	3.6539245	-0.6367595
9147005	10253	2.999174	-0.21497624
9147005	10254	3.0506406	-0.26995826
9147005	10255	3.1348119	-0.42117533
9147005	10256	3.4686923	-0.6125172
9147005	10257	0.7263458	1.213511
9147005	10258	0.96759176	1.8364749
9147005	10259	1.4420209	1.4461825
9147005	10260	1.2808938	1.6253707
9147005	10261	1.6068305	1.3865238
9147005	10262	1.6320099	1.4807191
9147005	10263	1.6011118	1.5664122
9147005	10264	1.6918608	1.5635793
9147005	10265	1.5918709	1.6202271
9147005	10266	1.5328573	-0.5222529
9147005	10267	1.4603419	-0.700809
9147005	10268	1.7591013	-0.74879146
9147005	10269	1.7153853	-0.7788389
9147005	10270	3.7542868	-0.531821
9147005	10271	3.0695038	-0.18950978
9147005	10272	0.04656744	0.4587576
9147005	10273	0.2792976	0.77316463
9147005	10274	0.5425441	0.45973906
9147005	10275	3.2137651	-0.2311806
9147005	10276	2.6143498	0.20744136
9147005	10277	1.9976536	0.6944822
9147005	10278	1.8992113	0.64016664
9147005	10279	1.781562	0.8637688
9147005	10280	2.3284373	0.4525983
9147005	10281	2.5399437	0.225903
9147005	10282	3.2618694	-0.3659392
9147005	10283	3.3732905	-0.29295602
9147005	10284	2.6092925	0.14112535
9147005	10285	0.29733282	0.4402764
9147005	10286	2.7915468	-0.23164448
9147005	10287	2.7010503	-0.08876839
9147005	10288	3.019462	-0.08739132
9147005	10289	-0.01334244	0.6128726
9147005	10290	2.8495655	-0.23394814
9147005	10291	2.3710284	0.11227265
9147005	10292	3.017582	-0.32227618
9147005	10293	3.631496	-0.6821093
9147005	10294	3.2126188	-0.3601908
9147005	10295	2.6374922	0.03645706
9147005	10296	0.14094502	0.2884411
9147005	10297	0.25502503	0.5100032
9147005	10298	2.795189	-0.3006998
9147005	10299	2.8003626	-0.05447811
9147005	10300	3.1502728	-0.40981886
9147005	10301	3.1026254	-0.28916752
9147005	10302	3.0756202	-0.26741353
9147005	10303	3.036377	-0.29915822
9147005	10304	1.3180757	-0.684258
9147005	10305	1.313943	1.4386494
9147005	10306	1.3697103	1.6440711
9147005	10307	1.0263809	1.9930243
9147005	10308	1.2275285	1.7789035
9147005	10309	1.2417462	1.7259574
9147005	10310	1.2214816	1.7977383
9147005	10311	1.5665058	1.4502867
9147005	10312	1.5806016	1.4922062
9147005	10313	1.5524904	1.6990311
9147005	10314	1.6824385	-0.9457024
9147005	10315	1.4212351	-0.6705041
9147005	10316	3.6994147	-0.64137006
9147005	10317	3.3795104	-0.39793777
9147005	10318	0.14088345	0.35702083
9147005	10319	0.44535744	0.5746882
9147005	10320	0.32838035	2.6445312
9147005	10321	0.18974578	3.1822963
9147005	10322	0.77517784	0.13086358
9147005	10323	0.22559893	2.7164137
9147005	10324	0.52177036	2.619825
9147005	10325	0.6570387	2.5186205
9147005	10326	1.2444396	-0.5225037
9147005	10327	3.1508741	-0.5686909
9147005	10328	2.9192905	-0.37360898
9147005	10329	3.1421776	-0.43229938
9147005	10330	0.25425267	0.1403381
9147005	10331	0.4717937	0.3187197
9147005	10332	0.93124866	-0.22520547
9147005	10333	0.9508666	-0.23577645
9147005	10334	1.0654392	-0.31997025
9147005	10335	0.6691718	1.991617
9147005	10336	0.17152917	3.044
9147005	10337	0.5689521	2.6322043
9147005	10338	0.2743504	2.9275606
9147005	10339	0.71187365	2.362932
9147005	10340	0.79361176	2.0664835
9147005	10341	0.428187	2.549629
9147005	10342	0.57745636	2.680104
9147005	10343	0.91942286	-0.3308413
9147005	10344	0.8196075	-0.33211884
9147005	10345	2.8503785	-0.4197313
9147005	10346	2.4627619	-0.08814189
9147005	10347	2.5278454	-0.1040743
9147005	10348	2.509574	-0.15569967
9147005	10349	0.051368117	0.2806678
9147005	10350	0.45682925	0.21056905
9147005	10351	0.75072753	-0.10877442
9147005	10352	0.68078303	-0.030876696
9147005	10353	3.190219	-0.2886117
9147005	10354	2.6826057	-0.14711297
9147005	10355	2.5835104	0.041813225
9147005	10356	2.600603	-0.08126044
9147005	10357	2.3217921	0.16792485
9147005	10358	2.2854114	0.2988049
9147005	10359	1.6789154	0.8743336
9147005	10360	2.111383	0.40569946
9147005	10361	2.3780856	0.042586
9147005	10362	2.750082	-0.080120176
9147005	10363	2.2236023	0.37871525
9147005	10364	1.7200714	0.8269932
9147005	10365	2.5139794	0.061219186
9147005	10366	2.8262005	-0.06582895
9147005	10367	2.7721362	-0.061039567
9147005	10368	2.7686405	0.0031096637
9147005	10369	3.118989	-0.26671988
9147005	10370	3.09379	-0.1504004
9147005	10371	3.0143776	-0.07414746
9147005	10372	2.9651098	-0.056031734
9147005	10373	2.7977242	0.1050857
9147005	10374	3.0089283	-0.10249144
9147005	10375	3.0394478	-0.08263233
9147005	10376	1.1471876	1.3339585
9147005	10377	1.2606964	1.7112448
9147005	10378	1.3994873	1.4842287
9147005	10379	1.8156682	-0.84181654
9147005	10380	1.7788295	-0.9201052
9147005	10381	1.821664	-0.93926656
9147005	10382	1.6722113	-0.8419086
9147005	10383	2.1286564	-1.2603961
9147005	10384	3.9256349	-0.7524721
9147005	10385	3.4564419	-0.58810234
9147005	10386	1.2958156	-0.34155634
9147005	10387	1.316156	-0.22710143
9147005	10388	3.6228433	-0.60440433
9147005	10389	3.1227164	-0.43391025
9147005	10390	3.0972056	-0.2308584
9147005	10391	3.0892477	-0.16586939
9147005	10392	3.1839151	-0.27218997
9147005	10393	3.4444504	-0.4123724
9147005	10394	3.065731	-0.07521325
9147005	10395	2.2356596	0.49098834
9147005	10396	2.0782766	0.5682266
9147005	10397	2.9542985	-0.01538375
9147005	10398	3.397153	-0.34398428
9147005	10399	3.0696168	-0.08204758
9147005	10400	2.841968	0.03070134
9147005	10401	2.7279038	0.19274566
9147005	10402	3.2473364	-0.25556374
9147005	10403	2.7230582	0.22888449
9147005	10404	2.332642	0.5323607
9147005	10405	2.381041	0.41958418
9147005	10406	2.874051	0.06338444
9147005	10407	2.619122	0.3605059
9147005	10408	2.8620114	0.059049398
9147005	10409	2.661489	0.26663372
9147005	10410	2.7692041	0.31752977
9147005	10411	2.3016706	0.6094209
9147005	10412	2.5164347	0.55072844
9147005	10413	2.0728822	0.8997816
9147005	10414	2.2209864	0.7416383
9147005	10415	1.9675728	0.8650267
9147005	10416	2.0598578	0.82135797
9147005	10417	2.0797148	0.9631454
9147005	10418	2.4005723	0.59354985
9147005	10419	2.447339	0.43480107
9147005	10420	2.3633513	0.6178727
9147005	10421	2.1454968	0.8156208
9147005	10422	2.1222801	0.8102797
9147005	10423	2.7067208	0.24976704
9147005	10424	3.0868874	0.030109107
9147005	10425	2.7102485	0.29411945
9147005	10426	2.5960464	0.29901406
9147005	10427	2.6012049	0.3425695
9147005	10428	2.5895905	0.34475836
9147005	10429	2.6376634	0.3145279
9147005	10430	3.143237	-0.07620394
9147005	10431	2.5638595	0.46251956
9147005	10432	2.3164082	0.61837256
9147005	10433	2.3792686	0.5648587
9147005	10434	2.356721	0.6135187
9147005	10435	2.4665723	0.52118516
9147005	10436	2.7387419	0.34577343
9147005	10437	3.0581298	-0.0052651167
9147005	10438	3.314035	-0.09649342
9147005	10439	3.2733307	-0.121863335
9147005	10440	3.2058125	-0.029614955
9147005	10441	3.4426384	-0.2861235
9147005	10442	3.3900414	-0.10807043
9147005	10443	3.526917	-0.2836426
9147005	10444	3.3000126	-0.120838374
9147005	10445	3.5608296	-0.24131724
9147005	10446	3.674776	-0.44223145
9147005	10447	3.7700891	-0.46033823
9147005	10448	3.5763822	-0.2805723
9147005	10449	3.7337513	-0.45527035
9147005	10450	3.7096748	-0.36954907
9147005	10451	3.78449	-0.535517
9147005	10452	3.9523	-0.6352842
9147005	10453	3.7209134	-0.3874073
9147005	10454	3.8642821	-0.5787455
9147005	10455	3.859065	-0.49583846
9147005	10456	3.7972002	-0.49322715
9147005	10457	3.9689522	-0.63289183
9147005	10458	4.068911	-0.7295924
9147005	10459	3.9702067	-0.5595096
9147005	10460	3.9248843	-0.7050458
9147005	10461	4.0937924	-0.7910735
9147005	10462	3.8254175	-0.5851774
9147005	10463	4.124975	-0.72881156
9147005	10464	3.972157	-0.7081291
9147005	10465	4.2712836	-0.8330804
9147005	10466	4.294883	-0.91741115
9147005	10467	4.064297	-0.7620205
9147005	10468	3.9570293	-0.78415954
9147005	10469	3.3577447	-0.18069342
9147005	10470	3.2886705	-0.2622536
9147005	10471	3.3181515	-0.20883214
9147005	10472	4.4106016	-1.0639908
9147005	10473	4.54238	-1.0783932
9147005	10474	4.135114	-0.8036052
9147005	10475	3.9401388	-0.6765971
9147005	10476	4.8503556	-1.5523554
9147005	10477	4.8302393	-1.41848
9147005	10478	3.5164099	-0.3840164
9147005	10479	3.2170553	-0.2832053
9147005	10480	2.838107	0.08916345
9147005	10481	2.791469	0.2916738
9147005	10482	2.7763228	0.16693744
9147005	10483	2.8993793	0.13173518
9147005	10484	2.5762577	0.19689092
9147005	10485	3.1546993	-0.1983867
9147005	10486	2.663097	0.28655294
9147005	10487	2.4433694	0.47367212
9147005	10488	2.4051156	0.5169729
9147005	10489	2.4557738	0.49479368
9147005	10490	2.6903186	0.3313801
9147005	10491	2.5792265	0.4603568
9147005	10492	2.3014307	0.7048261
9147005	10493	2.1163788	0.7700318
9147005	10494	1.9970642	0.83712244
9147005	10495	3.796616	-0.8208455
9147005	10496	4.129135	-0.83316433
9147005	10497	4.0460997	-0.73416257
9147005	10498	3.5768065	-0.4526947
9147005	10499	3.8193178	-0.6473639
9147005	10500	3.9597921	-0.67486703
9147005	10501	3.4574928	-0.43905616
9147005	10502	3.3189526	-0.11388576
9147005	10503	3.5196218	-0.45305586
9147005	10504	3.4244003	-0.3939431
9147005	10505	3.2864017	-0.18401131
9147005	10506	3.3463035	-0.20958748
9147005	10507	3.1449995	0.06271258
9147005	10508	3.1167183	0.03632143
9147005	10509	3.213687	-0.059887946
9147005	10510	3.2359104	-0.056638926
9147005	10511	3.2197785	0.051516086
9147005	10512	3.3671308	-0.038140804
9147005	10513	2.835919	0.34315428
9147005	10514	2.6108317	0.59093285
9147005	10515	2.5875058	0.55594254
9147005	10516	3.2525	-0.25036335
9147005	10517	3.104176	-0.0004940331
9147005	10518	3.7541523	-0.5683606
9147005	10519	3.320499	-0.18439168
9147005	10520	3.1932163	-0.048426867
9147005	10521	3.3041234	-0.22788835
9147005	10522	3.5074544	-0.37049228
9147005	10523	3.5710292	-0.4287025
9147005	10524	3.6008139	-0.40119043
9147005	10525	3.3207526	-0.26756698
9147005	10526	3.5774846	-0.38715422
9147005	10527	3.4820118	-0.3900137
9147005	10528	3.2894502	-0.07578528
9147005	10529	3.1364083	-0.024395823
9147005	10530	3.4452271	-0.23570849
9147005	10531	3.1978679	-0.1714099
9147005	10532	3.660397	-0.3662558
9147005	10533	3.5532289	-0.48646194
9147005	10534	3.4948049	-0.38598534
9147005	10535	3.8687086	-0.55491835
9147005	10536	3.84333	-0.54711205
9147005	10537	3.9827018	-0.74220693
9147005	10538	3.577013	-0.5339705
9147005	10539	3.1149693	0.0073174834
9147005	10540	2.765532	0.17823437
9147005	10541	2.4658241	0.5606861
9147005	10542	2.4153352	0.5203657
9147005	10543	3.1024055	-0.14815292
9147005	10544	2.9933958	0.1818938
9147005	10545	3.0430794	0.1179125
9147005	10546	2.9443011	0.14884499
9147005	10547	3.227044	0.10018751
9147005	10548	2.9578977	0.36612293
9147005	10549	3.356742	-0.023941606
9147005	10550	3.482274	-0.13897991
9147005	10551	3.5404506	-0.14586306
9147005	10552	3.5422091	-0.1837959
9147005	10553	3.4822497	-0.054070354
9147005	10554	3.7873893	-0.4445073
9147005	10555	3.4672618	-0.26495403
9147005	10556	3.4832697	-0.36636874
9147005	10557	3.514306	-0.41623074
9147005	10558	3.3879104	-0.25208992
9147005	10559	3.1355977	-0.029133707
9147005	10560	3.3988886	-0.41356152
9147005	10561	3.3307695	-0.21239753
9147005	10562	3.254704	-0.1909484
9147005	10563	3.2787132	-0.28355855
9147005	10564	3.1618772	-0.13962048
9147005	10565	3.2239342	-0.19535983
9147005	10566	3.2289267	-0.16958275
9147005	10567	3.016768	0.08894017
9147005	10568	2.7825527	0.15917817
9147005	10569	2.7789726	0.21399376
9147005	10570	2.7329931	0.19220266
9147005	10571	2.687642	0.17501077
9147005	10572	2.7593365	0.20445225
9147005	10573	2.767663	0.25187537
9147005	10574	3.2351956	-0.28745097
9147005	10575	2.9847398	0.04404798
9147005	10576	2.1393027	0.8127873
9147005	10577	3.3194814	-0.21510392
9147005	10578	2.8824162	0.19235429
9147005	10579	3.0047412	0.08610311
9147005	10580	3.152505	-0.086226046
9147005	10581	3.3494139	-0.08290547
9147005	10582	2.8391213	0.40331802
9147005	10583	2.782395	0.46997097
9147005	10584	3.1579633	0.027703315
9147005	10585	3.2530107	0.07370314
9147005	10586	3.0901508	0.22052255
9147005	10587	3.0660691	0.22506961
9147005	10588	3.1422963	0.16810706
9147005	10589	2.9522705	0.38898274
9147005	10590	3.100315	0.22766605
9147005	10591	2.8494582	0.5145289
9147005	10592	3.1185627	0.17222628
9147005	10593	3.696937	-0.28547323
9147005	10594	3.7949605	-0.27973008
9147005	10595	3.0569677	0.34374437
9147005	10596	2.822723	0.58181894
9147005	10597	3.0295782	0.31310782
9147005	10598	3.1324005	0.2576479
9147005	10599	3.076189	0.31549367
9147005	10600	3.1789284	0.21308526
9147005	10601	3.162653	0.2368181
9147005	10602	3.2260394	0.20406094
9147005	10603	3.230434	0.17296979
9147005	10604	3.4336448	-0.020169437
9147005	10605	3.4867163	-0.01839891
9147005	10606	3.3510203	0.0056485236
9147005	10607	3.325027	0.008883774
9147005	10608	3.1980042	0.18270007
9147005	10609	3.2455149	0.026959747
9147005	10610	3.2429037	0.107311994
9147005	10611	3.0654593	0.2122322
9147005	10612	3.283009	0.034343004
9147005	10613	3.2231832	0.084187895
9147005	10614	3.4529824	-0.04837656
9147005	10615	3.752059	-0.31994557
9147005	10616	3.625679	-0.20264465
9147005	10617	3.4089594	-0.022350907
9147005	10618	3.6596465	-0.089625776
9147005	10619	3.5871878	-0.07265356
9147005	10620	3.6924343	-0.2566237
9147005	10621	3.671513	-0.29014093
9147005	10622	3.7758207	-0.26739776
9147005	10623	3.5119262	-0.2048395
9147005	10624	4.1390886	-0.7078053
9147005	10625	4.2620387	-0.756546
9147005	10626	3.633565	-0.37231272
9147005	10627	3.6972008	-0.28123024
9147005	10628	4.236565	-0.87143826
9147005	10629	4.0398865	-0.5517545
9147005	10630	4.6830573	-1.0354476
9147005	10631	5.5726333	-1.6804209
9147005	10632	6.201027	-2.8189013
9147005	10633	5.9279404	-2.4869642
9147005	10634	4.6382003	-1.0403427
9147005	10635	5.1437855	-1.2638712
9147005	10636	5.5731783	-1.5715247
9147005	10637	4.944317	-2.320146
9147005	10638	5.301577	-2.3344033
9147005	10639	4.444463	-1.9011309
9147005	10640	4.3458176	-1.7466565
9147005	10641	4.0394974	-1.3930616
9147005	10642	3.8973165	-1.598342
9147005	10643	3.96736	-1.9721643
9147005	10644	4.1682234	-2.0982418
9147005	10645	5.2366447	-1.53325
9147005	10646	2.709271	-1.562965
9147005	10647	3.2837424	-1.4813153
9147005	10648	3.6461926	-1.5952837
9147005	10649	3.3866377	-1.615214
9147005	10650	3.3232746	-1.6174208
9147005	10651	3.5355701	-1.7590272
9147005	10652	3.8210382	-1.9448717
9147005	10653	3.6008053	-0.38799375
9147005	10654	3.6049151	-0.41554677
9147005	10655	3.941177	-0.5675264
9147005	10656	4.5365057	-1.1579132
9147005	10657	4.4246516	-1.1835517
9147005	10658	4.2758393	-0.8959863
9147005	10659	4.3312044	-0.9989059
9147005	10660	4.7148733	-1.3224466
9147005	10661	4.948845	-1.5526232
9147005	10662	2.5962214	-1.4665706
9147005	10663	2.047133	-0.8499355
9147005	10664	2.0046496	-0.8252076
9147005	10665	1.6483527	-0.5095597
9147005	10666	1.7015806	-0.6224587
9147005	10667	2.2677746	0.76490116
9147005	10668	2.927031	0.42373392
9147005	10669	3.5308619	-0.100464255
9147005	10670	3.1905007	0.16134998
9147005	10671	3.182396	0.023351789
9147005	10672	3.2683473	-0.021905601
9147005	10673	3.3927202	0.024587154
9147005	10674	3.3357625	-0.068158686
9147005	10675	3.7302446	-0.51017344
9147005	10676	4.206405	-0.8903111
9147005	10677	4.2265444	-0.84082353
9147005	10678	4.240202	-0.9445932
9147005	10679	4.1830773	-0.7504072
9147005	10680	4.366183	-1.1388829
9147005	10681	4.27817	-0.81496066
9147005	10682	4.2720714	-1.0372665
9147005	10683	4.245944	-0.8997197
9147005	10684	4.0018005	-0.7517559
9147005	10685	4.008559	-0.7198434
9147005	10686	3.9748206	-0.706841
9147005	10687	3.949069	-0.59323287
9147005	10688	4.050173	-0.84623384
9147005	10689	4.185794	-0.91487044
9147005	10690	4.027272	-0.6791013
9147005	10691	3.9995265	-0.8029844
9147005	10692	4.064186	-0.80572164
9147005	10693	3.9542575	-0.71684766
9147005	10694	3.9140234	-0.6831006
9147005	10695	3.9002886	-0.56862825
9147005	10696	3.7332616	-0.42820635
9147005	10697	3.6962123	-0.49872994
9147005	10698	3.7591538	-0.5384345
9147005	10699	3.5911312	-0.3311321
9147005	10700	2.6971364	0.38791636
9147005	10701	3.0863943	0.1858522
9147005	10702	3.071516	0.16990963
9147005	10703	2.9985995	0.2698153
9147005	10704	2.9120636	0.359597
9147005	10705	2.3897438	0.82467675
9147005	10706	2.2345028	0.9451083
9147005	10707	2.3993902	0.7278929
9147005	10708	2.4197698	0.8216902
9147005	10709	2.8346043	0.4721919
9147005	10710	2.9496336	0.4402037
9147005	10711	3.577808	-0.39139688
9147005	10712	2.906538	0.37275258
9147005	10713	2.7502928	0.47177562
9147005	10714	2.8403459	0.48503175
9147005	10715	2.9297733	0.3839967
9147005	10716	2.9084349	0.43837205
9147005	10717	2.9032288	0.33157006
9147005	10718	2.8215756	0.5124297
9147005	10719	2.9683723	0.4163595
9147005	10720	3.1344419	0.25038686
9147005	10721	3.056963	0.32091656
9147005	10722	2.9537492	0.46671608
9147005	10723	2.9031258	0.461583
9147005	10724	3.040244	0.38199094
9147005	10725	3.1200042	0.28710005
9147005	10726	2.976952	0.4408625
9147005	10727	3.5000682	0.006876141
9147005	10728	3.323184	0.15963003
9147005	10729	3.3106432	0.15195593
9147005	10730	3.297926	0.20474932
9147005	10731	3.0652566	0.4034212
9147005	10732	2.568726	0.89788425
9147005	10733	2.5592995	0.87104464
9147005	10734	3.206088	0.053506523
9147005	10735	4.1662245	-0.56911117
9147005	10736	4.2999043	-0.82099855
9147005	10737	4.2037616	-0.47890967
9147005	10738	3.9218102	-0.26846588
9147005	10739	4.797129	-0.9197583
9147005	10740	4.1157846	-0.41802785
9147005	10741	3.5048156	0.14905336
9147005	10742	3.4656234	0.13003758
9147005	10743	2.6278534	-1.045378
9147005	10744	2.1342459	-0.816555
9147005	10745	2.052638	0.80991256
9147005	10746	2.0127587	0.9717767
9147005	10747	1.4070606	1.6920378
9147005	10748	1.932793	1.1928134
9147005	10749	2.2505646	1.2049735
9147005	10750	2.0388184	1.0680064
9147005	10751	2.0713038	1.1142821
9147005	10752	1.7887572	1.3779254
9147005	10753	1.865332	1.3423146
9147005	10754	1.8886913	1.3576164
9147005	10755	1.9821464	1.29756
9147005	10756	1.1501637	2.1569672
9147005	10757	0.92704344	2.3258233
9147005	10758	0.847342	2.3554173
9147005	10759	0.7069458	2.5430284
9147005	10760	0.6718862	2.5862784
9147005	10761	0.8356968	2.4808211
9147005	10762	0.97157824	2.3681815
9147005	10763	1.5688409	1.8794231
9147005	10764	1.773132	1.7289548
9147005	10765	2.147602	1.4470239
9147005	10766	2.2127757	1.3420076
9147005	10767	2.3326144	1.2977805
9147005	10768	2.3703241	1.2955457
9147005	10769	2.6447458	0.9906434
9147005	10770	2.5645561	1.1529832
9147005	10771	2.4693193	1.0839677
9147005	10772	1.4121321	2.036972
9147005	10773	1.0896549	2.3088217
9147005	10774	1.2210358	2.3263347
9147005	10775	1.1795527	2.317019
9147005	10776	1.0464936	2.507736
9147005	10777	1.0180128	2.4509165
9147005	10778	1.2022562	2.272248
9147005	10779	1.153253	2.4067247
9147005	10780	1.2595586	2.2800643
9147005	10781	1.3467537	2.5146377
9147005	10782	1.3061328	2.2954054
9147005	10783	0.65339243	2.8999016
9147005	10784	0.8107182	2.897445
9147005	10785	0.45264465	3.2844253
9147005	10786	0.3869707	3.3228087
9147005	10787	0.1707027	3.4816947
9147005	10788	0.032255173	3.657462
9147005	10789	-0.09213075	3.7474225
9147005	10790	-0.100449175	3.7081826
9147005	10791	-0.10134095	3.724017
9147005	10792	-0.11302441	3.7271163
9147005	10793	-0.12427485	3.7363627
9147005	10794	0.20706105	3.3981209
9147005	10795	0.38136715	3.2316866
9147005	10796	0.36848402	3.3280835
9147005	10797	-0.8103687	2.200452
9147005	10798	-0.14814547	0.9471644
9147005	10799	2.0327077	1.2794482
9147005	10800	1.6323124	1.7065883
9147005	10801	1.3754601	1.9151523
9147005	10802	1.2959424	1.950836
9147005	10803	1.1907078	1.9370885
9147005	10804	1.1766932	1.9523482
9147005	10805	0.9624047	2.159667
9147005	10806	0.8736646	2.3248348
9147005	10807	1.3018982	2.0242083
9147005	10808	1.4405719	1.8917236
9147005	10809	0.3963369	0.5675087
9147005	10810	2.5644722	0.11943701
9147005	10811	2.055647	0.61673737
9147005	10812	2.05514	0.837386
9147005	10813	2.3770509	0.51781297
9147005	10814	2.263008	0.62669754
9147005	10815	2.2549415	0.7047523
9147005	10816	2.2535954	0.72961974
9147005	10817	2.3571882	0.62966824
9147005	10818	2.3605347	0.6392969
9147005	10819	2.602181	0.5675914
9147005	10820	2.5074234	0.65183294
9147005	10821	3.3440046	0.0025630295
9147005	10822	3.2889695	0.14381847
9147005	10823	3.239421	0.14870289
9147005	10824	3.2373757	0.2089347
9147005	10825	2.6340885	0.77987814
9147005	10826	2.7987719	0.58144915
9147005	10827	2.5584106	0.7465465
9147005	10828	2.8252535	0.5475441
9147005	10829	3.3222013	0.21102658
9147005	10830	3.3472667	0.13656852
9147005	10831	3.4458165	0.16988447
9147005	10832	3.2296085	0.2761505
9147005	10833	3.3801527	0.17686042
9147005	10834	3.2772279	0.30477694
9147005	10835	3.3574371	0.2006791
9147005	10836	3.2803154	0.33977994
9147005	10837	3.2509751	0.3007892
9147005	10838	3.2674108	0.31375948
9147005	10839	3.2830667	0.279133
9147005	10840	3.2713504	0.2967297
9147005	10841	3.2808824	0.28048572
9147005	10842	3.2597356	0.29869726
9147005	10843	3.2713604	0.28480783
9147005	10844	3.2491345	0.30289146
9147005	10845	3.2537336	0.29705438
9147005	10846	3.2325048	0.3133566
9147005	10847	3.2471251	0.29971775
9147005	10848	3.3116608	0.2498981
9147005	10849	3.3105102	0.26981655
9147005	10850	3.3448076	0.19151393
9147005	10851	3.199232	0.2276474
9147005	10852	3.4199152	0.038357407
9147005	10853	3.629496	-0.043083012
9147005	10854	3.851359	-0.15472251
9147005	10855	3.7314181	-0.12517482
9147005	10856	1.3011258	-0.3965765
9147005	10857	1.0799102	-0.23534195
9147005	10858	1.1929715	1.4942212
9147005	10859	1.1750953	1.8411791
9147005	10860	1.2071239	1.7689307
9147005	10861	1.2743961	1.9239137
9147005	10862	1.5412856	1.7245789
9147005	10863	1.5312332	1.733968
9147005	10864	1.5326513	1.7450273
9147005	10865	1.6790808	1.588419
9147005	10866	1.4234407	1.8625283
9147005	10867	1.4442122	1.8894184
9147005	10868	1.5391945	1.8296978
9147005	10869	1.5140561	1.8602221
9147005	10870	1.6214732	1.7755165
9147005	10871	1.549708	1.8580189
9147005	10872	1.5725509	1.8517597
9147005	10873	1.5849785	1.8648288
9147005	10874	1.5705725	1.8950896
9147005	10875	1.5794598	1.9033635
9147005	10876	1.6073011	1.8888464
9147005	10877	1.6539475	1.8584251
9147005	10878	1.6828529	1.8420796
9147005	10879	2.0471392	1.532971
9147005	10880	1.5452265	1.9859991
9147005	10881	1.674071	1.8825037
9147005	10882	1.5929319	1.9456213
9147005	10883	1.7036413	1.890382
9147005	10884	1.7155553	1.747705
9147005	10885	1.6615475	1.8889682
9147005	10886	1.7910689	1.8278666
9147005	10887	2.162952	1.253802
9147005	10888	2.5863452	0.98992085
9147005	10889	2.4242163	1.1548688
9147005	10890	2.3794684	1.2147292
9147005	10891	2.4694495	1.0673804
9147005	10892	1.5296854	1.9196427
9147005	10893	1.6850878	1.776818
9147005	10894	1.7983042	1.6864436
9147005	10895	1.5278772	1.9506392
9147005	10896	1.6723443	1.8238406
9147005	10897	2.0530071	1.4951448
9147005	10898	1.4022387	2.140925
9147005	10899	1.4653642	2.1217923
9147005	10900	1.5192853	2.038494
9147005	10901	1.5115656	1.9429619
9147005	10902	1.7179092	1.891207
9147005	10903	1.6679703	1.7901194
9147005	10904	1.391582	2.0751376
9147005	10905	0.99807894	2.709639
9147005	10906	1.1216098	2.4235587
9147005	10907	1.7312757	1.8538399
9147005	10908	1.7054054	1.9913633
9147005	10909	1.8763949	1.794204
9147005	10910	1.9770619	1.6672561
9147005	10911	1.9621683	1.7321577
9147005	10912	2.0530171	1.5889053
9147005	10913	1.2967007	2.2792377
9147005	10914	1.8436683	1.7641919
9147005	10915	1.7322184	1.9252775
9147005	10916	1.7696778	1.8260324
9147005	10917	1.6807772	1.8922851
9147005	10918	1.1064276	2.3125603
9147005	10919	0.94261706	2.6933904
9147005	10920	0.75655437	2.8749852
9147005	10921	-0.6554839	1.6969886
9147005	10922	1.8063475	0.86486053
9147005	10923	1.5207077	1.3134644
9147005	10924	1.8397733	1.1479273
9147005	10925	1.8149503	1.0528604
9147005	10926	2.2213812	0.85530007
9147005	10927	2.173141	1.0902584
9147005	10928	2.0564313	1.1192266
9147005	10929	2.0596728	1.1433424
9147005	10930	2.2373233	1.0916274
9147005	10931	2.1368275	1.1176602
9147005	10932	2.1601863	1.1030357
9147005	10933	2.1928682	1.0632262
9147005	10934	2.240056	1.0418006
9147005	10935	2.2374368	1.03518
9147005	10936	2.2532663	1.0373476
9147005	10937	2.2361102	1.0371195
9147005	10938	2.24793	1.0393419
9147005	10939	2.2317138	1.0423797
9147005	10940	2.1988115	1.0877979
9147005	10941	2.1969748	1.0646079
9147005	10942	2.21671	1.0604321
9147005	10943	2.2025971	1.0632064
9147005	10944	2.2744193	1.0828348
9147005	10945	2.8247018	0.60372233
9147005	10946	2.0526323	1.2602382
9147005	10947	1.9670755	1.4142271
9147005	10948	2.2016234	1.1776265
9147005	10949	2.259883	1.0936399
9147005	10950	2.5089583	1.0033299
9147005	10951	2.3296657	1.1894361
9147005	10952	2.384172	1.1192477
9147005	10953	2.4454556	1.0918545
9147005	10954	2.5412674	0.973871
9147005	10955	2.7258844	0.877561
9147005	10956	2.87916	0.63072586
9147005	10957	2.9827304	0.6498803
9147005	10958	2.9069796	0.67435825
9147005	10959	3.045627	0.57522726
9147005	10960	3.0644393	0.5880681
9147005	10961	2.9989672	0.63160026
9147005	10962	3.01551	0.6487595
9147005	10963	3.1140022	0.5543082
9147005	10964	3.1285539	0.56386054
9147005	10965	2.9227781	0.6609113
9147005	10966	3.680707	0.024099171
9147005	10967	3.006662	0.65723586
9147005	10968	2.8815541	0.71497357
9147005	10969	2.9331627	0.6374532
9147005	10970	2.3607707	1.1055511
9147005	10971	2.6894083	0.7871891
9147005	10972	2.1884718	1.3557922
9147005	10973	2.0007029	1.423671
9147005	10974	1.8625511	1.5639236
9147005	10975	1.9630927	1.473323
9147005	10976	1.9954518	1.451839
9147005	10977	1.9492451	1.5228066
9147005	10978	1.219391	2.3761113
9147005	10979	0.7523031	2.9995968
9147005	10980	0.56074035	3.2303333
9147005	10981	0.5980811	3.1260254
9147005	10982	0.40561718	3.2951
9147005	10983	0.3705089	3.3583472
9147005	10984	0.2697754	3.3436024
9147005	10985	0.7156116	2.8655663
9147005	10986	0.7279633	2.8240285
9147005	10987	0.5618094	3.0443218
9147005	10988	0.67499626	2.9530804
9147005	10989	0.6151128	2.9999518
9147005	10990	0.635103	2.9843547
9147005	10991	0.5657736	3.0215986
9147005	10992	0.6364832	2.94273
9147005	10993	0.8881035	2.631196
9147005	10994	1.6301869	1.7939689
9147005	10995	2.7517605	0.93038654
9147005	10996	2.003389	1.8951235
9147005	10997	1.9798754	1.6978264
9147005	10998	1.9241525	1.737777
9147005	10999	1.3875881	2.264119
9147005	11000	1.5500561	2.0558348
9147005	11001	1.925666	1.526225
9147005	11002	2.0152645	1.61618
9147005	11003	2.0769992	1.5833201
9147005	11004	2.9464574	0.75001836
9147005	11005	4.5210996	-0.63447636
9147005	11006	5.445832	-0.98384166
9147005	11007	5.600412	-1.2811153
9147005	11008	5.968132	-1.4787706
9147005	11009	6.1000476	-1.5759826
9147005	11010	6.3479714	-1.8221419
9147005	11011	6.434995	-1.8439807
9147005	11012	5.757932	-1.4173717
9147005	11013	5.546529	-1.3991077
9147005	11014	5.274189	-1.1168244
9147005	11015	5.707752	-1.2610073
9147005	11016	5.020298	-2.5719728
9147005	11017	4.4681478	-2.2652636
9147005	11018	4.1095796	-2.2635908
9147005	11019	4.0690527	-2.1588225
9147005	11020	3.9860106	-2.0958517
9147005	11021	3.857913	-2.038607
9147005	11022	3.9933238	-2.2296832
9147005	11023	4.1991506	-2.2682173
9147005	11024	3.3923173	-0.5238825
9147005	11025	3.4859643	-0.37827572
9147005	11026	3.5829935	-0.41094893
9147005	11027	2.9685125	0.12378678
9147005	11028	3.017034	-0.021974415
9147005	11029	2.898654	0.12958422
9147005	11030	2.961763	0.022860438
9147005	11031	2.745017	0.17990264
9147005	11032	3.8257847	-0.9499682
9147005	11033	4.3416576	-1.2527851
9147005	11034	3.9774857	-0.81371576
9147005	11035	3.202785	-0.19727436
9147005	11036	3.3336692	-0.3553429
9147005	11037	3.2332249	-0.20611954
9147005	11038	2.8979511	0.042045504
9147005	11039	3.498304	-0.47792017
9147005	11040	3.6156573	-0.46720034
9147005	11041	3.1923218	-0.16581112
9147005	11042	2.7627363	0.2288461
9147005	11043	2.0158405	0.833413
9147005	11044	1.8497897	0.975826
9147005	11045	1.8359066	1.0278616
9147005	11046	1.2477052	1.7304692
9147005	11047	1.6326109	1.3335569
9147005	11048	1.6459619	1.3892184
9147005	11049	1.3679153	1.6275201
9147005	11050	1.3391225	1.7094944
9147005	11051	1.3744179	1.7224731
9147005	11052	1.3351651	1.6574531
9147005	11053	1.4896473	1.6388268
9147005	11054	1.7893602	1.207396
9147005	11055	1.7984036	1.2641193
9147005	11056	1.9184204	1.1344489
9147005	11057	1.4651606	1.6817727
9147005	11058	1.5776898	1.5502222
9147005	11059	1.5408231	1.5432947
9147005	11060	1.4804157	1.6231525
9147005	11061	1.1197547	2.1958492
9147005	11062	1.0623559	2.0418038
9147005	11063	0.7610339	2.481145
9147005	11064	0.70714986	2.4618013
9147005	11065	0.69373095	2.9217768
9147005	11066	1.0663793	2.393815
9147005	11067	1.1038903	2.2179258
9147005	11068	0.7757968	2.66454
9147005	11069	0.7577393	2.7002525
9147005	11070	0.80461764	2.591502
9147005	11071	0.8039944	2.498885
9147005	11072	0.78519297	2.7286797
9147005	11073	0.7739061	2.5598378
9147005	11074	0.5910735	2.77947
9147005	11075	0.6877276	2.6407535
9147005	11076	1.578734	1.7197583
9147005	11077	1.5550724	1.9148421
9147005	11078	1.4157379	2.1602361
9147005	11079	1.235946	2.1073368
9147005	11080	0.7554321	2.7087417
9147005	11081	0.9316964	2.5384262
9147005	11082	0.70072055	2.7738512
9147005	11083	0.65141404	2.7764535
9147005	11084	1.1474773	2.2454112
9147005	11085	1.1416526	2.289062
9147005	11086	1.4777794	1.9813547
9147005	11087	1.7160589	1.7118571
9147005	11088	1.5588852	1.8625677
9147005	11089	2.0077367	1.4586623
9147005	11090	1.6618756	1.8371027
9147005	11091	1.5699304	1.988666
9147005	11092	1.7278768	1.8060069
9147005	11093	1.2840494	2.3015912
9147005	11094	0.99410164	2.6552725
9147005	11095	0.63476706	3.185626
9147005	11096	0.16160017	3.6621287
9147005	11097	0.3344056	3.7263925
9147005	11098	0.5732404	3.3760715
9147005	11099	0.67233324	3.2519963
9147005	11100	0.71183956	3.3078535
9147005	11101	0.7521483	3.2467031
9147005	11102	1.1106428	2.7939672
9147005	11103	0.8082609	3.0942965
9147005	11104	0.8352393	3.0593307
9147005	11105	-0.57107663	1.5438745
9147005	11106	1.8058044	1.1435792
9147005	11107	1.0950229	2.085535
9147005	11108	1.1414822	2.3255856
9147005	11109	0.75945675	2.7620325
9147005	11110	0.88150775	2.512919
9147005	11111	0.49266708	3.0122626
9147005	11112	0.52116334	3.0926526
9147005	11113	0.8071623	2.7787156
9147005	11114	0.8763106	2.455823
9147005	11115	0.99219394	2.376069
9147005	11116	0.7584131	2.6476955
9147005	11117	0.82516825	2.5145922
9147005	11118	-0.01451385	3.61185
9147005	11119	0.0028247237	3.714049
9147005	11120	0.1942147	3.617923
9147005	11121	0.24605477	3.4304748
9147005	11122	0.32808435	3.2523134
9147005	11123	0.451814	3.0574706
9147005	11124	0.7277236	2.76339
9147005	11125	0.3168159	3.3674078
9147005	11126	0.34571064	3.4133906
9147005	11127	0.28327662	3.499533
9147005	11128	0.4354741	3.3018217
9147005	11129	-0.046346873	3.6787407
9147005	11130	0.25966287	3.4567919
9147005	11131	-0.411816	1.1632721
9147005	11132	2.0186667	0.8678391
9147005	11133	2.1114979	0.6752554
9147005	11134	2.3804436	0.56261516
9147005	11135	2.1796165	0.72200215
9147005	11136	2.2072515	0.73166907
9147005	11137	2.5951505	0.5591394
9147005	11138	2.6764264	0.69404936
9147005	11139	2.7064004	0.6967412
9147005	11140	2.7316084	0.7318609
9147005	11141	2.7644105	0.68297315
9147005	11142	2.7594838	0.7097497
9147005	11143	2.424941	1.0830281
9147005	11144	2.5782843	0.8713472
9147005	11145	2.6087208	0.8816234
9147005	11146	2.7968578	0.7799531
9147005	11147	3.4534926	0.16648152
9147005	11148	2.8649259	0.77610695
9147005	11149	2.7221165	0.8477937
9147005	11150	2.9077415	0.69499755
9147005	11151	3.0825682	0.5624045
9147005	11152	2.9362793	0.6733165
9147005	11153	2.8717399	0.79877174
9147005	11154	2.9776478	0.6485615
9147005	11155	3.0901256	0.5903264
9147005	11156	3.0411615	0.6817411
9147005	11157	3.009035	0.64991546
9147005	11158	3.0385447	0.73370385
9147005	11159	2.8531199	0.8058007
9147005	11160	3.0043511	0.7310717
9147005	11161	3.7557273	0.028090209
9147005	11162	1.5922457	-0.22849365
9147005	11163	1.0489264	1.8198402
9147005	11164	1.0951011	2.1389062
9147005	11165	1.2298596	2.136153
9147005	11166	0.06611037	0.9790065
9147005	11167	2.3116488	0.27379945
9147005	11168	2.0717082	0.73359525
9147005	11169	2.2299027	0.736174
9147005	11170	2.2555819	0.7402464
9147005	11171	2.3122716	0.7125753
9147005	11172	2.644012	0.489301
9147005	11173	2.6529393	0.5539032
9147005	11174	2.626649	0.66076124
9147005	11175	2.5416641	0.69825184
9147005	11176	2.4890676	0.7499316
9147005	11177	2.7253456	0.6366174
9147005	11178	2.8135457	0.56772065
9147005	11179	2.7510753	0.64215624
9147005	11180	2.7612977	0.6245284
9147005	11181	2.7664022	0.64432395
9147005	11182	1.7769207	-0.57624024
9147005	11183	0.9784235	-1.5441573
9147005	11184	-0.27379897	0.8125093
9147005	11185	-0.29035512	1.3159686
9147005	11186	-0.36224347	1.3848096
9147005	11187	1.8045372	0.715212
9147005	11188	1.9732548	0.6453997
9147005	11189	1.6169237	1.1014258
9147005	11190	1.4937826	1.203021
9147005	11191	1.4435194	1.3384866
9147005	11192	1.4218533	1.3361607
9147005	11193	1.4159272	1.4455843
9147005	11194	1.4840614	1.4755608
9147005	11195	1.3130611	1.7650847
9147005	11196	1.392567	1.5893376
9147005	11197	1.5268208	1.5476029
9147005	11198	1.8544375	1.1129953
9147005	11199	1.6454707	1.4182851
9147005	11200	1.6384736	1.2818215
9147005	11201	1.7040185	1.2410501
9147005	11202	1.6166021	1.4348661
9147005	11203	1.4782257	1.6250644
9147005	11204	1.2972306	1.7358172
9147005	11205	1.2626601	1.8022251
9147005	11206	1.0288719	1.8866508
9147005	11207	1.6888834	1.3926948
9147005	11208	1.6126639	1.3647789
9147005	11209	1.0707775	1.9925375
9147005	11210	0.98722553	2.053132
9147005	11211	1.1864403	1.9349933
9147005	11212	1.4554061	1.5389335
9147005	11213	1.4828146	1.6703148
9147005	11214	1.2034998	2.0376334
9147005	11215	0.9219034	2.1850476
9147005	11216	1.2207203	1.9807346
9147005	11217	1.3681543	1.8262024
9147005	11218	1.7881893	1.4665334
9147005	11219	1.8026334	1.3704833
9147005	11220	1.6311144	1.5692334
9147005	11221	1.7053412	1.4114561
9147005	11222	1.7575792	1.3756754
9147005	11223	1.657307	1.6718926
9147005	11224	1.5226647	1.6304147
9147005	11225	1.8520349	1.4571215
9147005	11226	2.135738	1.082439
9147005	11227	2.2251544	1.0948551
9147005	11228	2.1814127	1.2121475
9147005	11229	1.9713389	1.2748173
9147005	11230	1.8682607	1.4829369
9147005	11231	1.5575427	1.6590827
9147005	11232	1.339267	1.8687155
9147005	11233	1.2894826	1.896656
9147005	11234	1.4948634	1.757263
9147005	11235	1.5847582	1.7534623
9147005	11236	1.4277993	1.8162282
9147005	11237	1.4563257	1.8821468
9147005	11238	1.243574	2.132225
9147005	11239	1.6028303	1.6717377
9147005	11240	1.4410886	1.865448
9147005	11241	1.6849593	1.6287882
9147005	11242	1.6224636	1.6533866
9147005	11243	1.5934469	1.8371592
9147005	11244	1.4621056	1.8605545
9147005	11245	1.5044802	1.9021096
9147005	11246	1.4252688	1.8891244
9147005	11247	1.4132738	2.0326338
9147005	11248	1.3805118	1.9358087
9147005	11249	1.4558737	1.8572469
9147005	11250	1.759075	1.652055
9147005	11251	1.5969008	1.8683918
9147005	11252	1.6452883	1.6933265
9147005	11253	1.7198588	1.6716113
9147005	11254	1.8502406	1.4919707
9147005	11255	2.0121489	1.5077153
9147005	11256	2.1126447	1.4987833
9147005	11257	2.9885077	0.44983414
9147005	11258	3.2439628	0.28735778
9147005	11259	3.6697931	-0.09286472
9147005	11260	3.6139798	-0.07879415
9147005	11261	3.5384908	-0.04900402
9147005	11262	3.554618	-0.061077088
9147005	11263	3.5106125	0.003304422
9147005	11264	3.8736024	-0.31257913
9147005	11265	3.84542	-0.18725762
9147005	11266	3.5182424	-0.005233407
9147005	11267	4.1702595	-0.5742058
9147005	11268	4.043907	-0.33791274
9147005	11269	3.2941184	0.21077552
9147005	11270	3.1086235	0.41337785
9147005	11271	2.95543	0.5836817
9147005	11272	2.9244432	0.4277431
9147005	11273	2.8654966	0.5074663
9147005	11274	2.7892761	0.5143477
9147005	11275	2.8545728	0.6023879
9147005	11276	2.8511992	0.58068407
9147005	11277	2.746871	0.72717464
9147005	11278	2.8234224	0.6537677
9147005	11279	2.8926644	0.62275624
9147005	11280	2.8679066	0.6340437
9147005	11281	2.8544178	0.6626644
9147005	11282	2.8386493	0.6686175
9147005	11283	2.8374534	0.6806042
9147005	11284	2.829626	0.6895455
9147005	11285	2.852181	0.67949474
9147005	11286	2.6773653	0.78876424
9147005	11287	2.8402967	0.6517098
9147005	11288	2.9904594	0.5468284
9147005	11289	1.3838495	1.8643324
9147005	11290	1.0465335	2.5221126
9147005	11291	0.9985956	2.7601845
9147005	11292	1.0615658	2.537833
9147005	11293	0.922346	2.7081718
9147005	11294	0.88062656	2.7345777
9147005	11295	0.8681035	2.7141316
9147005	11296	0.9946109	2.6653137
9147005	11297	1.0066236	2.62868
9147005	11298	1.3573391	2.2364519
9147005	11299	1.366607	2.0801246
9147005	11300	1.3250083	2.1655908
9147005	11301	1.5584873	1.8694475
9147005	11302	1.6843175	1.8906529
9147005	11303	1.517399	2.0773954
9147005	11304	1.3522558	2.2507534
9147005	11305	1.3681588	2.2498121
9147005	11306	1.2905929	2.184841
9147005	11307	1.179321	2.3123858
9147005	11308	1.1873791	2.2767267
9147005	11309	1.1892229	2.2682753
9147005	11310	1.1903954	2.2700577
9147005	11311	1.287958	2.263789
9147005	11312	1.2324716	2.248297
9147005	11313	1.2000101	2.2930133
9147005	11314	1.2099884	2.263714
9147005	11315	1.224281	2.2542193
9147005	11316	1.2395779	2.2345052
9147005	11317	1.228863	2.255182
9147005	11318	1.2349609	2.2471042
9147005	11319	1.2377954	2.2474174
9147005	11320	1.2449075	2.239072
9147005	11321	1.2504952	2.2418015
9147005	11322	1.4439365	2.1587005
9147005	11323	1.5771035	2.0101473
9147005	11324	1.4141221	2.0943494
9147005	11325	1.5107561	2.1619816
9147005	11326	1.55241	1.9662018
9147005	11327	1.3541524	2.1954808
9147005	11328	1.508947	1.9945393
9147005	11329	1.5837859	2.029411
9147005	11330	1.7245461	2.001835
9147005	11331	1.5976831	1.9678817
9147005	11332	1.6542748	2.080813
9147005	11333	2.0984726	1.6003182
9147005	11334	1.6084319	2.104625
9147005	11335	1.6072787	2.14165
9147005	11336	1.6676105	2.0252335
9147005	11337	1.082916	2.6564076
9147005	11338	0.8864051	2.7786229
9147005	11339	1.0896988	2.5631745
9147005	11340	0.367083	0.37831178
9147005	11341	0.5660633	0.3258669
9147005	11342	0.79397655	2.2952702
9147005	11343	0.771973	2.3450065
9147005	11344	1.282942	1.9012761
9147005	11345	1.3184755	1.7246687
9147005	11346	1.4809281	1.5562136
9147005	11347	1.4604458	1.5877137
9147005	11348	1.3375844	1.7624576
9147005	11349	1.3412277	1.7015886
9147005	11350	1.3044425	1.7978439
9147005	11351	1.4790887	1.866848
9147005	11352	1.3107606	1.8376193
9147005	11353	1.1392368	2.2115765
9147005	11354	1.6770431	1.5448856
9147005	11355	1.807475	1.5100465
9147005	11356	1.7149342	1.6516509
9147005	11357	1.5096568	1.9395294
9147005	11358	2.1097488	1.3647324
9147005	11359	1.4380286	1.9927199
9147005	11360	1.3676583	2.0560465
9147005	11361	1.6296109	1.8107657
9147005	11362	1.6177305	1.6521502
9147005	11363	1.3033893	1.9485989
9147005	11364	1.9821252	1.3099332
9147005	11365	2.4143515	1.180265
9147005	11366	2.4124174	1.1753372
9147005	11367	2.2412915	1.2898751
9147005	11368	2.2919917	1.1660181
9147005	11369	3.0143557	0.69434845
9147005	11370	2.5691195	1.1466743
9147005	11371	2.7739701	0.84822357
9147005	11372	2.8453507	0.77592075
9147005	11373	2.711712	1.0281972
9147005	11374	2.7518625	0.85025907
9147005	11375	2.5930834	0.9055494
9147005	11376	2.7776637	0.8453597
9147005	11377	2.8254652	0.86758435
9147005	11378	2.8373165	0.8255013
9147005	11379	2.8305278	0.87893295
9147005	11380	2.6731725	1.0240558
9147005	11381	2.2443714	1.3375304
9147005	11382	2.9269638	0.73054624
9147005	11383	2.7054777	1.007363
9147005	11384	3.275826	0.44618472
9147005	11385	3.4133148	0.38170865
9147005	11386	3.3106737	0.46722636
9147005	11387	3.2850194	0.41603348
9147005	11388	2.472529	1.1351676
9147005	11389	2.277502	1.2082316
9147005	11390	2.1552129	1.3490986
9147005	11391	2.3148556	1.2531583
9147005	11392	2.3216233	1.2364094
9147005	11393	2.2042885	1.4024559
9147005	11394	2.4472299	1.1732798
9147005	11395	2.4254618	1.2061459
9147005	11396	2.3160772	1.2980664
9147005	11397	2.315825	1.2926826
9147005	11398	2.3772273	1.2457404
9147005	11399	2.3623362	1.2616812
9147005	11400	2.8860145	0.64153636
9147005	11401	3.0930214	0.6081563
9147005	11402	3.037712	0.62831426
9147005	11403	3.0269742	0.61919713
9147005	11404	3.080031	0.53681123
9147005	11405	3.0998998	0.49944344
9147005	11406	3.1538138	0.5139067
9147005	11407	3.1747236	0.503386
9147005	11408	3.1642337	0.48941985
9147005	11409	2.9709373	0.7009196
9147005	11410	3.0683117	0.5641041
9147005	11411	3.045546	0.5839883
9147005	11412	3.1165957	0.5094192
9147005	11413	3.4599848	0.21618119
9147005	11414	4.1776066	-0.35139206
9147005	11415	4.2248154	-0.28783327
9147005	11416	2.0924702	-0.27146128
9147005	11417	2.291315	-0.9947846
9147005	11418	2.5717125	-0.89379764
9147005	11419	2.4807048	-0.8857124
9147005	11420	2.2087693	0.8424616
9147005	11421	2.143424	0.91279054
9147005	11422	2.054277	1.1657057
9147005	11423	1.4929868	1.8590081
9147005	11424	1.2285826	2.1147397
9147005	11425	0.6072041	2.8000357
9147005	11426	1.0643228	2.3749552
9147005	11427	0.88281536	2.6315846
9147005	11428	1.5282639	2.0724528
9147005	11429	1.6243955	1.8664582
9147005	11430	1.3529044	2.2377377
9147005	11431	0.9196483	2.602492
9147005	11432	1.1248628	2.336931
9147005	11433	1.8787433	1.5982585
9147005	11434	1.731788	1.767834
9147005	11435	2.0550427	1.3726304
9147005	11436	2.426371	1.1254188
9147005	11437	2.8549628	0.6280663
9147005	11438	3.2584295	0.24028757
9147005	11439	3.4309893	0.017905205
9147005	11440	3.4611478	0.0140405
9147005	11441	3.3361435	0.12256679
9147005	11442	3.0816116	0.2855663
9147005	11443	2.9129143	0.4929395
9147005	11444	3.0391588	0.34328672
9147005	11445	2.8287187	0.5263102
9147005	11446	2.9127812	0.5306623
9147005	11447	2.865706	0.5979512
9147005	11448	2.7041287	0.73501575
9147005	11449	2.6732407	0.7702708
9147005	11450	2.39298	0.96557665
9147005	11451	2.1736283	1.1667742
9147005	11452	2.9569879	0.46548924
9147005	11453	2.059917	1.3398118
9147005	11454	1.9442168	1.5923753
9147005	11455	2.065312	1.3418287
9147005	11456	2.0925708	1.3529932
9147005	11457	1.9023966	1.6690788
9147005	11458	1.6513137	1.7912657
9147005	11459	1.6352001	1.7359893
9147005	11460	2.497839	0.9949546
9147005	11461	2.1088357	1.4367838
9147005	11462	1.9406222	1.5459442
9147005	11463	1.8303908	1.6804852
9147005	11464	1.8268584	1.857312
9147005	11465	1.6640533	1.6758018
9147005	11466	1.3617572	-0.10223174
9147005	11467	0.9966861	1.8820491
9147005	11468	1.4285805	1.6006119
9147005	11469	1.6860565	1.4339365
9147005	11470	1.8168722	1.421925
9147005	11471	1.6643573	1.6245666
9147005	11472	1.7967356	1.5231675
9147005	11473	1.6394275	1.6006625
9147005	11474	2.053028	1.1985978
9147005	11475	2.2489614	1.0989662
9147005	11476	2.292099	1.0442097
9147005	11477	2.9274154	0.5891247
9147005	11478	3.0588417	0.3980089
9147005	11479	3.004871	0.3966891
9147005	11480	3.0047503	0.40184912
9147005	11481	3.2040653	0.27986255
9147005	11482	3.0447783	0.41093615
9147005	11483	3.0573392	0.33794513
9147005	11484	2.9686193	0.4518275
9147005	11485	2.8007088	0.57610893
9147005	11486	2.9754424	0.47064522
9147005	11487	3.1278749	0.34338155
9147005	11488	3.0733342	0.45908293
9147005	11489	3.035882	0.4568465
9147005	11490	2.9767861	0.50409615
9147005	11491	2.8461747	0.65899265
9147005	11492	2.9028163	0.5727905
9147005	11493	2.899631	0.6476828
9147005	11494	2.9047122	0.62166
9147005	11495	3.4333162	0.15169099
9147005	11496	2.8122878	0.74718344
9147005	11497	2.4527764	0.98967075
9147005	11498	2.2619128	1.1602323
9147005	11499	2.3694243	1.0717341
9147005	11500	2.575416	0.9081919
9147005	11501	2.807787	0.67454624
9147005	11502	2.676073	0.82229877
9147005	11503	2.8894215	0.66434443
9147005	11504	2.8444157	0.7339294
9147005	11505	2.808279	0.74955165
9147005	11506	2.7702303	0.78515697
9147005	11507	2.7115893	0.83204794
9147005	11508	2.8006005	0.68789864
9147005	11509	2.327527	-0.69186145
9147005	11510	1.7077864	1.0466135
9147005	11511	1.7712952	1.2330984
9147005	11512	1.9133104	1.1980791
9147005	11513	1.9279441	1.2091335
9147005	11514	1.775299	1.3938689
9147005	11515	0.8489585	0.5387933
9147005	11516	0.62169063	2.094149
9147005	11517	1.0843011	1.8264589
9147005	11518	1.0800929	1.9172087
9147005	11519	1.2445337	1.8494737
9147005	11520	1.3819627	1.598496
9147005	11521	1.8138448	1.4013791
9147005	11522	1.2099855	2.1242366
9147005	11523	1.2000457	-0.3007747
9147005	11524	0.62922275	1.9465022
9147005	11525	0.96021104	2.049351
9147005	11526	1.1087474	1.9304411
9147005	11527	1.1210573	1.9602587
9147005	11528	1.121558	2.0381885
9147005	11529	1.2059618	1.9636567
9147005	11530	1.3566049	1.9278724
9147005	11531	1.5956095	1.660552
9147005	11532	1.6745213	1.6413794
9147005	11533	1.7240928	1.6245317
9147005	11534	1.7942854	1.5376197
9147005	11535	1.8233024	1.4808196
9147005	11536	2.0224009	1.2624072
9147005	11537	2.6325831	0.83943915
9147005	11538	2.8917365	0.5235796
9147005	11539	2.9676857	0.4743022
9147005	11540	2.9087415	0.51995635
9147005	11541	2.096991	1.1634568
9147005	11542	2.0730124	1.2345536
9147005	11543	2.3015933	1.0585731
9147005	11544	2.285379	1.0985571
9147005	11545	2.2782664	1.1280389
9147005	11546	2.2916818	1.1131055
9147005	11547	2.0940056	1.311933
9147005	11548	2.176653	1.1726452
9147005	11549	1.9271728	1.4281645
9147005	11550	1.467157	1.8123927
9147005	11551	2.4338222	0.9197563
9147005	11552	2.5511255	0.85944104
9147005	11553	1.7986752	1.5499473
9147005	11554	1.6076521	1.6944573
9147005	11555	1.8511888	1.5250555
9147005	11556	2.2257738	1.1992899
9147005	11557	2.605394	0.80073285
9147005	11558	2.763301	0.7999425
9147005	11559	3.5212507	0.10432562
9147005	11560	3.6708899	0.09140143
9147005	11561	1.6236609	-0.21682094
9147005	11562	1.9644853	-0.9225571
9147005	11563	1.6747187	1.274028
9147005	11564	1.7707595	1.4519098
9147005	11565	1.9930774	1.2359662
9147005	11566	2.029498	1.2223754
9147005	11567	2.2442636	1.0686371
9147005	11568	1.9413697	1.485705
9147005	11569	2.344823	0.9889015
9147005	11570	2.7709718	0.7798699
9147005	11571	3.0165486	0.50758624
9147005	11572	2.843153	0.556424
9147005	11573	3.410719	0.15240195
9147005	11574	3.2530694	0.19031331
9147005	11575	3.4180698	0.072766155
9147005	11576	3.2556167	0.1678879
9147005	11577	3.1149683	0.21491227
9147005	11578	3.2851806	0.14184752
9147005	11579	2.9454546	0.41418305
9147005	11580	3.1187086	0.206435
9147005	11581	2.79282	0.5484153
9147005	11582	2.9650064	0.339475
9147005	11583	3.0029821	0.39518997
9147005	11584	3.2149072	0.15175876
9147005	11585	3.0237684	0.39688197
9147005	11586	3.2027054	0.2314618
9147005	11587	3.1262507	0.35762164
9147005	11588	3.361843	0.14182243
9147005	11589	3.2177916	0.24704894
9147005	11590	3.405798	0.06493494
9147005	11591	3.025957	0.4565675
9147005	11592	2.6957989	0.7178682
9147005	11593	2.7490072	0.7026603
9147005	11594	2.849709	0.5619639
9147005	11595	2.8305078	0.6406189
9147005	11596	3.0771065	0.41419384
9147005	11597	3.2717419	0.20662531
9147005	11598	3.192966	0.30664656
9147005	11599	3.1338372	0.35978606
9147005	11600	3.176156	0.29857603
9147005	11601	3.115697	0.3619235
9147005	11602	3.4213	0.05854383
9147005	11603	3.404715	0.10719183
9147005	11604	3.5991488	-0.07110739
9147005	11605	3.674491	-0.11661178
9147005	11606	3.964726	-0.48493776
9147005	11607	3.4901805	0.06996676
9147005	11608	3.9163375	-0.2547836
9147005	11609	3.8608937	-0.29093856
9147005	11610	3.6565762	-0.23345937
9147005	11611	3.6781645	-0.17268133
9147005	11612	3.3449535	0.07982573
9147005	11613	3.0674357	0.3649228
9147005	11614	2.9191957	0.4732001
9147005	11615	2.7764645	0.5910046
9147005	11616	2.8018436	0.5482608
9147005	11617	2.7964606	0.6361402
9147005	11618	1.8232464	1.4998281
9147005	11619	1.4049805	2.194268
9147005	11620	1.3239363	2.232523
9147005	11621	1.3181659	2.061669
9147005	11622	1.13341	2.396501
9147005	11623	1.0460863	2.3249307
9147005	11624	1.0139905	2.4024966
9147005	11625	0.9420519	2.4751058
9147005	11626	1.5993761	1.7965965
9147005	11627	1.7515024	1.52421
9147005	11628	1.5889536	1.7864175
9147005	11629	1.7590679	1.6776402
9147005	11630	1.8197964	1.6392095
9147005	11631	1.8081964	1.6857889
9147005	11632	1.752818	1.7207069
9147005	11633	1.8795489	1.4866998
9147005	11634	2.001546	1.4898094
9147005	11635	1.8427163	1.5521579
9147005	11636	1.9381987	1.495646
9147005	11637	1.9918994	1.4128962
9147005	11638	2.0743365	1.3224578
9147005	11639	2.1989923	1.2057834
9147005	11640	2.0943022	1.3978978
9147005	11641	2.283793	1.2097499
9147005	11642	2.1919484	1.2376766
9147005	11643	2.0050826	1.4579418
9147005	11644	2.03238	1.3709257
9147005	11645	2.110962	1.3020061
9147005	11646	2.1094003	1.3454632
9147005	11647	2.6048884	0.82634556
9147005	11648	3.5463772	0.1001049
9147005	11649	4.0130796	-0.19493058
9147005	11650	4.048951	-0.16923988
9147005	11651	3.4033518	0.253036
9147005	11652	3.9402084	-0.104620814
9147005	11653	4.2137747	-0.43245107
9147005	11654	4.2593455	-0.44359607
9147005	11655	4.0410113	-0.3076111
9147005	11656	3.7418532	-0.18646407
9147005	11657	3.6335511	0.10040632
9147005	11658	3.6593494	-0.22389708
9147005	11659	3.6654763	-0.03582686
9147005	11660	3.5496821	0.034656495
9147005	11661	3.573557	-0.016027391
9147005	11662	3.1268177	0.37591293
9147005	11663	2.8715868	0.63983047
9147005	11664	2.3144655	1.1693822
9147005	11665	2.6721864	0.7835158
9147005	11666	2.7744985	0.76040876
9147005	11667	2.8407593	0.73331916
9147005	11668	2.6476192	0.9892204
9147005	11669	2.4460526	1.1305883
9147005	11670	2.2087827	1.4947472
9147005	11671	1.8334647	1.8791604
9147005	11672	1.8466686	1.740222
9147005	11673	1.8939441	1.8761051
9147005	11674	1.6703898	1.896755
9147005	11675	0.84443307	2.8462636
9147005	11676	1.2715158	2.586038
9147005	11677	1.4518249	2.254873
9147005	11678	1.23733	2.4344983
9147005	11679	1.5327448	2.0677657
9147005	11680	1.622147	2.014734
9147005	11681	1.6569277	1.9956398
9147005	11682	1.907154	1.454981
9147005	11683	2.2777267	0.98072505
9147005	11684	2.5076938	0.92241096
9147005	11685	2.6630988	0.8434398
9147005	11686	2.6285758	0.86322534
9147005	11687	2.6533532	0.9134108
9147005	11688	3.254531	0.3717188
9147005	11689	3.3691225	0.37994036
9147005	11690	2.6648145	0.94260573
9147005	11691	2.5368428	1.0601358
9147005	11692	2.604195	0.9881784
9147005	11693	2.3019357	1.0205618
9147005	11694	2.2385964	1.1702332
9147005	11695	2.218741	1.2011685
9147005	11696	2.5029993	0.9513432
9147005	11697	2.4918652	1.0168443
9147005	11698	2.458736	1.009217
9147005	11699	2.3146386	1.1430054
9147005	11700	3.0323915	0.45472047
9147005	11701	3.4485102	0.19307199
9147005	11702	2.551219	0.96889615
9147005	11703	2.174872	1.2116573
9147005	11704	2.401424	1.0339396
9147005	11705	2.3552933	0.99019647
9147005	11706	2.0775657	1.3083359
9147005	11707	2.0336313	1.2424113
9147005	11708	3.4399395	-0.06619924
9147005	11709	4.2447085	-0.46609402
9147005	11710	4.1281557	-0.25514963
9147005	11711	3.2488976	0.30490628
9147005	11712	3.5187135	0.07665619
9147005	11713	3.38174	0.32082412
9147005	11714	2.900159	0.5799959
9147005	11715	2.6658945	0.8441887
9147005	11716	3.0270967	0.45950064
9147005	11717	3.1397057	0.4628605
9147005	11718	3.2922306	0.34542444
9147005	11719	3.2960067	0.35339126
9147005	11720	3.3378768	0.29908893
9147005	11721	3.4636068	0.21251705
9147005	11722	3.407216	0.27662662
9147005	11723	2.1687431	1.3077967
9147005	11724	1.3020433	2.1565793
9147005	11725	1.0621228	2.7020793
9147005	11726	0.81654954	2.9051738
9147005	11727	1.1601425	2.6181874
9147005	11728	1.178277	2.6074185
9147005	11729	0.9965689	2.6896513
9147005	11730	0.81770504	2.892185
9147005	11731	1.0631462	2.737907
9147005	11732	0.7615918	3.1207714
9147005	11733	0.89109015	3.0699763
9147005	11734	0.43190348	3.7520788
9147005	11735	0.5001496	3.6610472
9147005	11736	0.56976974	3.5658062
9147005	11737	0.39797252	3.832802
9147005	11738	0.37352163	3.8822043
9147005	11739	0.12433076	4.1379724
9147005	11740	0.28748572	3.9647925
9147005	11741	0.33556706	3.8319418
9147005	11742	0.1767869	3.8912985
9147005	11743	0.37006837	3.7676704
9147005	11744	0.20296359	3.8790376
9147005	11745	-0.032889307	3.9795387
9147005	11746	-0.10493201	3.9821951
9147005	11747	-0.11131492	4.0789437
9147005	11748	-0.13708267	4.0599847
9147005	11749	-0.19076061	4.082473
9147005	11750	-0.19882971	3.8442729
9147005	11751	0.10539311	3.707527
9147005	11752	0.07975936	3.649871
9147005	11753	-0.0058430433	3.7351725
9147005	11754	0.44807667	3.2332864
9147005	11755	0.5861852	3.036756
9147005	11756	0.6185858	3.1039472
9147005	11757	0.82755446	2.5625794
9147005	11758	1.6476587	1.6827443
9147005	11759	1.7201892	1.8387601
9147005	11760	1.6259857	1.9736722
9147005	11761	1.4514879	2.1491885
9147005	11762	1.5309409	2.12982
9147005	11763	1.6607963	1.988838
9147005	11764	1.5143837	2.1686978
9147005	11765	1.6268009	1.8950264
9147005	11766	1.5991923	1.9140038
9147005	11767	1.6395196	1.9330852
9147005	11768	1.7680994	1.8193979
9147005	11769	1.8025569	1.8295295
9147005	11770	1.8060981	1.7953994
9147005	11771	1.6707104	1.9066253
9147005	11772	1.8371505	1.75912
9147005	11773	1.2256705	2.483701
9147005	11774	1.2279291	2.4513493
9147005	11775	1.2930045	2.3159363
9147005	11776	1.2107987	2.3835914
9147005	11777	0.99792135	2.6718094
9147005	11778	1.5382084	1.8049741
9147005	11779	1.8262721	1.8499615
9147005	11780	2.0918598	1.546582
9147005	11781	2.555809	1.1660067
9147005	11782	1.9704131	1.579941
9147005	11783	1.573825	1.7471094
9147005	11784	1.9207252	1.6721408
9147005	11785	1.9246436	1.5740128
9147005	11786	1.5256435	1.9656432
9147005	11787	1.9532317	1.5429046
9147005	11788	2.0091968	1.5277578
9147005	11789	1.4826267	2.0961523
9147005	11790	1.5408703	2.0361724
9147005	11791	1.1355276	2.4420433
9147005	11792	1.8924073	1.5321294
9147005	11793	1.8047658	1.7372293
9147005	11794	1.9606849	1.5326903
9147005	11795	2.2578259	1.3511993
9147005	11796	2.4320416	1.1568063
9147005	11797	2.0431685	1.4665333
9147005	11798	1.8928438	1.5029963
9147005	11799	2.374598	1.1312858
9147005	11800	2.2475748	1.1530067
9147005	11801	1.8576776	1.473464
9147005	11802	2.1373324	1.2645855
9147005	11803	2.4489412	0.9517952
9147005	11804	2.0530634	1.3965857
9147005	11805	1.8469411	1.6472592
9147005	11806	1.8548964	1.6855042
9147005	11807	1.3194939	2.1720316
9147005	11808	1.1605058	2.4994175
9147005	11809	1.608548	1.8105507
9147005	11810	1.443571	2.1970265
9147005	11811	1.7958034	1.7895606
9147005	11812	1.2658863	2.3373795
9147005	11813	1.0372787	2.640904
9147005	11814	1.2095654	2.379003
9147005	11815	1.4822024	2.09066
9147005	11816	1.466839	2.1457906
9147005	11817	1.65174	1.8572028
9147005	11818	1.8307503	1.7579052
9147005	11819	1.7785293	1.8699613
9147005	11820	1.808905	1.8448043
9147005	11821	1.8050588	1.748915
9147005	11822	2.0704823	1.5280541
9147005	11823	1.9846183	1.6608815
9147005	11824	2.6015148	1.0290152
9147005	11825	3.0681949	0.7857473
9147005	11826	3.0310879	0.80663097
9147005	11827	2.2576594	1.3735809
9147005	11828	2.1986818	1.4554483
9147005	11829	2.2868357	1.33143
9147005	11830	2.2942686	1.3472729
9147005	11831	2.121303	1.4882368
9147005	11832	2.1106658	1.4929628
9147005	11833	2.2502522	1.3486623
9147005	11834	2.2223616	1.4425445
9147005	11835	2.2471023	1.3867269
9147005	11836	2.387661	1.3072057
9147005	11837	2.3036418	1.3738725
9147005	11838	2.1521263	1.4762897
9147005	11839	2.3865485	1.1971996
9147005	11840	2.4216766	1.1999428
9147005	11841	2.4351354	1.2128147
9147005	11842	2.6264577	1.0249386
9147005	11843	2.7808743	0.8913752
9147005	11844	2.7832456	0.8692796
9147005	11845	2.7731853	0.902058
9147005	11846	2.5880394	1.1293908
9147005	11847	3.4604235	0.18785086
9147005	11848	3.7842307	0.1905618
9147005	11849	3.8610353	0.13105908
9147005	11850	2.9738321	0.65360594
9147005	11851	2.8384972	0.845248
9147005	11852	2.7154875	1.0356535
9147005	11853	2.443428	1.1027955
9147005	11854	2.5264454	1.1509705
9147005	11855	2.2730083	1.4142631
9147005	11856	2.3374124	1.2570173
9147005	11857	0.84019375	0.55291176
9147005	11858	1.585795	-0.63266796
9147005	11859	2.08711	-0.6485879
9147005	11860	1.9629542	-0.6560739
9147005	11861	1.736431	1.0089606
9147005	11862	1.8401793	1.0187644
9147005	11863	1.683797	1.2563438
9147005	11864	1.7357906	1.3382405
9147005	11865	1.8284007	1.3448622
9147005	11866	1.8839389	1.3243496
9147005	11867	1.9310702	1.3138437
9147005	11868	1.962516	1.2658361
9147005	11869	1.9489356	1.2921622
9147005	11870	2.2644835	1.0165496
9147005	11871	2.1345325	1.1663759
9147005	11872	2.350222	0.9682373
9147005	11873	2.5596242	0.8579731
9147005	11874	2.2546124	1.102106
9147005	11875	2.210266	1.0993932
9147005	11876	2.1729388	1.1465738
9147005	11877	2.5533195	0.9015814
9147005	11878	3.0282125	0.56113577
9147005	11879	2.901299	0.64482427
9147005	11880	2.8873658	0.6232407
9147005	11881	3.045363	0.58525205
9147005	11882	2.593513	0.76876044
9147005	11883	2.714015	0.745191
9147005	11884	2.392837	0.9831135
9147005	11885	2.1307702	1.197819
9147005	11886	2.4526806	0.9303951
9147005	11887	2.380453	0.9831741
9147005	11888	2.4143128	0.98838234
9147005	11889	2.316523	1.025201
9147005	11890	2.2651505	1.0697438
9147005	11891	2.2390852	1.0808866
9147005	11892	2.2436786	1.0741315
9147005	11893	2.2330723	1.090864
9147005	11894	2.2384076	1.0805974
9147005	11895	2.233447	1.0957423
9147005	11896	2.2359	1.0889932
9147005	11897	2.2364283	1.0970353
9147005	11898	2.2340527	1.0962826
9147005	11899	2.2350588	1.0999366
9147005	11900	2.239152	1.0938123
9147005	11901	2.3370676	1.0164151
9147005	11902	2.3872666	0.971449
9147005	11903	2.2260852	1.114613
9147005	11904	2.2038646	1.1234422
9147005	11905	2.2434902	1.098804
9147005	11906	2.1959958	1.1818421
9147005	11907	2.1854348	1.1754084
9147005	11908	2.1720247	1.2129377
9147005	11909	2.1866636	1.1809882
9147005	11910	2.1791325	1.2125185
9147005	11911	2.1458702	1.2092944
9147005	11912	2.2145715	1.1393267
9147005	11913	2.2230482	1.146673
9147005	11914	2.1149	1.2952785
9147005	11915	2.261198	1.1509154
9147005	11916	1.9767939	1.4505078
9147005	11917	1.7901558	1.650718
9147005	11918	2.309772	1.0998611
9147005	11919	2.3007135	1.2822174
9147005	11920	2.2408352	1.2601055
9147005	11921	2.098967	1.2880067
9147005	11922	2.384366	1.0381798
9147005	11923	2.2562819	1.1982292
9147005	11924	2.4229922	1.0246241
9147005	11925	2.4071503	1.0513388
9147005	11926	2.300931	1.1138127
9147005	11927	2.6006074	0.8564315
9147005	11928	2.8232827	0.57094634
9147005	11929	2.7688966	0.78025055
9147005	11930	2.8921027	0.72595227
9147005	11931	3.1611757	0.41196594
9147005	11932	2.7697067	0.7397156
9147005	11933	2.7111053	0.7956339
9147005	11934	2.2807899	1.1462116
9147005	11935	2.3323874	1.0784398
9147005	11936	2.3407993	1.0975714
9147005	11937	2.44666	1.0146177
9147005	11938	2.8301997	0.8139541
9147005	11939	2.9396005	0.6826527
9147005	11940	2.670206	0.81467676
9147005	11941	2.822947	0.7859006
9147005	11942	3.1200676	0.589625
9147005	11943	2.752596	0.70385957
9147005	11944	2.842328	0.72925425
9147005	11945	2.7503743	0.74871206
9147005	11946	2.917647	0.59639895
9147005	11947	2.7280202	0.8170992
9147005	11948	2.5903182	0.8670355
9147005	11949	2.5500603	0.88285995
9147005	11950	2.53963	0.88873255
9147005	11951	2.5996203	0.84144616
9147005	11952	2.5506392	0.8602532
9147005	11953	2.907394	0.5352253
9147005	11954	3.053318	0.45197693
9147005	11955	2.9618607	0.51051784
9147005	11956	2.9479394	0.4773431
9147005	11957	2.9659514	0.55164087
9147005	11958	3.3931117	0.12472591
9147005	11959	3.7574682	-0.08967036
9147005	11960	3.6510992	-0.009576619
9147005	11961	3.0106306	0.4394333
9147005	11962	3.0101085	0.43640974
9147005	11963	3.2403574	0.28297904
9147005	11964	3.1070752	0.3463305
9147005	11965	3.233755	0.2107028
9147005	11966	3.5837755	0.0507392
9147005	11967	3.3579454	0.17976311
9147005	11968	3.6482677	-0.089439094
9147005	11969	3.7569704	-0.16085216
9147005	11970	3.753611	-0.090867996
9147005	11971	3.5360832	-0.027170599
9147005	11972	2.971301	0.4841456
9147005	11973	2.972176	0.4801375
9147005	11974	3.1743197	0.27790186
9147005	11975	2.7237372	0.75342035
9147005	11976	3.2343264	0.19940975
9147005	11977	3.5387673	0.026239812
9147005	11978	3.844139	-0.27687746
9147005	11979	3.4503078	0.17045024
9147005	11980	3.8864555	-0.2815692
9147005	11981	3.365787	0.22700384
9147005	11982	3.1597524	0.43343535
9147005	11983	3.3583674	0.15137592
9147005	11984	3.4013405	0.18450555
9147005	11985	3.5641923	0.11592004
9147005	11986	3.327855	0.24829546
9147005	11987	3.7163177	0.037082374
9147005	11988	4.0740066	-0.22094499
9147005	11989	3.538384	0.044275373
9147005	11990	3.4926076	0.08808318
9147005	11991	3.5529318	0.010799557
9147005	11992	3.474762	0.08816436
9147005	11993	3.8893046	-0.34580335
9147005	11994	4.291449	-0.5964374
9147005	11995	3.6681323	-0.110455036
9147005	11996	3.9274116	-0.25189912
9147005	11997	3.6938987	-0.12509993
9147005	11998	4.0865445	-0.29459888
9147005	11999	4.477098	-0.5665668
9147005	12000	3.9493046	-0.3311007
9147005	12001	4.0861297	-0.380306
9147005	12002	3.5293603	0.10057798
9147005	12003	3.0988612	0.32174602
9147005	12004	1.999983	1.5691783
9147005	12005	1.4211656	2.15434
9147005	12006	1.5898663	2.365604
9147005	12007	1.5837322	2.1178966
9147005	12008	1.651385	1.8341534
9147005	12009	1.1303724	2.5646157
9147005	12010	1.2277426	2.313529
9147005	12011	0.80048406	2.7536287
9147005	12012	0.6670809	2.9213495
9147005	12013	0.63181174	2.9190242
9147005	12014	0.004244685	3.7534087
9147005	12015	0.33720106	3.6414654
9147005	12016	0.14852697	3.7436917
9147005	12017	-0.15059459	4.321458
9147005	12018	-0.037433803	4.181841
9147005	12019	-0.34127095	4.5293956
9147005	12020	-0.36111277	4.5101347
9147005	12021	-0.66709936	4.756264
9147005	12022	-0.6885294	4.956134
9147005	12023	-0.589084	4.719244
9147005	12024	-0.9230162	5.1648426
9147005	12025	-1.3410318	3.684808
9147005	12026	-1.282778	3.1372755
9147005	12027	-1.4260179	3.3787408
9147005	12028	-1.3680388	3.8154786
9147005	12029	0.17498052	2.8585672
9147005	12030	0.2943172	2.6933818
9147005	12031	0.34350675	2.581498
9147005	12032	0.48605633	2.3756988
9147005	12033	0.4191723	2.4428325
9147005	12034	0.40757495	2.4857
9147005	12035	0.47206342	2.3881152
9147005	12036	0.5871694	2.45387
9147005	12037	0.7546674	1.9272404
9147005	12038	0.08502227	2.9074054
9147005	12039	0.21225142	2.9450393
9147005	12040	0.87880087	1.8860621
9147005	12041	1.7959455	0.7584629
9147005	12042	2.343989	0.62955487
9147005	12043	1.656876	1.2559894
9147005	12044	1.8351301	1.0249041
9147005	12045	1.7837263	1.0377263
9147005	12046	1.991325	0.94832563
9147005	12047	1.9149567	1.0718184
9147005	12048	2.5384636	0.44592705
9147005	12049	1.9814786	1.0483594
9147005	12050	1.8143374	1.1602614
9147005	12051	1.8152026	1.1014289
9147005	12052	2.0687351	0.91138077
9147005	12053	2.2016773	0.81223524
9147005	12054	2.1070962	0.9616302
9147005	12055	2.2135162	0.8525666
9147005	12056	2.123218	0.8891666
9147005	12057	2.5307336	0.72004676
9147005	12058	1.8928746	1.0555356
9147005	12059	1.5794421	1.5955126
9147005	12060	1.4643873	1.5764246
9147005	12061	1.3373705	1.6919234
9147005	12062	1.368418	1.929671
9147005	12063	2.0892577	0.967345
9147005	12064	1.4066819	1.7323084
9147005	12065	1.300459	1.8469262
9147005	12066	1.5682944	1.5328827
9147005	12067	1.8077637	1.3691275
9147005	12068	2.136241	0.94111574
9147005	12069	2.1907554	0.99727833
9147005	12070	2.0545735	1.136439
9147005	12071	2.241087	0.88584816
9147005	12072	2.2406654	0.9533838
9147005	12073	2.1359205	1.0548961
9147005	12074	2.3717194	0.7817993
9147005	12075	2.224791	1.0104291
9147005	12076	2.285019	0.9023235
9147005	12077	2.4288206	0.8005227
9147005	12078	1.5602225	1.444494
9147005	12079	1.4030577	1.5726602
9147005	12080	0.57737875	0.63885784
9147005	12081	0.7407541	0.033492953
9147005	12082	0.55162156	2.064689
9147005	12083	0.44126135	2.3213613
9147005	12084	1.2349951	1.4250115
9147005	12085	1.2034056	1.4394997
9147005	12086	1.5291573	1.1974428
9147005	12087	1.6282941	1.2402246
9147005	12088	2.3247104	0.6526048
9147005	12089	2.5620055	0.47114787
9147005	12090	2.4905477	0.6055515
9147005	12091	2.6779323	0.3699073
9147005	12092	2.4568467	0.63616216
9147005	12093	2.5879016	0.46388194
9147005	12094	2.0850859	0.79612136
9147005	12095	1.8630923	1.1356395
9147005	12096	2.0616117	0.8947722
9147005	12097	1.4802465	1.4287698
9147005	12098	1.3915502	1.577313
9147005	12099	1.3103889	1.6258614
9147005	12100	0.8950324	0.12543526
9147005	12101	2.9725037	-0.3295603
9147005	12102	2.2419848	0.050044388
9147005	12103	2.1271524	0.3060474
9147005	12104	2.021595	0.36870387
9147005	12105	3.291418	-0.69132686
9147005	12106	1.2226697	-0.5836431
9147005	12107	3.00635	-0.51275516
9147005	12108	2.93083	-0.46743613
9147005	12109	2.8199477	-0.2386888
9147005	12110	2.9049873	-0.27538103
9147005	12111	1.6336421	-0.8439061
9147005	12112	1.6888956	-0.73474276
9147005	12113	1.5032276	-0.6771561
9147005	12114	3.1506362	-0.5201558
9147005	12115	0.6742995	-0.19807747
9147005	12116	2.9263988	-0.45081723
9147005	12117	2.9287734	-0.4511678
9147005	12118	3.1684117	-0.5458894
9147005	12119	3.4612498	-0.61848426
9147005	12120	2.6031833	0.10351923
9147005	12121	2.3619246	0.274331
9147005	12122	2.483099	0.23741964
9147005	12123	2.3371634	0.46453652
9147005	12124	2.3502784	0.49406663
9147005	12125	1.879284	0.91461086
9147005	12126	2.235505	0.64726424
9147005	12127	2.248479	0.5835403
9147005	12128	2.2461262	0.638955
9147005	12129	2.2022805	0.6484647
9147005	12130	3.1526027	-0.092345595
9147005	12131	2.5086346	0.44616905
9147005	12132	2.5817003	0.4142861
9147005	12133	2.6065998	0.37483737
9147005	12134	2.7375479	0.24853417
9147005	12135	3.0570498	0.01179269
9147005	12136	3.1484022	-0.02163726
9147005	12137	2.9112825	0.17693356
9147005	12138	4.281495	-1.1259705
9147005	12139	4.2637405	-0.94670224
9147005	12140	4.159817	-0.9193014
9147005	12141	2.313229	-1.4306133
9147005	12142	2.5353122	-1.4671984
9147005	12143	2.4518347	-1.3685942
9147005	12144	1.7630087	0.6036252
9147005	12145	1.9456071	0.68907094
9147005	12146	2.411624	0.45783272
9147005	12147	2.7351017	0.17519107
9147005	12148	3.3069634	-0.25151885
9147005	12149	3.4346285	-0.40771496
9147005	12150	3.4032931	-0.26355433
9147005	12151	3.6311855	-0.56346434
9147005	12152	3.6500382	-0.46839756
9147005	12153	3.842651	-0.68621814
9147005	12154	3.6786242	-0.6301874
9147005	12155	3.3777637	-0.3429041
9147005	12156	3.2500734	-0.2140119
9147005	12157	2.5457916	0.35439035
9147005	12158	2.49045	0.48797885
9147005	12159	2.5280447	0.4203339
9147005	12160	2.906443	0.16840395
9147005	12161	2.7867956	0.22722122
9147005	12162	2.959837	0.113799125
9147005	12163	2.5319266	0.39757112
9147005	12164	2.841969	0.27941045
9147005	12165	2.6411986	0.25192085
9147005	12166	2.8104668	0.24239644
9147005	12167	2.7278194	0.22994766
9147005	12168	2.6734972	0.25324157
9147005	12169	2.5969486	0.29633978
9147005	12170	2.8724818	0.18034801
9147005	12171	2.1685119	0.7104356
9147005	12172	1.9886464	1.0279721
9147005	12173	2.1999903	0.8183162
9147005	12174	2.2396255	0.8531953
9147005	12175	2.1454096	0.90523124
9147005	12176	2.1671348	0.9144114
9147005	12177	2.1554546	0.93014693
9147005	12178	2.6693792	0.4427394
9147005	12179	2.9451137	0.19241324
9147005	12180	3.01828	0.1650329
9147005	12181	2.5681796	0.60875475
9147005	12182	2.5064645	0.6407571
9147005	12183	2.6974645	0.43167624
9147005	12184	2.6267676	0.46876338
9147005	12185	2.6646566	0.473183
9147005	12186	2.1294823	0.96710134
9147005	12187	2.7397637	0.4280255
9147005	12188	2.391377	0.74920344
9147005	12189	2.2204075	0.92497325
9147005	12190	2.360694	0.77913916
9147005	12191	2.490477	0.7199992
9147005	12192	2.5602422	0.663115
9147005	12193	2.9819813	0.2781931
9147005	12194	2.4346728	0.76239836
9147005	12195	2.6135774	0.65265715
9147005	12196	2.667707	0.5884725
9147005	12197	3.0248084	0.2720891
9147005	12198	2.5179634	0.67043746
9147005	12199	2.8343873	0.46311107
9147005	12200	2.974874	0.2684264
9147005	12201	3.0158553	0.28628853
9147005	12202	3.1691427	0.09353569
9147005	12203	3.01579	0.35855648
9147005	12204	3.0998774	0.14702258
9147005	12205	3.0098696	0.23314384
9147005	12206	3.300115	0.083451
9147005	12207	3.293126	0.0555301
9147005	12208	2.9928656	0.21473572
9147005	12209	3.189845	0.11704305
9147005	12210	2.8289943	0.35960367
9147005	12211	2.9247503	0.44512394
9147005	12212	3.7176495	-0.4107738
9147005	12213	4.3360853	-1.0180279
9147005	12214	4.3419943	-0.8410687
9147005	12215	4.066887	-0.71788883
9147005	12216	3.9818745	-0.6567162
9147005	12217	4.0949736	-0.78957236
9147005	12218	4.073198	-0.8512555
9147005	12219	4.064489	-0.74248636
9147005	12220	4.112167	-0.84551376
9147005	12221	4.2715354	-0.95807457
9147005	12222	4.324117	-1.0771819
9147005	12223	4.1015286	-0.80332136
9147005	12224	4.2429633	-1.0489099
9147005	12225	4.6645017	-1.2352971
9147005	12226	4.402147	-1.0076663
9147005	12227	4.33038	-0.9874332
9147005	12228	4.316185	-0.9660336
9147005	12229	3.7565312	-0.55903494
9147005	12230	3.773715	-0.57227486
9147005	12231	2.6374607	0.67054975
9147005	12232	2.5661125	0.74437475
9147005	12233	2.8340244	0.41118255
9147005	12234	2.8731923	0.36914667
9147005	12235	2.8754587	0.30521736
9147005	12236	2.8503213	0.30368897
9147005	12237	2.7487845	0.38595954
9147005	12238	1.9969229	1.0344344
9147005	12239	1.769971	1.2471031
9147005	12240	1.6719104	1.3838685
9147005	12241	1.4326148	1.588443
9147005	12242	1.1771828	1.8881538
9147005	12243	0.81747615	2.365812
9147005	12244	0.6444639	2.62393
9147005	12245	0.8632325	2.7960742
9147005	12246	0.52738667	0.30556247
9147005	12247	0.47272342	0.03415805
9147005	12248	2.1452446	0.05191639
9147005	12249	1.9425868	0.3788062
9147005	12250	1.7975143	0.5215516
9147005	12251	1.7695576	0.47287193
9147005	12252	2.6604	-0.07118955
9147005	12253	2.6956959	0.021995187
9147005	12254	2.8491707	-0.098193854
9147005	12255	2.9001231	-0.14773318
9147005	12256	2.8905544	-0.055073082
9147005	12257	2.4938798	0.2324644
9147005	12258	2.459652	0.2301313
9147005	12259	2.4933724	0.19966307
9147005	12260	2.5113711	0.2599199
9147005	12261	2.3624082	0.33876947
9147005	12262	2.6315699	0.08129057
9147005	12263	2.7445421	0.0354701
9147005	12264	2.9602757	-0.070718646
9147005	12265	2.2245207	0.49797836
9147005	12266	1.8819245	0.8464565
9147005	12267	3.2960868	-0.53047657
9147005	12268	3.142703	-0.095116794
9147005	12269	2.9438238	0.01517418
9147005	12270	2.9397354	0.045807987
9147005	12271	2.9306684	-0.00067582726
9147005	12272	2.974071	0.014170438
9147005	12273	2.716817	0.20245811
9147005	12274	2.5997195	0.29151878
9147005	12275	2.8862944	0.033067018
9147005	12276	3.7335386	-0.6723117
9147005	12277	3.5530763	-0.4414632
9147005	12278	4.9586782	-1.5487725
9147005	12279	4.952614	-1.3004798
9147005	12280	3.924934	-2.0705638
9147005	12281	3.6488218	-1.8809589
9147005	12282	2.1417713	0.41443536
9147005	12283	2.2293549	0.408686
9147005	12284	2.737145	0.05589792
9147005	12285	2.9259458	-0.07588115
9147005	12286	3.2815204	-0.37934354
9147005	12287	2.6089363	0.2159445
9147005	12288	3.0415654	-0.19047776
9147005	12289	3.5782657	-0.7188685
9147005	12290	3.6333585	-0.49818113
9147005	12291	2.8369336	0.31388184
9147005	12292	2.9365835	0.017378688
9147005	12293	3.1612468	-0.08976352
9147005	12294	3.506343	-0.39341265
9147005	12295	3.403233	-0.2071895
9147005	12296	3.2664728	-0.18953961
9147005	12297	3.4651437	-0.31835532
9147005	12298	3.4788246	-0.32958466
9147005	12299	3.420321	-0.23681617
9147005	12300	3.3817234	-0.26742056
9147005	12301	3.4707274	-0.33589867
9147005	12302	3.8499866	-0.5717533
9147005	12303	4.2320433	-0.87488174
9147005	12304	3.7254853	-0.26121616
9147005	12305	3.1238232	-0.17449635
9147005	12306	3.6145868	-0.44168767
9147005	12307	3.8028698	-0.64222056
9147005	12308	3.9908252	-0.7620325
9147005	12309	4.213746	-0.9872234
9147005	12310	4.264308	-1.0055921
9147005	12311	4.2012997	-0.92398703
9147005	12312	4.010496	-0.8755672
9147005	12313	4.4324217	-1.0433409
9147005	12314	4.174412	-1.0475285
9147005	12315	3.7913613	-0.52191514
9147005	12316	3.4641476	-0.36834654
9147005	12317	3.2854943	-0.19240776
9147005	12318	3.9108524	-0.6842356
9147005	12319	3.9683242	-0.5933766
9147005	12320	3.796741	-0.50665295
9147005	12321	3.903915	-0.5572012
9147005	12322	3.7507482	-0.4280625
9147005	12323	3.7548685	-0.46092856
9147005	12324	3.630961	-0.45804584
9147005	12325	3.7903504	-0.40742108
9147005	12326	3.7807398	-0.6447961
9147005	12327	3.7380395	-0.4368382
9147005	12328	3.9162388	-0.65670186
9147005	12329	3.970828	-0.5561332
9147005	12330	4.0404987	-0.7184819
9147005	12331	3.805891	-0.58723724
9147005	12332	3.8410516	-0.51315635
9147005	12333	3.565956	-0.3656122
9147005	12334	3.6462097	-0.4408783
9147005	12335	3.8881025	-0.47655952
9147005	12336	4.0523834	-0.6936816
9147005	12337	4.001903	-0.58494365
9147005	12338	3.9414868	-0.5414209
9147005	12339	3.910956	-0.6822984
9147005	12340	3.867025	-0.5747553
9147005	12341	3.7558851	-0.50871694
9147005	12342	3.6987543	-0.4320081
9147005	12343	3.7544465	-0.5681244
9147005	12344	4.1591806	-0.66072047
9147005	12345	4.513194	-1.0878289
9147005	12346	4.165532	-0.8560893
9147005	12347	4.205448	-0.7688836
9147005	12348	3.780982	-0.51627755
9147005	12349	4.0341377	-0.63808024
9147005	12350	3.7073693	-0.41857135
9147005	12351	3.7087002	-0.38278413
9147005	12352	3.689324	-0.46935305
9147005	12353	3.6802554	-0.41714972
9147005	12354	4.0866323	-0.51193494
9147005	12355	1.847469	-0.69388324
9147005	12356	1.4482349	-0.3349852
9147005	12357	1.3228565	1.3330666
9147005	12358	1.6204027	1.366807
9147005	12359	1.6631674	1.1897633
9147005	12360	1.9088963	1.0845414
9147005	12361	1.8879756	1.0408698
9147005	12362	1.7429017	1.1769037
9147005	12363	1.6226588	1.3043752
9147005	12364	1.9828862	0.87504375
9147005	12365	1.1876851	1.5663533
9147005	12366	1.4616417	1.4117743
9147005	12367	1.3370771	1.5397564
9147005	12368	1.2631036	1.6163435
9147005	12369	1.5600601	1.3290669
9147005	12370	1.5112048	1.4299601
9147005	12371	0.7317288	-0.46674123
9147005	12372	0.7460655	0.02997592
9147005	12373	2.8015218	-0.14589953
9147005	12374	2.718639	-0.009879947
9147005	12375	2.6133761	0.065000504
9147005	12376	2.465073	0.22943357
9147005	12377	2.3634467	0.27251247
9147005	12378	2.3771644	0.3080872
9147005	12379	2.1666446	0.64960265
9147005	12380	1.6432267	1.0291374
9147005	12381	0.76943135	1.8925366
9147005	12382	1.747079	1.0358293
9147005	12383	1.6836759	1.1844896
9147005	12384	1.8501562	0.9816202
9147005	12385	2.9027815	0.053684264
9147005	12386	3.1789327	-0.023163617
9147005	12387	3.2230515	-0.07119793
9147005	12388	3.3709936	-0.3259399
9147005	12389	3.5173182	-0.31777066
9147005	12390	3.5927901	-0.42668983
9147005	12391	3.6779299	-0.4832906
9147005	12392	3.158104	-0.082752466
9147005	12393	3.0049849	0.025503904
9147005	12394	2.8645048	0.13944855
9147005	12395	3.0234704	-0.003660202
9147005	12396	2.7172909	0.26560542
9147005	12397	2.9237986	0.109265
9147005	12398	2.3307118	0.48655954
9147005	12399	2.9172068	0.11633286
9147005	12400	2.662703	0.21018717
9147005	12401	2.0017114	0.8386184
9147005	12402	2.1648679	0.67027235
9147005	12403	2.7501645	0.23556736
9147005	12404	2.300106	0.71480453
9147005	12405	1.4467368	1.381293
9147005	12406	1.973616	1.0053189
9147005	12407	1.4894991	1.4022115
9147005	12408	1.2899694	1.5448525
9147005	12409	1.3883889	1.4615369
9147005	12410	1.3404394	1.5257771
9147005	12411	1.6168379	1.4057041
9147005	12412	1.6941868	1.2886202
9147005	12413	1.5158736	1.4011801
9147005	12414	1.692629	1.2560562
9147005	12415	1.8434299	1.1612884
9147005	12416	1.7814287	1.1874677
9147005	12417	1.9461645	1.0672714
9147005	12418	1.9584614	1.0093364
9147005	12419	2.0340981	0.9890636
9147005	12420	1.8495921	1.0908751
9147005	12421	2.213097	0.7795434
9147005	12422	1.7107455	1.2854859
9147005	12423	1.6452967	1.3300629
9147005	12424	1.7469841	1.2131084
9147005	12425	1.5855411	1.4224732
9147005	12426	1.9785324	0.9875318
9147005	12427	2.028976	0.8830484
9147005	12428	2.0266886	0.9875263
9147005	12429	2.216628	0.8454578
9147005	12430	2.157565	0.8570895
9147005	12431	2.0345922	0.86458206
9147005	12432	1.8554131	1.1574136
9147005	12433	2.2018433	0.8304318
9147005	12434	1.9683241	1.0144068
9147005	12435	2.218441	0.79207253
9147005	12436	1.532101	1.4305549
9147005	12437	1.5643545	1.4838284
9147005	12438	1.5390071	1.502913
9147005	12439	1.9161128	1.1458095
9147005	12440	1.6310643	1.4099522
9147005	12441	1.132673	1.9531395
9147005	12442	0.8214866	2.417578
9147005	12443	0.73123133	2.6319544
9147005	12444	0.19941264	3.5136085
9147005	12445	0.13951683	3.4113345
9147005	12446	0.43739855	3.3608458
9147005	12447	0.49044394	3.1605363
9147005	12448	0.34290147	3.3424168
9147005	12449	0.78258574	2.598289
9147005	12450	1.4799333	1.8076334
9147005	12451	1.3558947	1.9412472
9147005	12452	0.8143935	2.6307666
9147005	12453	0.58129907	2.9914792
9147005	12454	0.7455629	2.6934993
9147005	12455	0.8093476	2.6208382
9147005	12456	0.9007448	2.5594568
9147005	12457	1.0846003	2.3751316
9147005	12458	1.0178092	2.4587526
9147005	12459	0.75605106	2.8390918
9147005	12460	1.3776087	2.007416
9147005	12461	0.05943227	0.8954761
9147005	12462	1.5031449	-0.8116076
9147005	12463	1.8364755	-0.84423095
9147005	12464	1.0520059	1.6824343
9147005	12465	1.8653399	1.006028
9147005	12466	1.4469962	1.5989733
9147005	12467	1.6471368	1.5108103
9147005	12468	1.4670001	1.7132807
9147005	12469	1.5619301	1.6309333
9147005	12470	1.5539738	1.5321059
9147005	12471	2.0253873	1.1697661
9147005	12472	1.656309	1.5790958
9147005	12473	1.9112889	1.3217106
9147005	12474	2.0800853	1.2352442
9147005	12475	1.8678495	1.4296314
9147005	12476	2.1954422	1.1406263
9147005	12477	1.932124	1.3168433
9147005	12478	1.5292443	1.6941209
9147005	12479	1.6700932	1.3032974
9147005	12480	1.9450518	1.3769503
9147005	12481	1.7670499	1.5432875
9147005	12482	2.1211276	1.1163424
9147005	12483	3.011447	0.1452823
9147005	12484	2.5206137	0.58431137
9147005	12485	2.56841	0.56521094
9147005	12486	1.9161466	1.2324739
9147005	12487	2.0966644	1.0913014
9147005	12488	1.6147276	1.7236612
9147005	12489	1.7649149	1.4749532
9147005	12490	1.7485505	1.6330988
9147005	12491	1.7811173	1.6187043
9147005	12492	1.7777146	1.6181068
9147005	12493	2.0029783	1.3378203
9147005	12494	2.4214005	0.8972312
9147005	12495	2.3578143	1.034893
9147005	12496	2.301897	1.0357665
9147005	12497	2.3841362	-0.9068718
9147005	12498	0.96962833	1.614047
9147005	12499	1.3456832	1.3157165
9147005	12500	1.5947603	1.3546242
9147005	12501	1.7864019	1.1972289
9147005	12502	2.5544047	0.46753582
9147005	12503	2.4396582	0.7380705
9147005	12504	2.5490155	0.57257175
9147005	12505	2.2562127	0.7962042
9147005	12506	2.532875	0.5596603
9147005	12507	2.111786	1.0126714
9147005	12508	2.48277	0.72263646
9147005	12509	1.9391495	1.268977
9147005	12510	1.8482863	1.3036854
9147005	12511	1.6796604	1.5262108
9147005	12512	2.0395212	1.1208467
9147005	12513	2.1359344	1.1421312
9147005	12514	2.3292112	0.9287938
9147005	12515	1.7922844	1.4487069
9147005	12516	2.653584	0.42600903
9147005	12517	2.8342876	0.40373537
9147005	12518	2.6323738	0.6184844
9147005	12519	2.7670207	0.47065714
9147005	12520	2.654665	0.5821003
9147005	12521	2.4422402	0.72148216
9147005	12522	2.1191168	1.2068739
9147005	12523	2.0676327	-0.8771544
9147005	12524	1.8938228	-0.8227942
9147005	12525	1.2646605	1.273992
9147005	12526	1.6759549	1.151161
9147005	12527	1.8880018	0.93546844
9147005	12528	1.9918281	0.8207302
9147005	12529	1.5322343	1.3456525
9147005	12530	1.6523811	-0.8728894
9147005	12531	1.6639358	-0.77945936
9147005	12532	1.4134921	-0.6744255
9147005	12533	1.2616642	-0.55106235
9147005	12534	0.9297273	1.481253
9147005	12535	1.3468813	1.2072486
9147005	12536	1.5476528	1.1118928
9147005	12537	1.6044554	1.108549
9147005	12538	1.9471163	0.8935406
9147005	12539	1.1997939	1.6035304
9147005	12540	1.8463141	1.0074233
9147005	12541	2.453116	0.4867778
9147005	12542	1.8323382	1.1068838
9147005	12543	1.4883802	1.4624931
9147005	12544	1.7911679	1.1371647
9147005	12545	2.0819526	0.9401295
9147005	12546	1.8265609	1.1330473
9147005	12547	1.9659868	1.0115545
9147005	12548	2.413529	0.61292994
9147005	12549	2.3359141	0.61464655
9147005	12550	2.87743	0.22176418
9147005	12551	2.4027972	0.57815206
9147005	12552	2.525457	0.5137551
9147005	12553	2.6034985	0.4703149
9147005	12554	2.1456785	0.9053142
9147005	12555	1.7851206	1.2566125
9147005	12556	1.6713201	1.271148
9147005	12557	1.6146721	1.3991625
9147005	12558	1.5923005	1.2720469
9147005	12559	1.6588281	1.4265093
9147005	12560	0.98049986	2.1772807
9147005	12561	1.4626658	1.6193173
9147005	12562	1.3322191	1.8586149
9147005	12563	1.2025881	2.0226707
9147005	12564	1.219289	2.1118217
9147005	12565	1.1974567	2.144402
9147005	12566	1.3770583	1.7339947
9147005	12567	1.4947611	1.715029
9147005	12568	1.7466878	1.4416871
9147005	12569	1.4770042	1.7572534
9147005	12570	1.5235566	1.7077374
9147005	12571	1.5793144	1.582717
9147005	12572	1.6824349	1.556279
9147005	12573	2.0783358	1.1072233
9147005	12574	1.8963326	1.2294787
9147005	12575	2.042914	1.0483421
9147005	12576	2.065515	1.0480621
9147005	12577	1.9800605	1.2042729
9147005	12578	2.066597	1.1348488
9147005	12579	2.0092998	1.1911414
9147005	12580	2.1494179	0.88088524
9147005	12581	2.205399	0.9400097
9147005	12582	2.980227	0.16250858
9147005	12583	3.641429	-0.23131481
9147005	12584	3.4597	-0.001036197
9147005	12585	3.390531	-0.018401086
9147005	12586	2.185763	-0.68784034
9147005	12587	2.8236966	-1.585434
9147005	12588	2.7679863	-1.3254818
9147005	12589	1.6456152	0.96706367
9147005	12590	1.8498243	0.91957426
9147005	12591	2.1410298	0.67313397
9147005	12592	2.0500112	0.8644376
9147005	12593	2.331685	0.61245894
9147005	12594	2.205595	0.7126056
9147005	12595	2.4477434	0.5515101
9147005	12596	2.4907384	0.5372275
9147005	12597	1.1760222	1.680202
9147005	12598	1.5210885	1.216527
9147005	12599	1.5596951	1.449705
9147005	12600	2.0111957	0.9703479
9147005	12601	1.99708	1.1359363
9147005	12602	2.1901069	0.8354722
9147005	12603	2.6220765	0.48440352
9147005	12604	3.0235744	-0.015413612
9147005	12605	3.0033078	0.20256749
9147005	12606	2.595262	0.31692174
9147005	12607	2.6680074	0.4438204
9147005	12608	2.5077076	0.36171666
9147005	12609	2.0620508	1.0595882
9147005	12610	1.8977956	1.190627
9147005	12611	2.1788487	0.90650153
9147005	12612	2.5470128	0.41491988
9147005	12613	2.7219257	0.3640392
9147005	12614	2.542708	0.54285204
9147005	12615	2.4237285	0.6519296
9147005	12616	2.0362535	0.99163866
9147005	12617	2.6365476	0.30571482
9147005	12618	3.4616594	-0.32439002
9147005	12619	2.4535513	0.8029126
9147005	12620	0.6024569	0.5931144
9147005	12621	0.8113692	0.12902227
9147005	12622	0.61524713	0.35078076
9147005	12623	-0.119116545	1.1566895
9147005	12624	-0.1019018	1.1836913
9147005	12625	-0.062674135	1.1564491
9147005	12626	-0.02557221	1.1093575
9147005	12627	1.375628	1.42862
9147005	12628	1.2554052	1.3635269
9147005	12629	1.2087485	1.4673439
9147005	12630	1.9522456	0.89034927
9147005	12631	1.8444034	0.94938684
9147005	12632	1.5888437	1.1882879
9147005	12633	1.4501336	1.2789648
9147005	12634	1.4696649	1.563791
9147005	12635	1.1110772	1.4645439
9147005	12636	1.4018288	1.251071
9147005	12637	1.4091582	1.2654976
9147005	12638	1.731969	0.8893801
9147005	12639	2.3838906	0.4119263
9147005	12640	2.398377	0.56664693
9147005	12641	1.2883122	1.523863
9147005	12642	1.9667186	0.80061734
9147005	12643	2.0768824	0.81984043
9147005	12644	2.0774074	0.87811303
9147005	12645	2.0216093	0.8841591
9147005	12646	1.7860252	1.2282708
9147005	12647	1.7649273	1.0747845
9147005	12648	1.6977538	1.3172442
9147005	12649	2.3930783	0.4567605
9147005	12650	2.6552348	0.36056682
9147005	12651	3.1209083	0.13326547
9147005	12652	2.6159844	0.52614355
9147005	12653	2.1247172	0.9622587
9147005	12654	2.2051907	0.76242614
9147005	12655	2.1842794	0.9858297
9147005	12656	2.553411	0.59454024
9147005	12657	2.3850894	0.7043476
9147005	12658	2.3373046	0.68016887
9147005	12659	2.2096887	0.8498957
9147005	12660	2.3045	0.8744607
9147005	12661	1.9478153	1.2269181
9147005	12662	1.5791553	1.5884523
9147005	12663	1.3643788	1.9063799
9147005	12664	1.6528643	1.6232617
9147005	12665	1.1145812	2.1028285
9147005	12666	0.673072	2.8794515
9147005	12667	1.1988732	1.8756907
9147005	12668	0.5608766	2.998977
9147005	12669	0.8025044	2.6992621
9147005	12670	0.7722527	3.1272295
9147005	12671	1.1774143	2.5376222
9147005	12672	1.5187877	2.128394
9147005	12673	1.482931	2.1092968
9147005	12674	1.4534124	2.0203516
9147005	12675	1.2320504	2.1628547
9147005	12676	1.3687484	2.0466049
9147005	12677	1.8722292	1.47999
9147005	12678	1.2546829	2.1283562
9147005	12679	1.2896466	2.1456296
9147005	12680	0.4800399	3.2787745
9147005	12681	0.553905	3.2176156
9147005	12682	0.8939501	2.7043989
9147005	12683	0.6052604	3.205914
9147005	12684	0.63457716	3.0161011
9147005	12685	0.23984343	3.682223
9147005	12686	0.1941033	3.8245738
9147005	12687	0.078538895	4.046886
9147005	12688	0.29784024	3.6557262
9147005	12689	0.14175653	3.8374603
9147005	12690	-0.10973117	4.3082676
9147005	12691	-0.16354644	4.326983
9147005	12692	-0.2590404	4.441854
9147005	12693	-0.05807838	4.336267
9147005	12694	-0.31849295	4.7619042
9147005	12695	0.0360049	4.196607
9147005	12696	-0.39374882	4.724778
9147005	12697	-0.58806854	4.879062
9147005	12698	-0.60382694	5.099286
9147005	12699	-0.8022202	5.147515
9147005	12700	-1.1316662	3.6741722
9147005	12701	-0.89502585	2.746224
9147005	12702	0.6150185	2.260838
9147005	12703	1.1999407	1.3035225
9147005	12704	1.365944	1.1910894
9147005	12705	1.7269007	0.6881305
9147005	12706	1.6010107	0.93414104
9147005	12707	1.5879244	0.9920243
9147005	12708	1.8915237	0.59767985
9147005	12709	1.9545342	0.63423085
9147005	12710	1.828931	0.7555376
9147005	12711	1.7213963	0.82156
9147005	12712	1.7165939	0.82148457
9147005	12713	1.3280389	1.3607913
9147005	12714	1.5079273	0.9906961
9147005	12715	1.3895621	1.1931493
9147005	12716	1.5095321	1.0783522
9147005	12717	1.2172549	1.488843
9147005	12718	-0.09084135	2.817966
9147005	12719	-0.42881346	3.643286
9147005	12720	1.4743415	0.4501364
9147005	12721	2.154859	0.19290528
9147005	12722	2.5525765	-0.02740717
9147005	12723	2.4759321	0.1377078
9147005	12724	2.28329	0.3799298
9147005	12725	-0.30540115	1.0113447
9147005	12726	1.8779746	0.55149543
9147005	12727	1.8833896	0.68848
9147005	12728	1.8844854	0.698166
9147005	12729	1.7841371	0.8376967
9147005	12730	1.8287989	0.7265036
9147005	12731	1.9219884	0.62817156
9147005	12732	1.9867007	0.6098182
9147005	12733	1.8935982	0.67124546
9147005	12734	-0.23812518	2.6158984
9147005	12735	-0.37399137	3.493606
9147005	12736	-0.19820592	3.4343088
9147005	12737	-0.19368577	3.4529126
9147005	12738	-0.46884286	3.8862689
9147005	12739	0.016410172	3.2195833
9147005	12740	0.21525806	2.5951192
9147005	12741	0.3756113	2.3114903
9147005	12742	-0.3211532	3.430165
9147005	12743	-0.15555757	3.4521492
9147005	12744	0.15468198	2.9428003
9147005	12745	0.22130221	2.8067894
9147005	12746	0.91869104	1.8539166
9147005	12747	2.2606626	0.615471
9147005	12748	2.216004	0.94336987
9147005	12749	2.0390906	0.8927165
9147005	12750	2.0248742	0.8559909
9147005	12751	2.2168722	0.6383556
9147005	12752	1.284688	1.5516427
9147005	12753	1.2090191	1.5465078
9147005	12754	1.153768	1.6098893
9147005	12755	1.1119118	1.6766922
9147005	12756	1.0797032	1.6880016
9147005	12757	1.0197531	1.8304789
9147005	12758	0.98497915	1.902406
9147005	12759	1.1303557	1.7598038
9147005	12760	0.24442494	2.8540366
9147005	12761	0.020250797	3.3537257
9147005	12762	-0.19133955	3.6604898
9147005	12763	-0.19383112	3.7469356
9147005	12764	-0.2791643	3.901419
9147005	12765	0.286833	0.988999
9147005	12766	0.38762975	0.6265917
9147005	12767	0.5965128	0.42475322
9147005	12768	-0.010701239	1.1975447
9147005	12769	0.09946716	1.0186611
9147005	12770	0.05040133	2.9300163
9147005	12771	0.1494013	0.5704496
9147005	12772	0.05301833	2.8619905
9147005	12773	0.6059722	0.12807325
9147005	12774	-0.063884914	1.1982259
9147005	12775	0.25150222	0.9262614
9147005	12776	-0.010019094	3.2409532
9147005	12777	0.35188067	0.3481544
9147005	12778	0.07403684	2.791193
9147005	12779	0.78603005	-0.021205246
9147005	12780	-0.117462516	2.8840954
9147005	12781	0.83086884	2.1779904
9147005	12782	0.423262	2.480943
9147005	12783	1.6049951	-0.58735794
9147005	12784	0.3548445	2.2157469
9147005	12785	1.7619494	-1.3186858
9147005	12786	0.35042113	2.258018
9147005	12787	1.7840768	-1.2177204
9147005	12788	0.5178108	0.5509492
9147005	12789	-0.40885544	1.665627
9147005	12790	-0.33136815	1.5824664
9147005	12791	-0.093429625	3.5188773
9147005	12792	0.24631351	0.28517476
9147005	12793	0.2407093	0.4861525
9147005	12794	0.032572508	0.90171087
9147005	12795	-0.012469262	2.9273484
9147005	12796	0.88191485	-0.2240952
9147005	12797	0.6845161	-0.033628702
9147005	12798	0.17069918	2.6203034
9147005	12799	1.0007092	-0.29845744
9147005	12800	0.6625638	0.102503866
9147005	12801	0.06606233	2.7971935
9147005	12802	0.9034617	-0.23236974
9147005	12803	0.6539122	0.27946666
9147005	12804	-0.076871246	2.9307358
9147005	12805	0.7577939	-0.054900408
9147005	12806	0.07368946	2.8383665
9147005	12807	1.1697541	-0.37387717
9147005	12808	0.54566944	0.3269556
9147005	12809	0.10341793	2.8692656
9147005	12810	0.66957366	0.00083070993
9147005	12811	0.35572332	0.37873712
9147005	12812	0.118664384	2.9030213
9147005	12813	0.79273	-0.17032212
9147005	12814	0.34894007	0.41391835
9147005	12815	0.43584037	0.5143237
9147005	12816	1.714022	1.0636615
9147005	12817	1.4748191	1.2113173
9147005	12818	1.2608542	1.5887742
9147005	12819	1.0589583	1.8540766
9147005	12820	1.062273	1.81844
9147005	12821	0.3587973	2.5582588
9147005	12822	0.45080012	2.5818448
9147005	12823	0.2790218	2.656109
9147005	12824	0.046691358	2.9122
9147005	12825	-0.38132137	3.710521
9147005	12826	0.35354	3.0235362
9147005	12827	0.64648175	2.2838902
9147005	12828	0.9169165	2.0535102
9147005	12829	0.9170729	2.168053
9147005	12830	0.6527933	2.6403155
9147005	12831	0.31508577	2.8906865
9147005	12832	-0.45931417	3.8094962
9147005	12833	-0.7504125	2.0282938
9147005	12834	1.3095552	0.9206232
9147005	12835	1.3966984	1.1669035
9147005	12836	1.4719672	1.2181543
9147005	12837	1.4477882	1.2122114
9147005	12838	1.3817823	1.3302807
9147005	12839	1.3003564	1.3219151
9147005	12840	1.4423591	1.1608069
9147005	12841	1.2837306	1.3444945
9147005	12842	1.3936577	1.2132263
9147005	12843	0.9732559	1.7026405
9147005	12844	0.5971104	2.3522081
9147005	12845	0.57527375	2.3172848
9147005	12846	0.8802674	1.8430362
9147005	12847	1.0328298	1.74318
9147005	12848	0.8325057	2.0862453
9147005	12849	0.68927765	2.2614317
9147005	12850	0.8441384	2.1200657
9147005	12851	0.8081132	2.1574159
9147005	12852	0.88431203	2.1228013
9147005	12853	1.1226573	0.18989596
9147005	12854	0.6918427	0.13325676
9147005	12855	2.4819999	-0.042663336
9147005	12856	2.54839	0.034905672
9147005	12857	2.5328903	0.06975064
9147005	12858	2.4526777	0.19524828
9147005	12859	2.2890396	0.40305272
9147005	12860	2.3795152	0.26585355
9147005	12861	2.5657697	0.26904705
9147005	12862	2.56597	0.31281784
9147005	12863	2.526915	0.39493975
9147005	12864	2.4523268	0.4762508
9147005	12865	2.7208848	0.27489457
9147005	12866	2.8294582	0.25652984
9147005	12867	2.2278142	0.78976846
9147005	12868	2.0741448	0.82757354
9147005	12869	1.7374679	1.1724334
9147005	12870	1.9525739	0.9369173
9147005	12871	2.0279555	0.7470516
9147005	12872	1.7872225	1.1775919
9147005	12873	1.7547234	1.1208507
9147005	12874	1.5527617	1.3905497
9147005	12875	1.4530342	1.4133157
9147005	12876	1.0901548	1.8156168
9147005	12877	0.9192227	1.888161
9147005	12878	0.53963196	2.5739617
9147005	12879	0.66010344	2.359819
9147005	12880	0.2472586	3.0771067
9147005	12881	0.3547606	2.8109472
9147005	12882	0.55259	2.470411
9147005	12883	0.51055026	2.5165703
9147005	12884	0.4787262	2.5610857
9147005	12885	0.54861975	2.4757142
9147005	12886	0.472472	2.5888872
9147005	12887	0.5189446	2.528277
9147005	12888	0.6113455	2.5117426
9147005	12889	0.55179274	2.4646604
9147005	12890	-0.057115674	3.3810074
9147005	12891	0.29841077	2.7396336
9147005	12892	-0.33593452	1.7824247
9147005	12893	0.06245166	0.99657667
9147005	12894	1.3583219	1.2755284
9147005	12895	1.4158835	0.9610096
9147005	12896	1.5787979	0.93578887
9147005	12897	1.6719548	0.79205585
9147005	12898	1.7500747	0.7801132
9147005	12899	0.88756967	1.5832708
9147005	12900	1.0527443	1.4181869
9147005	12901	0.41253132	2.2212687
9147005	12902	0.6764064	1.8514917
9147005	12903	0.93959737	1.6160254
9147005	12904	1.2117802	1.2332926
9147005	12905	1.3711269	1.1001952
9147005	12906	1.2855889	1.2815119
9147005	12907	1.4716932	1.0672443
9147005	12908	1.4601346	1.0892272
9147005	12909	1.0963957	1.5600805
9147005	12910	1.0400465	1.6077774
9147005	12911	0.5988959	2.2237883
9147005	12912	1.2732984	1.3376529
9147005	12913	1.3645127	1.2293439
9147005	12914	1.1687678	1.5278186
9147005	12915	1.135959	1.5138055
9147005	12916	1.0046955	1.7045517
9147005	12917	0.4738863	2.4062324
9147005	12918	0.40850925	2.4516735
9147005	12919	-0.19543701	3.5760849
9147005	12920	0.18142837	3.241709
9147005	12921	-0.023683012	3.347264
9147005	12922	0.31220877	2.9643424
9147005	12923	0.272968	3.0185857
9147005	12924	0.4258291	2.633506
9147005	12925	1.0872718	1.7469864
9147005	12926	0.292705	3.042545
9147005	12927	0.36416227	1.1685883
9147005	12928	0.70812964	0.55559945
9147005	12929	1.0786649	0.24847826
9147005	12930	0.7328309	2.0592315
9147005	12931	1.138579	1.8773506
9147005	12932	1.303088	1.3627479
9147005	12933	1.319512	1.1807833
9147005	12934	1.1669664	1.5508347
9147005	12935	1.3223594	1.3172613
9147005	12936	1.5149225	1.1707741
9147005	12937	1.3844588	1.4061395
9147005	12938	0.94758654	1.8666108
9147005	12939	1.3007457	1.5029949
9147005	12940	1.3613055	1.4304346
9147005	12941	1.9224552	0.90127015
9147005	12942	1.131882	1.7227299
9147005	12943	0.9802917	1.8578804
9147005	12944	0.45354408	0.4275227
9147005	12945	0.49657094	2.2343526
9147005	12946	0.4596222	2.2287467
9147005	12947	0.19993806	2.725446
9147005	12948	0.66527355	2.1935718
9147005	12949	0.83416927	2.0522213
9147005	12950	1.2638326	1.6557226
9147005	12951	0.95175064	2.0933964
9147005	12952	0.8811791	0.1254023
9147005	12953	1.4051499	-0.8934438
9147005	12954	0.99027	1.7876015
9147005	12955	0.90309036	2.0819857
9147005	12956	1.0135474	2.0189795
9147005	12957	0.90407944	1.9350548
9147005	12958	1.3861241	-0.18756178
9147005	12959	0.2201317	2.116132
9147005	12960	0.61614966	2.3009884
9147005	12961	0.99618614	1.7114892
9147005	12962	0.9872879	-0.0407252
9147005	12963	1.4264464	-0.8688546
9147005	12964	0.7006012	1.8562057
9147005	12965	1.071822	-0.18996131
9147005	12966	1.5138246	-0.8898232
9147005	12967	1.6761786	-0.5869568
9147005	12968	1.057146	-0.24864614
9147005	12969	0.6427671	0.44094363
9147005	12970	0.36711442	0.48294774
9147005	12971	0.47551543	0.304584
9147005	12972	0.54309523	0.16881248
9147005	12973	0.28219283	0.45386085
9147005	12974	0.3302263	2.6687713
9147005	12975	0.11091143	1.0461087
9147005	12976	0.078091145	3.1308374
9147005	12977	0.61991405	0.5962188
9147005	12978	2.106492	0.53034186
9147005	12979	1.968283	0.6810533
9147005	12980	1.8812324	0.8275199
9147005	12981	1.6994771	1.058419
9147005	12982	1.7035805	1.0193455
9147005	12983	2.4963202	0.29772505
9147005	12984	2.6233454	0.27317986
9147005	12985	2.3922396	0.44706735
9147005	12986	3.443492	-0.49192527
9147005	12987	3.2414484	-0.17027235
9147005	12988	2.0938654	0.732164
9147005	12989	2.2649393	0.65557206
9147005	12990	2.14853	0.93579066
9147005	12991	2.055842	0.98149383
9147005	12992	2.079246	0.9628298
9147005	12993	1.0201415	2.0262058
9147005	12994	1.2484939	1.66429
9147005	12995	1.6594063	1.424087
9147005	12996	1.7188753	1.403437
9147005	12997	1.9619929	1.1913515
9147005	12998	1.5317801	1.6392775
9147005	12999	1.0446311	2.066699
9147005	13000	1.4149779	1.6450493
9147005	13001	2.610178	0.6355684
9147005	13002	2.5393314	0.5936092
9147005	13003	2.9944286	0.13056728
9147005	13004	3.5710797	-0.19915077
9147005	13005	3.4718943	-0.19337139
9147005	13006	3.8926692	-0.31873056
9147005	13007	3.8604507	-0.34071147
9147005	13008	4.104785	-0.6180818
9147005	13009	4.1549997	-0.48729634
9147005	13010	3.6804538	-0.23271817
9147005	13011	3.7348466	-0.2568789
9147005	13012	3.860495	-0.30182114
9147005	13013	3.845467	-0.26968354
9147005	13014	3.7569866	-0.27480257
9147005	13015	3.809219	-0.31229007
9147005	13016	3.8083138	-2.2198045
9147005	13017	3.564693	-0.3494972
9147005	13018	2.9937043	0.17312214
9147005	13019	2.8546934	0.32700726
9147005	13020	2.9449239	0.20585212
9147005	13021	2.7945442	0.31949165
9147005	13022	2.6460795	0.45392218
9147005	13023	2.6604176	0.49308804
9147005	13024	2.3834	0.71798277
9147005	13025	3.333609	-0.18958563
9147005	13026	3.5105162	-0.2216125
9147005	13027	3.4444942	-0.31706023
9147005	13028	3.696024	-0.41103446
9147005	13029	2.8486605	0.19872102
9147005	13030	3.3906493	-0.29092732
9147005	13031	3.6133008	-0.38365483
9147005	13032	3.640872	-0.46580726
9147005	13033	3.6243978	-0.40810493
9147005	13034	2.473321	0.6552452
9147005	13035	3.1466222	-0.107902676
9147005	13036	3.475603	-0.31545588
9147005	13037	1.8510298	-0.9602879
9147005	13038	0.880342	1.6576457
9147005	13039	0.94357896	1.9338584
9147005	13040	1.1545475	1.6962061
9147005	13041	1.3102872	1.4195099
9147005	13042	1.2925689	1.6109164
9147005	13043	0.8418715	1.9889073
9147005	13044	0.6920612	2.1321497
9147005	13045	0.6834198	2.1106577
9147005	13046	0.81013584	1.9417379
9147005	13047	1.0683436	1.6200538
9147005	13048	0.53138137	2.254354
9147005	13049	0.9496871	-0.4188145
9147005	13050	2.715774	-0.07675007
9147005	13051	2.644145	-0.058710963
9147005	13052	2.986703	-0.09407291
9147005	13053	3.008953	-0.13695022
9147005	13054	3.0803266	-0.15229502
9147005	13055	2.5075374	0.3275785
9147005	13056	1.2425114	1.190078
9147005	13057	1.8629476	0.9171523
9147005	13058	2.1268797	0.7208159
9147005	13059	2.4198394	0.3198026
9147005	13060	2.6562133	0.34729072
9147005	13061	0.7662455	0.01082623
9147005	13062	1.374993	-0.5325373
9147005	13063	1.5995835	-0.54142916
9147005	13064	1.6843957	-0.7370158
9147005	13065	2.023354	1.2101912
9147005	13066	2.0389652	1.1025516
9147005	13067	1.6582838	1.4403578
9147005	13068	1.496858	1.7028294
9147005	13069	1.7280442	1.4907525
9147005	13070	1.507361	1.6435723
9147005	13071	1.3176876	1.808584
9147005	13072	1.1641959	1.9848909
9147005	13073	1.110794	2.0282853
9147005	13074	0.4135846	-0.33607164
9147005	13075	0.7538836	-0.34623897
9147005	13076	1.2443944	-1.3025042
9147005	13077	3.0747938	-1.1976674
9147005	13078	1.3033075	0.9221984
9147005	13079	1.4870741	1.1319466
9147005	13080	1.924219	0.74482405
9147005	13081	1.827818	0.8299017
9147005	13082	2.1203346	0.53171515
9147005	13083	2.1218214	0.5944773
9147005	13084	1.5939924	0.90267897
9147005	13085	1.3271973	1.4415894
9147005	13086	1.4725295	1.1180172
9147005	13087	1.9915959	0.7299137
9147005	13088	2.0335202	0.65288043
9147005	13089	2.2644382	0.47223958
9147005	13090	1.7989818	1.0024723
9147005	13091	2.0800667	0.64051235
9147005	13092	1.883412	0.8470284
9147005	13093	2.207242	0.55956256
9147005	13094	3.4816875	-0.3186861
9147005	13095	3.2158003	-0.16152546
9147005	13096	3.2095733	-0.044198364
9147005	13097	3.094582	0.09147975
9147005	13098	2.2217398	0.7114004
9147005	13099	2.0665884	0.80366623
9147005	13100	2.8027062	0.08660355
9147005	13101	2.38659	0.7396625
9147005	13102	2.7557254	0.20815232
9147005	13103	2.85257	0.42672154
9147005	13104	1.8050865	1.303061
9147005	13105	1.5100092	1.4523188
9147005	13106	1.327728	1.689456
9147005	13107	1.2645811	1.7311063
9147005	13108	0.33844167	2.8154175
9147005	13109	0.85634196	2.3256192
9147005	13110	1.1635568	1.9189639
9147005	13111	1.3608091	1.6798329
9147005	13112	1.6526965	1.3591579
9147005	13113	1.872101	1.2617252
9147005	13114	0.9825015	2.0026915
9147005	13115	1.1736009	1.8173292
9147005	13116	1.2025102	1.7590299
9147005	13117	1.0343322	1.9004064
9147005	13118	1.1224637	1.8142331
9147005	13119	1.0446615	1.9033868
9147005	13120	0.45680183	2.7015848
9147005	13121	0.66705704	2.417282
9147005	13122	0.9994755	1.9762242
9147005	13123	1.4382502	1.4937913
9147005	13124	0.97624004	2.1556149
9147005	13125	0.8599858	2.352968
9147005	13126	0.8800813	2.2493908
9147005	13127	0.7752625	2.3459883
9147005	13128	0.7443577	2.4862301
9147005	13129	0.86688316	2.1968663
9147005	13130	1.0797307	2.0333788
9147005	13131	1.1227714	1.939733
9147005	13132	1.1214266	2.0117123
9147005	13133	1.0731546	2.0555243
9147005	13134	1.0286562	2.1978984
9147005	13135	1.0685896	2.0886993
9147005	13136	0.9970572	2.2386115
9147005	13137	0.973716	2.2417495
9147005	13138	0.97154236	2.249513
9147005	13139	1.0047802	2.144797
9147005	13140	0.9899261	2.253588
9147005	13141	0.6610991	2.4864907
9147005	13142	1.0653969	2.1732533
9147005	13143	0.9370228	2.2121558
9147005	13144	0.87986934	2.3221962
9147005	13145	0.7943084	2.4061224
9147005	13146	0.7996558	2.3661716
9147005	13147	0.8418342	2.3663564
9147005	13148	0.7931713	2.3886218
9147005	13149	0.8154367	2.3597305
9147005	13150	0.85645163	2.3216386
9147005	13151	0.89670515	2.2324429
9147005	13152	0.8610114	2.30715
9147005	13153	0.8851396	2.3311224
9147005	13154	0.9348662	2.217584
9147005	13155	0.9032917	2.2699924
9147005	13156	0.8206042	2.331633
9147005	13157	0.8104501	2.3457246
9147005	13158	0.8330864	2.3854387
9147005	13159	0.8829509	2.2584777
9147005	13160	0.90332985	2.3160725
9147005	13161	0.75485003	2.4689255
9147005	13162	0.78555787	2.4110086
9147005	13163	0.78146505	2.4232805
9147005	13164	0.7532884	2.505828
9147005	13165	0.820639	2.3581533
9147005	13166	0.82455826	2.4235377
9147005	13167	0.81914115	2.3752162
9147005	13168	0.7764858	2.4177096
9147005	13169	0.7365885	2.453611
9147005	13170	0.7403463	2.433109
9147005	13171	0.71472573	2.4529965
9147005	13172	0.736989	2.43673
9147005	13173	0.7735064	2.3842444
9147005	13174	0.79727983	2.3454702
9147005	13175	0.77941775	2.3663776
9147005	13176	0.78915954	2.3473043
9147005	13177	0.7935368	2.3363035
9147005	13178	0.8128785	2.3148873
9147005	13179	0.7817075	2.4041724
9147005	13180	0.81399	2.3114364
9147005	13181	0.8426714	2.3157806
9147005	13182	0.7756007	2.433154
9147005	13183	0.8374014	2.3325198
9147005	13184	0.79504967	2.3692966
9147005	13185	0.74145615	2.4087703
9147005	13186	0.72584796	2.418602
9147005	13187	0.7356956	2.4050856
9147005	13188	0.7452835	2.385873
9147005	13189	0.7570783	2.3756976
9147005	13190	0.7610576	2.3623338
9147005	13191	0.7975906	2.3895118
9147005	13192	0.67668355	2.5265915
9147005	13193	0.6912447	2.505051
9147005	13194	0.6850673	2.4490561
9147005	13195	0.58570707	2.5780902
9147005	13196	0.5357883	2.6314878
9147005	13197	0.5228319	2.6350267
9147005	13198	0.5058179	2.6852465
9147005	13199	0.5185462	2.699524
9147005	13200	0.5682956	2.624045
9147005	13201	0.5602437	2.670064
9147005	13202	0.58806527	2.5812485
9147005	13203	0.63890946	2.474253
9147005	13204	0.5997082	2.5462253
9147005	13205	0.48834127	2.7785294
9147005	13206	0.5705292	2.5746734
9147005	13207	0.55608666	2.654663
9147005	13208	0.5283942	2.6673405
9147005	13209	0.6252842	2.526861
9147005	13210	0.47639173	2.765454
9147005	13211	0.53602564	2.6270769
9147005	13212	0.5494515	2.6794221
9147005	13213	0.5354866	2.6337085
9147005	13214	0.56991994	2.6087232
9147005	13215	0.49513018	2.6714308
9147005	13216	0.5160272	2.7288637
9147005	13217	0.4760511	2.7624497
9147005	13218	0.53234935	2.6645012
9147005	13219	0.5343665	2.7103107
9147005	13220	0.2870419	2.792082
9147005	13221	0.74293923	2.480048
9147005	13222	0.45012838	2.7833176
9147005	13223	0.5313829	2.705648
9147005	13224	0.6291976	2.485084
9147005	13225	0.54643595	2.603891
9147005	13226	0.5323365	2.6101565
9147005	13227	0.4947492	2.6884446
9147005	13228	0.54287696	2.6105602
9147005	13229	0.5274236	2.6213984
9147005	13230	0.48914152	2.6660671
9147005	13231	0.49086082	2.6713917
9147005	13232	0.6224786	2.5796986
9147005	13233	0.68724334	2.4001427
9147005	13234	0.5682436	2.6177397
9147005	13235	0.52887046	2.7230575
9147005	13236	0.86284006	2.2017145
9147005	13237	0.93303096	2.139111
9147005	13238	1.0550352	1.9922645
9147005	13239	0.9102745	2.2178814
9147005	13240	0.8587935	2.2626967
9147005	13241	0.933293	2.1308513
9147005	13242	1.417301	1.5209192
9147005	13243	2.3235555	0.85208166
9147005	13244	2.8044624	0.57657576
9147005	13245	2.7422166	0.7707921
9147005	13246	2.9479942	0.61740327
9147005	13247	2.6515598	0.7994368
9147005	13248	3.371018	-1.5786502
9147005	13249	3.2200937	0.42965534
9147005	13250	2.457623	0.85417235
9147005	13251	3.5743537	-0.23749605
9147005	13252	4.1703386	-0.6094889
9147005	13253	3.6210523	-0.18007103
9147005	13254	4.7353945	-1.0251698
9147005	13255	4.650411	-0.9199654
9147005	13256	1.9510013	-0.8277464
9147005	13257	1.0571941	-0.024062395
9147005	13258	0.9143121	0.033079922
9147005	13259	0.9518646	-0.010439485
9147005	13260	0.8755672	0.19772252
9147005	13261	0.74680936	0.31706825
9147005	13262	0.7127943	0.3113474
9147005	13263	1.3449227	1.89569
9147005	13264	1.6331502	1.4740498
9147005	13265	1.4094099	1.8925548
9147005	13266	1.6521903	1.593539
9147005	13267	1.6690234	1.5559225
9147005	13268	1.7286311	1.4921296
9147005	13269	1.3013631	1.9581611
9147005	13270	1.4723392	1.7600329
9147005	13271	1.4505485	1.7608073
9147005	13272	1.5442654	1.6382337
9147005	13273	1.3467151	1.9887717
9147005	13274	2.006968	-0.7995128
9147005	13275	1.6038731	-0.3073888
9147005	13276	1.4932438	-0.3786372
9147005	13277	1.2143122	-0.21308371
9147005	13278	1.1539793	-0.2740979
9147005	13279	1.1408145	-0.11063349
9147005	13280	1.178946	-0.25107932
9147005	13281	0.80400944	0.22899994
9147005	13282	0.6347834	0.2980235
9147005	13283	1.0629972	-0.1886932
9147005	13284	1.1344608	-0.1439336
9147005	13285	0.94270134	0.098799855
9147005	13286	1.0421189	-0.037481487
9147005	13287	0.033274353	1.0762678
9147005	13288	0.89951456	0.31120595
9147005	13289	0.95193386	0.2804499
9147005	13290	0.010762215	-0.07628474
9147005	13291	-1.1684844	-0.6118608
9147005	13292	2.4684157	-1.6470655
9147005	13293	2.258246	-0.82768977
9147005	13294	4.259043	-2.168764
9147005	13295	4.5432324	-1.9768666
9147005	13296	4.2726436	-1.4818349
9147005	13297	4.381903	-1.5557431
9147005	13298	4.0750732	-1.2078084
9147005	13299	4.0383515	-1.2049106
9147005	13300	4.923559	-1.7928886
9147005	13301	4.598063	-1.4724238
9147005	13302	4.540824	-1.4198695
9147005	13303	4.5678906	-1.4603828
9147005	13304	4.554106	-1.4425595
9147005	13305	4.596875	-1.4849601
9147005	13306	4.7417297	-1.5755806
9147005	13307	4.4913797	-1.3086355
9147005	13308	4.3766503	-2.3678153
9147005	13309	3.3004012	-2.0287414
9147005	13310	1.763219	0.22271922
9147005	13311	1.8889793	-0.02785483
9147005	13312	0.84680283	0.9815742
9147005	13313	1.523297	0.5611627
9147005	13314	2.831483	-1.3758538
9147005	13315	2.8334785	-1.4758302
9147005	13316	2.898241	-1.5198447
9147005	13317	1.854015	0.26621166
9147005	13318	1.3675785	0.93886983
9147005	13319	2.453608	-1.2162032
9147005	13320	2.7254205	-1.5193738
9147005	13321	2.7287836	-1.5464925
9147005	13322	2.772191	-1.5493342
9147005	13323	1.7819542	0.38526604
9147005	13324	1.8934628	0.38886318
9147005	13325	2.1155381	0.20418635
9147005	13326	1.590314	0.7859328
9147005	13327	1.4707944	0.88614416
9147005	13328	1.4002519	0.98642075
9147005	13329	1.4521972	0.91061294
9147005	13330	1.2119005	1.3117858
9147005	13331	1.2179785	1.3937628
9147005	13332	1.093885	1.6082964
9147005	13333	1.3663195	1.2571368
9147005	13334	1.3275943	1.3699963
9147005	13335	1.3873706	1.2890568
9147005	13336	1.1666589	1.5465791
9147005	13337	1.3434076	1.3185855
9147005	13338	1.7173377	0.8903265
9147005	13339	1.6503547	0.9885323
9147005	13340	1.7312609	0.9745929
9147005	13341	1.7877678	0.9045918
9147005	13342	1.5628003	1.1294817
9147005	13343	1.1056784	1.7019188
9147005	13344	1.4342943	1.2723687
9147005	13345	2.043096	0.6048621
9147005	13346	1.954934	0.82930374
9147005	13347	1.838437	0.8964585
9147005	13348	1.8680445	0.7524483
9147005	13349	2.4350586	0.49600783
9147005	13350	2.409758	0.61493146
9147005	13351	2.570074	0.47220472
9147005	13352	2.5316668	0.5557716
9147005	13353	3.1570892	-0.1372441
9147005	13354	3.4985013	-0.27037513
9147005	13355	3.168551	0.043020457
9147005	13356	3.2160935	-0.032081366
9147005	13357	2.49692	0.40743032
9147005	13358	2.514399	0.4609644
9147005	13359	1.6199213	-0.9775673
9147005	13360	2.3910708	-1.5343001
9147005	13361	1.6154629	-0.98778915
9147005	13362	1.3989177	-0.9290734
9147005	13363	1.3025165	-0.7996742
9147005	13364	1.376783	-0.9100683
9147005	13365	1.3626918	-0.8935778
9147005	13366	1.241959	-0.8105328
9147005	13367	1.1306349	-0.5350318
9147005	13368	1.393286	-0.86972785
9147005	13369	1.134138	1.2464789
9147005	13370	1.1815645	1.370076
9147005	13371	1.2091374	1.6513209
9147005	13372	1.0662017	1.786083
9147005	13373	2.2786222	-1.2956581
9147005	13374	2.4039068	-1.1853358
9147005	13375	2.1707716	-1.0769879
9147005	13376	2.1416483	-0.9821917
9147005	13377	2.1095862	-0.8325124
9147005	13378	2.1027532	-0.8455498
9147005	13379	1.790476	-0.5648194
9147005	13380	1.3863376	-0.182506
9147005	13381	1.5406071	-0.29520822
9147005	13382	0.34811717	0.5342115
9147005	13383	0.13032442	0.9098004
9147005	13384	0.22096759	0.8437493
9147005	13385	2.0549078	0.72914207
9147005	13386	2.292264	0.39418176
9147005	13387	2.3960533	0.36006996
9147005	13388	2.2061877	0.6062393
9147005	13389	2.1091208	0.6758648
9147005	13390	1.9629577	0.7653532
9147005	13391	1.8163422	0.8752786
9147005	13392	1.8795875	0.85715365
9147005	13393	1.8521825	0.8531122
9147005	13394	0.610729	1.9253747
9147005	13395	0.2692231	2.7564769
9147005	13396	-0.0116149485	3.4652746
9147005	13397	-0.14783332	3.567045
9147005	13398	-0.21607065	3.8055046
9147005	13399	-0.5061754	4.3684072
9147005	13400	-0.70965815	4.79643
9147005	13401	-0.7413168	5.1357317
9147005	13402	-0.91360116	5.4749107
9147005	13403	-1.1365178	6.051442
9147005	13404	-1.1179657	6.2805157
9147005	13405	-1.3361757	6.4273314
9147005	13406	-1.3854849	6.606852
9147005	13407	-1.3837113	6.563838
9147005	13408	-1.4413483	6.615633
9147005	13409	-1.6463106	6.154229
9147005	13410	-2.0376866	5.4756336
9147005	13411	-1.9630772	6.24673
9147005	13412	-2.045826	6.457361
9147005	13413	-2.1079721	5.463696
9147005	13414	-1.8509287	5.323392
9147005	13415	-1.899642	5.9771543
9147005	13416	-1.635744	5.5806184
9147005	13417	-1.6052675	5.1965103
9147005	13418	-2.007751	4.8569613
9147005	13419	-2.0739098	4.789675
9147005	13420	-1.7646673	4.2119646
9147005	13421	-1.8375746	4.392303
9147005	13422	-1.8095936	4.4068837
9147005	13423	-1.6657883	4.048586
9147005	13424	-1.6624262	4.0197544
9147005	13425	-1.0520769	3.9364598
9147005	13426	-1.258771	4.5378757
9147005	13427	-1.0002669	3.7714026
9147005	13428	-1.1125069	3.7413037
9147005	13429	-1.336169	4.2812934
9147005	13430	-1.1707569	3.7060974
9147005	13431	-1.308048	3.9890635
9147005	13432	-1.378718	4.141656
9147005	13433	-1.6124861	4.464834
9147005	13434	-1.6731325	4.562808
9147005	13435	-1.4891624	4.199361
9147005	13436	-1.384985	3.9283497
9147005	13437	-0.19494602	3.8162296
9147005	13438	-0.104445994	4.072507
9147005	13439	-0.3740154	4.6206546
9147005	13440	-0.7408805	5.2043886
9147005	13441	-0.42749715	4.685215
9147005	13442	-0.4455672	4.5714154
9147005	13443	-0.33865792	4.336372
9147005	13444	-0.59094775	4.8730907
9147005	13445	-0.52412	4.797647
9147005	13446	-0.3466793	4.453252
9147005	13447	-0.36996514	4.33627
9147005	13448	-0.31019652	4.081021
9147005	13449	-0.571017	4.7891297
9147005	13450	-0.70837045	5.1075277
9147005	13451	-0.39964375	4.7532616
9147005	13452	-0.9026196	5.1248765
9147005	13453	-0.8337853	4.653837
9147005	13454	-0.1920279	3.8010867
9147005	13455	-0.45306864	4.3563843
9147005	13456	-0.64679945	4.9163566
9147005	13457	0.97126603	2.9220707
9147005	13458	1.002959	2.3741782
9147005	13459	1.3159922	1.8985438
9147005	13460	-0.51765645	2.306382
9147005	13461	0.6307217	2.3823528
9147005	13462	1.3589083	1.4041158
9147005	13463	0.11914402	2.8197343
9147005	13464	0.3467511	3.147058
9147005	13465	-0.52673393	2.069008
9147005	13466	-0.542488	1.9379022
9147005	13467	-0.52653974	2.261285
9147005	13468	-0.48315772	2.162428
9147005	13469	-0.51983786	2.138541
9147005	13470	-0.7231915	2.4921997
9147005	13471	-0.9205852	2.9441655
9147005	13472	-1.1067212	3.5914714
9147005	13473	-0.54271144	2.3812761
9147005	13474	-0.1969817	1.912941
9147005	13475	-0.5085466	2.1800094
9147005	13476	-0.4517121	1.83881
9147005	13477	-0.37932986	1.6418388
9147005	13478	-0.4427994	1.7943554
9147005	13479	-0.26397586	1.7727907
9147005	13480	-0.9280577	2.9156334
9147005	13481	-0.48922336	1.8971846
9147005	13482	-0.6986786	2.3030145
9147005	13483	-0.61045444	2.3202603
9147005	13484	0.93492675	1.9877772
9147005	13485	0.875908	2.0936356
9147005	13486	0.81388617	2.1689365
9147005	13487	0.75895655	2.2144058
9147005	13488	1.1574464	1.6828461
9147005	13489	1.6452972	1.0194938
9147005	13490	2.0293264	0.90060616
9147005	13491	1.1953619	1.8441217
9147005	13492	0.5615324	2.5840774
9147005	13493	0.6502135	2.5710342
9147005	13494	1.3010033	1.6583118
9147005	13495	1.1262128	2.0424757
9147005	13496	0.8559089	2.3598075
9147005	13497	0.803565	2.3263674
9147005	13498	0.65245914	2.638687
9147005	13499	0.6310816	2.4420445
9147005	13500	0.7225672	2.103995
9147005	13501	1.137902	1.9926755
9147005	13502	0.9203402	2.1107538
9147005	13503	0.85652685	2.0986934
9147005	13504	0.813815	2.3705225
9147005	13505	0.5002599	2.7789652
9147005	13506	0.7594863	2.213511
9147005	13507	0.2706355	2.8717132
9147005	13508	0.06026405	3.4577317
9147005	13509	-0.12827718	3.5153244
9147005	13510	-0.17692506	3.8121202
9147005	13511	-0.111222684	3.7542193
9147005	13512	0.5707365	2.6116905
9147005	13513	0.4224506	2.7857983
9147005	13514	0.45142996	2.9391186
9147005	13515	0.6638026	2.2988796
9147005	13516	0.6275792	2.5680554
9147005	13517	-0.14983702	3.681267
9147005	13518	-0.31831852	3.8025534
9147005	13519	-0.29885495	3.9961998
9147005	13520	-1.0259753	2.9920635
9147005	13521	-0.8276493	2.6208053
9147005	13522	-1.2153568	3.42842
9147005	13523	-0.91495025	2.6091278
9147005	13524	-0.16697025	3.2795863
9147005	13525	-0.11535883	3.330468
9147005	13526	-0.21656269	3.4349358
9147005	13527	-0.41330674	3.9902751
9147005	13528	-0.61527646	4.3650665
9147005	13529	-0.5558526	4.1956773
9147005	13530	-1.0296946	2.959641
9147005	13531	0.1370542	2.4745507
9147005	13532	0.3458699	2.5460002
9147005	13533	0.5109862	2.2659702
9147005	13534	0.2718662	2.7419198
9147005	13535	0.0813306	3.0072207
9147005	13536	0.47388875	2.4408867
9147005	13537	0.58956206	2.3870718
9147005	13538	0.093987346	3.1564534
9147005	13539	0.8031403	2.0746415
9147005	13540	0.8308308	2.037779
9147005	13541	0.49163657	2.681184
9147005	13542	0.18889523	2.8613324
9147005	13543	0.11892408	3.347542
9147005	13544	-0.15843016	1.1287707
9147005	13545	0.27783704	0.6425506
9147005	13546	0.34449637	2.7225673
9147005	13547	0.1855855	2.8461177
9147005	13548	0.5831698	2.446151
9147005	13549	0.5739639	2.4453967
9147005	13550	0.99199986	1.9452059
9147005	13551	1.0649526	2.0665553
9147005	13552	0.31968445	2.9889915
9147005	13553	-0.26781854	3.6163967
9147005	13554	-0.5100181	4.045445
9147005	13555	-0.5503494	4.1076427
9147005	13556	0.49602902	0.4761695
9147005	13557	1.1803737	-0.021544963
9147005	13558	1.2152059	1.5930603
9147005	13559	1.0787497	1.8178794
9147005	13560	0.6920104	2.3605802
9147005	13561	1.0047199	1.918179
9147005	13562	1.8069571	1.0463307
9147005	13563	1.9085165	1.1903577
9147005	13564	0.6549697	2.3896534
9147005	13565	1.9543318	-1.106093
9147005	13566	1.8086714	1.1967831
9147005	13567	1.5706176	1.529475
9147005	13568	1.9279011	1.160026
9147005	13569	1.8004724	1.3747538
9147005	13570	1.0642045	2.2560403
9147005	13571	1.9120024	-1.0947108
9147005	13572	2.0494905	-0.7023157
9147005	13573	2.0079646	-0.5925797
9147005	13574	1.5021027	1.4326915
9147005	13575	2.4367547	0.5494416
9147005	13576	3.088091	0.18295732
9147005	13577	3.2832985	-0.022640824
9147005	13578	2.64966	0.43118086
9147005	13579	1.6322321	1.2864772
9147005	13580	1.1328394	1.7112632
9147005	13581	1.9436468	-1.3608148
9147005	13582	2.4537816	-1.1986192
9147005	13583	2.6777782	-1.3949047
9147005	13584	3.0501165	-1.3342518
9147005	13585	2.4549074	-1.1053702
9147005	13586	1.6666254	0.91403556
9147005	13587	1.614026	1.117035
9147005	13588	2.972054	-0.14624438
9147005	13589	4.0634875	-2.3514562
9147005	13590	3.3917904	-1.9652497
9147005	13591	2.3386497	0.3901315
9147005	13592	0.8374798	1.943603
9147005	13593	2.0932164	-1.6530159
9147005	13594	2.6797056	-1.4228455
9147005	13595	2.5173535	-1.1614805
9147005	13596	2.8442888	-1.2722796
9147005	13597	2.1793633	0.7759918
9147005	13598	2.3058357	0.7522198
9147005	13599	1.1076463	1.8306606
9147005	13600	1.4567982	1.6726131
9147005	13601	2.262061	-1.2679175
9147005	13602	2.286252	-1.0020325
9147005	13603	2.3867264	-1.011029
9147005	13604	1.111505	0.08960906
9147005	13605	0.7894273	0.11762807
9147005	13606	0.8228631	2.2406156
9147005	13607	1.1212515	1.7909672
9147005	13608	1.4378557	1.4393938
9147005	13609	1.376616	1.3759359
9147005	13610	1.4542966	1.5200968
9147005	13611	1.7765986	0.97098863
9147005	13612	1.3065081	1.6707785
9147005	13613	1.622989	1.2001265
9147005	13614	1.6882299	0.9635905
9147005	13615	1.6344794	1.1244037
9147005	13616	1.1063243	1.5403776
9147005	13617	1.3586706	1.2113615
9147005	13618	0.1807965	2.5954993
9147005	13619	-0.48980802	3.6677644
9147005	13620	-0.6110967	4.1733193
9147005	13621	-1.0112315	4.780111
9147005	13622	-1.1314819	5.418635
9147005	13623	-0.8992482	3.0325432
9147005	13624	-0.9716365	3.0569816
9147005	13625	-0.93456364	3.7118618
9147005	13626	-0.78781956	2.584842
9147005	13627	0.69431555	2.4568334
9147005	13628	0.6969211	2.3398747
9147005	13629	0.89474344	2.508526
9147005	13630	0.77220774	2.7785158
9147005	13631	1.3032659	1.9976971
9147005	13632	1.2449691	2.1636713
9147005	13633	1.4586668	1.8070941
9147005	13634	1.6406659	1.5670977
9147005	13635	1.2284176	2.0433245
9147005	13636	1.9384676	0.98067844
9147005	13637	1.6597053	1.3694599
9147005	13638	1.4661288	1.6547816
9147005	13639	1.4902192	1.7787712
9147005	13640	2.1494112	1.079623
9147005	13641	2.420466	0.882184
9147005	13642	2.7263188	0.6108197
9147005	13643	2.8823638	0.5889598
9147005	13644	2.491353	0.7453445
9147005	13645	2.872734	0.60214424
9147005	13646	2.6156068	0.7575464
9147005	13647	3.0950627	0.19162187
9147005	13648	2.9117222	0.39781
9147005	13649	2.4291682	0.817418
9147005	13650	2.658505	0.39069423
9147005	13651	2.4659462	0.85243833
9147005	13652	2.263575	0.8583809
9147005	13653	2.139875	0.95381844
9147005	13654	1.8994762	1.158828
9147005	13655	2.0518208	0.9173703
9147005	13656	2.0824986	1.0441005
9147005	13657	1.8081547	1.2162199
9147005	13658	1.70883	1.4034252
9147005	13659	1.8222886	1.1776135
9147005	13660	1.6559807	1.3755131
9147005	13661	1.6088344	1.3626275
9147005	13662	1.5311233	-0.5378364
9147005	13663	1.8918289	-0.8394598
9147005	13664	3.565289	-0.58965516
9147005	13665	3.3931122	-0.36601585
9147005	13666	3.5536542	-0.5074383
9147005	13667	3.7914515	-0.6586433
9147005	13668	3.722725	-0.53078115
9147005	13669	3.9952445	-0.7267845
9147005	13670	3.9326878	-0.65819466
9147005	13671	3.9778652	-0.65961623
9147005	13672	1.4087564	0.9356766
9147005	13673	1.0657331	1.6154788
9147005	13674	1.0416634	1.6681509
9147005	13675	1.2358694	1.507205
9147005	13676	2.4317722	-1.1244857
9147005	13677	2.9991379	-1.3282847
9147005	13678	2.8853416	-1.196794
9147005	13679	3.0419583	-1.2993835
9147005	13680	1.5582832	1.1700938
9147005	13681	2.124229	-1.2313315
9147005	13682	2.6902518	-1.3170282
9147005	13683	2.5132647	-1.1548125
9147005	13684	2.5624638	-1.2394786
9147005	13685	1.1566923	1.5058168
9147005	13686	1.814711	-1.0547655
9147005	13687	2.3516479	-1.2271839
9147005	13688	2.3546486	-1.1030376
9147005	13689	2.3913999	-1.1636385
9147005	13690	1.0541959	1.6215966
9147005	13691	1.3317809	1.4317565
9147005	13692	1.144439	1.6497276
9147005	13693	1.9221956	0.80586696
9147005	13694	2.2526774	0.80893624
9147005	13695	2.5486898	0.46329483
9147005	13696	2.6807256	0.33025298
9147005	13697	3.0857124	0.12467322
9147005	13698	3.1418233	-0.13204953
9147005	13699	2.3489528	0.6437459
9147005	13700	2.4789524	0.20924935
9147005	13701	2.2248135	0.68815076
9147005	13702	2.2337089	0.6461992
9147005	13703	2.5121617	0.4722508
9147005	13704	2.3400035	0.5503012
9147005	13705	2.7162886	0.30792215
9147005	13706	2.7914228	0.094153315
9147005	13707	3.0878649	0.018233418
9147005	13708	3.070467	0.0152336955
9147005	13709	2.8665237	0.12637076
9147005	13710	2.580958	0.4437892
9147005	13711	1.6067604	-0.42485204
9147005	13712	2.1606188	-0.49688068
9147005	13713	2.5041718	-0.87248325
9147005	13714	1.060578	1.5361317
9147005	13715	1.1320566	1.6824994
9147005	13716	1.8354968	0.9229692
9147005	13717	2.0265517	0.578989
9147005	13718	1.6096176	1.1792653
9147005	13719	1.937687	0.7130648
9147005	13720	2.0777335	0.6140996
9147005	13721	1.3493679	1.5023882
9147005	13722	1.3330114	1.4163678
9147005	13723	1.9358336	0.80691767
9147005	13724	2.1483598	0.72586167
9147005	13725	1.2175704	1.6384332
9147005	13726	1.2967447	1.4507096
9147005	13727	1.5814677	1.0017407
9147005	13728	2.0791354	0.62037635
9147005	13729	2.2143903	0.62719166
9147005	13730	2.1420002	0.7272066
9147005	13731	1.121342	1.6861393
9147005	13732	1.111729	1.6446998
9147005	13733	2.0510077	0.68464637
9147005	13734	2.919867	-0.017899573
9147005	13735	3.4064941	-0.12736365
9147005	13736	3.0188127	0.20237836
9147005	13737	3.112084	0.0058505535
9147005	13738	2.7417183	0.366383
9147005	13739	2.9847798	0.08391014
9147005	13740	3.1377225	0.027691156
9147005	13741	2.774979	0.33250305
9147005	13742	2.7168956	0.3369842
9147005	13743	2.2628627	0.8004025
9147005	13744	1.8758997	1.0317863
9147005	13745	1.7079266	1.1236781
9147005	13746	2.0169797	0.7579142
9147005	13747	1.8470412	1.1031
9147005	13748	1.0455672	0.20583889
9147005	13749	0.93824744	0.82882977
9147005	13750	0.66101146	2.1196141
9147005	13751	0.8910966	2.055914
9147005	13752	1.5918604	1.2033466
9147005	13753	0.8308171	2.045948
9147005	13754	0.65389884	2.4563348
9147005	13755	1.0805426	1.8145964
9147005	13756	1.6865345	1.0801612
9147005	13757	1.8569494	0.92675817
9147005	13758	1.554861	1.515685
9147005	13759	1.3417206	1.5742862
9147005	13760	0.9841491	2.0283713
9147005	13761	0.6531745	2.3511283
9147005	13762	0.8095211	2.1916966
9147005	13763	0.9310694	1.9451401
9147005	13764	0.9272214	2.0090954
9147005	13765	1.4228097	1.5326798
9147005	13766	1.3130907	1.6182985
9147005	13767	1.5935646	1.423692
9147005	13768	1.4805058	1.6175525
9147005	13769	1.5255231	1.4997982
9147005	13770	1.2843114	1.6455913
9147005	13771	1.5161227	1.3982714
9147005	13772	1.810484	1.1336405
9147005	13773	1.8373259	1.1275389
9147005	13774	0.98368406	2.0353794
9147005	13775	0.60905015	2.5116968
9147005	13776	0.722232	2.2287197
9147005	13777	1.1749084	1.7150428
9147005	13778	0.9395144	2.1422896
9147005	13779	0.93842626	1.9045999
9147005	13780	1.1649798	1.5921783
9147005	13781	1.309639	-0.96831954
9147005	13782	0.9992144	1.5250275
9147005	13783	0.8784367	1.7460847
9147005	13784	0.674981	1.9443374
9147005	13785	0.569509	2.0915043
9147005	13786	0.5616795	2.1190097
9147005	13787	0.16924524	2.7458959
9147005	13788	0.52934575	2.311625
9147005	13789	0.48629725	2.3887782
9147005	13790	0.88998127	1.7847264
9147005	13791	0.7211406	2.0770082
9147005	13792	1.0358889	1.8267097
9147005	13793	0.7846155	2.095839
9147005	13794	1.1408788	1.659895
9147005	13795	0.9674703	1.9304595
9147005	13796	0.8904979	2.0154884
9147005	13797	2.2216659	0.42487237
9147005	13798	2.7066936	0.2256473
9147005	13799	3.177621	-0.16687086
9147005	13800	3.228931	-0.18247506
9147005	13801	2.8566985	0.23814282
9147005	13802	2.968943	0.021047294
9147005	13803	2.6508584	0.40300485
9147005	13804	2.9882927	-0.06710553
9147005	13805	2.5092707	0.6143559
9147005	13806	2.1217031	0.89554656
9147005	13807	3.0576887	-0.24931283
9147005	13808	3.6935415	-0.45608863
9147005	13809	3.6999612	-0.30985433
9147005	13810	3.6638603	-0.37129813
9147005	13811	3.6561275	-0.344312
9147005	13812	3.7472672	-0.4294774
9147005	13813	3.6554132	-0.3464657
9147005	13814	3.8861947	-0.66024554
9147005	13815	4.2191796	-0.815218
9147005	13816	4.0375175	-0.72339547
9147005	13817	4.315938	-0.92052686
9147005	13818	4.1890154	-0.8523313
9147005	13819	4.47334	-1.137029
9147005	13820	4.6111016	-1.1147078
9147005	13821	4.159704	-0.8075945
9147005	13822	4.489597	-1.1817279
9147005	13823	5.031599	-1.4897357
9147005	13824	5.0286593	-1.4628165
9147005	13825	4.931724	-1.4219208
9147005	13826	4.9710493	-2.9476707
9147005	13827	4.0696845	-2.1089795
9147005	13828	3.985083	-1.001336
9147005	13829	4.090083	-1.3762671
9147005	13830	3.831286	-0.9265522
9147005	13831	2.777402	-1.8190869
9147005	13832	2.3073316	-1.2929996
9147005	13833	1.7967674	-0.9740578
9147005	13834	1.9893941	-1.2810091
9147005	13835	4.0535145	-0.88090795
9147005	13836	4.1010566	-1.241154
9147005	13837	2.5816283	-1.4975536
9147005	13838	1.9283985	0.47407487
9147005	13839	1.8542653	0.5996963
9147005	13840	1.590573	1.0306556
9147005	13841	1.5757383	1.1187645
9147005	13842	2.6270652	-1.7504164
9147005	13843	1.351904	0.81318796
9147005	13844	0.9431039	1.5033265
9147005	13845	1.2400153	1.2529684
9147005	13846	1.0298725	1.4833032
9147005	13847	1.1893815	1.4577167
9147005	13848	1.4944931	1.0758243
9147005	13849	2.4230804	0.1996564
9147005	13850	2.927504	0.035533488
9147005	13851	3.0574946	-0.0865753
9147005	13852	3.164906	-0.20977701
9147005	13853	2.2277627	0.73172617
9147005	13854	1.9764553	0.61366
9147005	13855	2.1081085	0.4341282
9147005	13856	2.1994104	0.39076415
9147005	13857	2.627439	0.114397556
9147005	13858	2.9748778	-0.18626934
9147005	13859	2.70794	0.1166794
9147005	13860	2.6424217	0.09373811
9147005	13861	2.9949708	-0.16146562
9147005	13862	3.04952	-0.12867254
9147005	13863	2.7539349	0.070415586
9147005	13864	2.6633005	0.09828994
9147005	13865	3.0060558	-0.22422129
9147005	13866	2.8977928	-0.04015413
9147005	13867	2.647293	0.11140469
9147005	13868	2.9595366	-0.152726
9147005	13869	3.2928543	-0.34698635
9147005	13870	3.5108733	-0.5238457
9147005	13871	2.8327708	0.0035537183
9147005	13872	2.9938369	-0.24545433
9147005	13873	3.1766362	-0.2661361
9147005	13874	2.9647965	-0.09925428
9147005	13875	2.867373	0.02523601
9147005	13876	2.6536727	0.2844893
9147005	13877	2.7288995	0.047420055
9147005	13878	2.5700397	0.22762081
9147005	13879	2.3768473	0.38199964
9147005	13880	2.245916	0.388984
9147005	13881	2.3462563	0.45140633
9147005	13882	2.423294	0.45479795
9147005	13883	2.2912111	0.52254176
9147005	13884	2.4482117	0.38632444
9147005	13885	2.7807064	0.17352048
9147005	13886	2.2470455	0.5935384
9147005	13887	2.8630896	0.08598903
9147005	13888	3.3410478	-0.3737225
9147005	13889	3.0183873	-0.25596708
9147005	13890	2.726066	-0.005136609
9147005	13891	2.4657311	0.13902149
9147005	13892	2.5724726	0.11633834
9147005	13893	2.633607	0.08008054
9147005	13894	2.3675008	0.42379293
9147005	13895	2.5036502	0.32535967
9147005	13896	2.2939463	0.3212405
9147005	13897	2.66005	0.10068616
9147005	13898	2.661017	0.32057342
9147005	13899	3.1727266	-0.2187917
9147005	13900	2.626491	0.23113021
9147005	13901	3.4635758	-0.29780966
9147005	13902	3.7127547	-0.66767716
9147005	13903	3.795754	-0.6897069
9147005	13904	3.7290835	-0.6672665
9147005	13905	3.5970788	-0.7699902
9147005	13906	3.1570992	-0.34428453
9147005	13907	3.0602536	-0.3590495
9147005	13908	3.0117335	-0.28650367
9147005	13909	3.0179462	-0.28385293
9147005	13910	2.7541046	-0.04102707
9147005	13911	2.993444	-0.27918494
9147005	13912	3.061172	-0.26420587
9147005	13913	3.1183343	-0.300727
9147005	13914	3.2846823	-0.5402218
9147005	13915	3.6890712	-0.7569601
9147005	13916	3.678824	-0.69574106
9147005	13917	3.1222963	-0.3149488
9147005	13918	3.120545	-0.32693666
9147005	13919	3.380168	-0.5389872
9147005	13920	3.3355794	-0.46363238
9147005	13921	2.556127	0.24843326
9147005	13922	2.551146	0.20962259
9147005	13923	2.4536438	0.24157116
9147005	13924	2.4543772	0.25189355
9147005	13925	2.4166574	0.28870252
9147005	13926	2.910077	-0.18399659
9147005	13927	2.7764044	0.004291266
9147005	13928	2.8163314	-0.020876765
9147005	13929	3.47116	-0.46262154
9147005	13930	3.5869102	-0.57493377
9147005	13931	3.0467958	-0.19012329
9147005	13932	3.1409163	-0.24944688
9147005	13933	3.1970863	-0.2771086
9147005	13934	2.8947158	0.06776658
9147005	13935	3.0738692	-0.08795056
9147005	13936	2.810956	0.037789553
9147005	13937	2.8931112	-0.10150263
9147005	13938	2.7071772	0.2188448
9147005	13939	2.893962	0.14632782
9147005	13940	2.0367084	0.7522528
9147005	13941	2.4375982	0.48751733
9147005	13942	1.9611644	0.80996275
9147005	13943	2.054503	0.79836917
9147005	13944	1.0035145	1.7084506
9147005	13945	1.2227762	1.6659617
9147005	13946	0.949301	1.8306279
9147005	13947	1.3192086	-0.4723554
9147005	13948	0.82283986	1.3442439
9147005	13949	0.8131815	1.5580006
9147005	13950	1.094526	1.251262
9147005	13951	1.1665189	1.1661042
9147005	13952	1.1542752	1.2468424
9147005	13953	1.2281634	1.1403062
9147005	13954	1.2884101	1.1107411
9147005	13955	1.1528064	1.2898878
9147005	13956	1.0219312	1.4634738
9147005	13957	1.2112179	1.2055963
9147005	13958	1.4105227	0.99446595
9147005	13959	1.1599635	1.3741934
9147005	13960	1.3579246	1.0566871
9147005	13961	1.3834611	0.7853857
9147005	13962	0.8634949	1.4189141
9147005	13963	1.2608707	1.002371
9147005	13964	1.3556925	0.9179008
9147005	13965	1.4453325	0.8829298
9147005	13966	1.4403126	0.9028146
9147005	13967	1.627055	0.7275157
9147005	13968	1.8062013	0.5240134
9147005	13969	1.9479605	0.5367054
9147005	13970	2.3304586	0.18249497
9147005	13971	2.4083524	0.25424275
9147005	13972	2.3529758	0.29932323
9147005	13973	2.3561225	0.29165867
9147005	13974	2.3950796	0.2784144
9147005	13975	2.1013894	0.5300411
9147005	13976	2.029357	0.49262062
9147005	13977	2.000297	0.5053197
9147005	13978	2.0209317	0.57308996
9147005	13979	1.9448196	0.60307205
9147005	13980	1.879979	0.6711565
9147005	13981	1.776045	0.85542166
9147005	13982	1.7231461	0.7487173
9147005	13983	1.7065805	0.8207145
9147005	13984	1.6868604	0.8730074
9147005	13985	1.6827058	0.87771297
9147005	13986	1.5412439	0.97870195
9147005	13987	1.5654448	0.9428961
9147005	13988	1.6764549	0.85330737
9147005	13989	1.7869219	0.78775835
9147005	13990	1.755292	0.7793921
9147005	13991	1.4968671	1.2082789
9147005	13992	1.446567	1.0979712
9147005	13993	1.3504248	1.2224106
9147005	13994	1.2953645	1.2425727
9147005	13995	1.2250032	1.2683175
9147005	13996	1.0442791	1.5225812
9147005	13997	1.243238	1.5295594
9147005	13998	1.0410348	1.6800699
9147005	13999	1.0158832	1.8365088
9147005	14000	1.0633192	1.7720444
9147005	14001	1.0718077	1.7090428
9147005	14002	1.4396486	1.254777
9147005	14003	1.5614644	1.1996679
9147005	14004	1.5620183	1.1611365
9147005	14005	1.7862071	0.9685296
9147005	14006	1.9338957	0.75382864
9147005	14007	1.8735768	0.7764046
9147005	14008	1.7898327	0.84691095
9147005	14009	1.6059586	0.9585599
9147005	14010	1.7803186	0.93472946
9147005	14011	1.7765182	0.8505137
9147005	14012	1.8342682	0.92464066
9147005	14013	1.8138427	0.8883382
9147005	14014	1.6523575	1.1956146
9147005	14015	1.6236976	1.1082312
9147005	14016	1.5579911	1.2398885
9147005	14017	1.7353898	1.0168177
9147005	14018	1.5602847	1.175921
9147005	14019	1.666715	1.0524213
9147005	14020	1.6593698	1.0508313
9147005	14021	1.6540326	1.066413
9147005	14022	1.7218341	1.0794201
9147005	14023	1.6489738	0.99356985
9147005	14024	1.607484	1.1655307
9147005	14025	1.5804888	1.0546395
9147005	14026	1.5658149	1.1484541
9147005	14027	1.4959849	1.2348274
9147005	14028	1.4534903	1.2503648
9147005	14029	1.531062	1.1426226
9147005	14030	1.5779577	1.0920126
9147005	14031	1.4689884	1.2399081
9147005	14032	1.4120891	1.2688079
9147005	14033	1.5305773	1.2378153
9147005	14034	1.4991754	1.1693993
9147005	14035	1.5029835	1.2739246
9147005	14036	1.4622796	1.2329799
9147005	14037	1.4299244	1.3089451
9147005	14038	1.3891062	1.3342345
9147005	14039	1.3886184	1.3311175
9147005	14040	1.4008062	1.3132524
9147005	14041	1.3905572	1.3215688
9147005	14042	1.4638289	1.2095364
9147005	14043	1.5099653	1.2684453
9147005	14044	1.4323435	1.2560904
9147005	14045	1.3937621	1.3486418
9147005	14046	1.3871632	1.3947226
9147005	14047	1.3684052	1.3462156
9147005	14048	1.4475781	1.3845794
9147005	14049	1.3557136	1.3409199
9147005	14050	1.2688929	1.4832373
9147005	14051	1.2898538	1.4396691
9147005	14052	1.3965516	1.3056511
9147005	14053	1.417078	1.275226
9147005	14054	1.350018	1.3783805
9147005	14055	1.3252513	1.3942053
9147005	14056	1.3396786	1.3910242
9147005	14057	1.4650065	1.3386871
9147005	14058	1.470738	1.3417388
9147005	14059	1.4035895	1.322452
9147005	14060	1.4237784	1.3986713
9147005	14061	1.3885986	1.3496693
9147005	14062	1.3222896	1.5180923
9147005	14063	1.3109063	1.4517978
9147005	14064	1.2799734	1.5238619
9147005	14065	1.2569273	1.5306405
9147005	14066	1.2983528	1.4727589
9147005	14067	1.344708	1.4188287
9147005	14068	1.3684611	1.3969445
9147005	14069	1.3517771	1.417316
9147005	14070	1.35908	1.4076874
9147005	14071	1.4457232	1.2862525
9147005	14072	1.516693	1.307702
9147005	14073	1.4677768	1.2734874
9147005	14074	1.502433	1.3506852
9147005	14075	1.3736863	1.3904865
9147005	14076	1.4441652	1.3987418
9147005	14077	1.3690457	1.3798655
9147005	14078	1.3502584	1.4455688
9147005	14079	1.338105	1.4415705
9147005	14080	1.3386575	1.4358726
9147005	14081	1.3268435	1.4487568
9147005	14082	1.390688	1.4501828
9147005	14083	1.3428475	1.395302
9147005	14084	1.3704888	1.4210007
9147005	14085	1.3271174	1.460805
9147005	14086	1.3212296	1.4565005
9147005	14087	1.3182902	1.4565619
9147005	14088	1.4752945	1.326346
9147005	14089	1.4443548	1.3208585
9147005	14090	1.5658313	1.2431607
9147005	14091	1.5013365	1.2405865
9147005	14092	2.0559464	0.7506304
9147005	14093	1.9857324	0.6915364
9147005	14094	2.1824684	0.5316036
9147005	14095	1.9043461	0.7381002
9147005	14096	2.3368402	0.4119586
9147005	14097	2.3145537	0.3376566
9147005	14098	2.141552	0.44138166
9147005	14099	2.0666947	0.5777879
9147005	14100	1.8057302	0.9016434
9147005	14101	2.2009425	0.5616635
9147005	14102	2.0070863	0.7418573
9147005	14103	2.1884923	0.6007323
9147005	14104	2.2287045	0.54919195
9147005	14105	2.169488	0.5931629
9147005	14106	2.0257835	0.67359483
9147005	14107	1.7524635	0.8947922
9147005	14108	1.5363854	1.157243
9147005	14109	2.0397506	0.6048347
9147005	14110	2.7626257	0.04847619
9147005	14111	2.5699687	0.22617605
9147005	14112	2.6811256	-0.07178286
9147005	14113	2.6131835	0.07147828
9147005	14114	2.4637675	0.22973517
9147005	14115	2.4799976	0.15509
9147005	14116	2.6205206	0.0564979
9147005	14117	2.5919724	0.0881463
9147005	14118	1.8456348	0.93626165
9147005	14119	1.7753443	0.79504657
9147005	14120	2.0676804	0.9135734
9147005	14121	2.3160105	0.70026004
9147005	14122	1.7610766	1.0819209
9147005	14123	1.6829177	1.05804
9147005	14124	1.5017425	1.2447977
9147005	14125	1.4343793	1.2549396
9147005	14126	1.8760601	0.82770157
9147005	14127	1.3370034	1.4009068
9147005	14128	0.506341	2.3555486
9147005	14129	0.38061464	2.6076527
9147005	14130	0.17902946	2.7536936
9147005	14131	0.5804523	0.057939976
9147005	14132	0.8102071	-0.3003282
9147005	14133	1.0741554	-0.4500724
9147005	14134	1.065719	-0.49731588
9147005	14135	0.883541	-0.27534667
9147005	14136	0.7167655	1.8717864
9147005	14137	0.6627345	1.9251063
9147005	14138	0.7360933	1.765543
9147005	14139	0.23464805	2.6115878
9147005	14140	0.4211082	2.2316766
9147005	14141	0.7135451	-0.04664126
9147005	14142	-0.0179407	2.4057565
9147005	14143	0.38561773	2.0683136
9147005	14144	0.4332173	1.9603748
9147005	14145	1.5411931	-0.77392036
9147005	14146	1.4502453	-0.7775815
9147005	14147	3.0148897	-0.6040274
9147005	14148	2.6464539	-0.37659302
9147005	14149	2.465033	-0.13187945
9147005	14150	2.3627977	-0.120646894
9147005	14151	2.2991934	-0.012006372
9147005	14152	2.2515745	-0.014957368
9147005	14153	2.2141428	0.055285662
9147005	14154	2.1637173	0.122513205
9147005	14155	2.0802321	0.16086999
9147005	14156	0.3332036	1.8877442
9147005	14157	0.27000803	2.161508
9147005	14158	0.38725162	2.144485
9147005	14159	0.42810458	2.076437
9147005	14160	1.3592863	-1.1821482
9147005	14161	0.6847464	1.570591
9147005	14162	0.6099261	1.8927798
9147005	14163	0.61811626	1.7719355
9147005	14164	0.65249074	1.7944939
9147005	14165	0.72868395	1.6723964
9147005	14166	0.58394265	1.8697195
9147005	14167	1.8234476	-1.1666465
9147005	14168	1.9352885	-1.069768
9147005	14169	1.7957984	-1.003363
9147005	14170	1.5689393	-0.8977641
9147005	14171	0.7986455	1.6329858
9147005	14172	0.57333386	1.9599416
9147005	14173	0.69059086	1.7877986
9147005	14174	0.6074785	1.8434057
9147005	14175	0.6665065	1.7684922
9147005	14176	0.43368226	2.0805635
9147005	14177	0.4034738	2.1464887
9147005	14178	0.4173084	2.0882912
9147005	14179	0.5189736	1.9318459
9147005	14180	0.5094279	1.9350286
9147005	14181	1.0271232	1.2976168
9147005	14182	0.6718329	1.760472
9147005	14183	0.998585	1.3967003
9147005	14184	1.0750028	1.1831405
9147005	14185	0.66081583	1.7961681
9147005	14186	0.38247305	2.0445173
9147005	14187	0.3666299	2.1585398
9147005	14188	-0.34870583	3.0736983
9147005	14189	-0.5754847	3.568702
9147005	14190	-0.40758276	2.7674258
9147005	14191	0.58306277	-0.41617408
9147005	14192	0.80355084	-1.0476488
9147005	14193	1.1157403	-1.2661767
9147005	14194	0.93592036	-1.1670161
9147005	14195	2.260046	-0.9988241
9147005	14196	2.2023187	-1.20864
9147005	14197	2.2227492	-1.1253897
9147005	14198	2.190734	-1.2688202
9147005	14199	1.2589972	0.93862534
9147005	14200	1.2759011	0.92297673
9147005	14201	1.3743938	0.83122015
9147005	14202	1.1375602	1.3341775
9147005	14203	1.1069784	1.2302741
9147005	14204	1.4938132	0.88494694
9147005	14205	1.1082594	1.4436986
9147005	14206	1.2200143	1.1400194
9147005	14207	1.6837343	0.6864886
9147005	14208	1.0237145	1.6898541
9147005	14209	1.4283578	1.2302676
9147005	14210	1.2808824	1.3739918
9147005	14211	1.0418137	1.6638782
9147005	14212	0.98607576	1.6667278
9147005	14213	1.0753847	1.5344115
9147005	14214	0.81983066	1.858284
9147005	14215	0.78678966	1.9070048
9147005	14216	0.820438	1.9106462
9147005	14217	0.8442339	1.8844619
9147005	14218	0.9200213	1.7856715
9147005	14219	0.89657414	1.8628969
9147005	14220	0.95978105	1.7988722
9147005	14221	0.9324844	1.8341899
9147005	14222	0.9794831	1.7897642
9147005	14223	0.9565158	1.8310103
9147005	14224	0.97294676	1.822303
9147005	14225	0.9357555	1.8688943
9147005	14226	0.9566808	1.843451
9147005	14227	0.88062274	2.0621545
9147005	14228	0.9867141	1.750628
9147005	14229	0.68648994	2.080482
9147005	14230	0.56763256	2.1956325
9147005	14231	0.53950024	2.2126188
9147005	14232	0.5443138	2.213875
9147005	14233	0.3860429	2.691088
9147005	14234	0.5153928	2.3953884
9147005	14235	0.66427207	-0.32882676
9147005	14236	0.70803463	-0.26908183
9147005	14237	2.4977627	-0.35155657
9147005	14238	2.444583	-0.19533122
9147005	14239	2.4766302	-0.17746872
9147005	14240	2.7872238	-0.3311299
9147005	14241	2.7709413	-0.20780393
9147005	14242	3.0914354	-0.33670187
9147005	14243	3.4478765	-0.4328466
9147005	14244	0.8693285	-0.35714233
9147005	14245	0.8360982	-0.3540854
9147005	14246	0.68313944	1.6023328
9147005	14247	0.5210601	2.043722
9147005	14248	0.6785693	1.8770046
9147005	14249	1.407873	1.1003269
9147005	14250	1.5440122	0.9843669
9147005	14251	1.5336598	1.0912514
9147005	14252	1.7334207	0.73595893
9147005	14253	2.0567813	0.2977436
9147005	14254	2.9004889	-0.34277278
9147005	14255	2.6095004	0.060293823
9147005	14256	2.7586513	-0.26707157
9147005	14257	2.9226665	-0.3090005
9147005	14258	2.7634182	-0.15136302
9147005	14259	2.4816756	0.017685711
9147005	14260	3.0793118	-0.8155762
9147005	14261	2.1259847	-0.996765
9147005	14262	2.1235352	-1.2425268
9147005	14263	1.8103305	-0.9459822
9147005	14264	1.2771517	-0.5661298
9147005	14265	0.8231536	1.4229378
9147005	14266	0.5677471	1.9142647
9147005	14267	0.685168	1.7369413
9147005	14268	0.58151007	2.1057346
9147005	14269	0.5507015	2.020728
9147005	14270	0.98125505	1.437097
9147005	14271	1.1566501	1.2302308
9147005	14272	1.0815095	1.3926361
9147005	14273	1.2677362	1.0691389
9147005	14274	1.1345032	1.1869539
9147005	14275	0.9302709	1.5424492
9147005	14276	0.73035	1.696275
9147005	14277	1.0807147	1.4460504
9147005	14278	0.8649298	1.708786
9147005	14279	1.1922598	1.2753562
9147005	14280	1.4316467	1.1016544
9147005	14281	0.9946941	1.6010637
9147005	14282	1.0847191	1.4638318
9147005	14283	0.7749469	1.8355553
9147005	14284	0.90879166	1.7589738
9147005	14285	1.4656806	1.0813307
9147005	14286	2.163897	0.09527543
9147005	14287	2.4381852	0.071893245
9147005	14288	2.2203627	0.42779252
9147005	14289	1.8261939	0.7428993
9147005	14290	1.6815711	0.9067972
9147005	14291	1.7022585	0.6933687
9147005	14292	1.6648618	0.5980785
9147005	14293	1.6304454	0.7920128
9147005	14294	1.5786265	0.85254633
9147005	14295	1.6013285	0.82611203
9147005	14296	1.6636263	0.682744
9147005	14297	1.8010241	0.5798634
9147005	14298	1.9474493	0.4854283
9147005	14299	2.080204	0.3686163
9147005	14300	2.559863	-0.009293139
9147005	14301	2.9490108	-0.30665296
9147005	14302	3.1813679	-0.39159518
9147005	14303	3.2915936	-0.43572438
9147005	14304	2.8361297	-0.09355053
9147005	14305	3.343339	-0.52609134
9147005	14306	3.0522113	-0.23144893
9147005	14307	2.8826613	-0.11468881
9147005	14308	2.7971768	-0.10558343
9147005	14309	2.895783	-0.1429627
9147005	14310	2.725852	-0.009208351
9147005	14311	2.4591732	0.1931999
9147005	14312	2.4336162	0.16315946
9147005	14313	2.5363903	0.1549587
9147005	14314	2.567142	0.09982595
9147005	14315	2.688603	0.020132333
9147005	14316	2.1671548	0.4856563
9147005	14317	2.348269	0.33432272
9147005	14318	2.211277	0.55072844
9147005	14319	2.0935392	0.509797
9147005	14320	2.271534	0.2407532
9147005	14321	2.5790896	0.12283358
9147005	14322	3.2327433	-0.58841026
9147005	14323	3.6279907	-0.88299024
9147005	14324	3.4635315	-0.6437082
9147005	14325	3.2929072	-0.68665254
9147005	14326	2.7025046	-0.13111442
9147005	14327	2.699029	-0.14990813
9147005	14328	2.7910657	-0.23970938
9147005	14329	2.7658186	-0.13555217
9147005	14330	3.7673674	-1.0263611
9147005	14331	3.5498838	-0.6721966
9147005	14332	3.505639	-0.69712085
9147005	14333	3.3322358	-0.571536
9147005	14334	3.4597263	-0.67892116
9147005	14335	2.6183867	0.09987119
9147005	14336	2.6901636	0.014765292
9147005	14337	2.6334538	0.043359846
9147005	14338	3.3094363	-0.46301603
9147005	14339	4.1132135	-1.0375607
9147005	14340	4.172319	-1.0119448
9147005	14341	3.9678535	-0.9023668
9147005	14342	3.9195223	-0.889416
9147005	14343	4.012539	-0.98588586
9147005	14344	4.0137434	-0.9348068
9147005	14345	3.9626784	-0.92780924
9147005	14346	3.9755464	-0.92192614
9147005	14347	3.9868827	-0.9390631
9147005	14348	3.5665545	-0.5604936
9147005	14349	3.741372	-0.81081665
9147005	14350	3.9379883	-0.8647101
9147005	14351	3.6881733	-0.60236835
9147005	14352	3.4142938	-0.43389973
9147005	14353	3.038166	-0.15195706
9147005	14354	2.4449725	0.34546378
9147005	14355	2.5428877	0.23490635
9147005	14356	2.192521	0.56363976
9147005	14357	1.8250874	0.83169115
9147005	14358	1.702943	0.9069059
9147005	14359	1.572528	1.0485402
9147005	14360	1.8800477	0.7757751
9147005	14361	2.0820107	0.49245855
9147005	14362	2.27778	0.4602724
9147005	14363	2.334292	0.36941323
9147005	14364	2.294681	0.36792746
9147005	14365	2.3498554	0.44873586
9147005	14366	2.7923126	-0.051972866
9147005	14367	3.030818	-0.124706626
9147005	14368	2.7001925	0.1341559
9147005	14369	2.9528618	-0.06636649
9147005	14370	2.468408	0.20989892
9147005	14371	2.3872328	0.33254883
9147005	14372	2.2810016	0.5284617
9147005	14373	2.1303296	0.5250958
9147005	14374	2.0891604	0.6073277
9147005	14375	2.1120472	0.6010915
9147005	14376	2.0050068	0.6689112
9147005	14377	2.3554049	0.46486554
9147005	14378	2.2638726	0.38994512
9147005	14379	2.6090994	0.17328039
9147005	14380	2.256063	0.47894898
9147005	14381	2.3013525	0.403614
9147005	14382	2.1976395	0.5077665
9147005	14383	2.2787962	0.21383896
9147005	14384	1.8726064	0.6437571
9147005	14385	1.8455003	0.64634705
9147005	14386	1.9930717	0.5650836
9147005	14387	2.5531259	0.048947066
9147005	14388	2.206203	0.44144216
9147005	14389	2.3508263	0.16719219
9147005	14390	2.6384802	0.060524136
9147005	14391	2.4417448	0.07191411
9147005	14392	3.1167307	-0.4489502
9147005	14393	3.4346714	-0.5922668
9147005	14394	3.3133984	-0.43905616
9147005	14395	3.2468162	-0.39207038
9147005	14396	3.350428	-0.4230338
9147005	14397	3.327228	-0.40109956
9147005	14398	3.0218644	-0.14675489
9147005	14399	3.5757036	-0.5846058
9147005	14400	3.0842519	-0.18340957
9147005	14401	3.459918	-0.56940925
9147005	14402	3.6084228	-0.5765858
9147005	14403	3.5631475	-0.61598516
9147005	14404	3.8926144	-0.9322516
9147005	14405	4.283107	-1.3325874
9147005	14406	4.3334055	-1.2005079
9147005	14407	4.3987575	-1.3444191
9147005	14408	4.4169245	-1.2717205
9147005	14409	4.268519	-1.2195573
9147005	14410	4.346376	-1.28975
9147005	14411	4.1756167	-1.1822933
9147005	14412	4.206911	-1.1824701
9147005	14413	4.1111574	-1.1594653
9147005	14414	4.162764	-1.1523666
9147005	14415	4.184275	-1.199598
9147005	14416	4.15227	-1.1735461
9147005	14417	4.1803403	-1.2084798
9147005	14418	4.1027765	-1.1482415
9147005	14419	4.1851425	-1.2306256
9147005	14420	4.0870714	-1.1346601
9147005	14421	4.133284	-1.2014917
9147005	14422	4.0813255	-1.141721
9147005	14423	4.1121593	-1.1902276
9147005	14424	4.032376	-1.1164794
9147005	14425	4.1354933	-1.2163322
9147005	14426	4.022973	-1.1058204
9147005	14427	4.0940633	-1.1932817
9147005	14428	4.022878	-1.1125909
9147005	14429	4.0723443	-1.1768583
9147005	14430	4.01014	-1.1099811
9147005	14431	4.063011	-1.1710523
9147005	14432	3.9840813	-1.0919797
9147005	14433	4.0511017	-1.1692219
9147005	14434	4.0064692	-1.1436771
9147005	14435	4.06819	-1.1377223
9147005	14436	3.902986	-1.0770648
9147005	14437	4.1501336	-1.1494927
9147005	14438	4.3027315	-1.3000549
9147005	14439	4.400498	-1.2962462
9147005	14440	3.8389916	-0.90847296
9147005	14441	3.8948731	-1.0447855
9147005	14442	4.4298115	-1.4291954
9147005	14443	4.2042356	-1.2074599
9147005	14444	4.1198034	-1.191278
9147005	14445	4.1107135	-1.1936063
9147005	14446	4.495716	-1.4705272
9147005	14447	3.9739008	-1.1555672
9147005	14448	4.0880136	-1.184182
9147005	14449	4.1035943	-1.2456623
9147005	14450	4.116354	-1.16954
9147005	14451	3.180799	-2.076321
9147005	14452	3.491496	-1.9075423
9147005	14453	1.8757724	0.22531971
9147005	14454	2.0327911	0.33073565
9147005	14455	2.057271	0.41159567
9147005	14456	2.2009578	0.2479339
9147005	14457	2.9987268	-0.46852684
9147005	14458	3.2079077	-0.5198642
9147005	14459	2.9150267	-0.29707158
9147005	14460	2.6455379	-0.10950416
9147005	14461	2.501976	0.02694285
9147005	14462	2.4753857	0.027128696
9147005	14463	2.6027918	-0.07465771
9147005	14464	2.640584	-0.072803885
9147005	14465	2.6041217	-0.06280926
9147005	14466	2.6782079	-0.112677425
9147005	14467	3.0661197	-0.4219657
9147005	14468	3.2300906	-0.55061835
9147005	14469	3.2022552	-0.5490407
9147005	14470	1.208401	-0.81331456
9147005	14471	0.91941583	1.4263957
9147005	14472	0.65788555	1.8122241
9147005	14473	0.51520014	1.9550595
9147005	14474	0.70537496	1.7809474
9147005	14475	0.66253936	1.7933161
9147005	14476	0.68894815	1.783828
9147005	14477	0.41384834	-0.645072
9147005	14478	0.6805124	-0.46881935
9147005	14479	0.82781196	-0.5181629
9147005	14480	0.79917896	1.4485754
9147005	14481	0.77056146	1.5545704
9147005	14482	0.37793952	2.1903539
9147005	14483	0.74479127	1.7533255
9147005	14484	0.95018184	-0.87356365
9147005	14485	1.0864407	-0.6606172
9147005	14486	1.1281457	-0.62300336
9147005	14487	0.8795055	1.4294589
9147005	14488	0.8662462	1.5563805
9147005	14489	0.77606416	1.7018101
9147005	14490	0.84338903	1.7100625
9147005	14491	0.9612727	1.6009824
9147005	14492	0.90689254	-0.7316086
9147005	14493	0.98032665	-0.55139595
9147005	14494	0.90342355	-0.4491619
9147005	14495	2.6875982	-0.3350194
9147005	14496	2.4861436	-0.15600976
9147005	14497	2.3048716	-0.042197198
9147005	14498	2.0893054	0.20812783
9147005	14499	1.8715543	0.29617712
9147005	14500	1.8567172	0.3008099
9147005	14501	2.0077896	0.1609337
9147005	14502	1.9169236	0.24350515
9147005	14503	1.6547514	0.6230986
9147005	14504	1.5330268	0.5999825
9147005	14505	1.7492596	0.38080427
9147005	14506	0.7815846	1.7683153
9147005	14507	0.418876	1.9864292
9147005	14508	0.28598213	2.3344383
9147005	14509	1.159075	-0.46987328
9147005	14510	2.2172785	-1.3789734
9147005	14511	1.9213861	-0.91046596
9147005	14512	2.0038853	-1.0847834
9147005	14513	1.9150513	-0.9942119
9147005	14514	1.7829655	-0.8706616
9147005	14515	0.95875025	1.2839494
9147005	14516	1.0268161	1.3048208
9147005	14517	1.3591744	0.73490727
9147005	14518	1.6478361	0.4260787
9147005	14519	1.6468946	0.66084564
9147005	14520	3.051054	-1.6390837
9147005	14521	2.86656	-1.3889154
9147005	14522	2.3737478	-1.0851436
9147005	14523	3.5442119	-0.6113724
9147005	14524	3.4225917	-0.6536977
9147005	14525	2.7565784	-0.1687972
9147005	14526	2.9798841	-0.41593823
9147005	14527	3.1013746	-0.52438426
9147005	14528	0.9664732	-0.3258201
9147005	14529	0.38297975	1.7832005
9147005	14530	0.42208683	1.9227679
9147005	14531	0.43495214	1.9260736
9147005	14532	1.6299728	-1.196681
9147005	14533	2.1734943	-1.1442252
9147005	14534	3.3917785	-0.43808168
9147005	14535	2.3834672	0.012567431
9147005	14536	2.364039	0.09659538
9147005	14537	2.390387	-0.03102386
9147005	14538	2.5029259	-0.07669759
9147005	14539	3.0016437	-0.42660066
9147005	14540	3.0982838	-0.41165742
9147005	14541	2.6341138	-0.014852047
9147005	14542	3.3429399	-0.6247729
9147005	14543	2.5698404	0.017775595
9147005	14544	2.651918	-0.26128304
9147005	14545	2.7451568	-0.26081502
9147005	14546	2.664845	-0.16117275
9147005	14547	2.6573358	-0.17796442
9147005	14548	2.616118	-0.16081145
9147005	14549	2.8321362	-0.2941171
9147005	14550	2.4992394	-0.044517994
9147005	14551	2.8226075	-0.3115199
9147005	14552	3.5698051	-0.8404695
9147005	14553	3.7916274	-1.0051229
9147005	14554	3.8297067	-1.03313
9147005	14555	3.5311265	-0.8858601
9147005	14556	3.4770198	-0.82587385
9147005	14557	1.2820219	-0.73159546
9147005	14558	0.6633017	1.4164464
9147005	14559	0.35908985	1.9713035
9147005	14560	0.5528854	1.8356948
9147005	14561	0.7448423	1.740289
9147005	14562	1.4258175	-1.1374792
9147005	14563	2.3073583	-1.5609807
9147005	14564	1.7276186	-0.7403132
9147005	14565	1.8406459	-1.1253344
9147005	14566	3.351336	-0.5959406
9147005	14567	3.041749	-0.6619661
9147005	14568	3.3721333	-0.82295656
9147005	14569	3.9176044	-1.1875085
9147005	14570	1.2344707	-0.722208
9147005	14571	1.0958164	-0.65795463
9147005	14572	0.7743156	1.408967
9147005	14573	0.2743699	1.8855627
9147005	14574	0.8362558	1.2745826
9147005	14575	1.0880815	1.0979012
9147005	14576	0.97466934	1.2478852
9147005	14577	1.0067818	1.2829964
9147005	14578	1.8004655	-1.3186605
9147005	14579	2.2927747	-1.4092164
9147005	14580	1.7961296	-0.7953408
9147005	14581	3.2168193	-0.71262676
9147005	14582	3.0241055	-0.6189511
9147005	14583	3.167264	-0.6459173
9147005	14584	3.0353532	-0.53193915
9147005	14585	3.1057177	-0.5395502
9147005	14586	4.0099707	-1.2341412
9147005	14587	4.0492926	-1.3466443
9147005	14588	3.718236	-1.1020527
9147005	14589	1.1442413	-0.8885586
9147005	14590	0.66066647	1.1238148
9147005	14591	0.5124538	1.520729
9147005	14592	-0.06341183	2.475148
9147005	14593	-0.056674987	2.5673656
9147005	14594	-0.04136756	2.6196177
9147005	14595	1.0046221	-0.8884411
9147005	14596	1.1547889	-0.6192273
9147005	14597	0.98055744	-0.32536072
9147005	14598	2.5497336	-0.29411143
9147005	14599	2.7751122	-0.5100829
9147005	14600	3.1066713	-0.61278915
9147005	14601	2.6375637	-0.14367434
9147005	14602	2.398337	-0.033703774
9147005	14603	2.734345	-0.42975047
9147005	14604	2.9374428	-0.50204915
9147005	14605	2.5546641	-0.16635722
9147005	14606	2.7318983	-0.30562764
9147005	14607	2.7543335	-0.31763345
9147005	14608	2.968113	-0.5152239
9147005	14609	1.0538812	-0.45152703
9147005	14610	0.77322435	-0.18598282
9147005	14611	0.6432067	1.5086094
9147005	14612	0.60859513	1.6027582
9147005	14613	0.59032655	1.7402151
9147005	14614	1.6717411	-1.3693988
9147005	14615	1.9847351	-1.1526862
9147005	14616	3.16856	-0.52685094
9147005	14617	0.47291893	-0.036279112
9147005	14618	0.14304537	0.2439672
9147005	14619	0.28154027	2.1869354
9147005	14620	0.24364275	2.073751
9147005	14621	0.29742515	2.0887394
9147005	14622	0.39824623	2.00114
9147005	14623	0.6521436	1.7298257
9147005	14624	0.9512743	1.4949329
9147005	14625	1.3345232	1.0195
9147005	14626	1.5919734	0.67387605
9147005	14627	1.620947	0.73281837
9147005	14628	1.7076389	0.7078873
9147005	14629	1.1786672	1.2399962
9147005	14630	1.3274261	1.0086175
9147005	14631	1.5534898	0.71379054
9147005	14632	1.6366247	0.6727934
9147005	14633	1.8064314	0.49430016
9147005	14634	1.7278582	0.63109994
9147005	14635	0.8977586	1.5965803
9147005	14636	1.0281044	1.281332
9147005	14637	1.020002	1.1637461
9147005	14638	1.2797756	1.0643346
9147005	14639	1.1348538	1.1939875
9147005	14640	0.7868128	1.5106959
9147005	14641	0.7420305	1.6274109
9147005	14642	0.80454946	1.5302253
9147005	14643	0.4232183	2.1358364
9147005	14644	0.27878135	2.2820508
9147005	14645	0.6366159	-0.34076387
9147005	14646	0.8659514	-0.51698196
9147005	14647	0.8098557	-0.2918101
9147005	14648	2.047348	-0.17145768
9147005	14649	1.9705478	-0.055155665
9147005	14650	2.0834627	-0.0913133
9147005	14651	2.0538988	0.028963447
9147005	14652	1.955069	0.078375906
9147005	14653	1.9652549	0.10367414
9147005	14654	2.0691748	0.008358479
9147005	14655	2.0378437	0.0753617
9147005	14656	1.8677431	0.36458847
9147005	14657	1.8075715	0.27395812
9147005	14658	1.8614279	0.3097904
9147005	14659	2.1197119	0.06145838
9147005	14660	2.3294759	-0.044335842
9147005	14661	2.3797045	-0.04172042
9147005	14662	1.68358	0.64073193
9147005	14663	1.6103	0.52547944
9147005	14664	1.4305872	0.8861637
9147005	14665	1.2374063	1.0574092
9147005	14666	1.506126	0.73090243
9147005	14667	1.6396598	0.70240974
9147005	14668	1.6332234	0.68700206
9147005	14669	1.2988303	0.9705335
9147005	14670	1.0541177	1.4108262
9147005	14671	0.89536715	1.5505772
9147005	14672	0.82066417	1.6284993
9147005	14673	0.7565744	1.6393886
9147005	14674	0.8160076	1.6216962
9147005	14675	0.9440284	1.4749345
9147005	14676	1.3001904	0.9484732
9147005	14677	1.1547298	1.025961
9147005	14678	1.0392162	1.164839
9147005	14679	1.1892122	0.96462464
9147005	14680	1.1771973	1.0842297
9147005	14681	1.6130089	0.4751555
9147005	14682	1.9098071	0.33938137
9147005	14683	2.0708914	0.21889433
9147005	14684	2.6219525	-0.13817805
9147005	14685	2.0414133	0.42707273
9147005	14686	1.7727028	0.52290916
9147005	14687	1.783733	0.49110684
9147005	14688	1.7942795	0.5154891
9147005	14689	1.7348272	0.5918094
9147005	14690	1.8369249	0.46636114
9147005	14691	1.3235667	0.983853
9147005	14692	1.2342241	1.0947741
9147005	14693	1.3459061	0.8425193
9147005	14694	1.2945335	0.9998735
9147005	14695	1.245832	1.0697759
9147005	14696	1.2596973	1.0579298
9147005	14697	1.3411407	0.91897297
9147005	14698	0.8211657	1.5773118
9147005	14699	0.8514191	1.5133795
9147005	14700	1.0473251	1.3006483
9147005	14701	0.72653246	1.656353
9147005	14702	0.82857096	1.6716049
9147005	14703	0.9185145	1.4130654
9147005	14704	0.61328006	1.7490594
9147005	14705	0.64693546	1.6593757
9147005	14706	0.55742645	1.8540142
9147005	14707	0.5657693	1.8453054
9147005	14708	1.0810267	1.158546
9147005	14709	0.5974277	1.8381498
9147005	14710	0.6942569	1.7059596
9147005	14711	0.6130793	1.8543482
9147005	14712	0.744007	1.5257396
9147005	14713	0.58573735	1.8782666
9147005	14714	0.41542578	2.1597924
9147005	14715	0.3642016	2.1073625
9147005	14716	0.48058897	2.0180724
9147005	14717	0.75557446	1.7289608
9147005	14718	0.6917318	1.9087489
9147005	14719	0.9314381	1.623246
9147005	14720	0.94022036	1.6710033
9147005	14721	0.91688716	1.7137709
9147005	14722	1.7081786	0.80133605
9147005	14723	2.1246114	0.5875416
9147005	14724	2.2994032	0.5354698
9147005	14725	2.2475934	0.5774852
9147005	14726	1.7459141	1.0953205
9147005	14727	1.7565111	0.90763116
9147005	14728	1.5995544	1.1268663
9147005	14729	1.5202175	1.1533581
9147005	14730	1.3248485	1.3566686
9147005	14731	1.5340699	1.1214149
9147005	14732	1.5942432	1.0530514
9147005	14733	1.8164796	0.8403202
9147005	14734	1.715794	0.91415036
9147005	14735	1.6465825	1.0290934
9147005	14736	1.8423146	0.8078172
9147005	14737	1.8250684	0.87918115
9147005	14738	1.8061427	0.92328525
9147005	14739	1.7072827	1.018825
9147005	14740	1.5873505	1.1317391
9147005	14741	1.7045895	0.98495746
9147005	14742	2.208809	0.51228786
9147005	14743	2.530065	0.31535026
9147005	14744	1.8669194	0.9643142
9147005	14745	1.4802386	1.2775141
9147005	14746	1.5147425	1.2029587
9147005	14747	1.7804979	0.91392434
9147005	14748	1.7339824	1.0337534
9147005	14749	1.2641302	1.5101041
9147005	14750	1.388671	1.3653148
9147005	14751	1.2769868	1.4385427
9147005	14752	1.5053867	1.2354485
9147005	14753	1.349699	1.5122446
9147005	14754	1.3829367	1.4329336
9147005	14755	1.2605524	1.5414186
9147005	14756	1.2373236	1.6590846
9147005	14757	1.3135512	1.4017793
9147005	14758	1.4268432	1.2938094
9147005	14759	1.4210923	1.3479518
9147005	14760	1.3769666	1.3878782
9147005	14761	1.3015182	1.4626096
9147005	14762	1.3450116	1.5221319
9147005	14763	1.3689114	1.3848532
9147005	14764	1.3347652	1.458365
9147005	14765	1.2700796	1.5216116
9147005	14766	1.253529	1.6287689
9147005	14767	1.2756746	1.5081595
9147005	14768	1.2478001	1.5510211
9147005	14769	1.2158875	1.6820366
9147005	14770	1.2213918	1.5646052
9147005	14771	1.1372533	1.676291
9147005	14772	1.0268571	1.7999287
9147005	14773	1.0919254	1.5629687
9147005	14774	1.19087	1.5218606
9147005	14775	1.1572812	1.6838524
9147005	14776	1.0822691	1.8082352
9147005	14777	1.0308449	1.7694318
9147005	14778	0.98227465	1.9445877
9147005	14779	0.95370245	1.8582232
9147005	14780	0.95606244	1.9629102
9147005	14781	0.88639855	2.0512035
9147005	14782	0.8860147	1.9410722
9147005	14783	0.9069178	1.9455147
9147005	14784	0.85020506	1.9971864
9147005	14785	0.8647357	1.9763353
9147005	14786	0.8825016	2.0430229
9147005	14787	0.9194602	1.8911505
9147005	14788	0.8725077	2.0420058
9147005	14789	0.846663	1.9824917
9147005	14790	0.9519764	1.8294363
9147005	14791	0.88111115	1.95959
9147005	14792	0.8383795	2.007327
9147005	14793	0.87573695	1.900538
9147005	14794	0.9859487	1.8104975
9147005	14795	0.9800631	1.8586345
9147005	14796	1.0491887	1.7886143
9147005	14797	1.2950665	1.5774374
9147005	14798	1.3106707	1.5888281
9147005	14799	1.253423	1.6967149
9147005	14800	1.560335	1.3415956
9147005	14801	1.4433819	1.604429
9147005	14802	1.418934	1.556545
9147005	14803	1.8681437	1.1179284
9147005	14804	2.0980353	1.0363463
9147005	14805	1.7892014	1.3270533
9147005	14806	1.7080847	1.192937
9147005	14807	1.9643391	1.0164654
9147005	14808	1.6726958	1.408609
9147005	14809	1.8787779	1.0911039
9147005	14810	1.7661296	1.2232403
9147005	14811	1.7167093	1.2432196
9147005	14812	1.6004876	1.3388879
9147005	14813	1.5502709	1.4372219
9147005	14814	1.5154811	1.4012802
9147005	14815	1.4345393	1.485087
9147005	14816	1.4733305	1.4615077
9147005	14817	1.4137965	1.5113683
9147005	14818	1.6542703	1.2753363
9147005	14819	1.7847952	1.1492107
9147005	14820	1.7148808	1.2853642
9147005	14821	1.5795509	1.2842083
9147005	14822	1.6545137	1.2839768
9147005	14823	1.5680636	1.3618672
9147005	14824	1.5094625	1.4606687
9147005	14825	1.4646779	1.4159559
9147005	14826	1.3151234	1.6025422
9147005	14827	1.2068455	1.6517489
9147005	14828	1.0820844	1.7235961
9147005	14829	1.3625329	1.5028023
9147005	14830	1.0878669	1.8085809
9147005	14831	1.3101269	1.5554471
9147005	14832	1.176584	1.7771316
9147005	14833	1.283583	1.6485283
9147005	14834	1.1756512	1.8046081
9147005	14835	1.1671335	1.7383282
9147005	14836	1.003311	1.8653038
9147005	14837	1.476622	1.3286065
9147005	14838	1.7212487	1.2295955
9147005	14839	1.6752902	1.336381
9147005	14840	1.5612818	1.360174
9147005	14841	1.5041333	1.4322735
9147005	14842	1.6186424	1.20728
9147005	14843	1.4067296	1.4762751
9147005	14844	1.48989	1.3727456
9147005	14845	1.4116974	1.3929051
9147005	14846	1.3112123	1.5563724
9147005	14847	1.2877898	1.5751793
9147005	14848	1.2665443	1.590889
9147005	14849	1.205581	1.7117765
9147005	14850	1.1627076	1.6612189
9147005	14851	1.2191778	1.6995771
9147005	14852	1.1219809	1.7310901
9147005	14853	1.1888044	1.6986096
9147005	14854	1.1438265	1.7343082
9147005	14855	1.1929525	1.619118
9147005	14856	1.0981236	1.7824821
9147005	14857	1.1104808	1.8198414
9147005	14858	1.0729611	1.7456021
9147005	14859	1.157367	1.7171876
9147005	14860	1.0572193	1.8726017
9147005	14861	1.0111837	1.8340442
9147005	14862	1.6142343	1.1570933
9147005	14863	1.4420406	1.2884578
9147005	14864	1.3151846	1.4292768
9147005	14865	1.6579579	1.0976424
9147005	14866	1.3704467	1.6191354
9147005	14867	1.6037692	1.305235
9147005	14868	0.92771196	1.921613
9147005	14869	1.1317732	1.6101003
9147005	14870	1.0087535	1.7843723
9147005	14871	0.995664	1.7864559
9147005	14872	0.8803222	1.9944127
9147005	14873	0.86275315	1.9273701
9147005	14874	0.8238288	2.0084226
9147005	14875	0.72513986	2.1225686
9147005	14876	0.8263303	2.0045035
9147005	14877	0.7686596	2.0466971
9147005	14878	0.775875	2.0148697
9147005	14879	0.6218053	2.276473
9147005	14880	0.5245166	2.3855336
9147005	14881	0.44627613	2.4921918
9147005	14882	0.40908438	2.4408283
9147005	14883	0.28768742	2.6831243
9147005	14884	0.27048308	2.7739596
9147005	14885	0.27162033	2.6596859
9147005	14886	0.2030428	2.9156811
9147005	14887	0.24162012	2.6990604
9147005	14888	0.36269128	2.5997298
9147005	14889	0.27792603	2.7925792
9147005	14890	0.19492787	2.865286
9147005	14891	0.20843464	2.7432215
9147005	14892	0.13220513	2.921704
9147005	14893	0.10241717	2.9551563
9147005	14894	0.106744766	2.967333
9147005	14895	0.10135293	3.0769856
9147005	14896	0.050886214	3.0157292
9147005	14897	0.19112623	2.7704592
9147005	14898	0.31872118	2.6460457
9147005	14899	0.5587456	2.3427598
9147005	14900	0.49028742	2.4359384
9147005	14901	0.41573787	2.5080256
9147005	14902	0.21135837	2.8810287
9147005	14903	0.27316177	2.6831837
9147005	14904	0.2325368	2.863265
9147005	14905	0.1395123	2.9599779
9147005	14906	0.04534954	3.013064
9147005	14907	0.013288081	3.0736504
9147005	14908	0.057834923	2.9712017
9147005	14909	-0.038103342	3.2463686
9147005	14910	-0.035352737	3.0836704
9147005	14911	-0.09341526	3.342267
9147005	14912	-0.19098854	3.446037
9147005	14913	-0.031301618	2.9423099
9147005	14914	0.0779928	2.9586139
9147005	14915	-0.05762291	3.1920593
9147005	14916	-0.095228314	3.3434625
9147005	14917	-0.058878362	3.1519582
9147005	14918	-0.11582509	3.3857183
9147005	14919	-0.11470637	3.2205203
9147005	14920	-0.1493769	3.4364748
9147005	14921	-0.20537218	3.4787557
9147005	14922	-0.07454571	3.0814357
9147005	14923	0.003512442	3.075886
9147005	14924	-0.05516255	3.140975
9147005	14925	0.11643857	2.7881725
9147005	14926	0.1398176	2.8905869
9147005	14927	0.07484865	2.8940508
9147005	14928	-0.18922797	3.268425
9147005	14929	0.02345413	2.9835548
9147005	14930	-0.017757356	2.9265099
9147005	14931	0.24495816	2.6217568
9147005	14932	0.32106626	2.5021002
9147005	14933	0.015658796	3.0178285
9147005	14934	-0.1292108	3.1579146
9147005	14935	0.23874825	2.783324
9147005	14936	0.13980842	2.7265108
9147005	14937	-0.31593472	3.3285847
9147005	14938	-0.32372537	3.5407522
9147005	14939	-0.14055637	3.116298
9147005	14940	-0.74413776	2.4740896
9147005	14941	-0.4200679	3.3047464
9147005	14942	-0.124350905	1.3938688
9147005	14943	1.3310595	0.667994
9147005	14944	1.3724633	0.6969416
9147005	14945	1.5391105	0.5867628
9147005	14946	1.5511636	0.6291721
9147005	14947	1.4895552	0.7038437
9147005	14948	1.9435612	0.23314402
9147005	14949	1.8615836	0.396228
9147005	14950	1.8428434	0.3943036
9147005	14951	1.9855748	0.33506528
9147005	14952	2.0978384	0.24597862
9147005	14953	2.2079992	0.26055458
9147005	14954	2.4280882	0.17057934
9147005	14955	2.6999521	-0.017696887
9147005	14956	2.6228137	0.15422043
9147005	14957	2.7574286	0.010775179
9147005	14958	3.035655	-0.120150805
9147005	14959	3.6156206	-0.48348758
9147005	14960	3.6847072	-0.5183869
9147005	14961	1.6021539	-0.7217339
9147005	14962	1.6323894	-0.95017207
9147005	14963	1.8966676	-1.0761108
9147005	14964	1.3894104	0.9792093
9147005	14965	1.2322719	0.9985459
9147005	14966	1.4647409	0.8803905
9147005	14967	1.5754226	0.6744125
9147005	14968	1.7098941	0.6651783
9147005	14969	1.4003519	1.0933652
9147005	14970	1.3748951	1.1511902
9147005	14971	1.4916314	0.94296706
9147005	14972	2.2810183	0.25540856
9147005	14973	2.2283082	0.2705724
9147005	14974	2.7331061	-0.26446795
9147005	14975	3.0155802	-0.38404733
9147005	14976	3.0516343	-0.41864613
9147005	14977	2.6586504	-0.047190696
9147005	14978	2.5537457	-0.08366808
9147005	14979	2.5362878	-0.0045149922
9147005	14980	2.7063355	-0.118579894
9147005	14981	2.386229	0.1621761
9147005	14982	2.7227554	-0.0919542
9147005	14983	2.7200809	-0.02127105
9147005	14984	2.7700844	-0.038449496
9147005	14985	2.738974	0.01544112
9147005	14986	2.6336918	0.15045348
9147005	14987	3.3880363	-0.62145555
9147005	14988	3.4433851	-0.50105464
9147005	14989	3.4254684	-0.49008888
9147005	14990	3.201735	-0.31774762
9147005	14991	3.3304563	-0.45349902
9147005	14992	3.1755724	-0.29925036
9147005	14993	3.2834826	-0.4126613
9147005	14994	3.3714018	-0.3349011
9147005	14995	3.3463855	-0.3912661
9147005	14996	3.3238873	-0.32764497
9147005	14997	4.024184	-0.9796014
9147005	14998	4.0142636	-0.8872544
9147005	14999	3.9684272	-0.83610153
9147005	15000	1.9887508	-1.1901494
9147005	15001	1.3979414	-0.8332429
9147005	15002	0.99113894	0.9972441
9147005	15003	0.92903125	1.3734362
9147005	15004	0.96891356	1.3847535
9147005	15005	0.9938891	1.3211983
9147005	15006	2.6103992	-0.6940766
9147005	15007	2.9235973	-0.44466263
9147005	15008	2.843463	-0.27938265
9147005	15009	2.6026301	-0.065216005
9147005	15010	2.4710627	-0.03165537
9147005	15011	2.5476604	-0.12831342
9147005	15012	2.6533842	-0.1933336
9147005	15013	2.9672008	-0.29473642
9147005	15014	3.0853152	-0.2813769
9147005	15015	1.5322634	-1.0723083
9147005	15016	1.2905511	-0.9074691
9147005	15017	3.4212933	-0.7724171
9147005	15018	3.384066	-0.79724276
9147005	15019	3.5183268	-0.8166838
9147005	15020	3.3881545	-0.6876261
9147005	15021	3.4287338	-0.7380489
9147005	15022	3.4510336	-0.73416245
9147005	15023	3.4621735	-0.728773
9147005	15024	2.67563	-0.015312582
9147005	15025	2.835927	-0.2025736
9147005	15026	3.037518	-0.3885912
9147005	15027	3.099863	-0.32348865
9147005	15028	3.036953	-0.3731502
9147005	15029	3.0011487	-0.20738575
9147005	15030	3.257813	-0.5009494
9147005	15031	1.1103026	-0.5738152
9147005	15032	0.90345335	-0.6617989
9147005	15033	1.1091399	-0.69511473
9147005	15034	1.1753576	-0.74657863
9147005	15035	1.0050198	1.1246799
9147005	15036	0.73857737	1.5868769
9147005	15037	2.5654755	-0.6409538
9147005	15038	2.8604498	-0.454516
9147005	15039	2.9648352	-0.38447464
9147005	15040	2.8325706	-0.22995362
9147005	15041	2.8593602	-0.33352187
9147005	15042	2.7705479	-0.25288504
9147005	15043	2.7716146	-0.244761
9147005	15044	3.3685875	-0.6273124
9147005	15045	1.3575209	-0.8315176
9147005	15046	0.90043235	1.4012154
9147005	15047	0.67706025	1.8196983
9147005	15048	2.8929052	-0.6728459
9147005	15049	3.335743	-0.5202911
9147005	15050	3.3531995	-0.46034303
9147005	15051	3.0767803	-0.23334801
9147005	15052	2.960606	-0.2794242
9147005	15053	3.167056	-0.43256667
9147005	15054	3.2314148	-0.46260938
9147005	15055	3.4837446	-0.56123483
9147005	15056	1.3896321	-0.9169869
9147005	15057	1.1919984	-0.8094316
9147005	15058	1.1317121	1.1968579
9147005	15059	3.0086603	-1.0598196
9147005	15060	3.1376767	-0.53748906
9147005	15061	3.1458454	-0.5158012
9147005	15062	3.1654377	-0.4778404
9147005	15063	3.1514115	-0.52907026
9147005	15064	3.2266335	-0.47227424
9147005	15065	3.3601384	-0.63122934
9147005	15066	3.2920518	-0.5221956
9147005	15067	1.0894524	-0.7205182
9147005	15068	0.946296	-0.6303783
9147005	15069	1.0167695	1.2125064
9147005	15070	0.5620283	1.8905306
9147005	15071	2.7837744	-0.71179825
9147005	15072	2.9368925	-0.34990782
9147005	15073	3.03551	-0.3920419
9147005	15074	3.128868	-0.38576314
9147005	15075	3.1224756	-0.47377616
9147005	15076	3.2286034	-0.5031172
9147005	15077	3.2346063	-0.50116944
9147005	15078	1.2229766	-0.83237505
9147005	15079	1.054379	-0.7357451
9147005	15080	1.0471199	1.1264399
9147005	15081	0.36428124	2.217119
9147005	15082	0.6737337	2.0110197
9147005	15083	0.70727396	1.8139617
9147005	15084	0.76887274	1.7359271
9147005	15085	1.1222564	1.4854926
9147005	15086	1.0785618	1.5398481
9147005	15087	0.9473437	1.6008399
9147005	15088	1.3395511	1.1878989
9147005	15089	1.4794488	1.1676123
9147005	15090	1.3740093	1.1776873
9147005	15091	1.5692216	1.0980661
9147005	15092	1.4342203	1.1830828
9147005	15093	1.4571784	1.1334188
9147005	15094	1.8747238	0.7280116
9147005	15095	1.3111042	1.2931452
9147005	15096	1.2682974	1.3776382
9147005	15097	1.3306001	1.2710006
9147005	15098	1.7294725	0.8427968
9147005	15099	1.4964586	1.205211
9147005	15100	0.928071	-0.31589353
9147005	15101	1.2096256	-1.1905364
9147005	15102	1.2309158	-0.76642525
9147005	15103	1.2338312	-0.76611555
9147005	15104	1.408312	-0.93751705
9147005	15105	1.5908321	-1.0470269
9147005	15106	0.88949573	-0.3384514
9147005	15107	0.6091479	-0.18362698
9147005	15108	0.5936074	-0.17555311
9147005	15109	0.6121545	2.2186608
9147005	15110	0.53338575	2.1334913
9147005	15111	1.0261621	1.5154066
9147005	15112	1.2185061	1.445369
9147005	15113	1.649237	1.0077614
9147005	15114	1.7593147	0.91856897
9147005	15115	2.0944295	0.4270366
9147005	15116	3.3654408	-1.9777502
9147005	15117	2.7841654	-1.4997274
9147005	15118	1.3863256	0.84205854
9147005	15119	1.5260636	0.6953062
9147005	15120	1.5232955	0.98510826
9147005	15121	1.8096102	0.4185367
9147005	15122	2.2567816	0.11258522
9147005	15123	2.4083643	-0.0017598271
9147005	15124	2.293026	0.15539446
9147005	15125	2.4559827	-0.08327949
9147005	15126	2.4409537	0.008791447
9147005	15127	3.5418959	-1.045164
9147005	15128	3.8603177	-1.078808
9147005	15129	3.2693248	-0.64988536
9147005	15130	3.0470233	-0.7620466
9147005	15131	2.7729397	-0.45364696
9147005	15132	2.3325481	-0.02420634
9147005	15133	2.13239	0.21471962
9147005	15134	2.309588	0.23001185
9147005	15135	2.362372	0.097745806
9147005	15136	2.0404272	0.37398496
9147005	15137	2.3920956	-0.14156395
9147005	15138	2.4059396	-0.06344077
9147005	15139	2.5270438	0.008118987
9147005	15140	2.8248053	-0.35143077
9147005	15141	3.069254	-0.37765965
9147005	15142	2.954433	-0.34864765
9147005	15143	3.3937907	-0.7639293
9147005	15144	3.223916	-0.65746784
9147005	15145	2.936823	-0.48386824
9147005	15146	2.733261	-0.30921218
9147005	15147	2.9172335	-0.4703549
9147005	15148	3.0869617	-0.5904576
9147005	15149	2.3238082	0.07376447
9147005	15150	2.3319106	0.08008453
9147005	15151	3.422916	-0.90584177
9147005	15152	3.381548	-0.76010424
9147005	15153	2.842238	-0.4465712
9147005	15154	2.641141	-0.2607469
9147005	15155	2.521614	-0.22093908
9147005	15156	2.3265238	0.054356426
9147005	15157	2.4622903	-0.005657524
9147005	15158	2.1981306	0.24908933
9147005	15159	2.2995343	0.09955236
9147005	15160	1.9596564	0.4059569
9147005	15161	1.8003329	0.3985351
9147005	15162	1.7170895	0.46623126
9147005	15163	1.8440388	0.4848909
9147005	15164	1.6846701	0.52900445
9147005	15165	1.6419224	0.708125
9147005	15166	1.4832767	0.75766397
9147005	15167	1.7184867	0.6207788
9147005	15168	1.9595085	0.35657808
9147005	15169	1.9804913	0.41331312
9147005	15170	1.3345749	0.9673586
9147005	15171	1.2186244	1.1618859
9147005	15172	1.8786517	0.5715196
9147005	15173	2.3933015	0.069425315
9147005	15174	2.3675313	0.23577645
9147005	15175	2.387085	0.03315097
9147005	15176	2.7364335	-0.14037544
9147005	15177	2.4735103	0.085608155
9147005	15178	2.606938	0.00023213029
9147005	15179	2.5692992	-0.016477823
9147005	15180	3.2341995	-0.49847597
9147005	15181	3.2760215	-0.42553222
9147005	15182	3.0140157	-0.23576324
9147005	15183	3.1231432	-0.3541375
9147005	15184	3.0826097	-0.3748569
9147005	15185	2.9761395	-0.2568878
9147005	15186	3.6509395	-0.8037992
9147005	15187	3.6888242	-0.7680923
9147005	15188	3.5362225	-0.6854633
9147005	15189	2.7926402	-0.11214954
9147005	15190	2.8509998	-0.22978619
9147005	15191	2.8504782	-0.17454529
9147005	15192	3.1633768	-0.43934655
9147005	15193	3.3964467	-0.6585342
9147005	15194	3.3874397	-0.693619
9147005	15195	3.6519508	-0.7637377
9147005	15196	3.3112345	-0.6583364
9147005	15197	3.2786713	-0.5627363
9147005	15198	2.7745643	-0.10261202
9147005	15199	2.4897704	0.04805234
9147005	15200	2.378296	0.101455
9147005	15201	2.5063806	0.06334987
9147005	15202	2.6237698	-0.06349158
9147005	15203	2.578156	-0.031017005
9147005	15204	2.518876	0.033885807
9147005	15205	2.6200747	-0.022517115
9147005	15206	2.7483797	-0.07829583
9147005	15207	2.7465801	-0.08808908
9147005	15208	2.988727	-0.3080634
9147005	15209	3.098434	-0.34048745
9147005	15210	2.8543591	-0.24946974
9147005	15211	2.8378854	-0.25399852
9147005	15212	2.8023171	-0.17323017
9147005	15213	2.8577151	-0.18754375
9147005	15214	2.9003754	-0.1975219
9147005	15215	2.876142	-0.17802247
9147005	15216	2.767931	-0.11016294
9147005	15217	2.9546995	-0.23697862
9147005	15218	2.5659776	0.103325695
9147005	15219	2.4801755	0.0042230785
9147005	15220	2.5452108	-0.030997783
9147005	15221	2.5231419	0.06480715
9147005	15222	2.359973	0.13411567
9147005	15223	2.2144394	0.25425813
9147005	15224	1.871749	0.5974288
9147005	15225	1.6098465	0.78407717
9147005	15226	1.5752181	0.7954502
9147005	15227	2.2476406	0.121376365
9147005	15228	2.56352	-4.0769577e-05
9147005	15229	2.5333886	0.019368887
9147005	15230	2.57272	-0.028195351
9147005	15231	2.5871325	-0.043695867
9147005	15232	2.5959425	-0.04979056
9147005	15233	2.5603304	-0.017583907
9147005	15234	2.5815892	-0.05353439
9147005	15235	2.563037	-0.025068551
9147005	15236	2.5703058	-0.041631997
9147005	15237	2.5493855	-0.01791817
9147005	15238	2.5626984	-0.037429094
9147005	15239	2.5409522	-0.008600026
9147005	15240	2.557034	-0.033427805
9147005	15241	2.5378704	-0.0081264675
9147005	15242	2.5444393	-0.01916352
9147005	15243	2.525917	0.0009442866
9147005	15244	2.5389638	-0.015887529
9147005	15245	1.8439707	0.626897
9147005	15246	1.5560728	0.8456087
9147005	15247	1.5126897	0.88913774
9147005	15248	1.5746833	0.79382396
9147005	15249	2.2512875	0.19279173
9147005	15250	2.0449562	0.52457285
9147005	15251	2.625639	0.025760055
9147005	15252	2.79255	-0.11904663
9147005	15253	2.9438705	-0.20439824
9147005	15254	3.0055532	-0.28407133
9147005	15255	3.5077696	-0.5861937
9147005	15256	3.3596659	-0.53564924
9147005	15257	3.5269847	-0.7404103
9147005	15258	3.5627341	-0.6927562
9147005	15259	3.5877914	-0.7666809
9147005	15260	3.6233811	-0.76889503
9147005	15261	3.838904	-0.90638757
9147005	15262	4.218059	-1.1166002
9147005	15263	3.8280463	-0.86603546
9147005	15264	3.8096037	-0.960984
9147005	15265	4.4560595	-1.3083738
9147005	15266	4.3056116	-1.1895374
9147005	15267	4.48551	-1.3249387
9147005	15268	4.424161	-1.264776
9147005	15269	4.26702	-1.2627434
9147005	15270	4.40105	-1.2992755
9147005	15271	4.314401	-1.228768
9147005	15272	3.7533612	-0.85794026
9147005	15273	3.6500063	-0.7943454
9147005	15274	3.4966707	-0.68425244
9147005	15275	3.4002442	-0.6304281
9147005	15276	3.40476	-0.66229665
9147005	15277	3.3591866	-0.6145722
9147005	15278	3.3530784	-0.6308425
9147005	15279	3.7111082	-0.819232
9147005	15280	3.3221264	-0.6005869
9147005	15281	3.2963595	-0.61250335
9147005	15282	3.0887227	-0.44607085
9147005	15283	2.9203472	-0.34247303
9147005	15284	2.4437046	0.04973808
9147005	15285	2.2882175	0.12989196
9147005	15286	2.3228335	0.11071995
9147005	15287	2.3617163	0.080866665
9147005	15288	1.899774	0.49298987
9147005	15289	1.6841046	0.65840256
9147005	15290	1.5708212	0.7661623
9147005	15291	1.4566331	0.8884301
9147005	15292	1.8068815	0.6428524
9147005	15293	1.1956749	1.2584709
9147005	15294	1.1955721	1.2950637
9147005	15295	1.3331398	1.1393633
9147005	15296	1.4391434	1.035065
9147005	15297	1.416832	1.0726222
9147005	15298	1.4163604	1.0734072
9147005	15299	1.4622959	1.0623652
9147005	15300	1.3108555	1.2225574
9147005	15301	1.1956617	1.3400327
9147005	15302	0.76257646	1.8099349
9147005	15303	0.5208385	2.112772
9147005	15304	0.57264614	2.0511258
9147005	15305	-0.062613636	0.5677515
9147005	15306	1.9143006	-0.069407254
9147005	15307	2.0302577	0.27278146
9147005	15308	2.1253047	0.15243247
9147005	15309	2.1475468	0.10803452
9147005	15310	2.0259585	0.23627546
9147005	15311	2.4531193	-0.09577581
9147005	15312	2.6724157	-0.1436728
9147005	15313	2.9759874	-0.2448632
9147005	15314	3.0092773	-0.19137427
9147005	15315	3.0073113	-0.15816823
9147005	15316	2.859558	-0.04672146
9147005	15317	2.9996924	-0.1976457
9147005	15318	3.2008328	-0.19159487
9147005	15319	3.776698	-0.59662557
9147005	15320	3.3179498	-0.2532106
9147005	15321	3.228868	-0.33256757
9147005	15322	3.217526	-0.30785042
9147005	15323	2.9345427	-0.13324362
9147005	15324	2.8575387	-0.11152136
9147005	15325	2.9728966	-0.21453623
9147005	15326	3.2985916	-0.42282498
9147005	15327	3.2288127	-0.3159998
9147005	15328	3.156139	-0.27298075
9147005	15329	2.8393717	-0.04414928
9147005	15330	2.663549	0.022221088
9147005	15331	2.8705788	-0.13541812
9147005	15332	2.5912552	0.14016446
9147005	15333	1.9692365	0.7510284
9147005	15334	1.9108902	0.62023485
9147005	15335	1.7780303	0.7896806
9147005	15336	2.2171135	0.398182
9147005	15337	2.2396865	0.46527943
9147005	15338	2.1610045	0.550033
9147005	15339	1.5050064	1.1655469
9147005	15340	1.622482	1.0132706
9147005	15341	1.4508065	1.2377162
9147005	15342	1.5130183	1.0865803
9147005	15343	1.3830694	1.2601775
9147005	15344	1.3583995	1.2866243
9147005	15345	1.0056002	1.6785779
9147005	15346	1.7638952	0.8402232
9147005	15347	0.4421832	0.15064105
9147005	15348	0.7500074	-0.43785024
9147005	15349	2.1983442	-0.103467435
9147005	15350	2.46314	-0.22101712
9147005	15351	0.4728781	-0.060176104
9147005	15352	0.31923532	0.06622854
9147005	15353	0.44029367	0.05873248
9147005	15354	0.4082831	1.8408301
9147005	15355	0.34524882	2.0889773
9147005	15356	0.48661023	2.0279717
9147005	15357	0.92266047	1.5554714
9147005	15358	1.3368802	1.2246699
9147005	15359	0.6693741	2.053275
9147005	15360	0.48307407	2.212332
9147005	15361	0.43549556	2.3188694
9147005	15362	0.7519312	1.8950067
9147005	15363	0.9177661	1.705235
9147005	15364	0.71079206	1.9549329
9147005	15365	0.88106954	1.7389657
9147005	15366	0.5401174	2.1247344
9147005	15367	0.79732156	1.7831416
9147005	15368	0.7952539	1.8099339
9147005	15369	0.8004128	1.8774929
9147005	15370	0.8746711	1.7042444
9147005	15371	1.0470818	1.5672071
9147005	15372	0.8490107	1.8981895
9147005	15373	1.0140952	1.5848372
9147005	15374	1.0961096	1.5058165
9147005	15375	1.2296069	1.4283067
9147005	15376	1.2711611	1.3479978
9147005	15377	1.2214396	1.5075092
9147005	15378	1.4242867	1.244776
9147005	15379	1.8487419	0.7408248
9147005	15380	1.8593546	0.8297893
9147005	15381	2.114451	0.5003936
9147005	15382	2.7521467	0.1454818
9147005	15383	2.5602884	0.24542746
9147005	15384	2.8283696	0.032588035
9147005	15385	2.4243855	0.5021659
9147005	15386	2.4983525	0.15724018
9147005	15387	3.467505	-0.41648567
9147005	15388	3.1591926	-0.16787359
9147005	15389	3.4696646	-0.5092492
9147005	15390	3.3228874	-0.2882415
9147005	15391	3.2599444	-0.29039538
9147005	15392	3.3534555	-0.22619599
9147005	15393	2.648686	0.27109703
9147005	15394	2.9356556	-0.10295242
9147005	15395	3.274928	-0.27864414
9147005	15396	3.2386508	-0.23033439
9147005	15397	3.2097645	-0.23472528
9147005	15398	2.6675124	0.21199426
9147005	15399	2.144187	0.59128785
9147005	15400	2.9183583	-0.18999597
9147005	15401	3.2662768	-0.2654031
9147005	15402	2.595986	0.28779623
9147005	15403	2.0868587	0.6427511
9147005	15404	2.5655546	0.1129531
9147005	15405	3.1395373	-0.22975202
9147005	15406	2.583631	0.32281938
9147005	15407	2.0082502	0.7009078
9147005	15408	2.7845268	-0.09494048
9147005	15409	3.1679912	-0.20180401
9147005	15410	2.5321732	0.3365433
9147005	15411	2.0668092	0.6545614
9147005	15412	2.579362	0.09937474
9147005	15413	3.1293807	-0.21932591
9147005	15414	2.6035018	0.29233995
9147005	15415	2.044592	0.66761744
9147005	15416	2.8121305	-0.11944115
9147005	15417	3.1895342	-0.23365217
9147005	15418	2.559155	0.3092679
9147005	15419	2.043913	0.6598028
9147005	15420	2.8082933	-0.11121902
9147005	15421	3.2014399	-0.25906578
9147005	15422	2.5762916	0.2956191
9147005	15423	2.046895	0.6549518
9147005	15424	2.5337763	0.12268272
9147005	15425	3.064124	-0.18992862
9147005	15426	2.6168637	0.25930664
9147005	15427	2.0332994	0.6596792
9147005	15428	2.8013258	-0.12313533
9147005	15429	3.1900673	-0.2588222
9147005	15430	2.5634136	0.29017475
9147005	15431	2.0254612	0.66012883
9147005	15432	2.5124722	0.14075854
9147005	15433	3.071918	-0.21480039
9147005	15434	2.5800676	0.2857044
9147005	15435	2.0043778	0.6747594
9147005	15436	2.7665653	-0.10531679
9147005	15437	3.153263	-0.23850788
9147005	15438	2.5502887	0.29111907
9147005	15439	2.0167866	0.65671074
9147005	15440	2.504467	0.14116368
9147005	15441	2.8017216	-0.005338937
9147005	15442	3.1747742	-0.27968758
9147005	15443	2.6813202	0.20067713
9147005	15444	2.118722	0.5771426
9147005	15445	2.9053965	-0.20747626
9147005	15446	3.293025	-0.3461116
9147005	15447	2.6296816	0.21414408
9147005	15448	2.1024895	0.5867964
9147005	15449	2.6004057	0.055855125
9147005	15450	3.1402369	-0.28168756
9147005	15451	2.624064	0.22485432
9147005	15452	2.0646868	0.6023582
9147005	15453	1.8806251	0.6993221
9147005	15454	2.43399	0.19849923
9147005	15455	2.9552011	-0.1433464
9147005	15456	2.4659104	0.3528289
9147005	15457	1.9094449	0.7287774
9147005	15458	2.6663613	-0.035432458
9147005	15459	3.0597749	-0.17514896
9147005	15460	2.4630857	0.33913442
9147005	15461	1.926701	0.71683717
9147005	15462	2.4207826	0.1971145
9147005	15463	2.9749427	-0.16806817
9147005	15464	2.4851837	0.3411049
9147005	15465	1.9214247	0.7155149
9147005	15466	2.664515	-0.03477311
9147005	15467	3.0537553	-0.17320266
9147005	15468	2.4583483	0.3383864
9147005	15469	1.9166859	0.72101796
9147005	15470	2.4082131	0.20302132
9147005	15471	2.942027	-0.14199069
9147005	15472	2.4677525	0.348981
9147005	15473	1.9091526	0.71922886
9147005	15474	2.6493168	-0.02608651
9147005	15475	3.0467606	-0.17746195
9147005	15476	2.4445872	0.34683445
9147005	15477	1.9066993	0.7210684
9147005	15478	2.3944697	0.21095029
9147005	15479	2.9262495	-0.13505045
9147005	15480	2.455284	0.3546358
9147005	15481	1.8948027	0.7256962
9147005	15482	2.6461926	-0.02786082
9147005	15483	3.0427036	-0.18858144
9147005	15484	2.429109	0.36080292
9147005	15485	1.9029855	0.7152815
9147005	15486	2.659173	-0.033503443
9147005	15487	3.0608654	-0.2077424
9147005	15488	2.1465578	0.60532045
9147005	15489	1.7824675	0.7850498
9147005	15490	2.6288366	-0.02177903
9147005	15491	3.0380254	-0.17994514
9147005	15492	2.149579	0.5982137
9147005	15493	1.7772971	0.79032755
9147005	15494	2.0069246	0.6170683
9147005	15495	2.6509743	0.047464877
9147005	15496	2.9247174	-0.07374418
9147005	15497	2.9881382	-0.1399222
9147005	15498	2.1207662	0.636865
9147005	15499	1.839769	0.7098832
9147005	15500	1.7824298	0.8378328
9147005	15501	1.6706959	0.9765036
9147005	15502	2.0928807	0.5446254
9147005	15503	2.1865697	0.4726542
9147005	15504	2.6368756	0.058089048
9147005	15505	2.9559665	-0.105840385
9147005	15506	2.1588798	0.5690888
9147005	15507	1.7856354	0.7866404
9147005	15508	2.5994544	0.0040266514
9147005	15509	3.029882	-0.16516519
9147005	15510	2.1352925	0.618134
9147005	15511	1.7565705	0.81789255
9147005	15512	2.5581555	0.04276499
9147005	15513	2.9920726	-0.13903272
9147005	15514	2.1386876	0.6286303
9147005	15515	1.7636529	0.8158685
9147005	15516	1.6974024	0.9215158
9147005	15517	1.5541419	1.0043681
9147005	15518	1.4584854	1.1186179
9147005	15519	1.8081325	0.7499484
9147005	15520	2.0597267	0.52905667
9147005	15521	1.9273113	0.86111724
9147005	15522	2.1008768	0.6183126
9147005	15523	1.8807503	0.85103965
9147005	15524	1.860242	0.760967
9147005	15525	1.7481359	0.91128886
9147005	15526	1.6580046	0.9608667
9147005	15527	1.7674712	0.94273233
9147005	15528	1.9703342	0.7939851
9147005	15529	1.8343955	0.97668934
9147005	15530	2.291853	0.43604115
9147005	15531	2.4097042	0.44441053
9147005	15532	2.6014328	0.28693518
9147005	15533	2.6625109	0.24003592
9147005	15534	2.525909	0.48064396
9147005	15535	2.3238106	0.52753496
9147005	15536	2.4475822	0.43351582
9147005	15537	2.408667	0.45127586
9147005	15538	2.4763875	0.2509074
9147005	15539	2.5790997	0.38460836
9147005	15540	2.470264	0.422635
9147005	15541	2.3230786	0.556566
9147005	15542	2.252859	0.640226
9147005	15543	2.3266892	0.4566783
9147005	15544	2.292913	0.66325176
9147005	15545	2.2671618	0.5178592
9147005	15546	2.3057218	0.54598653
9147005	15547	2.1448035	0.73285043
9147005	15548	2.2305121	0.53170586
9147005	15549	2.0555253	0.9320183
9147005	15550	1.9034582	0.7748591
9147005	15551	2.2460208	0.5628673
9147005	15552	2.2914367	0.5678357
9147005	15553	2.1055708	0.8442658
9147005	15554	2.072784	0.7138858
9147005	15555	2.069067	0.76983976
9147005	15556	2.0386052	0.71059406
9147005	15557	2.0680108	0.81756794
9147005	15558	2.0201116	0.75551474
9147005	15559	2.0439763	0.7691424
9147005	15560	2.0269833	0.76106787
9147005	15561	2.1834164	0.6298287
9147005	15562	2.1706505	0.6729007
9147005	15563	1.6363164	1.2517271
9147005	15564	1.7949392	0.9746318
9147005	15565	1.5869235	1.2641668
9147005	15566	1.5270356	1.2527567
9147005	15567	1.456719	1.2888869
9147005	15568	1.3559535	1.4793403
9147005	15569	1.4535183	1.3976629
9147005	15570	1.3754141	1.4493668
9147005	15571	1.3716565	1.4699941
9147005	15572	1.363732	1.5546813
9147005	15573	1.4461348	1.3803678
9147005	15574	1.4715912	1.4108922
9147005	15575	1.2627115	1.6772034
9147005	15576	1.3413819	1.5361497
9147005	15577	1.333085	1.5572457
9147005	15578	1.3414487	1.5510035
9147005	15579	1.3431466	1.5244342
9147005	15580	1.3537816	1.5197681
9147005	15581	1.3391912	1.5165257
9147005	15582	1.3795353	1.5592513
9147005	15583	1.3647699	1.4925803
9147005	15584	1.3700588	1.5038655
9147005	15585	1.4591302	1.4162686
9147005	15586	1.3988938	1.5618908
9147005	15587	1.3956666	1.4190133
9147005	15588	1.376453	1.5275943
9147005	15589	1.4778997	1.4325882
9147005	15590	1.5887552	1.2509273
9147005	15591	1.8024594	1.030054
9147005	15592	1.9055048	0.9957217
9147005	15593	1.9117953	0.98815215
9147005	15594	1.8359703	1.0672158
9147005	15595	1.8131896	1.0747933
9147005	15596	1.7911307	1.0959444
9147005	15597	1.5990123	1.2951117
9147005	15598	1.372127	1.5512245
9147005	15599	1.457739	1.5019909
9147005	15600	2.2575579	0.5404992
9147005	15601	2.110467	0.99596417
9147005	15602	1.8552636	1.2650201
9147005	15603	1.8259374	1.1428117
9147005	15604	1.8086995	1.1871679
9147005	15605	1.7689875	1.2018907
9147005	15606	1.7359883	1.3108934
9147005	15607	1.7699729	1.1897727
9147005	15608	1.7920119	1.1980857
9147005	15609	1.6782604	1.3785727
9147005	15610	1.6063477	1.4184432
9147005	15611	1.6776737	1.2015485
9147005	15612	1.7325455	1.1664257
9147005	15613	1.6727127	1.3582293
9147005	15614	1.6929106	1.2343898
9147005	15615	1.6678973	1.2889043
9147005	15616	1.6476291	1.3700029
9147005	15617	1.5817126	1.3942981
9147005	15618	1.6166204	1.3108788
9147005	15619	1.6592458	1.2834482
9147005	15620	1.6269821	1.3399059
9147005	15621	1.5846494	1.352089
9147005	15622	1.5822421	1.3378863
9147005	15623	1.6196383	1.393909
9147005	15624	1.633864	1.323758
9147005	15625	2.4855194	0.5214559
9147005	15626	2.534975	0.3001397
9147005	15627	2.697669	0.14265522
9147005	15628	2.917717	0.14627668
9147005	15629	2.766295	0.24524072
9147005	15630	2.678771	0.43591633
9147005	15631	2.7962842	0.25366083
9147005	15632	2.4033442	0.5281919
9147005	15633	2.3960428	0.572014
9147005	15634	2.4019294	0.53773546
9147005	15635	2.290268	0.70278037
9147005	15636	2.1529903	0.8500464
9147005	15637	2.121163	0.80326915
9147005	15638	2.2415404	0.669124
9147005	15639	2.1965365	0.7621621
9147005	15640	2.0892458	0.8347808
9147005	15641	2.0573673	0.91776454
9147005	15642	2.1054797	0.79664826
9147005	15643	2.0728507	0.8620609
9147005	15644	2.1087408	0.70525956
9147005	15645	2.1894298	0.77548075
9147005	15646	2.036759	0.9407021
9147005	15647	2.061181	0.8060465
9147005	15648	2.0269327	0.9142854
9147005	15649	2.0839086	0.71463597
9147005	15650	2.3202295	0.5655961
9147005	15651	2.5966196	0.40901634
9147005	15652	3.5270615	-0.5098831
9147005	15653	3.4047365	-0.3528754
9147005	15654	3.6233106	-0.437331
9147005	15655	3.3603582	-0.42312837
9147005	15656	3.6078148	-0.6061504
9147005	15657	3.1025953	-0.131055
9147005	15658	3.3816566	-0.39211738
9147005	15659	2.960473	-0.054174185
9147005	15660	3.1638837	-0.2777887
9147005	15661	3.663468	-0.60388136
9147005	15662	3.2782035	-0.2569564
9147005	15663	3.7347345	-0.8018155
9147005	15664	4.113545	-1.0105536
9147005	15665	3.6879892	-2.3032618
9147005	15666	3.1145463	-1.9884405
9147005	15667	2.903026	-1.9257747
9147005	15668	2.9342322	-1.9192176
9147005	15669	1.8344432	0.2387437
9147005	15670	1.6222724	0.7886574
9147005	15671	1.1851317	1.305035
9147005	15672	1.6809891	0.8262013
9147005	15673	2.3858266	0.06422064
9147005	15674	2.8187633	-0.08414835
9147005	15675	2.6939569	-0.035410553
9147005	15676	2.5194402	0.122508496
9147005	15677	2.3617587	0.13894013
9147005	15678	2.9488125	-0.2694442
9147005	15679	2.3071141	0.22736266
9147005	15680	2.0937166	0.4143562
9147005	15681	1.8293024	0.711977
9147005	15682	1.6693991	0.87104
9147005	15683	1.374021	1.1212095
9147005	15684	1.5472304	0.9284525
9147005	15685	1.4232385	1.0807619
9147005	15686	1.414614	1.0383502
9147005	15687	1.4976057	0.9493164
9147005	15688	1.5933894	0.8730396
9147005	15689	1.8341607	0.71283615
9147005	15690	2.6423864	-0.05821055
9147005	15691	2.4592328	0.15578386
9147005	15692	2.3425303	0.07171568
9147005	15693	2.4483995	-0.030475259
9147005	15694	2.252583	0.23603001
9147005	15695	2.3825016	0.12777653
9147005	15696	2.547442	-0.08802715
9147005	15697	2.3325744	0.0792087
9147005	15698	2.5631785	-0.032127053
9147005	15699	2.608778	-0.05788797
9147005	15700	2.8191595	-0.15883341
9147005	15701	2.761684	-0.066180825
9147005	15702	2.8437543	-0.21280755
9147005	15703	2.745864	0.016422898
9147005	15704	2.6656556	0.10085365
9147005	15705	2.6186218	0.11671159
9147005	15706	2.4656186	0.17640832
9147005	15707	2.4820209	-0.011179656
9147005	15708	2.3555593	0.24191913
9147005	15709	2.6701708	0.05949256
9147005	15710	3.3636947	-0.5347896
9147005	15711	2.8885207	-0.24430278
9147005	15712	2.994835	-0.24899274
9147005	15713	2.6441102	-0.11368555
9147005	15714	2.6911445	-0.041478097
9147005	15715	2.6346912	0.0041255057
9147005	15716	2.1305666	0.42342612
9147005	15717	2.036663	0.37788382
9147005	15718	1.840335	0.58496094
9147005	15719	1.799172	0.68634605
9147005	15720	1.7550977	0.7576791
9147005	15721	1.8324703	0.6869645
9147005	15722	2.0507803	0.34754303
9147005	15723	2.363371	0.054555625
9147005	15724	2.5739975	-0.012671769
9147005	15725	2.4603148	0.18415573
9147005	15726	2.4797988	0.091502935
9147005	15727	2.3822265	0.19858953
9147005	15728	2.316896	0.23590204
9147005	15729	1.9825221	0.5614308
9147005	15730	1.8538653	0.66479814
9147005	15731	1.871462	0.64079285
9147005	15732	1.2765363	-0.8832713
9147005	15733	1.167027	-1.3829397
9147005	15734	0.7930423	-0.59025776
9147005	15735	0.26170117	-0.20172858
9147005	15736	0.30470735	-0.17073646
9147005	15737	2.5677428	-0.6842093
9147005	15738	2.7500257	-0.5896045
9147005	15739	2.6672564	-0.46230212
9147005	15740	0.056090295	0.5114399
9147005	15741	2.4267035	-0.43426263
9147005	15742	2.428433	-0.32096666
9147005	15743	2.134266	-0.010602951
9147005	15744	1.8520774	0.07695702
9147005	15745	1.8081824	0.13729748
9147005	15746	1.7024235	0.3165019
9147005	15747	1.5910584	0.30540082
9147005	15748	1.5441636	0.48774227
9147005	15749	1.5396711	0.52323604
9147005	15750	1.5797638	0.58755267
9147005	15751	1.8796209	0.34516916
9147005	15752	2.2046175	0.06527218
9147005	15753	1.8679794	0.36132345
9147005	15754	1.8125929	0.23829195
9147005	15755	1.1979486	0.8610467
9147005	15756	0.8747784	1.1079941
9147005	15757	0.8550781	1.154175
9147005	15758	0.84538555	1.1067986
9147005	15759	0.78939235	1.1261667
9147005	15760	0.72780573	1.1886983
9147005	15761	0.67040086	1.2978053
9147005	15762	0.5781313	1.4212533
9147005	15763	1.2094333	0.69457996
9147005	15764	1.4719231	0.43575487
9147005	15765	1.7678365	0.33749822
9147005	15766	2.0170727	0.07940802
9147005	15767	1.9568998	0.25287572
9147005	15768	1.8404449	0.34795943
9147005	15769	1.8003491	0.39904937
9147005	15770	1.7988397	0.3985739
9147005	15771	1.8215798	0.35784099
9147005	15772	1.8821162	0.33971742
9147005	15773	1.8155922	0.42262247
9147005	15774	1.194199	1.016963
9147005	15775	0.8799945	1.2439826
9147005	15776	1.5488347	0.50232506
9147005	15777	1.8662862	0.24068221
9147005	15778	2.085692	0.2652962
9147005	15779	1.3314115	0.9737716
9147005	15780	1.1759918	1.0281743
9147005	15781	1.3948025	0.8943032
9147005	15782	1.3512528	0.9356165
9147005	15783	1.3356212	0.96239173
9147005	15784	1.5523397	0.6565627
9147005	15785	1.7277063	0.4749994
9147005	15786	1.946148	0.23397288
9147005	15787	2.169662	0.07175222
9147005	15788	2.1094027	0.1666111
9147005	15789	2.317946	-0.0042812526
9147005	15790	2.5709972	-0.19592118
9147005	15791	3.4992862	-0.83979416
9147005	15792	3.8235698	-1.0514023
9147005	15793	3.915681	-1.0489792
9147005	15794	3.676085	-0.92162216
9147005	15795	3.7772527	-0.96637475
9147005	15796	3.303883	-0.7019007
9147005	15797	3.2166429	-0.6482336
9147005	15798	3.4740114	-0.93965006
9147005	15799	3.4429135	-0.80335975
9147005	15800	3.4691863	-0.8195437
9147005	15801	3.279139	-0.6303351
9147005	15802	3.1691127	-0.6393517
9147005	15803	3.4721427	-0.7442783
9147005	15804	3.1196542	-0.5051395
9147005	15805	3.2521763	-0.6261814
9147005	15806	3.1869183	-0.6287204
9147005	15807	3.2426724	-0.66262764
9147005	15808	3.0621405	-0.6007827
9147005	15809	2.7425637	-0.34917247
9147005	15810	2.9709392	-0.4962234
9147005	15811	2.8767648	-0.50746554
9147005	15812	2.8171277	-0.43473905
9147005	15813	3.1199503	-0.612673
9147005	15814	2.647624	-0.3040378
9147005	15815	2.5438857	-0.26900536
9147005	15816	2.5365825	-0.26397425
9147005	15817	2.742498	-0.37885424
9147005	15818	2.8102865	-0.39176455
9147005	15819	2.515697	-0.22780515
9147005	15820	1.8549916	0.39873603
9147005	15821	1.6874298	0.5047803
9147005	15822	1.6574181	0.5057517
9147005	15823	1.532014	0.6415889
9147005	15824	1.5507678	0.69405866
9147005	15825	2.289794	0.060428828
9147005	15826	2.497013	-0.06206453
9147005	15827	2.6538115	-0.13200277
9147005	15828	2.7521615	-0.28259772
9147005	15829	2.5127196	-0.024640828
9147005	15830	2.562367	-0.08231768
9147005	15831	2.820006	-0.26416087
9147005	15832	2.6796813	-0.29394764
9147005	15833	2.822703	-0.3989726
9147005	15834	2.62788	-0.17565235
9147005	15835	2.7149248	-0.24525736
9147005	15836	2.4506001	0.009597093
9147005	15837	2.8750796	-0.3789787
9147005	15838	3.2093825	-0.60825616
9147005	15839	3.0011	-0.5045958
9147005	15840	3.17488	-0.6345
9147005	15841	3.0689697	-0.5440321
9147005	15842	3.284659	-0.7351241
9147005	15843	3.2992115	-0.6868179
9147005	15844	3.2567763	-0.67704445
9147005	15845	3.2800884	-0.69317424
9147005	15846	3.4817195	-0.9174363
9147005	15847	3.493216	-0.8331927
9147005	15848	3.7078743	-1.0171646
9147005	15849	1.6565915	-1.4319379
9147005	15850	1.2335926	0.5277535
9147005	15851	0.9211756	1.0066705
9147005	15852	0.67668164	1.45534
9147005	15853	1.0479695	1.1650157
9147005	15854	1.0459018	1.1709979
9147005	15855	1.3619279	0.87315834
9147005	15856	1.1829752	1.1225338
9147005	15857	0.84399307	1.5345004
9147005	15858	0.9967203	1.3279352
9147005	15859	1.1687022	1.0204782
9147005	15860	1.6966146	-1.225057
9147005	15861	2.4246335	-1.7576994
9147005	15862	2.4261637	-1.6241779
9147005	15863	2.6381655	-1.7395325
9147005	15864	2.3764443	-1.533601
9147005	15865	2.4139733	-1.6132581
9147005	15866	2.2784634	-1.4712498
9147005	15867	1.5048171	0.36830506
9147005	15868	1.2338051	0.91115177
9147005	15869	1.0343225	1.2035596
9147005	15870	0.5392473	1.6453745
9147005	15871	0.29875994	1.9106688
9147005	15872	-0.37464404	2.926227
9147005	15873	-0.15112427	0.3743901
9147005	15874	2.1775045	0.027394056
9147005	15875	2.0433435	0.16129914
9147005	15876	1.7316974	0.46135405
9147005	15877	1.5541562	0.5341337
9147005	15878	1.8773443	0.14166471
9147005	15879	1.6099852	0.4524882
9147005	15880	1.4773483	0.5141882
9147005	15881	1.3150039	0.6464944
9147005	15882	1.5295824	0.5231911
9147005	15883	1.5901552	0.56673586
9147005	15884	1.4630626	0.69412756
9147005	15885	2.0731435	0.15902951
9147005	15886	1.9417588	0.30674043
9147005	15887	2.1337323	0.043732017
9147005	15888	2.163838	0.13304082
9147005	15889	2.0810027	0.18457809
9147005	15890	1.7430099	0.47549686
9147005	15891	1.2227093	1.0564677
9147005	15892	1.3826953	0.7043381
9147005	15893	1.5324796	0.6830025
9147005	15894	2.3536272	-0.0014409423
9147005	15895	2.0031252	0.4317107
9147005	15896	2.5282989	-0.17287874
9147005	15897	2.15558	0.30078593
9147005	15898	1.9250196	0.3992441
9147005	15899	1.4697783	0.77882755
9147005	15900	1.5468565	0.5706991
9147005	15901	1.7439333	0.4543095
9147005	15902	1.6242632	0.57521963
9147005	15903	1.3253263	0.8717693
9147005	15904	1.3745399	0.7822648
9147005	15905	1.8472866	0.30235305
9147005	15906	2.1267896	0.14567116
9147005	15907	2.2204466	0.1606631
9147005	15908	1.9943517	0.37190774
9147005	15909	1.726138	0.5086111
9147005	15910	1.9519004	0.32212797
9147005	15911	1.4636174	0.7982538
9147005	15912	1.0617347	1.2491902
9147005	15913	1.0674758	1.2474914
9147005	15914	1.1130289	1.174899
9147005	15915	1.1493111	1.1310768
9147005	15916	1.1600428	1.1277843
9147005	15917	-0.018668175	0.3695061
9147005	15918	0.59843934	-0.46725145
9147005	15919	0.31307876	1.772136
9147005	15920	1.0395004	-0.39814413
9147005	15921	2.4083004	-0.34848356
9147005	15922	2.5306067	-0.3678127
9147005	15923	2.410314	-0.22177571
9147005	15924	2.4766874	-0.29059523
9147005	15925	2.4376674	-0.21176465
9147005	15926	2.4242558	-0.21484965
9147005	15927	2.474063	-0.20672753
9147005	15928	2.8697028	-0.3801085
9147005	15929	3.0558314	-0.5204296
9147005	15930	2.7742047	-0.18437982
9147005	15931	1.3355331	-0.6468283
9147005	15932	1.7010144	-1.214471
9147005	15933	1.2950642	0.76385653
9147005	15934	1.3011557	0.8827485
9147005	15935	1.5547081	0.5725584
9147005	15936	2.3766108	-1.2468977
9147005	15937	2.3133636	-1.2804244
9147005	15938	2.212697	-1.2390089
9147005	15939	2.2632518	-1.2823346
9147005	15940	1.3103178	0.7216108
9147005	15941	1.2278861	0.8817601
9147005	15942	0.836921	1.4874339
9147005	15943	1.0437264	1.1042231
9147005	15944	1.0242534	1.2863669
9147005	15945	0.9699799	1.3243512
9147005	15946	1.2278556	1.1415737
9147005	15947	1.4085191	0.91092825
9147005	15948	1.3618351	1.0548177
9147005	15949	1.4449422	0.9141723
9147005	15950	0.9246613	1.5658507
9147005	15951	0.24359882	2.4718542
9147005	15952	0.33601654	2.239899
9147005	15953	0.035604954	2.7432613
9147005	15954	-0.3902349	3.5225637
9147005	15955	-0.3648841	3.349207
9147005	15956	-0.46160585	3.4622867
9147005	15957	-0.044421256	2.9342244
9147005	15958	-0.34789038	3.2437725
9147005	15959	-0.353398	3.3607788
9147005	15960	-0.34085938	1.4068909
9147005	15961	1.5686115	0.56051147
9147005	15962	1.6830465	0.59298
9147005	15963	1.7913922	0.5847217
9147005	15964	1.8722621	0.49327704
9147005	15965	1.7416865	0.6342205
9147005	15966	1.6202551	0.6928978
9147005	15967	1.6009723	0.72985566
9147005	15968	1.3537036	0.96544063
9147005	15969	1.1276563	1.1803229
9147005	15970	0.97459054	1.4816478
9147005	15971	1.246419	-0.19215602
9147005	15972	0.7162324	1.6961951
9147005	15973	0.7411767	1.9405763
9147005	15974	0.6934457	1.9384236
9147005	15975	1.6070656	-0.9524272
9147005	15976	1.4478413	-0.7944226
9147005	15977	3.0073228	-0.56507397
9147005	15978	2.799407	-0.38301238
9147005	15979	-0.05125758	0.33951935
9147005	15980	2.4405313	-0.32125708
9147005	15981	2.680369	-0.40850273
9147005	15982	2.5967822	-0.23270795
9147005	15983	2.4216852	-0.1241031
9147005	15984	2.4531546	-0.13886446
9147005	15985	2.2701583	0.01597792
9147005	15986	2.1630788	0.07081804
9147005	15987	2.0529375	0.18319783
9147005	15988	1.9994568	0.18754604
9147005	15989	1.856846	0.38977352
9147005	15990	1.967414	0.21863428
9147005	15991	1.6344305	0.6267748
9147005	15992	1.8374733	0.55463314
9147005	15993	-0.5186833	1.0483785
9147005	15994	-0.52190673	1.2418226
9147005	15995	-0.20557809	2.9359775
9147005	15996	-0.23702705	2.9746208
9147005	15997	0.1054129	-0.13212651
9147005	15998	0.2885306	0.17381045
9147005	15999	2.2186894	-0.17814994
9147005	16000	-0.44374177	0.94358206
9147005	16001	-0.30547333	1.1481159
9147005	16002	0.01630342	2.7678804
9147005	16003	0.06997007	2.598457
9147005	16004	0.3491221	2.2186112
9147005	16005	1.0186161	-0.18098888
9147005	16006	1.523851	-0.9588028
9147005	16007	3.035118	-0.5879531
9147005	16008	2.63937	-0.31290075
9147005	16009	2.7565613	-0.3724568
9147005	16010	0.32328242	0.00325045
9147005	16011	0.11296439	0.31926557
9147005	16012	0.4195698	0.10435352
9147005	16013	2.393354	-0.41462305
9147005	16014	2.3246665	-0.09962049
9147005	16015	2.464532	-0.17845446
9147005	16016	2.6570458	-0.36518526
9147005	16017	2.6941485	-0.36675054
9147005	16018	0.3109817	-0.02405414
9147005	16019	0.33136362	-0.021111488
9147005	16020	0.5347191	-0.109858006
9147005	16021	0.19519478	2.1395836
9147005	16022	0.27371484	2.2694407
9147005	16023	0.6719893	1.7571716
9147005	16024	0.43656665	2.0086296
9147005	16025	0.4252563	2.0458765
9147005	16026	0.4250772	1.9616523
9147005	16027	0.68528175	1.7139318
9147005	16028	0.5974492	1.725136
9147005	16029	1.648048	-0.94896734
9147005	16030	1.8078316	-0.9068782
9147005	16031	1.8281747	-0.91120577
9147005	16032	1.3836799	-0.6521776
9147005	16033	1.4533768	-0.8103614
9147005	16034	0.5075866	1.726666
9147005	16035	0.29250616	2.1264255
9147005	16036	0.6813514	1.6366925
9147005	16037	0.8177731	1.4959363
9147005	16038	0.474261	2.0319612
9147005	16039	0.5320568	1.9346793
9147005	16040	0.57908094	1.8842688
9147005	16041	1.068731	-0.90760356
9147005	16042	1.5959655	-1.083906
9147005	16043	1.3324236	-0.7302045
9147005	16044	0.80922794	-0.42844182
9147005	16045	0.7337307	-0.4186272
9147005	16046	0.34128505	2.0053601
9147005	16047	0.25857717	2.1712728
9147005	16048	-0.13109529	0.23062369
9147005	16049	0.05855155	0.43982342
9147005	16050	-0.021139324	0.4623073
9147005	16051	1.8661021	-0.08941424
9147005	16052	1.866824	-0.033640295
9147005	16053	1.9210182	-0.02615136
9147005	16054	1.7646152	0.18642578
9147005	16055	1.5856894	0.306425
9147005	16056	1.561498	0.5478358
9147005	16057	1.502158	0.6828475
9147005	16058	1.2977883	0.79945254
9147005	16059	1.3137316	0.8549714
9147005	16060	1.4645755	0.7558774
9147005	16061	1.372771	0.72597456
9147005	16062	1.1071019	1.1161066
9147005	16063	1.3418007	0.8554355
9147005	16064	1.2940779	0.93248534
9147005	16065	1.4327185	0.8319768
9147005	16066	0.8039985	1.4699506
9147005	16067	1.0564998	1.1209478
9147005	16068	1.0337535	1.2447343
9147005	16069	1.1203194	1.1481526
9147005	16070	0.98971593	1.1406574
9147005	16071	0.7485565	1.5369395
9147005	16072	0.67926395	1.5387996
9147005	16073	0.615204	1.7239685
9147005	16074	0.59732604	1.7016101
9147005	16075	0.44197553	1.9054072
9147005	16076	0.46076268	1.8627243
9147005	16077	0.40611732	1.93729
9147005	16078	0.5070226	1.8438299
9147005	16079	0.592664	1.7790315
9147005	16080	0.5363637	1.7269359
9147005	16081	1.221645	-0.6174392
9147005	16082	1.5303365	-0.903257
9147005	16083	1.3249202	-0.56612384
9147005	16084	2.2120438	-0.22720088
9147005	16085	2.0534625	-0.07098082
9147005	16086	2.2089758	-0.114575654
9147005	16087	0.26431626	0.19667825
9147005	16088	2.1483293	-0.23409607
9147005	16089	2.3422594	-0.20836687
9147005	16090	2.312039	-0.1109758
9147005	16091	2.371513	-0.09039423
9147005	16092	2.5244074	-0.12189287
9147005	16093	2.4383793	0.05776295
9147005	16094	0.10441929	0.10269067
9147005	16095	0.25263232	2.352881
9147005	16096	0.039790094	2.628336
9147005	16097	0.1692959	2.4113994
9147005	16098	0.29741114	2.1061664
9147005	16099	0.2787819	2.0836568
9147005	16100	0.3154835	2.0946386
9147005	16101	0.21047032	2.2142937
9147005	16102	0.16371149	2.270557
9147005	16103	0.50576866	1.9183865
9147005	16104	0.91953576	1.4211452
9147005	16105	1.3719665	1.0289794
9147005	16106	1.3609847	1.0892572
9147005	16107	1.3614804	1.1150756
9147005	16108	1.2164334	1.2982556
9147005	16109	0.7077538	1.8006549
9147005	16110	0.3843215	2.1243048
9147005	16111	0.5307814	1.8808601
9147005	16112	1.0936377	1.164798
9147005	16113	1.1211872	1.195535
9147005	16114	1.0679154	1.3141929
9147005	16115	0.7561681	1.6550126
9147005	16116	0.6742766	1.7136664
9147005	16117	0.5144203	2.0055397
9147005	16118	0.29117936	2.2927537
9147005	16119	0.18758303	2.3903015
9147005	16120	0.12755853	2.3888803
9147005	16121	0.03458488	2.5063317
9147005	16122	0.07192391	2.4914482
9147005	16123	0.019008458	2.4650187
9147005	16124	-0.16822493	2.8404012
9147005	16125	-0.054674447	2.6612356
9147005	16126	-0.07947868	2.7336786
9147005	16127	0.06351757	2.5561836
9147005	16128	0.01903814	2.55083
9147005	16129	-0.24073538	2.9444542
9147005	16130	-0.14643958	2.8537567
9147005	16131	-0.26547754	3.0392578
9147005	16132	0.08356464	1.0498722
9147005	16133	1.6926378	0.5461409
9147005	16134	1.7106425	0.56806767
9147005	16135	1.7918981	0.5308516
9147005	16136	1.7128166	0.57968855
9147005	16137	1.6926345	0.5889746
9147005	16138	1.681655	0.53827417
9147005	16139	1.7065588	0.51667774
9147005	16140	1.3883741	0.954576
9147005	16141	1.0937383	1.2032403
9147005	16142	1.1004623	1.2875838
9147005	16143	1.037775	1.4556966
9147005	16144	1.0338221	1.4697802
9147005	16145	1.0712423	1.4398408
9147005	16146	1.1725149	1.3207574
9147005	16147	1.1754417	1.3467876
9147005	16148	0.7753254	1.8669467
9147005	16149	0.7550285	1.8238175
9147005	16150	0.4682181	2.2304509
9147005	16151	0.26648897	2.55724
9147005	16152	0.39828742	2.4981377
9147005	16153	-0.21608216	3.2844176
9147005	16154	-0.07462335	3.1894507
9147005	16155	-0.019972682	2.8704813
9147005	16156	0.77034247	1.8710659
9147005	16157	0.6776682	1.9409394
9147005	16158	0.77511895	1.8234515
9147005	16159	0.49701262	2.149979
9147005	16160	0.6084832	2.0038772
9147005	16161	0.6691929	1.9542353
9147005	16162	0.44303536	2.3110282
9147005	16163	0.51424456	2.1945717
9147005	16164	0.55757844	2.0429068
9147005	16165	0.49326193	2.138699
9147005	16166	-0.20164269	1.9594455
9147005	16167	-0.44831017	-0.13969329
9147005	16168	-0.9342235	1.474996
9147005	16169	-1.1594793	1.6706595
9147005	16170	-0.13476205	1.5259633
9147005	16171	0.12583154	0.67806065
9147005	16172	0.82988	-0.1734997
9147005	16173	0.7493385	-0.05621767
9147005	16174	0.9822569	-0.22475186
9147005	16175	0.99151516	-0.2248486
9147005	16176	1.0320097	-0.2606833
9147005	16177	1.1137862	-0.3911196
9147005	16178	1.0743234	-0.31473807
9147005	16179	1.103074	-0.40325618
9147005	16180	1.1956549	-0.4625648
9147005	16181	1.1866927	-0.44663796
9147005	16182	1.1951628	-0.50924313
9147005	16183	1.242189	-0.50904083
9147005	16184	1.4611392	-0.6894075
9147005	16185	0.7105962	-0.010926515
9147005	16186	0.57051873	0.028163016
9147005	16187	0.561625	-0.045877874
9147005	16188	0.78857696	1.3357999
9147005	16189	0.56379664	1.6822624
9147005	16190	0.749637	1.376181
9147005	16191	0.7839297	1.3750607
9147005	16192	0.6488788	1.8774648
9147005	16193	0.65846705	1.7326372
9147005	16194	0.5416223	1.8253429
9147005	16195	0.6442404	1.7546582
9147005	16196	0.6201358	1.7695434
9147005	16197	0.6488551	1.7454131
9147005	16198	0.7903069	-0.45574003
9147005	16199	1.0507878	-0.42544648
9147005	16200	0.72046983	1.5891631
9147005	16201	0.68287945	1.6779277
9147005	16202	0.75920475	1.4981467
9147005	16203	0.7729044	1.489354
9147005	16204	0.53377914	1.9557261
9147005	16205	0.40208858	0.35040066
9147005	16206	2.0024252	0.0016727746
9147005	16207	2.0207553	0.20818976
9147005	16208	1.950833	0.30233577
9147005	16209	1.8970708	0.37364587
9147005	16210	1.889367	0.4081013
9147005	16211	1.9118055	0.38922134
9147005	16212	2.033259	0.38154182
9147005	16213	1.8545429	0.63240373
9147005	16214	1.1763742	1.3594526
9147005	16215	0.78321576	1.657979
9147005	16216	0.5323665	1.9699509
9147005	16217	0.18857932	2.4422646
9147005	16218	0.26074123	2.3009765
9147005	16219	0.34850615	2.0810742
9147005	16220	0.3135851	0.72249603
9147005	16221	0.18580723	0.4318011
9147005	16222	0.3245201	0.4395896
9147005	16223	1.4418092	0.7469201
9147005	16224	1.6582626	0.36631313
9147005	16225	1.9871548	0.12844208
9147005	16226	2.1585383	0.10712543
9147005	16227	2.2000175	0.14811614
9147005	16228	2.2655978	0.11270568
9147005	16229	2.073432	0.32645735
9147005	16230	2.2502456	0.093099505
9147005	16231	2.2917027	0.14597824
9147005	16232	2.515603	-0.13102654
9147005	16233	2.9221797	-0.3094766
9147005	16234	0.7398727	-0.56154525
9147005	16235	1.1121254	-0.7840507
9147005	16236	1.3094563	-0.8242998
9147005	16237	1.3108499	-0.82381177
9147005	16238	1.2143517	-0.6979319
9147005	16239	0.98659194	1.1527065
9147005	16240	0.91062343	1.4822861
9147005	16241	0.88411474	1.3337228
9147005	16242	0.8394129	1.4163241
9147005	16243	0.57781017	1.7566435
9147005	16244	0.8385904	-0.94673014
9147005	16245	1.038894	-0.65384644
9147005	16246	2.5739174	-0.41931632
9147005	16247	2.4693518	-0.36431605
9147005	16248	2.6842604	-0.39470863
9147005	16249	0.18436462	0.055645198
9147005	16250	0.36984122	2.009616
9147005	16251	0.34069222	1.9740129
9147005	16252	0.298975	2.0705504
9147005	16253	0.25966537	2.1130807
9147005	16254	0.40552145	1.9931297
9147005	16255	0.5040494	-0.4530048
9147005	16256	0.7318878	-0.2942255
9147005	16257	2.5814772	-0.4298638
9147005	16258	2.3076797	-0.15540376
9147005	16259	2.6080766	-0.4061445
9147005	16260	2.562882	-0.21066149
9147005	16261	2.6849642	-0.2731782
9147005	16262	2.3668575	0.13721916
9147005	16263	2.2687125	0.10216841
9147005	16264	1.6813837	0.573182
9147005	16265	1.443118	0.6240612
9147005	16266	0.859355	1.2550958
9147005	16267	0.5742924	1.496538
9147005	16268	0.015105009	2.2571313
9147005	16269	0.081528544	2.2388594
9147005	16270	-0.33946615	2.8766336
9147005	16271	-0.4773059	3.0469315
9147005	16272	-0.5149558	3.416815
9147005	16273	-0.2696113	2.8657568
9147005	16274	-0.3318967	1.7000797
9147005	16275	-0.05620855	0.94668686
9147005	16276	1.0450246	1.0948721
9147005	16277	1.203124	1.0440351
9147005	16278	1.1871203	1.108797
9147005	16279	0.5416347	2.0114932
9147005	16280	0.07868916	0.54047155
9147005	16281	0.1362282	0.7477076
9147005	16282	0.1984412	0.15090111
9147005	16283	0.28649992	0.16228196
9147005	16284	0.6598519	-0.11274582
9147005	16285	0.56410456	-0.121487856
9147005	16286	0.5800028	-0.28762263
9147005	16287	0.33554745	0.17009005
9147005	16288	0.3638283	-0.2103726
9147005	16289	0.3316853	-0.080233574
9147005	16290	0.268223	0.031870812
9147005	16291	0.22233158	0.069651216
9147005	16292	0.08521074	0.19595835
9147005	16293	0.04891163	0.23665199
9147005	16294	0.10907024	2.0821004
9147005	16295	0.084184825	2.0839646
9147005	16296	0.046509504	2.3963463
9147005	16297	0.35253054	-0.24050048
9147005	16298	0.6670023	-0.48376033
9147005	16299	2.611436	-0.22560339
9147005	16300	2.593501	-0.25730783
9147005	16301	2.4116344	-0.11823198
9147005	16302	2.3656917	-0.0052051246
9147005	16303	2.3696423	-0.17060283
9147005	16304	2.295126	-0.06123808
9147005	16305	2.035707	0.14068606
9147005	16306	2.1930532	-0.07603246
9147005	16307	2.291113	0.032876283
9147005	16308	2.4108896	-0.2118859
9147005	16309	2.2664456	0.1208286
9147005	16310	2.2512312	-0.043297887
9147005	16311	2.2877536	0.04225859
9147005	16312	2.16535	0.07748172
9147005	16313	2.1986337	0.11885604
9147005	16314	2.3012404	-0.047240376
9147005	16315	2.1347136	0.17945
9147005	16316	2.89156	-0.52304065
9147005	16317	3.2204456	-0.6517985
9147005	16318	2.8952417	-0.33927086
9147005	16319	3.268036	-0.6737013
9147005	16320	3.4631515	-0.8116472
9147005	16321	1.6490585	-1.2329713
9147005	16322	1.6599659	-1.1979754
9147005	16323	3.8069944	-1.0306755
9147005	16324	3.5337276	-0.7742694
9147005	16325	3.5133386	-0.75376534
9147005	16326	3.7428646	-0.9934403
9147005	16327	3.6516314	-0.824367
9147005	16328	1.2518883	-1.1399049
9147005	16329	1.7084881	-1.3799952
9147005	16330	1.8075382	-1.2737768
9147005	16331	1.6352326	0.3366709
9147005	16332	1.6739479	0.67651784
9147005	16333	1.7051924	0.5755967
9147005	16334	1.341003	1.1453943
9147005	16335	1.9419597	0.33453318
9147005	16336	1.7414113	0.6682179
9147005	16337	1.9140686	0.68042743
9147005	16338	1.4289913	1.0750296
9147005	16339	1.5558883	0.84868014
9147005	16340	1.3230752	1.1381804
9147005	16341	1.130183	1.221574
9147005	16342	1.2821907	1.105318
9147005	16343	1.129534	1.3140906
9147005	16344	1.3802534	0.8974165
9147005	16345	1.5561436	0.81393504
9147005	16346	1.624185	0.6326649
9147005	16347	1.360345	1.0983514
9147005	16348	1.1965064	-0.2258472
9147005	16349	1.566001	-0.89380634
9147005	16350	1.4755615	0.7447351
9147005	16351	2.2377033	-1.5788373
9147005	16352	2.226561	-1.380892
9147005	16353	2.087366	-1.2034664
9147005	16354	1.8991297	-1.2385116
9147005	16355	1.9846083	-1.2791922
9147005	16356	1.6400319	-0.93440354
9147005	16357	1.2337788	-1.0244415
9147005	16358	1.7017924	0.7297137
9147005	16359	1.2437837	1.3437358
9147005	16360	1.4998604	-0.8134099
9147005	16361	1.1319648	1.0120766
9147005	16362	2.96451	-0.9952575
9147005	16363	3.5903435	-0.7612624
9147005	16364	3.370833	-0.55464643
9147005	16365	3.2125673	-0.53928703
9147005	16366	3.3982625	-0.5150743
9147005	16367	3.0813498	-0.18740362
9147005	16368	1.9304281	-1.9857622
9147005	16369	2.4284148	-1.9914855
9147005	16370	2.518249	-1.8920584
9147005	16371	1.457633	-0.9015952
9147005	16372	1.5572926	0.23894271
9147005	16373	1.7225267	0.41748694
9147005	16374	1.7272409	0.39125302
9147005	16375	1.7492415	0.4937416
9147005	16376	2.175871	-1.6131861
9147005	16377	1.6709253	-1.1862729
9147005	16378	1.7117845	-1.2159244
9147005	16379	1.5059108	-0.94995546
9147005	16380	0.8020046	-0.6322632
9147005	16381	1.1210991	1.3586667
9147005	16382	1.0164269	1.3502585
9147005	16383	1.660931	-1.3569108
9147005	16384	1.7490581	-1.2677356
9147005	16385	1.855656	-1.2530156
9147005	16386	1.411477	1.0324792
9147005	16387	1.23756	1.2008458
9147005	16388	1.5381969	-0.818205
9147005	16389	1.1458743	-0.6556308
9147005	16390	1.0542766	1.3204954
9147005	16391	1.5926062	-1.176049
9147005	16392	1.0250604	-0.7730088
9147005	16393	1.0825446	-0.7424091
9147005	16394	0.7794939	1.484621
9147005	16395	1.3410473	-0.97284365
9147005	16396	0.97421277	-0.7399349
9147005	16397	1.1005834	-0.7504139
9147005	16398	0.9478698	-0.27073807
9147005	16399	0.5882082	-0.3012855
9147005	16400	0.7376329	-0.107720554
9147005	16401	0.61275625	-0.10697901
9147005	16402	0.5723342	0.20380536
9147005	16403	0.36791593	0.059180707
9147005	16404	0.4654162	0.043535084
9147005	16405	0.26934046	0.34926006
9147005	16406	0.2534836	0.43499807
9147005	16407	0.3871385	-0.0021848083
9147005	16408	0.71743226	-0.31814736
9147005	16409	0.68454206	0.12128475
9147005	16410	0.43168223	0.031989336
9147005	16411	0.4860487	0.25331745
9147005	16412	0.4872638	0.13442132
9147005	16413	0.5152377	0.14727119
9147005	16414	0.4317822	0.4049383
9147005	16415	0.14177442	0.31463245
9147005	16416	0.36532915	0.24291995
9147005	16417	0.4089889	0.3694264
9147005	16418	0.48709327	0.21897307
9147005	16419	0.3382277	0.31475928
9147005	16420	0.3533923	0.28258184
9147005	16421	0.26529264	0.22545531
9147005	16422	0.30845124	0.3406404
9147005	16423	0.37582588	0.32307652
9147005	16424	0.25080043	0.23608771
9147005	16425	0.2730279	0.3637289
9147005	16426	0.20304495	0.33668944
9147005	16427	0.07998818	0.577924
9147005	16428	0.2759431	0.3231661
9147005	16429	0.12764645	0.5228126
9147005	16430	0.36150414	0.24322298
9147005	16431	0.25473642	0.49702844
9147005	16432	0.04316008	0.4101456
9147005	16433	0.29397815	0.32020178
9147005	16434	0.04861152	0.4269813
9147005	16435	0.3511443	0.113797456
9147005	16436	0.19979191	0.42853877
9147005	16437	0.32205772	0.2130414
9147005	16438	0.47475916	0.1380243
9147005	16439	0.45012414	0.26540664
9147005	16440	0.42448497	0.2634646
9147005	16441	0.42433912	0.32660314
9147005	16442	0.28361726	0.2037662
9147005	16443	0.34981292	0.30855605
9147005	16444	0.36064434	0.32001618
9147005	16445	0.43885136	0.23335591
9147005	16446	0.22625774	0.5973816
9147005	16447	1.237613	0.7493031
9147005	16448	1.2589749	0.96191096
9147005	16449	1.1453546	0.93124425
9147005	16450	1.0756578	1.0563078
9147005	16451	1.1080499	1.0069193
9147005	16452	1.3483727	0.9650967
9147005	16453	1.2048157	1.1772897
9147005	16454	0.903273	1.2729994
9147005	16455	0.9487668	1.2524145
9147005	16456	0.884411	1.4993582
9147005	16457	0.59863067	1.6359713
9147005	16458	0.9387454	1.4738923
9147005	16459	0.7030039	1.4320517
9147005	16460	0.46435523	1.8678586
9147005	16461	0.47878718	1.844275
9147005	16462	0.9008601	1.157147
9147005	16463	0.82863784	1.3531759
9147005	16464	0.8100667	1.5456338
9147005	16465	0.8563019	1.5199306
9147005	16466	0.67848253	1.4692018
9147005	16467	0.8223928	1.4651164
9147005	16468	0.8567668	1.397487
9147005	16469	0.9278908	1.3517429
9147005	16470	0.8915552	1.344728
9147005	16471	0.9759455	1.3207476
9147005	16472	0.97852457	1.3148211
9147005	16473	0.9756733	1.3066492
9147005	16474	1.1139982	1.1543521
9147005	16475	0.98348427	1.4356467
9147005	16476	1.0814553	1.1606978
9147005	16477	1.1673586	1.1064714
9147005	16478	1.2876236	1.1277611
9147005	16479	1.5857223	0.7197499
9147005	16480	1.7138091	0.7231504
9147005	16481	1.6251596	0.8708885
9147005	16482	1.4500341	0.8193599
9147005	16483	1.8289608	0.4977478
9147005	16484	1.7342383	0.76750946
9147005	16485	1.7437645	0.6774863
9147005	16486	1.5988027	0.8353139
9147005	16487	2.3078618	0.058767945
9147005	16488	2.7143674	-0.081493646
9147005	16489	3.044497	-0.12135589
9147005	16490	2.9599934	-0.05151075
9147005	16491	2.904375	-0.051888347
9147005	16492	2.8206267	-0.044647485
9147005	16493	2.6834574	0.13471946
9147005	16494	2.5249147	0.07316175
9147005	16495	2.6060724	0.044174522
9147005	16496	2.6746821	0.010085732
9147005	16497	2.7737198	-0.14441177
9147005	16498	2.7434778	-0.03160572
9147005	16499	2.7247014	0.036607623
9147005	16500	2.403895	0.2711433
9147005	16501	2.169629	0.25047633
9147005	16502	2.3848052	0.19549736
9147005	16503	2.4236112	0.16020748
9147005	16504	2.559753	0.0395115
9147005	16505	2.516994	0.18488494
9147005	16506	2.4858718	0.044972688
9147005	16507	2.8440018	-0.16130519
9147005	16508	2.9401054	-0.23539816
9147005	16509	2.9874215	-0.13999748
9147005	16510	2.7568374	0.04794547
9147005	16511	2.5300398	-0.012943089
9147005	16512	2.627746	0.031687737
9147005	16513	2.5687685	0.010840207
9147005	16514	2.450478	0.145452
9147005	16515	2.5420923	0.14724377
9147005	16516	2.4914455	0.042936772
9147005	16517	2.5541148	0.026699573
9147005	16518	2.5626407	0.15591595
9147005	16519	2.470756	0.10349551
9147005	16520	2.6104984	0.07548544
9147005	16521	2.6247182	-0.03466469
9147005	16522	2.5724354	0.13381544
9147005	16523	2.4414697	0.06323221
9147005	16524	2.4711194	0.16947249
9147005	16525	2.4382992	0.05992523
9147005	16526	2.6364207	-0.1009725
9147005	16527	2.5521636	0.09361574
9147005	16528	2.400631	0.12516269
9147005	16529	2.4642887	0.17083219
9147005	16530	2.3107562	0.13220808
9147005	16531	2.519226	0.104955345
9147005	16532	2.4763389	0.06007251
9147005	16533	2.5801206	0.067759365
9147005	16534	2.4710345	0.0018061996
9147005	16535	2.5114946	0.0075719357
9147005	16536	2.6003237	0.06773177
9147005	16537	2.5405335	-0.05293876
9147005	16538	2.5806952	0.10118535
9147005	16539	2.493866	0.043560892
9147005	16540	2.604846	-0.045584172
9147005	16541	2.596313	0.091198474
9147005	16542	2.3787875	0.07337877
9147005	16543	2.353857	0.21743205
9147005	16544	2.3655677	0.015300244
9147005	16545	2.529508	0.117242485
9147005	16546	2.4619713	0.14778575
9147005	16547	2.5469232	-0.048784256
9147005	16548	2.74503	-0.16381222
9147005	16549	2.7184072	-0.05919847
9147005	16550	2.647695	-0.08710119
9147005	16551	2.640821	0.044064313
9147005	16552	2.542932	-0.013675988
9147005	16553	2.6293201	-0.083716005
9147005	16554	2.6305923	0.04653582
9147005	16555	2.5768385	-0.07577735
9147005	16556	2.475206	0.1365892
9147005	16557	2.3955083	0.022827893
9147005	16558	2.6640816	-0.1329642
9147005	16559	2.6942244	-0.004911244
9147005	16560	2.5174956	0.04692146
9147005	16561	2.597272	-0.10085356
9147005	16562	2.670802	0.008617997
9147005	16563	2.607295	0.039305627
9147005	16564	2.5374079	0.032331914
9147005	16565	3.3682942	-0.631763
9147005	16566	4.0775595	-1.0752699
9147005	16567	4.4049306	-1.1626631
9147005	16568	4.189749	-1.1776745
9147005	16569	4.4461064	-1.3887461
9147005	16570	3.7589788	-0.8777077
9147005	16571	3.9627562	-1.2972045
9147005	16572	3.7984662	-2.2550025
9147005	16573	3.2889528	-2.2381907
9147005	16574	3.2282705	-2.0358837
9147005	16575	2.903037	-1.9959134
9147005	16576	2.9365067	-2.0691695
9147005	16577	2.4801407	-0.32672554
9147005	16578	2.1459475	-0.01573661
9147005	16579	2.0585022	0.218312
9147005	16580	2.249608	-0.051867217
9147005	16581	2.2537994	0.07317498
9147005	16582	1.9753443	0.28527656
9147005	16583	1.9923776	0.29027596
9147005	16584	1.8546406	0.36054048
9147005	16585	1.5120884	0.6829363
9147005	16586	1.5071903	0.7795969
9147005	16587	1.3559253	0.97713065
9147005	16588	1.42683	0.76855624
9147005	16589	1.314111	0.9665688
9147005	16590	1.2719909	0.9837587
9147005	16591	1.1323727	1.121412
9147005	16592	1.9941255	0.22405854
9147005	16593	2.4702978	-0.102909714
9147005	16594	2.9005303	-0.3262537
9147005	16595	3.040216	-0.38473463
9147005	16596	3.2786202	-0.6853181
9147005	16597	3.1477194	-0.5027662
9147005	16598	4.53234	-1.6888272
9147005	16599	4.3946447	-1.4797112
9147005	16600	3.155898	-2.352764
9147005	16601	3.890911	-2.6640952
9147005	16602	3.5145903	-2.1582942
9147005	16603	2.9901738	-2.0298283
9147005	16604	3.0191088	-2.2319925
9147005	16605	2.7720876	-1.6726844
9147005	16606	2.6879683	-1.8855253
9147005	16607	3.019652	-2.0733986
9147005	16608	2.1146617	-0.22368112
9147005	16609	1.4240117	0.2765577
9147005	16610	1.7145189	-0.24350601
9147005	16611	1.7911359	0.12862465
9147005	16612	2.004881	-0.116262525
9147005	16613	2.3247705	-0.43244946
9147005	16614	2.574922	-0.67701995
9147005	16615	2.1675067	-0.1684275
9147005	16616	2.780531	-0.858515
9147005	16617	3.347815	-1.1247371
9147005	16618	3.3369484	-1.1136185
9147005	16619	2.7347698	-0.526676
9147005	16620	2.6011596	-0.5577756
9147005	16621	3.729457	-1.4200361
9147005	16622	3.9364195	-1.3811269
9147005	16623	4.150744	-1.5377744
9147005	16624	3.9686618	-1.3173344
9147005	16625	4.2735496	-1.7428153
9147005	16626	4.4663916	-1.6844807
9147005	16627	4.533764	-1.7300156
9147005	16628	4.290978	-1.5088263
9147005	16629	4.273645	-1.530407
9147005	16630	4.2342334	-1.4835163
9147005	16631	4.275495	-1.5278991
9147005	16632	4.28606	-1.5111262
9147005	16633	4.411998	-1.6411277
9147005	16634	4.19279	-1.4459614
9147005	16635	2.9637532	-2.404505
9147005	16636	1.8133432	0.005299419
9147005	16637	1.4489546	0.45925573
9147005	16638	1.858754	0.17651787
9147005	16639	1.8738323	0.23499867
9147005	16640	1.4818877	0.53827286
9147005	16641	1.2735777	0.791782
9147005	16642	1.3618076	0.6942252
9147005	16643	1.4934491	0.5397943
9147005	16644	1.4348162	0.611593
9147005	16645	1.3057475	0.8023236
9147005	16646	1.681713	0.45823637
9147005	16647	1.960281	0.14679924
9147005	16648	2.148582	0.011224508
9147005	16649	2.1984825	-0.002470851
9147005	16650	2.2185516	-0.02603975
9147005	16651	1.5394543	0.5841563
9147005	16652	1.1277385	0.8664329
9147005	16653	1.7028183	0.37054017
9147005	16654	1.794459	0.29915854
9147005	16655	1.9365894	0.271925
9147005	16656	1.8325154	0.34724107
9147005	16657	1.8531085	0.3205259
9147005	16658	1.5673109	0.5925307
9147005	16659	1.4185263	0.6945814
9147005	16660	1.149319	0.91193056
9147005	16661	1.0201561	1.002307
9147005	16662	1.2563648	0.85539925
9147005	16663	1.1111287	0.9272795
9147005	16664	1.1604838	1.0302761
9147005	16665	1.0268856	1.0305355
9147005	16666	0.78530407	1.3445307
9147005	16667	0.85429597	1.2301959
9147005	16668	0.80864596	1.2530326
9147005	16669	0.68945503	1.4071552
9147005	16670	0.768587	1.2854612
9147005	16671	0.6645621	1.3937882
9147005	16672	0.6044562	1.4308248
9147005	16673	0.60440135	1.4085513
9147005	16674	0.48425704	1.650996
9147005	16675	0.5374135	1.54333
9147005	16676	0.49514377	1.574938
9147005	16677	0.6430589	1.4599138
9147005	16678	0.57511604	1.5055096
9147005	16679	0.5371959	1.5321897
9147005	16680	0.9927248	1.075139
9147005	16681	0.9645127	1.1351875
9147005	16682	0.24092352	1.8983998
9147005	16683	0.02631116	2.121648
9147005	16684	0.0094355345	2.412895
9147005	16685	0.4195382	1.9919145
9147005	16686	0.31521773	2.077815
9147005	16687	0.23294413	2.2012389
9147005	16688	0.29057348	2.125345
9147005	16689	0.27019912	2.1435418
9147005	16690	-0.21711615	2.8812764
9147005	16691	0.12169963	2.4558861
9147005	16692	-0.41020826	3.175988
9147005	16693	-0.24332479	2.9927762
9147005	16694	-0.52898467	3.474787
9147005	16695	-0.20208055	1.1460577
9147005	16696	-0.3237474	1.2117553
9147005	16697	-0.4066571	1.2879144
9147005	16698	0.81016576	0.96798885
9147005	16699	1.1395705	0.65041137
9147005	16700	1.0273864	-0.59755623
9147005	16701	1.1668704	-0.6199956
9147005	16702	0.91626084	-0.34533224
9147005	16703	0.33988053	0.1357126
9147005	16704	0.17589349	0.2319291
9147005	16705	0.41685462	-0.0011568964
9147005	16706	0.5035627	-0.06507489
9147005	16707	0.40292966	-0.003706783
9147005	16708	0.35646832	0.0823634
9147005	16709	0.353446	0.053418726
9147005	16710	0.24464554	0.13844523
9147005	16711	0.083155096	0.29549566
9147005	16712	0.13896942	0.26052627
9147005	16713	-0.13776192	0.6368108
9147005	16714	-0.16936445	0.56284165
9147005	16715	-0.37771162	0.9434476
9147005	16716	-0.4158107	0.85602117
9147005	16717	-0.21731511	0.6214789
9147005	16718	-0.04858753	0.44902828
9147005	16719	-0.0015481114	0.37289003
9147005	16720	0.16998214	0.12939873
9147005	16721	0.26748705	0.046135277
9147005	16722	0.5795413	-0.21113811
9147005	16723	0.27408856	0.15870091
9147005	16724	0.3141582	0.13804945
9147005	16725	0.06920165	2.2453163
9147005	16726	0.43214756	-0.52042073
9147005	16727	0.35451216	-0.14025873
9147005	16728	0.5221702	-0.19967023
9147005	16729	0.360609	-0.092115104
9147005	16730	0.33773446	-0.08769187
9147005	16731	0.43682164	-0.12091696
9147005	16732	0.41947472	-0.08330163
9147005	16733	0.11092764	0.3626937
9147005	16734	-0.0874317	0.45123145
9147005	16735	-0.14429918	0.5008085
9147005	16736	-0.118766606	0.5052997
9147005	16737	-0.17875743	0.5979936
9147005	16738	-0.14379793	0.56208503
9147005	16739	-0.13896802	2.916016
9147005	16740	0.04546541	2.38791
9147005	16741	-0.30201346	2.7513661
9147005	16742	0.19033182	2.1915822
9147005	16743	-0.15695456	2.5821123
9147005	16744	-0.1021018	2.6715631
9147005	16745	-0.29448962	2.8761265
9147005	16746	-0.3056004	3.0773773
9147005	16747	-0.29891205	2.9996557
9147005	16748	-0.32220703	2.8792872
9147005	16749	-0.4427734	3.2045603
9147005	16750	-0.3194132	2.855868
9147005	16751	-0.2841875	2.7863111
9147005	16752	-0.31880152	2.9601512
9147005	16753	-0.40280098	3.0234814
9147005	16754	-0.33158094	2.8937883
9147005	16755	-0.31931937	2.8880918
9147005	16756	-0.25196338	2.8234384
9147005	16757	-0.34879184	2.9916577
9147005	16758	-0.28265482	2.8248546
9147005	16759	-0.2535309	2.7502367
9147005	16760	-0.008162379	2.5790834
9147005	16761	-0.02830699	2.5123677
9147005	16762	0.3401289	2.0973737
9147005	16763	0.055418193	2.4826734
9147005	16764	0.13599443	2.4215844
9147005	16765	-0.0036348104	2.6487527
9147005	16766	-0.04104337	2.5844946
9147005	16767	-0.009106636	2.5138807
9147005	16768	0.10743922	2.3935916
9147005	16769	0.81963897	1.3882151
9147005	16770	0.7498826	1.6314166
9147005	16771	1.051549	1.2530873
9147005	16772	1.0780699	1.2720217
9147005	16773	0.8572632	1.5518329
9147005	16774	0.7118528	1.7171414
9147005	16775	1.3181107	0.75230515
9147005	16776	1.316681	0.968987
9147005	16777	1.1783509	1.173727
9147005	16778	1.1999278	1.1624169
9147005	16779	1.212021	1.1786404
9147005	16780	1.0473847	1.3808454
9147005	16781	1.2517525	1.1071026
9147005	16782	1.1584502	1.2276553
9147005	16783	0.9804398	1.474996
9147005	16784	1.0259122	1.3504668
9147005	16785	0.9449066	1.4691799
9147005	16786	0.8376789	1.5614033
9147005	16787	0.9007139	1.4398115
9147005	16788	0.5033206	2.0036454
9147005	16789	0.60219324	1.9625678
9147005	16790	0.6121905	1.9891195
9147005	16791	0.6257267	1.90682
9147005	16792	0.83751035	1.5397316
9147005	16793	0.8753729	1.5143366
9147005	16794	1.0180975	1.1799699
9147005	16795	0.91793835	1.3926739
9147005	16796	0.22912782	2.2610598
9147005	16797	0.56591487	2.0258188
9147005	16798	0.8228028	1.5181223
9147005	16799	0.86669207	1.5289605
9147005	16800	0.78534806	1.6287766
9147005	16801	0.68848467	1.725688
9147005	16802	0.6237234	1.7605548
9147005	16803	0.7599907	1.626266
9147005	16804	0.6462352	1.7901993
9147005	16805	0.6037717	1.858897
9147005	16806	0.6270189	1.7535934
9147005	16807	0.584025	1.8028717
9147005	16808	0.62351036	1.8244326
9147005	16809	0.72682977	1.742317
9147005	16810	0.588176	1.8689201
9147005	16811	0.6640601	1.8391504
9147005	16812	1.1823777	1.114563
9147005	16813	0.9367535	1.4295169
9147005	16814	0.9603692	1.3786026
9147005	16815	1.1016129	1.2479606
9147005	16816	1.4063174	1.0066118
9147005	16817	1.313078	1.1108402
9147005	16818	1.8232921	0.5778146
9147005	16819	1.8336262	0.74039936
9147005	16820	1.6896442	0.831398
9147005	16821	1.8182839	0.57359207
9147005	16822	1.9163007	0.6286099
9147005	16823	1.866172	0.71586955
9147005	16824	1.7510339	0.7660786
9147005	16825	1.9225539	0.5642296
9147005	16826	2.1520424	0.46421453
9147005	16827	2.0798793	0.51670945
9147005	16828	2.0866718	0.5052111
9147005	16829	1.9764003	0.6098175
9147005	16830	1.9038919	0.61728346
9147005	16831	1.9294003	0.699072
9147005	16832	1.8497492	0.6817095
9147005	16833	1.8772031	0.67453456
9147005	16834	1.9443215	0.51445234
9147005	16835	1.8512081	0.71338797
9147005	16836	1.7637652	0.7576685
9147005	16837	1.8201431	0.7423847
9147005	16838	1.7219471	0.78056943
9147005	16839	1.7913281	0.7206142
9147005	16840	1.7663962	0.71801853
9147005	16841	2.0232987	0.4842694
9147005	16842	1.9090973	0.699556
9147005	16843	1.7817601	0.7570946
9147005	16844	1.4371841	1.0005636
9147005	16845	1.9533852	0.47593752
9147005	16846	0.35101187	-0.21226239
9147005	16847	2.0238738	0.2978553
9147005	16848	2.1085787	0.16866115
9147005	16849	2.394618	0.06480226
9147005	16850	2.5038466	0.06554195
9147005	16851	2.3444695	0.18231711
9147005	16852	2.352068	0.24719241
9147005	16853	2.4038897	0.2555702
9147005	16854	2.638875	-0.035064727
9147005	16855	2.6668425	-0.0033367574
9147005	16856	2.4799118	0.21199253
9147005	16857	2.4888158	0.15787473
9147005	16858	2.4946237	0.19856408
9147005	16859	2.4243026	0.2394211
9147005	16860	2.373321	0.30755916
9147005	16861	2.2537646	0.38248727
9147005	16862	2.149578	0.4892138
9147005	16863	2.2218785	0.3893049
9147005	16864	1.974193	0.4740158
9147005	16865	2.2762704	0.24461368
9147005	16866	2.2836723	0.3241373
9147005	16867	2.2373352	0.36041048
9147005	16868	2.2848344	0.34401926
9147005	16869	2.2780905	0.34282365
9147005	16870	2.1887898	0.42843005
9147005	16871	2.1859546	0.4349855
9147005	16872	2.16746	0.47347072
9147005	16873	2.0743475	0.4742566
9147005	16874	2.403935	0.13770661
9147005	16875	2.4996552	0.06976429
9147005	16876	2.473374	0.18541631
9147005	16877	2.4714894	0.14901647
9147005	16878	2.4362082	0.18594566
9147005	16879	2.4201674	0.25775614
9147005	16880	2.213945	0.39210567
9147005	16881	2.1411428	0.3809261
9147005	16882	2.19706	0.32358435
9147005	16883	2.2585707	0.30456987
9147005	16884	2.191568	0.37011853
9147005	16885	2.1899085	0.34022316
9147005	16886	2.173376	0.4116309
9147005	16887	2.1243186	0.4207948
9147005	16888	2.2383814	0.3190767
9147005	16889	2.3413444	0.30204192
9147005	16890	2.2889376	0.24376646
9147005	16891	2.4278097	0.23658547
9147005	16892	2.3289108	0.36154225
9147005	16893	2.336082	0.2708095
9147005	16894	2.261187	0.40157935
9147005	16895	2.276341	0.36132815
9147005	16896	2.3803763	0.28564927
9147005	16897	2.1390638	0.49317238
9147005	16898	2.6042113	-0.012078017
9147005	16899	2.965763	-0.023641288
9147005	16900	2.7947397	0.14230838
9147005	16901	2.7164974	0.07704416
9147005	16902	3.1277928	-0.31206506
9147005	16903	1.1105103	-0.6936294
9147005	16904	0.82545257	-0.6059761
9147005	16905	0.9277141	-0.596704
9147005	16906	0.8549775	1.3024298
9147005	16907	0.55512	1.6774237
9147005	16908	0.6912135	1.4750366
9147005	16909	0.8762424	1.1321799
9147005	16910	1.0522908	1.0377666
9147005	16911	-0.110311836	0.23354343
9147005	16912	-0.18966052	0.51574314
9147005	16913	-0.104876816	0.4307048
9147005	16914	-0.07848388	0.4282644
9147005	16915	-0.26198083	0.75301075
9147005	16916	-0.28872895	0.7621355
9147005	16917	-0.24051169	0.715937
9147005	16918	0.2095601	0.06887701
9147005	16919	0.28357255	0.08651474
9147005	16920	0.35572892	0.14064315
9147005	16921	0.90726316	-0.52924085
9147005	16922	1.3097489	-0.8622777
9147005	16923	1.5086585	-0.8387424
9147005	16924	2.0190892	-1.129499
9147005	16925	2.1194196	-1.1213969
9147005	16926	1.0334413	1.1713086
9147005	16927	1.0834292	1.3885024
9147005	16928	0.5018438	1.9562886
9147005	16929	1.1807042	1.197108
9147005	16930	1.4467075	0.88103807
9147005	16931	1.2723706	1.1137525
9147005	16932	0.7082999	1.7048602
9147005	16933	0.8488976	1.4602426
9147005	16934	0.4722039	1.7116573
9147005	16935	0.5736282	-0.5676604
9147005	16936	0.50778997	-0.007864445
9147005	16937	0.14380527	0.4086083
9147005	16938	-0.19015715	0.64824104
9147005	16939	-0.13813677	0.607826
9147005	16940	-0.08782768	0.56382525
9147005	16941	0.021645606	0.5172539
9147005	16942	-0.1456157	0.6012174
9147005	16943	-0.11707643	0.69259036
9147005	16944	-0.2824403	0.833171
9147005	16945	-0.47443247	1.1020072
9147005	16946	1.027226	1.319308
9147005	16947	0.9440447	1.1970527
9147005	16948	1.0676787	1.1794747
9147005	16949	1.4146278	-0.69212216
9147005	16950	0.9438822	1.4224057
9147005	16951	0.9694841	1.5272739
9147005	16952	1.0750226	1.1397187
9147005	16953	0.86093724	1.5987036
9147005	16954	0.8996761	1.5425699
9147005	16955	0.57032716	2.0055337
9147005	16956	0.61189425	1.9024677
9147005	16957	1.6201912	-1.102468
9147005	16958	2.3595786	-1.273661
9147005	16959	2.5712729	-1.085585
9147005	16960	2.1085606	-0.7530124
9147005	16961	2.0214157	-0.781711
9147005	16962	2.1339736	-1.0534053
9147005	16963	1.6768466	-0.5853244
9147005	16964	1.5933458	-0.5313306
9147005	16965	1.8781968	-0.85355633
9147005	16966	0.5066931	0.25428835
9147005	16967	0.76729715	-0.14251035
9147005	16968	1.596219	-0.9503206
9147005	16969	1.0634027	0.8211261
9147005	16970	1.0576307	1.0089952
9147005	16971	1.1058648	0.98356223
9147005	16972	1.1911426	0.95450926
9147005	16973	1.0638683	1.0388268
9147005	16974	1.1658105	0.9888197
9147005	16975	1.3180548	0.93480325
9147005	16976	1.3602926	0.9680121
9147005	16977	1.6412519	0.6204734
9147005	16978	1.8886973	0.43701676
9147005	16979	1.7779464	0.48552147
9147005	16980	1.7029854	0.599522
9147005	16981	1.7508634	0.54795957
9147005	16982	2.3181458	-0.034500927
9147005	16983	2.72585	-0.4528951
9147005	16984	3.845881	-1.1565387
9147005	16985	2.9713745	-0.4776704
9147005	16986	2.4774346	-0.12263042
9147005	16987	2.243969	0.07335761
9147005	16988	2.5836306	-0.26778215
9147005	16989	2.5441523	-0.12892818
9147005	16990	3.249382	-0.69911015
9147005	16991	2.333427	-1.8858142
9147005	16992	1.5845476	0.5172875
9147005	16993	1.5249907	0.70327485
9147005	16994	1.4565157	0.7810689
9147005	16995	1.0147723	1.2499459
9147005	16996	0.73046076	1.6093686
9147005	16997	1.1339372	1.2347107
9147005	16998	2.5473213	-0.555621
9147005	16999	3.5487895	-0.9173347
9147005	17000	4.3076844	-1.4579753
9147005	17001	3.4470181	-0.62570316
9147005	17002	4.2756166	-1.3660045
9147005	17003	3.555687	-0.6984212
9147005	17004	3.2096343	-0.5825395
9147005	17005	2.1948247	-2.1166337
9147005	17006	2.6823559	-0.6552657
9147005	17007	2.339541	-0.30105615
9147005	17008	2.21383	-0.09185964
9147005	17009	2.3160462	-0.19682458
9147005	17010	1.4256665	0.7370728
9147005	17011	1.5221487	0.63482606
9147005	17012	1.7721514	0.32848468
9147005	17013	2.785139	-0.5818493
9147005	17014	2.9774227	-0.6135423
9147005	17015	3.2260132	-1.0660379
9147005	17016	3.0225987	-0.68253386
9147005	17017	2.7828426	-0.6467135
9147005	17018	3.647602	-1.3262256
9147005	17019	3.42981	-0.98739004
9147005	17020	2.8371367	-0.5346753
9147005	17021	1.577932	0.2737507
9147005	17022	1.0255094	0.92604613
9147005	17023	1.1286536	0.881845
9147005	17024	0.91426957	1.1397858
9147005	17025	1.1165549	0.8246323
9147005	17026	1.0509998	1.086966
9147005	17027	1.2241877	0.7452941
9147005	17028	1.5157512	0.62729263
9147005	17029	1.5476254	0.6375649
9147005	17030	1.85961	0.29288593
9147005	17031	1.2409849	0.85914946
9147005	17032	0.91264164	1.1119823
9147005	17033	0.68929374	1.1488597
9147005	17034	0.62911546	1.4461417
9147005	17035	0.6472187	1.3809823
9147005	17036	0.7691529	1.3064194
9147005	17037	1.3016697	0.72951484
9147005	17038	2.076448	0.035104543
9147005	17039	2.9405394	-0.66224647
9147005	17040	3.274909	-0.71248984
9147005	17041	3.3734136	-0.7443144
9147005	17042	3.2041335	-0.6228533
9147005	17043	2.8421583	-0.34265637
9147005	17044	1.5916036	0.7475952
9147005	17045	1.5346047	0.7219205
9147005	17046	1.29892	0.99526274
9147005	17047	1.5403608	0.68577814
9147005	17048	2.4166298	-0.2790776
9147005	17049	1.1566509	1.0584987
9147005	17050	1.7495872	0.5039016
9147005	17051	2.3119555	-0.045388818
9147005	17052	2.1943622	0.25780234
9147005	17053	2.0887785	0.33501932
9147005	17054	2.7346044	-0.6039091
9147005	17055	3.0218225	-0.5046922
9147005	17056	4.0270324	-1.2846572
9147005	17057	3.7410688	-1.1364934
9147005	17058	3.8670926	-1.0378469
9147005	17059	2.8809457	-0.39513034
9147005	17060	2.4853249	-0.124446034
9147005	17061	2.42348	-0.13773227
9147005	17062	2.3905067	-0.04023823
9147005	17063	2.2909498	0.07918182
9147005	17064	2.2214541	0.080533
9147005	17065	2.260291	0.13334063
9147005	17066	1.8300174	0.47492573
9147005	17067	1.753997	0.48589352
9147005	17068	1.8812202	0.44228318
9147005	17069	1.861977	0.4618726
9147005	17070	2.4179544	-0.036119074
9147005	17071	2.232129	0.24657628
9147005	17072	1.9230188	0.53884387
9147005	17073	2.0151334	0.42802718
9147005	17074	1.7562436	0.59463704
9147005	17075	1.5900801	0.7198231
9147005	17076	1.9848932	0.43498954
9147005	17077	0.8886138	1.5812192
9147005	17078	1.2252529	1.2877356
9147005	17079	1.1628786	1.2662125
9147005	17080	1.1754589	1.2565584
9147005	17081	1.1339368	1.278417
9147005	17082	1.1638559	1.2681386
9147005	17083	1.3977119	1.1517066
9147005	17084	1.0757339	1.5351552
9147005	17085	1.3084497	1.3372934
9147005	17086	1.2865522	1.3580523
9147005	17087	0.9625454	1.6468532
9147005	17088	0.9042617	1.7772677
9147005	17089	0.9907305	1.5220768
9147005	17090	0.86380947	1.730694
9147005	17091	0.8978374	1.604346
9147005	17092	0.9092194	1.6651065
9147005	17093	0.8947339	1.7708924
9147005	17094	1.0332121	1.536677
9147005	17095	0.80635345	1.8125672
9147005	17096	0.8734242	1.7493503
9147005	17097	0.88247204	1.7198079
9147005	17098	0.92255723	1.7732546
9147005	17099	0.8812152	1.627384
9147005	17100	1.1001194	1.4971529
9147005	17101	0.8524772	1.7965672
9147005	17102	0.807652	1.8436203
9147005	17103	0.90389264	1.8103719
9147005	17104	0.7725532	1.8358481
9147005	17105	0.9562397	1.7605228
9147005	17106	0.9333515	1.61408
9147005	17107	1.1618438	1.3134184
9147005	17108	1.3216405	1.324059
9147005	17109	1.1200907	1.507748
9147005	17110	1.1544541	1.3821461
9147005	17111	1.1754316	1.3331681
9147005	17112	1.0997666	1.5920379
9147005	17113	1.1658391	1.4434652
9147005	17114	1.0521587	1.604949
9147005	17115	0.9901476	1.6513512
9147005	17116	1.0177361	1.6425805
9147005	17117	1.1800693	1.4374528
9147005	17118	0.95879805	1.7137928
9147005	17119	0.9354615	1.8067503
9147005	17120	1.0402998	1.6121511
9147005	17121	1.1251327	1.58185
9147005	17122	0.88011765	1.8498027
9147005	17123	0.7150706	1.9385805
9147005	17124	0.77954364	1.9339821
9147005	17125	0.64983416	2.0451882
9147005	17126	0.551456	2.203636
9147005	17127	0.51829565	2.2374613
9147005	17128	0.2609564	0.39794782
9147005	17129	0.36029035	0.08232692
9147005	17130	0.29015672	0.29381004
9147005	17131	0.101913154	0.44413778
9147005	17132	0.17236263	0.3666481
9147005	17133	-0.18443245	0.73934007
9147005	17134	-0.26772162	0.8011414
9147005	17135	-0.31000346	0.835497
9147005	17136	-0.39515725	0.9529054
9147005	17137	-0.43614286	0.88881004
9147005	17138	-0.4813392	1.0809177
9147005	17139	-0.6453597	1.2511826
9147005	17140	-0.6810379	1.3059559
9147005	17141	-0.6316684	1.3424927
9147005	17142	-0.62018764	1.1522781
9147005	17143	-0.40291184	1.0143551
9147005	17144	-0.3550061	0.85563767
9147005	17145	-0.29387096	0.89686525
9147005	17146	-0.22341126	0.9185194
9147005	17147	-0.37297404	1.0178651
9147005	17148	-0.35755125	1.1000321
9147005	17149	-0.39385456	1.0796225
9147005	17150	-0.44062924	1.0682822
9147005	17151	-0.5115828	1.2435066
9147005	17152	-0.60394096	1.3826689
9147005	17153	-0.5824057	1.273265
9147005	17154	-0.7185167	1.4923031
9147005	17155	-0.7647894	1.5973744
9147005	17156	-0.30961084	0.9459294
9147005	17157	-0.53628135	1.3637488
9147005	17158	-0.622228	1.3418984
9147005	17159	1.1105661	1.7767234
9147005	17160	0.94441473	1.666878
9147005	17161	0.95983684	1.7108924
9147005	17162	0.9530307	1.7946846
9147005	17163	0.72816634	1.887965
9147005	17164	0.5734389	2.0967343
9147005	17165	0.5780035	2.08422
9147005	17166	0.50983834	2.1527212
9147005	17167	0.5254997	2.1318686
9147005	17168	0.4936607	2.1936884
9147005	17169	0.6115122	2.1788752
9147005	17170	0.45795792	2.2430437
9147005	17171	0.525429	2.2308478
9147005	17172	0.7374613	2.0022
9147005	17173	0.7299123	1.9545789
9147005	17174	0.828192	1.9175124
9147005	17175	0.6411135	2.0925407
9147005	17176	0.5511949	2.194927
9147005	17177	0.5621393	2.2752018
9147005	17178	0.64802027	2.0830443
9147005	17179	0.87515974	1.840586
9147005	17180	0.86484826	1.8427045
9147005	17181	0.8501171	1.8858163
9147005	17182	0.7807622	2.0537786
9147005	17183	0.9095205	1.8710194
9147005	17184	0.8162316	1.9263949
9147005	17185	0.6837201	2.0431674
9147005	17186	0.79824305	1.9534407
9147005	17187	0.882373	1.9121099
9147005	17188	1.001343	1.7772739
9147005	17189	0.7844968	2.0616543
9147005	17190	0.7385218	2.1459231
9147005	17191	0.86465037	1.9129868
9147005	17192	0.7635094	2.0040781
9147005	17193	0.6912509	2.185093
9147005	17194	0.81507266	1.9496295
9147005	17195	0.6868247	2.1949916
9147005	17196	0.8265953	1.9810908
9147005	17197	0.6676892	2.0875847
9147005	17198	0.70977724	2.1927156
9147005	17199	0.82534957	1.9581809
9147005	17200	0.67320204	2.094618
9147005	17201	0.6923562	2.0933268
9147005	17202	0.70956063	2.1645803
9147005	17203	0.83494794	1.9550016
9147005	17204	0.6790178	2.0833557
9147005	17205	0.91310203	1.8831999
9147005	17206	0.86214983	1.9165254
9147005	17207	0.9541168	1.700803
9147005	17208	0.8088782	2.0113769
9147005	17209	0.7102413	2.0503957
9147005	17210	0.69008076	2.2125695
9147005	17211	0.80227983	1.9885008
9147005	17212	0.5024648	2.3692794
9147005	17213	0.53035796	2.2808554
9147005	17214	0.6812569	2.1509526
9147005	17215	0.78213227	2.0474985
9147005	17216	0.6858455	2.1049685
9147005	17217	0.6789024	2.1308205
9147005	17218	0.55990624	2.3434238
9147005	17219	0.3755772	2.5222697
9147005	17220	0.42242718	0.2553644
9147005	17221	0.9214711	0.06714806
9147005	17222	1.1059482	-0.0024829507
9147005	17223	1.1873529	-0.025091946
9147005	17224	1.1597703	-0.021847308
9147005	17225	1.1082876	0.018682003
9147005	17226	1.1698377	0.0382227
9147005	17227	0.6285908	0.43878874
9147005	17228	0.5742916	0.702157
9147005	17229	0.7450439	0.22852275
9147005	17230	1.2970834	-0.42921942
9147005	17231	1.5387429	-0.32263982
9147005	17232	1.7987484	-0.66981137
9147005	17233	2.2849455	-0.78850996
9147005	17234	2.1451325	-0.68612325
9147005	17235	2.3344827	0.527509
9147005	17236	2.0380764	0.6785867
9147005	17237	2.0540352	0.5940038
9147005	17238	1.3441854	1.375068
9147005	17239	1.7960364	1.0242113
9147005	17240	2.1138425	0.6798831
9147005	17241	2.1615539	0.716472
9147005	17242	2.577764	0.3391647
9147005	17243	2.7480931	0.32936296
9147005	17244	2.537129	0.45971808
9147005	17245	2.9789581	0.120625585
9147005	17246	2.9101834	0.14191046
9147005	17247	1.2071692	-0.34222966
9147005	17248	0.19965559	0.6698029
9147005	17249	0.2600562	0.5051576
9147005	17250	0.5403595	0.36470768
9147005	17251	1.6815344	-0.714684
9147005	17252	1.7852088	0.55394435
9147005	17253	1.9618336	0.36639544
9147005	17254	1.898049	0.43935093
9147005	17255	1.9523243	0.36961368
9147005	17256	1.9756714	0.2970673
9147005	17257	1.9234825	0.40945432
9147005	17258	1.8317581	0.5307108
9147005	17259	1.6573468	0.62569404
9147005	17260	1.9191996	0.3832939
9147005	17261	1.7015623	0.59842336
9147005	17262	1.2296846	1.0685723
9147005	17263	1.5355879	0.90860355
9147005	17264	1.2125524	1.1825062
9147005	17265	1.3300141	0.9710276
9147005	17266	1.2712133	0.94454706
9147005	17267	0.9745059	1.4249398
9147005	17268	0.6627244	1.6965375
9147005	17269	1.0534891	1.254575
9147005	17270	1.0903534	1.1988219
9147005	17271	1.6371902	0.6630546
9147005	17272	3.6752858	-1.180993
9147005	17273	4.875762	-1.7817329
9147005	17274	4.059229	-1.0349971
9147005	17275	3.2064037	-0.68168795
9147005	17276	2.7531734	-0.16576308
9147005	17277	2.539146	-0.088948816
9147005	17278	2.473867	0.036928266
9147005	17279	1.6703929	0.6670947
9147005	17280	1.2331779	0.9762157
9147005	17281	1.07387	1.0960455
9147005	17282	0.8920063	1.2273008
9147005	17283	0.60466874	1.8248055
9147005	17284	1.1856514	1.2468568
9147005	17285	1.1031175	1.4042412
9147005	17286	1.0913084	1.4504292
9147005	17287	1.2492168	1.2552853
9147005	17288	0.71701646	-0.6714817
9147005	17289	1.2694271	-0.97944057
9147005	17290	1.5784997	-0.9877335
9147005	17291	1.6936492	-0.942635
9147005	17292	2.2247758	-1.3325336
9147005	17293	2.4473195	-1.3984004
9147005	17294	2.3383465	-1.307452
9147005	17295	2.1010814	-1.1386603
9147005	17296	1.9459378	-0.8306807
9147005	17297	2.1204553	-1.0760639
9147005	17298	2.2109199	-1.1424576
9147005	17299	1.1351564	-0.16565347
9147005	17300	0.9917952	-0.18163857
9147005	17301	1.0935025	-0.38705832
9147005	17302	1.1942059	-0.42762244
9147005	17303	1.4722697	-0.5507704
9147005	17304	1.2326516	-0.2859388
9147005	17305	1.0579989	-0.20679
9147005	17306	1.3017722	-0.489272
9147005	17307	2.4945302	-0.3051058
9147005	17308	2.4573917	-0.060801
9147005	17309	2.362362	0.068663746
9147005	17310	2.5549507	-0.11448726
9147005	17311	2.6400285	-0.16370112
9147005	17312	3.759853	-0.71772856
9147005	17313	1.304685	-0.79970396
9147005	17314	2.0979137	-1.6375842
9147005	17315	2.2916384	-1.3340616
9147005	17316	2.880807	-0.2815796
9147005	17317	2.4335332	-0.057887852
9147005	17318	2.4128995	-0.037323743
9147005	17319	2.4756374	-0.15546253
9147005	17320	0.0393216	0.36816898
9147005	17321	-0.08840993	0.74371994
9147005	17322	0.17025596	0.34451845
9147005	17323	0.60171175	-0.0037451684
9147005	17324	2.5386944	-0.24861209
9147005	17325	2.7950559	-0.24669585
9147005	17326	-0.059350252	0.4527385
9147005	17327	-0.1572276	0.8114127
9147005	17328	2.4032588	-0.05854228
9147005	17329	2.0913339	0.32211533
9147005	17330	2.4318109	0.094243556
9147005	17331	-0.22146842	0.7262696
9147005	17332	0.08590722	0.4084541
9147005	17333	0.08703053	0.38424632
9147005	17334	0.2262975	0.3426275
9147005	17335	0.2388789	0.65704167
9147005	17336	0.6600425	0.39572623
9147005	17337	0.70167863	0.31500706
9147005	17338	1.0826285	0.008538514
9147005	17339	1.1105114	0.009545207
9147005	17340	2.1065745	-0.84987617
9147005	17341	2.3762927	0.27105078
9147005	17342	1.8732218	0.7978562
9147005	17343	1.7998389	0.78394747
9147005	17344	1.8755873	0.6765398
9147005	17345	0.82360995	1.7809215
9147005	17346	0.7097492	1.7882771
9147005	17347	0.44846916	2.0723882
9147005	17348	0.8041042	-0.61471164
9147005	17349	1.3548577	-0.8149262
9147005	17350	1.8362848	-0.96116793
9147005	17351	1.6542808	-0.7291455
9147005	17352	1.4667054	-0.543161
9147005	17353	0.85792935	1.1152891
9147005	17354	1.04194	1.226772
9147005	17355	0.82171094	1.6648297
9147005	17356	1.264679	1.0314275
9147005	17357	1.4536296	0.8130202
9147005	17358	1.6703829	0.7284386
9147005	17359	2.6208754	-0.3278563
9147005	17360	2.6843357	0.019869328
9147005	17361	3.14428	-0.3613006
9147005	17362	1.2663375	-0.98418474
9147005	17363	1.0042081	-0.5387692
9147005	17364	1.3304305	0.89520395
9147005	17365	1.3917427	0.8051326
9147005	17366	1.5778745	0.6141572
9147005	17367	1.3124946	1.0913582
9147005	17368	1.3227154	1.0387046
9147005	17369	1.099418	1.4051672
9147005	17370	1.1322683	1.042304
9147005	17371	1.1931217	1.2152681
9147005	17372	0.8128214	1.3862458
9147005	17373	0.9952587	1.2219683
9147005	17374	1.109704	1.0813533
9147005	17375	1.2068812	1.1304333
9147005	17376	1.096616	1.0667123
9147005	17377	1.0168492	1.1507554
9147005	17378	0.71349037	1.4861709
9147005	17379	0.764472	1.4047
9147005	17380	1.1866575	1.1408633
9147005	17381	0.8789712	1.5416048
9147005	17382	1.1155511	1.1810268
9147005	17383	1.2761091	0.9587091
9147005	17384	1.2009658	1.2154684
9147005	17385	1.2705686	1.1675178
9147005	17386	1.2748333	1.1881552
9147005	17387	0.68460727	1.6043446
9147005	17388	0.5685744	1.9054196
9147005	17389	0.60011613	1.7578743
9147005	17390	0.6078665	1.7928059
9147005	17391	0.41499162	1.8672638
9147005	17392	0.107136846	2.3371925
9147005	17393	0.2722997	2.2545493
9147005	17394	0.47766286	2.0312595
9147005	17395	0.5132656	1.9881656
9147005	17396	0.4707173	2.0490935
9147005	17397	0.41661137	2.1190026
9147005	17398	-0.16205496	2.9823906
9147005	17399	0.18348092	2.733129
9147005	17400	0.3853191	2.311189
9147005	17401	0.4432357	2.391111
9147005	17402	0.6106713	1.9479649
9147005	17403	0.4876932	2.20665
9147005	17404	0.30979693	2.4311733
9147005	17405	0.51679504	2.2167044
9147005	17406	0.49408174	2.2643635
9147005	17407	0.83964145	2.0695677
9147005	17408	1.0751398	1.6105447
9147005	17409	1.0911186	-0.6567718
9147005	17410	1.476417	-0.81566817
9147005	17411	1.7479385	-1.0387906
9147005	17412	1.5020672	-0.58872217
9147005	17413	1.2298173	-0.41114023
9147005	17414	1.0763428	-0.2979725
9147005	17415	1.1416603	-0.37015513
9147005	17416	1.1909662	-0.35954273
9147005	17417	1.2311198	-0.36814597
9147005	17418	1.1117126	-0.31973168
9147005	17419	2.9746337	-0.1761193
9147005	17420	3.5807161	-0.34767672
9147005	17421	2.3279014	-1.4958489
9147005	17422	2.589386	-1.5647757
9147005	17423	2.1931286	0.11822769
9147005	17424	2.1496472	0.19052628
9147005	17425	2.2148623	0.13012859
9147005	17426	2.2441397	0.112170726
9147005	17427	2.5351253	-0.035683036
9147005	17428	2.955627	-0.31363696
9147005	17429	2.2342486	0.33084282
9147005	17430	2.9749365	-0.37722802
9147005	17431	1.8521091	0.68736374
9147005	17432	1.0223601	1.0629128
9147005	17433	2.06252	0.32608238
9147005	17434	1.6429144	0.8610959
9147005	17435	1.0081334	1.252494
9147005	17436	1.0791305	-0.9742403
9147005	17437	1.711177	-1.1580468
9147005	17438	1.7260512	-0.9378332
9147005	17439	1.6629604	-0.8100606
9147005	17440	1.3075845	-0.5249024
9147005	17441	1.5019842	-0.7476247
9147005	17442	1.6321906	-0.75982934
9147005	17443	1.9215997	-0.9674851
9147005	17444	1.8160712	-0.81828785
9147005	17445	1.9576555	-0.9433566
9147005	17446	2.3630142	-1.1597047
9147005	17447	2.555087	-1.1192837
9147005	17448	2.0769129	-0.78162044
9147005	17449	1.6710473	-0.5284139
9147005	17450	2.2182117	-1.1317096
9147005	17451	1.7921993	0.39156452
9147005	17452	1.5545825	0.86915255
9147005	17453	1.5476297	1.1459454
9147005	17454	1.5501112	1.1354557
9147005	17455	1.4953278	1.1826348
9147005	17456	1.5358366	-1.1879534
9147005	17457	2.1364903	-1.1255406
9147005	17458	2.5886188	-1.312309
9147005	17459	2.463543	-1.028691
9147005	17460	2.1550303	-0.78793764
9147005	17461	1.9891752	-0.8166748
9147005	17462	1.9860286	-0.8521557
9147005	17463	1.9920081	-0.8449049
9147005	17464	2.0756311	-0.93887854
9147005	17465	2.281035	-0.9963012
9147005	17466	1.7394894	0.63744617
9147005	17467	1.4988037	1.0691831
9147005	17468	1.6990653	0.77385235
9147005	17469	1.6859702	1.0936182
9147005	17470	1.8023204	0.9535192
9147005	17471	2.142871	0.38424447
9147005	17472	0.24679619	-0.2528333
9147005	17473	0.43658912	-0.20866409
9147005	17474	2.3311272	-0.36484754
9147005	17475	2.3687038	-0.13280183
9147005	17476	2.2930198	-0.118358076
9147005	17477	2.1285186	-0.033009827
9147005	17478	2.09305	-0.030263633
9147005	17479	1.706627	0.55792654
9147005	17480	1.6510412	0.6329005
9147005	17481	1.8147978	0.56477034
9147005	17482	1.571536	0.90896654
9147005	17483	1.6885709	0.67259645
9147005	17484	1.5633734	0.61879385
9147005	17485	1.4114172	0.8100885
9147005	17486	1.8450667	-1.1045864
9147005	17487	2.2005935	-1.2482092
9147005	17488	2.248057	-1.0994027
9147005	17489	2.169424	-1.0282297
9147005	17490	2.0050163	-0.8826585
9147005	17491	2.0450692	-0.99293315
9147005	17492	2.0879745	-0.9622812
9147005	17493	2.4460921	-1.2374091
9147005	17494	2.2041655	-0.9323697
9147005	17495	2.3531632	-1.1724781
9147005	17496	2.3961167	-1.1646457
9147005	17497	2.442614	-1.1782192
9147005	17498	2.274857	-1.12612
9147005	17499	2.4841857	-1.2394958
9147005	17500	2.533977	-1.2656645
9147005	17501	2.6649814	-1.3127195
9147005	17502	2.152019	0.24615988
9147005	17503	1.5562199	1.1133854
9147005	17504	1.3647012	1.1870708
9147005	17505	1.0593082	1.4177074
9147005	17506	1.7091569	-1.177325
9147005	17507	2.3876314	-1.3546562
9147005	17508	2.8840222	-1.4727889
9147005	17509	1.9423207	0.81122875
9147005	17510	1.7614678	0.85059917
9147005	17511	2.041924	0.8477607
9147005	17512	1.7970179	1.0636177
9147005	17513	1.8639358	1.0599682
9147005	17514	1.2686595	1.6987982
9147005	17515	0.5172297	2.28389
9147005	17516	0.3281914	2.6601748
9147005	17517	0.30528295	2.7652476
9147005	17518	0.919021	-0.17202017
9147005	17519	1.2948607	-0.23839054
9147005	17520	1.4590425	-0.16409832
9147005	17521	1.9076594	-0.4123948
9147005	17522	1.8726012	-0.44319668
9147005	17523	1.625038	-0.22652875
9147005	17524	1.3736963	-0.14422208
9147005	17525	1.2795607	-0.13369483
9147005	17526	1.5199283	-0.12379077
9147005	17527	1.683303	-0.26205304
9147005	17528	1.516766	-0.23970981
9147005	17529	1.0670749	0.095003754
9147005	17530	0.89281	0.0044411123
9147005	17531	0.8546835	0.15865567
9147005	17532	0.85862446	0.04372242
9147005	17533	0.8643782	0.17240867
9147005	17534	0.90753543	0.11727831
9147005	17535	2.5331411	0.115738004
9147005	17536	2.3753028	0.33795288
9147005	17537	2.1383991	0.5721909
9147005	17538	1.9696499	0.8075125
9147005	17539	2.014863	0.8972422
9147005	17540	1.9328471	1.0046582
9147005	17541	2.0104117	0.9323001
9147005	17542	2.3161473	0.6737584
9147005	17543	1.9755486	1.0337539
9147005	17544	1.8669783	1.0895395
9147005	17545	1.7206007	1.2433649
9147005	17546	1.3016368	1.582593
9147005	17547	0.2990499	2.7749512
9147005	17548	0.34616816	2.6770365
9147005	17549	-0.23416	3.595815
9147005	17550	-0.34667003	3.620496
9147005	17551	-0.745782	1.5904124
9147005	17552	0.068669856	0.5435021
9147005	17553	-0.0017376542	0.8641323
9147005	17554	1.3508571	0.8098551
9147005	17555	1.542813	0.80515933
9147005	17556	1.6178037	0.89318645
9147005	17557	1.3678209	1.3984569
9147005	17558	1.8559605	0.83100915
9147005	17559	1.9272166	0.7395432
9147005	17560	2.052761	0.7163348
9147005	17561	2.1475558	0.6385399
9147005	17562	2.3284526	0.51698565
9147005	17563	2.4275231	0.45304462
9147005	17564	0.68123734	-0.17000076
9147005	17565	0.5906571	-0.06676909
9147005	17566	0.56158435	0.03404233
9147005	17567	2.3888125	-0.14653224
9147005	17568	2.629911	-0.14508966
9147005	17569	2.664085	-0.10544592
9147005	17570	2.6725478	-0.14328948
9147005	17571	2.7749329	-0.18242097
9147005	17572	2.7908363	-0.16405296
9147005	17573	0.2849334	0.10843721
9147005	17574	0.5841049	1.8202341
9147005	17575	0.49672997	1.9099715
9147005	17576	0.4211144	2.0633943
9147005	17577	0.7861949	-0.4777717
9147005	17578	1.2225696	-0.57979655
9147005	17579	1.4117876	-0.43328583
9147005	17580	1.567382	-0.5334511
9147005	17581	1.6833941	-0.5936562
9147005	17582	1.6117085	-0.51043475
9147005	17583	2.7084022	-0.079625845
9147005	17584	0.6025466	0.093755394
9147005	17585	0.5416626	1.9586732
9147005	17586	0.815958	-0.1507864
9147005	17587	1.405382	-0.60500467
9147005	17588	1.4069154	-0.49508756
9147005	17589	1.3657644	-0.4099664
9147005	17590	0.6142272	0.105145246
9147005	17591	0.67327034	0.18643579
9147005	17592	0.5522846	0.23604497
9147005	17593	0.56223094	0.21567741
9147005	17594	0.51328015	0.2821057
9147005	17595	0.5806041	0.26052985
9147005	17596	0.65296376	0.25544927
9147005	17597	0.5307652	0.27991137
9147005	17598	0.53446245	0.3281041
9147005	17599	0.6371027	0.26769003
9147005	17600	0.5068171	0.30833128
9147005	17601	0.6545361	0.2399976
9147005	17602	0.6803981	0.15724942
9147005	17603	0.6656507	0.26029018
9147005	17604	0.58558404	0.28409442
9147005	17605	0.5665312	0.2567353
9147005	17606	0.55062973	0.32302555
9147005	17607	0.59385943	0.3103318
9147005	17608	0.72110176	0.2232987
9147005	17609	0.58837473	0.29265067
9147005	17610	0.46030205	0.36492714
9147005	17611	0.5164584	0.33896527
9147005	17612	0.579321	0.31620893
9147005	17613	0.5109875	0.32420126
9147005	17614	0.50264406	0.37460163
9147005	17615	0.61955476	0.28436336
9147005	17616	0.5253546	0.31411794
9147005	17617	0.44644564	0.40839645
9147005	17618	0.44714284	0.39047673
9147005	17619	0.48812264	0.3615341
9147005	17620	0.44675136	0.39438358
9147005	17621	0.569829	0.32370195
9147005	17622	0.44191092	0.44044682
9147005	17623	0.5129783	0.39651504
9147005	17624	0.44654953	0.4513953
9147005	17625	0.5057051	0.4095671
9147005	17626	0.45787263	0.41833773
9147005	17627	0.6380919	0.31944892
9147005	17628	0.52888	0.29400066
9147005	17629	0.484421	0.42467114
9147005	17630	0.47803694	0.40271053
9147005	17631	0.4817934	0.36345306
9147005	17632	0.44463056	0.43990156
9147005	17633	0.5154363	0.39627132
9147005	17634	0.5386902	0.36455587
9147005	17635	0.42001116	0.43821052
9147005	17636	0.41626614	0.4679285
9147005	17637	0.57982504	0.33635005
9147005	17638	0.4847669	0.40015903
9147005	17639	0.41919756	0.42657652
9147005	17640	0.44424027	0.39011565
9147005	17641	0.41975445	0.46545282
9147005	17642	0.36589938	0.47369465
9147005	17643	0.39731997	0.46928933
9147005	17644	0.50259054	0.38495144
9147005	17645	0.4403206	0.42521337
9147005	17646	0.4177006	0.47255751
9147005	17647	0.3647613	0.48348305
9147005	17648	0.51911104	0.40073088
9147005	17649	0.41509652	0.4689674
9147005	17650	0.6419983	0.31457624
9147005	17651	0.69670475	0.21240065
9147005	17652	0.6974232	0.31503388
9147005	17653	0.7444521	0.25911924
9147005	17654	0.54150903	0.45223668
9147005	17655	0.44028234	0.49187687
9147005	17656	0.52735424	0.4846104
9147005	17657	0.47941887	0.5029355
9147005	17658	0.62745655	0.38269714
9147005	17659	0.58609223	0.29499605
9147005	17660	0.5276462	0.44269505
9147005	17661	0.5141686	0.43486634
9147005	17662	0.5638546	0.42092714
9147005	17663	0.5451673	0.46957907
9147005	17664	0.49399292	0.4949778
9147005	17665	0.41863835	0.5350851
9147005	17666	0.44772923	0.5018475
9147005	17667	0.44476807	0.4952167
9147005	17668	0.616168	0.39398202
9147005	17669	0.3515914	0.52518165
9147005	17670	0.6435993	0.36844215
9147005	17671	0.599944	0.4201707
9147005	17672	0.5478252	0.48339298
9147005	17673	0.6493311	0.39663854
9147005	17674	0.54212546	0.47651473
9147005	17675	0.49435925	0.5014322
9147005	17676	0.5396488	0.40404502
9147005	17677	0.47768855	0.512588
9147005	17678	0.5056231	0.49806693
9147005	17679	0.43413055	0.5885782
9147005	17680	0.5970963	0.42334053
9147005	17681	0.4206347	0.59884906
9147005	17682	0.669034	0.3377826
9147005	17683	0.6113757	0.3451747
9147005	17684	0.5665277	0.49562934
9147005	17685	1.1624771	-0.18670082
9147005	17686	0.99044	0.028903425
9147005	17687	1.0291053	-0.09609562
9147005	17688	0.9356648	0.098435074
9147005	17689	0.96211386	0.09764978
9147005	17690	0.6834234	0.30639443
9147005	17691	0.6538179	0.30985674
9147005	17692	0.8220806	0.15263453
9147005	17693	0.76502013	0.22792754
9147005	17694	0.6246176	0.34143034
9147005	17695	0.6339952	0.3417876
9147005	17696	0.63452506	0.32363382
9147005	17697	0.59102964	0.3705515
9147005	17698	0.82983696	0.21065065
9147005	17699	0.7766373	0.15865317
9147005	17700	0.75721955	0.2897484
9147005	17701	0.7475213	0.2719564
9147005	17702	0.7195679	0.3086997
9147005	17703	0.96468115	0.1340597
9147005	17704	1.0746917	0.055760175
9147005	17705	1.1042134	0.02601111
9147005	17706	1.6905063	-0.47944275
9147005	17707	1.8882192	-0.5219746
9147005	17708	1.1335462	0.12781951
9147005	17709	0.9803368	0.12299189
9147005	17710	1.4288266	-0.3244375
9147005	17711	1.199662	-0.14931262
9147005	17712	1.5761822	0.8274199
9147005	17713	1.3060285	1.5017344
9147005	17714	1.5047008	1.2704074
9147005	17715	1.4526839	1.5694826
9147005	17716	1.4842333	1.4184319
9147005	17717	1.2334368	-0.18011487
9147005	17718	1.1263324	0.26099953
9147005	17719	1.7186626	-0.24152163
9147005	17720	1.6860934	-0.22854805
9147005	17721	1.9526595	-0.41639072
9147005	17722	1.9207293	-0.36831433
9147005	17723	2.0382495	-0.45881367
9147005	17724	1.3882132	1.3210337
9147005	17725	1.2186774	1.6139328
9147005	17726	1.5823432	1.2327696
9147005	17727	1.2098467	1.6425335
9147005	17728	1.3609669	1.5147512
9147005	17729	1.3729769	1.5325868
9147005	17730	1.4561603	1.4954768
9147005	17731	1.5380975	1.4133003
9147005	17732	1.5875345	1.4137187
9147005	17733	1.5503467	1.5119798
9147005	17734	1.4518543	1.6050637
9147005	17735	1.5040504	1.5265876
9147005	17736	2.6123047	0.46802667
9147005	17737	2.7611127	0.41455248
9147005	17738	1.7241617	1.1761266
9147005	17739	2.4715567	0.44190022
9147005	17740	2.5401263	0.4975795
9147005	17741	2.5401688	0.45714632
9147005	17742	2.7620697	0.38958797
9147005	17743	2.9259906	0.24332097
9147005	17744	2.4638577	0.6850996
9147005	17745	2.3077955	0.7684202
9147005	17746	2.3883877	0.70756614
9147005	17747	2.362688	0.74299526
9147005	17748	2.502256	0.611562
9147005	17749	2.5316725	0.59853745
9147005	17750	2.1740227	0.95686865
9147005	17751	2.0497017	0.99356043
9147005	17752	2.1915812	0.8579395
9147005	17753	2.1859584	0.9072355
9147005	17754	1.9569596	1.154387
9147005	17755	1.4457757	1.4170159
9147005	17756	1.314144	1.6313372
9147005	17757	1.1772989	1.6246085
9147005	17758	1.0243806	1.7651541
9147005	17759	1.1996753	1.7302837
9147005	17760	1.1220273	1.7935088
9147005	17761	1.0966215	1.668911
9147005	17762	1.2525364	1.7077863
9147005	17763	1.3207283	1.6032043
9147005	17764	1.3261814	1.6440384
9147005	17765	1.4344559	1.5599499
9147005	17766	1.2898073	1.7081525
9147005	17767	1.5083984	1.5285882
9147005	17768	1.2592674	1.7782476
9147005	17769	1.1974444	1.8588939
9147005	17770	1.6797365	1.365492
9147005	17771	1.6761218	1.4379045
9147005	17772	1.176779	1.9410355
9147005	17773	1.1513172	1.9499729
9147005	17774	0.16231775	3.1233644
9147005	17775	0.19990563	3.088744
9147005	17776	0.5476701	2.4621913
9147005	17777	0.3043751	2.8273735
9147005	17778	0.16309208	3.0565329
9147005	17779	0.821249	2.2509587
9147005	17780	0.91754556	1.8982036
9147005	17781	2.7475557	0.15358534
9147005	17782	2.9333248	-2.3917289
9147005	17783	3.2963638	-2.181872
9147005	17784	2.8847451	-2.0123546
9147005	17785	2.6949482	-1.8523426
9147005	17786	3.9735894	-2.9775348
9147005	17787	4.247534	-2.639711
9147005	17788	4.863727	-3.338256
9147005	17789	5.3163385	-3.313221
9147005	17790	5.0118647	-3.0744898
9147005	17791	4.8825655	-3.0582166
9147005	17792	4.817364	-2.988681
9147005	17793	4.6412196	-2.994207
9147005	17794	5.2834487	-3.3885255
9147005	17795	5.787481	-3.6128812
9147005	17796	6.2544947	-3.829404
9147005	17797	5.660295	-3.5164871
9147005	17798	5.7125206	-3.5024986
9147005	17799	5.5625424	-3.40084
9147005	17800	4.7969236	-1.9068207
9147005	17801	4.5349617	-1.4906759
9147005	17802	4.5911236	-1.5691309
9147005	17803	4.6625032	-1.5792946
9147005	17804	4.507254	-1.3684716
9147005	17805	4.3540945	-2.8245337
9147005	17806	4.3879704	-2.6608763
9147005	17807	5.066218	-1.8779808
9147005	17808	4.453926	-1.4763868
9147005	17809	3.3230176	-2.258065
9147005	17810	3.2291956	-1.9961548
9147005	17811	3.3394876	-1.9648888
9147005	17812	3.029951	-0.7790883
9147005	17813	2.9394383	-0.65535957
9147005	17814	2.1893172	0.121542126
9147005	17815	2.1242733	0.20645061
9147005	17816	2.2190313	0.49405935
9147005	17817	1.4133811	1.1520987
9147005	17818	0.95188653	1.4301699
9147005	17819	0.52050257	2.0306811
9147005	17820	0.108076334	2.5333233
9147005	17821	0.39009303	2.304312
9147005	17822	0.40558732	2.145752
9147005	17823	0.5649841	2.049418
9147005	17824	0.91027546	1.6829274
9147005	17825	0.8150805	1.8038487
9147005	17826	1.1968721	1.4878411
9147005	17827	1.4769673	0.88034165
9147005	17828	1.665469	0.73834133
9147005	17829	1.6333557	0.67527366
9147005	17830	1.1524112	1.1344231
9147005	17831	0.82063484	1.6920598
9147005	17832	1.0186037	1.4285184
9147005	17833	0.97236454	1.5746624
9147005	17834	1.0842873	1.4730498
9147005	17835	1.0766965	1.4546152
9147005	17836	0.95791507	1.7008638
9147005	17837	1.1130633	1.4146994
9147005	17838	0.97774637	1.5029279
9147005	17839	1.0798581	1.4634031
9147005	17840	1.1446918	1.4276352
9147005	17841	0.95900893	1.6409972
9147005	17842	0.88583076	1.7148116
9147005	17843	0.9078951	1.6858735
9147005	17844	0.8887912	1.5685608
9147005	17845	0.92836463	1.5748024
9147005	17846	0.30171323	2.655199
9147005	17847	-0.0843876	3.146689
9147005	17848	-0.38835892	3.6232107
9147005	17849	-0.29568636	3.4960036
9147005	17850	-0.30780682	3.4560134
9147005	17851	-0.31934357	3.428633
9147005	17852	-0.44935572	3.5847905
9147005	17853	-0.6751195	3.9028308
9147005	17854	-0.6423981	3.8959892
9147005	17855	-1.2510633	2.9825847
9147005	17856	0.2966687	2.5603743
9147005	17857	0.20576113	2.620251
9147005	17858	0.2223931	2.516137
9147005	17859	0.062336266	2.6830337
9147005	17860	0.07108593	2.77555
9147005	17861	0.25737822	2.690677
9147005	17862	0.3622517	-0.020251334
9147005	17863	1.3846738	-0.8587265
9147005	17864	1.6323899	-0.7821082
9147005	17865	0.8193519	1.7915814
9147005	17866	1.9916772	-1.2387846
9147005	17867	1.7443503	-0.6593336
9147005	17868	1.9123343	-0.6903454
9147005	17869	1.9622864	-0.6266544
9147005	17870	2.0077796	-0.6740346
9147005	17871	1.8842655	-0.5921632
9147005	17872	1.9755696	-0.77605605
9147005	17873	1.6438822	-0.37234816
9147005	17874	1.7716235	-0.60527205
9147005	17875	1.8158842	-0.60094005
9147005	17876	1.8176972	-0.5868111
9147005	17877	1.4499848	1.3128635
9147005	17878	1.2891668	1.8747802
9147005	17879	1.8981999	1.3254381
9147005	17880	1.9045769	1.1822593
9147005	17881	2.027525	1.1089727
9147005	17882	1.934079	1.2976751
9147005	17883	1.8869859	1.3110689
9147005	17884	2.4124756	0.8200512
9147005	17885	1.8213619	1.5916703
9147005	17886	0.932806	2.2727528
9147005	17887	-0.03583491	3.4649181
9147005	17888	-0.2284796	4.0082364
9147005	17889	-0.21580535	4.087441
9147005	17890	-0.47616526	4.4487724
9147005	17891	0.008473456	4.2193627
9147005	17892	-0.062357426	4.2689824
9147005	17893	-0.028246403	4.173046
9147005	17894	-0.31234562	4.500415
9147005	17895	0.26923877	3.7504857
9147005	17896	0.09676564	4.008607
9147005	17897	-0.01708138	4.0383782
9147005	17898	-0.15392655	4.156803
9147005	17899	-0.22345045	4.2381544
9147005	17900	-0.3869206	4.387901
9147005	17901	-0.20358089	4.141204
9147005	17902	-0.70539784	4.69093
9147005	17903	-0.653588	4.740214
9147005	17904	-0.5953033	4.6432567
9147005	17905	-0.46087903	4.3788404
9147005	17906	-0.68597084	4.617416
9147005	17907	-0.735251	4.739364
9147005	17908	-1.7821363	4.20046
9147005	17909	-0.2695952	3.4703922
9147005	17910	-0.13378242	3.3676653
9147005	17911	-0.08582151	3.341921
9147005	17912	0.2521358	2.9603398
9147005	17913	0.2927342	2.929494
9147005	17914	0.28707087	3.0440643
9147005	17915	0.243096	3.106051
9147005	17916	0.34489197	3.0142958
9147005	17917	0.8668884	2.435641
9147005	17918	1.0133442	2.1941445
9147005	17919	1.0505588	2.544823
9147005	17920	1.0031037	2.4335475
9147005	17921	0.9217496	2.4567964
9147005	17922	0.8282373	2.6214013
9147005	17923	0.7865412	2.6392696
9147005	17924	0.7539489	2.6667695
9147005	17925	0.95556426	2.6170723
9147005	17926	0.94790184	2.3017642
9147005	17927	1.0869277	2.5528736
9147005	17928	1.0535719	2.3689945
9147005	17929	1.0849671	2.4205966
9147005	17930	1.0969106	2.3883457
9147005	17931	1.1065682	2.4255047
9147005	17932	1.0509019	2.4779637
9147005	17933	1.0627611	2.4961846
9147005	17934	1.1239145	2.230791
9147005	17935	1.2183801	2.5036347
9147005	17936	0.6768621	3.0294995
9147005	17937	0.51041377	3.2548761
9147005	17938	0.4443599	3.2632267
9147005	17939	0.64053535	2.9325554
9147005	17940	0.75285363	2.949681
9147005	17941	0.8116181	2.978849
9147005	17942	1.1868827	2.1935978
9147005	17943	0.88005567	2.7105584
9147005	17944	1.0190355	2.6881833
9147005	17945	0.8998351	2.826097
9147005	17946	0.8527322	3.0234551
9147005	17947	0.7847806	2.823414
9147005	17948	0.70460355	3.0414562
9147005	17949	0.8835341	2.8398378
9147005	17950	0.66957927	3.0674539
9147005	17951	0.784312	3.0684826
9147005	17952	0.60825515	3.0964198
9147005	17953	0.809441	2.9441133
9147005	17954	0.6919167	3.133418
9147005	17955	0.60237896	3.0477173
9147005	17956	0.5433686	3.2563922
9147005	17957	0.5441867	3.0896683
9147005	17958	0.56554985	3.2178214
9147005	17959	0.5682018	3.181274
9147005	17960	0.51324916	3.265062
9147005	17961	0.5512636	3.217033
9147005	17962	0.52026784	3.2302122
9147005	17963	0.65307057	3.1818635
9147005	17964	0.61587846	3.187934
9147005	17965	0.5412427	3.1957061
9147005	17966	0.5105947	3.1822994
9147005	17967	0.45292127	3.4027588
9147005	17968	0.5555818	3.267018
9147005	17969	0.5329181	3.1665194
9147005	17970	0.60405195	3.1739054
9147005	17971	0.60647345	3.2152708
9147005	17972	0.49987805	3.12617
9147005	17973	0.58238745	3.2897964
9147005	17974	0.5524337	3.156636
9147005	17975	0.49046528	3.2812452
9147005	17976	0.48219496	3.2645361
9147005	17977	0.52352893	3.2995455
9147005	17978	0.5741457	3.118355
9147005	17979	0.5530895	3.2203515
9147005	17980	0.55025566	3.2100503
9147005	17981	0.51999605	3.1330593
9147005	17982	0.439	3.412002
9147005	17983	0.44549555	3.207168
9147005	17984	0.39515996	3.4468143
9147005	17985	0.50686395	3.334183
9147005	17986	0.566293	3.1553009
9147005	17987	0.4712535	3.378256
9147005	17988	0.49760497	3.2474267
9147005	17989	0.5251703	3.3205762
9147005	17990	0.5312041	3.1958458
9147005	17991	0.48160666	3.2914603
9147005	17992	0.45863515	3.2980838
9147005	17993	0.50222397	3.3127744
9147005	17994	0.4574278	3.2584682
9147005	17995	0.5052569	3.2473302
9147005	17996	0.42596537	3.3562653
9147005	17997	0.43360555	3.258861
9147005	17998	0.40364313	3.3928475
9147005	17999	0.5263928	3.2431402
9147005	18000	0.48316407	3.2613595
9147005	18001	0.44080466	3.3113534
9147005	18002	0.44830805	3.2865398
9147005	18003	0.44594324	3.2811115
9147005	18004	0.5131211	3.2226832
9147005	18005	0.48237944	3.2414088
9147005	18006	0.56094086	3.1808975
9147005	18007	0.5245149	3.1963816
9147005	18008	0.57059133	3.051199
9147005	18009	0.49708378	3.2519853
9147005	18010	0.6386334	3.1133199
9147005	18011	0.66338456	3.0510788
9147005	18012	0.5558702	3.273276
9147005	18013	0.5870843	3.1256163
9147005	18014	0.46692246	3.2969565
9147005	18015	0.40781492	3.3327782
9147005	18016	0.7518983	3.1042342
9147005	18017	0.74437594	2.8784688
9147005	18018	0.6189343	3.060625
9147005	18019	0.67272687	3.1937664
9147005	18020	0.5950569	3.1343093
9147005	18021	0.5380095	3.1506596
9147005	18022	0.50969696	3.2844827
9147005	18023	0.47976965	3.3413627
9147005	18024	0.41824567	3.224921
9147005	18025	0.4221452	3.418157
9147005	18026	0.41947776	3.330644
9147005	18027	0.74994075	3.1178112
9147005	18028	1.526842	1.7423899
9147005	18029	2.046749	1.5191557
9147005	18030	1.6808811	2.0104635
9147005	18031	1.4433098	2.1323795
9147005	18032	1.838138	1.6833527
9147005	18033	1.7086307	1.9869285
9147005	18034	1.5705763	2.071294
9147005	18035	1.6242601	1.9223394
9147005	18036	1.4157456	2.2186923
9147005	18037	1.2655883	2.4612708
9147005	18038	2.852888	0.6149225
9147005	18039	3.8445153	0.005710423
9147005	18040	3.3801026	0.5588709
9147005	18041	3.040897	0.5746945
9147005	18042	3.5957346	0.07747939
9147005	18043	3.188088	0.6632801
9147005	18044	2.5829444	1.1050557
9147005	18045	2.4070683	1.2558535
9147005	18046	2.2760205	1.3663197
9147005	18047	2.5117989	1.1133808
9147005	18048	2.4173698	1.3950835
9147005	18049	2.4263897	1.2850628
9147005	18050	1.5821029	2.1616738
9147005	18051	1.4218701	2.3541322
9147005	18052	1.7837509	2.0944784
9147005	18053	1.4934107	2.3254414
9147005	18054	1.6841708	2.2248008
9147005	18055	1.4482759	2.4566298
9147005	18056	1.7692045	1.9285371
9147005	18057	0.4912904	1.0205239
9147005	18058	1.0222373	-0.08422208
9147005	18059	1.310146	0.29369703
9147005	18060	1.4237211	-0.10128194
9147005	18061	1.5763916	-0.0679186
9147005	18062	1.4974781	-0.024566442
9147005	18063	1.5017525	-0.10854101
9147005	18064	1.610597	-0.13887861
9147005	18065	1.6735028	-0.1739698
9147005	18066	1.8138906	-0.2753917
9147005	18067	1.936972	-0.31729472
9147005	18068	2.116232	-0.34841442
9147005	18069	2.712276	-0.6623611
9147005	18070	2.816575	-0.8702003
9147005	18071	2.6068363	0.9033916
9147005	18072	2.1758137	1.3041071
9147005	18073	2.332891	1.1410712
9147005	18074	3.1216292	0.40507522
9147005	18075	3.2277918	0.3360798
9147005	18076	3.1664367	0.38705668
9147005	18077	3.7767968	-0.17247644
9147005	18078	2.1497822	-0.70830786
9147005	18079	0.8757763	0.46581367
9147005	18080	0.4864207	0.6442553
9147005	18081	-0.70325303	2.3825228
9147005	18082	-0.9853262	3.047696
9147005	18083	-1.1226021	3.4202085
9147005	18084	0.5300633	2.527267
9147005	18085	0.9865068	2.069029
9147005	18086	0.91215384	2.2081993
9147005	18087	1.5152088	1.6590421
9147005	18088	1.835188	1.3771577
9147005	18089	1.6852461	1.6962862
9147005	18090	1.6784095	1.6445944
9147005	18091	1.4188027	1.9654841
9147005	18092	1.2615417	2.0757697
9147005	18093	1.0674558	2.250236
9147005	18094	1.27038	2.1449373
9147005	18095	1.3317261	-0.16056728
9147005	18096	1.9674612	-0.39579955
9147005	18097	2.147286	-0.4361203
9147005	18098	2.4278326	-0.49734253
9147005	18099	2.1274652	-0.30214003
9147005	18100	1.8132702	-0.09464678
9147005	18101	1.5318445	0.018167824
9147005	18102	1.4836655	0.0070669055
9147005	18103	0.56770504	0.7680831
9147005	18104	0.4100089	1.0716408
9147005	18105	0.5169424	0.8380884
9147005	18106	0.5441829	0.71793735
9147005	18107	0.46054983	0.8366294
9147005	18108	0.2934296	0.95834565
9147005	18109	1.8924259	1.3743869
9147005	18110	1.6152991	1.4356244
9147005	18111	1.6250805	1.5449042
9147005	18112	1.5609192	1.6185756
9147005	18113	2.3079443	0.9164654
9147005	18114	2.5825477	0.77669096
9147005	18115	2.653719	0.8271966
9147005	18116	2.6841292	0.7933161
9147005	18117	2.6588392	0.84065354
9147005	18118	2.5875978	0.9031675
9147005	18119	2.550107	0.9016304
9147005	18120	2.7552419	0.75310934
9147005	18121	2.3980384	1.1066182
9147005	18122	2.7355442	0.77059424
9147005	18123	3.016018	0.51013815
9147005	18124	3.2580419	0.40098074
9147005	18125	3.2106113	0.51271904
9147005	18126	0.8607912	0.27196142
9147005	18127	0.8795073	2.1883433
9147005	18128	1.0344728	-0.1435664
9147005	18129	1.3675967	-0.26085383
9147005	18130	1.643808	-0.20562622
9147005	18131	1.133807	0.27825645
9147005	18132	1.1473882	0.20354465
9147005	18133	1.1266936	0.1678389
9147005	18134	0.27093524	1.1111368
9147005	18135	1.0814643	0.4676343
9147005	18136	1.0563422	0.34006104
9147005	18137	1.1037333	0.32129833
9147005	18138	1.1150552	0.31637123
9147005	18139	1.2920089	0.26627186
9147005	18140	1.3139598	1.9666882
9147005	18141	0.77982473	2.6616461
9147005	18142	0.16923547	3.3998468
9147005	18143	0.78418934	2.7817233
9147005	18144	0.50364876	2.9913673
9147005	18145	0.38293487	3.2513433
9147005	18146	0.27354246	3.2484758
9147005	18147	-0.05379036	3.6262534
9147005	18148	-0.07647696	3.5655668
9147005	18149	-0.03470835	3.6113975
9147005	18150	-0.051368088	3.5515263
9147005	18151	-0.18851894	3.7860324
9147005	18152	-0.11710465	3.768844
9147005	18153	-0.11477643	3.6277573
9147005	18154	-0.20809776	3.9272072
9147005	18155	0.05224657	3.5027869
9147005	18156	0.04149878	3.5972655
9147005	18157	0.005149722	3.5626028
9147005	18158	-0.14613104	3.7868407
9147005	18159	-0.1787175	3.7243183
9147005	18160	-0.122710496	3.6434367
9147005	18161	-0.16006947	3.9041173
9147005	18162	-0.19879112	3.8454635
9147005	18163	-0.2049928	3.746226
9147005	18164	-0.30119807	4.0617375
9147005	18165	-0.29597443	3.999171
9147005	18166	-0.2395356	3.8203719
9147005	18167	-0.19788074	3.7580502
9147005	18168	-0.3845706	4.0461745
9147005	18169	-0.3317977	4.039936
9147005	18170	-0.3445642	4.002554
9147005	18171	-0.421206	4.0307746
9147005	18172	-0.40472037	4.0302467
9147005	18173	-0.4092877	4.022268
9147005	18174	-0.40480998	4.0080037
9147005	18175	-0.44311774	4.108183
9147005	18176	-0.1741406	3.6935008
9147005	18177	-0.39062986	4.078352
9147005	18178	-0.48290065	4.167499
9147005	18179	-0.39383438	4.0281386
9147005	18180	-0.46874118	4.2532015
9147005	18181	-0.46323964	4.22038
9147005	18182	-0.41860896	4.0422115
9147005	18183	-0.545091	4.404386
9147005	18184	-0.13667557	3.6523793
9147005	18185	0.5890752	2.7833242
9147005	18186	0.084451914	0.95967066
9147005	18187	1.2298228	0.15117481
9147005	18188	1.2391524	0.28304413
9147005	18189	1.3027078	0.2042143
9147005	18190	1.1777531	1.962306
9147005	18191	0.99922955	2.1891196
9147005	18192	-0.1275728	3.6466973
9147005	18193	-0.5487836	3.999008
9147005	18194	-0.49720156	3.9503863
9147005	18195	0.62072206	2.5461063
9147005	18196	1.1162224	1.889009
9147005	18197	1.819322	1.6119568
9147005	18198	1.0219682	2.4303668
9147005	18199	0.037121356	3.6590102
9147005	18200	0.80970335	2.8065236
9147005	18201	0.97974014	2.2398243
9147005	18202	2.3232117	0.8348205
9147005	18203	2.927269	0.5107702
9147005	18204	2.5105538	0.90352654
9147005	18205	1.8289057	1.4830581
9147005	18206	2.1284146	1.3859924
9147005	18207	2.3105955	1.311824
9147005	18208	2.1153045	1.5867567
9147005	18209	1.9967612	1.6693828
9147005	18210	2.0622673	1.5703788
9147005	18211	2.0563822	1.6403131
9147005	18212	1.9469677	1.6882582
9147005	18213	1.9302598	1.7636728
9147005	18214	1.8163313	1.8782225
9147005	18215	2.1797423	1.4905287
9147005	18216	1.9370795	1.5738537
9147005	18217	2.4937534	1.298589
9147005	18218	2.6859908	0.9857007
9147005	18219	2.2386303	1.5261383
9147005	18220	1.9441265	1.8006401
9147005	18221	2.0031366	1.6952446
9147005	18222	1.8654152	1.8264759
9147005	18223	1.9807259	1.6783564
9147005	18224	3.0848746	0.51818216
9147005	18225	2.1111755	1.5091026
9147005	18226	2.5593934	0.91951334
9147005	18227	2.2597408	1.4282476
9147005	18228	2.8182402	0.74493647
9147005	18229	2.9012775	0.83572304
9147005	18230	2.8464093	0.91833854
9147005	18231	2.8002596	0.98884356
9147005	18232	1.4662626	2.3220553
9147005	18233	1.9552873	1.908813
9147005	18234	2.1834798	1.6684551
9147005	18235	2.3219223	1.5624001
9147005	18236	2.4650512	1.4177724
9147005	18237	2.2988696	1.5846226
9147005	18238	2.0895324	1.6138802
9147005	18239	2.1695666	1.6480851
9147005	18240	2.1100302	1.7088051
9147005	18241	1.7403187	2.1015854
9147005	18242	2.1534367	1.597517
9147005	18243	2.0335603	1.7774875
9147005	18244	1.9405721	1.9985945
9147005	18245	2.0615644	1.8542757
9147005	18246	1.5431882	2.1638675
9147005	18247	2.2997599	1.4444653
9147005	18248	1.7490603	1.986331
9147005	18249	1.5794109	2.101226
9147005	18250	2.3829708	1.3763572
9147005	18251	2.693756	1.053737
9147005	18252	2.9766932	0.8752953
9147005	18253	3.3110104	0.6788757
9147005	18254	3.511774	0.50301635
9147005	18255	3.4939747	0.5749661
9147005	18256	3.638785	0.4196463
9147005	18257	3.3512912	0.6355771
9147005	18258	3.446001	0.5063262
9147005	18259	3.597311	0.40945283
9147005	18260	3.520297	0.49823752
9147005	18261	3.4020123	0.5678054
9147005	18262	3.5951262	0.3852037
9147005	18263	4.3851404	-0.33605838
9147005	18264	4.072687	0.09407589
9147005	18265	4.7240324	-0.6955084
9147005	18266	4.163893	0.026566595
9147005	18267	4.0175123	-0.070311576
9147005	18268	3.9322605	0.020817041
9147005	18269	4.0715566	-0.14076391
9147005	18270	4.0991297	-0.12869048
9147005	18271	4.033632	-0.11178407
9147005	18272	4.065808	-0.18576017
9147005	18273	3.746426	0.14477041
9147005	18274	3.5744734	0.1984736
9147005	18275	4.1059732	-0.25203282
9147005	18276	3.5019264	0.35754058
9147005	18277	3.3283172	0.41707876
9147005	18278	3.426691	0.33561394
9147005	18279	3.472011	0.30399576
9147005	18280	2.261774	1.4998282
9147005	18281	3.3229246	0.46974346
9147005	18282	3.4303226	0.41797945
9147005	18283	3.4043913	0.43755546
9147005	18284	3.9464974	-0.17163742
9147005	18285	2.1689558	-0.87661445
9147005	18286	2.5754333	-1.1267413
9147005	18287	2.6881375	-1.0560217
9147005	18288	3.0004945	0.22300956
9147005	18289	3.3723388	-0.12557513
9147005	18290	3.479824	-0.07666373
9147005	18291	1.2597493	-0.5864426
9147005	18292	1.7596191	-0.7559143
9147005	18293	3.2192135	-0.14881608
9147005	18294	3.1801348	-0.10442704
9147005	18295	3.5297298	-0.18385535
9147005	18296	3.3964138	-0.117233425
9147005	18297	3.5090036	-0.22630344
9147005	18298	3.941699	-0.54319376
9147005	18299	3.641931	-2.3784497
9147005	18300	3.4342017	-1.9502695
9147005	18301	2.7644548	-0.3278066
9147005	18302	2.9247785	-0.24833815
9147005	18303	3.5244818	-0.7936299
9147005	18304	3.4628806	-0.81733537
9147005	18305	3.355699	-0.74700695
9147005	18306	2.6948109	0.053777844
9147005	18307	2.5104012	0.064094335
9147005	18308	0.3102849	-0.28041196
9147005	18309	1.0936003	1.1318318
9147005	18310	0.9315331	1.3279128
9147005	18311	0.9422314	1.2776555
9147005	18312	0.62941504	1.814631
9147005	18313	1.4414746	1.1990172
9147005	18314	2.5035596	-0.11492956
9147005	18315	3.0440001	-0.03979531
9147005	18316	1.7779971	0.8878796
9147005	18317	1.784475	0.88878405
9147005	18318	2.2155995	0.63984716
9147005	18319	2.1443996	0.4683226
9147005	18320	2.2127666	0.59721875
9147005	18321	2.0271292	0.78189766
9147005	18322	2.049305	0.7740586
9147005	18323	1.7962307	0.79953396
9147005	18324	1.6022586	1.2740428
9147005	18325	1.7858971	0.80519664
9147005	18326	1.9278749	0.8903904
9147005	18327	1.5035309	1.3252277
9147005	18328	1.5575784	1.0988243
9147005	18329	1.8229374	1.0788083
9147005	18330	1.5821165	1.043185
9147005	18331	1.4806786	1.1379998
9147005	18332	1.7107023	1.2029176
9147005	18333	1.4006139	1.2418267
9147005	18334	1.1879289	1.5690823
9147005	18335	1.3317602	1.5317936
9147005	18336	0.8175558	2.0009112
9147005	18337	0.6263453	-0.35591596
9147005	18338	0.79689157	-0.24375083
9147005	18339	0.89091766	-0.21236701
9147005	18340	0.72056186	-0.16753662
9147005	18341	0.7231599	-0.19963622
9147005	18342	0.80212736	-0.013755292
9147005	18343	0.85023856	-0.22207685
9147005	18344	0.95834327	-0.09770432
9147005	18345	1.2356082	-0.30944195
9147005	18346	1.457811	-0.20407099
9147005	18347	1.7256099	-0.52436614
9147005	18348	1.1162666	0.065877706
9147005	18349	1.1340312	-0.08364284
9147005	18350	0.8165499	0.24152622
9147005	18351	0.92750835	0.038769037
9147005	18352	1.4617342	1.0884413
9147005	18353	1.3923386	1.1898221
9147005	18354	1.426288	1.378748
9147005	18355	1.0612766	1.947011
9147005	18356	0.8690063	2.1148329
9147005	18357	0.93794346	2.0489976
9147005	18358	0.91524863	2.076705
9147005	18359	1.0149173	2.0655577
9147005	18360	0.8909385	1.9327953
9147005	18361	0.77300656	1.8574173
9147005	18362	0.7339021	2.3479197
9147005	18363	0.77896774	2.2795184
9147005	18364	0.99537134	2.045247
9147005	18365	0.9406284	1.9607747
9147005	18366	0.81324947	2.3118763
9147005	18367	0.6910701	2.4011974
9147005	18368	0.6018239	2.455711
9147005	18369	0.62639725	2.4492614
9147005	18370	0.62803245	2.4536595
9147005	18371	0.6425091	2.445445
9147005	18372	0.5862416	2.3451178
9147005	18373	0.69145894	2.4500332
9147005	18374	0.4229738	2.62241
9147005	18375	0.7726394	2.3673017
9147005	18376	0.46184027	2.6416402
9147005	18377	0.58837414	2.6539226
9147005	18378	0.4008205	2.7015965
9147005	18379	0.42064524	2.7312608
9147005	18380	0.7097081	2.4798076
9147005	18381	0.39587265	2.8162336
9147005	18382	0.34200692	2.917307
9147005	18383	0.59534335	2.5405998
9147005	18384	0.40532547	2.8424084
9147005	18385	0.5643767	2.6414468
9147005	18386	0.42058152	2.8168118
9147005	18387	0.53247035	2.6490173
9147005	18388	0.32748997	2.8250563
9147005	18389	0.4354028	2.8436046
9147005	18390	0.26589078	2.8868418
9147005	18391	0.6005666	2.5878806
9147005	18392	0.36939013	2.788796
9147005	18393	0.33730125	2.8624787
9147005	18394	0.4983847	2.746452
9147005	18395	0.48368108	2.6483564
9147005	18396	0.24731189	2.7861397
9147005	18397	0.20665658	2.8652472
9147005	18398	0.23378384	2.941339
9147005	18399	0.37586427	2.84541
9147005	18400	0.42014152	2.7499595
9147005	18401	0.4627279	2.748795
9147005	18402	0.2093907	2.9912066
9147005	18403	0.21840662	3.0097535
9147005	18404	0.32872063	2.948965
9147005	18405	0.22061747	2.924596
9147005	18406	0.3588385	2.8434682
9147005	18407	0.18161249	3.024589
9147005	18408	0.19010508	3.049235
9147005	18409	0.22560775	2.9765563
9147005	18410	0.16431797	2.9343202
9147005	18411	0.19815904	3.0003085
9147005	18412	0.22394073	2.9538364
9147005	18413	0.38765574	2.8576696
9147005	18414	0.2254138	2.9286325
9147005	18415	0.32866925	2.9421175
9147005	18416	0.3789022	2.785178
9147005	18417	0.19070518	3.0161803
9147005	18418	0.1663009	3.0500183
9147005	18419	0.19564146	2.9925008
9147005	18420	-0.0073539615	3.2118814
9147005	18421	0.026085317	3.17537
9147005	18422	0.030984223	3.081082
9147005	18423	0.12456089	3.1408024
9147005	18424	0.06429839	3.0859454
9147005	18425	-0.062395632	3.2831988
9147005	18426	-0.03484723	3.2408588
9147005	18427	0.04840064	3.1405702
9147005	18428	0.4084059	0.028796643
9147005	18429	0.6545123	-0.07359967
9147005	18430	1.0563052	-0.24613068
9147005	18431	0.34830534	0.65332925
9147005	18432	0.16442186	0.79342854
9147005	18433	0.1676817	0.7793689
9147005	18434	0.29850632	0.73891723
9147005	18435	0.021219969	0.80150616
9147005	18436	0.016595066	0.95951164
9147005	18437	-0.06910333	1.1245993
9147005	18438	-0.014765829	1.1762112
9147005	18439	-0.07744369	1.2694112
9147005	18440	-0.06493217	1.1330462
9147005	18441	-0.12555876	1.2640358
9147005	18442	-0.21723226	1.2351017
9147005	18443	0.006196797	0.82353294
9147005	18444	-0.028030455	1.1509372
9147005	18445	-0.10781431	1.3022946
9147005	18446	-0.09795514	1.1583899
9147005	18447	-0.11736217	1.2551874
9147005	18448	-0.21412235	1.3776175
9147005	18449	-0.095407724	1.3505365
9147005	18450	-0.17611828	1.3095688
9147005	18451	-0.07366556	1.1276448
9147005	18452	-0.12733471	1.3243858
9147005	18453	-0.1745916	1.4533693
9147005	18454	-0.39030287	1.4557343
9147005	18455	-0.24969742	1.2765071
9147005	18456	-0.018685818	1.1108533
9147005	18457	-0.025344968	1.2553807
9147005	18458	-0.028182477	1.0121619
9147005	18459	0.18903083	0.84500885
9147005	18460	0.14689636	1.0767263
9147005	18461	0.009670258	1.221561
9147005	18462	-0.13903767	1.2122598
9147005	18463	-0.23027742	1.5061792
9147005	18464	1.5985016	1.2340468
9147005	18465	1.1526023	1.6379726
9147005	18466	1.1182961	1.624388
9147005	18467	1.120363	1.6001229
9147005	18468	1.180997	1.4658227
9147005	18469	1.5987848	1.0522693
9147005	18470	1.4758146	1.3389863
9147005	18471	1.600058	1.2953641
9147005	18472	1.0066016	2.0711622
9147005	18473	0.8525305	2.2002783
9147005	18474	1.0320944	2.047434
9147005	18475	1.4959742	1.4440048
9147005	18476	1.5905281	1.6465085
9147005	18477	1.4108567	1.6654184
9147005	18478	1.7101728	1.3142439
9147005	18479	2.1808963	1.0497332
9147005	18480	2.25394	1.0502214
9147005	18481	1.5717484	1.4763082
9147005	18482	1.5069333	1.646704
9147005	18483	3.0449576	0.032507032
9147005	18484	3.1661286	0.09549412
9147005	18485	2.1254945	0.82743514
9147005	18486	2.4288592	0.6693287
9147005	18487	2.1124015	1.0026124
9147005	18488	3.329658	-0.14373535
9147005	18489	2.5786705	0.5273031
9147005	18490	2.1246133	0.7879939
9147005	18491	2.086954	0.8309121
9147005	18492	2.0887237	0.86359584
9147005	18493	2.0288744	0.9358628
9147005	18494	2.076201	0.90594816
9147005	18495	1.9470488	0.8787036
9147005	18496	1.9877819	1.0571736
9147005	18497	2.0692172	0.9146228
9147005	18498	2.4553971	0.4535494
9147005	18499	2.618794	0.5407759
9147005	18500	2.7426844	0.3718268
9147005	18501	2.8395076	0.27295098
9147005	18502	3.4213428	-0.1579144
9147005	18503	3.3838754	-0.07635763
9147005	18504	1.2783167	-0.4636843
9147005	18505	1.0512714	-0.0901227
9147005	18506	1.8557447	-0.7425056
9147005	18507	1.9190491	-0.74057215
9147005	18508	2.0020795	-0.737364
9147005	18509	1.9266227	-0.63425416
9147005	18510	2.1982589	0.6226146
9147005	18511	2.2294931	0.65543246
9147005	18512	1.7835556	1.2019018
9147005	18513	1.7205931	1.0831078
9147005	18514	2.2414932	0.48325655
9147005	18515	2.2181058	0.5661948
9147005	18516	1.8004965	0.94407415
9147005	18517	2.4381638	0.36625496
9147005	18518	2.7939148	0.2090787
9147005	18519	2.6004305	0.39132562
9147005	18520	2.5905356	0.34057418
9147005	18521	2.4918652	0.42470965
9147005	18522	2.6978707	0.2686619
9147005	18523	2.6909232	0.32058957
9147005	18524	0.73799145	-0.43778607
9147005	18525	1.0909053	1.3303132
9147005	18526	1.2437286	-0.7736038
9147005	18527	1.0833727	-0.4285442
9147005	18528	0.47390682	0.17230359
9147005	18529	0.21711147	0.41990945
9147005	18530	0.12476975	0.481266
9147005	18531	0.11916232	0.49469373
9147005	18532	0.5706161	0.075214356
9147005	18533	1.1279782	-0.44449437
9147005	18534	0.42789692	0.2677978
9147005	18535	0.40683305	0.24459562
9147005	18536	0.24718529	0.39099702
9147005	18537	2.005094	0.48737362
9147005	18538	1.8652571	0.53560853
9147005	18539	1.8193785	0.45446405
9147005	18540	1.6517586	0.64100826
9147005	18541	1.4171264	0.86183214
9147005	18542	1.3457229	1.0042216
9147005	18543	1.584149	0.71906924
9147005	18544	1.5910851	0.76223445
9147005	18545	1.610794	0.70037246
9147005	18546	1.6701685	0.77567685
9147005	18547	1.6950542	0.77599514
9147005	18548	1.6021906	0.86981463
9147005	18549	1.5647975	0.9030576
9147005	18550	1.5750576	0.9178175
9147005	18551	1.5702113	0.9333693
9147005	18552	1.5130395	0.98489857
9147005	18553	1.5290233	0.9850986
9147005	18554	1.9167877	0.75900066
9147005	18555	1.4115207	1.1258115
9147005	18556	1.2251974	1.4029702
9147005	18557	0.962777	1.585835
9147005	18558	1.2291033	1.3113455
9147005	18559	0.99675715	1.5358455
9147005	18560	0.79049194	1.8675427
9147005	18561	1.372954	1.1832527
9147005	18562	2.5670967	0.029485941
9147005	18563	2.4483256	0.1401237
9147005	18564	2.250301	0.23394814
9147005	18565	2.2813692	0.30278733
9147005	18566	2.3527927	0.31384918
9147005	18567	1.9614502	0.591529
9147005	18568	1.8090426	0.6879355
9147005	18569	2.4303584	0.12038329
9147005	18570	2.2552276	0.3123919
9147005	18571	2.1308823	0.47173563
9147005	18572	1.9470404	0.68085146
9147005	18573	1.7681352	0.81641805
9147005	18574	2.5194802	-0.0447551
9147005	18575	3.5474482	-0.82183266
9147005	18576	3.6496744	-0.6604291
9147005	18577	3.0928464	-0.27799293
9147005	18578	2.9205966	-0.10649446
9147005	18579	3.1150818	-0.30614394
9147005	18580	2.5152893	0.25285605
9147005	18581	1.9315299	0.7033677
9147005	18582	1.9051074	0.76460993
9147005	18583	1.9038433	0.6940142
9147005	18584	1.8834432	0.7611499
9147005	18585	1.8766803	0.82097733
9147005	18586	1.7363092	1.0254647
9147005	18587	1.6109122	1.0678511
9147005	18588	1.5852991	1.1371034
9147005	18589	1.4245775	1.3115454
9147005	18590	1.7290672	0.8898704
9147005	18591	1.7200807	0.9838476
9147005	18592	1.8396357	0.9379662
9147005	18593	1.8526493	0.95073354
9147005	18594	2.2240753	0.5164323
9147005	18595	2.6548615	0.07875171
9147005	18596	2.335875	0.4088175
9147005	18597	2.0839229	0.46901217
9147005	18598	2.09032	0.5838641
9147005	18599	2.1291566	0.6386554
9147005	18600	3.2074885	-0.23332405
9147005	18601	1.8682827	-0.97911966
9147005	18602	1.667555	-0.7594954
9147005	18603	3.3003721	-0.71872497
9147005	18604	3.2710066	-0.4631423
9147005	18605	3.20673	-0.24923661
9147005	18606	3.02944	-0.045575798
9147005	18607	1.5765883	1.0147341
9147005	18608	0.74090815	2.003514
9147005	18609	0.0409168	3.342412
9147005	18610	0.003645897	3.580198
9147005	18611	-0.07971653	3.8610985
9147005	18612	-0.29160497	4.153326
9147005	18613	-0.4574225	4.769117
9147005	18614	-0.843635	5.295361
9147005	18615	-0.7514875	5.4097333
9147005	18616	-1.2322398	4.279736
9147005	18617	-1.660169	5.046551
9147005	18618	-2.2371325	4.7996626
9147005	18619	-2.5821056	5.1843243
9147005	18620	-2.261786	3.5905416
9147005	18621	-1.9009414	2.6997738
9147005	18622	-1.7322149	2.04211
9147005	18623	-1.4944296	1.4911425
9147005	18624	-0.83473516	1.1883365
9147005	18625	-0.91087836	1.0250481
9147005	18626	-0.2614025	-0.43881908
9147005	18627	-0.22629029	-0.65730476
9147005	18628	1.1872497	-0.75616395
9147005	18629	1.2224085	-0.48907158
9147005	18630	1.1355683	-0.3720069
9147005	18631	1.0185636	-0.2432032
9147005	18632	0.83964515	-0.060022682
9147005	18633	0.036548615	0.9172064
9147005	18634	-0.067266226	1.2080379
9147005	18635	-0.53266954	2.198172
9147005	18636	0.25373298	0.96323216
9147005	18637	0.1934002	0.67999125
9147005	18638	-0.037631005	0.9391061
9147005	18639	-0.12532517	1.0838286
9147005	18640	-0.6761901	1.9617901
9147005	18641	-0.6099423	1.992589
9147005	18642	-0.4980015	1.8257751
9147005	18643	-1.3359659	3.2174988
9147005	18644	-0.45799637	2.1059692
9147005	18645	0.8604959	1.9077692
9147005	18646	1.037286	1.8220546
9147005	18647	0.65239835	2.4597049
9147005	18648	0.8352729	2.0535245
9147005	18649	1.83801	0.74486494
9147005	18650	2.0355263	0.7977793
9147005	18651	2.4438787	0.4528137
9147005	18652	2.5727425	0.4067057
9147005	18653	2.2290912	0.6958678
9147005	18654	2.3723564	0.6872258
9147005	18655	2.339664	0.7118571
9147005	18656	2.435161	0.6483871
9147005	18657	2.4568071	0.6174724
9147005	18658	2.458796	0.65321445
9147005	18659	1.8954405	1.2847488
9147005	18660	1.5008689	1.5598788
9147005	18661	2.086472	0.85345733
9147005	18662	1.7903577	1.3281884
9147005	18663	0.99514794	2.289204
9147005	18664	1.0805199	2.4039016
9147005	18665	0.8128849	2.7341318
9147005	18666	0.95270526	2.6837814
9147005	18667	0.9136684	2.574331
9147005	18668	1.0642964	2.5031323
9147005	18669	1.151141	2.1480675
9147005	18670	1.7213804	1.4476995
9147005	18671	2.021315	1.1790892
9147005	18672	2.1875405	1.0363425
9147005	18673	2.191824	1.0893378
9147005	18674	2.1427612	1.0353845
9147005	18675	2.15372	1.0487323
9147005	18676	2.0622106	1.0863543
9147005	18677	2.1503744	0.95897925
9147005	18678	2.3556428	0.74691486
9147005	18679	2.8136	0.47194508
9147005	18680	2.7113404	0.5484575
9147005	18681	2.8487835	0.37504378
9147005	18682	0.43807513	0.4928873
9147005	18683	0.020033479	0.94398475
9147005	18684	0.49791467	2.767143
9147005	18685	0.26040083	2.8437865
9147005	18686	0.22049129	2.9010582
9147005	18687	0.5113572	2.6668267
9147005	18688	0.4585386	2.7233014
9147005	18689	0.3225773	2.7766216
9147005	18690	0.30376047	2.8380973
9147005	18691	0.36466044	2.7008986
9147005	18692	0.3129077	2.7840858
9147005	18693	0.0932399	0.4993206
9147005	18694	2.4375777	0.08964577
9147005	18695	2.3550363	0.33271185
9147005	18696	2.2508717	0.44502315
9147005	18697	2.4542265	0.30554613
9147005	18698	2.60259	0.25632194
9147005	18699	3.28223	-0.16816008
9147005	18700	3.3070364	-0.020572424
9147005	18701	3.2634087	-0.0067947805
9147005	18702	3.1666665	0.020864785
9147005	18703	2.5141869	0.5862856
9147005	18704	2.9608402	0.05343011
9147005	18705	3.1633797	0.03482583
9147005	18706	2.9386563	0.1835092
9147005	18707	3.3626385	-0.11491096
9147005	18708	3.2230916	-0.030146629
9147005	18709	2.8764157	0.3031855
9147005	18710	3.2775736	-0.04149425
9147005	18711	2.889543	0.32176092
9147005	18712	2.9976363	0.23232314
9147005	18713	2.573172	0.6077281
9147005	18714	2.9183927	0.17447594
9147005	18715	3.310542	-0.004288912
9147005	18716	3.6791286	-0.23805395
9147005	18717	3.7162142	-0.25228697
9147005	18718	3.822949	-0.30766535
9147005	18719	3.0316362	0.2969685
9147005	18720	3.3421311	-0.11092815
9147005	18721	3.5378895	-0.14612839
9147005	18722	3.5997205	-0.158584
9147005	18723	3.7593985	-0.35332024
9147005	18724	3.9269772	-0.44756502
9147005	18725	3.4007082	0.02583462
9147005	18726	3.665341	-0.23538958
9147005	18727	3.8668733	-0.38016266
9147005	18728	4.0480433	-0.58656293
9147005	18729	4.062939	-0.43521622
9147005	18730	2.3113103	-1.1378354
9147005	18731	1.9435486	-0.92149675
9147005	18732	3.9805136	-0.72592974
9147005	18733	3.9914465	-0.8746573
9147005	18734	3.6056561	-0.42146942
9147005	18735	3.346858	-0.3621902
9147005	18736	3.2662568	-0.18425241
9147005	18737	3.3245764	-0.20131657
9147005	18738	3.2623062	-0.17929003
9147005	18739	3.395947	-0.2877124
9147005	18740	3.3760366	-0.22705178
9147005	18741	3.3423629	-0.22755416
9147005	18742	2.6251516	0.4437867
9147005	18743	3.7937407	-0.66280526
9147005	18744	3.7510405	-0.47898215
9147005	18745	1.3662045	-0.38236657
9147005	18746	0.6997068	2.2363203
9147005	18747	1.0139374	2.0955448
9147005	18748	1.7425901	0.3240241
9147005	18749	2.779983	-0.022608042
9147005	18750	2.930457	0.14758554
9147005	18751	3.6215796	-0.31643134
9147005	18752	3.9761243	-0.46166652
9147005	18753	3.791222	-0.3325243
9147005	18754	3.6512427	-0.27556705
9147005	18755	3.6904345	-0.33658552
9147005	18756	3.7484012	-0.30822784
9147005	18757	3.7312617	-0.36391675
9147005	18758	3.3732576	0.010590941
9147005	18759	4.043285	-0.67633957
9147005	18760	3.5280328	-0.1888986
9147005	18761	4.169347	-0.7437974
9147005	18762	3.6352725	-0.27481392
9147005	18763	4.0741363	-0.68053675
9147005	18764	4.1773195	-0.6973036
9147005	18765	4.3342986	-0.78179026
9147005	18766	4.5170045	-0.91828775
9147005	18767	4.594881	-0.9147686
9147005	18768	4.5016203	-0.8282366
9147005	18769	4.637615	-0.9817847
9147005	18770	4.529194	-0.86681587
9147005	18771	4.526576	-0.8729884
9147005	18772	4.2266746	-0.7591166
9147005	18773	4.037741	-0.5670241
9147005	18774	3.9876032	-0.55117106
9147005	18775	3.9264712	-0.5060816
9147005	18776	3.8495383	-0.4277565
9147005	18777	3.8677778	-0.44830522
9147005	18778	3.760126	-0.3929784
9147005	18779	3.7705822	-0.41038352
9147005	18780	3.8884597	-0.4228236
9147005	18781	3.7621412	-0.31589946
9147005	18782	3.7692904	-0.3149799
9147005	18783	3.7699943	-0.3659717
9147005	18784	3.694744	-0.25835392
9147005	18785	3.7120085	-0.3282689
9147005	18786	3.4761968	-0.05314648
9147005	18787	3.5076456	-0.1318542
9147005	18788	3.5555263	-0.21028984
9147005	18789	3.670836	-0.23760898
9147005	18790	3.6852999	-0.2896042
9147005	18791	3.7331219	-0.3437126
9147005	18792	3.576366	-0.24868791
9147005	18793	3.5952568	-0.25292245
9147005	18794	3.6054144	-0.27892658
9147005	18795	3.575632	-0.2192716
9147005	18796	3.7458148	-0.33069804
9147005	18797	3.717351	-0.26823586
9147005	18798	3.656002	-0.2742986
9147005	18799	3.5542917	-0.19714883
9147005	18800	3.5433226	-0.22888142
9147005	18801	3.6905327	-0.26023227
9147005	18802	3.6681614	-0.29520577
9147005	18803	3.5725918	-0.2201929
9147005	18804	3.646337	-0.27679548
9147005	18805	3.3377314	-0.043833137
9147005	18806	3.5159125	-0.14335191
9147005	18807	3.4634452	-0.11626485
9147005	18808	3.3889585	-0.080224484
9147005	18809	3.4742227	-0.08311525
9147005	18810	3.371832	-0.10589594
9147005	18811	3.4158883	-0.10726935
9147005	18812	3.3990817	-0.04753107
9147005	18813	3.3252068	-0.04248175
9147005	18814	3.408165	-0.037563413
9147005	18815	3.4198112	-0.102443814
9147005	18816	3.4809914	-0.14857456
9147005	18817	3.4272366	-0.03737849
9147005	18818	3.5594802	-0.25084955
9147005	18819	3.483047	-0.16056004
9147005	18820	3.4387088	-0.1317122
9147005	18821	3.4935894	-0.12120715
9147005	18822	3.3902097	-0.12657982
9147005	18823	3.4977736	-0.169222
9147005	18824	3.3631697	-0.07722595
9147005	18825	3.6227965	-0.2864036
9147005	18826	3.5988674	-0.27874488
9147005	18827	3.567903	-0.22760229
9147005	18828	3.5038657	-0.23746839
9147005	18829	3.5129347	-0.22092985
9147005	18830	3.5147867	-0.22241852
9147005	18831	3.519906	-0.22838661
9147005	18832	3.501823	-0.22474274
9147005	18833	3.5019088	-0.21642318
9147005	18834	3.6023183	-0.22341983
9147005	18835	3.5857673	-0.25344697
9147005	18836	3.444676	-0.16372916
9147005	18837	3.5499926	-0.17831576
9147005	18838	3.5254831	-0.17119026
9147005	18839	3.5583272	-0.22683854
9147005	18840	3.4553661	-0.16697788
9147005	18841	3.6574764	-0.32629123
9147005	18842	3.5665069	-0.24831565
9147005	18843	3.5266976	-0.22299306
9147005	18844	3.561914	-0.20808527
9147005	18845	3.4742036	-0.11958349
9147005	18846	3.4954863	-0.1516805
9147005	18847	3.5149965	-0.21940142
9147005	18848	3.6128125	-0.30544233
9147005	18849	3.4512033	-0.1553708
9147005	18850	3.4839163	-0.17344803
9147005	18851	3.3516927	-0.09709516
9147005	18852	3.4480066	-0.11069861
9147005	18853	3.463076	-0.17702183
9147005	18854	3.3735838	-0.1030685
9147005	18855	3.356152	-0.12689614
9147005	18856	3.3773127	-0.14929563
9147005	18857	3.6341186	-0.3219741
9147005	18858	3.5434299	-0.2274242
9147005	18859	3.4477096	-0.18892851
9147005	18860	3.4444308	-0.17223677
9147005	18861	3.4317837	-0.18410873
9147005	18862	3.478497	-0.13940558
9147005	18863	3.6215796	-0.33462286
9147005	18864	3.6090755	-0.22275342
9147005	18865	3.9887753	-0.60367143
9147005	18866	3.5528584	-0.27763122
9147005	18867	3.4846373	-0.22297165
9147005	18868	3.8638325	-0.5859286
9147005	18869	4.082233	-0.63833565
9147005	18870	3.8679218	-0.57675505
9147005	18871	3.9064221	-0.5693912
9147005	18872	3.9844542	-0.65385234
9147005	18873	4.1186967	-0.7237118
9147005	18874	4.2798457	-0.8521621
9147005	18875	4.0233784	-0.6430073
9147005	18876	3.8729258	-0.4540977
9147005	18877	3.9893613	-0.5785044
9147005	18878	4.157336	-0.8454359
9147005	18879	4.28054	-0.80702394
9147005	18880	3.9316993	-0.6031881
9147005	18881	4.1127706	-0.7859627
9147005	18882	4.1660585	-0.78265595
9147005	18883	4.103952	-0.75666165
9147005	18884	4.1421084	-0.77888966
9147005	18885	4.235279	-0.8389325
9147005	18886	4.4000783	-0.98123
9147005	18887	2.2565198	-0.97936225
9147005	18888	1.7288266	-0.7763141
9147005	18889	1.184963	-0.47179377
9147005	18890	1.3146886	1.3889014
9147005	18891	2.033814	-1.1522043
9147005	18892	1.8730868	-0.92579114
9147005	18893	1.8931228	-0.5992592
9147005	18894	1.6364225	1.2149795
9147005	18895	1.54711	1.4497515
9147005	18896	1.6625098	1.3692944
9147005	18897	1.6044887	1.4183695
9147005	18898	2.0406795	1.0054038
9147005	18899	2.4717345	-1.4131259
9147005	18900	2.2671475	-1.0949316
9147005	18901	1.9182428	1.0043736
9147005	18902	1.9947597	1.0857117
9147005	18903	2.1979852	0.70921445
9147005	18904	1.7347051	1.3303721
9147005	18905	2.0853887	1.0334911
9147005	18906	1.7540306	1.1852574
9147005	18907	2.1931043	-1.1536735
9147005	18908	4.352112	-1.0281082
9147005	18909	4.688086	-1.1356624
9147005	18910	4.6343927	-1.0419177
9147005	18911	4.480912	-0.98308325
9147005	18912	4.214471	-0.7910215
9147005	18913	4.1722684	-0.906322
9147005	18914	4.003769	-0.7295005
9147005	18915	4.285402	-0.967093
9147005	18916	4.232387	-0.8952254
9147005	18917	3.6380792	-0.5855367
9147005	18918	3.9308715	-0.7577721
9147005	18919	3.9873838	-0.6685777
9147005	18920	3.978981	-0.8117424
9147005	18921	4.0499606	-0.8033401
9147005	18922	4.00593	-0.80145395
9147005	18923	4.003088	-0.7985346
9147005	18924	4.1735263	-0.8855574
9147005	18925	4.106331	-0.8899595
9147005	18926	4.1669755	-0.9059243
9147005	18927	4.360341	-1.0507511
9147005	18928	4.3373246	-1.0259603
9147005	18929	4.196859	-0.9635241
9147005	18930	4.318513	-1.0663296
9147005	18931	4.3189073	-1.0472451
9147005	18932	4.2858434	-0.95928335
9147005	18933	4.1587944	-0.930111
9147005	18934	4.2659674	-1.0203
9147005	18935	4.2688055	-0.9787791
9147005	18936	4.2539353	-0.9767746
9147005	18937	3.9476123	-0.7330919
9147005	18938	3.9462729	-0.75591636
9147005	18939	3.4343567	-0.27651286
9147005	18940	3.5181398	-0.43228817
9147005	18941	3.5581288	-0.40029547
9147005	18942	3.6262755	-0.43332648
9147005	18943	3.5992575	-0.4014631
9147005	18944	3.5891619	-0.38545412
9147005	18945	3.2649937	-0.07251933
9147005	18946	3.5351543	-0.37788376
9147005	18947	3.3291516	-0.09293985
9147005	18948	3.097877	0.033270806
9147005	18949	2.980782	0.13670173
9147005	18950	3.290856	-0.19748384
9147005	18951	3.4308543	-0.27209818
9147005	18952	3.4430747	-0.26420695
9147005	18953	3.5195355	-0.28728124
9147005	18954	3.4080935	-0.23684043
9147005	18955	3.5675654	-0.35256454
9147005	18956	3.5859065	-0.32848015
9147005	18957	3.5784564	-0.3316056
9147005	18958	3.5529828	-0.30165958
9147005	18959	3.5431523	-0.2976181
9147005	18960	3.7706017	-0.4862822
9147005	18961	3.8362846	-0.48117065
9147005	18962	3.86305	-0.5548011
9147005	18963	3.8389459	-0.504244
9147005	18964	3.466762	-0.17600745
9147005	18965	3.7426386	-0.47297975
9147005	18966	3.6545587	-0.28316766
9147005	18967	3.7845945	-0.52634096
9147005	18968	3.7619066	-0.43522358
9147005	18969	3.5941577	-0.24636753
9147005	18970	3.397622	-0.16408029
9147005	18971	3.400055	-0.14783067
9147005	18972	2.7279744	0.44968578
9147005	18973	2.8530655	0.34892878
9147005	18974	3.0586643	0.15496865
9147005	18975	2.314889	0.80284226
9147005	18976	2.1652555	0.92879164
9147005	18977	2.8589268	0.22219923
9147005	18978	3.0685391	0.12437138
9147005	18979	2.8966484	0.21650282
9147005	18980	3.2254734	-0.043343395
9147005	18981	3.3320622	-0.06964508
9147005	18982	3.3797317	-0.10836601
9147005	18983	3.3785248	-0.07651308
9147005	18984	3.3960562	-0.09872684
9147005	18985	3.780336	-0.43027478
9147005	18986	3.835822	-0.3756026
9147005	18987	3.4375558	-0.072137505
9147005	18988	2.9882016	0.31351206
9147005	18989	2.6626067	0.5323447
9147005	18990	3.2500744	-0.038986385
9147005	18991	3.3522968	-0.017503172
9147005	18992	3.4506283	-0.17446345
9147005	18993	3.5830574	-0.15929437
9147005	18994	3.3721576	-0.22011293
9147005	18995	3.0121217	0.31011185
9147005	18996	3.5062485	-0.19858652
9147005	18997	2.970418	0.36712632
9147005	18998	3.4837599	-0.2107001
9147005	18999	3.3173437	0.085669726
9147005	19000	2.9763699	0.33908066
9147005	19001	3.2837362	0.002627194
9147005	19002	3.0446153	0.30371222
9147005	19003	3.2691202	-0.007544756
9147005	19004	3.1623912	0.03048405
9147005	19005	3.2447934	0.031085104
9147005	19006	3.1840034	0.17079434
9147005	19007	3.0059013	0.102582246
9147005	19008	2.9272985	0.32217
9147005	19009	3.1832743	0.03639537
9147005	19010	2.652586	0.43302444
9147005	19011	2.8181005	0.2676132
9147005	19012	2.526804	0.6232141
9147005	19013	2.8710718	0.24675205
9147005	19014	3.0145674	0.19143555
9147005	19015	2.6201005	0.5938003
9147005	19016	2.9561462	0.22212401
9147005	19017	3.077787	0.16820303
9147005	19018	3.0850582	0.17737046
9147005	19019	3.1585464	0.15504918
9147005	19020	3.5764146	-0.26911363
9147005	19021	3.6514406	-0.15468326
9147005	19022	3.6668048	-0.26173973
9147005	19023	3.850102	-0.3822556
9147005	19024	3.7977471	-0.35587573
9147005	19025	3.1895962	0.030366361
9147005	19026	3.3393745	0.03890404
9147005	19027	3.6030107	-0.34331685
9147005	19028	4.137688	-0.7669428
9147005	19029	3.6627908	-0.22549748
9147005	19030	3.4097276	-0.10082045
9147005	19031	3.4000144	-0.08660263
9147005	19032	3.4068594	-0.06914365
9147005	19033	2.7227345	0.44707093
9147005	19034	2.7272062	0.49337855
9147005	19035	3.0109124	0.19632223
9147005	19036	3.1139688	0.15426925
9147005	19037	3.1500483	0.16428384
9147005	19038	3.2043772	0.04771313
9147005	19039	3.1073985	0.14443919
9147005	19040	3.2525826	0.043510526
9147005	19041	3.1325555	0.162886
9147005	19042	2.5401974	0.7394924
9147005	19043	2.3532848	0.8359622
9147005	19044	2.0321198	1.084489
9147005	19045	1.2657422	1.8349025
9147005	19046	1.1264663	2.1430697
9147005	19047	1.3970672	1.7140422
9147005	19048	1.2945838	1.8156965
9147005	19049	1.0205405	2.2164617
9147005	19050	0.8266742	2.497918
9147005	19051	1.0340524	2.217502
9147005	19052	0.822495	2.4383173
9147005	19053	1.0505909	2.1866474
9147005	19054	1.2775866	1.8375287
9147005	19055	1.1496735	2.0575082
9147005	19056	1.0633769	2.1725588
9147005	19057	1.2535422	1.9495733
9147005	19058	1.3896186	1.7348378
9147005	19059	0.94055367	2.354833
9147005	19060	0.9244368	2.3397727
9147005	19061	1.1620787	2.050508
9147005	19062	0.95316076	2.2889752
9147005	19063	1.4699324	1.6836154
9147005	19064	1.4650949	1.7410853
9147005	19065	0.9303551	2.4061747
9147005	19066	0.8930448	2.4985223
9147005	19067	1.4661319	1.7232325
9147005	19068	1.9685994	1.2247127
9147005	19069	1.7542256	1.5964558
9147005	19070	1.4183061	1.9472697
9147005	19071	0.82138515	2.4979975
9147005	19072	0.9313892	2.4697008
9147005	19073	0.80845463	2.5515509
9147005	19074	0.71333134	2.6661797
9147005	19075	0.50033736	2.9008026
9147005	19076	0.5526782	2.8763375
9147005	19077	0.49592102	2.8896236
9147005	19078	0.37637484	3.0960422
9147005	19079	0.3793134	3.113814
9147005	19080	0.26627684	3.151975
9147005	19081	0.2689613	3.3016708
9147005	19082	0.12221193	3.4497538
9147005	19083	0.048449337	3.468956
9147005	19084	0.055383027	3.5361302
9147005	19085	0.029512227	3.5648444
9147005	19086	0.036224842	3.6680677
9147005	19087	0.34626627	1.1775186
9147005	19088	2.1146708	0.7180283
9147005	19089	2.31136	0.558604
9147005	19090	2.436296	0.5280378
9147005	19091	2.2668853	0.74772406
9147005	19092	1.8138484	1.1473818
9147005	19093	1.8082956	1.1296511
9147005	19094	1.4162158	1.3578502
9147005	19095	1.4284399	1.3127987
9147005	19096	0.8117497	2.0487595
9147005	19097	0.79873335	2.0011299
9147005	19098	0.7411252	1.9876978
9147005	19099	0.75244856	2.0036528
9147005	19100	1.4048861	1.2167611
9147005	19101	1.2572557	1.5148664
9147005	19102	1.7771279	0.99054575
9147005	19103	1.5903989	1.2921414
9147005	19104	1.9203576	0.8944721
9147005	19105	1.4538475	1.4942758
9147005	19106	1.7041825	1.1961936
9147005	19107	1.3604025	1.5930073
9147005	19108	0.8158958	2.1942568
9147005	19109	1.0164932	1.930583
9147005	19110	1.0011365	1.779273
9147005	19111	0.97487223	1.9717891
9147005	19112	0.6907207	2.257556
9147005	19113	0.320346	2.8101697
9147005	19114	0.13714635	2.964085
9147005	19115	0.49379754	2.5973473
9147005	19116	0.43046224	2.6321554
9147005	19117	0.597173	2.3736115
9147005	19118	0.1944195	2.893625
9147005	19119	0.49118066	2.6319442
9147005	19120	0.42217946	0.42811564
9147005	19121	0.94534636	-0.0012586117
9147005	19122	2.6905007	-0.07795003
9147005	19123	2.7147007	0.13700363
9147005	19124	2.927671	-0.049841255
9147005	19125	2.4967756	0.36228225
9147005	19126	2.4347353	0.38048527
9147005	19127	2.0800772	0.80439425
9147005	19128	1.3043544	1.450137
9147005	19129	1.487183	1.2557852
9147005	19130	1.1401265	1.6552367
9147005	19131	1.1381494	1.6118262
9147005	19132	1.1371325	1.6154726
9147005	19133	1.1296216	1.6383336
9147005	19134	1.1310914	1.6545806
9147005	19135	1.0087919	1.8587177
9147005	19136	0.8152714	2.1627557
9147005	19137	1.1033603	1.8793828
9147005	19138	0.9405618	2.0694475
9147005	19139	1.565327	1.3099303
9147005	19140	1.9901856	0.9550015
9147005	19141	1.7910966	1.2788799
9147005	19142	2.0224156	1.0447007
9147005	19143	1.7375275	1.3594849
9147005	19144	1.9922749	1.0343262
9147005	19145	2.0239997	1.0538095
9147005	19146	1.8910154	1.2187712
9147005	19147	1.9242657	1.0868899
9147005	19148	1.8639566	1.2770485
9147005	19149	2.106522	0.87553716
9147005	19150	2.111405	0.9658716
9147005	19151	1.6358665	1.4806402
9147005	19152	1.3442979	1.6821346
9147005	19153	2.367075	0.62913346
9147005	19154	2.3131924	0.9426352
9147005	19155	1.7651554	1.4434868
9147005	19156	1.7637888	1.3468872
9147005	19157	1.8462898	1.2230538
9147005	19158	2.0964994	1.019209
9147005	19159	1.8143858	1.3061211
9147005	19160	2.0477219	1.1608987
9147005	19161	2.102262	1.0226086
9147005	19162	2.1093054	1.0468321
9147005	19163	2.1306114	1.033431
9147005	19164	2.187508	0.9850253
9147005	19165	1.6580487	1.4951981
9147005	19166	1.9613856	1.2900883
9147005	19167	2.3595266	0.9313867
9147005	19168	2.653235	0.5845784
9147005	19169	3.371523	0.0028146505
9147005	19170	2.8864536	0.5283735
9147005	19171	3.4938836	-0.09950435
9147005	19172	3.0030193	0.43518594
9147005	19173	3.4522405	-0.07151222
9147005	19174	3.3168888	0.1507934
9147005	19175	3.5304933	-0.08604133
9147005	19176	3.2708921	0.16429695
9147005	19177	3.2393107	0.11746463
9147005	19178	3.229929	0.12495318
9147005	19179	3.376328	-0.018508226
9147005	19180	3.1955147	0.15803358
9147005	19181	3.4012804	-0.06609982
9147005	19182	2.8709812	0.41233215
9147005	19183	3.3359652	-0.11042702
9147005	19184	2.8658733	0.39735225
9147005	19185	3.3230276	-0.11287558
9147005	19186	3.1325264	0.16502282
9147005	19187	3.3181076	-0.05463344
9147005	19188	3.1475205	0.13430813
9147005	19189	3.093595	0.12749746
9147005	19190	3.0640306	0.15439501
9147005	19191	3.2871957	-0.05383557
9147005	19192	2.9998112	0.1905702
9147005	19193	2.7550392	0.39550045
9147005	19194	2.331038	0.6145426
9147005	19195	2.1831088	0.758366
9147005	19196	2.441475	0.44348386
9147005	19197	2.4476933	0.42970958
9147005	19198	2.7864976	0.031115472
9147005	19199	2.893447	0.12870494
9147005	19200	2.6888447	0.25481865
9147005	19201	2.5831776	0.30180278
9147005	19202	2.6834998	0.27763548
9147005	19203	2.6068735	0.3132293
9147005	19204	2.5073256	0.5032402
9147005	19205	2.5134377	0.37983903
9147005	19206	2.6600733	0.23546788
9147005	19207	1.8057767	1.0766515
9147005	19208	1.9247462	0.9982698
9147005	19209	2.7552404	0.054917485
9147005	19210	3.592259	-0.3581785
9147005	19211	1.223933	-0.6257485
9147005	19212	0.8849703	-0.36887103
9147005	19213	0.9213433	1.2565619
9147005	19214	0.8781246	1.4146394
9147005	19215	0.010453999	2.7216973
9147005	19216	0.442658	2.1080232
9147005	19217	0.44651234	2.003429
9147005	19218	0.34621543	2.2359216
9147005	19219	0.45956945	2.0609446
9147005	19220	0.034487963	2.5575995
9147005	19221	0.033095896	2.6581166
9147005	19222	-0.15599975	2.8954513
9147005	19223	0.053993404	2.6323586
9147005	19224	-0.09898254	2.8338187
9147005	19225	-0.06077686	2.8557959
9147005	19226	-0.10901946	2.8276582
9147005	19227	-0.06021601	2.8584142
9147005	19228	0.0258466	2.6625261
9147005	19229	0.14512932	2.613865
9147005	19230	0.35471034	2.2427392
9147005	19231	0.05942619	2.6683874
9147005	19232	-0.06384367	2.7908275
9147005	19233	-0.07377714	2.8741846
9147005	19234	-0.013632268	2.7408652
9147005	19235	-0.082653254	2.9900014
9147005	19236	0.00620538	2.7467978
9147005	19237	-0.1312075	3.0540416
9147005	19238	-0.058083415	2.8614516
9147005	19239	-0.16141269	3.1199667
9147005	19240	0.17210048	2.5050755
9147005	19241	-0.01706919	2.7552562
9147005	19242	-0.03500825	2.9907892
9147005	19243	0.11145377	2.5557003
9147005	19244	0.13542908	2.606926
9147005	19245	-0.017641783	2.8079834
9147005	19246	-0.011999637	2.871328
9147005	19247	-0.07944918	2.8260937
9147005	19248	0.42005783	2.1540112
9147005	19249	0.65967095	1.9188595
9147005	19250	0.52701557	2.1957324
9147005	19251	1.0342044	1.6044915
9147005	19252	1.551216	1.2237833
9147005	19253	1.440643	1.4828923
9147005	19254	1.5262524	1.2930796
9147005	19255	1.6546932	1.090018
9147005	19256	1.6941377	1.2699561
9147005	19257	1.8652252	0.9538801
9147005	19258	2.553619	0.2104663
9147005	19259	2.5302815	0.5869994
9147005	19260	2.9864106	-0.0105164945
9147005	19261	2.1755252	0.78799474
9147005	19262	2.5192518	0.36213455
9147005	19263	2.2402687	0.7036755
9147005	19264	1.0231898	1.863642
9147005	19265	0.9322561	2.0811539
9147005	19266	1.285185	1.6039538
9147005	19267	1.772158	-0.7042668
9147005	19268	1.8349046	-0.9984387
9147005	19269	2.5103998	-1.5019323
9147005	19270	1.4018357	0.7651148
9147005	19271	2.2308345	0.32658198
9147005	19272	1.8904687	0.7162529
9147005	19273	1.6017071	1.039514
9147005	19274	2.4547925	0.25184324
9147005	19275	2.8543596	-0.13195315
9147005	19276	2.182764	0.64812255
9147005	19277	2.6824317	0.08551547
9147005	19278	3.2071443	-0.23801523
9147005	19279	2.8339167	0.17207679
9147005	19280	2.725884	0.26596245
9147005	19281	2.6223793	0.21189883
9147005	19282	2.5625591	0.3239936
9147005	19283	2.620863	0.28884777
9147005	19284	2.6867237	0.2102333
9147005	19285	2.4824042	0.36145732
9147005	19286	2.4073396	0.38551345
9147005	19287	2.4227023	0.3379266
9147005	19288	2.4134955	0.3797151
9147005	19289	2.5387034	0.3307152
9147005	19290	2.4152603	0.34689555
9147005	19291	2.5523643	0.3315483
9147005	19292	2.496193	0.37417814
9147005	19293	2.3516364	0.42413494
9147005	19294	2.4811997	0.3642318
9147005	19295	2.546039	0.3035724
9147005	19296	2.3694239	0.4319174
9147005	19297	2.3622408	0.4587871
9147005	19298	2.4499063	0.3486959
9147005	19299	2.3235898	0.4650189
9147005	19300	2.2736259	0.45168748
9147005	19301	2.3963556	0.41351345
9147005	19302	2.26191	0.55134976
9147005	19303	2.14185	0.58532715
9147005	19304	2.0882273	0.58211195
9147005	19305	2.1176252	0.5799867
9147005	19306	2.1419716	0.5419328
9147005	19307	2.093474	0.58988285
9147005	19308	2.263308	0.5066254
9147005	19309	2.3371048	0.4343944
9147005	19310	2.3892684	0.4413508
9147005	19311	2.2406592	0.51173997
9147005	19312	2.1633701	0.5541687
9147005	19313	2.1861587	0.5466002
9147005	19314	2.2269979	0.54484475
9147005	19315	2.3168664	0.43481675
9147005	19316	2.2363558	0.61075866
9147005	19317	2.1227431	0.635128
9147005	19318	2.2208805	0.5118793
9147005	19319	2.0256457	0.64628506
9147005	19320	1.9343427	0.6959032
9147005	19321	2.1854815	0.5346384
9147005	19322	2.1081686	0.62717676
9147005	19323	2.0966454	0.6113013
9147005	19324	2.1213617	0.58873844
9147005	19325	2.2828403	0.51224387
9147005	19326	2.1518202	0.57914996
9147005	19327	2.328381	0.49074534
9147005	19328	2.2571063	0.55548227
9147005	19329	2.253622	0.5147561
9147005	19330	2.1739016	0.5766002
9147005	19331	2.2281947	0.57638395
9147005	19332	2.3064446	0.47600284
9147005	19333	2.1490483	0.5973829
9147005	19334	2.0785546	0.62446463
9147005	19335	2.099886	0.61683214
9147005	19336	2.1355762	0.5829463
9147005	19337	2.0975552	0.6019542
9147005	19338	2.075943	0.64917386
9147005	19339	2.0975537	0.61016774
9147005	19340	2.099598	0.6238799
9147005	19341	2.1057844	0.5957271
9147005	19342	2.1872406	0.6091665
9147005	19343	2.2515945	0.51495206
9147005	19344	2.1213117	0.62270164
9147005	19345	2.0234895	0.64579344
9147005	19346	2.1735425	0.5911529
9147005	19347	2.2344308	0.51963603
9147005	19348	2.1358466	0.5986631
9147005	19349	2.1077766	0.66746306
9147005	19350	2.060864	0.6988412
9147005	19351	2.0159407	0.67128956
9147005	19352	2.2013388	0.56295955
9147005	19353	2.0703344	0.6742532
9147005	19354	2.040824	0.64987254
9147005	19355	2.0685668	0.69746923
9147005	19356	2.1468306	0.58913374
9147005	19357	2.1160388	0.6642648
9147005	19358	2.125967	0.59882236
9147005	19359	2.072352	0.65559435
9147005	19360	2.0340176	0.6681688
9147005	19361	2.7216954	0.13795665
9147005	19362	2.3742476	0.5051478
9147005	19363	3.1450129	-0.24268925
9147005	19364	2.7831283	0.14538434
9147005	19365	3.5317688	-0.54008555
9147005	19366	2.7702827	0.065645605
9147005	19367	2.3524442	0.35507795
9147005	19368	2.4810958	0.21807751
9147005	19369	2.4041243	0.36089775
9147005	19370	2.1836276	0.49545065
9147005	19371	2.2493105	0.36567876
9147005	19372	2.301756	0.43813816
9147005	19373	2.32729	0.35957184
9147005	19374	2.270341	0.46905908
9147005	19375	2.926344	-0.16998574
9147005	19376	3.612331	-0.53500926
9147005	19377	3.0296144	-0.0097595155
9147005	19378	2.884893	0.039836824
9147005	19379	2.8207264	0.07601848
9147005	19380	2.3123255	0.49983785
9147005	19381	2.6763048	0.14810947
9147005	19382	2.886993	-0.011333376
9147005	19383	2.955812	-6.613135e-05
9147005	19384	2.9765124	0.001716882
9147005	19385	2.9506497	0.032224864
9147005	19386	2.9767156	0.010296792
9147005	19387	2.996706	-0.0012726784
9147005	19388	2.8937063	0.16397288
9147005	19389	2.870551	0.13748375
9147005	19390	2.938305	0.111412615
9147005	19391	3.4480586	-0.2693465
9147005	19392	4.1593556	-0.8205242
9147005	19393	4.478398	-0.92908347
9147005	19394	4.611729	-1.0162277
9147005	19395	5.06934	-2.4143324
9147005	19396	3.5496154	-0.1494025
9147005	19397	2.6239643	0.37039676
9147005	19398	2.564433	0.5739981
9147005	19399	2.710003	0.401944
9147005	19400	2.8862014	0.20404574
9147005	19401	2.415173	0.6369585
9147005	19402	2.720058	0.3371611
9147005	19403	2.5951977	0.4800652
9147005	19404	2.7990432	0.31127104
9147005	19405	2.959937	0.21687034
9147005	19406	2.9081469	0.26911572
9147005	19407	3.184874	0.035203934
9147005	19408	3.0781608	0.14855441
9147005	19409	2.9405975	0.25028685
9147005	19410	3.3226552	-0.12630677
9147005	19411	3.4571662	-0.16398412
9147005	19412	3.0291767	0.07203707
9147005	19413	3.3898153	-0.2464047
9147005	19414	3.1577816	0.1428422
9147005	19415	2.1794705	0.75137055
9147005	19416	2.1046343	0.92912555
9147005	19417	1.7876271	1.1907774
9147005	19418	1.9988271	0.99210703
9147005	19419	2.6189137	0.49215153
9147005	19420	3.002028	0.14914659
9147005	19421	3.0462275	0.21884194
9147005	19422	3.2141266	-0.057525635
9147005	19423	3.605874	-0.19612664
9147005	19424	3.6365185	-0.40153402
9147005	19425	3.6847897	-0.2835635
9147005	19426	3.4693775	-0.17944938
9147005	19427	3.586226	-0.20543686
9147005	19428	3.358923	-0.080774814
9147005	19429	3.6189494	-0.19364464
9147005	19430	3.3995967	-0.13388357
9147005	19431	3.7961283	-0.5038597
9147005	19432	3.9097939	-0.4986818
9147005	19433	3.750898	-0.40808144
9147005	19434	3.5926175	-0.29167873
9147005	19435	3.6228938	-0.31167218
9147005	19436	3.666638	-0.3619455
9147005	19437	3.7899652	-0.39067486
9147005	19438	3.4161887	-0.042737186
9147005	19439	3.76298	-0.3543622
9147005	19440	3.4867892	-0.06853679
9147005	19441	3.8109612	-0.3708507
9147005	19442	3.875113	-0.39517027
9147005	19443	3.8407173	-0.40845162
9147005	19444	3.5772972	-0.17145494
9147005	19445	3.807088	-0.32172745
9147005	19446	3.8923092	-0.4480718
9147005	19447	3.9739685	-0.60521793
9147005	19448	4.0282907	-0.5471712
9147005	19449	4.0259657	-0.5846047
9147005	19450	3.6827154	-0.26932466
9147005	19451	3.9888096	-0.49497896
9147005	19452	4.0072	-0.6513421
9147005	19453	4.1067047	-0.6285728
9147005	19454	3.907198	-0.52396953
9147005	19455	3.4541392	-0.04448068
9147005	19456	3.7486153	-0.51846844
9147005	19457	3.460845	-0.087640285
9147005	19458	3.661622	-0.36222097
9147005	19459	3.4695354	-0.09572789
9147005	19460	3.6564407	-0.3664314
9147005	19461	4.058514	-0.6378455
9147005	19462	3.6913247	-0.26627946
9147005	19463	3.609789	-0.2618792
9147005	19464	3.6970143	-0.33616456
9147005	19465	3.9995217	-0.5745634
9147005	19466	3.829977	-0.42254117
9147005	19467	3.8623657	-0.45053303
9147005	19468	3.8258495	-0.42906895
9147005	19469	3.8281622	-0.40154648
9147005	19470	3.6932845	-0.26853412
9147005	19471	3.8169851	-0.3681203
9147005	19472	3.7454634	-0.3115639
9147005	19473	3.7742786	-0.32130376
9147005	19474	3.849811	-0.40570334
9147005	19475	3.7910552	-0.35655206
9147005	19476	3.7706985	-0.30152214
9147005	19477	2.6846218	0.63376606
9147005	19478	2.5338454	0.68270385
9147005	19479	2.4836297	0.77780426
9147005	19480	3.1075454	0.116520435
9147005	19481	3.290143	0.07470772
9147005	19482	3.175911	0.20439264
9147005	19483	3.4634748	-0.1431078
9147005	19484	3.7505097	-0.29266405
9147005	19485	3.161182	0.25117037
9147005	19486	3.566506	-0.21735007
9147005	19487	2.534679	0.6983173
9147005	19488	1.77711	1.4365244
9147005	19489	0.78327835	2.70695
9147005	19490	0.8023523	3.2428925
9147005	19491	0.50245965	3.5031207
9147005	19492	0.83830845	3.1509027
9147005	19493	1.0122006	2.8998876
9147005	19494	1.7120377	1.9150021
9147005	19495	1.7722365	1.8093379
9147005	19496	1.1162119	2.4718041
9147005	19497	1.5250334	2.012069
9147005	19498	1.5020646	1.8985655
9147005	19499	1.5318006	1.8991868
9147005	19500	1.5316344	1.8489347
9147005	19501	1.5772895	1.783097
9147005	19502	1.450616	1.879761
9147005	19503	1.3743068	1.8677955
9147005	19504	1.4901624	1.6875303
9147005	19505	1.8489827	1.3236446
9147005	19506	1.7699198	1.4289081
9147005	19507	1.4199746	1.7922449
9147005	19508	1.9411446	1.4154596
9147005	19509	2.2752247	0.9344065
9147005	19510	2.6873045	0.5266093
9147005	19511	2.447218	0.7300432
9147005	19512	2.6455536	0.53682566
9147005	19513	2.0024633	1.0083389
9147005	19514	2.3438988	0.76082766
9147005	19515	2.746212	0.45652285
9147005	19516	2.6695843	0.5791255
9147005	19517	1.834021	1.3033264
9147005	19518	1.9794539	1.1103483
9147005	19519	2.2831454	0.87029004
9147005	19520	2.3048525	0.9875877
9147005	19521	1.7877356	1.4012743
9147005	19522	2.4899068	0.65799546
9147005	19523	2.8183293	0.5443026
9147005	19524	2.4858847	0.73681986
9147005	19525	2.5118632	0.6547657
9147005	19526	2.5317774	0.60450006
9147005	19527	2.0929475	1.0080976
9147005	19528	2.3232994	0.78101075
9147005	19529	2.5893192	0.5199021
9147005	19530	2.6660728	0.48538855
9147005	19531	2.1273336	0.9027848
9147005	19532	2.1714454	0.7853975
9147005	19533	2.5461526	0.46025857
9147005	19534	2.8806872	0.22612622
9147005	19535	2.7077112	0.37412307
9147005	19536	2.367764	0.6325797
9147005	19537	2.5378733	0.47521153
9147005	19538	2.8773174	0.31173488
9147005	19539	2.616644	0.53822196
9147005	19540	2.8058896	0.26900837
9147005	19541	3.054544	0.31211922
9147005	19542	2.866231	0.13264993
9147005	19543	3.1232824	0.20714787
9147005	19544	2.118988	0.87500525
9147005	19545	2.4677324	0.74776924
9147005	19546	2.8675199	0.44352064
9147005	19547	2.938644	0.3353987
9147005	19548	2.9023266	0.124331206
9147005	19549	3.1191792	0.13518104
9147005	19550	2.758358	0.34004304
9147005	19551	3.2629142	0.0759829
9147005	19552	2.7319088	0.45926276
9147005	19553	3.0476356	0.252252
9147005	19554	2.9362907	0.42212477
9147005	19555	2.846991	0.4350005
9147005	19556	2.828157	0.52714777
9147005	19557	2.971919	0.39838806
9147005	19558	3.184566	0.25030538
9147005	19559	2.8888893	0.5290152
9147005	19560	3.035935	0.34367457
9147005	19561	2.939228	0.48941556
9147005	19562	2.9303098	0.4916056
9147005	19563	2.4983692	0.92449355
9147005	19564	1.7802428	1.5789688
9147005	19565	1.4187353	1.9456778
9147005	19566	1.4267237	1.8919156
9147005	19567	1.5605205	1.7900736
9147005	19568	1.5344995	-0.19601193
9147005	19569	1.3751388	-0.20915309
9147005	19570	3.3489594	-0.21637703
9147005	19571	2.802434	0.18024495
9147005	19572	2.6045976	0.28925094
9147005	19573	2.6406393	0.23649958
9147005	19574	2.634644	0.18601087
9147005	19575	2.7206225	0.24081984
9147005	19576	2.798901	0.1768693
9147005	19577	3.0560465	0.03689146
9147005	19578	3.121252	-0.020572841
9147005	19579	3.2146149	-0.072200924
9147005	19580	3.2362804	-0.087025404
9147005	19581	3.1639662	-0.09363341
9147005	19582	3.140553	-0.06329128
9147005	19583	3.0984602	-0.03408459
9147005	19584	2.9994988	0.056570917
9147005	19585	3.0909934	-0.04686451
9147005	19586	3.0479903	0.024788529
9147005	19587	3.0138774	0.026698679
9147005	19588	3.0110402	0.05155298
9147005	19589	2.8365445	0.16245785
9147005	19590	2.7851963	0.21586767
9147005	19591	2.821859	0.18963471
9147005	19592	2.6927934	0.32119814
9147005	19593	2.6944857	0.31193545
9147005	19594	3.064681	0.013298541
9147005	19595	2.7052727	0.40356848
9147005	19596	2.9373431	0.093634635
9147005	19597	3.2920198	-0.14537364
9147005	19598	3.7462234	-0.53539467
9147005	19599	3.4804068	-0.20448866
9147005	19600	3.5972204	-0.41166285
9147005	19601	3.830093	-0.50954515
9147005	19602	3.8448997	-0.5511836
9147005	19603	3.6764517	-0.35653168
9147005	19604	3.6812744	-0.45287147
9147005	19605	3.657226	-0.37204137
9147005	19606	3.6688418	-0.41199458
9147005	19607	3.6937823	-0.4152819
9147005	19608	3.680283	-0.40920693
9147005	19609	3.671556	-0.41139176
9147005	19610	3.6838841	-0.40438524
9147005	19611	3.6785622	-0.41252983
9147005	19612	3.3835392	-0.1752935
9147005	19613	3.2926955	-0.12902331
9147005	19614	3.3442416	-0.13427621
9147005	19615	3.0432968	0.11232844
9147005	19616	3.3064098	-0.08557209
9147005	19617	3.2715893	-0.03736666
9147005	19618	3.3833494	-0.1380479
9147005	19619	3.07827	0.1920788
9147005	19620	3.2820473	-0.12730688
9147005	19621	3.4237761	-0.12319732
9147005	19622	3.3949232	-0.10534844
9147005	19623	3.3750482	-0.10889998
9147005	19624	3.324789	-0.06460363
9147005	19625	3.4274569	-0.13787347
9147005	19626	3.45749	-0.15713874
9147005	19627	3.4133792	-0.11788431
9147005	19628	3.3966508	-0.10564956
9147005	19629	3.183567	0.10865536
9147005	19630	3.0954084	0.14907107
9147005	19631	3.1567297	0.10572812
9147005	19632	3.2879024	-0.0063830614
9147005	19633	3.2728357	0.019867897
9147005	19634	3.307455	-0.0091406405
9147005	19635	3.2419538	0.037354738
9147005	19636	3.9333053	-0.5450411
9147005	19637	4.2940826	-0.8150375
9147005	19638	4.326505	-0.7885518
9147005	19639	4.121332	-0.6556309
9147005	19640	3.788962	-0.4169413
9147005	19641	3.275012	0.12788257
9147005	19642	3.1152248	0.12911573
9147005	19643	3.1770124	0.16825333
9147005	19644	3.3293495	-0.04162222
9147005	19645	3.2852383	0.070096165
9147005	19646	3.056686	0.24956468
9147005	19647	2.1141753	1.0620741
9147005	19648	2.8580804	0.22660813
9147005	19649	3.314538	-0.050088108
9147005	19650	2.9250717	0.33678594
9147005	19651	2.6473455	0.48556092
9147005	19652	2.7818255	0.39539298
9147005	19653	3.0170503	0.19930407
9147005	19654	2.9093857	0.31728128
9147005	19655	3.0140963	0.13315865
9147005	19656	2.9223714	0.32459512
9147005	19657	3.0923176	0.08353683
9147005	19658	3.1841516	0.10798076
9147005	19659	2.9428954	0.27915213
9147005	19660	3.0280452	0.21086589
9147005	19661	3.0361238	0.21647683
9147005	19662	2.958589	0.28637972
9147005	19663	3.4230494	-0.14295846
9147005	19664	3.0298066	0.27021042
9147005	19665	2.8580089	0.38503596
9147005	19666	2.9496107	0.2997857
9147005	19667	3.1169944	0.14206484
9147005	19668	3.0285773	0.24225703
9147005	19669	3.0401778	0.25434867
9147005	19670	2.7349067	0.5424725
9147005	19671	2.4577818	0.7223816
9147005	19672	2.8716798	0.2906606
9147005	19673	3.2379656	0.09723142
9147005	19674	3.110324	0.24995509
9147005	19675	3.0751739	0.15083697
9147005	19676	3.2294312	0.12764785
9147005	19677	3.2847638	0.053859442
9147005	19678	3.6755242	-0.21988353
9147005	19679	3.6149764	-0.11195797
9147005	19680	3.4377098	-0.06582013
9147005	19681	3.5884576	-0.14701891
9147005	19682	3.3593664	0.06819603
9147005	19683	3.4757428	-0.115085304
9147005	19684	3.484017	-0.052829564
9147005	19685	3.382244	-0.0040589273
9147005	19686	2.8210077	0.48618093
9147005	19687	1.9095887	1.2294676
9147005	19688	2.0228953	1.1351671
9147005	19689	2.1031117	1.1301808
9147005	19690	1.9776274	1.133941
9147005	19691	1.7995442	1.3448696
9147005	19692	1.8562993	1.2513729
9147005	19693	1.5676545	1.5501599
9147005	19694	1.4620273	1.6951096
9147005	19695	1.3790568	1.7377174
9147005	19696	1.6987664	1.4263173
9147005	19697	1.780001	1.3940452
9147005	19698	1.495282	1.74055
9147005	19699	1.4284965	1.7210073
9147005	19700	1.6552256	1.3880329
9147005	19701	1.7844151	1.318537
9147005	19702	1.8818752	1.3477341
9147005	19703	2.3489943	0.8954809
9147005	19704	2.3173308	0.9915317
9147005	19705	2.1104727	1.1201473
9147005	19706	2.2496662	0.9152291
9147005	19707	1.3932042	1.8184733
9147005	19708	1.2896726	1.9712214
9147005	19709	1.6897017	1.4388393
9147005	19710	1.413524	1.7439766
9147005	19711	1.5586845	1.5711086
9147005	19712	1.6259879	1.538771
9147005	19713	1.5741545	1.6010115
9147005	19714	1.5649704	1.6166811
9147005	19715	1.5544459	1.6354134
9147005	19716	1.6814989	1.4739809
9147005	19717	1.438839	1.7998519
9147005	19718	1.5298971	1.6455119
9147005	19719	1.2555267	2.0151367
9147005	19720	1.073165	0.2231076
9147005	19721	1.2690182	-0.0682776
9147005	19722	3.2757716	-0.30795425
9147005	19723	3.415216	-0.24807216
9147005	19724	3.3550677	-0.20360944
9147005	19725	3.4389553	-0.25220978
9147005	19726	3.7725363	-0.47930026
9147005	19727	3.957725	-0.59474087
9147005	19728	3.8950028	-0.5241282
9147005	19729	4.0536456	-0.6698992
9147005	19730	3.865602	-0.53882194
9147005	19731	3.8320618	-0.5675407
9147005	19732	3.8989387	-0.62328786
9147005	19733	3.949759	-0.68940115
9147005	19734	3.921967	-0.7195722
9147005	19735	3.9298835	-0.74247015
9147005	19736	4.0881157	-0.90678656
9147005	19737	4.8516397	-1.5277141
9147005	19738	4.0500803	-1.8586401
9147005	19739	4.041172	-1.8937712
9147005	19740	2.8600087	-0.097982764
9147005	19741	2.6325188	0.055633456
9147005	19742	2.894144	-0.08561641
9147005	19743	2.8226814	0.026533365
9147005	19744	2.7363524	0.095412284
9147005	19745	2.9249926	-0.10383317
9147005	19746	3.2355247	-0.3345474
9147005	19747	2.7012734	0.122567624
9147005	19748	2.8466368	-0.062087923
9147005	19749	3.0667253	-0.11507541
9147005	19750	2.969121	-0.10964307
9147005	19751	1.1925685	-0.44706482
9147005	19752	0.75234103	-0.15762481
9147005	19753	1.2417243	1.114078
9147005	19754	1.151848	1.4755565
9147005	19755	0.9999393	1.6965442
9147005	19756	0.9684323	1.7490871
9147005	19757	0.97652555	1.7343166
9147005	19758	1.2899017	1.3922006
9147005	19759	1.3822812	1.3130951
9147005	19760	1.0702778	1.7794511
9147005	19761	1.2860439	1.4784378
9147005	19762	1.1926514	1.6625111
9147005	19763	1.4715705	1.3285244
9147005	19764	1.5499233	1.2701585
9147005	19765	1.6944736	1.1050578
9147005	19766	1.707471	1.1114588
9147005	19767	1.3820454	1.5355593
9147005	19768	1.3177133	1.4929327
9147005	19769	1.1447263	1.6787069
9147005	19770	1.0164683	1.8216641
9147005	19771	1.3527476	1.5472963
9147005	19772	1.3584306	1.4677885
9147005	19773	1.5741667	1.2326539
9147005	19774	1.4947175	1.4591135
9147005	19775	1.5750138	1.4360727
9147005	19776	1.6201555	1.3793337
9147005	19777	1.4679477	1.5452621
9147005	19778	1.3980337	1.6095302
9147005	19779	1.4369669	1.6269414
9147005	19780	1.5714141	1.3398075
9147005	19781	1.9828671	1.0636748
9147005	19782	1.5131234	1.4455602
9147005	19783	1.3223372	1.6081367
9147005	19784	1.4562422	1.4549298
9147005	19785	1.3806535	1.5403975
9147005	19786	1.5544285	1.424553
9147005	19787	1.7705568	1.2555625
9147005	19788	1.8446256	1.1958055
9147005	19789	1.9174994	1.2049545
9147005	19790	1.9082688	1.1681045
9147005	19791	1.9390675	1.0576689
9147005	19792	1.9611014	1.1589485
9147005	19793	1.914909	1.136234
9147005	19794	2.2534714	0.8869871
9147005	19795	1.7831546	1.4127845
9147005	19796	1.8657626	1.2188632
9147005	19797	1.6714641	1.4345337
9147005	19798	1.8885161	1.2202803
9147005	19799	1.7983795	1.2146825
9147005	19800	1.8992296	1.2309176
9147005	19801	1.9273394	1.258127
9147005	19802	2.0403633	1.1512839
9147005	19803	1.7477225	1.4688267
9147005	19804	2.1665678	0.902766
9147005	19805	2.2715373	0.91696477
9147005	19806	2.3013258	0.9081917
9147005	19807	2.2600446	0.9047892
9147005	19808	2.4208617	0.6953033
9147005	19809	2.6340542	0.584332
9147005	19810	2.6394143	0.5886673
9147005	19811	2.58923	0.6380092
9147005	19812	2.445189	0.7253909
9147005	19813	2.6580415	0.4981837
9147005	19814	3.0170183	0.25513795
9147005	19815	2.7809277	0.44137248
9147005	19816	3.2404718	0.19813904
9147005	19817	3.2550998	0.17454818
9147005	19818	3.5525584	-0.036378175
9147005	19819	3.5231447	-0.027537495
9147005	19820	3.4154243	0.08652088
9147005	19821	3.5258532	-0.1028882
9147005	19822	3.4300923	0.0616239
9147005	19823	3.5853715	-0.09668541
9147005	19824	3.450797	0.02874419
9147005	19825	3.6395288	-0.13328177
9147005	19826	3.5644064	-0.230696
9147005	19827	4.057276	-0.52891564
9147005	19828	4.2603774	-0.70898503
9147005	19829	4.1247745	-0.63974833
9147005	19830	3.4273996	-0.05203548
9147005	19831	3.454516	-0.27060294
9147005	19832	3.1555972	0.12495467
9147005	19833	3.4423614	-0.21111472
9147005	19834	3.7766085	-0.45066795
9147005	19835	3.2744355	-0.05828762
9147005	19836	3.6418943	-0.45404062
9147005	19837	3.4143257	-0.15536696
9147005	19838	3.2380667	-0.07205963
9147005	19839	3.000482	0.18547866
9147005	19840	2.303493	0.79216766
9147005	19841	1.6641527	1.321818
9147005	19842	1.7345353	1.3287555
9147005	19843	1.6870743	1.3597898
9147005	19844	1.4119807	1.661171
9147005	19845	1.2712747	1.7908704
9147005	19846	1.365308	1.734621
9147005	19847	1.6130949	1.3149346
9147005	19848	1.5733129	1.4571093
9147005	19849	1.6784784	1.3780653
9147005	19850	1.7283427	1.3233641
9147005	19851	1.7811998	1.2823645
9147005	19852	1.3879945	1.7839396
9147005	19853	1.8203436	1.3496289
9147005	19854	2.1242695	0.8315133
9147005	19855	2.5103703	0.6161262
9147005	19856	2.6104603	0.60391164
9147005	19857	2.5132685	0.59048855
9147005	19858	1.7890407	1.3674974
9147005	19859	1.9964818	1.1504887
9147005	19860	2.5049639	-0.9974803
9147005	19861	2.406238	-1.0935397
9147005	19862	2.330739	-0.94877565
9147005	19863	3.3928418	-0.24029182
9147005	19864	3.070006	-0.31070596
9147005	19865	3.1258097	-0.22501287
9147005	19866	3.4728928	-0.58767307
9147005	19867	1.3838915	-0.39740607
9147005	19868	1.5490285	-0.620905
9147005	19869	0.98998404	1.3151577
9147005	19870	0.928113	1.7479186
9147005	19871	0.53901017	2.2800004
9147005	19872	0.70817196	2.2308378
9147005	19873	0.84547114	2.0328526
9147005	19874	1.219791	1.58602
9147005	19875	0.92996085	1.9498641
9147005	19876	1.1421459	1.7131908
9147005	19877	1.1037962	1.7751658
9147005	19878	1.0909727	1.8067195
9147005	19879	1.161602	1.7347183
9147005	19880	1.0972339	1.8225975
9147005	19881	1.0469075	1.905761
9147005	19882	1.0463291	1.9039638
9147005	19883	1.0388917	1.9213629
9147005	19884	1.2369293	-0.3683101
9147005	19885	3.4415755	-0.48739403
9147005	19886	3.4534678	-0.24266182
9147005	19887	0.7668351	0.03796634
9147005	19888	0.7014644	0.14054206
9147005	19889	0.36026716	0.7111418
9147005	19890	2.4456863	0.19652131
9147005	19891	1.9987644	0.55524015
9147005	19892	1.8468035	0.59148455
9147005	19893	1.8457028	0.68478775
9147005	19894	1.9312822	0.54297614
9147005	19895	2.2733698	0.31374678
9147005	19896	2.066547	0.57825625
9147005	19897	2.1434999	0.44357726
9147005	19898	2.2153854	0.54945886
9147005	19899	2.5693703	0.17146626
9147005	19900	2.2352147	0.62821996
9147005	19901	2.0132241	0.6454849
9147005	19902	1.9238521	0.77322924
9147005	19903	2.2976017	0.3922828
9147005	19904	2.268412	0.55538857
9147005	19905	2.4435458	0.41686144
9147005	19906	1.7386881	1.1053283
9147005	19907	1.9547325	0.68180037
9147005	19908	1.9853517	0.77359676
9147005	19909	2.496235	0.33755192
9147005	19910	2.579575	0.35325304
9147005	19911	2.7380962	0.24159619
9147005	19912	2.265668	0.6983403
9147005	19913	2.620493	0.23866263
9147005	19914	3.1597486	-0.04434499
9147005	19915	2.1599488	0.85017204
9147005	19916	2.2966986	0.52912736
9147005	19917	2.4443645	0.47756103
9147005	19918	2.466919	0.48908952
9147005	19919	2.3292994	0.6103735
9147005	19920	2.123505	0.7207304
9147005	19921	1.9413456	0.8932204
9147005	19922	2.0901966	0.747439
9147005	19923	1.818381	1.0887972
9147005	19924	1.5731817	1.2128061
9147005	19925	1.4872503	1.2490289
9147005	19926	1.3767209	1.3579279
9147005	19927	1.2533364	1.5082011
9147005	19928	1.5307003	1.1873074
9147005	19929	1.4374171	1.3908907
9147005	19930	1.7359802	1.0595986
9147005	19931	2.4505978	0.3909305
9147005	19932	2.7012825	0.3277935
9147005	19933	2.685164	0.3778434
9147005	19934	2.7368002	0.3261359
9147005	19935	3.292479	-0.104469866
9147005	19936	3.2652988	-0.011251807
9147005	19937	2.8308358	0.39497814
9147005	19938	2.842958	0.25429174
9147005	19939	2.9445949	0.24949887
9147005	19940	2.9379592	0.23266748
9147005	19941	2.6604085	0.5074738
9147005	19942	2.3223343	0.7078396
9147005	19943	2.646192	0.38699755
9147005	19944	2.55435	0.609146
9147005	19945	2.188148	0.7907003
9147005	19946	2.512241	0.4862208
9147005	19947	2.3997126	0.7253152
9147005	19948	2.4783835	0.5021757
9147005	19949	2.6163588	0.51426685
9147005	19950	2.4442472	0.6567887
9147005	19951	2.1327553	0.92077804
9147005	19952	2.5822992	0.43371317
9147005	19953	2.6986985	0.5137776
9147005	19954	2.7466788	0.2963862
9147005	19955	2.4357848	0.6588572
9147005	19956	2.5291204	0.468331
9147005	19957	2.3829584	0.7314335
9147005	19958	2.3730545	0.6691108
9147005	19959	2.1899333	0.77457786
9147005	19960	2.6338067	0.47595403
9147005	19961	2.3935366	0.72056484
9147005	19962	2.4907303	0.36572966
9147005	19963	2.631208	0.46060506
9147005	19964	2.7699695	0.30216512
9147005	19965	2.5192099	0.49140856
9147005	19966	2.899641	0.123812765
9147005	19967	3.19489	0.022418767
9147005	19968	2.4491177	0.61395407
9147005	19969	2.2054448	0.6844307
9147005	19970	2.6975746	0.3059577
9147005	19971	2.8844156	0.24144158
9147005	19972	2.7556171	0.31294337
9147005	19973	2.887762	0.2267628
9147005	19974	2.7440052	0.4082323
9147005	19975	1.9574832	1.013504
9147005	19976	1.9288396	0.842276
9147005	19977	2.4159222	0.5159739
9147005	19978	2.6077566	0.3559161
9147005	19979	2.7120237	0.23301342
9147005	19980	2.3877935	0.59009254
9147005	19981	2.2957783	0.69695365
9147005	19982	2.3266354	0.7814226
9147005	19983	2.4757347	0.4363906
9147005	19984	2.062945	0.85868716
9147005	19985	1.9400328	0.86331606
9147005	19986	1.5161332	1.396376
9147005	19987	1.7432619	1.044499
9147005	19988	1.1101553	1.8622632
9147005	19989	1.282948	1.7001865
9147005	19990	1.3175881	1.5948727
9147005	19991	0.8600503	2.0500731
9147005	19992	1.362735	1.5728109
9147005	19993	1.3559296	1.625273
9147005	19994	1.4311246	1.4497342
9147005	19995	1.2245979	1.7050154
9147005	19996	1.300276	1.4729918
9147005	19997	1.6847874	1.071507
9147005	19998	2.049317	0.8345599
9147005	19999	1.4252586	1.4132594
