seq_ix	step_in_seq	t0	t1
1892371	99	-1.0675588	1.6789522
1892371	100	-1.0788743	1.6754348
1892371	101	-1.0315064	1.6361711
1892371	102	-1.0347795	1.5994451
1892371	103	-1.0520949	1.6225686
1892371	104	-1.0713902	1.6663916
1892371	105	-1.0717518	1.6615188
1892371	106	-1.1619654	1.7689209
1892371	107	-1.2257764	1.932823
1892371	108	-1.1922474	1.8864868
1892371	109	-1.1770442	1.8842826
1892371	110	-1.1655068	1.8869486
1892371	111	-1.1792879	1.8414226
1892371	112	-1.1871057	1.8828986
1892371	113	-1.1859837	1.8609536
1892371	114	-1.1820514	1.8653572
1892371	115	-1.1875343	1.8463767
1892371	116	-1.1992267	1.8994112
1892371	117	-1.1993716	1.8713036
1892371	118	-1.2005211	1.8937752
1892371	119	-1.1930497	1.8810163
1892371	120	-1.190583	1.8759918
1892371	121	-1.1606791	1.8173461
1892371	122	-1.0681744	1.6726673
1892371	123	-1.0715854	1.6413803
1892371	124	-1.0734193	1.644975
1892371	125	-1.058716	1.6152861
1892371	126	-0.8594246	1.1943036
1892371	127	-1.0512636	1.490869
1892371	128	-1.0223389	1.5023409
1892371	129	-1.0406715	1.5263261
1892371	130	-0.9084042	1.3120987
1892371	131	-1.1203394	1.6896079
1892371	132	-1.0742185	1.7121289
1892371	133	-1.0457363	1.694844
1892371	134	-1.021026	1.6811216
1892371	135	-1.2842617	2.0408928
1892371	136	-1.2214603	2.0095387
1892371	137	-1.1992478	1.9831297
1892371	138	-1.2559713	2.1125956
1892371	139	-1.6068273	2.8757882
1892371	140	-1.3654425	2.6558857
1892371	141	-1.2656695	2.1638796
1892371	142	-1.394135	2.4543655
1892371	143	-1.4251565	2.624217
1892371	144	-1.396683	2.6397521
1892371	145	-0.99237406	2.0671058
1892371	146	-1.5308425	2.789524
1892371	147	-1.4513037	2.8562758
1892371	148	-1.4261435	2.907282
1892371	149	-1.4334717	2.9264143
1892371	150	-1.6327667	3.195548
1892371	151	-1.6390046	3.4982998
1892371	152	-1.465885	3.21709
1892371	153	-1.5408448	3.2031116
1892371	154	-1.3836405	2.7780507
1892371	155	-1.5397966	3.3880746
1892371	156	-1.3722297	3.0667324
1892371	157	-1.4464538	3.0223303
1892371	158	-1.3092539	3.0155942
1892371	159	-1.502722	3.6082466
1892371	160	-0.7416584	2.0625684
1892371	161	-1.1302019	1.1898706
1892371	162	-0.9696213	0.9904711
1892371	163	0.91553617	0.21090874
1892371	164	0.67160606	0.33694604
1892371	165	0.6236026	0.22651574
1892371	166	0.6374731	0.15272692
1892371	167	0.58711696	0.1543428
1892371	168	0.54634583	0.16789064
1892371	169	0.5519372	0.10538551
1892371	170	0.573174	0.03977686
1892371	171	0.576313	0.0032167733
1892371	172	0.06781089	0.59589434
1892371	173	-0.21287644	0.8743607
1892371	174	-0.33885163	1.0432101
1892371	175	-0.340702	0.99717855
1892371	176	-0.33185914	0.96051073
1892371	177	-0.3731597	0.96661055
1892371	178	-0.30941266	0.9227984
1892371	179	-0.6228095	1.4886116
1892371	180	-0.8143297	1.7816694
1892371	181	-0.6904762	1.5902531
1892371	182	-0.66233015	1.5000112
1892371	183	-0.6665844	1.4864202
1892371	184	-0.67359245	1.4772083
1892371	185	-0.63531375	1.6150346
1892371	186	-0.6212743	1.4232919
1892371	187	-0.59159374	1.3603354
1892371	188	-0.60434467	1.5584671
1892371	189	-0.57678133	1.5449429
1892371	190	-0.6417279	1.6974247
1892371	191	-0.6288223	1.7999616
1892371	192	-0.51647323	1.712971
1892371	193	-0.13746443	1.1350223
1892371	194	0.07456511	0.70670664
1892371	195	-0.92250156	1.9120739
1892371	196	-0.4420163	1.5122395
1892371	197	-0.20438161	1.0306643
1892371	198	-0.73756456	1.6828864
1892371	199	-0.43259704	1.4486791
1892371	200	-0.47090614	1.4987798
1892371	201	-0.5144216	1.6133523
1892371	202	-0.41218314	1.2559571
1892371	203	-0.53493834	1.5949743
1892371	204	-0.6066413	1.7404046
1892371	205	-0.555434	1.4781975
1892371	206	-0.027711928	1.142572
1892371	207	-0.1973128	1.1716602
1892371	208	-0.6145634	1.7527137
1892371	209	-0.43240947	1.3116064
1892371	210	-0.29301935	1.218974
1892371	211	0.06009537	0.6275277
1892371	212	-0.34893185	1.0275362
1892371	213	-0.70000374	1.695663
1892371	214	-0.48202616	1.4539849
1892371	215	-0.5021621	1.4836111
1892371	216	-0.5323932	1.5946319
1892371	217	-0.5468354	1.6439116
1892371	218	-0.53064454	1.6379571
1892371	219	-0.56918603	1.6994627
1892371	220	-0.54521596	1.6831458
1892371	221	-0.58027637	1.7327907
1892371	222	-0.5489893	1.7058299
1892371	223	-0.64141554	2.001075
1892371	224	-0.7712179	2.1496477
1892371	225	-0.60287505	2.404741
1892371	226	-0.6119617	1.2113415
1892371	227	-1.1895094	1.4852465
1892371	228	-1.1796414	1.3046465
1892371	229	-1.1750758	1.4308523
1892371	230	0.028940082	0.6853162
1892371	231	0.3532732	0.22141466
1892371	232	0.44045442	0.07091418
1892371	233	0.4628842	0.002447486
1892371	234	0.4454897	-0.026599318
1892371	235	0.41014707	-0.06693554
1892371	236	0.39633083	-0.12800351
1892371	237	0.37553775	-0.16482368
1892371	238	0.351713	-0.21158811
1892371	239	0.34026235	-0.27722692
1892371	240	0.27737415	-0.2274558
1892371	241	0.4918486	-0.38374266
1892371	242	0.4953252	-0.47042978
1892371	243	0.47082585	-0.46390492
1892371	244	0.8212656	-0.78226006
1892371	245	0.8401232	-0.7524463
1892371	246	0.97671545	-0.76838475
1892371	247	1.0284147	-0.8354249
1892371	248	1.4207835	-1.1715504
1892371	249	0.58211935	-0.37290746
1892371	250	0.85475886	-0.8098679
1892371	251	0.7984841	-0.5976454
1892371	252	0.69220626	-0.4860808
1892371	253	0.91135204	-0.81968355
1892371	254	0.68661046	-0.60490227
1892371	255	0.6920842	-0.6949148
1892371	256	0.90283144	-0.94723815
1892371	257	1.134452	-1.04282
1892371	258	0.98573875	-0.8531666
1892371	259	1.259729	-1.0934143
1892371	260	1.5111395	-1.3985665
1892371	261	1.8165854	-1.4815947
1892371	262	1.5081695	-1.1594161
1892371	263	1.4459506	-1.1751935
1892371	264	0.90291286	-0.75706625
1892371	265	0.84390223	-0.8318087
1892371	266	0.8539531	-0.8650105
1892371	267	-0.038315535	0.044329554
1892371	268	-0.06494701	-0.02246219
1892371	269	-0.12130925	-0.0006148219
1892371	270	0.066292346	-0.26377493
1892371	271	-0.016055942	-0.17739114
1892371	272	-0.022853494	-0.19147962
1892371	273	-0.03588757	-0.20440781
1892371	274	-0.24438047	0.02556017
1892371	275	-0.3003841	0.075902075
1892371	276	-0.58473814	0.44746414
1892371	277	-0.7507985	0.69735897
1892371	278	-0.75052595	0.85448325
1892371	279	-0.6770492	0.6533015
1892371	280	-0.7353585	0.8396945
1892371	281	-0.7176991	0.69321525
1892371	282	-0.72408557	0.70182574
1892371	283	-0.76999605	0.82106113
1892371	284	-0.7053918	0.6957916
1892371	285	-0.61921585	0.5487989
1892371	286	-0.70892096	0.8878565
1892371	287	-0.69934857	0.7046473
1892371	288	-0.88263184	1.2254153
1892371	289	-0.7803708	0.88877726
1892371	290	-0.8083433	1.1399986
1892371	291	-0.7069486	0.79653466
1892371	292	-0.57320046	0.77743924
1892371	293	-0.2139894	0.04020065
1892371	294	-0.19942147	0.06698337
1892371	295	-0.15830997	-0.034764796
1892371	296	-0.27665672	0.27799562
1892371	297	-0.28361034	0.32792673
1892371	298	-0.21311611	0.10801789
1892371	299	-0.16753244	0.037362248
1892371	300	-0.19328931	0.090007216
1892371	301	-0.059256285	-0.13518333
1892371	302	0.06926584	-0.29503426
1892371	303	-0.03289175	-0.16109797
1892371	304	-0.05073771	-0.17077231
1892371	305	0.06210047	-0.28432748
1892371	306	0.34221786	-0.6263098
1892371	307	0.29364163	-0.51017153
1892371	308	0.36373615	-0.6082355
1892371	309	0.6598178	-0.804664
1892371	310	0.81693316	-0.9256632
1892371	311	0.92944324	-0.92105293
1892371	312	0.69653976	-0.6139553
1892371	313	0.58726573	-0.5088059
1892371	314	0.26042807	-0.16248363
1892371	315	0.32912052	-0.26440716
1892371	316	0.72046566	-0.738527
1892371	317	1.0782552	-1.0242949
1892371	318	1.061001	-0.88603204
1892371	319	1.0644819	-0.8479715
1892371	320	0.85290074	-0.6602088
1892371	321	1.1452922	-0.9754052
1892371	322	1.2880495	-1.0875148
1892371	323	1.3484005	-1.0595798
1892371	324	1.6622142	-1.3880385
1892371	325	1.6296462	-1.3502811
1892371	326	1.6250924	-1.425171
1892371	327	1.5586313	-1.3105484
1892371	328	1.5978836	-1.2536893
1892371	329	0.8968072	-0.8767919
1892371	330	1.0596619	-1.0677933
1892371	331	1.1411251	-1.1255754
1892371	332	1.2419097	-1.1838826
1892371	333	1.0925173	-0.9055501
1892371	334	0.79988265	-0.583799
1892371	335	0.9546205	-1.0068446
1892371	336	1.2215387	-1.1128452
1892371	337	1.6727346	-1.4568862
1892371	338	2.0527005	-1.7568909
1892371	339	1.7392248	-1.4341526
1892371	340	1.3669432	-1.312819
1892371	341	1.3390552	-1.253414
1892371	342	1.2010794	-1.1608275
1892371	343	0.8775517	-0.91781175
1892371	344	0.67262435	-0.7970567
1892371	345	0.34657824	-0.51135874
1892371	346	0.3445257	-0.55129796
1892371	347	0.3609429	-0.5799488
1892371	348	0.27535474	-0.52769804
1892371	349	0.24945015	-0.52596265
1892371	350	0.3066942	-0.5989154
1892371	351	0.24086523	-0.5464289
1892371	352	0.22568882	-0.5420432
1892371	353	-0.14731118	-0.08782554
1892371	354	-0.34427595	0.14620921
1892371	355	-0.36293954	0.16944489
1892371	356	-0.36923248	0.23291752
1892371	357	-0.28114152	0.05563137
1892371	358	-0.21374118	-0.072009414
1892371	359	-0.28625387	0.09480831
1892371	360	-0.4517141	0.3551257
1892371	361	-0.34450856	0.11941078
1892371	362	-0.39722762	0.3085048
1892371	363	-0.40037367	0.3507788
1892371	364	-0.25216395	0.032754153
1892371	365	-0.21454385	-0.022835612
1892371	366	-0.22585091	-0.032036185
1892371	367	-0.31995147	0.20264825
1892371	368	-0.24392843	0.022825658
1892371	369	-0.1821757	-0.07236189
1892371	370	-0.16090712	-0.112837344
1892371	371	-0.14050022	-0.14460692
1892371	372	-0.16400802	-0.1161716
1892371	373	-0.18484241	-0.09942278
1892371	374	-0.21063349	-0.059734464
1892371	375	-0.15600717	-0.1498391
1892371	376	-0.16000172	-0.13574252
1892371	377	-0.13843784	-0.17554668
1892371	378	-0.15009245	-0.15718049
1892371	379	-0.12332165	-0.20199239
1892371	380	-0.11887756	-0.20284918
1892371	381	-0.15142635	-0.16195694
1892371	382	-0.12822083	-0.2044318
1892371	383	-0.14438635	-0.1748034
1892371	384	-0.12131241	-0.2169657
1892371	385	-0.13561264	-0.1860995
1892371	386	-0.11404762	-0.22656038
1892371	387	-0.06971869	-0.28060833
1892371	388	-0.09948701	-0.23335171
1892371	389	-0.1047878	-0.24049331
1892371	390	-0.11127213	-0.23113512
1892371	391	-0.09644738	-0.25599933
1892371	392	-0.102116704	-0.24527003
1892371	393	-0.09858051	-0.255462
1892371	394	-0.105933666	-0.24413387
1892371	395	-0.0873231	-0.27427867
1892371	396	-0.09392592	-0.25993562
1892371	397	-0.08945191	-0.27142227
1892371	398	-0.09719589	-0.25845614
1892371	399	-0.07723841	-0.2912783
1892371	400	-0.08577663	-0.2735361
1892371	401	-0.08415964	-0.28243524
1892371	402	-0.09246078	-0.26966804
1892371	403	-0.073132336	-0.3022589
1892371	404	-0.08252558	-0.2824416
1892371	405	-0.07586345	-0.29800057
1892371	406	-0.085727096	-0.28073084
1892371	407	-0.072294354	-0.30542153
1892371	408	-0.07303622	-0.3014521
1892371	409	-0.071139604	-0.30750903
1892371	410	-0.08119148	-0.29240516
1892371	411	-0.065179914	-0.32089722
1892371	412	-0.068573266	-0.31139815
1892371	413	-0.06703609	-0.3174693
1892371	414	-0.079587996	-0.29730827
1892371	415	-0.06044942	-0.33047867
1892371	416	-0.063150525	-0.3201033
1892371	417	-0.057516754	-0.33241236
1892371	418	-0.06654656	-0.31701565
1892371	419	-0.054113567	-0.33986288
1892371	420	-0.06078306	-0.3245644
1892371	421	-0.051368803	-0.3420679
1892371	422	-0.061560184	-0.32374763
1892371	423	-0.042006105	-0.35794854
1892371	424	-0.051080167	-0.3377813
1892371	425	-0.04793772	-0.34751034
1892371	426	-0.05700165	-0.33144528
1892371	427	-0.038628787	-0.36257365
1892371	428	-0.044131905	-0.34811717
1892371	429	-0.041424125	-0.35599476
1892371	430	-0.051215798	-0.33940807
1892371	431	-0.03281328	-0.37090692
1892371	432	-0.04200682	-0.35084578
1892371	433	-0.03242901	-0.3704946
1892371	434	-0.045222163	-0.3463779
1892371	435	-0.02456364	-0.38326403
1892371	436	-0.036774695	-0.3579327
1892371	437	-0.028514653	-0.37680304
1892371	438	-0.15432474	-0.13499963
1892371	439	-0.13389352	-0.083161116
1892371	440	-0.12998483	-0.09575498
1892371	441	0.09599328	-0.5397267
1892371	442	-0.18904018	-0.053548336
1892371	443	-0.24657989	0.03807527
1892371	444	-0.33401468	0.19649675
1892371	445	-0.34394044	0.2010161
1892371	446	-0.017992765	-0.1594713
1892371	447	-0.36413193	0.13696763
1892371	448	-0.23451912	0.09285799
1892371	449	-0.46549934	0.2628114
1892371	450	-0.34929937	-0.08437279
1892371	451	-0.44836095	0.05847779
1892371	452	-0.49594602	0.17505375
1892371	453	-0.6260604	0.5302
1892371	454	-0.7705608	0.9092257
1892371	455	-0.59791607	0.55453515
1892371	456	-0.6028914	0.42771932
1892371	457	-0.54176	0.17451558
1892371	458	-0.47140646	0.15398684
1892371	459	-0.4111135	0.02401194
1892371	460	-0.6797427	0.42042795
1892371	461	-1.0915039	1.2119403
1892371	462	-0.7766731	0.9119979
1892371	463	-0.53498155	0.39312318
1892371	464	-0.77488506	0.59750116
1892371	465	-0.75416625	0.6652528
1892371	466	-1.043886	1.2710751
1892371	467	-0.95794153	0.9594071
1892371	468	-0.97549665	0.98196685
1892371	469	-0.8463392	0.6005962
1892371	470	-0.9895822	1.1448542
1892371	471	-0.53874594	0.4057199
1892371	472	-0.552184	0.29470232
1892371	473	-0.6811922	0.5604993
1892371	474	-0.60906	0.57592607
1892371	475	-0.4513771	0.4713361
1892371	476	-0.22315434	0.01810661
1892371	477	-0.43090683	0.10778597
1892371	478	-0.43755293	-0.0066197217
1892371	479	-0.4955645	0.18451074
1892371	480	-0.39248002	-0.10094416
1892371	481	-0.5778755	0.3593764
1892371	482	-0.20971096	-0.2944407
1892371	483	-0.6103113	0.62726736
1892371	484	-0.9140445	0.98370314
1892371	485	-0.9204167	0.9164647
1892371	486	0.48995078	-0.33052874
1892371	487	1.3093094	-1.0474929
1892371	488	1.3284801	-1.0609326
1892371	489	1.2817819	-0.99812603
1892371	490	1.2033068	-0.92606336
1892371	491	1.0239294	-0.8310336
1892371	492	0.88892055	-0.7737752
1892371	493	0.8282392	-0.7832181
1892371	494	0.7533616	-0.7812958
1892371	495	0.5998746	-0.69362104
1892371	496	0.2554738	-0.42784208
1892371	497	0.21669853	-0.45264056
1892371	498	0.17513049	-0.43600792
1892371	499	-0.4833799	0.23491296
1892371	500	-0.36639223	0.08024922
1892371	501	-0.3422042	0.038838416
1892371	502	-0.36082482	0.035568804
1892371	503	-0.35935432	0.04091218
1892371	504	-0.34367073	0.03475651
1892371	505	-0.32242644	-0.0066716075
1892371	506	-0.35784376	0.039977282
1892371	507	-0.3401976	0.03152767
1892371	508	-0.49877408	0.20961145
1892371	509	-0.5386234	0.26828942
1892371	510	-0.48294857	0.20904556
1892371	511	-0.40396142	0.08050892
1892371	512	-0.34439796	-0.034352183
1892371	513	-0.28510898	-0.06340134
1892371	514	-0.22369325	-0.124700606
1892371	515	-0.2395581	-0.09587586
1892371	516	-0.22219983	-0.106916845
1892371	517	-0.23353586	-0.071475476
1892371	518	-0.20562199	-0.10372701
1892371	519	-0.23790947	-0.08553955
1892371	520	-0.12790522	-0.23688619
1892371	521	-0.12549439	-0.20767128
1892371	522	-0.13980755	-0.1695737
1892371	523	-0.15366936	-0.17086822
1892371	524	-0.21333289	-0.085525274
1892371	525	-0.46699587	0.2612693
1892371	526	-0.34644645	0.060561687
1892371	527	-0.3374725	0.06612471
1892371	528	-0.34886363	0.07956627
1892371	529	-0.32292333	0.054490715
1892371	530	-0.07853636	-0.25649446
1892371	531	-0.034152776	-0.26716256
1892371	532	-0.06283632	-0.21658911
1892371	533	-0.014052838	-0.2724269
1892371	534	-0.030849695	-0.23263226
1892371	535	0.03841293	-0.3032875
1892371	536	0.034243405	-0.2992967
1892371	537	0.007859528	-0.2629379
1892371	538	0.05204022	-0.31094545
1892371	539	0.029623687	-0.2851659
1892371	540	0.08278459	-0.34385848
1892371	541	-0.25359192	0.057260543
1892371	542	-0.47688416	0.28159294
1892371	543	-0.45117474	0.260098
1892371	544	-0.40322068	0.20125654
1892371	545	-0.420016	0.21605995
1892371	546	-0.40902007	0.19524375
1892371	547	-0.40988833	0.19183788
1892371	548	-0.39507854	0.1684744
1892371	549	-0.39573902	0.16026047
1892371	550	-0.39560145	0.15108666
1892371	551	-0.3861407	0.1327562
1892371	552	-0.3905921	0.13839146
1892371	553	-0.37789994	0.11118856
1892371	554	-0.37909824	0.107979685
1892371	555	-0.34897488	0.06648043
1892371	556	-0.14914235	-0.20474467
1892371	557	0.16691303	-0.55662584
1892371	558	0.14028269	-0.45067048
1892371	559	0.32886517	-0.6483704
1892371	560	0.25317472	-0.48784584
1892371	561	-0.16328084	-0.007481456
1892371	562	-0.14506373	-0.11306834
1892371	563	-0.11228362	-0.1440967
1892371	564	-0.34989995	0.11910573
1892371	565	-0.36130983	0.09302965
1892371	566	-0.36821884	0.137808
1892371	567	-0.38275725	0.1521292
1892371	568	-0.39539367	0.16518614
1892371	569	-0.38597423	0.14710382
1892371	570	-0.40229544	0.16723642
1892371	571	-0.40052098	0.16389069
1892371	572	-0.36739656	0.025663376
1892371	573	-0.14201897	-0.21116073
1892371	574	-0.25276423	-0.035007536
1892371	575	-0.13248223	-0.22059563
1892371	576	-0.16301575	-0.13220525
1892371	577	-0.15583178	-0.15907666
1892371	578	-0.29548094	0.011158019
1892371	579	-0.2591361	0.09714225
1892371	580	-0.16804868	-0.18436974
1892371	581	-0.39710268	0.23420575
1892371	582	-0.37185633	0.16132548
1892371	583	-0.61932075	0.43145707
1892371	584	-0.23939621	-0.11069843
1892371	585	-0.4754539	0.2836791
1892371	586	-0.4999134	0.28088
1892371	587	-0.44529253	0.27565244
1892371	588	-0.40968165	0.19712493
1892371	589	-0.44978997	0.26347718
1892371	590	-0.42080465	0.17086622
1892371	591	-0.5569067	0.38703296
1892371	592	-0.44180283	0.11513665
1892371	593	-0.3021264	0.16122857
1892371	594	-0.7780274	0.8214059
1892371	595	-0.6794164	0.6382165
1892371	596	-1.0924194	1.689441
1892371	597	-1.1679599	1.9424362
1892371	598	-1.1977321	2.0582402
1892371	599	-1.178253	2.2797036
1892371	600	-0.9995089	1.7468963
1892371	601	-1.1267805	1.773433
1892371	602	-1.5547647	2.3327086
1892371	603	-1.3610327	2.1139474
1892371	604	-1.362137	2.0610542
1892371	605	-1.2520401	1.8581948
1892371	606	-1.281568	1.9896019
1892371	607	-1.4326172	1.9999986
1892371	608	-1.3239517	1.8661895
1892371	609	-1.3040202	1.7132382
1892371	610	-1.2718093	1.5976808
1892371	611	-1.300503	1.5277882
1892371	612	-1.2259626	1.4008954
1892371	613	-0.7620554	0.57495356
1892371	614	-0.73750734	0.60967743
1892371	615	-0.52215445	0.25975147
1892371	616	-0.53910756	0.35378823
1892371	617	-0.27377647	-0.13623956
1892371	618	-0.3333953	0.012845606
1892371	619	-0.59379435	0.24050161
1892371	620	-0.3634396	0.0059194565
1892371	621	-0.30944982	-0.030508101
1892371	622	-0.43621418	0.05294153
1892371	623	-0.30215216	-0.09638995
1892371	624	-0.3011926	-0.051368535
1892371	625	-0.28723454	-0.081242114
1892371	626	-0.33994335	-0.0237329
1892371	627	-0.35561985	-0.023572445
1892371	628	-0.31169173	-0.06283745
1892371	629	-0.3145994	-0.049655914
1892371	630	-0.31358144	-0.050367504
1892371	631	-0.31889784	-0.045171708
1892371	632	-0.31513306	-0.04897389
1892371	633	-0.3188544	-0.043341428
1892371	634	-0.30813408	-0.054270893
1892371	635	-0.31339425	-0.04713571
1892371	636	-0.31149286	-0.05071211
1892371	637	-0.293234	-0.07320261
1892371	638	-0.2764805	-0.08643043
1892371	639	-0.2638475	-0.09618771
1892371	640	-0.2797064	-0.08092165
1892371	641	-0.28470612	-0.07910925
1892371	642	-0.27942166	-0.08514562
1892371	643	-0.27834603	-0.0839515
1892371	644	-0.28121996	-0.08283833
1892371	645	-0.28133738	-0.08271131
1892371	646	-0.28330606	-0.08189994
1892371	647	-0.28591183	-0.07851899
1892371	648	-0.28606364	-0.080360174
1892371	649	-0.28958067	-0.07567215
1892371	650	-0.28881383	-0.07860994
1892371	651	-0.2915843	-0.07444134
1892371	652	-0.29230565	-0.0762634
1892371	653	-0.29208148	-0.07616004
1892371	654	-0.29436362	-0.074977815
1892371	655	-0.2950964	-0.0750795
1892371	656	-0.29767346	-0.074032396
1892371	657	-0.30383784	-0.06749025
1892371	658	-0.29751033	-0.07732588
1892371	659	-0.2992267	-0.07355526
1892371	660	-0.3030154	-0.07180455
1892371	661	-0.30177474	-0.07349959
1892371	662	-0.30360836	-0.07270914
1892371	663	-0.3057114	-0.070133835
1892371	664	-0.3093915	-0.068461776
1892371	665	-0.31079906	-0.066949785
1892371	666	-0.3110053	-0.06837234
1892371	667	-0.30991435	-0.06966108
1892371	668	-0.31690228	-0.06349954
1892371	669	-0.30975926	-0.07289961
1892371	670	-0.31230485	-0.07043666
1892371	671	-0.313313	-0.06983107
1892371	672	-0.31585568	-0.06932631
1892371	673	-0.31778556	-0.06697813
1892371	674	-0.31880432	-0.067512214
1892371	675	-0.31602994	-0.07113007
1892371	676	-0.3187749	-0.06970179
1892371	677	-0.3210948	-0.06685734
1892371	678	-0.31973103	-0.07036397
1892371	679	-0.3198957	-0.06979722
1892371	680	-0.31873435	-0.073583096
1892371	681	-0.32126656	-0.06988102
1892371	682	-0.3194251	-0.074101746
1892371	683	-0.3218282	-0.070664376
1892371	684	-0.318447	-0.07726246
1892371	685	-0.3237735	-0.07001844
1892371	686	-0.32291803	-0.07313433
1892371	687	-0.32371756	-0.07110664
1892371	688	-0.31466234	-0.08420396
1892371	689	-0.3224113	-0.07344952
1892371	690	-0.32068646	-0.07784599
1892371	691	-0.31882042	-0.07981923
1892371	692	-0.32385382	-0.07566124
1892371	693	-0.32144696	-0.078139395
1892371	694	-0.32169884	-0.07899484
1892371	695	-0.3160197	-0.08476049
1892371	696	-0.32110184	-0.08027637
1892371	697	-0.3200217	-0.08090624
1892371	698	-0.32502532	-0.07672146
1892371	699	-0.3156582	-0.086815625
1892371	700	-0.32207954	-0.08069956
1892371	701	-0.31929332	-0.08332348
1892371	702	-0.32334322	-0.08035421
1892371	703	-0.31424966	-0.08992201
1892371	704	-0.32046258	-0.08439615
1892371	705	-0.3207667	-0.08421075
1892371	706	-0.32250762	-0.084196895
1892371	707	-0.31211174	-0.0956268
1892371	708	-0.3201031	-0.08823636
1892371	709	-0.31965798	-0.08842605
1892371	710	-0.3216511	-0.08801597
1892371	711	-0.30819568	-0.102229446
1892371	712	-0.319427	-0.09114054
1892371	713	-0.31493086	-0.095811725
1892371	714	-0.31848514	-0.09339824
1892371	715	-0.3075841	-0.10451266
1892371	716	-0.3199857	-0.09271303
1892371	717	-0.3110451	-0.10220626
1892371	718	-0.3180821	-0.09579092
1892371	719	-0.30623	-0.10811156
1892371	720	-0.314861	-0.09995401
1892371	721	-0.31419384	-0.10003039
1892371	722	-0.31777978	-0.097883105
1892371	723	-0.3071723	-0.10895449
1892371	724	-0.31310847	-0.10362691
1892371	725	-0.31481564	-0.1012398
1892371	726	-0.31365988	-0.10471034
1892371	727	-0.3034918	-0.11461693
1892371	728	-0.31623596	-0.102770865
1892371	729	-0.3075622	-0.11206591
1892371	730	-0.3106904	-0.1102801
1892371	731	-0.308286	-0.111650586
1892371	732	-0.30994034	-0.11215195
1892371	733	-0.31139463	-0.10954651
1892371	734	-0.3161658	-0.106738955
1892371	735	-0.30234838	-0.12137467
1892371	736	-0.31133544	-0.11286834
1892371	737	-0.30890983	-0.115136325
1892371	738	-0.3157093	-0.110316545
1892371	739	-0.3010807	-0.12563455
1892371	740	-0.31427673	-0.11244562
1892371	741	-0.30975205	-0.11678702
1892371	742	-0.31694943	-0.11088365
1892371	743	-0.31998986	-0.1071561
1892371	744	-0.3079574	-0.12267056
1892371	745	-0.29816455	-0.13320738
1892371	746	-0.31122327	-0.11993545
1892371	747	-0.32186514	-0.10869795
1892371	748	-0.2974254	-0.13977411
1892371	749	-0.30598092	-0.12799191
1892371	750	-0.31706697	-0.117758214
1892371	751	-0.30393648	-0.13369718
1892371	752	-0.31866574	-0.118305296
1892371	753	-0.31505585	-0.12237576
1892371	754	-0.32042474	-0.117708445
1892371	755	-0.30574542	-0.1338771
1892371	756	-0.31989515	-0.11930227
1892371	757	-0.31002894	-0.12991971
1892371	758	-0.31652576	-0.12355459
1892371	759	-0.30290806	-0.13814515
1892371	760	-0.31526524	-0.12577319
1892371	761	-0.3095578	-0.1316461
1892371	762	-0.31148207	-0.13089353
1892371	763	-0.29699063	-0.1462217
1892371	764	-0.31072944	-0.13209787
1892371	765	-0.30284584	-0.14054087
1892371	766	-0.30960226	-0.13425136
1892371	767	-0.2971748	-0.1475065
1892371	768	-0.3072462	-0.13719943
1892371	769	-0.30475497	-0.13922688
1892371	770	-0.30959404	-0.13528076
1892371	771	-0.2949329	-0.15118423
1892371	772	-0.30719954	-0.13807118
1892371	773	-0.30368906	-0.14144
1892371	774	-0.30901682	-0.13691813
1892371	775	-0.29606205	-0.15081868
1892371	776	-0.30531085	-0.1413224
1892371	777	-0.30248508	-0.14379805
1892371	778	-0.32151404	-0.12583414
1892371	779	-0.29030833	-0.16194928
1892371	780	-0.3081239	-0.14225402
1892371	781	-0.30308515	-0.1473566
1892371	782	-0.31287545	-0.13815588
1892371	783	-0.29910138	-0.15352258
1892371	784	-0.31094477	-0.1410071
1892371	785	-0.3080777	-0.14366922
1892371	786	-0.31325215	-0.13913283
1892371	787	-0.29798472	-0.15593806
1892371	788	-0.31031483	-0.14238113
1892371	789	-0.30949825	-0.14267066
1892371	790	-0.31264463	-0.14051571
1892371	791	-0.30391264	-0.14975864
1892371	792	-0.3068483	-0.14733937
1892371	793	-0.305776	-0.14803982
1892371	794	-0.30894044	-0.14556006
1892371	795	-0.2944376	-0.16211057
1892371	796	-0.3066216	-0.14883617
1892371	797	-0.3029186	-0.1530689
1892371	798	-0.30900007	-0.14751703
1892371	799	-0.29114604	-0.16763943
1892371	800	-0.30525213	-0.15188432
1892371	801	-0.30281729	-0.15420467
1892371	802	-0.30645815	-0.15143296
1892371	803	-0.29375753	-0.1655739
1892371	804	-0.3043077	-0.15411785
1892371	805	-0.3014428	-0.15706536
1892371	806	-0.3073714	-0.15153962
1892371	807	-0.2923628	-0.16870368
1892371	808	-0.30587345	-0.15386412
1892371	809	-0.3011903	-0.15897167
1892371	810	-0.31277418	-0.14840248
1892371	811	-0.28851622	-0.17633218
1892371	812	-0.30459863	-0.15829492
1892371	813	-0.30412436	-0.15815264
1892371	814	-0.3108325	-0.15218788
1892371	815	-0.29720902	-0.1675536
1892371	816	-0.30762774	-0.15619963
1892371	817	-0.30542862	-0.15821749
1892371	818	-0.31016695	-0.15420118
1892371	819	-0.2955658	-0.17047247
1892371	820	-0.30707872	-0.15806481
1892371	821	-0.30349886	-0.16153425
1892371	822	-0.31022692	-0.15536672
1892371	823	-0.2940808	-0.17380795
1892371	824	-0.30667365	-0.16003788
1892371	825	-0.3035087	-0.1631827
1892371	826	-0.30574477	-0.16196862
1892371	827	-0.2919869	-0.1773588
1892371	828	-0.30451506	-0.16393661
1892371	829	-0.2981561	-0.17083755
1892371	830	-0.31064263	-0.15835884
1892371	831	-0.29107425	-0.18106252
1892371	832	-0.30806255	-0.16233656
1892371	833	-0.29846182	-0.17270935
1892371	834	-0.30939204	-0.16144451
1892371	835	-0.29239613	-0.18081519
1892371	836	-0.30413628	-0.16790485
1892371	837	-0.30502343	-0.1658561
1892371	838	-0.30674124	-0.16517532
1892371	839	-0.2967396	-0.17629632
1892371	840	-0.30585817	-0.16699383
1892371	841	-0.29968372	-0.17360875
1892371	842	-0.30447313	-0.16916683
1892371	843	-0.29238123	-0.18268803
1892371	844	-0.30724263	-0.1662451
1892371	845	-0.30322793	-0.17051104
1892371	846	-0.30781576	-0.16613835
1892371	847	-0.29251128	-0.18376446
1892371	848	-0.30486423	-0.17031515
1892371	849	-0.29447365	-0.1821118
1892371	850	-0.3094749	-0.16631109
1892371	851	-0.28726655	-0.19232655
1892371	852	-0.31020427	-0.16655153
1892371	853	-0.29757112	-0.18076903
1892371	854	-0.30852604	-0.16908374
1892371	855	-0.29384577	-0.18582022
1892371	856	-0.30528364	-0.17344159
1892371	857	-0.31203085	-0.16510063
1892371	858	-0.29330945	-0.18802014
1892371	859	-0.31232172	-0.16578475
1892371	860	-0.30050987	-0.1797083
1892371	861	-0.2933327	-0.18778652
1892371	862	-0.28961387	-0.19359112
1892371	863	-0.29216573	-0.19190598
1892371	864	-0.30266827	-0.18203598
1892371	865	-0.30198675	-0.18352437
1892371	866	-0.35987622	-0.2099472
1892371	867	-0.7922919	0.38555285
1892371	868	-0.9623066	0.74412465
1892371	869	-0.8652926	0.7370353
1892371	870	-0.8457414	0.6471752
1892371	871	-0.7495408	0.38469133
1892371	872	-0.8795557	0.439774
1892371	873	-0.68054825	0.36709026
1892371	874	-0.7696167	0.44721517
1892371	875	-0.73879373	0.3927398
1892371	876	-0.7777486	0.3642753
1892371	877	-0.62799	0.32816967
1892371	878	-0.56361616	0.24340662
1892371	879	-0.6170512	0.100717515
1892371	880	-0.8165926	0.5884998
1892371	881	-0.8635446	0.73643935
1892371	882	-1.1779698	1.29002
1892371	883	-0.976303	0.90146923
1892371	884	-1.0331442	0.84815764
1892371	885	-0.994601	0.92443144
1892371	886	-0.7596357	0.5942881
1892371	887	-0.55352324	0.29692736
1892371	888	-0.8370575	0.8352108
1892371	889	-1.1174189	1.0940585
1892371	890	-1.1369992	1.1102339
1892371	891	-1.3050478	1.3709544
1892371	892	-1.3541255	1.585002
1892371	893	-1.092835	0.9907712
1892371	894	-1.0790873	1.0160314
1892371	895	-1.0528152	0.8756833
1892371	896	-1.1908833	1.0832554
1892371	897	-0.9914398	0.88710475
1892371	898	-0.97669995	0.8382876
1892371	899	-1.2428565	1.2544558
1892371	900	-1.1812577	1.1995081
1892371	901	-1.082237	1.0519844
1892371	902	-1.0509872	1.001007
1892371	903	-1.1230706	1.1007706
1892371	904	-0.88526064	0.8010421
1892371	905	-0.8212158	0.6859971
1892371	906	-0.781999	0.65201235
1892371	907	-0.7677821	0.59241486
1892371	908	-0.7698109	0.5843941
1892371	909	-0.91705775	0.787601
1892371	910	-0.9249466	0.8809427
1892371	911	-0.9873911	0.9022161
1892371	912	-1.1180179	1.044507
1892371	913	-0.7668401	0.6676376
1892371	914	-0.8699465	0.7530496
1892371	915	-0.9680291	0.96694016
1892371	916	-1.0148408	1.0562841
1892371	917	-0.9742881	0.90101624
1892371	918	-0.8532001	0.94218075
1892371	919	-1.1013101	1.3260652
1892371	920	-1.1127529	1.2702019
1892371	921	-1.0991527	1.1935172
1892371	922	-0.9725654	1.1877671
1892371	923	-1.1936557	1.5969627
1892371	924	-0.96416605	1.2213609
1892371	925	-1.1632113	1.5150685
1892371	926	-1.0049725	1.2726741
1892371	927	-1.1293291	1.2193108
1892371	928	-1.1457669	1.0856316
1892371	929	-1.0956097	0.9138937
1892371	930	-1.0623094	0.86586833
1892371	931	-1.1976974	1.0409027
1892371	932	-1.1359184	0.9610833
1892371	933	-1.1075721	1.0249915
1892371	934	-1.4203813	1.5141189
1892371	935	-1.0665563	0.88170254
1892371	936	-1.2482619	1.1361272
1892371	937	-1.2405521	1.078438
1892371	938	-0.92881286	0.7451494
1892371	939	-1.1729743	1.2543222
1892371	940	-1.3059335	1.3905172
1892371	941	-1.2585967	1.3067334
1892371	942	-1.2893561	1.349902
1892371	943	-1.2792219	1.2374609
1892371	944	-1.1648722	1.0234479
1892371	945	-1.3454959	1.4720021
1892371	946	-1.726253	2.557105
1892371	947	-1.4337373	2.2206123
1892371	948	-1.6055771	2.4040122
1892371	949	-2.0302713	3.4652898
1892371	950	-2.4575553	3.1216533
1892371	951	-1.2436984	1.7213387
1892371	952	-0.81431264	1.3351132
1892371	953	-0.8780514	1.1438171
1892371	954	-0.7535707	0.79303086
1892371	955	-0.9494072	1.0148094
1892371	956	-0.9445947	0.9256041
1892371	957	-0.9389576	0.89608705
1892371	958	-0.913588	0.8630538
1892371	959	-0.9455763	0.90321684
1892371	960	-1.5939276	2.0146074
1892371	961	-1.347338	2.0143135
1892371	962	-1.1297524	1.5958154
1892371	963	-1.1257057	1.3354938
1892371	964	-1.2465911	1.473385
1892371	965	-1.1132653	1.2996138
1892371	966	-0.85152626	0.92572045
1892371	967	-1.1104437	1.093492
1892371	968	-1.101829	1.2230566
1892371	969	-1.0598353	1.1404788
1892371	970	-1.2489097	1.4532743
1892371	971	-1.3229042	1.6936271
1892371	972	-1.1472328	1.5581071
1892371	973	-1.1747997	1.5213697
1892371	974	-1.21102	1.5448895
1892371	975	-1.4678528	1.9501188
1892371	976	-1.3779644	1.799005
1892371	977	-1.3013055	1.7674255
1892371	978	-1.4828851	2.0701184
1892371	979	-1.5733485	2.3954625
1892371	980	-1.4050924	2.2461896
1892371	981	-1.4151046	2.1431234
1892371	982	-1.3971331	2.0941708
1892371	983	-1.389608	2.007452
1892371	984	-1.39571	2.0097034
1892371	985	-1.3260236	2.048879
1892371	986	-1.5079702	2.1866994
1892371	987	-1.4344618	2.0771673
1892371	988	-1.196357	1.6030469
1892371	989	-1.1824505	1.4173168
1892371	990	-1.4271393	1.8184364
1892371	991	-1.4657788	1.99349
1892371	992	-1.0621915	1.3455458
1892371	993	-1.0564721	1.1323104
1892371	994	-1.159919	1.5198373
1892371	995	-1.087243	0.94301236
1892371	996	-0.94208884	1.1455938
1892371	997	-1.0289654	1.0483531
1892371	998	-0.86607486	0.8189769
1892371	999	-0.7366731	0.58305883
1892371	1000	-0.74430984	0.5916817
1892371	1001	-0.6702571	0.45769265
1892371	1002	-0.637577	0.47881654
1892371	1003	0.06786597	-0.48004818
1892371	1004	0.1425085	-0.28687173
1892371	1005	0.225698	-0.38950408
1892371	1006	0.24952471	-0.40622222
1892371	1007	-0.08322838	0.12053612
1892371	1008	0.0075626373	-0.31141517
1892371	1009	0.007844329	-0.22618988
1892371	1010	0.0632813	-0.06987861
1892371	1011	-0.45215473	0.31023893
1892371	1012	-0.24601334	-0.06854603
1892371	1013	-0.32856306	0.20441905
1892371	1014	-0.12659669	-0.29452
1892371	1015	-0.07003969	-0.11649647
1892371	1016	-0.23349708	0.13116834
1892371	1017	-0.35724223	0.17024872
1892371	1018	-0.6187572	0.39734474
1892371	1019	-0.56168234	0.3178095
1892371	1020	-0.87281764	0.7201282
1892371	1021	-0.4186864	0.14663985
1892371	1022	-0.487301	0.29199383
1892371	1023	-0.113164485	-0.3287565
1892371	1024	-0.46263203	0.50033104
1892371	1025	-0.27444935	-0.06503609
1892371	1026	-0.13715333	-0.033836752
1892371	1027	-0.22663984	0.059503764
1892371	1028	-0.34918785	0.1130887
1892371	1029	-0.34922522	0.23907807
1892371	1030	-0.58502126	0.6047051
1892371	1031	-0.45385185	0.16898033
1892371	1032	-1.1054747	1.1499733
1892371	1033	-0.23071727	-0.19027546
1892371	1034	-0.013759375	-0.51939595
1892371	1035	-0.12273455	-0.28295082
1892371	1036	0.0050581694	-0.36823893
1892371	1037	0.05298382	-0.33599287
1892371	1038	-0.26882952	0.16525814
1892371	1039	0.0048413277	-0.5801434
1892371	1040	0.03130102	-0.49285078
1892371	1041	-0.12038475	-0.2693398
1892371	1042	0.07493067	-0.61328936
1892371	1043	-0.22784963	-0.13680407
1892371	1044	0.19104868	-0.64698267
1892371	1045	0.29673767	-0.82161945
1892371	1046	0.38757646	-0.7148408
1892371	1047	0.2806741	-0.5242768
1892371	1048	0.37497628	-0.88081163
1892371	1049	0.25326675	-0.46905166
1892371	1050	-0.08315033	-0.02703476
1892371	1051	-0.36384505	0.32341668
1892371	1052	-0.27885944	0.15646192
1892371	1053	-0.5747525	0.6402217
1892371	1054	-0.5569855	0.5122714
1892371	1055	-0.52203494	0.50346565
1892371	1056	-0.55292726	0.1430234
1892371	1057	-0.6348142	0.4147794
1892371	1058	-0.36489117	0.19637468
1892371	1059	-0.4973443	0.33926418
1892371	1060	-0.57068145	0.40665647
1892371	1061	-0.43824297	0.010046512
1892371	1062	-0.42200416	0.1834037
1892371	1063	-0.25283498	-0.20422119
1892371	1064	-0.31894445	0.27627602
1892371	1065	-0.4165432	0.19732055
1892371	1066	-0.35896474	0.22304651
1892371	1067	-0.34116676	0.22886989
1892371	1068	-0.064186424	-0.43052068
1892371	1069	0.45267624	-0.9082298
1892371	1070	0.5664357	-0.8889166
1892371	1071	0.7837435	-0.9797945
1892371	1072	1.1630915	-1.1796921
1892371	1073	1.122568	-1.2242845
1892371	1074	0.99913716	-1.043995
1892371	1075	1.3127654	-1.225598
1892371	1076	1.2873116	-1.2666373
1892371	1077	1.1097343	-1.0867295
1892371	1078	1.3812951	-1.2372853
1892371	1079	1.3585684	-1.2889248
1892371	1080	1.1471952	-1.1033434
1892371	1081	1.421154	-1.2616578
1892371	1082	1.3713268	-1.2914145
1892371	1083	1.1718991	-1.1335464
1892371	1084	1.438335	-1.278902
1892371	1085	1.4111094	-1.3225702
1892371	1086	1.2231816	-1.1716437
1892371	1087	0.45238554	-0.7156965
1892371	1088	0.14715618	-0.6511768
1892371	1089	-0.061116964	-0.32193714
1892371	1090	0.15729046	-0.620412
1892371	1091	0.23697323	-0.6141751
1892371	1092	0.25125438	-0.58654046
1892371	1093	0.18470812	-0.34128708
1892371	1094	0.14240015	-0.45661458
1892371	1095	0.43594807	-0.76062477
1892371	1096	0.2691208	-0.7620357
1892371	1097	0.31907368	-0.61632454
1892371	1098	0.20535028	-0.5447416
1892371	1099	-0.040785164	-0.2749595
1892371	1100	0.08596903	-0.41697684
1892371	1101	-0.09735495	-0.30215588
1892371	1102	-0.082538635	-0.2186264
1892371	1103	0.21523559	-0.6030109
1892371	1104	0.1769998	-0.34172395
1892371	1105	0.18740308	-0.48476216
1892371	1106	0.15203786	-0.33130515
1892371	1107	0.77692163	-1.0496575
1892371	1108	2.3934007	-2.2086036
1892371	1109	0.8977425	-1.8236134
1892371	1110	0.43001497	-1.9595945
1892371	1111	0.40422106	-0.92688227
1892371	1112	0.9097029	-1.428765
1892371	1113	0.9397671	-1.3158687
1892371	1114	0.97380805	-1.380524
1892371	1115	0.9452299	-1.3625152
1892371	1116	0.98344576	-1.4344875
1892371	1117	0.85130775	-1.3053361
1892371	1118	0.68988514	-1.1927961
1892371	1119	0.64568615	-1.1949025
1892371	1120	0.697744	-1.236115
1892371	1121	0.8413731	-1.376273
1892371	1122	1.1426913	-1.6235166
1892371	1123	1.2903614	-1.6260109
1892371	1124	1.2278968	-1.564255
1892371	1125	1.5955366	-1.887177
1892371	1126	2.5917344	-2.403647
1892371	1127	2.376802	-2.1280568
1892371	1128	2.1980076	-2.0980766
1892371	1129	2.176557	-2.045784
1892371	1130	1.7621671	-1.6663692
1892371	1131	1.5111414	-1.6035259
1892371	1132	1.2670228	-1.3894796
1892371	1133	1.2093482	-1.435363
1892371	1134	1.0303085	-1.2286149
1892371	1135	0.7354747	-1.0417192
1892371	1136	1.0229409	-1.3468632
1892371	1137	1.1440018	-1.3574548
1892371	1138	1.0359113	-1.2117318
1892371	1139	1.2697554	-1.4958448
1892371	1140	0.09931666	-0.36797082
1892371	1141	-0.18557906	-0.20901632
1892371	1142	-0.33166632	0.016243935
1892371	1143	-0.30240622	0.19628087
1892371	1144	-0.33129567	0.22635433
1892371	1145	-0.15554136	-0.037157565
1892371	1146	-0.10687974	-0.14119846
1892371	1147	-0.042664677	-0.24048512
1892371	1148	-0.08288494	-0.19701299
1892371	1149	-0.31992117	0.09621009
1892371	1150	-0.27021992	0.031498313
1892371	1151	-0.2367923	0.022341818
1892371	1152	0.002159059	-0.32174826
1892371	1153	-0.042011738	-0.20493022
1892371	1154	-0.065095425	-0.38663268
1892371	1155	-0.37401193	0.041714102
1892371	1156	-0.346278	0.04832807
1892371	1157	-0.3212945	0.041475326
1892371	1158	-0.33317113	0.013323247
1892371	1159	-0.71483284	0.57070553
1892371	1160	-0.5758578	0.58619046
1892371	1161	-0.43588814	0.1460537
1892371	1162	-0.6436479	0.45177904
1892371	1163	-0.6290344	0.24410364
1892371	1164	-0.6647473	0.4310384
1892371	1165	-0.596669	0.34689036
1892371	1166	-0.5510955	0.25983366
1892371	1167	-0.5399202	0.086049944
1892371	1168	-0.3491103	-0.14981472
1892371	1169	-0.27686816	-0.17964017
1892371	1170	-0.25833604	-0.23871996
1892371	1171	-0.596069	0.251933
1892371	1172	-0.5034911	0.106544465
1892371	1173	-0.45485914	0.093384475
1892371	1174	-0.5468268	0.1654332
1892371	1175	-0.35102123	-0.07987994
1892371	1176	-0.3279673	-0.08306357
1892371	1177	-0.3840609	-0.024265945
1892371	1178	-0.37893963	-0.03172669
1892371	1179	-0.37189382	-0.037845343
1892371	1180	-0.3531075	-0.056817085
1892371	1181	-0.3570956	-0.052224576
1892371	1182	-0.33780828	-0.07772344
1892371	1183	-0.33814836	-0.075696796
1892371	1184	-0.32134563	-0.09589437
1892371	1185	-0.3191533	-0.10499111
1892371	1186	-0.30479234	-0.12064695
1892371	1187	-0.30616686	-0.120165765
1892371	1188	-0.2921989	-0.13519117
1892371	1189	-0.2898909	-0.14515468
1892371	1190	-0.2559253	-0.1841616
1892371	1191	-0.21454209	-0.2601621
1892371	1192	-0.24137938	-0.20054954
1892371	1193	-0.21250975	-0.2637542
1892371	1194	-0.22700495	-0.22061495
1892371	1195	-0.21039733	-0.24064566
1892371	1196	-0.21812633	-0.2317306
1892371	1197	-0.20115477	-0.24951012
1892371	1198	-0.21129787	-0.23998092
1892371	1199	-0.19835114	-0.25399542
1892371	1200	-0.20590815	-0.24544604
1892371	1201	-0.19486949	-0.25452584
1892371	1202	-0.20386395	-0.24984598
1892371	1203	-0.19380549	-0.25874102
1892371	1204	-0.20465282	-0.2448137
1892371	1205	-0.19302168	-0.2582237
1892371	1206	-0.20338085	-0.24828447
1892371	1207	-0.1904664	-0.2638837
1892371	1208	-0.20227817	-0.2483769
1892371	1209	-0.19586062	-0.25292337
1892371	1210	-0.20612457	-0.24737287
1892371	1211	-0.19865552	-0.2543413
1892371	1212	-0.21064693	-0.23799802
1892371	1213	-0.19937164	-0.25346398
1892371	1214	-0.21075326	-0.24290039
1892371	1215	-0.2022833	-0.2521934
1892371	1216	-0.2125816	-0.24058057
1892371	1217	-0.20322555	-0.2518883
1892371	1218	-0.21338275	-0.2446757
1892371	1219	-0.20629743	-0.24979188
1892371	1220	-0.21444127	-0.24172796
1892371	1221	-0.20539314	-0.25334793
1892371	1222	-0.2154114	-0.24651632
1892371	1223	-0.20558265	-0.2590383
1892371	1224	-0.21494025	-0.24550343
1892371	1225	-0.2054342	-0.25789592
1892371	1226	-0.21356815	-0.253094
1892371	1227	-0.20543605	-0.26363066
1892371	1228	-0.21430936	-0.249786
1892371	1229	-0.20485556	-0.26047796
1892371	1230	-0.21133855	-0.2574108
1892371	1231	-0.2042861	-0.26217633
1892371	1232	-0.21248946	-0.2513363
1892371	1233	-0.20448753	-0.26201248
1892371	1234	-0.21484005	-0.24773072
1892371	1235	-0.20145386	-0.27083153
1892371	1236	-0.21790946	-0.23952162
1892371	1237	-0.20136273	-0.2687071
1892371	1238	-0.2083416	-0.26539668
1892371	1239	-0.20464283	-0.26957327
1892371	1240	-0.21279022	-0.25855762
1892371	1241	-0.21175486	-0.25369555
1892371	1242	-0.20751354	-0.27052057
1892371	1243	-0.20744878	-0.2652421
1892371	1244	-0.2125422	-0.26022068
1892371	1245	-0.2085338	-0.26348776
1892371	1246	-0.20966783	-0.27124602
1892371	1247	-0.20909998	-0.26876414
1892371	1248	-0.21449679	-0.26333883
1892371	1249	-0.21295202	-0.2607823
1892371	1250	-0.21183595	-0.27100074
1892371	1251	-0.21074161	-0.26913857
1892371	1252	-0.21439964	-0.26659834
1892371	1253	-0.2154806	-0.26034898
1892371	1254	-0.21288776	-0.2736963
1892371	1255	-0.21286717	-0.2696433
1892371	1256	-0.2169607	-0.26465225
1892371	1257	-0.20994177	-0.27201167
1892371	1258	-0.20537266	-0.28739607
1892371	1259	-0.20872447	-0.27610487
1892371	1260	-0.2090511	-0.27941802
1892371	1261	-0.21064293	-0.2718771
1892371	1262	-0.20678192	-0.28758144
1892371	1263	-0.2077491	-0.28121978
1892371	1264	-0.21325085	-0.27460605
1892371	1265	-0.21176448	-0.27388543
1892371	1266	-0.2075153	-0.28865385
1892371	1267	-0.20725614	-0.2852248
1892371	1268	-0.21692565	-0.2699217
1892371	1269	-0.2137168	-0.27403313
1892371	1270	-0.21734318	-0.27351755
1892371	1271	-0.21287009	-0.27918845
1892371	1272	-0.21662769	-0.27534097
1892371	1273	-0.21931142	-0.26686305
1892371	1274	-0.21172109	-0.29018074
1892371	1275	-0.21507868	-0.28043693
1892371	1276	-0.21973157	-0.2747904
1892371	1277	-0.21875587	-0.27277225
1892371	1278	-0.21544188	-0.28686592
1892371	1279	-0.2173073	-0.2800033
1892371	1280	-0.2197113	-0.27849284
1892371	1281	-0.21846694	-0.27771538
1892371	1282	-0.2173025	-0.28777164
1892371	1283	-0.21802384	-0.28316775
1892371	1284	-0.21971598	-0.28266746
1892371	1285	-0.22031078	-0.27795935
1892371	1286	-0.21686369	-0.2920668
1892371	1287	-0.22077194	-0.28165823
1892371	1288	-0.22255409	-0.2810611
1892371	1289	-0.22098672	-0.2807433
1892371	1290	-0.22022855	-0.28875452
1892371	1291	-0.21975261	-0.28595948
1892371	1292	-0.22214171	-0.28385818
1892371	1293	-0.22401768	-0.27731133
1892371	1294	-0.2171359	-0.29908678
1892371	1295	-0.22309592	-0.28477314
1892371	1296	-0.22367519	-0.28588846
1892371	1297	-0.22515857	-0.27949393
1892371	1298	-0.21802962	-0.30016756
1892371	1299	-0.22430497	-0.28452548
1892371	1300	-0.22180781	-0.2916701
1892371	1301	-0.22567901	-0.28056103
1892371	1302	-0.21912923	-0.3000108
1892371	1303	-0.21822095	-0.29734758
1892371	1304	-0.22209671	-0.29039305
1892371	1305	-0.21967763	-0.29112732
1892371	1306	-0.21397233	-0.30915675
1892371	1307	-0.2166968	-0.29777324
1892371	1308	-0.21690202	-0.3009623
1892371	1309	-0.21707001	-0.2974981
1892371	1310	-0.21523938	-0.30886695
1892371	1311	-0.217688	-0.3008079
1892371	1312	-0.21894157	-0.3013656
1892371	1313	-0.22318211	-0.2891158
1892371	1314	-0.21878225	-0.30531114
1892371	1315	-0.22625116	-0.2883714
1892371	1316	-0.22344998	-0.2961689
1892371	1317	-0.23246703	-0.27431616
1892371	1318	-0.21952355	-0.30764523
1892371	1319	-0.22820619	-0.28758925
1892371	1320	-0.22614038	-0.29477668
1892371	1321	-0.24093261	-0.26120484
1892371	1322	-0.21964693	-0.31170875
1892371	1323	-0.2330612	-0.2817489
1892371	1324	-0.22619289	-0.30090243
1892371	1325	-0.23796618	-0.27461988
1892371	1326	-0.2253905	-0.30906492
1892371	1327	-0.23154366	-0.29231316
1892371	1328	-0.22944912	-0.29956818
1892371	1329	-0.2363134	-0.28229535
1892371	1330	-0.2256409	-0.31113976
1892371	1331	-0.22947773	-0.29838273
1892371	1332	-0.23127952	-0.29621017
1892371	1333	-0.2311948	-0.2913192
1892371	1334	-0.2263856	-0.30721802
1892371	1335	-0.22904196	-0.2995771
1892371	1336	-0.23297736	-0.29366606
1892371	1337	-0.23175421	-0.29163986
1892371	1338	-0.2251268	-0.31108886
1892371	1339	-0.22963789	-0.29853344
1892371	1340	-0.23445728	-0.28909484
1892371	1341	-0.22919536	-0.29505107
1892371	1342	-0.22402701	-0.31370062
1892371	1343	-0.23161635	-0.29735076
1892371	1344	-0.23773897	-0.28571704
1892371	1345	-0.22860196	-0.30003023
1892371	1346	-0.22492325	-0.31542432
1892371	1347	-0.23037443	-0.30237833
1892371	1348	-0.23152378	-0.3020693
1892371	1349	-0.2341327	-0.29295737
1892371	1350	-0.22647685	-0.3158791
1892371	1351	-0.23310637	-0.30149418
1892371	1352	-0.24258205	-0.28153002
1892371	1353	-0.2304135	-0.30151394
1892371	1354	-0.22960371	-0.309857
1892371	1355	-0.39064908	-0.06036666
1892371	1356	-0.2701561	-0.2775005
1892371	1357	-0.27877432	-0.23919334
1892371	1358	-0.27943146	-0.25569075
1892371	1359	-0.28831792	-0.2477023
1892371	1360	-0.2864329	-0.25669152
1892371	1361	-0.2876236	-0.2507494
1892371	1362	-0.28708622	-0.26114684
1892371	1363	-0.2858854	-0.25861382
1892371	1364	-0.28485858	-0.2577791
1892371	1365	-0.2760043	-0.26883858
1892371	1366	-0.27425584	-0.27996176
1892371	1367	-0.27083978	-0.28009102
1892371	1368	-0.26986557	-0.28057277
1892371	1369	-0.26330245	-0.28515837
1892371	1370	-0.2607627	-0.29629973
1892371	1371	-0.25907502	-0.29244602
1892371	1372	-0.25981647	-0.2888866
1892371	1373	-0.25642455	-0.28755528
1892371	1374	-0.25391173	-0.2999081
1892371	1375	-0.25220597	-0.2953139
1892371	1376	-0.24797684	-0.3026799
1892371	1377	-0.24937412	-0.2904802
1892371	1378	-0.24374896	-0.3079782
1892371	1379	-0.24443206	-0.29919344
1892371	1380	-0.241413	-0.30508512
1892371	1381	-0.24298543	-0.2947833
1892371	1382	-0.23959455	-0.30808857
1892371	1383	-0.38318658	-0.06790042
1892371	1384	-0.25346157	-0.30003357
1892371	1385	-0.26501197	-0.25541076
1892371	1386	-0.2650482	-0.27231726
1892371	1387	-0.2774241	-0.25544298
1892371	1388	-0.27133507	-0.27144536
1892371	1389	-0.27430278	-0.26694608
1892371	1390	-0.27708822	-0.2647791
1892371	1391	-0.2762257	-0.26022756
1892371	1392	-0.25824377	-0.2784773
1892371	1393	-0.25349548	-0.28350884
1892371	1394	-0.24966037	-0.29808927
1892371	1395	-0.24726948	-0.2957711
1892371	1396	-0.29909018	-0.16879296
1892371	1397	-0.2166222	-0.31749225
1892371	1398	-0.24837494	-0.2812105
1892371	1399	-0.26011994	-0.2584247
1892371	1400	-0.4006819	-0.047572315
1892371	1401	-0.23587102	-0.31586218
1892371	1402	-0.32892156	-0.13495398
1892371	1403	-0.1760945	-0.40768516
1892371	1404	-0.17008209	-0.39942726
1892371	1405	-0.19082585	-0.37026426
1892371	1406	-0.24544105	-0.29906029
1892371	1407	-0.23547542	-0.31009465
1892371	1408	-0.23644343	-0.31105462
1892371	1409	-0.23336124	-0.3080837
1892371	1410	-0.24407756	-0.29096234
1892371	1411	-0.23131219	-0.2991655
1892371	1412	-0.22752067	-0.30910575
1892371	1413	-0.22566357	-0.30355063
1892371	1414	-0.23141828	-0.29773092
1892371	1415	-0.22047102	-0.30628538
1892371	1416	-0.21942708	-0.30598885
1892371	1417	-0.210026	-0.3195501
1892371	1418	-0.21851236	-0.30817062
1892371	1419	-0.20824733	-0.31607908
1892371	1420	-0.37854218	-0.027215451
1892371	1421	-0.24714541	-0.10305354
1892371	1422	-0.6115997	0.30299565
1892371	1423	-0.5011611	0.14033267
1892371	1424	-0.527116	0.17830369
1892371	1425	-0.6474015	0.4787428
1892371	1426	-0.47689658	0.09917858
1892371	1427	-0.6719469	0.4771016
1892371	1428	-0.62418425	0.5482559
1892371	1429	-0.530333	0.24442884
1892371	1430	-0.74300295	0.5801488
1892371	1431	-0.7334819	0.7327509
1892371	1432	-0.70584655	0.65687656
1892371	1433	-0.75372314	0.5430137
1892371	1434	-0.64024955	0.18719766
1892371	1435	-0.75975263	0.5383656
1892371	1436	-0.65781283	0.31418797
1892371	1437	-0.7487402	0.4835964
1892371	1438	-1.2155483	0.5208746
1892371	1439	0.43401027	-0.29469806
1892371	1440	0.47462654	-0.6012948
1892371	1441	0.53927755	-0.6838159
1892371	1442	0.50260377	-0.6230793
1892371	1443	0.5482545	-0.6315027
1892371	1444	-0.79094267	-0.23051772
1892371	1445	1.0200489	-0.61325526
1892371	1446	0.96730876	-0.7803196
1892371	1447	0.8470911	-0.7325084
1892371	1448	0.749287	-0.58480805
1892371	1449	0.6660999	-0.68675625
1892371	1450	0.66522205	-0.6678654
1892371	1451	0.44278097	-0.40934932
1892371	1452	0.40154958	-0.55742943
1892371	1453	0.8313854	-1.0560346
1892371	1454	1.2648976	-1.27433
1892371	1455	1.0533875	-1.0410534
1892371	1456	1.2165881	-1.2534075
1892371	1457	1.3672184	-1.1585486
1892371	1458	1.1957456	-1.0868601
1892371	1459	0.94267213	-0.91331553
1892371	1460	1.1834291	-1.150472
1892371	1461	1.9100405	-1.6272082
1892371	1462	1.9903213	-1.5481143
1892371	1463	2.7215395	-1.9497497
1892371	1464	1.6214551	-2.4566576
1892371	1465	0.9533311	-1.0681392
1892371	1466	1.2137247	-1.4825052
1892371	1467	1.2772918	-1.4143302
1892371	1468	1.3536141	-1.4997058
1892371	1469	1.5000345	-1.5976293
1892371	1470	1.4442644	-1.5178312
1892371	1471	1.2743363	-1.4013168
1892371	1472	1.2243273	-1.4176384
1892371	1473	1.1825006	-1.3633537
1892371	1474	1.2043163	-1.4090726
1892371	1475	1.4338527	-1.5785893
1892371	1476	1.3844193	-1.465467
1892371	1477	1.1282983	-1.2693267
1892371	1478	0.269714	-0.5127126
1892371	1479	0.25748277	-0.6438126
1892371	1480	0.6424589	-1.0541755
1892371	1481	0.38041312	-0.65088373
1892371	1482	0.8547462	-1.1411693
1892371	1483	0.96081114	-1.1160448
1892371	1484	1.4936961	-1.5363587
1892371	1485	1.2798978	-1.3132086
1892371	1486	1.2406988	-1.2970407
1892371	1487	0.8487636	-1.0052481
1892371	1488	0.93059766	-1.1414068
1892371	1489	0.9806514	-1.1871117
1892371	1490	1.0814495	-1.2101474
1892371	1491	1.0142871	-1.2087091
1892371	1492	0.97263086	-1.1629514
1892371	1493	0.7422093	-1.0548933
1892371	1494	1.0501286	-1.246974
1892371	1495	0.6022022	-0.5277803
1892371	1496	0.044391632	-0.049765706
1892371	1497	0.35385865	-0.5948483
1892371	1498	0.11826968	-0.1715594
1892371	1499	0.2887261	-0.58061963
1892371	1500	0.2620709	-0.46648514
1892371	1501	0.025283694	-0.27970046
1892371	1502	0.17469805	-0.4757861
1892371	1503	0.3093289	-0.6217933
1892371	1504	0.39768338	-0.55568904
1892371	1505	0.6122376	-0.8189855
1892371	1506	0.5435393	-0.5789161
1892371	1507	0.73525417	-0.65736455
1892371	1508	0.3695314	-0.43353462
1892371	1509	0.39381003	-0.46076414
1892371	1510	0.34635812	-0.43174472
1892371	1511	0.89025545	-1.0001429
1892371	1512	0.71838605	-0.8850392
1892371	1513	0.79362094	-0.90966773
1892371	1514	0.39888126	-0.50639004
1892371	1515	0.38869524	-0.39537555
1892371	1516	0.6549494	-0.7071723
1892371	1517	0.67841935	-0.7304355
1892371	1518	0.44477987	-0.4502694
1892371	1519	0.5411204	-0.68862647
1892371	1520	0.53364944	-0.62173605
1892371	1521	0.27334177	-0.47615835
1892371	1522	0.19706047	-0.40058267
1892371	1523	0.07938212	-0.26933295
1892371	1524	-0.06636304	-0.14430168
1892371	1525	-0.21344864	0.05741343
1892371	1526	-0.3036092	0.1609666
1892371	1527	-0.27003074	0.15372697
1892371	1528	-0.3457123	0.25845888
1892371	1529	-0.3859376	0.3115683
1892371	1530	-0.39340585	0.3320333
1892371	1531	-0.7835376	0.87723553
1892371	1532	-0.92074037	1.2907696
1892371	1533	-0.89366823	1.3213246
1892371	1534	-0.83726335	1.210518
1892371	1535	-0.8399686	1.1442603
1892371	1536	-0.8442285	1.1109316
1892371	1537	-0.90279245	1.1863662
1892371	1538	-0.9810468	1.2703804
1892371	1539	-0.8237405	1.1491802
1892371	1540	-1.1209788	1.5733271
1892371	1541	-1.1220558	1.818193
1892371	1542	-1.0515592	1.7632959
1892371	1543	-1.0306163	1.4474151
1892371	1544	-1.1260897	1.6749289
1892371	1545	-0.98295486	1.4646852
1892371	1546	-0.99272716	1.6955633
1892371	1547	-1.0825284	1.764529
1892371	1548	-1.1590383	2.0459113
1892371	1549	-0.9168953	1.5759051
1892371	1550	-1.2200837	2.087925
1892371	1551	-1.3339741	2.3700323
1892371	1552	-0.9351859	1.7807479
1892371	1553	-1.0770061	1.8681779
1892371	1554	-1.0063848	1.4795625
1892371	1555	-0.96156716	1.4108135
1892371	1556	-1.2075434	1.7816839
1892371	1557	-1.2193673	2.1562102
1892371	1558	-1.0361453	1.8753488
1892371	1559	-0.92617	1.4735148
1892371	1560	-0.83328843	1.3163265
1892371	1561	-1.0637668	1.6573267
1892371	1562	-0.8775935	1.3149875
1892371	1563	-0.84148234	1.3138454
1892371	1564	-0.87810516	1.1790742
1892371	1565	-0.9712615	1.2145725
1892371	1566	-0.98044467	1.4602008
1892371	1567	-1.0324528	1.7809916
1892371	1568	-0.9256947	1.4504668
1892371	1569	-0.8264693	1.1722218
1892371	1570	-0.96843886	1.6080184
1892371	1571	-0.5802662	0.6958623
1892371	1572	-0.6470738	0.91893744
1892371	1573	-0.51910233	0.85223687
1892371	1574	-0.92296314	1.3438642
1892371	1575	-0.80762357	1.3337448
1892371	1576	-0.7430264	1.2579668
1892371	1577	-0.6657732	1.1797125
1892371	1578	-0.7472675	1.1726943
1892371	1579	-0.78587013	1.2431567
1892371	1580	-0.7915873	1.3094226
1892371	1581	-0.94539034	1.7976308
1892371	1582	-0.7539451	1.4529012
1892371	1583	-0.8844054	1.7005472
1892371	1584	-0.94166064	1.7783356
1892371	1585	-0.8073056	1.7244365
1892371	1586	-0.7915667	1.5884936
1892371	1587	-0.9394008	1.7808397
1892371	1588	-1.1097783	2.0363662
1892371	1589	-1.2293777	2.1781425
1892371	1590	-1.1641905	2.3002758
1892371	1591	-1.1250213	2.1242769
1892371	1592	-1.063457	2.0319643
1892371	1593	-1.0921783	2.6295626
1892371	1594	-1.1836402	2.3386757
1892371	1595	-1.3649812	2.4419224
1892371	1596	-0.8798065	1.7873783
1892371	1597	-1.0707973	1.6479716
1892371	1598	-1.0700951	1.9097714
1892371	1599	-1.0013684	2.0919185
1892371	1600	-1.0173824	1.9562447
1892371	1601	-1.0283701	2.0605152
1892371	1602	-1.1075811	2.185134
1892371	1603	-1.0517235	2.0106468
1892371	1604	-0.7925883	1.5026108
1892371	1605	-0.8612449	1.6343944
1892371	1606	-0.87164325	1.6639032
1892371	1607	-0.94665337	1.5686045
1892371	1608	-0.91311	1.5100585
1892371	1609	-0.8562813	1.5556207
1892371	1610	-0.8291085	1.5513699
1892371	1611	-0.8967042	1.6583185
1892371	1612	-0.8692099	1.5028112
1892371	1613	-0.959749	1.4861487
1892371	1614	-0.95628047	1.6713083
1892371	1615	-1.0993912	2.0301063
1892371	1616	-0.7485519	1.4923065
1892371	1617	-0.7482426	1.4324809
1892371	1618	-1.0549307	2.0248735
1892371	1619	-0.9672929	1.6905825
1892371	1620	-0.9951395	1.8620393
1892371	1621	-0.9507819	1.8562291
1892371	1622	-0.9080181	1.596813
1892371	1623	-0.97231394	1.5960197
1892371	1624	-0.85912657	1.5624094
1892371	1625	-0.66744	1.2050439
1892371	1626	-0.74061286	1.5265601
1892371	1627	-0.6974192	1.450364
1892371	1628	-0.76072955	1.468524
1892371	1629	-0.56449467	1.0500859
1892371	1630	-0.628641	1.0175385
1892371	1631	-0.7214041	1.0705284
1892371	1632	-0.8816427	1.2659007
1892371	1633	-0.8011112	1.2144076
1892371	1634	-0.791686	1.1710904
1892371	1635	-0.742677	0.976953
1892371	1636	-0.78709877	1.1436431
1892371	1637	-0.50358665	0.58686996
1892371	1638	-0.7101461	0.7912103
1892371	1639	-0.7066049	1.1124811
1892371	1640	-0.40458113	0.4559932
1892371	1641	-0.77801317	0.982316
1892371	1642	-0.54707724	0.8863772
1892371	1643	-0.75873	1.219799
1892371	1644	-0.6380163	1.0652193
1892371	1645	-0.6313308	1.0801332
1892371	1646	-0.58769184	1.0719379
1892371	1647	-0.63736093	1.0543841
1892371	1648	-0.6050444	1.0516998
1892371	1649	-0.53863883	0.80134964
1892371	1650	-0.5834477	0.6662239
1892371	1651	-0.4896635	0.7719126
1892371	1652	-0.5293202	0.67032623
1892371	1653	-0.27381545	0.3117313
1892371	1654	-0.5716736	0.7664726
1892371	1655	-0.50389653	0.65724516
1892371	1656	-0.5045169	0.71218145
1892371	1657	-0.43027797	0.9408653
1892371	1658	-0.69931066	1.0994399
1892371	1659	-0.5056037	0.95892084
1892371	1660	-0.8618671	1.339242
1892371	1661	-0.7989074	1.5832086
1892371	1662	-1.0866988	2.0256698
1892371	1663	-1.0145159	2.0312803
1892371	1664	-0.71306264	1.6496615
1892371	1665	-0.8258637	1.7622244
1892371	1666	-0.94162214	1.64732
1892371	1667	-0.7319233	1.1919593
1892371	1668	-0.7997471	1.1556515
1892371	1669	-0.6599779	0.87754226
1892371	1670	-0.82999897	0.876107
1892371	1671	-0.73588264	0.81735194
1892371	1672	-0.84485495	0.9345244
1892371	1673	-0.64911956	0.81531656
1892371	1674	-0.74414706	1.2950289
1892371	1675	-0.6339333	1.2136258
1892371	1676	-0.2637891	0.721367
1892371	1677	-0.38897896	0.6341703
1892371	1678	-0.5955548	0.93818927
1892371	1679	-0.41458786	0.60079575
1892371	1680	-0.6889566	0.9198934
1892371	1681	-0.49940488	0.77751136
1892371	1682	-0.394607	0.53225017
1892371	1683	-0.52127737	0.6404315
1892371	1684	-0.3525925	0.45039478
1892371	1685	-0.10933614	0.23292926
1892371	1686	-0.30973026	0.31144503
1892371	1687	-0.20511565	0.118490845
1892371	1688	-0.34829432	0.3792425
1892371	1689	-0.24687329	0.40339413
1892371	1690	-0.27876753	0.31716213
1892371	1691	-0.3505272	0.37978616
1892371	1692	-0.37180328	0.39256808
1892371	1693	-0.18157694	0.14669302
1892371	1694	0.079291224	-0.16227123
1892371	1695	0.03687972	-0.10935032
1892371	1696	-0.028975546	-0.061989337
1892371	1697	-0.26118314	0.120523185
1892371	1698	-0.18704012	0.16035482
1892371	1699	-0.22084227	0.21530667
1892371	1700	-0.19412053	0.26758274
1892371	1701	-0.1522452	0.4433618
1892371	1702	-0.46559337	0.7873348
1892371	1703	-0.17836708	0.63890326
1892371	1704	-0.36918873	0.69627
1892371	1705	-0.27619272	0.48580018
1892371	1706	-0.3214562	0.5676404
1892371	1707	-0.24381408	0.32743356
1892371	1708	0.05382216	-0.053697586
1892371	1709	0.26241434	-0.15597418
1892371	1710	0.4845205	-0.4823391
1892371	1711	0.4931512	-0.50901854
1892371	1712	0.24409246	-0.30963066
1892371	1713	0.06465471	-0.1522896
1892371	1714	0.07595968	-0.096782416
1892371	1715	0.21849275	-0.2847417
1892371	1716	0.2348578	-0.13103884
1892371	1717	0.41532236	-0.3301289
1892371	1718	0.7647761	-0.42866623
1892371	1719	0.37631994	-0.39107916
1892371	1720	0.19761646	-0.29061133
1892371	1721	0.2829665	-0.19424537
1892371	1722	0.24396181	-0.34733176
1892371	1723	-0.2001923	0.17044732
1892371	1724	0.18868196	-0.18421456
1892371	1725	0.2501799	-0.22176461
1892371	1726	0.49874043	-0.4773661
1892371	1727	0.26477903	-0.2574818
1892371	1728	0.3466857	-0.39268404
1892371	1729	0.19656849	-0.1925033
1892371	1730	0.32408804	-0.3537537
1892371	1731	0.12389946	-0.12100941
1892371	1732	0.019312859	0.044207066
1892371	1733	0.17637962	-0.12298438
1892371	1734	0.04049623	-0.041623145
1892371	1735	0.21152341	-0.21626386
1892371	1736	0.28077638	-0.3112473
1892371	1737	-0.012779444	0.011096984
1892371	1738	0.13943249	-0.13148758
1892371	1739	-0.00073200464	0.087673694
1892371	1740	0.115514874	-0.19279003
1892371	1741	0.1412481	-0.0913223
1892371	1742	0.17515385	-0.10730672
1892371	1743	0.07059926	-0.052726477
1892371	1744	-0.029929101	0.04195288
1892371	1745	0.062228978	0.09867379
1892371	1746	-0.085493326	0.15522555
1892371	1747	-0.26382303	0.258962
1892371	1748	-0.007907808	-0.045054942
1892371	1749	0.08359766	-0.15036902
1892371	1750	0.02548647	-0.10859814
1892371	1751	-0.03129646	-0.04215291
1892371	1752	-0.2173604	0.19943294
1892371	1753	-0.14843091	0.24481562
1892371	1754	-0.13440543	0.24214831
1892371	1755	0.03957522	-0.03963995
1892371	1756	0.07521099	-0.09263706
1892371	1757	0.06258649	-0.0935359
1892371	1758	0.0011619925	-0.029594421
1892371	1759	-0.219751	0.13484111
1892371	1760	-0.006219864	-0.03953457
1892371	1761	0.32936627	-0.41217905
1892371	1762	0.19011736	-0.23441324
1892371	1763	0.20148742	-0.06140381
1892371	1764	0.13275772	-0.2541756
1892371	1765	-0.019081593	-0.17871782
1892371	1766	0.10628736	-0.31053415
1892371	1767	0.25109297	-0.3497657
1892371	1768	0.34315234	-0.4755251
1892371	1769	0.034386396	-0.31479806
1892371	1770	-0.060316533	-0.13565433
1892371	1771	-0.01078099	0.12334469
1892371	1772	0.3030755	-0.18719977
1892371	1773	-0.19628444	0.30534527
1892371	1774	-0.14741436	0.18717197
1892371	1775	0.14679009	-0.06878969
1892371	1776	0.20851856	-0.15553078
1892371	1777	-0.11972821	0.15876535
1892371	1778	0.062415898	-0.011649996
1892371	1779	0.20701724	-0.148153
1892371	1780	0.06299853	-0.10083258
1892371	1781	0.13472116	0.008273572
1892371	1782	0.22988027	-0.11476311
1892371	1783	0.09835529	-0.10330826
1892371	1784	-0.23225251	0.11149588
1892371	1785	0.051112115	-0.049099833
1892371	1786	0.1611771	-0.21371402
1892371	1787	0.01748544	0.11973575
1892371	1788	0.11489725	-0.01784563
1892371	1789	0.41153944	-0.4273256
1892371	1790	0.11773485	-0.09222284
1892371	1791	-0.024291307	-0.015722692
1892371	1792	0.23073983	-0.11525592
1892371	1793	0.2149899	-0.13179606
1892371	1794	-0.4584317	0.6546849
1892371	1795	-0.06414887	0.21771368
1892371	1796	-0.0037329197	0.48144022
1892371	1797	0.057573855	0.29951343
1892371	1798	-0.20437646	0.47894427
1892371	1799	-0.032300115	0.3191506
1892371	1800	-0.23259547	0.42048475
1892371	1801	-0.0527426	0.27926484
1892371	1802	-0.23718444	0.45873234
1892371	1803	-0.09001887	0.3249953
1892371	1804	-0.11850041	0.15625593
1892371	1805	-0.1429111	0.08422145
1892371	1806	-0.090922296	0.07995626
1892371	1807	-0.29689127	0.449055
1892371	1808	0.15579587	-0.14879185
1892371	1809	-0.16887194	0.14867803
1892371	1810	0.27800775	-0.3745718
1892371	1811	0.1384027	-0.11841896
1892371	1812	0.19149053	-0.24249169
1892371	1813	0.3507259	-0.24234952
1892371	1814	0.3605985	-0.30610713
1892371	1815	0.30854422	-0.2699208
1892371	1816	0.22065687	-0.114263
1892371	1817	0.052778482	0.040456712
1892371	1818	0.0979771	-0.06067741
1892371	1819	0.027849257	-0.048626274
1892371	1820	0.19563347	-0.185002
1892371	1821	0.18370527	-0.07584229
1892371	1822	0.3253786	-0.34007934
1892371	1823	0.58796215	-0.60708624
1892371	1824	0.3786626	-0.35552335
1892371	1825	0.51343524	-0.5241428
1892371	1826	0.5974555	-0.57355225
1892371	1827	0.56089664	-0.53802145
1892371	1828	0.28754193	-0.39818478
1892371	1829	0.1422028	-0.22414589
1892371	1830	0.47554708	-0.5280558
1892371	1831	0.5316547	-0.58354247
1892371	1832	0.094601214	-0.11821622
1892371	1833	0.05701506	-0.010057896
1892371	1834	0.026278913	-0.003557831
1892371	1835	0.09570551	-0.090542406
1892371	1836	0.07629597	-0.06304914
1892371	1837	0.061454713	-0.14689034
1892371	1838	0.07841349	-0.18342417
1892371	1839	0.16452998	-0.27379853
1892371	1840	-0.0074204206	-0.029716074
1892371	1841	0.18342078	-0.100702256
1892371	1842	0.29789382	-0.26679727
1892371	1843	0.20946759	0.07695636
1892371	1844	0.38013613	-0.3385027
1892371	1845	0.22519863	-0.062534064
1892371	1846	0.26088816	-0.16035599
1892371	1847	0.0944559	-0.05653751
1892371	1848	-0.2723773	0.26481923
1892371	1849	-0.28780374	0.31191823
1892371	1850	0.12957859	-0.11020106
1892371	1851	0.14629662	-0.09082818
1892371	1852	-0.1893146	0.092361
1892371	1853	0.06606859	-0.17488435
1892371	1854	0.17418295	-0.21391225
1892371	1855	0.34427422	-0.37119827
1892371	1856	0.3378861	-0.45576423
1892371	1857	0.117020786	-0.228119
1892371	1858	0.17200726	-0.316867
1892371	1859	0.13927025	-0.2970335
1892371	1860	0.3851782	-0.536027
1892371	1861	0.44367868	-0.5357785
1892371	1862	0.65859497	-0.7796142
1892371	1863	0.71017396	-0.81417084
1892371	1864	0.6594672	-0.7732326
1892371	1865	0.3885507	-0.62474203
1892371	1866	-0.0084860325	-0.29715586
1892371	1867	0.60158503	-0.8195684
1892371	1868	0.7959225	-0.9339112
1892371	1869	0.7002289	-0.84231424
1892371	1870	0.62770855	-0.79750115
1892371	1871	0.42160654	-0.58374715
1892371	1872	0.5521996	-0.7053672
1892371	1873	0.60909	-0.73433137
1892371	1874	0.5846553	-0.710112
1892371	1875	0.53816676	-0.66718876
1892371	1876	0.50815606	-0.6387328
1892371	1877	0.50135136	-0.63387215
1892371	1878	0.5028411	-0.629462
1892371	1879	0.4921031	-0.61849934
1892371	1880	0.4756632	-0.60073423
1892371	1881	0.47343278	-0.600535
1892371	1882	0.47164196	-0.59496105
1892371	1883	0.4641052	-0.5883373
1892371	1884	0.44750553	-0.57152814
1892371	1885	0.4391309	-0.56795716
1892371	1886	0.44155455	-0.56901085
1892371	1887	0.4284004	-0.5561882
1892371	1888	0.40999967	-0.54086125
1892371	1889	0.40646976	-0.54121315
1892371	1890	0.40583384	-0.5396069
1892371	1891	0.40073675	-0.53438073
1892371	1892	0.38241386	-0.51654243
1892371	1893	0.37928623	-0.51788616
1892371	1894	0.37841094	-0.51515
1892371	1895	0.37233555	-0.5104171
1892371	1896	0.35544467	-0.4962251
1892371	1897	0.35124135	-0.49601674
1892371	1898	0.34914064	-0.4927518
1892371	1899	0.3461569	-0.4912044
1892371	1900	0.32893902	-0.47440794
1892371	1901	0.3300168	-0.4801803
1892371	1902	0.3279686	-0.476978
1892371	1903	0.3221221	-0.47178435
1892371	1904	0.30754727	-0.45955098
1892371	1905	0.30875683	-0.4652598
1892371	1906	0.29822767	-0.45449105
1892371	1907	0.30566698	-0.4646189
1892371	1908	0.29143083	-0.4471977
1892371	1909	0.28608435	-0.44554764
1892371	1910	0.28720778	-0.44648233
1892371	1911	0.27839178	-0.4372072
1892371	1912	0.26716304	-0.42747393
1892371	1913	0.26591092	-0.42949077
1892371	1914	0.2713123	-0.4348841
1892371	1915	0.2605641	-0.4235523
1892371	1916	0.251554	-0.41623095
1892371	1917	0.2506411	-0.41807362
1892371	1918	0.25473946	-0.422328
1892371	1919	0.2443831	-0.41132423
1892371	1920	0.23568457	-0.40420634
1892371	1921	0.23735154	-0.40892112
1892371	1922	0.24526459	-0.41877264
1892371	1923	0.23746222	-0.41077372
1892371	1924	0.2268526	-0.40012953
1892371	1925	0.22768104	-0.4040283
1892371	1926	0.23599726	-0.41372162
1892371	1927	0.22409713	-0.40086445
1892371	1928	0.21859467	-0.39698082
1892371	1929	0.21944225	-0.4012266
1892371	1930	0.22358668	-0.40625086
1892371	1931	0.21523726	-0.39759666
1892371	1932	0.20703685	-0.38990858
1892371	1933	0.20488054	-0.39005843
1892371	1934	0.2122333	-0.39868295
1892371	1935	0.20843178	-0.39424753
1892371	1936	0.20296627	-0.388446
1892371	1937	0.20284063	-0.39025927
1892371	1938	0.20934588	-0.3970384
1892371	1939	0.20784146	-0.39527157
1892371	1940	0.20285404	-0.38913628
1892371	1941	0.19778538	-0.3856547
1892371	1942	0.2047621	-0.39151394
1892371	1943	0.19889277	-0.38428643
1892371	1944	0.19385046	-0.37908047
1892371	1945	0.19282591	-0.3798469
1892371	1946	0.20677751	-0.39355856
1892371	1947	0.19909668	-0.38375342
1892371	1948	0.18888801	-0.3714906
1892371	1949	0.18658578	-0.37038323
1892371	1950	0.20396262	-0.38778907
1892371	1951	0.19491601	-0.37757608
1892371	1952	0.18877125	-0.36987805
1892371	1953	0.18338865	-0.36608446
1892371	1954	0.20476156	-0.38760567
1892371	1955	0.19634986	-0.37769264
1892371	1956	0.18870139	-0.3694781
1892371	1957	0.18369323	-0.36758333
1892371	1958	0.20455104	-0.3877262
1892371	1959	0.19191039	-0.37353572
1892371	1960	0.1879741	-0.36868525
1892371	1961	0.18173951	-0.36480486
1892371	1962	0.20331335	-0.38547915
1892371	1963	0.1809426	-0.36357325
1892371	1964	0.19268394	-0.37482458
1892371	1965	0.18572438	-0.36941493
1892371	1966	0.20602554	-0.3881715
1892371	1967	0.18968928	-0.3707444
1892371	1968	0.1883415	-0.3684562
1892371	1969	0.1798358	-0.36252117
1892371	1970	0.19831473	-0.3784673
1892371	1971	0.17765325	-0.35707256
1892371	1972	0.18617684	-0.36409298
1892371	1973	0.17888683	-0.3582591
1892371	1974	0.19514161	-0.37255403
1892371	1975	0.17978346	-0.35764217
1892371	1976	0.18668908	-0.3631167
1892371	1977	0.1769529	-0.35534018
1892371	1978	0.19623601	-0.3730624
1892371	1979	0.18393552	-0.35949057
1892371	1980	0.18008417	-0.3544669
1892371	1981	0.17622781	-0.35326117
1892371	1982	0.1975733	-0.37262323
1892371	1983	0.18516546	-0.35793406
1892371	1984	0.17815179	-0.34958532
1892371	1985	0.17431152	-0.3491032
1892371	1986	0.19569218	-0.3686992
1892371	1987	0.18758255	-0.36022395
1892371	1988	0.18749547	-0.35967118
1892371	1989	0.18116319	-0.35632813
1892371	1990	0.19871628	-0.37292305
1892371	1991	0.18390578	-0.35763207
1892371	1992	0.18588728	-0.35859042
1892371	1993	0.17689788	-0.35187662
1892371	1994	0.19410771	-0.3681662
1892371	1995	0.18246055	-0.35550195
1892371	1996	0.18084359	-0.35310817
1892371	1997	0.17458981	-0.34989634
1892371	1998	0.19775677	-0.3720872
1892371	1999	0.18351108	-0.35551962
1892371	2000	0.18091828	-0.35149592
1892371	2001	0.17091662	-0.34397024
1892371	2002	0.18999803	-0.36227217
1892371	2003	0.17423636	-0.3461113
1892371	2004	0.18103099	-0.3521537
1892371	2005	0.1726535	-0.34605873
1892371	2006	0.19571936	-0.36809158
1892371	2007	0.17206949	-0.3445015
1892371	2008	0.17927146	-0.3513378
1892371	2009	0.1714536	-0.34544438
1892371	2010	0.19146407	-0.36428046
1892371	2011	0.17697912	-0.34731266
1892371	2012	0.17178673	-0.34124628
1892371	2013	0.16627342	-0.33888242
1892371	2014	0.1882503	-0.3600435
1892371	2015	0.1752088	-0.34506282
1892371	2016	0.17107171	-0.34023243
1892371	2017	0.16627336	-0.33824363
1892371	2018	0.17534387	-0.34556764
1892371	2019	0.16844773	-0.33766595
1892371	2020	0.16126329	-0.32981905
1892371	2021	0.16406834	-0.33506557
1892371	2022	0.17927039	-0.3490317
1892371	2023	0.16489375	-0.33403242
1892371	2024	0.16582942	-0.3342412
1892371	2025	0.15680695	-0.32738137
1892371	2026	0.17272568	-0.3426967
1892371	2027	0.16035908	-0.32979286
1892371	2028	0.16303706	-0.33155304
1892371	2029	0.15567642	-0.32618484
1892371	2030	0.17162251	-0.34127012
1892371	2031	0.16340452	-0.3318522
1892371	2032	0.15988243	-0.32663912
1892371	2033	0.15013403	-0.31932402
1892371	2034	0.1676035	-0.33641165
1892371	2035	0.16197067	-0.32927793
1892371	2036	0.15923417	-0.32465315
1892371	2037	0.14990056	-0.31748828
1892371	2038	0.17363381	-0.34181967
1892371	2039	0.15872443	-0.32638904
1892371	2040	0.15744746	-0.32382333
1892371	2041	0.15080982	-0.3189006
1892371	2042	0.16842437	-0.33519864
1892371	2043	0.15076339	-0.317339
1892371	2044	0.15830088	-0.32440722
1892371	2045	0.15205711	-0.3194927
1892371	2046	0.168109	-0.33435273
1892371	2047	0.15488982	-0.31982592
1892371	2048	0.15267527	-0.31670892
1892371	2049	0.14489949	-0.31129402
1892371	2050	0.16707999	-0.3325674
1892371	2051	0.15307927	-0.3161472
1892371	2052	0.15186983	-0.31364864
1892371	2053	0.14898026	-0.31340545
1892371	2054	0.16779464	-0.3321433
1892371	2055	0.14717615	-0.31041452
1892371	2056	0.15693188	-0.32002914
1892371	2057	0.15026003	-0.31509632
1892371	2058	0.16650009	-0.3305769
1892371	2059	0.15285468	-0.31623787
1892371	2060	0.15751672	-0.32018518
1892371	2061	0.14859438	-0.31262004
1892371	2062	0.16624737	-0.3296767
1892371	2063	0.1515736	-0.31291696
1892371	2064	0.15292162	-0.31342492
1892371	2065	0.14102793	-0.30369288
1892371	2066	0.16564745	-0.32847875
1892371	2067	0.14678973	-0.30806708
1892371	2068	0.15515876	-0.31591457
1892371	2069	0.14463681	-0.30632034
1892371	2070	0.16281456	-0.3239991
1892371	2071	0.14670897	-0.3063028
1892371	2072	0.14968038	-0.3088094
1892371	2073	0.1425929	-0.30342484
1892371	2074	0.1613521	-0.32174554
1892371	2075	0.14940655	-0.3075723
1892371	2076	0.14643544	-0.30379894
1892371	2077	0.13968915	-0.29917622
1892371	2078	0.15775365	-0.31703356
1892371	2079	0.14623398	-0.3037997
1892371	2080	0.14587975	-0.30291831
1892371	2081	0.1403212	-0.29933137
1892371	2082	0.15722048	-0.31577477
1892371	2083	0.14351916	-0.30051178
1892371	2084	0.14418387	-0.30091313
1892371	2085	0.13890857	-0.2974958
1892371	2086	0.12652719	-0.28622872
1892371	2087	0.15057123	-0.3120813
1892371	2088	0.1500004	-0.308375
1892371	2089	0.13115197	-0.2899508
1892371	2090	0.14644486	-0.3063523
1892371	2091	0.12993538	-0.28850007
1892371	2092	0.13233155	-0.2907512
1892371	2093	0.12559235	-0.28551167
1892371	2094	0.14653039	-0.30582762
1892371	2095	0.13296407	-0.28937304
1892371	2096	0.13110882	-0.28619218
1892371	2097	0.12084055	-0.2778726
1892371	2098	0.14322823	-0.2997263
1892371	2099	0.12559491	-0.28114137
1892371	2100	0.13441199	-0.28969666
1892371	2101	0.12849754	-0.28510112
1892371	2102	0.15153366	-0.30853438
1892371	2103	0.13706678	-0.29269212
1892371	2104	0.13779998	-0.2931145
1892371	2105	0.12827808	-0.2854119
1892371	2106	0.14305711	-0.30021298
1892371	2107	0.13679552	-0.29237038
1892371	2108	0.13390028	-0.28837964
1892371	2109	0.12685263	-0.2833376
1892371	2110	0.14391154	-0.30023807
1892371	2111	0.13534528	-0.28971133
1892371	2112	0.13242811	-0.2857064
1892371	2113	0.1253038	-0.2801367
1892371	2114	0.1382482	-0.292768
1892371	2115	0.13154835	-0.28469425
1892371	2116	0.13168806	-0.28402016
1892371	2117	0.123536706	-0.27767587
1892371	2118	0.13593644	-0.29044133
1892371	2119	0.13238323	-0.28677386
1892371	2120	0.13390815	-0.2873584
1892371	2121	0.12435627	-0.2792824
1892371	2122	0.1398989	-0.29506254
1892371	2123	0.12537807	-0.2791543
1892371	2124	0.12727803	-0.2809805
1892371	2125	0.11972755	-0.27522886
1892371	2126	0.12808543	-0.2824816
1892371	2127	0.12913644	-0.28179362
1892371	2128	0.11944413	-0.2697938
1892371	2129	0.11450094	-0.26659912
1892371	2130	0.13002276	-0.28142738
1892371	2131	0.117349505	-0.26703167
1892371	2132	0.11768323	-0.26717338
1892371	2133	0.11593348	-0.2670934
1892371	2134	0.12854373	-0.27865887
1892371	2135	0.124278605	-0.27448112
1892371	2136	0.1246143	-0.27514285
1892371	2137	0.119537115	-0.27198964
1892371	2138	0.12682372	-0.2779616
1892371	2139	0.118030846	-0.26789606
1892371	2140	0.118159115	-0.26717576
1892371	2141	0.11264652	-0.26316178
1892371	2142	0.13221532	-0.2836025
1892371	2143	0.122944	-0.27335256
1892371	2144	0.12181699	-0.27164978
1892371	2145	0.112406254	-0.26410156
1892371	2146	0.1133402	-0.26483566
1892371	2147	0.121008694	-0.2724609
1892371	2148	0.12032992	-0.2695645
1892371	2149	0.11183792	-0.2612108
1892371	2150	0.12164068	-0.27062833
1892371	2151	0.11038345	-0.25828153
1892371	2152	0.11043459	-0.2580491
1892371	2153	0.10854876	-0.25751853
1892371	2154	0.122183084	-0.26994944
1892371	2155	0.11644757	-0.26365763
1892371	2156	0.115279555	-0.26265848
1892371	2157	0.10936087	-0.25888875
1892371	2158	0.12797856	-0.2776053
1892371	2159	0.110228	-0.2580279
1892371	2160	0.11189431	-0.25846785
1892371	2161	0.10654366	-0.2542141
1892371	2162	0.12389815	-0.27186698
1892371	2163	-0.1686523	-0.035028785
1892371	2164	-0.20718175	0.03161025
1892371	2165	-0.1714921	0.05899337
1892371	2166	-0.09944305	0.058486313
1892371	2167	-0.21131396	0.15387103
1892371	2168	-0.03811112	0.064263254
1892371	2169	-0.05127862	0.05366823
1892371	2170	0.03338456	-0.082913935
1892371	2171	0.15647829	-0.24002863
1892371	2172	0.07082343	-0.28508878
1892371	2173	0.09900403	-0.16007197
1892371	2174	0.36890817	-0.5327492
1892371	2175	0.312528	-0.6383008
1892371	2176	0.37840444	-0.74656105
1892371	2177	0.23492539	-0.53214484
1892371	2178	0.42904043	-0.7858796
1892371	2179	0.61636376	-0.91508716
1892371	2180	0.6050185	-0.87437075
1892371	2181	0.5398891	-0.8116957
1892371	2182	0.53780365	-0.8083023
1892371	2183	0.29793596	-0.5231186
1892371	2184	0.06789875	-0.2054292
1892371	2185	-0.011320114	-0.25883067
1892371	2186	0.34291673	-0.47938564
1892371	2187	0.34452873	-0.44080755
1892371	2188	0.20633757	-0.3974219
1892371	2189	0.3216734	-0.43722168
1892371	2190	0.35662162	-0.56077266
1892371	2191	0.43629462	-0.5739903
1892371	2192	0.55201495	-0.6765365
1892371	2193	0.43811142	-0.5894205
1892371	2194	0.319645	-0.49732226
1892371	2195	0.29233962	-0.4758825
1892371	2196	0.036204934	-0.21149838
1892371	2197	0.30477208	-0.48908144
1892371	2198	0.3777544	-0.5508983
1892371	2199	0.07136339	-0.2449247
1892371	2200	0.27725202	-0.4657956
1892371	2201	0.34600294	-0.5137565
1892371	2202	0.29781246	-0.4619984
1892371	2203	0.037895262	-0.10177711
1892371	2204	0.10036212	-0.26091817
1892371	2205	-0.1094386	-0.06831923
1892371	2206	-0.017416298	-0.12659058
1892371	2207	0.18690044	-0.29449746
1892371	2208	0.4504875	-0.56529593
1892371	2209	0.22841656	-0.40258104
1892371	2210	0.2157678	-0.42123845
1892371	2211	0.30056208	-0.39161658
1892371	2212	0.2515257	-0.40544704
1892371	2213	0.5504911	-0.6724711
1892371	2214	0.72033596	-0.9012704
1892371	2215	0.6327661	-0.7816622
1892371	2216	0.23800337	-0.42083848
1892371	2217	0.60936165	-0.8643905
1892371	2218	0.44898373	-0.61624503
1892371	2219	0.362414	-0.459982
1892371	2220	0.38361484	-0.4611939
1892371	2221	0.6186273	-0.7086609
1892371	2222	0.58823705	-0.712139
1892371	2223	0.5031408	-0.5544673
1892371	2224	0.26581705	-0.49196583
1892371	2225	0.423797	-0.5653941
1892371	2226	0.39789826	-0.5432914
1892371	2227	0.27800155	-0.44993395
1892371	2228	0.21151316	-0.48265666
1892371	2229	0.7774956	-1.0790591
1892371	2230	0.4708271	-0.67304087
1892371	2231	0.09147245	-0.2810929
1892371	2232	0.3633011	-0.58272827
1892371	2233	0.65971136	-0.8793217
1892371	2234	0.6891258	-0.869514
1892371	2235	0.41340923	-0.56429994
1892371	2236	0.9354156	-1.1321694
1892371	2237	1.3165911	-1.3584508
1892371	2238	1.780564	-1.6364478
1892371	2239	1.7598389	-1.5038507
1892371	2240	1.6619033	-1.4490097
1892371	2241	1.5727686	-1.388493
1892371	2242	1.5717121	-1.3868687
1892371	2243	1.4616946	-1.2970517
1892371	2244	1.4492617	-1.3205522
1892371	2245	1.4859824	-1.3413451
1892371	2246	1.4156939	-1.2685219
1892371	2247	2.694837	-2.316588
1892371	2248	3.1184115	-2.3476408
1892371	2249	2.9510398	-2.3011286
1892371	2250	2.9690423	-2.2931385
1892371	2251	2.9235249	-2.2712758
1892371	2252	1.0913049	-1.0452496
1892371	2253	0.98374367	-1.1391166
1892371	2254	1.6505293	-1.6803409
1892371	2255	1.6013583	-1.4121732
1892371	2256	1.6394407	-1.5585835
1892371	2257	1.7239155	-1.5892348
1892371	2258	1.2733643	-1.1941801
1892371	2259	1.2936908	-1.2087713
1892371	2260	1.1367922	-1.1583426
1892371	2261	1.4832199	-1.4667618
1892371	2262	1.7401003	-1.5865595
1892371	2263	1.7787524	-1.535558
1892371	2264	1.9648608	-1.7252562
1892371	2265	2.27219	-1.7849613
1892371	2266	2.8145657	-2.3082294
1892371	2267	3.656156	-2.5138192
1892371	2268	3.939292	-2.7594876
1892371	2269	5.0091667	-3.0790327
1892371	2270	4.944252	-3.0160239
1892371	2271	2.7761436	-3.1745608
1892371	2272	2.5226278	-3.1912246
1892371	2273	2.3674893	-3.094761
1892371	2274	0.65238416	-1.4005201
1892371	2275	0.5067136	-1.2626536
1892371	2276	0.5461694	-1.1921501
1892371	2277	0.514312	-1.1423086
1892371	2278	0.46836865	-1.0606732
1892371	2279	0.51948786	-1.1624638
1892371	2280	0.85861135	-1.3416401
1892371	2281	1.0067285	-1.5667988
1892371	2282	0.736699	-1.2316756
1892371	2283	0.5492704	-1.0160162
1892371	2284	0.5298228	-1.0617201
1892371	2285	0.30205256	-0.79557353
1892371	2286	0.092307985	-0.5699025
1892371	2287	0.10054833	-0.6489226
1892371	2288	-0.10383463	-0.28752065
1892371	2289	-0.18182999	-0.121702164
1892371	2290	-0.11333087	-0.28798473
1892371	2291	-0.09042618	-0.30449635
1892371	2292	-0.03940159	-0.39202255
1892371	2293	0.05710846	-0.5728991
1892371	2294	-0.07010445	-0.17562392
1892371	2295	-0.18272525	0.0910469
1892371	2296	0.08513039	-0.28552613
1892371	2297	0.16493148	-0.5239968
1892371	2298	0.2199561	-0.6589704
1892371	2299	0.037511706	-0.24316499
1892371	2300	0.13926172	-0.5442699
1892371	2301	0.18948781	-0.62299955
1892371	2302	0.050480485	-0.4385596
1892371	2303	0.23313278	-0.7431797
1892371	2304	0.065317154	-0.4130623
1892371	2305	0.30221838	-0.7188231
1892371	2306	0.20970678	-0.48171172
1892371	2307	0.121634364	-0.28234223
1892371	2308	0.09508383	-0.40362927
1892371	2309	0.11811346	-0.52466136
1892371	2310	0.10207081	-0.28481194
1892371	2311	0.11617637	-0.2602141
1892371	2312	0.077759445	-0.1741522
1892371	2313	0.31822515	-0.70646244
1892371	2314	0.11044878	-0.31944484
1892371	2315	0.28427088	-0.71513456
1892371	2316	0.25129062	-0.71775
1892371	2317	0.06525552	-0.32152542
1892371	2318	0.23815733	-0.66569656
1892371	2319	0.2598403	-0.71359724
1892371	2320	0.2640016	-0.7424108
1892371	2321	0.08870131	-0.358781
1892371	2322	0.0275262	-0.19251257
1892371	2323	0.14006317	-0.21618351
1892371	2324	0.20581937	-0.16390908
1892371	2325	0.25098717	-0.18601921
1892371	2326	0.2153058	-0.14410678
1892371	2327	0.30813873	-0.28350455
1892371	2328	0.3487603	-0.5599946
1892371	2329	0.39717704	-0.56132877
1892371	2330	0.9464227	-1.1663911
1892371	2331	0.59678924	-0.93679166
1892371	2332	0.53288555	-0.7817797
1892371	2333	0.29746836	-0.49212652
1892371	2334	0.65723765	-0.71672964
1892371	2335	0.50665724	-0.6377497
1892371	2336	0.4569295	-0.524362
1892371	2337	0.5733681	-0.86049426
1892371	2338	0.581197	-0.98348427
1892371	2339	0.4410175	-0.73034924
1892371	2340	0.13508844	-0.14472052
1892371	2341	0.31584	-0.30362317
1892371	2342	0.4401533	-0.50205916
1892371	2343	0.32513803	-0.4158919
1892371	2344	0.11673236	-0.11553761
1892371	2345	0.60019624	-0.7077575
1892371	2346	0.4262691	-0.42942312
1892371	2347	0.6449262	-0.7992352
1892371	2348	0.613307	-0.7401935
1892371	2349	0.40409178	-0.6539815
1892371	2350	0.46129066	-0.6212324
1892371	2351	0.6778263	-0.8018612
1892371	2352	0.24967158	-0.39455655
1892371	2353	0.6764895	-0.938628
1892371	2354	0.35487092	-0.44064334
1892371	2355	0.43299425	-0.5571803
1892371	2356	0.3957699	-0.57250625
1892371	2357	0.325913	-0.55897963
1892371	2358	0.50057423	-0.8964431
1892371	2359	0.39910078	-0.6648644
1892371	2360	0.34709316	-0.53002506
1892371	2361	0.39881963	-0.622972
1892371	2362	0.36870176	-0.44016984
1892371	2363	0.13887048	0.016477883
1892371	2364	0.16806519	-0.36592
1892371	2365	0.15374321	-0.48738343
1892371	2366	-0.0076413155	-0.1918068
1892371	2367	0.111009	-0.44881096
1892371	2368	0.101967335	-0.5202357
1892371	2369	0.13563836	-0.580726
1892371	2370	0.073948264	-0.5302105
1892371	2371	0.07963735	-0.55482996
1892371	2372	0.0973444	-0.5674873
1892371	2373	0.005209267	-0.34619874
1892371	2374	0.12822264	-0.5562848
1892371	2375	0.16605258	-0.6590374
1892371	2376	0.19769686	-0.709129
1892371	2377	0.17183137	-0.6852807
1892371	2378	0.1277805	-0.6220885
1892371	2379	0.13494599	-0.62834835
1892371	2380	0.15696406	-0.6749091
1892371	2381	0.18946934	-0.7019729
1892371	2382	0.123615205	-0.626428
1892371	2383	0.14298737	-0.6670328
1892371	2384	0.116258204	-0.625186
1892371	2385	0.13788009	-0.6676135
1892371	2386	0.13886338	-0.6698924
1892371	2387	0.14997631	-0.6917356
1892371	2388	0.16173935	-0.70780367
1892371	2389	0.13055342	-0.6668478
1892371	2390	0.12136978	-0.6508084
1892371	2391	0.1576832	-0.710291
1892371	2392	0.1347732	-0.6746573
1892371	2393	0.14470804	-0.6945866
1892371	2394	0.14462054	-0.6964759
1892371	2395	0.14177847	-0.69477594
1892371	2396	0.14074844	-0.6949707
1892371	2397	0.1389938	-0.6934927
1892371	2398	0.16980827	-0.5914972
1892371	2399	0.4320748	-0.93015265
1892371	2400	0.29843527	-0.7713453
1892371	2401	0.27510852	-0.78366804
1892371	2402	0.2463364	-0.7583568
1892371	2403	0.06823218	-0.415865
1892371	2404	0.23480535	-0.6058334
1892371	2405	0.08851802	-0.43712234
1892371	2406	-0.022527903	-0.27264068
1892371	2407	-0.19477788	-0.038115054
1892371	2408	-0.37607008	0.43173888
1892371	2409	-0.077919066	-0.19286475
1892371	2410	0.051102042	-0.44704613
1892371	2411	0.12887055	-0.57870513
1892371	2412	0.120617986	-0.5323354
1892371	2413	0.35054004	-0.8374413
1892371	2414	0.59271264	-1.2770727
1892371	2415	0.558048	-1.062033
1892371	2416	0.53767085	-0.97555304
1892371	2417	0.8522738	-1.1554856
1892371	2418	0.97089016	-1.3648779
1892371	2419	1.2492267	-1.6097987
1892371	2420	1.3148476	-1.6300958
1892371	2421	1.2189659	-1.5774271
1892371	2422	1.1464653	-1.4978542
1892371	2423	1.2479469	-1.6852474
1892371	2424	1.1626453	-1.5036609
1892371	2425	1.2330612	-1.7034413
1892371	2426	1.3712797	-1.7991275
1892371	2427	1.3635429	-1.6654924
1892371	2428	1.4042037	-1.8788719
1892371	2429	1.2805539	-1.593213
1892371	2430	1.2699406	-1.7278415
1892371	2431	1.2475593	-1.6119759
1892371	2432	1.3602521	-1.7964798
1892371	2433	0.9721581	-1.4865834
1892371	2434	0.61728203	-1.0107331
1892371	2435	0.8470589	-1.1737809
1892371	2436	1.1621147	-1.3777616
1892371	2437	1.3407596	-1.6010952
1892371	2438	1.4810917	-1.6747018
1892371	2439	1.8004555	-1.8990562
1892371	2440	1.9802505	-2.043884
1892371	2441	2.1444688	-2.1125667
1892371	2442	2.052178	-2.0379648
1892371	2443	2.5610056	-2.4332235
1892371	2444	2.8647566	-2.5221114
1892371	2445	2.5021758	-2.2786942
1892371	2446	2.2870173	-2.1783395
1892371	2447	2.1735592	-2.0956407
1892371	2448	1.9817034	-1.938512
1892371	2449	1.7238418	-1.715453
1892371	2450	1.6508213	-1.6918967
1892371	2451	1.6655227	-1.7021755
1892371	2452	1.7077638	-1.7634522
1892371	2453	1.7268091	-1.7692041
1892371	2454	1.8700472	-1.8798292
1892371	2455	1.9819809	-1.8909177
1892371	2456	2.0352087	-1.9509244
1892371	2457	2.377452	-2.1195257
1892371	2458	2.3619885	-2.0265396
1892371	2459	2.9468713	-2.4261813
1892371	2460	2.801156	-2.287169
1892371	2461	2.5256267	-2.0899081
1892371	2462	3.0998716	-2.4973338
1892371	2463	3.2389464	-2.4644527
1892371	2464	3.0869136	-2.4084663
1892371	2465	3.13209	-2.4136446
1892371	2466	3.2710762	-2.3240345
1892371	2467	3.2050304	-2.3269827
1892371	2468	1.7408282	-2.5938685
1892371	2469	0.9271982	-1.2048724
1892371	2470	0.67564225	-0.89748144
1892371	2471	0.5693401	-0.78789294
1892371	2472	0.46865588	-0.6504956
1892371	2473	0.43252534	-0.5891311
1892371	2474	0.41425788	-0.54963726
1892371	2475	0.3048442	-0.45655912
1892371	2476	0.24782288	-0.4422921
1892371	2477	0.19852519	-0.4071405
1892371	2478	0.33407587	-0.49587068
1892371	2479	0.2570318	-0.33398545
1892371	2480	0.25012678	-0.44843173
1892371	2481	0.14502251	-0.31951693
1892371	2482	0.17451328	-0.44238877
1892371	2483	0.20178151	-0.48009014
1892371	2484	0.21898067	-0.49388292
1892371	2485	0.034118235	-0.117583245
1892371	2486	0.082755625	-0.19986615
1892371	2487	0.0965482	-0.15947151
1892371	2488	0.15240794	-0.36756265
1892371	2489	0.13968778	-0.34579092
1892371	2490	-0.008081317	-0.026452512
1892371	2491	0.25259876	-0.4352904
1892371	2492	0.29024196	-0.42421153
1892371	2493	0.17010975	-0.36185786
1892371	2494	0.32854718	-0.5395099
1892371	2495	0.10712761	-0.25432026
1892371	2496	-0.002969265	-0.12160337
1892371	2497	-0.067448914	-0.11786154
1892371	2498	0.18450701	-0.45341194
1892371	2499	0.11052543	-0.30642006
1892371	2500	0.022531211	-0.19304094
1892371	2501	-0.17931613	0.1896188
1892371	2502	0.053701162	-0.27384192
1892371	2503	0.08185041	-0.31359637
1892371	2504	0.12589735	-0.40670508
1892371	2505	0.14026946	-0.4273011
1892371	2506	0.04376936	-0.1580165
1892371	2507	-0.07954955	-0.11175251
1892371	2508	-0.14663342	-0.039363593
1892371	2509	-0.115430176	0.07611099
1892371	2510	-0.055847466	0.0888519
1892371	2511	0.024860203	-0.22133386
1892371	2512	0.040130734	-0.24890944
1892371	2513	0.040233076	-0.26533392
1892371	2514	0.09202695	-0.32902488
1892371	2515	0.17371231	-0.38753727
1892371	2516	0.13009375	-0.40862143
1892371	2517	0.0955745	-0.22112463
1892371	2518	0.26342702	-0.47608623
1892371	2519	0.2524137	-0.3746933
1892371	2520	-0.04675281	-0.040539116
1892371	2521	0.16097373	-0.41487646
1892371	2522	0.11191577	-0.37091196
1892371	2523	0.25321966	-0.553378
1892371	2524	0.35848117	-0.56681377
1892371	2525	0.48063546	-0.77026093
1892371	2526	0.24533385	-0.55291367
1892371	2527	0.24425006	-0.6074113
1892371	2528	0.21574807	-0.60023177
1892371	2529	0.24543285	-0.56961524
1892371	2530	-0.0077350736	-0.2215352
1892371	2531	0.31249493	-0.54099834
1892371	2532	0.19795054	-0.43990728
1892371	2533	0.11036229	-0.21439102
1892371	2534	0.06535292	-0.069058895
1892371	2535	0.19117385	-0.16554499
1892371	2536	0.3993916	-0.6256126
1892371	2537	0.37564707	-0.46648735
1892371	2538	0.3849374	-0.58519423
1892371	2539	0.4923215	-0.760803
1892371	2540	0.63114333	-0.90856564
1892371	2541	0.6680037	-0.9181134
1892371	2542	1.1873931	-1.4835577
1892371	2543	1.3892864	-1.4687045
1892371	2544	1.5028378	-1.5067694
1892371	2545	1.48549	-1.4712354
1892371	2546	1.4569056	-1.2503707
1892371	2547	1.2966738	-1.234217
1892371	2548	1.1957822	-1.1621094
1892371	2549	1.2557704	-1.0763874
1892371	2550	1.1355628	-1.1265962
1892371	2551	0.99989676	-0.87104845
1892371	2552	0.83479893	-0.8587276
1892371	2553	0.788007	-0.8757984
1892371	2554	0.568434	-0.66315734
1892371	2555	0.47017598	-0.5581853
1892371	2556	0.06962675	-0.111946374
1892371	2557	-0.13921031	0.11332896
1892371	2558	-0.2095387	0.16775557
1892371	2559	-0.24488088	0.17920515
1892371	2560	-0.26822883	0.31572613
1892371	2561	-0.22663516	0.162177
1892371	2562	-0.21728987	0.10125944
1892371	2563	-0.22124559	0.07602933
1892371	2564	-0.18834737	-0.0021036863
1892371	2565	-0.18733725	-0.024145454
1892371	2566	-0.17843783	-0.0506714
1892371	2567	-0.20790741	0.0046541095
1892371	2568	-0.1946969	-0.015556902
1892371	2569	-0.2579888	0.21142492
1892371	2570	-0.13826108	-0.062288553
1892371	2571	-0.10117403	-0.004146397
1892371	2572	0.031291902	-0.2834078
1892371	2573	0.03993517	-0.32858846
1892371	2574	-0.11270365	-0.1091868
1892371	2575	-0.1182926	-0.11619738
1892371	2576	-0.016278476	-0.23199041
1892371	2577	-0.2617209	0.13123617
1892371	2578	-0.17141703	0.083595246
1892371	2579	-0.088380724	0.23667565
1892371	2580	-0.19696221	0.05607924
1892371	2581	-0.039616108	-0.08253169
1892371	2582	-0.2690066	0.16718438
1892371	2583	-0.053254634	-0.051600426
1892371	2584	0.07380414	-0.40594038
1892371	2585	0.23837805	-0.74280083
1892371	2586	-0.11859995	-0.164994
1892371	2587	-0.2706023	0.18801782
1892371	2588	-0.19863608	0.24404076
1892371	2589	-0.14568669	-0.00417307
1892371	2590	-0.14984569	-0.051176608
1892371	2591	-0.16289237	-0.067757815
1892371	2592	-0.2483199	0.2224305
1892371	2593	-0.18296304	0.13287202
1892371	2594	-0.120471835	0.109733015
1892371	2595	-0.05245772	0.0248487
1892371	2596	-0.044606835	0.009009749
1892371	2597	-0.19974437	0.17706141
1892371	2598	-0.08247009	-0.10242832
1892371	2599	0.043923497	-0.2896077
1892371	2600	-0.27914837	0.177115
1892371	2601	-0.034958065	-0.0041312873
1892371	2602	-0.03286946	-0.15644547
1892371	2603	-0.077599466	-0.14787254
1892371	2604	-0.039500564	-0.22496614
1892371	2605	-0.10738662	-0.13903323
1892371	2606	-0.15399545	-0.0721814
1892371	2607	-0.1978881	0.16620007
1892371	2608	0.11618477	-0.33228934
1892371	2609	0.024562359	-0.17664656
1892371	2610	0.19939202	-0.3864924
1892371	2611	-0.074275285	-0.14259824
1892371	2612	0.35259634	-0.6534942
1892371	2613	0.29323614	-0.61707544
1892371	2614	0.039943814	-0.392011
1892371	2615	0.29492384	-0.5224728
1892371	2616	0.032390893	-0.20156303
1892371	2617	-0.025612235	-0.18049616
1892371	2618	0.19266301	-0.430363
1892371	2619	-0.06172818	-0.19417801
1892371	2620	-0.08148068	-0.13392648
1892371	2621	-0.020762742	-0.026302218
1892371	2622	-0.24381316	0.22023973
1892371	2623	-0.014082253	-0.06429696
1892371	2624	-0.04922673	-0.013321608
1892371	2625	0.31447744	-0.51807153
1892371	2626	0.13597417	-0.4675049
1892371	2627	0.15910941	-0.31735778
1892371	2628	0.3374943	-0.4800173
1892371	2629	0.2536643	-0.4604558
1892371	2630	0.20654786	-0.4995671
1892371	2631	0.20703655	-0.54620117
1892371	2632	0.18541521	-0.594535
1892371	2633	0.29327828	-0.64039725
1892371	2634	0.27141708	-0.6972699
1892371	2635	0.26460218	-0.59982425
1892371	2636	0.2669149	-0.66651404
1892371	2637	0.23522073	-0.6577946
1892371	2638	0.18564463	-0.5287407
1892371	2639	0.2550817	-0.6309932
1892371	2640	0.24121618	-0.55504245
1892371	2641	0.4783401	-0.9015353
1892371	2642	0.35081238	-0.711894
1892371	2643	0.049776852	-0.38271546
1892371	2644	0.32228386	-0.62974465
1892371	2645	0.2592659	-0.47729465
1892371	2646	-0.04222524	-0.122780144
1892371	2647	0.4288653	-0.75861275
1892371	2648	0.23402923	-0.64232725
1892371	2649	0.22576088	-0.42696992
1892371	2650	0.31666076	-0.6114421
1892371	2651	0.12773782	-0.21178167
1892371	2652	0.21741086	-0.5769988
1892371	2653	0.24224281	-0.6702786
1892371	2654	0.07483107	-0.4097582
1892371	2655	0.33318442	-0.76732993
1892371	2656	0.35654014	-0.8130816
1892371	2657	0.40025198	-0.70564014
1892371	2658	0.37995464	-0.74583614
1892371	2659	0.5053537	-0.89787513
1892371	2660	0.6862744	-1.0859191
1892371	2661	0.5208442	-0.76776266
1892371	2662	0.3091731	-0.57706225
1892371	2663	0.1331405	-0.40932685
1892371	2664	0.119665146	-0.40592223
1892371	2665	0.07801145	-0.36052328
1892371	2666	0.08605009	-0.3897628
1892371	2667	0.26134282	-0.6048845
1892371	2668	0.3515008	-0.69268584
1892371	2669	0.45427525	-0.7963897
1892371	2670	0.7119528	-1.0931344
1892371	2671	0.7848058	-1.0913266
1892371	2672	0.8856237	-1.1337864
1892371	2673	0.950217	-0.9932711
1892371	2674	1.3086003	-1.2487587
1892371	2675	1.3122147	-1.0891492
1892371	2676	1.3730961	-1.1922474
1892371	2677	1.379001	-1.2107538
1892371	2678	1.2616407	-1.0231626
1892371	2679	1.5543	-1.3111862
1892371	2680	1.619963	-1.4130443
1892371	2681	1.5877904	-1.224244
1892371	2682	1.8339306	-1.2891734
1892371	2683	2.0174365	-1.4851174
1892371	2684	2.2666254	-1.5549324
1892371	2685	2.307808	-1.627254
1892371	2686	2.1875777	-1.5614444
1892371	2687	1.8321148	-1.4276745
1892371	2688	1.3705708	-1.1653856
1892371	2689	0.77256346	-0.7578718
1892371	2690	0.7056438	-0.8027023
1892371	2691	0.77341306	-0.9222286
1892371	2692	0.45445722	-0.5987293
1892371	2693	0.32473415	-0.4065493
1892371	2694	0.2692207	-0.40695816
1892371	2695	0.31236005	-0.5111093
1892371	2696	0.3022068	-0.54479027
1892371	2697	0.18909293	-0.3552014
1892371	2698	0.5424216	-0.79252905
1892371	2699	0.18111408	-0.4920319
1892371	2700	0.031851053	-0.2019017
1892371	2701	0.011729658	-0.124955535
1892371	2702	-0.16427696	0.13535479
1892371	2703	-0.08364895	-0.10576627
1892371	2704	-0.15678513	0.06842628
1892371	2705	-0.2612936	0.2940416
1892371	2706	-0.16613975	-0.005897939
1892371	2707	-0.28263107	0.23879555
1892371	2708	0.0154925585	-0.20346078
1892371	2709	-0.09600446	-0.15687728
1892371	2710	-0.09708783	-0.19919074
1892371	2711	0.08217788	-0.43651956
1892371	2712	0.14766002	-0.35264188
1892371	2713	0.01100415	-0.21038549
1892371	2714	0.20195538	-0.55810684
1892371	2715	0.26413852	-0.67526066
1892371	2716	0.2744345	-0.6819355
1892371	2717	0.24248838	-0.6356108
1892371	2718	0.23095948	-0.61360765
1892371	2719	0.21636552	-0.58931005
1892371	2720	0.20392531	-0.569297
1892371	2721	0.19192684	-0.5507481
1892371	2722	0.18259203	-0.5370308
1892371	2723	0.17024004	-0.5182099
1892371	2724	0.16221136	-0.50866824
1892371	2725	0.15250617	-0.49974987
1892371	2726	0.14482367	-0.48770958
1892371	2727	0.138969	-0.4829296
1892371	2728	0.12748772	-0.46825653
1892371	2729	0.11842859	-0.4619893
1892371	2730	0.11516172	-0.45568633
1892371	2731	0.112767816	-0.45437965
1892371	2732	0.10947323	-0.44726682
1892371	2733	0.10637963	-0.44670272
1892371	2734	0.10084772	-0.43714938
1892371	2735	0.09612352	-0.43401897
1892371	2736	0.09082788	-0.42533207
1892371	2737	0.08844131	-0.4267091
1892371	2738	0.08455473	-0.41962907
1892371	2739	0.047003746	-0.37509358
1892371	2740	0.038071632	-0.37222797
1892371	2741	0.034751296	-0.35561275
1892371	2742	0.03818351	-0.36869004
1892371	2743	0.03156638	-0.3593108
1892371	2744	0.03186035	-0.36235616
1892371	2745	0.029606104	-0.3586458
1892371	2746	0.0056660175	-0.1648446
1892371	2747	0.013550758	-0.2587179
1892371	2748	0.08221817	-0.37386253
1892371	2749	0.14535737	-0.4696433
1892371	2750	0.36477566	-0.7301841
1892371	2751	0.452061	-0.7850454
1892371	2752	0.6201308	-0.92267495
1892371	2753	0.81565595	-1.0964133
1892371	2754	0.84218156	-1.0333105
1892371	2755	0.84063256	-0.87182903
1892371	2756	1.0648242	-1.0255338
1892371	2757	1.1309582	-1.1346676
1892371	2758	1.6036562	-1.3817972
1892371	2759	1.7983824	-1.3581192
1892371	2760	2.1220183	-1.55257
1892371	2761	2.1551294	-1.4524455
1892371	2762	2.3747134	-1.6517826
1892371	2763	2.4687653	-1.6743815
1892371	2764	2.7210107	-1.8956364
1892371	2765	2.4498057	-1.7528558
1892371	2766	2.3762603	-1.6733725
1892371	2767	2.1685686	-1.5058538
1892371	2768	2.2214408	-1.4525958
1892371	2769	2.4191594	-1.694612
1892371	2770	2.1609955	-1.4754894
1892371	2771	1.9578995	-1.5313121
1892371	2772	2.4306388	-1.7812549
1892371	2773	2.1681232	-1.4905181
1892371	2774	1.5617527	-1.1763222
1892371	2775	1.8143331	-1.4830506
1892371	2776	1.810973	-1.2432536
1892371	2777	1.3380994	-2.5745838
1892371	2778	0.9948454	-2.4042184
1892371	2779	-0.03324297	-0.5287094
1892371	2780	-0.26392436	-0.06541067
1892371	2781	-0.38430634	0.24038598
1892371	2782	-0.41403073	0.32810345
1892371	2783	-0.39589906	0.27873978
1892371	2784	-0.42015868	0.4286392
1892371	2785	-0.43124276	0.40418288
1892371	2786	-0.40025288	0.3447987
1892371	2787	-0.40001905	0.3193573
1892371	2788	-0.38120633	0.27577314
1892371	2789	-0.35909688	0.26686135
1892371	2790	-0.35035056	0.21745166
1892371	2791	-0.33608446	0.19437614
1892371	2792	-0.36419505	0.37341306
1892371	2793	-0.40071207	0.285481
1892371	2794	-0.36347455	0.2774383
1892371	2795	-0.3560003	0.3485872
1892371	2796	-0.41763598	0.41970548
1892371	2797	-0.44343656	0.46601853
1892371	2798	-0.4538657	0.40604684
1892371	2799	-0.5308598	0.64439654
1892371	2800	-0.5539402	0.5576805
1892371	2801	-0.49335352	0.5186902
1892371	2802	-0.54758346	0.5940957
1892371	2803	-0.6765777	0.92476344
1892371	2804	-0.6370649	0.877373
1892371	2805	-0.79783237	1.0240598
1892371	2806	-0.7798979	1.1115087
1892371	2807	-0.7623871	1.0858158
1892371	2808	-0.7719748	1.110333
1892371	2809	-0.748831	1.0056348
1892371	2810	-0.8118105	1.2121134
1892371	2811	-0.53635436	0.85594773
1892371	2812	-0.5158797	0.98900354
1892371	2813	-0.70705247	1.0395851
1892371	2814	-0.39598468	0.7126193
1892371	2815	-0.75657606	1.2297015
1892371	2816	-0.6736152	1.1087879
1892371	2817	-0.50438386	0.9199048
1892371	2818	-0.6461613	1.1792417
1892371	2819	-0.69375163	1.0400864
1892371	2820	-0.3182127	0.579039
1892371	2821	-0.70610714	1.0645192
1892371	2822	-0.6479342	0.8701328
1892371	2823	-0.625503	0.8368399
1892371	2824	-0.23158982	0.28064594
1892371	2825	-0.21756357	0.07153216
1892371	2826	-0.3846886	0.541289
1892371	2827	0.024845898	-0.10742608
1892371	2828	-0.8553971	1.0804951
1892371	2829	-0.48596716	0.63764286
1892371	2830	-0.8480371	1.1935624
1892371	2831	-0.8302507	1.3123338
1892371	2832	-0.7809831	1.2151921
1892371	2833	-0.7306355	1.2258096
1892371	2834	-0.7729837	1.1973711
1892371	2835	-0.7015526	1.1306562
1892371	2836	-0.6985023	1.0706712
1892371	2837	-0.7658658	1.1684643
1892371	2838	-0.73792	1.1764358
1892371	2839	-0.6073219	0.97839284
1892371	2840	-0.56086504	0.8749291
1892371	2841	-0.5632757	0.87459266
1892371	2842	-0.45273277	0.80354166
1892371	2843	-0.6156711	0.92160237
1892371	2844	-0.69572765	1.1295986
1892371	2845	-0.65026945	1.0324135
1892371	2846	-0.69152296	1.0760227
1892371	2847	-0.71765846	1.1198366
1892371	2848	-0.72793597	1.1331431
1892371	2849	-0.78380287	1.2133213
1892371	2850	-0.77031714	1.238279
1892371	2851	-0.76486456	1.1923354
1892371	2852	-0.74196535	1.2021279
1892371	2853	-0.7158631	1.1065531
1892371	2854	-0.711478	1.1257577
1892371	2855	-0.68061745	1.1372116
1892371	2856	-0.7171811	1.2289861
1892371	2857	-0.6924619	1.1460001
1892371	2858	-0.53872615	0.9037672
1892371	2859	-0.6369808	0.9813808
1892371	2860	-0.71485	1.1070565
1892371	2861	-0.81832117	1.2825875
1892371	2862	-0.80073017	1.2614162
1892371	2863	-0.7999321	1.2475712
1892371	2864	-0.59878737	1.0020627
1892371	2865	-0.81942296	1.2647482
1892371	2866	-0.7121033	1.249633
1892371	2867	-0.6450287	1.0635456
1892371	2868	-0.63872087	1.0953467
1892371	2869	-0.711852	1.1517698
1892371	2870	-0.66288024	1.0998709
1892371	2871	-0.66022456	1.1190611
1892371	2872	-0.5306148	0.9613117
1892371	2873	-0.45663226	0.8781612
1892371	2874	-0.05106139	0.32379112
1892371	2875	0.13257188	0.15577957
1892371	2876	0.18747562	-0.051007897
1892371	2877	0.6122798	-0.5199691
1892371	2878	0.42950642	-0.07542387
1892371	2879	0.637766	-0.22450972
1892371	2880	0.6554408	-0.18248695
1892371	2881	0.63703716	0.07579699
1892371	2882	0.38683236	0.2552162
1892371	2883	0.52173865	-0.14462605
1892371	2884	0.47621274	-0.044327974
1892371	2885	0.84269	-0.5077544
1892371	2886	0.4204623	0.069208115
1892371	2887	0.59035945	-0.13977143
1892371	2888	0.4085338	-0.23928548
1892371	2889	0.66312456	-0.47206447
1892371	2890	0.96588826	-0.54941726
1892371	2891	1.2247978	-1.0270655
1892371	2892	1.3802186	-0.94412327
1892371	2893	1.3581736	-1.1078209
1892371	2894	1.264232	-0.9488129
1892371	2895	0.5622935	-0.25294596
1892371	2896	0.74306715	-0.42264342
1892371	2897	0.46856064	-0.27587754
1892371	2898	0.47664326	-0.31896117
1892371	2899	0.4393828	-0.27110332
1892371	2900	0.41997802	-0.31256944
1892371	2901	0.23050481	-0.08853719
1892371	2902	-0.0070213675	0.2855383
1892371	2903	-0.27571976	0.5552691
1892371	2904	-0.3103487	0.61224115
1892371	2905	-0.2794824	0.65071106
1892371	2906	-0.35909364	0.6402049
1892371	2907	-0.15546548	0.49134514
1892371	2908	-0.026610434	0.13571092
1892371	2909	0.010249257	0.090360194
1892371	2910	0.05404371	0.0021576881
1892371	2911	0.07042259	-0.026129246
1892371	2912	0.06430912	-0.0041588843
1892371	2913	0.053999066	-0.0029409528
1892371	2914	0.050603032	0.0048345625
1892371	2915	0.044743776	0.002668202
1892371	2916	0.039010167	0.011561513
1892371	2917	0.03774154	-0.005343586
1892371	2918	0.034288168	0.0017409325
1892371	2919	0.026801705	0.0014128387
1892371	2920	0.021485865	0.009996176
1892371	2921	0.019930363	-0.006262034
1892371	2922	0.017436981	-0.0011049807
1892371	2923	0.009646118	0.0012692511
1892371	2924	0.003939748	0.010478824
1892371	2925	0.004391372	-0.006451994
1892371	2926	0.005048394	-0.0032098293
1892371	2927	0.0019015074	-0.0056384504
1892371	2928	0.001866579	-0.00054085255
1892371	2929	0.0025054216	-0.016209126
1892371	2930	0.0027868748	-0.011225045
1892371	2931	-0.00073075294	-0.010896027
1892371	2932	-0.0026056767	-0.0052879453
1892371	2933	-0.0017523766	-0.01881069
1892371	2934	-0.0025505424	-0.009320438
1892371	2935	-0.004689753	-0.014964193
1892371	2936	-0.0057558417	-0.0071430802
1892371	2937	-0.032932162	0.012769252
1892371	2938	-0.029105216	-0.013732135
1892371	2939	-0.033053696	0.021457702
1892371	2940	-0.043055475	0.030503362
1892371	2941	-0.046669275	0.03999695
1892371	2942	-0.044823617	0.023577482
1892371	2943	-0.045852453	0.030683815
1892371	2944	-0.048086137	0.028799295
1892371	2945	-0.05117464	0.03876698
1892371	2946	-0.04933825	0.02236867
1892371	2947	-0.05019501	0.030952483
1892371	2948	-0.05235511	0.029616266
1892371	2949	-0.05406058	0.036313176
1892371	2950	-0.05319491	0.0140372515
1892371	2951	-0.05080241	0.019893706
1892371	2952	-0.0560818	0.012652695
1892371	2953	-0.06768003	0.06130275
1892371	2954	-0.06843686	0.03240347
1892371	2955	-0.066253036	0.04399106
1892371	2956	-0.037819058	0.001959473
1892371	2957	-0.035013676	0.008515567
1892371	2958	-0.03606993	0.007932484
1892371	2959	-0.03665185	0.016649902
1892371	2960	-0.033214927	-0.002276808
1892371	2961	-0.032558203	0.007576555
1892371	2962	-0.03412035	0.007350743
1892371	2963	-0.03549522	0.017002165
1892371	2964	-0.03223023	0.0008251667
1892371	2965	-0.031342864	0.0070945024
1892371	2966	-0.03070286	0.0014801025
1892371	2967	-0.031896472	0.0134141445
1892371	2968	-0.028960258	-0.0041202307
1892371	2969	-0.026543885	0.004889101
1892371	2970	-0.029224306	0.0021256208
1892371	2971	-0.027758658	0.010571301
1892371	2972	-0.022036225	-0.012035608
1892371	2973	-0.020857096	-0.0040404797
1892371	2974	-0.038261294	-0.010742605
1892371	2975	-0.0434452	0.018419892
1892371	2976	0.091805816	0.017209768
1892371	2977	-0.040243506	0.060786158
1892371	2978	-0.050459683	0.06622979
1892371	2979	-0.03179288	0.04596141
1892371	2980	-0.0436365	0.06362221
1892371	2981	-0.03869143	0.06032619
1892371	2982	-0.040911585	0.057010204
1892371	2983	-0.03998339	0.048033744
1892371	2984	-0.038961202	0.08870396
1892371	2985	-0.03253144	0.004303634
1892371	2986	-0.024586856	0.009968191
1892371	2987	-0.021633834	-0.0049274564
1892371	2988	0.10612297	0.0064448714
1892371	2989	0.5429094	-0.615592
1892371	2990	0.9007193	-0.71417785
1892371	2991	0.47031504	-0.15640146
1892371	2992	0.08531433	0.21517327
1892371	2993	0.2882322	-0.10257617
1892371	2994	0.48446983	-0.26122025
1892371	2995	0.5223341	-0.49321848
1892371	2996	0.838925	-0.88169146
1892371	2997	1.3601632	-1.2084522
1892371	2998	1.5301565	-1.3340961
1892371	2999	1.4536926	-1.1482303
1892371	3000	1.2153839	-0.87214607
1892371	3001	1.6725737	-1.7037926
1892371	3002	1.7458781	-1.6467551
1892371	3003	1.6237332	-1.5515038
1892371	3004	1.5424415	-1.554406
1892371	3005	1.4404527	-1.4898543
1892371	3006	1.3182125	-1.3910859
1892371	3007	1.2115918	-1.3688952
1892371	3008	1.1256098	-1.3238497
1892371	3009	1.05567	-1.3011683
1892371	3010	1.3048282	-1.5184366
1892371	3011	1.3543848	-1.6205485
1892371	3012	1.3877199	-1.5959128
1892371	3013	1.183375	-1.3473713
1892371	3014	1.0850255	-1.3810351
1892371	3015	0.9223578	-1.238532
1892371	3016	0.86775374	-1.2765899
1892371	3017	0.8771051	-1.3034465
1892371	3018	0.8221791	-1.115933
1892371	3019	0.7132478	-1.0071207
1892371	3020	0.54322696	-0.8570404
1892371	3021	0.5234724	-0.9699073
1892371	3022	0.38988584	-0.766582
1892371	3023	0.15322006	-0.5104398
1892371	3024	0.28128874	-0.6318657
1892371	3025	0.571648	-1.0983899
1892371	3026	0.67947686	-1.0133556
1892371	3027	0.6460359	-1.0919135
1892371	3028	0.7959157	-1.218578
1892371	3029	0.8638134	-1.2473115
1892371	3030	0.8279942	-1.1809583
1892371	3031	1.1006057	-1.4598335
1892371	3032	1.9629887	-2.05594
1892371	3033	2.3495584	-2.0459747
1892371	3034	2.3494258	-2.0184636
1892371	3035	2.4168925	-2.022769
1892371	3036	2.2805257	-1.9235797
1892371	3037	2.156474	-1.8968012
1892371	3038	2.0571666	-1.8177174
1892371	3039	2.4116383	-1.9603474
1892371	3040	2.360352	-1.8891329
1892371	3041	2.150227	-1.8021579
1892371	3042	2.0571618	-1.7811557
1892371	3043	2.5152307	-1.9997879
1892371	3044	2.9470148	-2.1455388
1892371	3045	2.8110204	-2.0624688
1892371	3046	2.4001217	-1.9087758
1892371	3047	1.8195072	-1.6473227
1892371	3048	1.5708884	-1.5270525
1892371	3049	0.74488866	-0.921978
1892371	3050	0.73033106	-1.0626245
1892371	3051	0.7364538	-1.0575335
1892371	3052	0.99682415	-1.2881474
1892371	3053	1.2998401	-1.5027204
1892371	3054	1.0368319	-1.1945266
1892371	3055	1.05275	-1.3058177
1892371	3056	1.0490668	-1.286839
1892371	3057	0.83337736	-1.0957377
1892371	3058	0.8341595	-1.143287
1892371	3059	0.8028505	-1.1112766
1892371	3060	0.3577789	-0.6870885
1892371	3061	0.10150623	-0.4843279
1892371	3062	0.018381298	-0.38603073
1892371	3063	0.078303754	-0.47789508
1892371	3064	0.07898092	-0.45450258
1892371	3065	-0.1426892	-0.22112218
1892371	3066	-0.14447483	-0.22223485
1892371	3067	-0.0746524	-0.30307347
1892371	3068	-0.058863968	-0.3309266
1892371	3069	-0.19330975	-0.16136897
1892371	3070	-0.15588224	-0.21795693
1892371	3071	-0.10699728	-0.28527537
1892371	3072	-0.05531892	-0.33959657
1892371	3073	-0.0071371794	-0.4200677
1892371	3074	0.08971286	-0.57181275
1892371	3075	0.10272968	-0.5816062
1892371	3076	0.09638667	-0.5692737
1892371	3077	0.057746768	-0.48867643
1892371	3078	0.11102086	-0.5077197
1892371	3079	0.15323263	-0.63178796
1892371	3080	0.20393091	-0.65487194
1892371	3081	0.15758061	-0.5973964
1892371	3082	0.15423131	-0.6145614
1892371	3083	0.14725554	-0.5999194
1892371	3084	0.17162228	-0.62394625
1892371	3085	0.14535254	-0.5829905
1892371	3086	0.16549194	-0.62363565
1892371	3087	0.15007597	-0.583961
1892371	3088	0.1889562	-0.6468488
1892371	3089	0.16872525	-0.6011135
1892371	3090	0.38661438	-0.81363153
1892371	3091	0.68806183	-1.176914
1892371	3092	0.5766736	-0.8955202
1892371	3093	0.5100665	-0.9102328
1892371	3094	0.504395	-0.88779294
1892371	3095	0.45720094	-0.8523152
1892371	3096	0.629709	-0.9976022
1892371	3097	0.7499651	-1.1488966
1892371	3098	0.6432934	-0.9631748
1892371	3099	0.70420694	-1.0172851
1892371	3100	0.6280918	-0.89573
1892371	3101	0.38246793	-0.67431426
1892371	3102	0.35974252	-0.6798375
1892371	3103	0.54041266	-0.8849275
1892371	3104	0.60596406	-0.93076277
1892371	3105	0.6541331	-1.0634681
1892371	3106	0.7629193	-1.1513462
1892371	3107	0.74241495	-1.0824678
1892371	3108	0.5829693	-0.9402673
1892371	3109	0.5789068	-0.9062958
1892371	3110	0.62410176	-1.0420676
1892371	3111	0.5864123	-0.96354437
1892371	3112	0.5771806	-0.989027
1892371	3113	0.38872588	-0.70851713
1892371	3114	0.5230663	-0.877377
1892371	3115	0.55722964	-0.9529773
1892371	3116	0.5774993	-0.9852904
1892371	3117	0.5375527	-0.87827265
1892371	3118	0.50079167	-0.9224087
1892371	3119	0.54467607	-0.9756905
1892371	3120	0.5096233	-0.9120879
1892371	3121	0.45902377	-0.8810469
1892371	3122	0.44434905	-0.881364
1892371	3123	0.4405495	-0.8760461
1892371	3124	0.44674027	-0.8973389
1892371	3125	0.4478675	-0.8905451
1892371	3126	0.43507755	-0.8838365
1892371	3127	0.42968756	-0.8774712
1892371	3128	0.4307307	-0.8935167
1892371	3129	0.4249032	-0.8784542
1892371	3130	0.41174668	-0.87284076
1892371	3131	0.4033928	-0.8606815
1892371	3132	0.41111326	-0.88894755
1892371	3133	0.40865964	-0.87303275
1892371	3134	0.39909977	-0.8715403
1892371	3135	0.4015224	-0.8717022
1892371	3136	0.40593582	-0.8867794
1892371	3137	0.40485275	-0.87772083
1892371	3138	0.3964554	-0.87418675
1892371	3139	0.39457566	-0.8698604
1892371	3140	0.39397568	-0.8767563
1892371	3141	0.4030556	-0.8873882
1892371	3142	0.39893275	-0.8825761
1892371	3143	0.40048504	-0.88371605
1892371	3144	0.40230215	-0.8942607
1892371	3145	0.2259708	-0.55707043
1892371	3146	0.6193999	-1.0949723
1892371	3147	0.85650766	-1.3212972
1892371	3148	0.9415554	-1.289374
1892371	3149	0.85571444	-1.1899651
1892371	3150	0.59932375	-0.9039905
1892371	3151	0.48182386	-0.9294133
1892371	3152	0.3415776	-0.73692596
1892371	3153	0.38556302	-0.8098694
1892371	3154	0.47760922	-0.9636749
1892371	3155	0.49827552	-0.96972513
1892371	3156	0.46362638	-0.92733026
1892371	3157	0.43224645	-0.89202094
1892371	3158	0.40792394	-0.8705516
1892371	3159	0.39339125	-0.854418
1892371	3160	0.38071173	-0.8509302
1892371	3161	0.36772174	-0.8325699
1892371	3162	0.34732008	-0.8165514
1892371	3163	0.33755642	-0.80687404
1892371	3164	0.32585132	-0.805812
1892371	3165	0.31619638	-0.7921674
1892371	3166	0.299766	-0.779563
1892371	3167	0.29058886	-0.769856
1892371	3168	0.2821225	-0.7740284
1892371	3169	0.2743683	-0.75958765
1892371	3170	0.2678144	-0.75980616
1892371	3171	0.26901877	-0.75970984
1892371	3172	0.26611483	-0.76672286
1892371	3173	0.26405203	-0.75675285
1892371	3174	0.25936496	-0.75921744
1892371	3175	0.25651687	-0.75062793
1892371	3176	0.25484294	-0.7595961
1892371	3177	0.25731367	-0.7586139
1892371	3178	0.25504214	-0.7583798
1892371	3179	0.25909036	-0.7609792
1892371	3180	0.26155597	-0.7713207
1892371	3181	0.26305813	-0.7653041
1892371	3182	0.26052123	-0.7682463
1892371	3183	0.25915748	-0.7611183
1892371	3184	0.25991166	-0.7729678
1892371	3185	0.260477	-0.7655504
1892371	3186	0.2600783	-0.7693856
1892371	3187	0.2640881	-0.7702818
1892371	3188	0.26619393	-0.7815542
1892371	3189	0.26377034	-0.77017546
1892371	3190	0.26039225	-0.7721219
1892371	3191	0.2539844	-0.760121
1892371	3192	0.2344507	-0.6353534
1892371	3193	0.2684906	-0.586187
1892371	3194	0.3853076	-0.81922495
1892371	3195	0.6456884	-1.1839681
1892371	3196	0.5510433	-0.9018676
1892371	3197	0.58405733	-1.064773
1892371	3198	0.6016722	-1.052116
1892371	3199	0.5262681	-0.9443221
1892371	3200	0.39756334	-0.8128925
1892371	3201	0.25787395	-0.58122635
1892371	3202	0.432939	-0.90459967
1892371	3203	0.54932356	-0.9612508
1892371	3204	0.62724006	-1.0993632
1892371	3205	0.6349555	-1.0527277
1892371	3206	0.5050069	-0.89081955
1892371	3207	0.43275166	-0.85116845
1892371	3208	0.40761578	-0.76304114
1892371	3209	0.4124571	-0.74610853
1892371	3210	0.27796274	-0.533377
1892371	3211	0.36269432	-0.720351
1892371	3212	0.47993255	-0.87767255
1892371	3213	0.4909923	-0.8774271
1892371	3214	0.2969004	-0.64851147
1892371	3215	0.27798885	-0.7018353
1892371	3216	0.25875038	-0.6498009
1892371	3217	0.24535859	-0.6655321
1892371	3218	0.25010765	-0.654631
1892371	3219	0.28891796	-0.7203603
1892371	3220	0.22884637	-0.6261711
1892371	3221	0.18269277	-0.5944417
1892371	3222	0.2103926	-0.6470244
1892371	3223	0.11120415	-0.5161175
1892371	3224	0.112425506	-0.55336225
1892371	3225	0.114126384	-0.5390091
1892371	3226	0.09794533	-0.5195987
1892371	3227	0.078018665	-0.50220156
1892371	3228	0.09398937	-0.47222194
1892371	3229	0.4628064	-1.0369829
1892371	3230	0.5227405	-0.9061556
1892371	3231	0.530895	-0.97368276
1892371	3232	0.45490772	-0.8977078
1892371	3233	0.25459182	-0.5736466
1892371	3234	0.27712166	-0.6168703
1892371	3235	0.3668062	-0.72807825
1892371	3236	0.23712873	-0.6841184
1892371	3237	0.329463	-0.6615064
1892371	3238	0.41401684	-0.7883546
1892371	3239	0.3213657	-0.67188954
1892371	3240	0.28983986	-0.54676396
1892371	3241	-0.05882305	-0.026504517
1892371	3242	-0.5491998	0.5403701
1892371	3243	-0.6158332	0.6476357
1892371	3244	-0.5360893	0.50357604
1892371	3245	-0.6026537	0.5996723
1892371	3246	-0.7460699	0.9025029
1892371	3247	-0.6210964	0.7233318
1892371	3248	-0.34370142	0.25586918
1892371	3249	-0.079422414	-0.20512247
1892371	3250	-0.3225	0.1657736
1892371	3251	-0.32965398	0.12822351
1892371	3252	-0.36294302	0.303678
1892371	3253	-0.0462206	-0.31511724
1892371	3254	0.15039915	-0.53146386
1892371	3255	0.17791277	-0.5591868
1892371	3256	0.1295296	-0.43835878
1892371	3257	0.07256144	-0.32774085
1892371	3258	0.22808456	-0.46040177
1892371	3259	0.11925173	-0.39589775
1892371	3260	0.22000653	-0.48633203
1892371	3261	-0.14870638	-0.14134419
1892371	3262	-0.34902436	0.06992611
1892371	3263	-0.46748224	0.22688654
1892371	3264	-0.41140282	0.15222362
1892371	3265	-0.34826574	0.14673147
1892371	3266	-0.14792496	-0.04839334
1892371	3267	-0.21859813	-0.1552859
1892371	3268	-0.41782835	0.21316203
1892371	3269	-0.5033174	0.38582483
1892371	3270	-0.50713724	0.33976135
1892371	3271	-0.26919478	0.030825526
1892371	3272	-0.39491573	0.24727795
1892371	3273	0.8367915	-1.0852937
1892371	3274	-0.50900334	0.40069303
1892371	3275	-0.9120078	0.91832507
1892371	3276	-0.9830973	1.2828027
1892371	3277	-0.99162626	1.4223154
1892371	3278	-1.0038441	1.4403281
1892371	3279	-1.0901926	1.6057241
1892371	3280	-1.0776334	1.624506
1892371	3281	-1.0614278	1.61426
1892371	3282	-1.0826919	1.6142621
1892371	3283	-1.0774324	1.5868235
1892371	3284	-0.923116	1.3259113
1892371	3285	-1.1034303	1.5888412
1892371	3286	-0.92580396	1.2865072
1892371	3287	-1.0893723	1.5318255
1892371	3288	-1.0896212	1.5117267
1892371	3289	-1.2452207	1.733449
1892371	3290	-1.2575479	1.8440318
1892371	3291	-1.2435411	1.8526046
1892371	3292	-1.237564	1.8336823
1892371	3293	-1.2123082	1.7865684
1892371	3294	-1.2269454	1.8191886
1892371	3295	-0.75436306	0.84227073
1892371	3296	-0.710081	0.7867296
1892371	3297	-0.63981056	0.48703244
1892371	3298	-0.5863778	0.37575302
1892371	3299	-0.60701925	0.4137301
1892371	3300	-0.43615347	0.17983559
1892371	3301	-0.39232013	0.09568438
1892371	3302	-0.17104065	-0.20084986
1892371	3303	-0.13825455	-0.23307933
1892371	3304	-0.42610252	0.33494553
1892371	3305	-0.83939207	0.12519905
1892371	3306	0.04136175	-0.6639164
1892371	3307	-1.0330606	0.5311669
1892371	3308	-0.7098397	1.4016911
1892371	3309	-0.040126532	-0.22287545
1892371	3310	-0.06513104	-0.1586394
1892371	3311	-0.060115635	-0.20892099
1892371	3312	-0.029873818	-0.21331696
1892371	3313	0.7271266	-1.7508034
1892371	3314	-0.38403076	-0.65726817
1892371	3315	-0.7281257	-0.4954937
1892371	3316	0.22851884	-0.571137
1892371	3317	-0.8803885	0.30598393
1892371	3318	0.20979792	-0.5879377
1892371	3319	0.14326912	-0.5553873
1892371	3320	-0.0142638385	-0.27816755
1892371	3321	-0.8461825	0.46220067
1892371	3322	-0.50198126	1.4101268
1892371	3323	0.011534512	-0.2000438
1892371	3324	-0.03795421	-0.034074187
1892371	3325	0.9607817	-1.6614794
1892371	3326	1.3628082	-1.0310783
1892371	3327	0.9660275	-0.6934186
1892371	3328	0.594769	-0.30039412
1892371	3329	-0.14296219	0.30983672
1892371	3330	0.15139902	1.4829859
1892371	3331	0.87373316	-1.5007904
1892371	3332	1.5692493	-0.9895073
1892371	3333	1.2559501	-0.64598125
1892371	3334	0.92061484	-0.23394409
1892371	3335	0.7349216	-0.15719992
1892371	3336	0.5114703	-0.21546064
1892371	3337	-0.10733515	0.37262955
1892371	3338	0.20010763	1.4708084
1892371	3339	0.89308834	-1.4782681
1892371	3340	1.7566463	-1.0004526
1892371	3341	1.4095834	-0.66196066
1892371	3342	1.0546802	-0.21936177
1892371	3343	0.10215467	0.25025496
1892371	3344	0.4268847	1.5004147
1892371	3345	0.78415966	0.050522834
1892371	3346	0.38928962	0.17305234
1892371	3347	1.2624289	-1.5492973
1892371	3348	1.9519645	-0.81141317
1892371	3349	1.4671382	-0.43126738
1892371	3350	1.1407943	-0.21585563
1892371	3351	0.9959854	-0.17145184
1892371	3352	0.8224753	-0.15819699
1892371	3353	0.11549592	0.16424558
1892371	3354	0.40675473	1.4217494
1892371	3355	0.95637023	-1.4419178
1892371	3356	2.01126	-0.97009623
1892371	3357	1.5267767	-0.6077681
1892371	3358	1.1981338	-0.35677323
1892371	3359	1.0517211	-0.24942154
1892371	3360	0.9087889	-0.20732582
1892371	3361	0.13499355	0.13231269
1892371	3362	0.44463372	1.4074641
1892371	3363	0.95208657	-1.4277275
1892371	3364	2.0539927	-0.92253023
1892371	3365	1.58965	-0.6687247
1892371	3366	1.245867	-0.33029592
1892371	3367	1.0740696	-0.21697676
1892371	3368	0.97013927	-0.24782881
1892371	3369	0.879575	-0.28450632
1892371	3370	0.16673058	0.091863304
1892371	3371	-0.07976934	0.1151202
1892371	3372	0.3036704	1.1667852
1892371	3373	0.9378779	-1.5055
1892371	3374	2.0927477	-0.9811255
1892371	3375	1.6040152	-0.6998652
1892371	3376	1.2375914	-0.29497844
1892371	3377	0.26636004	0.015485436
1892371	3378	0.5560502	1.4385805
1892371	3379	0.8636085	0.022242934
1892371	3380	0.4852304	0.21045014
1892371	3381	1.2312024	-1.5226574
1892371	3382	2.1424403	-0.8443705
1892371	3383	1.599784	-0.5576359
1892371	3384	1.2390218	-0.22363313
1892371	3385	0.3094768	0.0694215
1892371	3386	0.61797285	1.3883241
1892371	3387	0.99454534	-1.4122694
1892371	3388	2.1359382	-0.89075285
1892371	3389	1.5846719	-0.58393717
1892371	3390	1.2602396	-0.36506766
1892371	3391	1.1395168	-0.2774771
1892371	3392	1.0311656	-0.19666988
1892371	3393	0.20362574	0.08404204
1892371	3394	1.1507784	-0.21777236
1892371	3395	0.8125992	-0.3329025
1892371	3396	0.81228685	-0.26603633
1892371	3397	0.754169	-0.29760882
1892371	3398	0.6472645	-0.2696699
1892371	3399	0.123336315	0.054603726
1892371	3400	1.120535	-0.3100856
1892371	3401	-0.057558924	0.22401819
1892371	3402	1.0764434	-0.438773
1892371	3403	0.647774	-0.6305946
1892371	3404	0.57805943	-0.38406867
1892371	3405	-0.025227755	0.26247296
1892371	3406	0.2564432	1.4058398
1892371	3407	0.95505106	-1.5389334
1892371	3408	2.195436	-1.1775876
1892371	3409	1.732114	-0.8356521
1892371	3410	1.4033248	-0.57829267
1892371	3411	1.2307012	-0.4293615
1892371	3412	1.0922264	-0.32751366
1892371	3413	0.20847553	-0.024843961
1892371	3414	0.52574813	1.3226067
1892371	3415	0.9564835	-1.4314617
1892371	3416	2.189786	-0.9585278
1892371	3417	1.6788555	-0.71711195
1892371	3418	1.2828346	-0.29330117
1892371	3419	0.30315465	0.03935492
1892371	3420	0.61332834	1.3857858
1892371	3421	0.9717436	-1.3805783
1892371	3422	2.1875858	-0.87736094
1892371	3423	1.6337487	-0.6132879
1892371	3424	1.2516532	-0.23467201
1892371	3425	0.28623813	0.1520485
1892371	3426	0.6125835	1.4067569
1892371	3427	0.97402906	-1.3733227
1892371	3428	2.1676888	-0.84060776
1892371	3429	1.6359037	-0.64604914
1892371	3430	1.2403309	-0.24100472
1892371	3431	1.128606	-0.24144667
1892371	3432	1.0868752	-0.2681095
1892371	3433	0.237562	0.10639897
1892371	3434	0.563213	1.3552115
1892371	3435	0.9798217	-1.387943
1892371	3436	2.1813593	-0.874851
1892371	3437	1.6308006	-0.6486353
1892371	3438	1.229562	-0.2458206
1892371	3439	1.125155	-0.26454142
1892371	3440	1.0875951	-0.28702044
1892371	3441	0.24032265	0.09291747
1892371	3442	0.56056356	1.3545036
1892371	3443	0.9737874	-1.3910755
1892371	3444	2.176712	-0.8855613
1892371	3445	1.6231154	-0.6549198
1892371	3446	1.2433691	-0.2651987
1892371	3447	0.3116346	0.08459458
1892371	3448	0.60911834	1.3960711
1892371	3449	0.97831583	-1.3671207
1892371	3450	2.1672091	-0.83383644
1892371	3451	1.6218523	-0.6403064
1892371	3452	1.2501715	-0.24841543
1892371	3453	0.3410079	0.051400512
1892371	3454	0.6293988	1.412153
1892371	3455	0.9818634	-1.3378295
1892371	3456	2.1668782	-0.7994807
1892371	3457	1.6136407	-0.60562813
1892371	3458	1.2492744	-0.22745888
1892371	3459	0.35027826	0.069431335
1892371	3460	0.6371927	1.4407331
1892371	3461	0.9878454	-1.3239247
1892371	3462	2.1625862	-0.77892286
1892371	3463	1.5516897	-0.48554063
1892371	3464	1.2189772	-0.22691609
1892371	3465	1.1306139	-0.20656937
1892371	3466	1.1013273	-0.20743716
1892371	3467	0.23582709	0.13513526
1892371	3468	1.163119	-0.16292799
1892371	3469	0.9421818	-0.27530015
1892371	3470	0.9499551	-0.22526905
1892371	3471	0.9207705	-0.22910357
1892371	3472	0.8236824	-0.18855107
1892371	3473	0.16731924	0.0996187
1892371	3474	1.1480895	-0.25972056
1892371	3475	0.86929727	-0.38039184
1892371	3476	0.8670927	-0.33155653
1892371	3477	0.7888874	-0.31035966
1892371	3478	0.68920624	-0.29557428
1892371	3479	0.13821846	0.10382524
1892371	3480	0.3632186	1.3859476
1892371	3481	0.97795486	-1.4608624
1892371	3482	2.2727857	-1.0755763
1892371	3483	1.7626275	-0.84233725
1892371	3484	1.3756886	-0.42799336
1892371	3485	0.34349465	-0.036869884
1892371	3486	0.605129	1.3333961
1892371	3487	0.980798	-1.3755972
1892371	3488	2.204113	-0.9166479
1892371	3489	1.6532258	-0.6816362
1892371	3490	1.3216645	-0.42469105
1892371	3491	1.1959592	-0.3366449
1892371	3492	1.1062031	-0.25444427
1892371	3493	0.22552109	0.08758822
1892371	3494	1.1496398	-0.17872247
1892371	3495	0.9663638	-0.36706346
1892371	3496	0.9833573	-0.3233443
1892371	3497	0.97986925	-0.37661102
1892371	3498	0.8583379	-0.26725924
1892371	3499	0.15236908	0.09891543
1892371	3500	0.4218405	1.344943
1892371	3501	0.97299445	-1.4552568
1892371	3502	2.2461672	-1.0230478
1892371	3503	1.7055625	-0.7896192
1892371	3504	1.3131019	-0.38683188
1892371	3505	0.3360582	-0.022129208
1892371	3506	0.6005995	1.341766
1892371	3507	0.9585649	-1.3671973
1892371	3508	2.188383	-0.8872266
1892371	3509	1.64226	-0.69476795
1892371	3510	1.2619187	-0.299129
1892371	3511	0.34020507	0.03736165
1892371	3512	0.6140437	1.3834388
1892371	3513	0.95384383	-1.3240856
1892371	3514	2.1386333	-0.80293417
1892371	3515	1.5862182	-0.6096131
1892371	3516	1.2049694	-0.22323251
1892371	3517	1.1263311	-0.25627688
1892371	3518	1.1198047	-0.28431016
1892371	3519	0.24914968	0.10241231
1892371	3520	0.5573151	1.3521142
1892371	3521	0.95910025	-1.3463999
1892371	3522	2.150607	-0.84892464
1892371	3523	1.6013209	-0.6667179
1892371	3524	1.2120364	-0.2713328
1892371	3525	1.1352217	-0.31463945
1892371	3526	1.1284139	-0.32714093
1892371	3527	0.25994998	0.072945684
1892371	3528	0.5610994	1.3358177
1892371	3529	0.9436046	-1.3415037
1892371	3530	2.133615	-0.85055625
1892371	3531	1.5867697	-0.6665508
1892371	3532	1.2321423	-0.34361178
1892371	3533	1.1111586	-0.25339696
1892371	3534	1.1016036	-0.32727766
1892371	3535	0.24074316	0.08238605
1892371	3536	0.54194427	1.3206812
1892371	3537	0.9415816	-1.3480937
1892371	3538	2.1261868	-0.8532744
1892371	3539	1.5705065	-0.6473632
1892371	3540	1.1942103	-0.24002576
1892371	3541	0.32569426	0.050613135
1892371	3542	0.5945382	1.3882519
1892371	3543	0.84654963	0.18837485
1892371	3544	0.71638715	0.33446267
1892371	3545	1.1912636	-1.4183551
1892371	3546	2.152442	-0.7504589
1892371	3547	1.5870196	-0.53780603
1892371	3548	1.2311093	-0.20900378
1892371	3549	0.3719313	0.054338723
1892371	3550	0.6139389	1.3571848
1892371	3551	0.9739498	-1.3385245
1892371	3552	2.1241899	-0.7919977
1892371	3553	1.5738565	-0.62484264
1892371	3554	1.2061651	-0.22877914
1892371	3555	0.35001385	0.08390334
1892371	3556	0.60837936	1.3908676
1892371	3557	0.96930265	-1.3222914
1892371	3558	2.1092324	-0.7573075
1892371	3559	1.5613402	-0.6159568
1892371	3560	1.2042887	-0.21912917
1892371	3561	0.36472768	0.059739023
1892371	3562	0.6159767	1.4157045
1892371	3563	0.97452426	-1.3030621
1892371	3564	2.1183467	-0.7507349
1892371	3565	1.5530068	-0.5841131
1892371	3566	1.1960754	-0.19540471
1892371	3567	0.36675692	0.080465645
1892371	3568	0.6199516	1.4369458
1892371	3569	0.97080135	-1.2898275
1892371	3570	2.1115003	-0.73458654
1892371	3571	1.5495118	-0.5804725
1892371	3572	1.1953812	-0.18904549
1892371	3573	0.3650273	0.1004152
1892371	3574	0.6150552	1.4294211
1892371	3575	0.86620545	0.25299063
1892371	3576	0.80024254	0.37060985
1892371	3577	1.1790597	-1.3740895
1892371	3578	2.138033	-0.6937333
1892371	3579	1.5648988	-0.49128112
1892371	3580	1.2199172	-0.17954728
1892371	3581	0.40865147	0.06066689
1892371	3582	0.6269665	1.3806134
1892371	3583	0.9812124	-1.308774
1892371	3584	2.1017022	-0.7357191
1892371	3585	1.5277268	-0.55800754
1892371	3586	1.1786377	-0.1881544
1892371	3587	0.3741238	0.09249541
1892371	3588	0.6144688	1.4153076
1892371	3589	0.9697778	-1.2968671
1892371	3590	2.091218	-0.7202935
1892371	3591	1.5327581	-0.58642495
1892371	3592	1.186963	-0.20098692
1892371	3593	0.38044983	0.073340446
1892371	3594	0.6185807	1.4219131
1892371	3595	0.9729872	-1.2920685
1892371	3596	2.0949059	-0.7153557
1892371	3597	1.5220281	-0.55996394
1892371	3598	1.1744821	-0.17645973
1892371	3599	0.38103366	0.081436425
1892371	3600	0.62076247	1.4429368
1892371	3601	0.9683485	-1.27961
1892371	3602	2.091125	-0.7025124
1892371	3603	1.5258194	-0.56636876
1892371	3604	1.1817073	-0.18212152
1892371	3605	0.38884836	0.07427618
1892371	3606	0.62280524	1.440616
1892371	3607	0.9716146	-1.2782274
1892371	3608	2.0923276	-0.70229685
1892371	3609	1.523806	-0.56310445
1892371	3610	1.1780615	-0.17188373
1892371	3611	0.37380254	0.115632504
1892371	3612	0.6053648	1.4053335
1892371	3613	0.97399664	-1.2975447
1892371	3614	2.0761714	-0.7027842
1892371	3615	1.4750429	-0.49523604
1892371	3616	1.172003	-0.19242975
1892371	3617	0.351669	0.1476799
1892371	3618	0.56364286	1.3618759
1892371	3619	0.9814491	-1.3318329
1892371	3620	2.0539193	-0.72360426
1892371	3621	1.4660974	-0.5238684
1892371	3622	1.1614542	-0.20961662
1892371	3623	0.3540699	0.118344516
1892371	3624	0.55934525	1.3345797
1892371	3625	0.9861654	-1.350425
1892371	3626	2.0492792	-0.7253792
1892371	3627	1.4666	-0.53728706
1892371	3628	1.1570451	-0.2162288
1892371	3629	0.3565117	0.10628113
1892371	3630	0.5576657	1.3296462
1892371	3631	0.9884045	-1.3623426
1892371	3632	2.0542078	-0.7425178
1892371	3633	1.4582704	-0.52742505
1892371	3634	1.1432964	-0.20655504
1892371	3635	0.3539691	0.10854414
1892371	3636	0.55750656	1.3237914
1892371	3637	0.9877242	-1.3627715
1892371	3638	2.047172	-0.736819
1892371	3639	1.4545692	-0.5280313
1892371	3640	1.1515142	-0.23416136
1892371	3641	0.36286843	0.09435657
1892371	3642	0.55870163	1.3305745
1892371	3643	0.9889511	-1.3635015
1892371	3644	2.0521274	-0.74501455
1892371	3645	1.4560798	-0.53177655
1892371	3646	1.1430674	-0.21892011
1892371	3647	0.35778177	0.098665565
1892371	3648	0.55068636	1.3045918
1892371	3649	0.99088025	-1.3745931
1892371	3650	2.0367627	-0.73481214
1892371	3651	1.4485604	-0.5340127
1892371	3652	1.1396811	-0.2201664
1892371	3653	0.3568594	0.095051974
1892371	3654	0.5492213	1.3065283
1892371	3655	0.99142027	-1.3799075
1892371	3656	2.0311804	-0.7208102
1892371	3657	1.4405483	-0.5215289
1892371	3658	1.1360762	-0.20939463
1892371	3659	0.35394287	0.101371795
1892371	3660	0.5463804	1.3109558
1892371	3661	0.99364257	-1.3784566
1892371	3662	2.0420027	-0.744083
1892371	3663	1.4471197	-0.5300894
1892371	3664	1.1397147	-0.22769034
1892371	3665	0.35947537	0.0946171
1892371	3666	0.54829216	1.3024938
1892371	3667	0.9948653	-1.3838258
1892371	3668	2.0408268	-0.7462268
1892371	3669	1.4449763	-0.5299332
1892371	3670	1.137188	-0.22887608
1892371	3671	0.36073935	0.091911584
1892371	3672	0.54942393	1.3041903
1892371	3673	0.9942348	-1.3860375
1892371	3674	2.0417547	-0.7479924
1892371	3675	1.4434032	-0.52682686
1892371	3676	1.1381214	-0.23745215
1892371	3677	0.36614805	0.084518045
1892371	3678	0.55237603	1.3087263
1892371	3679	0.9941251	-1.381805
1892371	3680	2.042388	-0.7462423
1892371	3681	1.4409283	-0.5232751
1892371	3682	1.1366475	-0.2342283
1892371	3683	0.3656572	0.09272233
1892371	3684	0.5534669	1.3121896
1892371	3685	0.99276805	-1.3803829
1892371	3686	2.0394797	-0.7425918
1892371	3687	1.4376124	-0.5200811
1892371	3688	1.1330514	-0.22937086
1892371	3689	0.36462963	0.09306833
1892371	3690	0.5502322	1.3060254
1892371	3691	0.99337363	-1.3839673
1892371	3692	2.0362587	-0.74254626
1892371	3693	1.438793	-0.527766
1892371	3694	1.1320366	-0.23177265
1892371	3695	0.36631167	0.08819863
1892371	3696	0.5482249	1.2964946
1892371	3697	0.99516296	-1.387208
1892371	3698	2.034285	-0.7438052
1892371	3699	1.4361176	-0.52436274
1892371	3700	1.1304722	-0.23289056
1892371	3701	0.36832434	0.08642778
1892371	3702	0.5519444	1.3060918
1892371	3703	0.9932244	-1.385448
1892371	3704	2.0338516	-0.73585385
1892371	3705	1.4350302	-0.5224575
1892371	3706	1.1291871	-0.22700028
1892371	3707	0.37099636	0.07964137
1892371	3708	0.5512804	1.3071071
1892371	3709	0.993237	-1.3822684
1892371	3710	2.0367289	-0.7411798
1892371	3711	1.4331123	-0.51761514
1892371	3712	1.127784	-0.22740528
1892371	3713	0.36929464	0.08920798
1892371	3714	0.55066586	1.3043615
1892371	3715	0.99301505	-1.3845861
1892371	3716	2.0343223	-0.7430158
1892371	3717	1.4340744	-0.52386075
1892371	3718	1.126655	-0.22990721
1892371	3719	0.37069434	0.08491525
1892371	3720	0.5498357	1.2988244
1892371	3721	0.9945005	-1.3886763
1892371	3722	2.030446	-0.734756
1892371	3723	1.4347092	-0.52729
1892371	3724	1.1330926	-0.24197386
1892371	3725	0.37818635	0.070299715
1892371	3726	0.5579406	1.3241316
1892371	3727	0.9838432	-1.3833787
1892371	3728	2.024713	-0.71210396
1892371	3729	1.4157939	-0.49652356
1892371	3730	1.1187484	-0.20154953
1892371	3731	0.35762775	0.102567464
1892371	3732	0.544449	1.3148115
1892371	3733	0.993317	-1.3844403
1892371	3734	2.0387187	-0.73685485
1892371	3735	1.4372581	-0.52026135
1892371	3736	1.1317103	-0.22848564
1892371	3737	1.067928	-0.16580227
1892371	3738	0.28557223	0.12362984
1892371	3739	0.44273663	1.3759193
1892371	3740	0.9060527	-1.319851
1892371	3741	1.9378163	-0.56881803
1892371	3742	1.3732712	-0.4119224
1892371	3743	1.0979377	-0.07172996
1892371	3744	0.25466144	0.30675575
1892371	3745	0.54277253	1.4845816
1892371	3746	0.9831358	-1.3317318
1892371	3747	2.0473285	-0.68789124
1892371	3748	1.414704	-0.35025206
1892371	3749	1.1545763	-0.14422831
1892371	3750	0.31076205	0.23818496
1892371	3751	0.5466844	1.4337841
1892371	3752	0.9972844	-1.3448187
1892371	3753	2.0579414	-0.7101176
1892371	3754	1.469673	-0.49134338
1892371	3755	1.1684215	-0.19015262
1892371	3756	0.34616107	0.15864095
1892371	3757	0.55034876	1.3712075
1892371	3758	1.012433	-1.3722038
1892371	3759	2.0732236	-0.7449573
1892371	3760	1.4765593	-0.5138283
1892371	3761	1.1724002	-0.2279309
1892371	3762	0.3646524	0.12206647
1892371	3763	0.55484796	1.3390588
1892371	3764	1.0143418	-1.3837551
1892371	3765	2.0638022	-0.73598754
1892371	3766	1.4670076	-0.5117577
1892371	3767	1.1592426	-0.2123652
1892371	3768	0.36945677	0.10744348
1892371	3769	0.55632806	1.3353952
1892371	3770	1.0075486	-1.3818362
1892371	3771	2.0666742	-0.7556306
1892371	3772	1.4645991	-0.5219748
1892371	3773	1.1511915	-0.22435343
1892371	3774	0.37329584	0.09753862
1892371	3775	0.55636823	1.3164175
1892371	3776	1.0071557	-1.3893837
1892371	3777	2.0571928	-0.74767363
1892371	3778	1.4567429	-0.52080816
1892371	3779	1.145629	-0.22321606
1892371	3780	0.37281042	0.09740254
1892371	3781	0.55184793	1.3010362
1892371	3782	1.0095547	-1.3948414
1892371	3783	2.0527787	-0.74902976
1892371	3784	1.451852	-0.52045727
1892371	3785	1.140899	-0.22366479
1892371	3786	0.37783128	0.09041044
1892371	3787	0.5566621	1.3071187
1892371	3788	1.0064224	-1.3899297
1892371	3789	2.0553737	-0.7522224
1892371	3790	1.4553655	-0.52775043
1892371	3791	1.137589	-0.22190262
1892371	3792	0.37995684	0.08606765
1892371	3793	0.5537069	1.2922139
1892371	3794	1.0086061	-1.3969715
1892371	3795	2.0524983	-0.7558125
1892371	3796	1.5016819	-0.6235252
1892371	3797	1.1469827	-0.24652271
1892371	3798	0.4207527	0.0050180256
1892371	3799	0.6003407	1.3265913
1892371	3800	1.0049572	-1.3713915
1892371	3801	2.087717	-0.7476863
1892371	3802	1.4996427	-0.5728793
1892371	3803	1.295462	-0.20438397
1892371	3804	0.42198026	0.044617146
1892371	3805	0.6271986	1.275775
1892371	3806	1.0337425	0.09454766
1892371	3807	1.352356	-1.4162642
1892371	3808	2.1346316	-0.53616774
1892371	3809	1.5321983	-0.37522957
1892371	3810	1.3617975	-0.075473696
1892371	3811	0.8003224	-0.17182246
1892371	3812	0.30396217	0.25760558
1892371	3813	0.47712547	1.3473114
1892371	3814	1.0631709	-1.3371578
1892371	3815	2.0721464	-0.64520407
1892371	3816	1.5203041	-0.49958414
1892371	3817	1.2168463	-0.18988004
1892371	3818	0.3084274	0.26797184
1892371	3819	0.57768035	1.5502062
1892371	3820	1.0580411	-1.3270594
1892371	3821	2.1847615	-0.75570583
1892371	3822	1.591494	-0.5597221
1892371	3823	1.2563839	-0.24229452
1892371	3824	0.35709298	0.23352352
1892371	3825	0.6126274	1.5069947
1892371	3826	0.8737805	0.30329075
1892371	3827	0.7566602	0.35065356
1892371	3828	0.7769195	-0.2856565
1892371	3829	1.7059444	-1.6223116
1892371	3830	2.2350898	-0.63297087
1892371	3831	1.5995456	-0.42966586
1892371	3832	1.3043648	-0.21823838
1892371	3833	0.37046653	0.19066122
1892371	3834	0.5599147	1.3770714
1892371	3835	1.0987756	-1.4169402
1892371	3836	2.1935778	-0.7554233
1892371	3837	1.5920736	-0.56712484
1892371	3838	1.2490608	-0.22504766
1892371	3839	0.36781967	0.18592635
1892371	3840	0.60309494	1.4673232
1892371	3841	1.0537243	-1.3510182
1892371	3842	2.192575	-0.7343972
1892371	3843	1.5807441	-0.54427886
1892371	3844	1.2395014	-0.22255766
1892371	3845	0.38790977	0.1781722
1892371	3846	0.6072655	1.4572295
1892371	3847	1.04912	-1.33883
1892371	3848	2.1772518	-0.7196743
1892371	3849	1.5692145	-0.53855366
1892371	3850	1.232366	-0.22374567
1892371	3851	0.4242854	0.105653256
1892371	3852	0.62934923	1.4600466
1892371	3853	1.0443771	-1.3248676
1892371	3854	2.1747003	-0.7086444
1892371	3855	1.5539747	-0.5107384
1892371	3856	1.2146134	-0.20522565
1892371	3857	0.4257548	0.14610997
1892371	3858	0.62212753	1.4336709
1892371	3859	1.0383284	-1.3242097
1892371	3860	2.149105	-0.6999393
1892371	3861	1.5360807	-0.51061964
1892371	3862	1.2016343	-0.20801774
1892371	3863	0.44430315	0.09520897
1892371	3864	0.6326767	1.4350159
1892371	3865	0.8870301	0.27585456
1892371	3866	0.83981633	0.38957855
1892371	3867	1.1971328	-1.383028
1892371	3868	2.1280227	-0.6266474
1892371	3869	1.529194	-0.42717025
1892371	3870	1.2050325	-0.18380904
1892371	3871	0.45832127	0.12421486
1892371	3872	0.61255	1.35819
1892371	3873	1.0269564	-1.3471636
1892371	3874	2.1098123	-0.7011936
1892371	3875	1.5191764	-0.5344629
1892371	3876	1.1830801	-0.2273812
1892371	3877	0.46927488	0.0313752
1892371	3878	0.63429	1.3917482
1892371	3879	1.0146058	-1.3319958
1892371	3880	2.1182446	-0.69269854
1892371	3881	1.5075363	-0.5062589
1892371	3882	1.1597193	-0.18517497
1892371	3883	0.4347288	0.12772778
1892371	3884	0.58220196	1.3218781
1892371	3885	1.0220569	-1.3701777
1892371	3886	2.0794077	-0.7102752
1892371	3887	1.4923385	-0.5386063
1892371	3888	1.1514379	-0.20998906
1892371	3889	0.4483453	0.065077454
1892371	3890	0.6099726	1.3553313
1892371	3891	1.0083013	-1.3487619
1892371	3892	2.089634	-0.69514716
1892371	3893	1.4834406	-0.5034032
1892371	3894	1.1381005	-0.17739981
1892371	3895	0.44566888	0.08678725
1892371	3896	0.6143768	1.3894851
1892371	3897	0.9997368	-1.3336167
1892371	3898	2.087874	-0.68775177
1892371	3899	1.4902208	-0.5143169
1892371	3900	1.1450884	-0.18599051
1892371	3901	0.45522302	0.06422195
1892371	3902	0.62147474	1.398591
1892371	3903	0.99915767	-1.3257021
1892371	3904	2.0917015	-0.68471515
1892371	3905	1.4912508	-0.50782645
1892371	3906	1.1449735	-0.18326718
1892371	3907	0.46064907	0.06029144
1892371	3908	0.6262189	1.4068784
1892371	3909	0.9955131	-1.3175718
1892371	3910	2.0916986	-0.682654
1892371	3911	1.4904183	-0.50459397
1892371	3912	1.1455928	-0.18225577
1892371	3913	0.45834666	0.07294956
1892371	3914	0.62121415	1.4033232
1892371	3915	0.9941379	-1.320225
1892371	3916	2.0895233	-0.6796192
1892371	3917	1.4893514	-0.5049311
1892371	3918	1.1442001	-0.18186054
1892371	3919	0.4639659	0.059960812
1892371	3920	0.6269623	1.4124187
1892371	3921	0.9920362	-1.3128648
1892371	3922	2.0863748	-0.6705147
1892371	3923	1.4818939	-0.49063063
1892371	3924	1.1418782	-0.17730364
1892371	3925	0.4632107	0.06470683
1892371	3926	0.62493527	1.4194725
1892371	3927	1.0032444	-1.3418111
1892371	3928	-0.08387312	-0.16993639
1892371	3929	1.4624904	-0.5706823
1892371	3930	1.242937	-0.43772358
1892371	3931	1.2225798	-0.22190936
1892371	3932	0.2504021	0.13843527
1892371	3933	0.5323256	1.3687376
1892371	3934	1.027127	-1.3570323
1892371	3935	2.1555328	-0.6674688
1892371	3936	1.5624677	-0.4953668
1892371	3937	1.3228706	-0.077531785
1892371	3938	1.0231256	-0.13208508
1892371	3939	0.32671154	0.24886873
1892371	3940	0.5807235	1.3886746
1892371	3941	1.0628011	0.18335596
1892371	3942	1.4319888	-1.4061118
1892371	3943	2.2244806	-0.5366776
1892371	3944	1.5990943	-0.27674946
1892371	3945	1.3081212	-0.03414142
1892371	3946	0.3742751	0.3601953
1892371	3947	0.5846039	1.4851041
1892371	3948	1.0482268	0.42174134
1892371	3949	1.2953548	-1.3758538
1892371	3950	2.1308775	-0.57450104
1892371	3951	1.5600733	-0.3736878
1892371	3952	1.2858958	-0.15529001
1892371	3953	0.3789872	0.29065362
1892371	3954	0.59108067	1.4588474
1892371	3955	1.1047097	-1.3864913
1892371	3956	2.1643672	-0.702808
1892371	3957	1.5763723	-0.51389766
1892371	3958	1.278773	-0.24409388
1892371	3959	0.39716995	0.26828566
1892371	3960	0.5897485	1.4619918
1892371	3961	0.85177886	0.44810644
1892371	3962	1.0263033	0.10985008
1892371	3963	0.86674786	-0.32189637
1892371	3964	0.8930242	-0.44321752
1892371	3965	0.86615133	-0.49073595
1892371	3966	0.8080324	-0.50574785
1892371	3967	1.515607	-1.7349303
1892371	3968	2.1048079	-0.7615414
1892371	3969	1.4841808	-0.5351531
1892371	3970	1.2857292	-0.18155894
1892371	3971	0.33168536	0.15121791
1892371	3972	0.51684487	1.4071089
1892371	3973	0.81869304	0.22677448
1892371	3974	1.0030344	-0.0017037094
1892371	3975	0.6568799	-0.15454227
1892371	3976	1.5937294	-1.6680031
1892371	3977	2.1273346	-0.65997064
1892371	3978	1.4756495	-0.45588553
1892371	3979	1.0063596	0.25788495
1892371	3980	0.27085453	0.41456386
1892371	3981	0.57212496	1.5533342
1892371	3982	0.84065235	0.30176136
1892371	3983	0.5323775	0.48660573
1892371	3984	0.6310518	-0.06074357
1892371	3985	1.6368538	-1.6086625
1892371	3986	2.1347346	-0.56353664
1892371	3987	1.4513892	-0.22137211
1892371	3988	1.1536891	-0.028186232
1892371	3989	0.25730067	0.4083763
1892371	3990	0.54161775	1.556282
1892371	3991	0.82884014	0.29494205
1892371	3992	0.5961201	0.5086019
1892371	3993	0.6892432	-0.12429401
1892371	3994	1.6683046	-1.6339784
1892371	3995	2.1397724	-0.60018957
1892371	3996	1.501748	-0.38903272
1892371	3997	1.204861	-0.08923966
1892371	3998	0.2982388	0.29988727
1892371	3999	0.5656301	1.5908959
1892371	4000	0.82838345	0.3788102
1892371	4001	1.0561761	0.02194339
1892371	4002	0.82070124	-0.25917447
1892371	4003	0.8095137	-0.44766548
1892371	4004	0.90478504	-0.67822045
1892371	4005	1.5666162	-1.7507648
1892371	4006	2.171876	-0.8498257
1892371	4007	1.5495161	-0.5803672
1892371	4008	1.3475201	-0.30543035
1892371	4009	1.3786538	-0.63275313
1892371	4010	0.43185413	-0.22490071
1892371	4011	0.49832582	1.036162
1892371	4012	0.9378984	-0.18379456
1892371	4013	0.6377008	-0.21636993
1892371	4014	1.0781738	-0.47705117
1892371	4015	0.67577314	-0.2553514
1892371	4016	0.62457395	-0.27527067
1892371	4017	0.65112543	-0.2943836
1892371	4018	0.8205979	-0.723821
1892371	4019	1.5484308	-1.9302366
1892371	4020	2.0698442	-1.036054
1892371	4021	1.4219937	-0.62690914
1892371	4022	1.0427215	-0.25514412
1892371	4023	0.8289157	-0.15200227
1892371	4024	0.6384603	-0.1964694
1892371	4025	0.121326506	0.25159183
1892371	4026	0.3698207	1.4476095
1892371	4027	1.0949308	-1.5285686
1892371	4028	2.156107	-0.93844557
1892371	4029	1.5589622	-0.634547
1892371	4030	1.1877239	-0.27485886
1892371	4031	0.2257278	0.24515155
1892371	4032	0.5289992	1.5219053
1892371	4033	1.0627987	-1.4395719
1892371	4034	2.201621	-0.8503846
1892371	4035	1.5962898	-0.5947779
1892371	4036	1.1897634	-0.22158417
1892371	4037	1.0557028	-0.14560029
1892371	4038	1.0046858	-0.18695742
1892371	4039	0.15325302	0.2901627
1892371	4040	0.48363954	1.4731649
1892371	4041	1.0790868	-1.4342384
1892371	4042	2.22156	-0.8648201
1892371	4043	1.6444031	-0.64649415
1892371	4044	1.2336565	-0.2523861
1892371	4045	1.1205145	-0.2433994
1892371	4046	1.0939939	-0.2663517
1892371	4047	0.21419454	0.21774712
1892371	4048	0.5206331	1.4421773
1892371	4049	1.0769144	-1.4242903
1892371	4050	2.2287254	-0.87192416
1892371	4051	1.6676432	-0.66813684
1892371	4052	1.3045652	-0.31855166
1892371	4053	0.36829686	0.12228355
1892371	4054	0.611045	1.4573616
1892371	4055	0.85498273	0.20394573
1892371	4056	0.75741386	0.32453957
1892371	4057	1.3039156	-1.4719161
1892371	4058	2.1959472	-0.7273574
1892371	4059	1.6248487	-0.51666266
1892371	4060	1.2951251	-0.25050068
1892371	4061	0.42393672	0.0953196
1892371	4062	0.6509476	1.4414016
1892371	4063	1.0461814	-1.3558221
1892371	4064	2.1689987	-0.76942
1892371	4065	1.6252569	-0.5960636
1892371	4066	1.2784874	-0.26275307
1892371	4067	0.4256565	0.100657016
1892371	4068	0.65765476	1.4757941
1892371	4069	1.0375296	-1.327036
1892371	4070	2.145894	-0.7326586
1892371	4071	1.601	-0.5703414
1892371	4072	1.2610676	-0.23255678
1892371	4073	0.42598164	0.115487784
1892371	4074	0.6606574	1.4949672
1892371	4075	0.86832047	0.2775617
1892371	4076	0.8000977	0.43667737
1892371	4077	1.2162231	-1.374214
1892371	4078	2.124867	-0.6389707
1892371	4079	1.5647794	-0.44505566
1892371	4080	1.2432022	-0.1726248
1892371	4081	0.45491463	0.112739295
1892371	4082	0.67757225	1.473991
1892371	4083	0.8619659	0.30444112
1892371	4084	0.8293545	0.44191095
1892371	4085	1.1798931	-1.3505694
1892371	4086	2.0955043	-0.63363785
1892371	4087	1.5656174	-0.47917384
1892371	4088	1.2438463	-0.19815427
1892371	4089	0.4767514	0.095787615
1892371	4090	0.6753981	1.4367146
1892371	4091	1.0010194	-1.294499
1892371	4092	2.0736303	-0.6862296
1892371	4093	1.5544232	-0.55596524
1892371	4094	1.2145457	-0.20351902
1892371	4095	0.45138884	0.09354094
1892371	4096	0.67160034	1.4807684
1892371	4097	0.8564074	0.29966256
1892371	4098	0.8204986	0.46015212
1892371	4099	1.183248	-1.3481301
1892371	4100	2.0802388	-0.59782505
1892371	4101	1.5499884	-0.46104628
1892371	4102	1.2309438	-0.17224035
1892371	4103	0.47188127	0.12186715
1892371	4104	0.67309403	1.4329848
1892371	4105	0.8457266	0.31221768
1892371	4106	0.824069	0.46383694
1892371	4107	1.1409281	-1.3353428
1892371	4108	2.0579014	-0.61478263
1892371	4109	1.5441016	-0.48853633
1892371	4110	1.223992	-0.20034337
1892371	4111	0.48678863	0.09285852
1892371	4112	0.6714108	1.4148022
1892371	4113	0.8350582	0.61836696
1892371	4114	0.9474535	-1.1610932
1892371	4115	1.7074395	-0.44323003
1892371	4116	0.31166518	0.36674008
1892371	4117	0.5730486	1.6047449
1892371	4118	0.85931194	0.48759362
1892371	4119	0.64502025	0.60772216
1892371	4120	1.3215636	-1.4032409
1892371	4121	1.9987246	-0.44568518
1892371	4122	1.4204354	-0.28359747
1892371	4123	1.1296158	0.016214252
1892371	4124	0.23604745	0.47395977
1892371	4125	0.5577929	1.643076
1892371	4126	0.8630508	0.4914982
1892371	4127	0.91748893	0.36480632
1892371	4128	0.7618948	0.21261743
1892371	4129	1.5343541	-1.5036005
1892371	4130	2.1486511	-0.57810616
1892371	4131	1.5439833	-0.37980872
1892371	4132	1.2352548	-0.11103979
1892371	4133	0.31673223	0.32626644
1892371	4134	0.5836016	1.4965954
1892371	4135	1.1518247	-1.3885108
1892371	4136	1.9675022	-0.5767247
1892371	4137	1.4604077	-0.3979026
1892371	4138	1.1560522	-0.076886356
1892371	4139	0.23855299	0.3988661
1892371	4140	0.53816307	1.6329145
1892371	4141	0.87201893	0.40776482
1892371	4142	0.6466851	0.4698451
1892371	4143	1.2740508	-1.4074863
1892371	4144	2.1469517	-0.6439165
1892371	4145	1.5436305	-0.39905462
1892371	4146	1.1957351	-0.14022774
1892371	4147	1.0844517	-0.12054747
1892371	4148	1.0506576	-0.16264433
1892371	4149	0.22528112	0.3377439
1892371	4150	0.51335216	1.4664567
1892371	4151	0.8315344	0.3626763
1892371	4152	0.6682751	0.42265972
1892371	4153	1.3152751	-1.4287745
1892371	4154	2.1237621	-0.63958925
1892371	4155	1.5711678	-0.4699491
1892371	4156	1.2277929	-0.20077223
1892371	4157	1.1385595	-0.21648137
1892371	4158	1.123469	-0.24783878
1892371	4159	0.2669859	0.25051877
1892371	4160	0.52867174	1.3905494
1892371	4161	1.0820477	-1.3505535
1892371	4162	2.0962095	-0.73812044
1892371	4163	1.5581807	-0.58552516
1892371	4164	1.2069546	-0.2431488
1892371	4165	1.1289741	-0.2659536
1892371	4166	1.1264188	-0.29469913
1892371	4167	0.26364338	0.2273756
1892371	4168	0.52171206	1.3860366
1892371	4169	1.0642086	-1.3406475
1892371	4170	2.0673356	-0.7250627
1892371	4171	1.5433139	-0.5965369
1892371	4172	1.2021704	-0.25374502
1892371	4173	1.1306211	-0.27385825
1892371	4174	1.1276474	-0.29442218
1892371	4175	0.2603565	0.22532633
1892371	4176	0.5201999	1.3763515
1892371	4177	0.7957076	0.32990864
1892371	4178	0.6818056	0.39682654
1892371	4179	1.2330567	-1.4074435
1892371	4180	2.0757976	-0.68624413
1892371	4181	1.5394253	-0.51264894
1892371	4182	1.1987307	-0.2435428
1892371	4183	1.1533126	-0.3059913
1892371	4184	1.155207	-0.29628676
1892371	4185	0.29897225	0.16291961
1892371	4186	0.5478014	1.3506716
1892371	4187	1.0347997	-1.3314146
1892371	4188	2.0227056	-0.73435587
1892371	4189	1.512596	-0.6007974
1892371	4190	1.170245	-0.25831628
1892371	4191	1.1238519	-0.30372357
1892371	4192	1.1466154	-0.3350022
1892371	4193	0.28641325	0.18787912
1892371	4194	0.5328512	1.3292538
1892371	4195	1.0213747	-1.3391145
1892371	4196	1.993754	-0.7232579
1892371	4197	1.4780318	-0.57309526
1892371	4198	1.1425999	-0.23360014
1892371	4199	1.1113318	-0.29978675
1892371	4200	1.155399	-0.3607999
1892371	4201	0.29523367	0.15241715
1892371	4202	0.53965545	1.3324319
1892371	4203	1.0121915	-1.3298244
1892371	4204	1.9879297	-0.72718155
1892371	4205	1.4888511	-0.6077005
1892371	4206	1.1474744	-0.24318601
1892371	4207	1.1117451	-0.30719182
1892371	4208	1.1546891	-0.36484244
1892371	4209	0.29432034	0.15406016
1892371	4210	0.5468528	1.327715
1892371	4211	1.0098507	-1.3280365
1892371	4212	1.9763609	-0.7213502
1892371	4213	1.4844174	-0.6090574
1892371	4214	1.1476879	-0.24663685
1892371	4215	1.1121076	-0.30696526
1892371	4216	1.17068	-0.3888287
1892371	4217	0.30463988	0.13770649
1892371	4218	0.5525948	1.3161819
1892371	4219	1.0080731	-1.3289872
1892371	4220	1.9745601	-0.7230716
1892371	4221	1.4814503	-0.6088287
1892371	4222	1.145558	-0.24862662
1892371	4223	1.1081662	-0.30362427
1892371	4224	1.1560882	-0.37251204
1892371	4225	0.29353398	0.14733937
1892371	4226	0.54832387	1.3237802
1892371	4227	1.0034107	-1.3290404
1892371	4228	1.9680074	-0.71475077
1892371	4229	1.4724927	-0.5961037
1892371	4230	1.140268	-0.23858477
1892371	4231	1.1075002	-0.30005342
1892371	4232	1.1529615	-0.36274737
1892371	4233	0.28237396	0.16658828
1892371	4234	0.535813	1.3154601
1892371	4235	1.0063728	-1.3379469
1892371	4236	1.9700567	-0.7288831
1892371	4237	1.4764639	-0.60772264
1892371	4238	1.1429168	-0.25079483
1892371	4239	1.1116681	-0.31685376
1892371	4240	1.1607713	-0.38194835
1892371	4241	0.29469436	0.13846245
1892371	4242	0.54716563	1.3208272
1892371	4243	1.0051274	-1.3344727
1892371	4244	1.979278	-0.7376387
1892371	4245	1.4799491	-0.6064959
1892371	4246	1.1430259	-0.25256723
1892371	4247	1.1091634	-0.3119921
1892371	4248	1.1643716	-0.38893175
1892371	4249	0.29870552	0.13826665
1892371	4250	0.5552021	1.3203403
1892371	4251	1.0052179	-1.3326598
1892371	4252	1.976858	-0.7379781
1892371	4253	1.4838265	-0.61603045
1892371	4254	1.1464168	-0.26000777
1892371	4255	1.1088002	-0.31175828
1892371	4256	1.1594788	-0.38365853
1892371	4257	0.2963029	0.13885733
1892371	4258	0.5558926	1.3225071
1892371	4259	1.0034808	-1.3328102
1892371	4260	1.9768921	-0.73876446
1892371	4261	1.4781932	-0.60604095
1892371	4262	1.1401054	-0.2527547
1892371	4263	1.1041499	-0.30356002
1892371	4264	1.1540223	-0.37575004
1892371	4265	0.2936989	0.13990155
1892371	4266	0.5554973	1.3267784
1892371	4267	0.9911741	-1.3259827
1892371	4268	1.9626044	-0.7205018
1892371	4269	1.4737809	-0.6050839
1892371	4270	1.1405054	-0.24849829
1892371	4271	1.1057764	-0.30568653
1892371	4272	1.1542674	-0.37159187
1892371	4273	0.2870102	0.15036795
1892371	4274	0.54453814	1.3233455
1892371	4275	1.0001268	-1.3395127
1892371	4276	1.9779357	-0.7403987
1892371	4277	1.4839975	-0.6162818
1892371	4278	1.146434	-0.26356706
1892371	4279	1.1119297	-0.322912
1892371	4280	1.1692479	-0.4001159
1892371	4281	0.2993151	0.1292871
1892371	4282	0.5527475	1.310489
1892371	4283	1.0050024	-1.3395852
1892371	4284	1.9768852	-0.74162805
1892371	4285	1.4841889	-0.61809266
1892371	4286	1.2861044	-0.23618835
1892371	4287	0.8780267	-0.27326006
1892371	4288	0.2742756	0.22153738
1892371	4289	0.52998245	1.3429655
1892371	4290	0.91894615	-1.2875682
1892371	4291	1.883448	-0.5424322
1892371	4292	1.4164032	-0.46873197
1892371	4293	1.3738477	-0.14785242
1892371	4294	0.8314282	-0.399962
1892371	4295	0.54501307	-0.36719075
1892371	4296	0.5261816	-0.38574702
1892371	4297	0.6188766	-0.36243215
1892371	4298	0.12618446	-0.2149451
1892371	4299	0.08491433	1.0333011
1892371	4300	1.1974734	-1.6769747
1892371	4301	1.87704	-0.9724214
1892371	4302	1.4991897	-0.62029195
1892371	4303	1.1607729	-0.32392734
1892371	4304	0.9512272	-0.15286061
1892371	4305	0.7980559	-0.14741826
1892371	4306	0.67997086	-0.17107728
1892371	4307	0.5890095	-0.18730691
1892371	4308	0.03554082	0.32702145
1892371	4309	0.30041742	1.53921
1892371	4310	1.0511484	-1.4326434
1892371	4311	2.145967	-0.8918055
1892371	4312	1.6125041	-0.6558963
1892371	4313	1.2395724	-0.29995286
1892371	4314	1.0743113	-0.2367784
1892371	4315	0.9803653	-0.17293286
1892371	4316	0.93154156	-0.25806844
1892371	4317	0.132595	0.31242535
1892371	4318	-0.032983303	0.22550628
1892371	4319	1.1162503	-0.23057395
1892371	4320	0.8064672	-0.31115478
1892371	4321	0.8265209	-0.29118383
1892371	4322	0.748515	-0.29062712
1892371	4323	0.6430129	-0.26397645
1892371	4324	0.05380422	0.24525109
1892371	4325	1.1299714	-0.34668118
1892371	4326	0.78294957	-0.39810264
1892371	4327	0.7499497	-0.3476495
1892371	4328	0.6472151	-0.32231104
1892371	4329	0.59008336	-0.41234818
1892371	4330	0.022850335	0.29505357
1892371	4331	0.2617926	1.426442
1892371	4332	1.0337566	-1.494675
1892371	4333	2.1775808	-0.97261775
1892371	4334	1.679161	-0.68692595
1892371	4335	1.3142924	-0.3536948
1892371	4336	1.1270565	-0.21660708
1892371	4337	1.0546056	-0.27294216
1892371	4338	0.98268497	-0.23671149
1892371	4339	0.12319267	0.27237716
1892371	4340	-0.057663143	0.14446047
1892371	4341	1.0921701	-0.28889614
1892371	4342	0.8144034	-0.38867223
1892371	4343	0.84579194	-0.30743983
1892371	4344	0.03910905	0.2866023
1892371	4345	0.32572258	1.433436
1892371	4346	1.0441635	-1.4700286
1892371	4347	2.2239728	-0.97545373
1892371	4348	1.7379786	-0.746184
1892371	4349	1.3693634	-0.40937778
1892371	4350	1.2029631	-0.28749144
1892371	4351	1.1795943	-0.38935682
1892371	4352	0.2320984	0.18884501
1892371	4353	0.5031798	1.3532572
1892371	4354	1.0044461	-1.388157
1892371	4355	2.143168	-0.82914734
1892371	4356	1.6166602	-0.5974641
1892371	4357	1.259437	-0.27459174
1892371	4358	1.1283846	-0.18001997
1892371	4359	1.116974	-0.2990473
1892371	4360	0.2244398	0.22903326
1892371	4361	0.5065795	1.3873229
1892371	4362	1.0220172	-1.369583
1892371	4363	2.1381493	-0.8048183
1892371	4364	1.6433316	-0.6369561
1892371	4365	1.2853087	-0.28394964
1892371	4366	1.1561131	-0.19095388
1892371	4367	1.1528752	-0.2874545
1892371	4368	1.3746399	-0.41266406
1892371	4369	0.26848298	-0.14507082
1892371	4370	0.22072929	0.901438
1892371	4371	1.3385444	-1.6984632
1892371	4372	2.1180906	-0.71849763
1892371	4373	1.5550061	-0.46785322
1892371	4374	1.2751114	-0.21727912
1892371	4375	0.27837682	0.22296676
1892371	4376	0.53048193	1.4496144
1892371	4377	1.1541358	-0.039390296
1892371	4378	1.5821713	-1.4962275
1892371	4379	2.201034	-0.5681501
1892371	4380	1.6076237	-0.37021968
1892371	4381	1.3491957	-0.14604646
1892371	4382	0.3324151	0.32587084
1892371	4383	0.57970154	1.4363381
1892371	4384	0.9854528	0.070522755
1892371	4385	0.7890142	0.16417351
1892371	4386	1.4949969	-1.5638815
1892371	4387	2.2728653	-0.62996894
1892371	4388	1.6517161	-0.402402
1892371	4389	1.3418537	-0.19347298
1892371	4390	0.3852486	0.29022864
1892371	4391	0.5828334	1.3773521
1892371	4392	0.90943563	0.1470029
1892371	4393	0.83850455	0.1880168
1892371	4394	1.4085044	-1.5048995
1892371	4395	2.2247443	-0.59875226
1892371	4396	1.6235701	-0.39562622
1892371	4397	1.3090028	-0.17914721
1892371	4398	0.42106658	0.22241578
1892371	4399	0.60350597	1.3710458
1892371	4400	0.9026567	0.18269953
1892371	4401	0.8549646	0.2315785
1892371	4402	1.3407773	-1.4480973
1892371	4403	2.1902251	-0.5844146
1892371	4404	1.5920519	-0.37660027
1892371	4405	1.2740941	-0.16554043
1892371	4406	0.44223827	0.18798229
1892371	4407	0.61211884	1.3588432
1892371	4408	0.8868911	0.21201572
1892371	4409	0.8568014	0.26025638
1892371	4410	1.2897705	-1.4110513
1892371	4411	2.1520352	-0.56721187
1892371	4412	1.5623816	-0.36928946
1892371	4413	1.2556853	-0.15906122
1892371	4414	0.4517175	0.20365295
1892371	4415	1.2050142	-0.23165579
1892371	4416	0.21556646	0.27637985
1892371	4417	0.48998278	1.4066582
1892371	4418	0.8304267	0.13989976
1892371	4419	0.8126755	0.22797838
1892371	4420	1.3111157	-1.5063188
1892371	4421	2.1711946	-0.6210408
1892371	4422	1.5941552	-0.4240687
1892371	4423	1.2455027	-0.16728997
1892371	4424	1.2459134	-0.27911878
1892371	4425	1.2959989	-0.30145347
1892371	4426	0.2997281	-0.057183653
1892371	4427	0.4571519	1.165847
1892371	4428	0.92491245	-0.10533348
1892371	4429	0.72129846	-0.07913318
1892371	4430	1.5353287	-1.6494381
1892371	4431	2.2084231	-0.6467546
1892371	4432	1.4747176	0.045737594
1892371	4433	1.0425777	0.36850837
1892371	4434	0.31545925	0.40920964
1892371	4435	0.5211934	1.4589916
1892371	4436	0.83658564	0.11044291
1892371	4437	0.39302564	0.3210095
1892371	4438	1.2741721	-1.48052
1892371	4439	1.9642247	-0.5563631
1892371	4440	1.3619895	-0.279171
1892371	4441	1.0224282	-0.008282304
1892371	4442	0.90824735	0.01427871
1892371	4443	0.81093216	-0.0026805997
1892371	4444	0.124227166	0.40990052
1892371	4445	0.44099468	1.450068
1892371	4446	0.80606735	0.18105915
1892371	4447	0.5117874	0.24870536
1892371	4448	1.2772645	-1.5467695
1892371	4449	2.1067004	-0.72384286
1892371	4450	1.5022432	-0.41654924
1892371	4451	1.1385809	-0.14255479
1892371	4452	1.0311667	-0.12913552
1892371	4453	0.98254955	-0.18216875
1892371	4454	0.18864536	0.2673805
1892371	4455	-0.047608435	0.42743954
1892371	4456	0.31136137	1.7759118
1892371	4457	0.69859207	0.206566
1892371	4458	0.38584667	0.7771405
1892371	4459	0.7899114	0.044340044
1892371	4460	1.1411041	-1.3998865
1892371	4461	1.9186026	-0.6549846
1892371	4462	1.3787714	-0.37778473
1892371	4463	1.0765471	-0.1270509
1892371	4464	0.97848904	-0.1275635
1892371	4465	0.90590143	-0.101537645
1892371	4466	0.13559157	0.26886258
1892371	4467	0.45342875	1.4239337
1892371	4468	0.82004714	0.11927763
1892371	4469	0.5197997	0.23312846
1892371	4470	1.2130158	-1.5519471
1892371	4471	2.1038861	-0.7786678
1892371	4472	1.4938561	-0.44934666
1892371	4473	1.1426015	-0.2060762
1892371	4474	1.0177989	-0.14454272
1892371	4475	0.9486896	-0.17280993
1892371	4476	0.16446257	0.2532682
1892371	4477	0.47616518	1.3355947
1892371	4478	0.8071723	0.102323025
1892371	4479	0.5710479	0.21915987
1892371	4480	0.6885108	-0.08082324
1892371	4481	0.56405735	-0.20913076
1892371	4482	1.3575736	-1.6802077
1892371	4483	2.1316767	-0.8561404
1892371	4484	1.5460321	-0.53308
1892371	4485	0.8688183	0.04153481
1892371	4486	0.73734164	0.12438598
1892371	4487	0.6765199	0.12579331
1892371	4488	0.5993664	0.10243109
1892371	4489	0.49531984	0.1550177
1892371	4490	0.42147285	0.19253883
1892371	4491	0.58241713	-0.068149
1892371	4492	0.37700415	-0.061488092
1892371	4493	0.35645014	-0.17351162
1892371	4494	0.21975195	-0.10344714
1892371	4495	0.1758675	-0.09260684
1892371	4496	0.26838124	-0.2599377
1892371	4497	0.3341292	-0.5106647
1892371	4498	0.26287264	-0.25378054
1892371	4499	0.02996391	-0.0915491
1892371	4500	0.035345137	-0.090693384
1892371	4501	0.08907306	-0.15034309
1892371	4502	0.26020175	-0.44993022
1892371	4503	0.19371009	-0.25948232
1892371	4504	-0.08814865	0.12860605
1892371	4505	0.29791033	-0.5169523
1892371	4506	0.34017152	-0.36080194
1892371	4507	0.25993472	-0.4036267
1892371	4508	0.32791692	-0.46293584
1892371	4509	0.34717464	-0.44076622
1892371	4510	0.3556221	-0.33603823
1892371	4511	0.30632365	-0.45627746
1892371	4512	0.35373366	-0.4211889
1892371	4513	-0.2971121	-0.30090195
1892371	4514	-0.23413932	0.97369385
1892371	4515	0.45888722	-0.56670326
1892371	4516	0.46431094	-0.47155938
1892371	4517	0.45953745	-0.48519257
1892371	4518	0.43153948	-0.49046224
1892371	4519	0.4659412	-0.65232015
1892371	4520	0.28375983	-0.20488957
1892371	4521	0.3073067	-0.18671611
1892371	4522	0.57424486	-0.6457736
1892371	4523	0.4720987	-0.65733564
1892371	4524	1.2351404	-1.9499748
1892371	4525	1.9932746	-1.1564292
1892371	4526	0.3383779	-0.0694311
1892371	4527	0.3753348	1.2997578
1892371	4528	0.5052246	0.39214268
1892371	4529	0.31956232	0.36361536
1892371	4530	1.2871842	-1.6193215
1892371	4531	2.0403886	-0.84898686
1892371	4532	1.5184592	-0.5424575
1892371	4533	1.1722146	-0.19737151
1892371	4534	1.0322726	-0.10066795
1892371	4535	0.94923186	-0.16461068
1892371	4536	0.7359761	0.10576436
1892371	4537	0.64575434	0.08437464
1892371	4538	0.51988006	0.093964785
1892371	4539	0.53558695	0.05251941
1892371	4540	0.55691135	-0.11964843
1892371	4541	0.54011655	-0.2716475
1892371	4542	-0.0049954653	0.27147713
1892371	4543	0.19358802	1.3893117
1892371	4544	0.6616906	0.14324126
1892371	4545	0.28885472	0.29774597
1892371	4546	1.2806243	-1.5638349
1892371	4547	2.1951733	-0.91808337
1892371	4548	1.5896558	-0.4835507
1892371	4549	1.304243	-0.35945448
1892371	4550	1.2018282	-0.28370154
1892371	4551	1.1270581	-0.25476238
1892371	4552	1.1296126	-0.3355685
1892371	4553	1.0802876	-0.2756946
1892371	4554	1.0308288	-0.26722747
1892371	4555	0.13368607	0.22209159
1892371	4556	0.45257866	1.3967074
1892371	4557	0.6712414	0.41247
1892371	4558	0.482701	0.4139562
1892371	4559	0.5308142	0.26250497
1892371	4560	0.64257145	-0.09087974
1892371	4561	0.9913608	-0.8074695
1892371	4562	1.0817937	-0.82019895
1892371	4563	1.8207911	-1.8206433
1892371	4564	0.7312912	0.13527754
1892371	4565	0.9839839	-1.1707695
1892371	4566	1.2742679	-0.7112149
1892371	4567	0.8970953	-0.535366
1892371	4568	0.6886456	-0.33231676
1892371	4569	-0.33299118	0.14248416
1892371	4570	-0.084180355	1.2229977
1892371	4571	0.37853348	-0.1515967
1892371	4572	1.153122	-1.460748
1892371	4573	1.8301762	-1.040516
1892371	4574	1.3579925	-0.61847806
1892371	4575	1.0481501	-0.2210356
1892371	4576	0.7142	-0.18168753
1892371	4577	0.47370577	-0.1310018
1892371	4578	0.4256249	-0.23040645
1892371	4579	0.28987396	-0.07637206
1892371	4580	0.3025633	-0.12068984
1892371	4581	0.26778978	-0.1492131
1892371	4582	0.28769016	-0.17119548
1892371	4583	-0.37189224	0.13286051
1892371	4584	-0.6038941	0.064632446
1892371	4585	-0.27788436	0.98706853
1892371	4586	0.41757375	-0.40058294
1892371	4587	0.32660073	-0.16992098
1892371	4588	0.3413936	-0.23711534
1892371	4589	0.24386334	-0.08842754
1892371	4590	0.20033485	-0.0003491938
1892371	4591	0.19565445	-0.14109108
1892371	4592	0.23178655	-0.23437531
1892371	4593	1.1167998	-1.6262841
1892371	4594	1.817506	-0.9713596
1892371	4595	1.0534027	-0.27392006
1892371	4596	0.55085063	-0.2262892
1892371	4597	0.2980997	-0.15427509
1892371	4598	0.33448362	-0.2579549
1892371	4599	0.20718473	-0.099805444
1892371	4600	0.17641598	-0.02676192
1892371	4601	0.08725965	0.12955168
1892371	4602	0.19667417	-0.011082262
1892371	4603	0.100608885	-0.006842941
1892371	4604	0.1833852	0.0042220056
1892371	4605	0.4973966	-0.47715247
1892371	4606	0.18256813	-0.10951698
1892371	4607	0.048139513	0.14556357
1892371	4608	0.11381781	-0.03949216
1892371	4609	0.13297921	0.0018326044
1892371	4610	0.05543554	0.107206136
1892371	4611	-0.252291	0.6106465
1892371	4612	-0.15814734	0.3542705
1892371	4613	0.116122544	0.16351125
1892371	4614	0.28372914	-0.22189693
1892371	4615	0.19322413	-0.024516672
1892371	4616	0.21882933	-0.21660842
1892371	4617	-0.36187074	-0.14893556
1892371	4618	-0.5787505	-0.29150167
1892371	4619	-0.27089217	0.9719317
1892371	4620	0.5383655	-0.70766
1892371	4621	0.5818521	-0.47910202
1892371	4622	0.57943106	-0.5851188
1892371	4623	0.4175552	-0.35850433
1892371	4624	0.39274752	-0.41411316
1892371	4625	0.34937942	-0.17975086
1892371	4626	0.34736925	-0.42833683
1892371	4627	1.3165749	-1.8660506
1892371	4628	0.029151976	0.25657597
1892371	4629	0.1426714	0.09845194
1892371	4630	0.0783326	0.02392611
1892371	4631	1.256363	-1.7386909
1892371	4632	-0.05498621	0.4278148
1892371	4633	0.13574529	0.1958808
1892371	4634	0.10818905	0.24461833
1892371	4635	0.15866673	0.08772519
1892371	4636	0.18123353	0.07289782
1892371	4637	0.26462394	-0.26990026
1892371	4638	1.0815051	-1.7451797
1892371	4639	-0.55089575	-0.43093777
1892371	4640	-0.7267877	-0.34849465
1892371	4641	0.4441743	-0.6034406
1892371	4642	0.19570678	-0.47965002
1892371	4643	0.0015956163	-0.22617483
1892371	4644	0.010959387	-0.23865363
1892371	4645	-0.026803821	-0.14957097
1892371	4646	-0.026590586	-0.15695605
1892371	4647	-0.19990924	0.25360152
1892371	4648	0.0019900203	-0.12272158
1892371	4649	-0.6842165	0.33056554
1892371	4650	-0.4587912	1.489553
1892371	4651	0.8443794	-1.5767865
1892371	4652	1.4457905	-0.98664796
1892371	4653	1.1216985	-0.6011095
1892371	4654	0.81898856	-0.09422463
1892371	4655	-0.11888227	0.5495362
1892371	4656	0.18831348	1.7397027
1892371	4657	0.62105775	0.22635636
1892371	4658	0.22448915	0.5345135
1892371	4659	1.3080089	-1.4979494
1892371	4660	1.7436253	-0.58788145
1892371	4661	1.2754011	0.082775265
1892371	4662	0.59630954	0.06943193
1892371	4663	0.34082043	0.11778805
1892371	4664	-0.4238528	0.51774573
1892371	4665	-0.19396102	1.4874152
1892371	4666	0.46002895	-0.13889724
1892371	4667	0.3054877	0.4408233
1892371	4668	0.5293026	-0.20297584
1892371	4669	1.5962535	-1.6742514
1892371	4670	1.8112317	-0.69362557
1892371	4671	1.3154868	-0.33379078
1892371	4672	0.9968873	0.014337033
1892371	4673	0.683231	0.036823303
1892371	4674	0.4653762	0.10710874
1892371	4675	0.36871517	0.052113384
1892371	4676	0.32612997	0.00926584
1892371	4677	0.17300457	0.3129649
1892371	4678	-0.21887305	0.6910676
1892371	4679	-0.0013945103	0.4482349
1892371	4680	-0.15476489	0.57398593
1892371	4681	-0.21381405	0.5705552
1892371	4682	-0.3448208	0.7512697
1892371	4683	0.19364017	0.08230874
1892371	4684	0.3242973	-0.20708752
1892371	4685	0.38202667	-0.20085827
1892371	4686	0.3886134	-0.23207232
1892371	4687	0.044709384	0.31046394
1892371	4688	-0.08274099	0.42327228
1892371	4689	-0.15603709	0.40338418
1892371	4690	-0.30332443	0.6080406
1892371	4691	-0.35016364	0.67059565
1892371	4692	-0.393972	0.74557483
1892371	4693	-0.4129641	0.74230516
1892371	4694	-0.41919905	0.7797266
1892371	4695	-0.4150771	0.8292284
1892371	4696	-0.6122631	1.0940889
1892371	4697	-0.6756942	1.1437038
1892371	4698	-0.6628165	1.1500238
1892371	4699	-0.69287086	1.186782
1892371	4700	-0.69741356	1.209582
1892371	4701	-0.6619614	1.0727789
1892371	4702	-0.81750447	1.2158482
1892371	4703	-0.815451	1.2820904
1892371	4704	-0.8146944	1.2773585
1892371	4705	-0.79972076	1.2990302
1892371	4706	-0.82992154	1.3259336
1892371	4707	-0.956375	1.5716674
1892371	4708	-1.1893444	2.1000729
1892371	4709	-1.0791378	1.9919231
1892371	4710	-0.921072	1.7583506
1892371	4711	-0.7686717	1.4008217
1892371	4712	-0.8572799	1.448387
1892371	4713	-0.7929668	1.384767
1892371	4714	-0.76009166	1.3220123
1892371	4715	-0.7809446	1.3477035
1892371	4716	-0.6686801	1.1915057
1892371	4717	-0.3783136	0.7435789
1892371	4718	-0.40305078	0.754629
1892371	4719	-0.34971297	0.66052437
1892371	4720	-0.34356624	0.6529733
1892371	4721	-0.27925292	0.67852914
1892371	4722	-0.20607692	0.5567069
1892371	4723	-0.18191189	0.40455702
1892371	4724	-0.19899896	0.4718655
1892371	4725	-0.21940011	0.4774619
1892371	4726	-0.053811938	0.37245533
1892371	4727	-0.21499735	0.611012
1892371	4728	-0.24945524	0.5941888
1892371	4729	-0.27763468	0.5434756
1892371	4730	-0.038713753	0.33084103
1892371	4731	-0.4807232	0.94875956
1892371	4732	-0.37209916	0.79441726
1892371	4733	-0.48730326	0.8059778
1892371	4734	-0.43815082	0.74290395
1892371	4735	-0.48212165	0.7929573
1892371	4736	-0.48774138	0.8111681
1892371	4737	-0.34015828	0.7238208
1892371	4738	-0.13561627	0.40596172
1892371	4739	0.11277211	0.009899259
1892371	4740	0.19800931	-0.0025153756
1892371	4741	0.336865	-0.14418837
1892371	4742	0.40439743	-0.20589736
1892371	4743	0.4616003	-0.27271655
1892371	4744	0.56370616	-0.109224916
1892371	4745	0.088572204	0.40395656
1892371	4746	-0.021507889	0.33002332
1892371	4747	0.060593247	0.36472246
1892371	4748	-0.061336696	0.371173
1892371	4749	0.01347965	0.26134047
1892371	4750	-0.045764625	0.32771793
1892371	4751	-0.023985922	0.27428028
1892371	4752	-0.051064074	0.30479082
1892371	4753	-0.003930211	0.23273751
1892371	4754	-0.062294662	0.307174
1892371	4755	-0.034887433	0.24715307
1892371	4756	-0.04875484	0.24954978
1892371	4757	-0.0044154525	0.19919339
1892371	4758	-0.067953855	0.2935674
1892371	4759	-0.042319894	0.22839418
1892371	4760	-0.052367955	0.22819242
1892371	4761	-0.009776831	0.18253878
1892371	4762	-0.06649172	0.26094273
1892371	4763	-0.04458058	0.20833775
1892371	4764	-0.0647904	0.23997018
1892371	4765	-0.018849075	0.17012087
1892371	4766	-0.07205433	0.2524977
1892371	4767	-0.049257785	0.19840506
1892371	4768	-0.17046636	0.4972979
1892371	4769	-0.276494	0.5104891
1892371	4770	-0.19906622	0.3850161
1892371	4771	-0.2726683	0.5144906
1892371	4772	-0.2739948	0.51457596
1892371	4773	-0.29243392	0.5383719
1892371	4774	-0.25644326	0.47985265
1892371	4775	-0.3033079	0.5413765
1892371	4776	-0.28611648	0.49866304
1892371	4777	-0.3031054	0.5223781
1892371	4778	-0.26690888	0.4667283
1892371	4779	-0.30928618	0.5224829
1892371	4780	-0.29078364	0.4796851
1892371	4781	-0.30544263	0.5002625
1892371	4782	-0.26915705	0.44672313
1892371	4783	-0.30953765	0.50321114
1892371	4784	-0.2916976	0.46227136
1892371	4785	-0.31602854	0.50022936
1892371	4786	-0.30252835	0.45104477
1892371	4787	-0.28773838	0.45433518
1892371	4788	-0.31495944	0.48535594
1892371	4789	-0.30457208	0.47387645
1892371	4790	-0.32113865	0.5072645
1892371	4791	-0.29016283	0.4569631
1892371	4792	-0.32798162	0.517665
1892371	4793	-0.3115786	0.475336
1892371	4794	-0.3261891	0.5019624
1892371	4795	-0.29412135	0.45774606
1892371	4796	-0.32868093	0.5042951
1892371	4797	-0.31171367	0.46530357
1892371	4798	-0.32524377	0.4909831
1892371	4799	-0.29691815	0.4654568
1892371	4800	-0.32694036	0.4966797
1892371	4801	-0.30877674	0.4504862
1892371	4802	-0.32266805	0.4801819
1892371	4803	-0.28930143	0.4350485
1892371	4804	-0.32451668	0.49679902
1892371	4805	-0.30696863	0.45354822
1892371	4806	-0.32326514	0.4861165
1892371	4807	-0.28995663	0.4357985
1892371	4808	-0.32619184	0.4960123
1892371	4809	-0.30797863	0.4517466
1892371	4810	-0.32328764	0.48403558
1892371	4811	-0.28878623	0.42972806
1892371	4812	-0.32501644	0.49003777
1892371	4813	-0.30736738	0.4486086
1892371	4814	-0.3225122	0.47833088
1892371	4815	-0.2960261	0.4571419
1892371	4816	-0.3275782	0.49381045
1892371	4817	-0.31141722	0.44986078
1892371	4818	-0.3255267	0.47928622
1892371	4819	-0.29084837	0.4262298
1892371	4820	-0.32797325	0.49166033
1892371	4821	-0.3093695	0.4444876
1892371	4822	-0.32680038	0.48390934
1892371	4823	-0.29499015	0.44151583
1892371	4824	-0.32687816	0.481932
1892371	4825	-0.30952471	0.4363071
1892371	4826	-0.32878035	0.48411015
1892371	4827	-0.293041	0.42395458
1892371	4828	-0.32926428	0.48824957
1892371	4829	-0.3103156	0.4371942
1892371	4830	-0.33328515	0.49388418
1892371	4831	-0.29806614	0.4330713
1892371	4832	-0.33235794	0.48416033
1892371	4833	-0.31390122	0.4346051
1892371	4834	-0.33376428	0.49060735
1892371	4835	-0.29791278	0.42821303
1892371	4836	-0.33475542	0.48474047
1892371	4837	-0.31481177	0.43212226
1892371	4838	-0.3307375	0.4658372
1892371	4839	-0.29711312	0.41320935
1892371	4840	-0.33192658	0.47889933
1892371	4841	-0.3171519	0.45094255
1892371	4842	-0.32946062	0.46516082
1892371	4843	-0.29729077	0.41312346
1892371	4844	-0.33264947	0.47444865
1892371	4845	-0.3129573	0.4220737
1892371	4846	-0.32799417	0.45572874
1892371	4847	-0.30131322	0.43399164
1892371	4848	-0.33053324	0.4687604
1892371	4849	-0.31438723	0.41751096
1892371	4850	-0.32979208	0.45459738
1892371	4851	-0.29636335	0.40811017
1892371	4852	-0.33114344	0.46436748
1892371	4853	-0.31211692	0.4166954
1892371	4854	-0.32718754	0.44793794
1892371	4855	-0.30006167	0.4219279
1892371	4856	-0.33061966	0.45933256
1892371	4857	-0.31341785	0.41183993
1892371	4858	-0.13585624	0.2523751
1892371	4859	-0.14942661	0.27125242
1892371	4860	-0.14272663	0.27426407
1892371	4861	0.14824831	-0.3596609
1892371	4862	0.07115996	-0.087964654
1892371	4863	0.15587014	-0.09568456
1892371	4864	0.2865718	-0.41630238
1892371	4865	0.41119552	-0.42911467
1892371	4866	0.454495	-0.5730174
1892371	4867	-0.21771201	-0.31633455
1892371	4868	-0.1549333	0.68030834
1892371	4869	0.58224714	-0.68729186
1892371	4870	0.74685216	-0.7144437
1892371	4871	0.76462305	-0.6720822
1892371	4872	0.7400055	-0.6920488
1892371	4873	0.5342499	-0.29290643
1892371	4874	1.2228286	-1.6425765
1892371	4875	1.5306476	-0.83399415
1892371	4876	1.1635286	-0.45617828
1892371	4877	0.8421726	-0.1439561
1892371	4878	0.52405477	-0.12497446
1892371	4879	-0.08183259	0.44511667
1892371	4880	-0.40878192	0.41963944
1892371	4881	-0.05399537	1.4099997
1892371	4882	0.81724596	-1.3374431
1892371	4883	1.611555	-0.82544637
1892371	4884	1.3449674	-0.4932074
1892371	4885	1.0431664	-0.13485143
1892371	4886	0.8594099	-0.06304774
1892371	4887	0.014946759	0.5131824
1892371	4888	-0.24824247	0.5063335
1892371	4889	0.19043887	1.5892963
1892371	4890	0.6282753	0.49791804
1892371	4891	1.1347123	-1.2698194
1892371	4892	1.794027	-0.61147124
1892371	4893	1.4298838	-0.37170696
1892371	4894	1.1298159	-0.061763912
1892371	4895	0.96387076	-0.014895827
1892371	4896	0.7904445	0.010201573
1892371	4897	0.6852082	-0.046082795
1892371	4898	0.5923512	-0.11483577
1892371	4899	-0.036990672	0.57097447
1892371	4900	-0.3106234	0.54423225
1892371	4901	-0.42670155	0.45170394
1892371	4902	0.7180377	-0.053257287
1892371	4903	0.41060412	-0.14758328
1892371	4904	0.44745493	-0.055899918
1892371	4905	0.40899885	-0.1407583
1892371	4906	0.43615198	-0.21419352
1892371	4907	0.35835737	-0.083211064
1892371	4908	0.3491537	-0.13015914
1892371	4909	-0.2087067	0.5805167
1892371	4910	0.0705415	1.553438
1892371	4911	0.53240967	0.5135633
1892371	4912	1.2225145	-1.3932534
1892371	4913	1.7490481	-0.6700369
1892371	4914	1.453165	-0.4143002
1892371	4915	1.1334708	-0.060195774
1892371	4916	0.9753456	-0.05115843
1892371	4917	0.828269	0.0029456317
1892371	4918	0.73822033	-0.0918318
1892371	4919	-0.015090793	0.574227
1892371	4920	-0.25309908	0.5447432
1892371	4921	0.8818966	-0.06035337
1892371	4922	0.51091945	-0.22692469
1892371	4923	0.55953825	-0.13091496
1892371	4924	0.45721292	-0.10096356
1892371	4925	0.41444594	-0.0868029
1892371	4926	0.3692568	-0.09005597
1892371	4927	0.36414725	-0.12511006
1892371	4928	-0.20198473	0.544332
1892371	4929	0.057912588	1.5043708
1892371	4930	0.9238925	-1.3941028
1892371	4931	1.8268069	-0.9337619
1892371	4932	1.5651957	-0.663857
1892371	4933	1.2223624	-0.2662282
1892371	4934	1.0510669	-0.18666965
1892371	4935	0.9471196	-0.13071844
1892371	4936	0.8635591	-0.1019474
1892371	4937	0.799703	-0.1885882
1892371	4938	0.019461334	0.45207337
1892371	4939	0.99525595	-0.06848201
1892371	4940	0.60723853	-0.20412359
1892371	4941	0.64669716	-0.26610702
1892371	4942	0.5830101	-0.29886192
1892371	4943	0.5274267	-0.22913502
1892371	4944	0.46204484	-0.17308852
1892371	4945	0.46339977	-0.25692868
1892371	4946	-0.06539571	0.39970633
1892371	4947	0.1432162	1.4194278
1892371	4948	0.6050869	0.36400643
1892371	4949	1.3385187	-1.4898853
1892371	4950	1.768334	-0.68547434
1892371	4951	1.4813678	-0.43827435
1892371	4952	1.2779195	-0.19935408
1892371	4953	0.1572963	0.362734
1892371	4954	0.3133341	1.4765365
1892371	4955	0.6930803	0.19060078
1892371	4956	0.3946222	0.24579361
1892371	4957	0.48260808	0.009163737
1892371	4958	0.5565603	-0.18238258
1892371	4959	0.44768703	0.15762398
1892371	4960	1.366989	-1.5826571
1892371	4961	1.8009466	-0.7055846
1892371	4962	1.4177392	-0.44448105
1892371	4963	1.1154574	-0.13227203
1892371	4964	0.952762	-0.09390178
1892371	4965	0.055458307	0.5559889
1892371	4966	-0.17243573	0.4752266
1892371	4967	0.2536583	1.50786
1892371	4968	0.9658997	-1.3653531
1892371	4969	0.034705102	0.9453213
1892371	4970	0.9797051	-0.15266302
1892371	4971	0.70397866	-0.03202632
1892371	4972	0.9136101	-0.38781258
1892371	4973	0.47724074	-0.42307058
1892371	4974	1.0417063	0.12712362
1892371	4975	0.40429574	-0.017028332
1892371	4976	0.29836965	0.035642266
1892371	4977	0.14447862	0.1605911
1892371	4978	-0.17186475	0.7191726
1892371	4979	-0.11002818	0.5108446
1892371	4980	-0.059484065	0.41997287
1892371	4981	-0.08111927	0.4299666
1892371	4982	-0.098428875	0.4763579
1892371	4983	-0.079657555	0.5166726
1892371	4984	-0.47291374	1.1387033
1892371	4985	0.0053007603	0.38322607
1892371	4986	-0.29086143	0.6605636
1892371	4987	-0.08585617	0.5309781
1892371	4988	-0.19360563	0.38918713
1892371	4989	-0.09349859	0.31174985
1892371	4990	0.13090694	0.21089289
1892371	4991	-0.11833143	0.3236104
1892371	4992	-0.04354039	0.16985115
1892371	4993	0.0743925	-0.01026088
1892371	4994	-0.04674509	0.3755481
1892371	4995	0.1543284	-0.042404294
1892371	4996	-0.26754576	0.6007619
1892371	4997	-0.24517944	0.40750983
1892371	4998	-0.16455337	0.3080367
1892371	4999	0.06534338	-0.041207194
1892371	5000	-0.5772421	0.89478266
1892371	5001	-0.51165855	0.79973793
1892371	5002	-0.47414136	0.78033674
1892371	5003	-0.61593527	0.95623267
1892371	5004	-0.5939796	0.94874644
1892371	5005	-0.58564174	0.9414538
1892371	5006	-0.6360344	1.0437436
1892371	5007	-0.6754871	1.1007694
1892371	5008	-0.63861424	1.0412672
1892371	5009	-0.6377115	1.0528315
1892371	5010	-0.71675575	1.1776555
1892371	5011	-0.79718864	1.3062648
1892371	5012	-0.77929395	1.2968066
1892371	5013	-0.90801704	1.5632856
1892371	5014	-0.95190877	1.657727
1892371	5015	-0.92172194	1.5011492
1892371	5016	-0.9484548	1.6479604
1892371	5017	-0.9004041	1.5186795
1892371	5018	-0.8779417	1.4813108
1892371	5019	-0.83353806	1.3858807
1892371	5020	-0.87206924	1.4717275
1892371	5021	-0.8526207	1.4360378
1892371	5022	-0.81319064	1.3993467
1892371	5023	-0.6841178	1.2093675
1892371	5024	-0.6731621	1.1686761
1892371	5025	-0.6197607	1.097161
1892371	5026	-0.49900377	0.90770996
1892371	5027	-0.4984515	0.88333595
1892371	5028	-0.47190443	0.8440403
1892371	5029	-0.46213514	0.81646955
1892371	5030	-0.4181897	0.7550534
1892371	5031	-0.32125533	0.60914564
1892371	5032	-0.2995738	0.56097245
1892371	5033	-0.22734562	0.4590576
1892371	5034	-0.216025	0.45136407
1892371	5035	-0.16895074	0.46091554
1892371	5036	-0.13589028	0.32311186
1892371	5037	-0.08980769	0.35649875
1892371	5038	0.33085227	-0.17743304
1892371	5039	0.237131	-0.04606214
1892371	5040	0.105460286	0.20005849
1892371	5041	0.061914563	0.125316
1892371	5042	0.10489112	0.025155336
1892371	5043	0.19685566	-0.034290493
1892371	5044	0.18537056	-0.0065173507
1892371	5045	0.13909566	0.17011419
1892371	5046	0.10455358	0.075633734
1892371	5047	0.07386702	0.07401392
1892371	5048	0.061795235	0.10314879
1892371	5049	0.3241508	-0.08697274
1892371	5050	0.2623731	0.038400084
1892371	5051	0.23683077	-0.048335493
1892371	5052	0.06641179	0.27101406
1892371	5053	0.3243932	-0.05466944
1892371	5054	0.29902256	-0.15940711
1892371	5055	0.28823346	-0.07741159
1892371	5056	0.29077864	-0.0874888
1892371	5057	0.3313107	0.029944599
1892371	5058	0.27463192	-0.033453345
1892371	5059	0.23773569	-0.007083833
1892371	5060	0.3649413	-0.024110913
1892371	5061	0.37453276	-0.10404584
1892371	5062	0.25822812	0.023423165
1892371	5063	0.30733943	0.028832078
1892371	5064	0.15591955	0.36270943
1892371	5065	0.097340465	0.22213164
1892371	5066	-0.07097295	0.5477153
1892371	5067	0.07878947	0.22172025
1892371	5068	0.13730854	0.20152488
1892371	5069	0.1069293	0.051218957
1892371	5070	0.2017752	-0.07373586
1892371	5071	0.25559688	0.014901519
1892371	5072	0.11835313	0.011339128
1892371	5073	0.22018981	-0.1698528
1892371	5074	0.19330478	-0.10844436
1892371	5075	0.047446907	0.26078454
1892371	5076	0.15260166	0.11714658
1892371	5077	0.14132702	-0.0046555996
1892371	5078	0.19639468	-0.0640856
1892371	5079	0.124541044	0.19604
1892371	5080	0.077031255	0.24784115
1892371	5081	0.68767774	-0.467797
1892371	5082	0.9857824	-0.7402464
1892371	5083	0.8193612	-0.4872544
1892371	5084	0.8239602	-0.6378372
1892371	5085	0.45036644	-0.037443906
1892371	5086	0.44113255	-0.08964801
1892371	5087	0.42063433	-0.07360768
1892371	5088	0.22671801	0.2669005
1892371	5089	0.5542618	-0.24613577
1892371	5090	0.150379	0.3983836
1892371	5091	0.020092785	0.29814556
1892371	5092	0.024136245	0.22600189
1892371	5093	0.045903683	0.36497423
1892371	5094	-0.08523995	0.3916779
1892371	5095	0.1354686	0.32044098
1892371	5096	0.08118749	0.15662387
1892371	5097	0.0873974	0.3536426
1892371	5098	0.057941437	0.32455352
1892371	5099	-0.14751363	0.72075903
1892371	5100	0.21135312	0.15210417
1892371	5101	0.53847516	-0.2818308
1892371	5102	0.6450368	-0.41170734
1892371	5103	0.9457154	-0.46150044
1892371	5104	0.36795855	0.18999133
1892371	5105	0.4532413	-0.03353849
1892371	5106	0.47720093	-0.034331232
1892371	5107	0.39020348	0.059512705
1892371	5108	0.6302941	-0.23154731
1892371	5109	0.62422895	-0.1129857
1892371	5110	0.3322832	0.27591762
1892371	5111	0.2692563	0.24321392
1892371	5112	0.3425967	0.03982839
1892371	5113	0.6131114	-0.28325897
1892371	5114	-0.22553939	-0.30651736
1892371	5115	-0.106046915	0.76405704
1892371	5116	0.7321509	-0.78543293
1892371	5117	0.7936585	-0.5565249
1892371	5118	1.5684739	-1.9237857
1892371	5119	1.767017	-0.9126132
1892371	5120	1.3379198	-0.44565308
1892371	5121	0.97012556	-0.09231904
1892371	5122	0.66766965	-0.038829744
1892371	5123	0.5521512	-0.15531841
1892371	5124	-0.041252464	0.3964971
1892371	5125	0.13344085	1.5436754
1892371	5126	0.6898395	0.04733756
1892371	5127	0.41361183	0.22027841
1892371	5128	1.4511516	-1.560635
1892371	5129	2.0313368	-0.73466885
1892371	5130	1.6136733	-0.34421894
1892371	5131	1.2252208	-0.03291899
1892371	5132	0.9972992	0.06214276
1892371	5133	0.79608154	-0.06614298
1892371	5134	0.16856599	0.5256293
1892371	5135	0.43006623	1.5817833
1892371	5136	0.84443665	0.21064314
1892371	5137	0.44545454	0.32254902
1892371	5138	1.4199994	-1.4706044
1892371	5139	2.144031	-0.6487998
1892371	5140	1.6573385	-0.33841288
1892371	5141	1.2848969	-0.049132288
1892371	5142	1.1236851	-0.0016885698
1892371	5143	1.0116714	-0.041279256
1892371	5144	0.20796508	0.5108402
1892371	5145	0.52211666	1.5864649
1892371	5146	0.8813628	0.25771478
1892371	5147	0.49520218	0.34891674
1892371	5148	1.3688501	-1.419273
1892371	5149	2.1649313	-0.60285157
1892371	5150	1.6632756	-0.33281147
1892371	5151	1.3007861	-0.056707144
1892371	5152	1.163067	-0.011714488
1892371	5153	1.1182029	-0.09967187
1892371	5154	0.26266766	0.47892246
1892371	5155	0.57427776	1.5458825
1892371	5156	0.8712945	0.30230132
1892371	5157	0.5343814	0.3867506
1892371	5158	1.3229842	-1.379713
1892371	5159	2.1690087	-0.6165986
1892371	5160	1.6603383	-0.34928674
1892371	5161	1.2936127	-0.070409656
1892371	5162	1.1670079	-0.023858458
1892371	5163	1.153615	-0.1191833
1892371	5164	0.28654057	0.44293496
1892371	5165	0.60033274	1.5231727
1892371	5166	0.85795355	0.3286868
1892371	5167	0.569453	0.41541675
1892371	5168	1.2625535	-1.3366541
1892371	5169	2.13137	-0.59312665
1892371	5170	1.6177667	-0.3194588
1892371	5171	1.251878	-0.04392746
1892371	5172	1.1536891	-0.021317571
1892371	5173	1.162612	-0.12451586
1892371	5174	0.29593527	0.4412653
1892371	5175	0.605096	1.5031244
1892371	5176	0.84262645	0.35200664
1892371	5177	0.6221825	0.37299588
1892371	5178	1.1501223	-1.3004068
1892371	5179	2.072454	-0.6077805
1892371	5180	1.5588769	-0.31905276
1892371	5181	1.2156867	-0.07704532
1892371	5182	1.1339908	-0.050017685
1892371	5183	1.1599523	-0.14720374
1892371	5184	0.3185045	0.3944808
1892371	5185	0.61439645	1.4914969
1892371	5186	0.82459235	0.348537
1892371	5187	0.6126441	0.46958426
1892371	5188	1.1481421	-1.2947917
1892371	5189	2.063972	-0.57738155
1892371	5190	1.5685261	-0.3534146
1892371	5191	1.1407437	0.0124349
1892371	5192	1.0699586	-0.0050703585
1892371	5193	1.1094307	-0.09197745
1892371	5194	0.30462253	0.40378436
1892371	5195	0.61134577	1.4787945
1892371	5196	0.7782109	0.4253311
1892371	5197	0.60168386	0.54992807
1892371	5198	1.1140426	-1.2614251
1892371	5199	1.9579052	-0.50440824
1892371	5200	1.4859496	-0.32737124
1892371	5201	1.1589113	-0.032839924
1892371	5202	1.0907532	-0.022052944
1892371	5203	1.1547691	-0.172315
1892371	5204	0.1013639	0.380577
1892371	5205	0.4160325	1.4230516
1892371	5206	0.82262194	0.056898683
1892371	5207	0.53459454	0.06194809
1892371	5208	0.5898453	-0.027884752
1892371	5209	0.71388793	-0.051406026
1892371	5210	1.5051028	-1.6125667
1892371	5211	2.2642498	-0.7050935
1892371	5212	1.7314893	-0.382665
1892371	5213	0.48659188	0.20901439
1892371	5214	0.23289388	-0.92695296
1892371	5215	0.4672233	-0.044257313
1892371	5216	1.8110114	-1.7083938
1892371	5217	2.2809176	-1.5654439
1892371	5218	2.2744827	-1.5925498
1892371	5219	2.239276	-1.5254871
1892371	5220	2.163188	-1.4729877
1892371	5221	2.116765	-1.4404972
1892371	5222	1.9839228	-1.3893915
1892371	5223	1.8871692	-1.3681515
1892371	5224	1.8177129	-1.4051942
1892371	5225	1.7452418	-1.3369975
1892371	5226	1.902305	-1.4804517
1892371	5227	2.1317067	-1.7006497
1892371	5228	2.3563843	-1.7434969
1892371	5229	2.1609793	-1.5615401
1892371	5230	2.2670417	-1.701438
1892371	5231	2.1933603	-1.6419469
1892371	5232	2.061655	-1.5800797
1892371	5233	1.9870936	-1.5855596
1892371	5234	1.633274	-1.3215808
1892371	5235	1.873851	-1.5429443
1892371	5236	2.1077666	-1.6505909
1892371	5237	2.0836868	-1.5724504
1892371	5238	2.8902678	-2.0202847
1892371	5239	2.8706384	-1.864183
1892371	5240	1.8718852	-1.2560734
1892371	5241	1.6510626	-1.1914183
1892371	5242	0.9845679	-0.68935835
1892371	5243	1.4250659	-1.178465
1892371	5244	2.404891	-1.6860881
1892371	5245	3.127262	-1.8846195
1892371	5246	3.033235	-1.833258
1892371	5247	2.9806042	-1.8265727
1892371	5248	3.1581244	-1.9564011
1892371	5249	3.1397958	-1.9028687
1892371	5250	3.2982197	-1.9855738
1892371	5251	3.2910542	-1.9498849
1892371	5252	2.9962778	-1.8264393
1892371	5253	2.7417665	-1.7424974
1892371	5254	2.4454522	-1.5882016
1892371	5255	2.5981011	-1.6612922
1892371	5256	2.3883357	-1.5187197
1892371	5257	2.538723	-1.6234481
1892371	5258	2.5842314	-1.6552979
1892371	5259	2.6596823	-1.6578547
1892371	5260	2.9050322	-1.7815772
1892371	5261	3.0568128	-1.8160585
1892371	5262	3.0802808	-1.8081884
1892371	5263	2.8923473	-1.8142334
1892371	5264	4.124651	-2.312131
1892371	5265	4.997621	-2.7650409
1892371	5266	1.5741099	-1.552175
1892371	5267	0.81520915	-1.0898578
1892371	5268	0.7197242	-0.74520874
1892371	5269	0.5857129	-0.62877357
1892371	5270	0.5805601	-0.62806123
1892371	5271	0.75978374	-0.77423596
1892371	5272	0.8388661	-0.79419255
1892371	5273	1.0048738	-0.92429304
1892371	5274	1.0464351	-0.93031836
1892371	5275	1.4429059	-1.2220197
1892371	5276	1.4839894	-1.2294323
1892371	5277	1.4796576	-1.2638769
1892371	5278	1.4223751	-1.141781
1892371	5279	0.9404681	-0.83339876
1892371	5280	1.8728255	-1.6840302
1892371	5281	3.558669	-2.4120407
1892371	5282	3.409615	-2.1085389
1892371	5283	2.9720674	-1.7904466
1892371	5284	2.772595	-1.6690786
1892371	5285	2.5196533	-1.4481006
1892371	5286	2.3908653	-1.4613417
1892371	5287	2.4070277	-1.4922011
1892371	5288	2.3500867	-1.4440376
1892371	5289	2.4599977	-1.4706202
1892371	5290	1.6022586	-0.85950124
1892371	5291	0.7524475	-0.4423412
1892371	5292	0.46432483	-0.13836011
1892371	5293	1.0351477	-0.6944849
1892371	5294	2.082014	-1.3976493
1892371	5295	2.948143	-1.6534599
1892371	5296	2.3834324	-1.2102424
1892371	5297	1.8120626	-0.9443557
1892371	5298	1.9576823	-1.2072573
1892371	5299	1.3589895	-0.60971
1892371	5300	1.5886585	-1.0494603
1892371	5301	1.3727626	-0.6060463
1892371	5302	0.51813316	-0.12664384
1892371	5303	0.5105834	-0.2498822
1892371	5304	0.4076137	-0.16962177
1892371	5305	0.0670566	0.14540991
1892371	5306	0.26911104	-0.070708215
1892371	5307	0.21148193	-0.029610038
1892371	5308	0.07784641	0.11435166
1892371	5309	0.008568704	0.21085992
1892371	5310	-0.091405004	0.3089678
1892371	5311	0.180888	0.091784924
1892371	5312	0.23539644	-0.018359631
1892371	5313	0.2520296	-0.04519421
1892371	5314	0.27878618	-0.08393222
1892371	5315	-0.5055362	0.88198936
1892371	5316	-0.46590915	1.0480512
1892371	5317	-0.6384615	1.398236
1892371	5318	-0.7483015	1.7455175
1892371	5319	-0.591529	1.4361961
1892371	5320	-0.38922435	1.0590582
1892371	5321	-0.9862568	2.1554778
1892371	5322	-0.8359866	1.8392806
1892371	5323	-0.9355126	0.33380726
1892371	5324	1.7174705	-1.0778751
1892371	5325	1.9316436	-1.1821837
1892371	5326	1.8916441	-1.0503834
1892371	5327	1.8703815	-0.9558096
1892371	5328	1.8013948	-0.9037254
1892371	5329	1.5402981	-0.7916528
1892371	5330	1.3107978	-0.67147243
1892371	5331	1.1721144	-0.68664277
1892371	5332	1.4742236	-0.86995244
1892371	5333	1.3386161	-0.75204074
1892371	5334	1.6782202	-0.9982879
1892371	5335	1.8494016	-0.9832547
1892371	5336	1.8457803	-1.0788265
1892371	5337	1.9120606	-1.1058878
1892371	5338	1.180974	-1.81152
1892371	5339	0.96350193	-0.92364025
1892371	5340	0.8410572	-0.77635753
1892371	5341	0.83099365	-0.864506
1892371	5342	0.96416056	-1.0525498
1892371	5343	0.97317255	-1.0601146
1892371	5344	1.0242258	-1.1032554
1892371	5345	1.1947865	-1.2111101
1892371	5346	1.1798315	-1.2106031
1892371	5347	1.2246596	-1.2064849
1892371	5348	1.3856204	-1.3778745
1892371	5349	1.7469128	-1.5867928
1892371	5350	1.8200938	-1.5687386
1892371	5351	1.7849072	-1.498347
1892371	5352	1.4130299	-1.216251
1892371	5353	1.1626272	-1.0003586
1892371	5354	2.635141	-2.1256123
1892371	5355	2.583593	-1.8419447
1892371	5356	2.4527822	-1.8535417
1892371	5357	2.358934	-1.7105879
1892371	5358	1.3298273	-1.0219527
1892371	5359	0.6658459	-0.6384648
1892371	5360	0.33474988	-0.24683866
1892371	5361	0.24726754	-0.23531683
1892371	5362	0.13885832	-0.120074004
1892371	5363	0.081902206	-0.037042588
1892371	5364	0.20965886	-0.17277145
1892371	5365	0.13072163	-0.079045534
1892371	5366	0.73508835	-0.6770107
1892371	5367	0.9283861	-0.80688083
1892371	5368	0.9787624	-0.839623
1892371	5369	0.9341124	-0.7563987
1892371	5370	1.8295034	-1.3239039
1892371	5371	1.9941584	-1.3288342
1892371	5372	1.5846823	-1.0437706
1892371	5373	2.1080613	-1.5139525
1892371	5374	2.2741961	-1.5370681
1892371	5375	2.0921183	-1.4065033
1892371	5376	1.986565	-1.3588545
1892371	5377	1.5176848	-1.0645797
1892371	5378	1.3212732	-1.0679175
1892371	5379	1.5219036	-1.1394287
1892371	5380	1.7102505	-1.2408941
1892371	5381	1.7275983	-1.2800227
1892371	5382	1.5922726	-1.1902715
1892371	5383	1.5732006	-1.128804
1892371	5384	1.3299273	-0.9789736
1892371	5385	1.8934008	-1.424755
1892371	5386	2.0203328	-1.3971565
1892371	5387	1.5715693	-1.1279031
1892371	5388	1.4497924	-1.0616652
1892371	5389	2.1093254	-1.5925838
1892371	5390	1.687653	-1.1897799
1892371	5391	1.5705227	-1.057686
1892371	5392	1.5049545	-1.0072575
1892371	5393	1.818276	-1.3014855
1892371	5394	2.2298756	-1.5531691
1892371	5395	2.2416325	-1.4529531
1892371	5396	2.2461739	-1.4778976
1892371	5397	2.0648518	-1.3324276
1892371	5398	1.7225229	-1.1523916
1892371	5399	2.2478495	-1.4758931
1892371	5400	2.235021	-1.5322676
1892371	5401	2.1488333	-1.49394
1892371	5402	1.7243301	-1.0711651
1892371	5403	1.6608242	-1.2254598
1892371	5404	1.489332	-1.0441976
1892371	5405	1.7505141	-1.2264979
1892371	5406	2.6619086	-1.7303813
1892371	5407	2.1379266	-1.4422894
1892371	5408	1.6046644	-1.1026647
1892371	5409	1.2339965	-0.9098071
1892371	5410	1.6381825	-1.2195381
1892371	5411	1.8435293	-1.2857003
1892371	5412	1.8430239	-1.1944817
1892371	5413	1.8998936	-1.2782807
1892371	5414	1.652924	-1.0162525
1892371	5415	1.4548844	-0.7959014
1892371	5416	1.1464655	-0.63657707
1892371	5417	1.3123537	-0.7549532
1892371	5418	1.2980171	-0.60959995
1892371	5419	1.0126866	-0.44422853
1892371	5420	1.143443	-0.5701425
1892371	5421	1.1448919	-0.44331512
1892371	5422	0.88347626	-0.30171195
1892371	5423	0.9804753	-0.38879353
1892371	5424	1.3421599	-0.82014406
1892371	5425	1.304563	-0.70295936
1892371	5426	1.420161	-0.8743311
1892371	5427	1.2000246	-0.6974524
1892371	5428	1.5255646	-0.9016233
1892371	5429	1.7222344	-1.183493
1892371	5430	1.5743421	-0.9186066
1892371	5431	1.382093	-0.8672917
1892371	5432	1.2469107	-0.801144
1892371	5433	1.3230717	-0.7427443
1892371	5434	0.93217695	-0.30626094
1892371	5435	0.4383865	-0.13285723
1892371	5436	0.20513928	0.023129404
1892371	5437	0.0044911504	0.2299464
1892371	5438	-0.023991495	0.25772724
1892371	5439	-0.35439408	0.649968
1892371	5440	-0.36541492	0.8093356
1892371	5441	-0.60965157	1.119526
1892371	5442	-0.9768797	1.8815703
1892371	5443	-1.2292496	2.623611
1892371	5444	-1.0051656	2.4376037
1892371	5445	-0.94131577	2.2134354
1892371	5446	-0.9638318	2.108372
1892371	5447	-1.067924	2.3117082
1892371	5448	-1.0833623	2.3766932
1892371	5449	-1.0430961	2.2592268
1892371	5450	-0.9947376	2.1831222
1892371	5451	-1.0137303	2.1155963
1892371	5452	-0.7884412	1.6597099
1892371	5453	-0.5824386	1.0997267
1892371	5454	-0.45814842	0.8933139
1892371	5455	-0.26667345	0.46108648
1892371	5456	-0.2568034	0.3783668
1892371	5457	-0.4466775	0.6787088
1892371	5458	-0.23982313	0.3732436
1892371	5459	-0.26585782	0.47601953
1892371	5460	-0.28376317	0.42520395
1892371	5461	-0.9142109	1.4574436
1892371	5462	-1.0090871	1.9160969
1892371	5463	-0.9012209	1.760361
1892371	5464	-0.9453672	1.829314
1892371	5465	-0.97886693	1.8298464
1892371	5466	-0.8550695	1.59466
1892371	5467	-0.83199775	1.5101496
1892371	5468	-0.3772977	0.64485514
1892371	5469	-0.20660302	0.41525152
1892371	5470	0.26727724	-0.40896758
1892371	5471	0.50328815	-0.4717519
1892371	5472	0.7768557	-0.69096494
1892371	5473	0.83139265	-0.65059954
1892371	5474	1.3832403	-1.146124
1892371	5475	1.6118339	-1.1583096
1892371	5476	1.4982506	-0.9516233
1892371	5477	0.22499186	0.020049095
1892371	5478	-0.044175535	0.10706928
1892371	5479	-0.104230285	0.19229987
1892371	5480	0.25638932	-0.25640553
1892371	5481	0.4444077	-0.4789848
1892371	5482	0.28263724	-0.21478684
1892371	5483	0.37973952	-0.4212027
1892371	5484	0.0061730742	0.0173828
1892371	5485	-0.11126801	0.11173311
1892371	5486	0.29656953	-0.39581883
1892371	5487	0.46283817	-0.52911186
1892371	5488	0.3279298	-0.31995186
1892371	5489	0.23430347	-0.2783579
1892371	5490	0.16805142	-0.21085986
1892371	5491	0.1368897	-0.20237032
1892371	5492	0.25170362	-0.333126
1892371	5493	0.27976567	-0.32852548
1892371	5494	0.30735093	-0.4113516
1892371	5495	-0.14394903	0.043305486
1892371	5496	-0.00490582	-0.06292322
1892371	5497	0.41713172	-0.5468496
1892371	5498	0.6605991	-0.7756554
1892371	5499	0.5915531	-0.60485524
1892371	5500	0.62992346	-0.6893719
1892371	5501	0.41968942	-0.42358038
1892371	5502	0.5058446	-0.6085516
1892371	5503	0.42368746	-0.4953914
1892371	5504	0.5167738	-0.6052329
1892371	5505	0.39678234	-0.46561065
1892371	5506	0.47206873	-0.5755018
1892371	5507	0.3665836	-0.45102388
1892371	5508	0.44128144	-0.55777895
1892371	5509	0.34773493	-0.44465035
1892371	5510	0.42467076	-0.5484087
1892371	5511	0.3236391	-0.42695516
1892371	5512	0.4019999	-0.53773534
1892371	5513	0.3063432	-0.41789088
1892371	5514	0.38442802	-0.52419716
1892371	5515	0.2932529	-0.41465378
1892371	5516	0.36837006	-0.51757103
1892371	5517	0.28068686	-0.4069095
1892371	5518	0.35990143	-0.51283956
1892371	5519	0.26849663	-0.4001026
1892371	5520	0.34915948	-0.5109059
1892371	5521	0.26125282	-0.39818835
1892371	5522	0.33831483	-0.5008613
1892371	5523	0.24864584	-0.3907349
1892371	5524	0.3296557	-0.5009702
1892371	5525	0.2445212	-0.39145738
1892371	5526	0.3250463	-0.49743614
1892371	5527	0.23691571	-0.3872191
1892371	5528	0.31911588	-0.4989243
1892371	5529	0.23631608	-0.39188108
1892371	5530	0.31633937	-0.49613142
1892371	5531	0.22552598	-0.38266724
1892371	5532	0.30671853	-0.493737
1892371	5533	0.22166401	-0.3820739
1892371	5534	0.30918938	-0.49657
1892371	5535	0.2255143	-0.39032117
1892371	5536	0.30617964	-0.49840286
1892371	5537	0.22540241	-0.3931445
1892371	5538	0.3046643	-0.4956321
1892371	5539	0.21984059	-0.3884381
1892371	5540	0.29879284	-0.49474025
1892371	5541	0.22264141	-0.39654213
1892371	5542	0.29966992	-0.49598837
1892371	5543	0.21679908	-0.38978338
1892371	5544	0.2987662	-0.5006919
1892371	5545	0.21922648	-0.39517123
1892371	5546	0.29893625	-0.49878442
1892371	5547	0.2110678	-0.38622144
1892371	5548	0.29082882	-0.49499467
1892371	5549	0.2127918	-0.39306873
1892371	5550	0.29382288	-0.496206
1892371	5551	0.20816696	-0.3858629
1892371	5552	0.29223967	-0.49954504
1892371	5553	0.21139103	-0.39174718
1892371	5554	0.29452574	-0.49933282
1892371	5555	0.20875114	-0.38837454
1892371	5556	0.29107827	-0.49824184
1892371	5557	0.21559161	-0.39886507
1892371	5558	0.29586583	-0.500754
1892371	5559	0.20337969	-0.38043675
1892371	5560	0.29488152	-0.50385493
1892371	5561	0.2184456	-0.40342826
1892371	5562	0.29480147	-0.4982024
1892371	5563	0.20777452	-0.38866463
1892371	5564	0.29296923	-0.50223154
1892371	5565	0.21125388	-0.39472306
1892371	5566	0.29225594	-0.49827072
1892371	5567	0.20685709	-0.38993484
1892371	5568	0.29489166	-0.50613153
1892371	5569	0.21117216	-0.3959113
1892371	5570	0.29431516	-0.5022981
1892371	5571	0.20698577	-0.39127955
1892371	5572	0.29270118	-0.5040709
1892371	5573	0.20670521	-0.39194748
1892371	5574	0.28936058	-0.4980274
1892371	5575	0.18950468	-0.3701312
1892371	5576	0.2834518	-0.49484488
1892371	5577	0.20834184	-0.39896044
1892371	5578	0.29834944	-0.5093815
1892371	5579	0.22211963	-0.41172183
1892371	5580	0.30683458	-0.521176
1892371	5581	0.20829743	-0.39155325
1892371	5582	0.30467707	-0.51790273
1892371	5583	0.2166183	-0.40594774
1892371	5584	0.30078632	-0.5152631
1892371	5585	0.21723473	-0.4093659
1892371	5586	0.28582722	-0.4943621
1892371	5587	0.20460594	-0.39529178
1892371	5588	0.2878452	-0.50591505
1892371	5589	0.22090793	-0.41954574
1892371	5590	0.30033547	-0.51809686
1892371	5591	0.21011823	-0.4020172
1892371	5592	0.2902233	-0.5098882
1892371	5593	0.21342301	-0.41215402
1892371	5594	0.29384267	-0.51480883
1892371	5595	0.20122415	-0.39608636
1892371	5596	0.2888239	-0.5138275
1892371	5597	0.21496755	-0.41979933
1892371	5598	0.2688049	-0.48174417
1892371	5599	0.20243996	-0.4058142
1892371	5600	0.2735085	-0.498957
1892371	5601	0.2220487	-0.4315078
1892371	5602	0.28297913	-0.50423086
1892371	5603	0.21080524	-0.4130649
1892371	5604	0.28356153	-0.5108754
1892371	5605	0.043202102	-0.24759017
1892371	5606	0.012341559	-0.23802254
1892371	5607	-0.1200676	-0.062110126
1892371	5608	0.16670471	-0.29850864
1892371	5609	-0.0381189	-0.00057670474
1892371	5610	0.30985403	-0.7219974
1892371	5611	0.25175285	-0.5335131
1892371	5612	0.37199563	-0.6714177
1892371	5613	0.25053388	-0.5027655
1892371	5614	0.2672143	-0.5533802
1892371	5615	0.17925364	-0.4522536
1892371	5616	0.2587011	-0.55707586
1892371	5617	0.16869253	-0.44224718
1892371	5618	0.24967432	-0.55124444
1892371	5619	0.16665554	-0.44323498
1892371	5620	0.24605691	-0.54439056
1892371	5621	0.15754104	-0.43218663
1892371	5622	0.23426706	-0.5356977
1892371	5623	0.15273768	-0.42877108
1892371	5624	0.23199308	-0.5311043
1892371	5625	0.1477524	-0.4237662
1892371	5626	0.2199561	-0.52100587
1892371	5627	0.1419087	-0.41730857
1892371	5628	0.22279537	-0.522843
1892371	5629	0.1432764	-0.41904157
1892371	5630	0.21643883	-0.5149168
1892371	5631	0.14727587	-0.4271844
1892371	5632	0.22188562	-0.52018535
1892371	5633	0.14297277	-0.41813293
1892371	5634	0.21645188	-0.51828545
1892371	5635	0.14104754	-0.4169944
1892371	5636	0.21877497	-0.5178452
1892371	5637	0.14040428	-0.416467
1892371	5638	0.21454906	-0.51663554
1892371	5639	0.13616228	-0.4123853
1892371	5640	0.21476841	-0.5133907
1892371	5641	0.13795412	-0.41535085
1892371	5642	0.2128933	-0.5136339
1892371	5643	0.14445275	-0.4242254
1892371	5644	0.22094876	-0.5211408
1892371	5645	0.13932914	-0.4121053
1892371	5646	0.21770996	-0.52100515
1892371	5647	0.1452856	-0.42454323
1892371	5648	0.22018814	-0.51812
1892371	5649	0.14372689	-0.42021278
1892371	5650	0.21633053	-0.5177655
1892371	5651	0.14452296	-0.42225397
1892371	5652	0.22053999	-0.5191161
1892371	5653	0.14252794	-0.41641477
1892371	5654	0.21880156	-0.5210929
1892371	5655	0.14490259	-0.42045897
1892371	5656	0.22551292	-0.5253093
1892371	5657	0.14574534	-0.4188655
1892371	5658	0.22208244	-0.52402085
1892371	5659	0.14963955	-0.4277527
1892371	5660	0.22485071	-0.52213204
1892371	5661	0.14582062	-0.41905874
1892371	5662	0.22054219	-0.52121896
1892371	5663	0.14770657	-0.42326587
1892371	5664	0.2247225	-0.52223057
1892371	5665	0.14772493	-0.42152846
1892371	5666	0.22004473	-0.5185072
1892371	5667	0.15002215	-0.42561075
1892371	5668	0.22398585	-0.5188909
1892371	5669	0.14976382	-0.42300898
1892371	5670	0.22222447	-0.51994514
1892371	5671	0.15377069	-0.42893058
1892371	5672	0.22533232	-0.5182511
1892371	5673	0.15018415	-0.4210714
1892371	5674	0.22393769	-0.52020776
1892371	5675	0.1563558	-0.4290294
1892371	5676	0.2292332	-0.5214248
1892371	5677	0.14196032	-0.4073555
1892371	5678	0.22778887	-0.52386904
1892371	5679	0.15904498	-0.4333699
1892371	5680	0.2299717	-0.5190699
1892371	5681	0.15452999	-0.42408854
1892371	5682	0.23070455	-0.5254486
1892371	5683	0.1596173	-0.4308039
1892371	5684	0.23176259	-0.52205354
1892371	5685	0.15107739	-0.4184137
1892371	5686	0.22905391	-0.52317435
1892371	5687	0.15510792	-0.42605817
1892371	5688	0.21726072	-0.50203073
1892371	5689	0.15323246	-0.42505154
1892371	5690	0.2307018	-0.52697057
1892371	5691	0.15987086	-0.43083262
1892371	5692	0.2312156	-0.5213024
1892371	5693	0.15311426	-0.4223832
1892371	5694	-0.10039309	-0.09797943
1892371	5695	-0.07960072	-0.07748386
1892371	5696	-0.1678387	-0.03816098
1892371	5697	0.07417786	-0.44329262
1892371	5698	0.06426537	-0.55077
1892371	5699	0.1635099	-0.61588585
1892371	5700	0.3577513	-0.8032391
1892371	5701	0.24106884	-0.59108007
1892371	5702	0.80621433	-0.9993473
1892371	5703	1.4451237	-1.6106129
1892371	5704	2.0345597	-1.7309844
1892371	5705	2.0781255	-1.6220723
1892371	5706	2.1162896	-1.7243493
1892371	5707	2.4301248	-1.9749284
1892371	5708	2.344489	-1.8779762
1892371	5709	3.2749166	-2.4256809
1892371	5710	3.1299272	-2.2523685
1892371	5711	3.0434947	-2.2639756
1892371	5712	2.0419283	-1.7758796
1892371	5713	2.1867971	-1.9163733
1892371	5714	2.3055177	-1.8917594
1892371	5715	2.0478044	-1.6829392
1892371	5716	1.7775742	-1.5861808
1892371	5717	1.50468	-1.4480611
1892371	5718	1.1566525	-1.2101796
1892371	5719	1.381612	-1.4383296
1892371	5720	1.2683724	-1.281243
1892371	5721	1.4259496	-1.4225307
1892371	5722	0.9093791	-1.0539888
1892371	5723	0.43242025	-0.6550728
1892371	5724	0.1654231	-0.4834883
1892371	5725	-0.020412713	-0.30230868
1892371	5726	-0.5340133	0.2652926
1892371	5727	-0.67560905	0.6033741
1892371	5728	-0.6089021	0.5487857
1892371	5729	-0.58167547	0.4515088
1892371	5730	-0.83686686	0.7423096
1892371	5731	-0.9606547	1.0438273
1892371	5732	-1.1509187	1.5618055
1892371	5733	-1.0195216	1.4589546
1892371	5734	-0.9971734	1.3894823
1892371	5735	-1.031178	1.4174263
1892371	5736	-0.97622997	1.4201977
1892371	5737	-0.88360614	1.2331682
1892371	5738	-0.73163605	0.97450554
1892371	5739	-0.59405255	0.68582594
1892371	5740	-0.24193615	-0.004597008
1892371	5741	-0.70951754	0.6944752
1892371	5742	-0.28106388	0.15090588
1892371	5743	-0.8016167	0.84778595
1892371	5744	-0.9497255	1.2412448
1892371	5745	-0.9433022	1.3859981
1892371	5746	-0.9133675	1.3660493
1892371	5747	-0.96207964	1.3624004
1892371	5748	-0.7979716	1.1358505
1892371	5749	-0.79614174	1.0346603
1892371	5750	-0.9534334	1.2824472
1892371	5751	-1.0198619	1.4873674
1892371	5752	-1.015105	1.476491
1892371	5753	-1.0775957	1.6176898
1892371	5754	-1.1981001	1.8574708
1892371	5755	-1.1407056	1.7572112
1892371	5756	-1.2146878	1.7639554
1892371	5757	-1.0264195	1.5109296
1892371	5758	-1.124256	1.7058878
1892371	5759	-1.037423	1.4838225
1892371	5760	-1.1648695	1.8051796
1892371	5761	-1.0845046	1.6838293
1892371	5762	-1.0057439	1.4683627
1892371	5763	-1.0008774	1.4672185
1892371	5764	-1.0481336	1.4853876
1892371	5765	-0.87385225	1.2569405
1892371	5766	-0.69851166	0.7040663
1892371	5767	-0.86285055	1.0310445
1892371	5768	-0.61701715	0.52832067
1892371	5769	0.12504703	-0.6035478
1892371	5770	0.30647492	-0.634
1892371	5771	0.34576833	-0.64038
1892371	5772	0.46404576	-0.7298277
1892371	5773	0.61506474	-0.8324753
1892371	5774	0.68739235	-0.8474018
1892371	5775	0.7027401	-0.8241795
1892371	5776	0.32630855	-0.3486693
1892371	5777	0.27683973	-0.42149433
1892371	5778	-0.082285464	-0.016702026
1892371	5779	-0.2934454	0.15642443
1892371	5780	-0.42672846	0.35596654
1892371	5781	-0.43475562	0.37071452
1892371	5782	-0.49496743	0.4521983
1892371	5783	-0.5162449	0.498248
1892371	5784	-0.26709223	0.09250972
1892371	5785	0.07929081	-0.3557003
1892371	5786	0.1324724	-0.3639686
1892371	5787	0.044000745	-0.2625128
1892371	5788	0.019020855	-0.25395656
1892371	5789	0.08727646	-0.34379476
1892371	5790	0.08347595	-0.3125177
1892371	5791	0.34130907	-0.62305933
1892371	5792	0.24835896	-0.3657717
1892371	5793	1.5525342	-1.6899785
1892371	5794	2.1813073	-1.7251368
1892371	5795	2.1309166	-1.6325507
1892371	5796	1.9973053	-1.5726799
1892371	5797	1.9015335	-1.5429175
1892371	5798	1.2451994	-1.1357234
1892371	5799	1.0966592	-1.1641909
1892371	5800	1.1571597	-1.1970366
1892371	5801	0.5278295	-0.6202722
1892371	5802	0.9940896	-1.1893109
1892371	5803	1.0423361	-1.1157224
1892371	5804	1.1505959	-1.1613903
1892371	5805	0.8813412	-0.96165717
1892371	5806	1.050443	-1.1063337
1892371	5807	0.9676957	-1.0139129
1892371	5808	1.7199882	-1.6317059
1892371	5809	1.9958662	-1.6177527
1892371	5810	1.9199218	-1.5594536
1892371	5811	1.6592926	-1.4189909
1892371	5812	1.6260909	-1.4761838
1892371	5813	2.1910744	-1.8486122
1892371	5814	2.2119622	-1.7662276
1892371	5815	2.0268707	-1.690712
1892371	5816	2.2352004	-1.7770444
1892371	5817	2.5289407	-2.0289497
1892371	5818	1.9882625	-1.6112459
1892371	5819	2.0188665	-1.5951864
1892371	5820	1.4880487	-1.3542733
1892371	5821	1.1269035	-1.1706854
1892371	5822	0.89156294	-1.0658933
1892371	5823	1.139478	-1.2998393
1892371	5824	1.035313	-1.1522692
1892371	5825	1.0024555	-1.0952984
1892371	5826	0.93854976	-1.0224288
1892371	5827	1.0520864	-1.1601137
1892371	5828	1.1321517	-1.1347725
1892371	5829	1.2402617	-1.1974283
1892371	5830	1.1598145	-1.1961389
1892371	5831	0.8018664	-0.89076644
1892371	5832	1.0107491	-1.1015192
1892371	5833	0.74671304	-0.9069369
1892371	5834	1.0629522	-1.1506703
1892371	5835	0.8236685	-0.8838141
1892371	5836	0.8728461	-0.97880816
1892371	5837	0.735384	-0.8108218
1892371	5838	0.42031944	-0.68036497
1892371	5839	0.39390546	-0.64355063
1892371	5840	0.57815826	-0.7888307
1892371	5841	1.147694	-1.2845492
1892371	5842	0.9842893	-1.0826069
1892371	5843	1.1533854	-1.0676147
1892371	5844	1.271592	-1.087691
1892371	5845	1.2925737	-1.0945696
1892371	5846	1.4904121	-1.3763766
1892371	5847	1.4843259	-1.3569381
1892371	5848	1.4906013	-1.3666081
1892371	5849	1.3811319	-1.2591665
1892371	5850	1.8774923	-1.6301028
1892371	5851	1.3343937	-1.1621433
1892371	5852	1.4020365	-1.2970506
1892371	5853	1.8771325	-1.7449006
1892371	5854	1.4107231	-1.3981603
1892371	5855	1.3995982	-1.1982596
1892371	5856	1.1321248	-1.0905505
1892371	5857	1.5329608	-1.4109782
1892371	5858	1.6620659	-1.529706
1892371	5859	1.0594075	-1.1973327
1892371	5860	2.1156268	-1.9830526
1892371	5861	2.5416741	-1.9733896
1892371	5862	2.4106588	-1.9321814
1892371	5863	2.4260373	-1.9952525
1892371	5864	3.1883144	-2.280832
1892371	5865	2.8477883	-2.1280525
1892371	5866	2.7624955	-2.0623357
1892371	5867	2.4731946	-1.9267079
1892371	5868	2.4563432	-1.7990823
1892371	5869	2.146576	-1.7614763
1892371	5870	2.348422	-1.9875871
1892371	5871	1.9869255	-1.6720439
1892371	5872	1.8653706	-1.6427901
1892371	5873	2.0010734	-1.5671293
1892371	5874	2.4497137	-2.0150862
1892371	5875	3.1056056	-2.190812
1892371	5876	2.802353	-2.0203412
1892371	5877	1.9815272	-2.8984823
1892371	5878	2.3608642	-3.160065
1892371	5879	2.3127108	-3.0916748
1892371	5880	2.9416456	-3.3274727
1892371	5881	1.5717598	-1.7752631
1892371	5882	1.428479	-1.4849491
1892371	5883	1.4523635	-1.4829687
1892371	5884	1.6665767	-1.5923439
1892371	5885	1.9971191	-1.7399185
1892371	5886	2.12529	-1.7739643
1892371	5887	2.3308086	-1.9005343
1892371	5888	2.273634	-1.8173923
1892371	5889	2.1513915	-1.7891482
1892371	5890	2.110846	-1.7463343
1892371	5891	2.5412908	-2.0415032
1892371	5892	2.4891005	-1.8820434
1892371	5893	2.4022808	-1.8956295
1892371	5894	1.7419642	-1.4337685
1892371	5895	1.7249373	-1.573992
1892371	5896	1.9130045	-1.6802237
1892371	5897	2.0394154	-1.6392827
1892371	5898	1.8126124	-1.5498095
1892371	5899	1.9241904	-1.5862876
1892371	5900	1.7917112	-1.5120416
1892371	5901	1.5920359	-1.3469642
1892371	5902	1.4040983	-1.2728161
1892371	5903	1.5964905	-1.4438827
1892371	5904	1.0184143	-0.94155717
1892371	5905	0.41736376	-0.56292593
1892371	5906	0.42506272	-0.5817574
1892371	5907	0.3519957	-0.5634021
1892371	5908	0.5244949	-0.68538004
1892371	5909	0.21798342	-0.4055332
1892371	5910	0.7885796	-0.93051946
1892371	5911	0.7706133	-0.8951499
1892371	5912	1.5152825	-1.4586014
1892371	5913	2.6591072	-2.0121546
1892371	5914	2.4931674	-1.7008052
1892371	5915	2.2122855	-1.6747663
1892371	5916	2.3039694	-1.7156754
1892371	5917	2.0786643	-1.5561782
1892371	5918	1.5778185	-1.2506148
1892371	5919	1.5465668	-1.3248922
1892371	5920	1.2202852	-1.0265331
1892371	5921	0.9920182	-0.9337409
1892371	5922	1.1518404	-1.0596403
1892371	5923	-0.13183114	0.093432814
1892371	5924	-0.21333134	0.250528
1892371	5925	-0.2822998	0.36421666
1892371	5926	-0.7592891	1.1321696
1892371	5927	-0.8113632	1.4460044
1892371	5928	-0.79210854	1.4944782
1892371	5929	-0.82722676	1.5881689
1892371	5930	-0.78734577	1.4746447
1892371	5931	-0.7551796	1.3922819
1892371	5932	-0.7358754	1.313879
1892371	5933	-0.7376759	1.2402937
1892371	5934	-0.93106353	1.6440315
1892371	5935	-1.0197867	1.7728848
1892371	5936	-0.94105613	1.7360601
1892371	5937	-0.8630545	1.5555296
1892371	5938	1.1905978	-0.4888662
1892371	5939	1.6916033	-0.6863147
1892371	5940	1.4452815	-0.6701443
1892371	5941	1.4118514	-0.77993435
1892371	5942	1.299921	-0.7983989
1892371	5943	1.1480536	-0.7669524
1892371	5944	1.0128342	-0.73811346
1892371	5945	0.99331534	-0.7628131
1892371	5946	0.89146006	-0.72525615
1892371	5947	0.94840336	-0.782649
1892371	5948	0.96537626	-0.8180895
1892371	5949	0.9696773	-0.827947
1892371	5950	0.9866384	-0.83790636
1892371	5951	0.8595276	-0.7245115
1892371	5952	1.4422475	-1.1377532
1892371	5953	1.2055444	-0.86588424
1892371	5954	1.3869015	-1.0319728
1892371	5955	1.5656129	-1.154226
1892371	5956	1.9885639	-1.3942144
1892371	5957	1.3064111	-0.95805216
1892371	5958	1.0214616	-0.69294226
1892371	5959	1.1598878	-0.9043087
1892371	5960	1.0675797	-0.70397615
1892371	5961	0.8310536	-0.6832148
1892371	5962	0.72589743	-0.52826136
1892371	5963	0.6028247	-0.46232244
1892371	5964	0.82780945	-0.9738958
1892371	5965	0.6552855	-0.75023794
1892371	5966	0.5719304	-0.6178461
1892371	5967	0.66463315	-0.77492535
1892371	5968	0.821108	-0.8506074
1892371	5969	0.8417717	-0.8380042
1892371	5970	1.2101024	-1.1530521
1892371	5971	1.1293852	-1.0873197
1892371	5972	0.76844215	-0.7767346
1892371	5973	0.71904945	-0.7444271
1892371	5974	0.83920467	-0.9147998
1892371	5975	0.71935606	-0.77559495
1892371	5976	0.40915215	-0.56273365
1892371	5977	0.7329494	-0.8927152
1892371	5978	0.43614733	-0.5769363
1892371	5979	0.35533214	-0.55125076
1892371	5980	0.43376297	-0.6714897
1892371	5981	0.64678335	-0.79680383
1892371	5982	0.6118344	-0.7316694
1892371	5983	0.49350595	-0.5832967
1892371	5984	0.29339427	-0.32807818
1892371	5985	0.41545492	-0.53360236
1892371	5986	0.43691427	-0.55291754
1892371	5987	0.20820701	-0.41200477
1892371	5988	0.09471202	-0.31782523
1892371	5989	0.6412029	-1.0106194
1892371	5990	0.45980257	-0.704725
1892371	5991	0.82551	-0.9248433
1892371	5992	0.28398162	-0.52552986
1892371	5993	-0.15050873	-0.05366391
1892371	5994	-0.855487	0.78567696
1892371	5995	-0.7101078	0.7568389
1892371	5996	-0.6589658	0.5914444
1892371	5997	-0.8490734	0.81869197
1892371	5998	-0.9931195	1.127232
1892371	5999	-1.0961335	1.3847827
1892371	6000	-0.8978454	1.1800483
1892371	6001	-1.0511855	1.2822236
1892371	6002	-1.2063832	1.6177356
1892371	6003	-1.065071	1.4570624
1892371	6004	-0.9383099	1.242399
1892371	6005	-1.0078288	1.152762
1892371	6006	-1.1401446	1.4407171
1892371	6007	-1.1721258	1.4413713
1892371	6008	-1.1072223	1.17022
1892371	6009	-1.1485037	1.2891883
1892371	6010	-1.1000516	1.1937817
1892371	6011	-1.0147271	1.0483165
1892371	6012	-0.85595953	0.93790245
1892371	6013	-1.1096478	1.3650855
1892371	6014	-1.0242888	1.1062837
1892371	6015	-0.9530382	0.9323827
1892371	6016	-1.048578	1.2581917
1892371	6017	-1.0193553	1.3153279
1892371	6018	-1.6145692	2.5803251
1892371	6019	-1.3187697	2.1407537
1892371	6020	-1.2517319	2.0625188
1892371	6021	-1.3802445	2.2570267
1892371	6022	-1.3173292	2.1564407
1892371	6023	-1.5311335	2.49142
1892371	6024	-1.518179	2.2627423
1892371	6025	-1.272424	1.8882699
1892371	6026	-1.5493352	2.341326
1892371	6027	-1.5740794	2.256892
1892371	6028	-1.5961298	2.476314
1892371	6029	-1.6952422	2.8464816
1892371	6030	-1.3524406	1.9710143
1892371	6031	-1.4083596	2.0882573
1892371	6032	-1.5171318	2.1668196
1892371	6033	-1.6218253	2.4110594
1892371	6034	-1.5123392	2.4729733
1892371	6035	-1.4612068	2.5047748
1892371	6036	-1.5372549	2.4806612
1892371	6037	-1.6118236	2.8292456
1892371	6038	-1.5597751	2.769826
1892371	6039	-1.5912037	2.825397
1892371	6040	-1.5905504	2.7508895
1892371	6041	-1.6574632	3.0507953
1892371	6042	-1.6302701	2.9493496
1892371	6043	-1.1085725	1.7074115
1892371	6044	-1.4521495	2.2565713
1892371	6045	-1.2784302	1.9478395
1892371	6046	-1.1226859	1.380517
1892371	6047	-1.0298622	1.3255125
1892371	6048	-1.0020314	1.2625915
1892371	6049	-0.94159305	1.1470892
1892371	6050	-1.163252	1.2692719
1892371	6051	-1.3437017	1.7979922
1892371	6052	-1.193831	1.6869004
1892371	6053	-1.2916615	1.7706995
1892371	6054	-1.3803914	1.9666634
1892371	6055	-1.2291902	1.6844454
1892371	6056	-1.5199815	2.1864994
1892371	6057	-1.5656161	2.2962732
1892371	6058	-1.4725982	2.2963336
1892371	6059	-1.2150912	2.069551
1892371	6060	-1.4048483	2.0324018
1892371	6061	-1.364066	1.9712615
1892371	6062	-1.2863584	1.6765606
1892371	6063	-1.244525	1.6856372
1892371	6064	-1.258294	1.568614
1892371	6065	-1.5231322	2.0853426
1892371	6066	-1.3961669	1.9681621
1892371	6067	-1.2944529	1.6900878
1892371	6068	-1.5087351	2.005646
1892371	6069	-1.3697236	1.9781337
1892371	6070	-1.2041794	1.5907726
1892371	6071	-1.4253178	1.7144189
1892371	6072	-1.3752298	1.9978447
1892371	6073	-1.2889507	1.9226043
1892371	6074	-1.3898344	2.0131335
1892371	6075	-1.8249655	2.9481711
1892371	6076	-1.4601525	2.317514
1892371	6077	-1.3579903	1.8637393
1892371	6078	-1.6389086	2.4869702
1892371	6079	-1.4919604	2.3512452
1892371	6080	-1.329968	1.9373839
1892371	6081	-1.3752842	1.9587603
1892371	6082	-1.5364132	2.3482397
1892371	6083	-1.3968347	2.2115943
1892371	6084	-1.4265513	2.2282882
1892371	6085	-1.4025432	2.1116133
1892371	6086	-1.3969743	2.1873522
1892371	6087	-1.4616753	2.1912634
1892371	6088	-1.4028535	2.107412
1892371	6089	-1.6129385	2.5681262
1892371	6090	-2.1366637	1.5578878
1892371	6091	-2.2621632	2.0520487
1892371	6092	-0.16471744	0.35447618
1892371	6093	-0.40949783	0.2301167
1892371	6094	-0.45810574	0.22397038
1892371	6095	-0.47091523	0.2123219
1892371	6096	-0.48524165	0.19241503
1892371	6097	-0.63716906	0.3897538
1892371	6098	-1.0713754	1.1069596
1892371	6099	-1.4858453	1.8521307
1892371	6100	-1.0932693	1.5352179
1892371	6101	-1.0024979	1.1955036
1892371	6102	-1.2231956	1.4072456
1892371	6103	-1.3334241	1.6629694
1892371	6104	-1.2235913	1.6171367
1892371	6105	-1.2159306	1.5961647
1892371	6106	-1.1854825	1.5637412
1892371	6107	-1.1828173	1.4469483
1892371	6108	-1.4128311	1.8240979
1892371	6109	-1.2861364	1.7367644
1892371	6110	-1.403838	1.9973562
1892371	6111	-1.4627619	2.1583753
1892371	6112	-1.3388455	2.0948048
1892371	6113	-1.3022866	1.9031241
1892371	6114	-1.2688901	1.6809351
1892371	6115	-1.130152	1.3018744
1892371	6116	-1.0289714	0.9401225
1892371	6117	-0.9839354	0.87301624
1892371	6118	-0.8815658	0.57638717
1892371	6119	-0.80771524	0.5209291
1892371	6120	-0.5782003	0.15814397
1892371	6121	-0.5052174	0.23128209
1892371	6122	-0.5241654	0.16466722
1892371	6123	-0.473271	0.13552055
1892371	6124	-0.03710237	-0.37801078
1892371	6125	0.1283654	-0.51990956
1892371	6126	0.34175265	-0.61773616
1892371	6127	-0.061169475	-0.092246294
1892371	6128	0.16615504	-0.45774955
1892371	6129	0.17797345	-0.4215741
1892371	6130	0.09651905	-0.40756074
1892371	6131	0.043525755	-0.32017928
1892371	6132	-0.015425801	-0.15405521
1892371	6133	0.120207965	-0.43808103
1892371	6134	-0.1261085	0.098317355
1892371	6135	0.114477694	-0.4874701
1892371	6136	-0.1731405	-0.056530863
1892371	6137	-0.12859282	-0.014925927
1892371	6138	-0.21284282	-0.14697248
1892371	6139	-0.13608462	-0.20887616
1892371	6140	-0.14449096	-0.18519306
1892371	6141	-0.14427939	-0.14773872
1892371	6142	0.19069016	-0.48432478
1892371	6143	-0.007972002	-0.020897895
1892371	6144	0.2426185	-0.51211715
1892371	6145	0.14427882	-0.15573785
1892371	6146	-0.24458167	-0.001510948
1892371	6147	-0.37999627	0.099253565
1892371	6148	-0.45083296	0.20402369
1892371	6149	-0.44441277	0.2665169
1892371	6150	-0.3514079	0.10287741
1892371	6151	-0.1601859	-0.18015513
1892371	6152	0.19363713	-0.610337
1892371	6153	0.054555535	-0.19545722
1892371	6154	-0.22125983	-0.08695331
1892371	6155	-0.4606848	0.22959521
1892371	6156	-0.63214785	0.45971105
1892371	6157	-0.67841834	0.50939715
1892371	6158	-0.7011001	0.5455309
1892371	6159	-0.6861221	0.55510485
1892371	6160	-0.93535936	0.9112059
1892371	6161	-1.1333213	1.3311502
1892371	6162	-0.87287426	0.9562267
1892371	6163	-0.4699015	0.13482109
1892371	6164	-0.48375666	0.25961128
1892371	6165	-0.44605818	0.1514189
1892371	6166	-0.25984728	-0.097813636
1892371	6167	-0.15733021	-0.22325465
1892371	6168	-0.20825177	-0.11010963
1892371	6169	-0.07462767	-0.2793336
1892371	6170	0.14965832	-0.5775492
1892371	6171	0.3639868	-0.67730033
1892371	6172	0.4127069	-0.6704484
1892371	6173	0.21499676	-0.44683823
1892371	6174	-0.007521808	-0.3139129
1892371	6175	-0.02604878	-0.32003814
1892371	6176	0.12055451	-0.4966461
1892371	6177	0.36269677	-0.7594497
1892371	6178	0.33396256	-0.57819086
1892371	6179	0.34718323	-0.5597006
1892371	6180	0.2612154	-0.5219507
1892371	6181	-0.0799641	-0.08674681
1892371	6182	0.097384214	-0.4853365
1892371	6183	0.037686586	-0.33229747
1892371	6184	-0.16723567	-0.07359204
1892371	6185	-0.45731023	0.07894346
1892371	6186	-0.62550265	0.3407165
1892371	6187	-0.8527776	0.66073763
1892371	6188	-0.8905753	0.7897124
1892371	6189	-0.8503696	0.6934066
1892371	6190	-0.86738753	0.7265246
1892371	6191	-1.1110873	1.1862053
1892371	6192	-1.2258892	1.3770137
1892371	6193	-1.1405276	1.3095922
1892371	6194	-1.0872794	1.1482584
1892371	6195	-1.1363648	1.2577167
1892371	6196	-1.2451236	1.4965703
1892371	6197	-0.97590744	1.0101585
1892371	6198	-1.1451073	1.252659
1892371	6199	-0.9190894	0.8644607
1892371	6200	-1.1122539	1.0962873
1892371	6201	-0.9300945	0.91180694
1892371	6202	-1.3689526	1.5501413
1892371	6203	-1.2360325	1.6105838
1892371	6204	-1.169783	1.2929785
1892371	6205	-1.077601	1.1217772
1892371	6206	-0.8106477	0.48908237
1892371	6207	-0.90258867	0.77562606
1892371	6208	-0.86975276	0.682716
1892371	6209	-0.88747734	0.7633976
1892371	6210	-0.76200104	0.6758615
1892371	6211	-0.6273687	0.2813091
1892371	6212	-0.45365387	0.06408259
1892371	6213	0.1433788	-0.70161223
1892371	6214	0.4016353	-0.719782
1892371	6215	0.43444884	-0.71237254
1892371	6216	0.41473353	-0.68087107
1892371	6217	0.4292776	-0.6974752
1892371	6218	0.44320965	-0.70711523
1892371	6219	0.4518993	-0.6242396
1892371	6220	0.5652834	-0.7724672
1892371	6221	0.6456189	-0.8077185
1892371	6222	0.57600355	-0.66612124
1892371	6223	0.62838006	-0.80309504
1892371	6224	0.47620314	-0.56460255
1892371	6225	0.26125062	-0.43205652
1892371	6226	0.0991019	-0.35105044
1892371	6227	0.034684658	-0.3051961
1892371	6228	0.07974994	-0.34996927
1892371	6229	0.22165996	-0.5451504
1892371	6230	0.43001264	-0.71169895
1892371	6231	0.43589717	-0.65163356
1892371	6232	0.30332774	-0.51085967
1892371	6233	-0.0405384	-0.11348963
1892371	6234	-0.11903232	-0.16690144
1892371	6235	-0.23491931	0.036620945
1892371	6236	-0.51152766	0.22973093
1892371	6237	-0.56126565	0.29142097
1892371	6238	-0.50781876	0.17461935
1892371	6239	-0.5664672	0.26195613
1892371	6240	-1.1138768	1.235489
1892371	6241	-1.0364683	1.2434047
1892371	6242	-1.0779502	1.2792497
1892371	6243	-1.0990597	1.2631559
1892371	6244	-1.0647699	1.1908208
1892371	6245	-0.8229935	0.7323618
1892371	6246	-0.18650499	-0.13241795
1892371	6247	0.022358239	-0.2863863
1892371	6248	0.05812341	-0.29271328
1892371	6249	0.34623677	-0.67845273
1892371	6250	0.6681837	-0.91772246
1892371	6251	0.8333504	-0.9512168
1892371	6252	0.8311038	-0.9243294
1892371	6253	0.434164	-0.49451247
1892371	6254	0.61115956	-0.76431763
1892371	6255	0.37945873	-0.57049966
1892371	6256	0.5030494	-0.6977838
1892371	6257	0.21995878	-0.36301678
1892371	6258	0.16521639	-0.47333834
1892371	6259	0.14264393	-0.44967455
1892371	6260	0.1992014	-0.4979145
1892371	6261	-0.10755378	-0.1381213
1892371	6262	-0.2884293	-0.0134859085
1892371	6263	-0.3525367	0.05786529
1892371	6264	-0.36113167	0.13478872
1892371	6265	-0.3257783	0.030745924
1892371	6266	-0.2794649	-0.10373089
1892371	6267	-0.243047	-0.312057
1892371	6268	-0.28791544	-0.17949215
1892371	6269	-0.2900257	-0.24966076
1892371	6270	0.363302	-0.9580772
1892371	6271	0.86073864	-1.3502055
1892371	6272	1.1081464	-1.3153379
1892371	6273	0.95576453	-1.1000817
1892371	6274	0.82789373	-1.0371667
1892371	6275	0.90746963	-1.1196239
1892371	6276	1.2769605	-1.3973975
1892371	6277	0.5776702	-0.72944736
1892371	6278	0.3145193	-0.55548906
1892371	6279	0.18615401	-0.46327087
1892371	6280	0.4063555	-0.8734162
1892371	6281	0.47139198	-0.76035464
1892371	6282	0.32830912	-0.5477456
1892371	6283	0.7269367	-1.0438517
1892371	6284	0.38965392	-0.53667617
1892371	6285	0.3552251	-0.64501977
1892371	6286	0.050231934	-0.23114495
1892371	6287	-0.19299689	-0.10809517
1892371	6288	-0.09217781	-0.23356624
1892371	6289	-0.15756771	-0.14873576
1892371	6290	-0.18430024	-0.06403962
1892371	6291	-0.31316608	0.027320504
1892371	6292	-0.3352431	0.11389968
1892371	6293	-0.22879446	-0.04297611
1892371	6294	-0.24261805	-0.12193444
1892371	6295	-0.08184311	-0.31689447
1892371	6296	-0.09044573	-0.26135394
1892371	6297	0.79382086	-1.2142066
1892371	6298	1.5547506	-1.6221039
1892371	6299	0.5563185	-0.49278155
1892371	6300	0.7628938	-0.8280177
1892371	6301	0.65882623	-0.66103905
1892371	6302	0.38275576	-0.42537874
1892371	6303	0.35650635	-0.52381647
1892371	6304	0.07567847	-0.25953707
1892371	6305	0.40097952	-0.69910675
1892371	6306	0.086315036	-0.350369
1892371	6307	0.41209865	-0.74102604
1892371	6308	0.3896442	-0.61467445
1892371	6309	0.44366628	-0.5254764
1892371	6310	0.5993937	-0.6856813
1892371	6311	0.2730685	-0.43868124
1892371	6312	0.31299543	-0.49250323
1892371	6313	0.52079904	-0.9454354
1892371	6314	0.6960281	-0.92422545
1892371	6315	0.9367893	-1.1597633
1892371	6316	1.0792228	-1.1237922
1892371	6317	1.25392	-1.1364541
1892371	6318	0.9790896	-0.97537076
1892371	6319	0.6544472	-0.9930161
1892371	6320	0.9587095	-1.1648343
1892371	6321	0.8838899	-0.96907854
1892371	6322	0.9728203	-1.0913236
1892371	6323	1.0280142	-0.9967874
1892371	6324	0.7288151	-0.7510723
1892371	6325	0.7756965	-0.9340844
1892371	6326	0.51300776	-0.60169905
1892371	6327	0.1936751	-0.37423712
1892371	6328	0.10722351	-0.3431787
1892371	6329	0.40852886	-0.7069771
1892371	6330	0.7146871	-0.9649384
1892371	6331	0.35041702	-0.50888866
1892371	6332	0.14419025	-0.40793735
1892371	6333	0.3061509	-0.5983214
1892371	6334	0.68755245	-1.0085108
1892371	6335	1.6582307	-1.6647608
1892371	6336	1.7821475	-1.5381166
1892371	6337	0.9659612	-0.8314284
1892371	6338	0.4731102	-0.5398901
1892371	6339	0.8349267	-1.1607084
1892371	6340	1.1706902	-1.3117213
1892371	6341	1.0317913	-1.0725687
1892371	6342	0.84652305	-1.0428658
1892371	6343	0.9321878	-1.0595701
1892371	6344	0.90187967	-0.98959756
1892371	6345	0.59430087	-0.7249219
1892371	6346	0.46795917	-0.7145523
1892371	6347	0.4036259	-0.6391675
1892371	6348	0.3754158	-0.62340164
1892371	6349	0.089181185	-0.3197651
1892371	6350	-0.16737664	-0.11796394
1892371	6351	0.72463346	-1.1314263
1892371	6352	0.89538	-1.0744814
1892371	6353	1.2856979	-1.297792
1892371	6354	1.5575193	-1.4701267
1892371	6355	0.5739565	-0.5781505
1892371	6356	0.41283512	-0.581507
1892371	6357	0.27938318	-0.59983927
1892371	6358	0.19021612	-0.4742589
1892371	6359	-0.053871453	-0.306668
1892371	6360	0.07146102	-0.4852676
1892371	6361	-0.0018482208	-0.39490038
1892371	6362	-0.13690382	-0.21042167
1892371	6363	-0.28485236	-0.08357853
1892371	6364	-0.13633755	-0.33860093
1892371	6365	-0.1453104	-0.27604103
1892371	6366	-0.11965662	-0.32701972
1892371	6367	-0.22994903	-0.19596693
1892371	6368	-0.26057884	-0.17362487
1892371	6369	-0.1848076	-0.28807938
1892371	6370	-0.24326536	-0.18329772
1892371	6371	-0.0042616725	-0.29989848
1892371	6372	0.20022678	-0.8201741
1892371	6373	0.044389248	-0.42304823
1892371	6374	0.00506407	-0.4272212
1892371	6375	0.15484929	-0.5294369
1892371	6376	0.04404354	-0.47381654
1892371	6377	0.021829665	-0.36591154
1892371	6378	0.074318886	-0.31734532
1892371	6379	0.16667724	-0.46741468
1892371	6380	-0.007172048	-0.1380516
1892371	6381	0.17901725	-0.50078046
1892371	6382	0.0018489361	-0.34247947
1892371	6383	0.091147006	-0.45497262
1892371	6384	0.12838107	-0.42402
1892371	6385	-0.0048732758	-0.38021424
1892371	6386	0.09378737	-0.4044868
1892371	6387	0.15105897	-0.57054985
1892371	6388	0.23139673	-0.5862842
1892371	6389	0.068850994	-0.38113886
1892371	6390	0.06857526	-0.4474328
1892371	6391	0.052951157	-0.47176498
1892371	6392	0.59404564	-0.8403714
1892371	6393	0.5604621	-0.9059222
1892371	6394	0.34986317	-0.62270117
1892371	6395	0.19526649	-0.40675327
1892371	6396	0.42946655	-0.70028305
1892371	6397	0.25551248	-0.53210986
1892371	6398	0.2907644	-0.60547876
1892371	6399	0.22475421	-0.4841745
1892371	6400	0.19394118	-0.52860534
1892371	6401	0.08457291	-0.42735067
1892371	6402	0.39662665	-0.7106052
1892371	6403	0.19854683	-0.5017572
1892371	6404	0.2510752	-0.6245762
1892371	6405	0.07384133	-0.4093993
1892371	6406	-0.364713	0.074532956
1892371	6407	-0.751306	0.6094215
1892371	6408	-0.7185601	0.6003665
1892371	6409	-0.7093282	0.45838723
1892371	6410	-0.92321754	0.8355037
1892371	6411	-0.8695356	0.74268436
1892371	6412	-1.0142616	1.0099634
1892371	6413	-0.9919888	0.99603176
1892371	6414	-0.73338723	0.45454845
1892371	6415	-1.0260298	0.9939816
1892371	6416	-0.7935236	0.7712364
1892371	6417	-1.1140269	1.0444796
1892371	6418	-1.1422226	1.2955085
1892371	6419	-1.1372302	1.3412647
1892371	6420	-1.3173745	1.8330634
1892371	6421	-1.1437478	1.4601687
1892371	6422	-1.037962	1.0763792
1892371	6423	-0.8681076	0.6482314
1892371	6424	-0.8849478	0.6679959
1892371	6425	-0.808915	0.55231524
1892371	6426	-0.87203205	0.65713835
1892371	6427	-0.7951231	0.65457654
1892371	6428	-0.5439554	0.28891888
1892371	6429	-0.3928524	-0.043517113
1892371	6430	-0.13062778	-0.33779222
1892371	6431	0.18866003	-0.6498336
1892371	6432	0.23935461	-0.5940213
1892371	6433	0.29223156	-0.65401745
1892371	6434	0.29970938	-0.6339314
1892371	6435	0.3264504	-0.6645309
1892371	6436	0.24771112	-0.5369361
1892371	6437	0.24062419	-0.556691
1892371	6438	0.81179	-1.0910813
1892371	6439	1.0105082	-1.1189636
1892371	6440	0.46225494	-0.52805907
1892371	6441	0.35808396	-0.5758457
1892371	6442	0.4254616	-0.6664326
1892371	6443	0.76524806	-0.9173279
1892371	6444	0.35218084	-0.4545578
1892371	6445	0.04082209	-0.2651462
1892371	6446	-0.026106417	-0.23082088
1892371	6447	-0.15149939	-0.060669273
1892371	6448	0.14762408	-0.37340423
1892371	6449	0.22098935	-0.58244604
1892371	6450	0.42385334	-0.7484651
1892371	6451	0.398812	-0.5641443
1892371	6452	0.34140998	-0.55329996
1892371	6453	0.24532276	-0.5268727
1892371	6454	0.34097046	-0.6130785
1892371	6455	0.45985627	-0.60670114
1892371	6456	0.4301709	-0.81131184
1892371	6457	0.35182118	-0.5274645
1892371	6458	0.19740975	-0.43464273
1892371	6459	0.14104974	-0.261468
1892371	6460	0.3429268	-0.61758167
1892371	6461	0.21591234	-0.5149858
1892371	6462	0.31455082	-0.59878737
1892371	6463	0.20985413	-0.34072626
1892371	6464	0.32502437	-0.55690324
1892371	6465	0.28108698	-0.67837965
1892371	6466	0.5292617	-0.7839026
1892371	6467	0.53977525	-0.79287016
1892371	6468	0.4419657	-0.66277546
1892371	6469	0.48281032	-0.7274207
1892371	6470	0.32299638	-0.43644068
1892371	6471	0.24537432	-0.4461416
1892371	6472	0.33596343	-0.4989604
1892371	6473	0.48527777	-0.7572036
1892371	6474	0.40720493	-0.7737356
1892371	6475	0.47003657	-0.69174063
1892371	6476	0.256521	-0.5282902
1892371	6477	0.35742694	-0.68218315
1892371	6478	0.35322767	-0.5833164
1892371	6479	0.25046474	-0.5699131
1892371	6480	0.384511	-0.69178116
1892371	6481	0.28564614	-0.6067939
1892371	6482	0.397196	-0.7178793
1892371	6483	0.21910214	-0.26899981
1892371	6484	0.41374195	-0.766821
1892371	6485	0.2573964	-0.45002413
1892371	6486	0.50570726	-0.86369824
1892371	6487	0.7921052	-1.063334
1892371	6488	0.87007105	-0.986801
1892371	6489	1.2113229	-1.2646364
1892371	6490	1.0893303	-1.2979959
1892371	6491	0.41648328	-0.55030996
1892371	6492	0.30626273	-0.5464673
1892371	6493	0.25932235	-0.56789905
1892371	6494	0.14535505	-0.45391235
1892371	6495	0.31781745	-0.61018646
1892371	6496	0.14845645	-0.4793061
1892371	6497	0.2587167	-0.67071533
1892371	6498	0.14819175	-0.5231201
1892371	6499	0.0564062	-0.4757424
1892371	6500	-0.005248666	-0.4374924
1892371	6501	0.02990979	-0.50014544
1892371	6502	0.023767948	-0.47003973
1892371	6503	0.07351518	-0.5012794
1892371	6504	-0.04983893	-0.42230666
1892371	6505	0.035942078	-0.5345302
1892371	6506	0.027059853	-0.47516066
1892371	6507	0.25594747	-0.7179525
1892371	6508	0.26809597	-0.66448474
1892371	6509	0.15205353	-0.59933007
1892371	6510	0.2894718	-0.54428977
1892371	6511	0.2399376	-0.40978557
1892371	6512	0.23869187	-0.5625091
1892371	6513	0.1679784	-0.49015176
1892371	6514	0.14475465	-0.5350304
1892371	6515	0.39112902	-0.8082856
1892371	6516	0.5980582	-0.98494613
1892371	6517	0.7345594	-0.9950049
1892371	6518	0.71189594	-0.9601903
1892371	6519	0.43047112	-0.62155807
1892371	6520	0.57404256	-0.898288
1892371	6521	0.46223146	-0.65441746
1892371	6522	0.18138474	-0.3237425
1892371	6523	0.325476	-0.7317831
1892371	6524	0.34826243	-0.6808773
1892371	6525	0.47474957	-0.79593074
1892371	6526	0.3702035	-0.6144036
1892371	6527	0.7661679	-0.8042331
1892371	6528	0.43924642	-0.6093948
1892371	6529	0.48905742	-0.63249445
1892371	6530	0.48847657	-0.8333345
1892371	6531	0.56619525	-0.862071
1892371	6532	0.2231986	-0.5179153
1892371	6533	0.4354068	-0.60109085
1892371	6534	0.6754103	-0.8208451
1892371	6535	0.36070698	-0.6466826
1892371	6536	0.19803399	-0.4145027
1892371	6537	1.2225298	-1.585189
1892371	6538	1.7451273	-1.5556583
1892371	6539	1.806271	-1.4353683
1892371	6540	1.9997917	-1.592066
1892371	6541	2.331068	-1.7867012
1892371	6542	2.108204	-1.6013598
1892371	6543	1.7922796	-1.4221143
1892371	6544	1.4461915	-1.2194629
1892371	6545	0.4799357	-0.5351604
1892371	6546	0.25127643	-0.4323931
1892371	6547	0.22535282	-0.46539086
1892371	6548	0.15648913	-0.4118428
1892371	6549	0.11634332	-0.3888311
1892371	6550	0.07568419	-0.34264266
1892371	6551	0.065936804	-0.39931634
1892371	6552	0.039688945	-0.36512822
1892371	6553	0.24413264	-0.62998825
1892371	6554	0.4338711	-0.6918685
1892371	6555	0.48179066	-0.8437153
1892371	6556	0.52925086	-0.7916876
1892371	6557	0.68826115	-0.88024193
1892371	6558	1.3920121	-1.6096028
1892371	6559	2.1106544	-1.8573368
1892371	6560	1.875044	-1.4310693
1892371	6561	1.3317139	-1.1563305
1892371	6562	0.113469005	-0.26747632
1892371	6563	-0.07296407	-0.15620768
1892371	6564	0.097105265	-0.40997887
1892371	6565	0.33806694	-0.69874793
1892371	6566	0.37667274	-0.5935222
1892371	6567	0.45875168	-0.81302786
1892371	6568	0.29807502	-0.66588116
1892371	6569	0.48881763	-0.6656948
1892371	6570	0.53245807	-0.88764983
1892371	6571	0.53219736	-0.7884654
1892371	6572	0.4484231	-0.70025855
1892371	6573	0.5212133	-0.7791679
1892371	6574	0.17596292	-0.26222202
1892371	6575	0.36519015	-0.6444446
1892371	6576	0.14507622	-0.49147883
1892371	6577	0.32468796	-0.7165464
1892371	6578	0.26103246	-0.5935246
1892371	6579	0.52095306	-0.81726384
1892371	6580	0.3151843	-0.40351656
1892371	6581	-0.106558055	-0.18103662
1892371	6582	-0.73539054	0.6279875
1892371	6583	-0.8597482	0.80899143
1892371	6584	-0.8347074	0.7829704
1892371	6585	-0.8805459	0.8010349
1892371	6586	-0.9152318	0.8582336
1892371	6587	-0.9149813	0.8351064
1892371	6588	-0.8837001	0.8897877
1892371	6589	-0.86545086	0.8529217
1892371	6590	-0.36860174	0.13503692
1892371	6591	0.17538822	-0.6761411
1892371	6592	0.34490305	-0.65196687
1892371	6593	0.32829577	-0.6317632
1892371	6594	0.018577576	-0.32300842
1892371	6595	-0.32564765	-0.014520615
1892371	6596	-0.44252276	0.102975756
1892371	6597	-0.72164917	0.46044007
1892371	6598	-0.67881775	0.42379788
1892371	6599	-0.888095	0.7279439
1892371	6600	-0.9439941	0.8773532
1892371	6601	-0.8658257	0.7939427
1892371	6602	-0.79790473	0.6810707
1892371	6603	-0.8280989	0.67502594
1892371	6604	-0.870386	0.69759166
1892371	6605	-0.8966855	0.76237845
1892371	6606	-1.0262105	1.0358248
1892371	6607	-1.1135211	1.3022916
1892371	6608	-1.0455151	1.1918242
1892371	6609	-0.85360515	0.9039749
1892371	6610	-1.04168	1.1335461
1892371	6611	-1.0428272	1.1039635
1892371	6612	-1.2443695	1.4994152
1892371	6613	-1.0329056	1.2350459
1892371	6614	-1.0282929	1.1244315
1892371	6615	-1.1150017	1.209082
1892371	6616	-1.0442126	1.1276623
1892371	6617	-1.0975689	1.1888624
1892371	6618	-1.0570952	1.1410865
1892371	6619	-0.9878873	1.0940835
1892371	6620	-0.7483819	0.8235688
1892371	6621	-0.8494292	0.7400799
1892371	6622	-0.98239684	1.0503688
1892371	6623	-0.9178302	1.0073773
1892371	6624	-0.950837	0.9575499
1892371	6625	-1.0256774	1.1417496
1892371	6626	-0.833647	0.764969
1892371	6627	-0.97425365	0.92742276
1892371	6628	-0.95624673	0.94155514
1892371	6629	-1.0012546	1.0097022
1892371	6630	-0.9633275	0.9537128
1892371	6631	-0.92169297	0.9041916
1892371	6632	-0.8951267	0.93093216
1892371	6633	-0.9936408	1.0029881
1892371	6634	-1.0272968	1.0329723
1892371	6635	-0.97845984	0.9457214
1892371	6636	-0.93990195	0.8669659
1892371	6637	-0.8110715	0.762323
1892371	6638	-0.7411185	0.6849015
1892371	6639	-0.87416255	0.7987193
1892371	6640	-0.8471571	0.7668055
1892371	6641	-0.7606054	0.5509349
1892371	6642	-0.8746507	0.88704216
1892371	6643	-0.827082	0.7658969
1892371	6644	-0.8877299	0.95486236
1892371	6645	-1.0248355	1.2033148
1892371	6646	-0.81030107	0.9011135
1892371	6647	-1.1043569	1.3148612
1892371	6648	-1.4947677	0.9387113
1892371	6649	-2.2610192	2.731655
1892371	6650	-1.2292401	2.4575531
1892371	6651	-1.3199692	2.1845672
1892371	6652	-1.2816203	2.240963
1892371	6653	-1.2721883	2.2047544
1892371	6654	-1.2909853	2.2506979
1892371	6655	-1.2767153	2.2147532
1892371	6656	-1.2530323	2.1228452
1892371	6657	-1.298337	2.1698267
1892371	6658	-1.2857172	2.1273396
1892371	6659	-1.2658406	2.081716
1892371	6660	-1.2911	2.1024635
1892371	6661	-1.2613353	2.0403526
1892371	6662	-1.2816913	2.063127
1892371	6663	-1.2673723	2.016736
1892371	6664	-1.1171066	1.8951287
1892371	6665	-1.2127638	1.7676485
1892371	6666	-1.19754	1.891711
1892371	6667	-1.2127286	1.8576193
1892371	6668	-1.2899342	1.9550929
1892371	6669	-1.2966487	1.9665325
1892371	6670	-1.2794662	1.9097955
1892371	6671	-1.3226502	2.0038307
1892371	6672	-1.3227643	1.9903593
1892371	6673	-1.3627865	2.097298
1892371	6674	-1.3507814	2.116677
1892371	6675	-1.3886273	2.1570272
1892371	6676	-1.3219606	2.0133343
1892371	6677	-1.4139696	2.2716906
1892371	6678	-1.479867	2.414689
1892371	6679	-1.4218693	2.4179137
1892371	6680	-1.4299219	2.4718823
1892371	6681	-1.4204893	2.4325275
1892371	6682	-1.4122045	2.4361553
1892371	6683	-1.3812789	2.3646297
1892371	6684	-1.3936706	2.4425433
1892371	6685	-1.3855915	2.404385
1892371	6686	0.1215682	0.4800448
1892371	6687	0.2502479	0.114732
1892371	6688	0.20909446	-0.15115002
1892371	6689	0.28760362	-0.27083758
1892371	6690	0.35199523	-0.34670848
1892371	6691	0.6012449	-0.63935405
1892371	6692	0.56699824	-0.5933285
1892371	6693	0.5653827	-0.63736683
1892371	6694	0.5710219	-0.6211505
1892371	6695	0.5246463	-0.6090001
1892371	6696	0.60111475	-0.7105846
1892371	6697	0.61901176	-0.75440145
1892371	6698	0.6056448	-0.7602146
1892371	6699	0.45150572	-0.52531815
1892371	6700	0.456313	-0.60774815
1892371	6701	0.443349	-0.6790302
1892371	6702	0.46137273	-0.614947
1892371	6703	0.54406726	-0.7065716
1892371	6704	0.09809768	-0.16646978
1892371	6705	0.055517733	-0.24394439
1892371	6706	0.009656727	-0.2723775
1892371	6707	-0.0035517216	-0.22151268
1892371	6708	0.0026070476	-0.21313055
1892371	6709	0.09022176	-0.1902636
1892371	6710	0.028783023	-0.20506737
1892371	6711	0.1038602	-0.31715828
1892371	6712	0.13607347	-0.33195978
1892371	6713	0.102912486	-0.22567087
1892371	6714	-0.39709216	0.36265662
1892371	6715	-0.46769655	0.52909493
1892371	6716	-0.60405076	0.64977217
1892371	6717	-0.5930537	0.69234717
1892371	6718	-0.6152555	0.6457354
1892371	6719	-0.5768739	0.7935072
1892371	6720	-0.6317972	0.7141273
1892371	6721	-0.5207265	0.70381916
1892371	6722	-0.4304524	0.5589317
1892371	6723	-0.4883957	0.5123817
1892371	6724	-0.4381278	0.48047248
1892371	6725	-0.40380505	0.39519325
1892371	6726	-0.4247839	0.63125336
1892371	6727	-0.4389168	0.5495405
1892371	6728	-0.38657027	0.46388784
1892371	6729	-0.36423308	0.37207553
1892371	6730	-0.3523164	0.41143432
1892371	6731	-0.3307954	0.39267692
1892371	6732	-0.32145345	0.40089986
1892371	6733	-0.29325777	0.312655
1892371	6734	-0.3009969	0.35401627
1892371	6735	-0.29531085	0.37076792
1892371	6736	-0.29931992	0.4341003
1892371	6737	-0.28629753	0.40742704
1892371	6738	-0.2711681	0.33009997
1892371	6739	-0.16110343	0.18559405
1892371	6740	-0.1255256	0.10912904
1892371	6741	-0.09865311	0.07816169
1892371	6742	-0.08167037	0.079499036
1892371	6743	-0.09809482	0.2079716
1892371	6744	-0.054305017	0.029211491
1892371	6745	-0.042818427	0.029978633
1892371	6746	-0.14013228	0.17752299
1892371	6747	-0.1633586	0.19551978
1892371	6748	-0.13440928	0.14404216
1892371	6749	-0.11491653	0.20951119
1892371	6750	-0.11272749	0.17894027
1892371	6751	-0.091673315	0.07677838
1892371	6752	-0.090367526	0.10288414
1892371	6753	-0.022422224	0.054523915
1892371	6754	0.18480325	-0.07360691
1892371	6755	0.2029481	-0.25497848
1892371	6756	0.2539779	-0.27412716
1892371	6757	0.40017295	-0.44612065
1892371	6758	0.33466226	-0.21236664
1892371	6759	0.33165842	-0.30183545
1892371	6760	0.28435314	-0.16493809
1892371	6761	0.34771174	-0.25919986
1892371	6762	0.33015078	-0.21002272
1892371	6763	0.919767	-0.99315464
1892371	6764	1.0307925	-0.8647995
1892371	6765	0.86637187	-0.62839174
1892371	6766	0.8077769	-0.61968493
1892371	6767	0.5449623	-0.37836486
1892371	6768	0.44342637	-0.27849394
1892371	6769	0.39991444	-0.21700764
1892371	6770	0.4191423	-0.2923712
1892371	6771	0.4719746	-0.44263932
1892371	6772	0.6263635	-0.57224727
1892371	6773	0.67144036	-0.58808696
1892371	6774	0.96334374	-0.936694
1892371	6775	0.97031546	-0.80237275
1892371	6776	0.9196485	-0.62887865
1892371	6777	0.97828317	-0.78110003
1892371	6778	0.94606936	-0.7304851
1892371	6779	0.8399652	-0.5677427
1892371	6780	0.869879	-0.6981337
1892371	6781	0.19891083	0.0940766
1892371	6782	0.09280914	0.140537
1892371	6783	0.10902983	-0.023285866
1892371	6784	0.70561504	-0.71378684
1892371	6785	0.6283767	-0.43031934
1892371	6786	0.78748524	-0.6777072
1892371	6787	0.86012626	-0.736219
1892371	6788	0.5321982	-0.25585997
1892371	6789	0.5263026	-0.43920365
1892371	6790	0.48973554	-0.36950564
1892371	6791	0.46910208	-0.38082135
1892371	6792	0.42021608	-0.28871185
1892371	6793	0.36968797	-0.16420224
1892371	6794	0.6057825	-0.58072054
1892371	6795	0.66335976	-0.56848043
1892371	6796	0.9770973	-0.92395175
1892371	6797	1.0447171	-0.8714037
1892371	6798	1.0657566	-0.8420765
1892371	6799	0.9854764	-0.68133014
1892371	6800	0.9289371	-0.61062527
1892371	6801	0.2363475	0.11456016
1892371	6802	0.27805233	-0.18748641
1892371	6803	0.28993577	-0.1902993
1892371	6804	0.2496025	-0.08463842
1892371	6805	1.1265249	-1.0844709
1892371	6806	1.319325	-1.1539146
1892371	6807	1.3967792	-1.0970924
1892371	6808	1.3569525	-0.957495
1892371	6809	1.2488446	-0.84018683
1892371	6810	1.2072605	-0.8495657
1892371	6811	0.909943	-0.56446886
1892371	6812	1.1512213	-0.9162855
1892371	6813	1.2123202	-0.9098269
1892371	6814	1.2326437	-0.8807962
1892371	6815	1.0251646	-0.62148654
1892371	6816	0.7267618	-0.50826085
1892371	6817	0.68233705	-0.5209111
1892371	6818	0.43650532	-0.2650261
1892371	6819	-0.16634822	0.50681984
1892371	6820	-0.20017475	0.46396688
1892371	6821	-0.1992563	0.3630869
1892371	6822	-0.23764691	0.45768896
1892371	6823	-0.22876948	0.4502577
1892371	6824	-0.20039171	0.33584347
1892371	6825	-0.1993253	0.32733175
1892371	6826	-0.181703	0.25834003
1892371	6827	-0.17291066	0.35447815
1892371	6828	-0.14139572	0.2719697
1892371	6829	-0.1807945	0.3623487
1892371	6830	-0.12460971	0.30537948
1892371	6831	-0.08895841	0.2231578
1892371	6832	-0.08211562	0.19375417
1892371	6833	-0.13016176	0.27002582
1892371	6834	0.116764784	0.03279388
1892371	6835	-0.13552016	0.376287
1892371	6836	-0.2173273	0.4920865
1892371	6837	-0.2732999	0.365656
1892371	6838	-0.23951599	0.3535467
1892371	6839	-0.22369659	0.5205126
1892371	6840	-0.14088431	0.38011953
1892371	6841	-0.17257571	0.46618053
1892371	6842	-0.635325	1.1555779
1892371	6843	-0.39790565	0.8008454
1892371	6844	-0.5714953	0.9437171
1892371	6845	-0.5659088	0.9355278
1892371	6846	-0.3933265	0.5774406
1892371	6847	-0.5110932	0.8311975
1892371	6848	-0.3673232	0.6132288
1892371	6849	-0.54097164	1.0318406
1892371	6850	-0.3623709	0.6432437
1892371	6851	-0.36367798	0.75104904
1892371	6852	-0.34528294	0.62345326
1892371	6853	-0.33141625	0.5489675
1892371	6854	-0.32157433	0.51647913
1892371	6855	-0.31676018	0.5453327
1892371	6856	-0.30547696	0.47749987
1892371	6857	-0.29968804	0.474641
1892371	6858	-0.510881	0.98855937
1892371	6859	-0.52821165	0.8269502
1892371	6860	-0.34790692	0.55898046
1892371	6861	-0.32895252	0.48810938
1892371	6862	-0.3145913	0.47200152
1892371	6863	-0.30047104	0.45979342
1892371	6864	-0.2937178	0.43378863
1892371	6865	-0.28654462	0.43732396
1892371	6866	-0.28134406	0.4192107
1892371	6867	-0.4102579	0.6014997
1892371	6868	-0.29373142	0.45349833
1892371	6869	-0.27951026	0.40101823
1892371	6870	-0.41224182	0.6471623
1892371	6871	-0.42386076	0.607319
1892371	6872	-0.4425466	0.8462162
1892371	6873	-0.4382074	0.805508
1892371	6874	-0.4776398	0.8910035
1892371	6875	-0.4975489	0.7582936
1892371	6876	-0.47809866	0.69574964
1892371	6877	-0.46221414	0.6780696
1892371	6878	-0.45590132	0.6581172
1892371	6879	-0.4956984	0.72993433
1892371	6880	-0.49917024	0.7169199
1892371	6881	-0.4954141	0.72115076
1892371	6882	-0.49518764	0.7034298
1892371	6883	-0.492894	0.7041713
1892371	6884	-0.4917189	0.68340087
1892371	6885	-0.4877013	0.68252695
1892371	6886	-0.4966398	0.6891235
1892371	6887	-0.48319703	0.67273366
1892371	6888	-0.48171735	0.67111194
1892371	6889	-0.4783481	0.65088046
1892371	6890	-0.47659376	0.64324975
1892371	6891	-0.471842	0.6458471
1892371	6892	-0.47217932	0.6300175
1892371	6893	-0.4678628	0.63668704
1892371	6894	-0.46793613	0.6242777
1892371	6895	-0.4640345	0.62963045
1892371	6896	-0.46554244	0.60733044
1892371	6897	-0.45974937	0.6161331
1892371	6898	-0.46041083	0.6009451
1892371	6899	-0.45756498	0.58044195
1892371	6900	-0.4564468	0.5926529
1892371	6901	-0.45114142	0.59339297
1892371	6902	-0.45352566	0.5885241
1892371	6903	-0.44993934	0.5930401
1892371	6904	-0.4503802	0.5754286
1892371	6905	-0.4454504	0.5806333
1892371	6906	-0.4450313	0.57399964
1892371	6907	-0.4425215	0.5836202
1892371	6908	-0.4437551	0.5622202
1892371	6909	-0.43813744	0.5694425
1892371	6910	-0.43870932	0.56271815
1892371	6911	-0.4354068	0.57163405
1892371	6912	-0.4369531	0.5491277
1892371	6913	-0.43075448	0.5606545
1892371	6914	-0.43169177	0.5523175
1892371	6915	-0.42888296	0.5622072
1892371	6916	-0.43365926	0.60803735
1892371	6917	-0.43120435	0.5751004
1892371	6918	-0.43069965	0.5539384
1892371	6919	-0.42795935	0.5674155
1892371	6920	-0.42934516	0.545467
1892371	6921	-0.426569	0.5634477
1892371	6922	-0.42737854	0.55274224
1892371	6923	-0.42944363	0.5861738
1892371	6924	-0.42630082	0.541752
1892371	6925	-0.42346215	0.5559188
1892371	6926	-0.42385286	0.55074143
1892371	6927	-0.42421585	0.5659925
1892371	6928	-0.4219866	0.5340766
1892371	6929	-0.42015955	0.5535376
1892371	6930	-0.42013907	0.5462134
1892371	6931	-0.423947	0.5808947
1892371	6932	-0.41794783	0.5277991
1892371	6933	-0.41467273	0.5341623
1892371	6934	-0.41389835	0.52855337
1892371	6935	-0.41636068	0.56486285
1892371	6936	-0.41098544	0.5097767
1892371	6937	-0.40892574	0.531108
1892371	6938	-0.40896478	0.5259948
1892371	6939	-0.41060075	0.5481323
1892371	6940	-0.40513137	0.5008997
1892371	6941	-0.40404338	0.5252253
1892371	6942	-0.40276676	0.51051784
1892371	6943	-0.4093186	0.5640204
1892371	6944	-0.40153658	0.4936433
1892371	6945	-0.39902565	0.51008344
1892371	6946	-0.39947623	0.50854945
1892371	6947	-0.4017257	0.5334778
1892371	6948	-0.39640707	0.48821303
1892371	6949	-0.39479914	0.5031496
1892371	6950	-0.39388442	0.4958702
1892371	6951	-0.39600837	0.51898
1892371	6952	-0.3907395	0.47786847
1892371	6953	-0.3910478	0.5036104
1892371	6954	-0.39064744	0.4941722
1892371	6955	-0.3940603	0.52130365
1892371	6956	-0.38842982	0.4751043
1892371	6957	-0.38847542	0.4981055
1892371	6958	-0.38736486	0.48488662
1892371	6959	-0.3898088	0.50331604
1892371	6960	-0.38211972	0.453725
1892371	6961	-0.3801332	0.47022602
1892371	6962	-0.37922072	0.46533516
1892371	6963	-0.38213187	0.4877604
1892371	6964	-0.37566575	0.44427815
1892371	6965	-0.37632298	0.4711174
1892371	6966	-0.37403178	0.45234397
1892371	6967	-0.37709147	0.47809228
1892371	6968	-0.37321138	0.44496533
1892371	6969	-0.37165335	0.45406994
1892371	6970	-0.37103444	0.44996634
1892371	6971	-0.374848	0.47500774
1892371	6972	-0.36812478	0.42767134
1892371	6973	-0.36700732	0.4448305
1892371	6974	-0.3666362	0.439297
1892371	6975	-0.37360644	0.48001394
1892371	6976	-0.36542237	0.41782728
1892371	6977	-0.36445647	0.4389067
1892371	6978	-0.36419445	0.4321632
1892371	6979	-0.36857182	0.4598479
1892371	6980	-0.36296028	0.41625258
1892371	6981	-0.36403173	0.4414653
1892371	6982	-0.3626125	0.4261591
1892371	6983	-0.36910227	0.47095636
1892371	6984	-0.36234954	0.4065651
1892371	6985	-0.3605379	0.42655453
1892371	6986	-0.3663303	0.4551749
1892371	6987	-0.369627	0.4596664
1892371	6988	-0.3612885	0.40456763
1892371	6989	-0.36139256	0.42807308
1892371	6990	-0.3623435	0.42662808
1892371	6991	-0.36703137	0.45263878
1892371	6992	-0.3595181	0.39886644
1892371	6993	-0.3594085	0.42147598
1892371	6994	-0.35916078	0.41494378
1892371	6995	-0.3635127	0.44011906
1892371	6996	-0.35875094	0.40316388
1892371	6997	-0.35885125	0.41562632
1892371	6998	-0.35831997	0.41667685
1892371	6999	-0.36634317	0.45648208
1892371	7000	-0.35834128	0.3952532
1892371	7001	-0.35903394	0.4196259
1892371	7002	-0.35829756	0.40361813
1892371	7003	-0.36104554	0.4290423
1892371	7004	-0.3540456	0.37945393
1892371	7005	-0.35452047	0.40639344
1892371	7006	-0.35272133	0.39099303
1892371	7007	-0.35642737	0.41820905
1892371	7008	-0.34928134	0.3698592
1892371	7009	-0.2369043	0.22789773
1892371	7010	-0.20356193	0.13402578
1892371	7011	-0.21613091	0.19289067
1892371	7012	-0.19869852	0.13922724
1892371	7013	0.0044282675	0.1149309
1892371	7014	0.3565725	-0.5183497
1892371	7015	0.4797793	-0.56761837
1892371	7016	0.52036846	-0.5286191
1892371	7017	0.73681986	-0.83380353
1892371	7018	0.78724146	-0.79657626
1892371	7019	0.9197304	-0.885372
1892371	7020	1.0178219	-0.93810904
1892371	7021	1.0669695	-0.910693
1892371	7022	1.1111646	-0.97461987
1892371	7023	1.0596906	-0.68254024
1892371	7024	1.0632317	-0.7292881
1892371	7025	0.8344275	-0.5154211
1892371	7026	0.8936609	-0.6730194
1892371	7027	0.84618175	-0.5978439
1892371	7028	0.7726902	-0.6865039
1892371	7029	0.69214606	-0.6164424
1892371	7030	0.65375125	-0.54815626
1892371	7031	0.70398235	-0.6156297
1892371	7032	0.73333335	-0.68395984
1892371	7033	0.65859747	-0.5381494
1892371	7034	0.64956594	-0.37862957
1892371	7035	0.08656222	0.1097891
1892371	7036	0.044003487	0.039587498
1892371	7037	-0.10812473	0.23916396
1892371	7038	-0.133248	0.20207271
1892371	7039	-0.13717583	0.19190815
1892371	7040	-0.13017595	0.20232448
1892371	7041	-0.12429306	0.24052271
1892371	7042	-0.10683745	0.10865089
1892371	7043	-0.1416544	0.20487419
1892371	7044	-0.1416463	0.21436349
1892371	7045	-0.13744184	0.24788007
1892371	7046	-0.11392295	0.10779622
1892371	7047	-0.13507527	0.36927822
1892371	7048	-0.09110841	0.27700678
1892371	7049	-0.112511724	0.15642604
1892371	7050	-0.26694384	0.523919
1892371	7051	-0.23807839	0.46276155
1892371	7052	-0.5692714	0.9478985
1892371	7053	-0.5568218	0.82309747
1892371	7054	-0.5939831	0.99227047
1892371	7055	-0.45028207	0.7735895
1892371	7056	-0.46223357	0.8130033
1892371	7057	-0.43735802	0.6409513
1892371	7058	-0.44213536	0.8077414
1892371	7059	-0.36665833	0.6935935
1892371	7060	-0.3529476	0.7247286
1892371	7061	-0.45398384	0.932608
1892371	7062	-0.28575945	0.64954436
1892371	7063	-0.4063989	0.79971504
1892371	7064	-0.49185437	0.9500505
1892371	7065	-0.5843525	1.1034489
1892371	7066	-0.5416209	1.0503846
1892371	7067	-0.4955614	0.9731374
1892371	7068	-0.5588545	1.0788915
1892371	7069	-0.5065645	0.97751355
1892371	7070	-0.58702624	1.043007
1892371	7071	-0.6029776	1.0601572
1892371	7072	-0.3845204	0.6827575
1892371	7073	-0.42944795	0.5661223
1892371	7074	-0.4652654	0.63697517
1892371	7075	-0.54839355	0.78676975
1892371	7076	-0.61947894	0.961915
1892371	7077	-0.72246665	1.2268838
1892371	7078	-0.68198156	1.1644989
1892371	7079	-0.843244	1.3874562
1892371	7080	-0.8797487	1.5588408
1892371	7081	-1.0888221	1.8366439
1892371	7082	-1.2740147	2.3384235
1892371	7083	-1.2070702	2.044452
1892371	7084	-1.1969261	1.7799764
1892371	7085	-1.4926292	2.6593757
1892371	7086	-1.3551754	2.678057
1892371	7087	-1.3312387	2.7177427
1892371	7088	-1.4054055	2.9202225
1892371	7089	-1.3720529	2.9616
1892371	7090	-1.3705406	3.0737095
1892371	7091	-1.499398	1.8567269
1892371	7092	-0.14013651	0.5781617
1892371	7093	-0.08071503	0.15910384
1892371	7094	-0.059163302	0.033097714
1892371	7095	0.010695875	-0.11393753
1892371	7096	-0.42358544	0.34587446
1892371	7097	-0.38792384	0.31564292
1892371	7098	-0.40436253	0.2555116
1892371	7099	-0.43780336	0.25577238
1892371	7100	-0.44642347	0.22279641
1892371	7101	-0.46445486	0.20795509
1892371	7102	-0.4532453	0.1418303
1892371	7103	-0.43743175	0.087974876
1892371	7104	-0.24096322	-0.15550351
1892371	7105	-0.20146975	-0.26789254
1892371	7106	-0.18399209	-0.3075056
1892371	7107	-0.1763233	-0.30437618
1892371	7108	-0.1758366	-0.30290502
1892371	7109	-0.17045811	-0.34425336
1892371	7110	-0.13899052	-0.33912694
1892371	7111	-0.4357382	0.052990705
1892371	7112	-0.15585876	-0.40200302
1892371	7113	-0.2057041	-0.32415867
1892371	7114	-0.12726918	-0.449006
1892371	7115	-0.03699118	-0.5693348
1892371	7116	0.0049714446	-0.6034406
1892371	7117	0.06682831	-0.6818826
1892371	7118	-0.106273204	-0.45476282
1892371	7119	-0.09458244	-0.49943057
1892371	7120	-0.074965864	-0.542179
1892371	7121	-0.06326911	-0.5566514
1892371	7122	0.048957825	-0.6449785
1892371	7123	0.015697002	-0.5951034
1892371	7124	0.061526895	-0.6901062
1892371	7125	-0.14532405	-0.42070717
1892371	7126	-0.30375022	-0.25617498
1892371	7127	-0.3230179	-0.21557017
1892371	7128	-0.27176535	-0.31733334
1892371	7129	-0.1920914	-0.42232975
1892371	7130	-0.13982716	-0.52970254
1892371	7131	0.06321639	-0.7666681
1892371	7132	0.12435424	-0.79521406
1892371	7133	0.4383921	-1.1490548
1892371	7134	0.454647	-1.0627562
1892371	7135	0.47315848	-1.0514997
1892371	7136	0.55139434	-1.1380308
1892371	7137	0.58240294	-1.1523397
1892371	7138	0.57788336	-1.1357147
1892371	7139	0.39238715	-0.89096177
1892371	7140	0.24425107	-0.75765514
1892371	7141	-0.011853874	-0.46963587
1892371	7142	-0.0047486424	-0.54485357
1892371	7143	0.0016496181	-0.5742761
1892371	7144	0.058860183	-0.69647795
1892371	7145	0.046587706	-0.6703208
1892371	7146	0.01441431	-0.5980747
1892371	7147	0.011826932	-0.5924398
1892371	7148	0.089449465	-0.75065184
1892371	7149	0.054701447	-0.6463246
1892371	7150	0.30188292	-0.96037877
1892371	7151	0.64074755	-1.3330543
1892371	7152	0.17424858	-0.6687271
1892371	7153	0.0018353462	-0.5331209
1892371	7154	-0.00024366379	-0.6021877
1892371	7155	-0.0037406087	-0.6447999
1892371	7156	-0.029936582	-0.6601233
1892371	7157	-0.008005261	-0.6563957
1892371	7158	-0.37914687	-0.047164053
1892371	7159	-0.37980032	-0.21780741
1892371	7160	-0.43860886	-0.055995733
1892371	7161	-0.66745013	0.41225484
1892371	7162	-0.44669038	0.10330889
1892371	7163	-0.73719186	0.6173856
1892371	7164	-0.8126509	0.6640725
1892371	7165	-0.71081746	0.35894892
1892371	7166	-0.70811737	0.34869668
1892371	7167	-0.7104403	0.44253692
1892371	7168	-0.18264318	-0.463261
1892371	7169	-0.063565165	-0.5821362
1892371	7170	-0.38604814	0.07567021
1892371	7171	-0.36995956	0.028065443
1892371	7172	-0.3845751	0.043278307
1892371	7173	-0.28588086	-0.18474483
1892371	7174	-0.10841608	-0.45315495
1892371	7175	0.096907854	-0.6867353
1892371	7176	0.44312412	-1.0542663
1892371	7177	0.55870986	-1.0754173
1892371	7178	1.4493978	-1.8464855
1892371	7179	1.0780263	-1.2698226
1892371	7180	0.31468803	-0.60596794
1892371	7181	0.13850605	-0.48459747
1892371	7182	-0.11147842	-0.29810113
1892371	7183	-0.09679395	-0.37155998
1892371	7184	-0.06716329	-0.40749672
1892371	7185	-0.045861453	-0.45616058
1892371	7186	-0.03309542	-0.47402838
1892371	7187	-0.030475736	-0.47709417
1892371	7188	-0.007470131	-0.5167033
1892371	7189	0.0026025176	-0.53332746
1892371	7190	0.022050142	-0.56503165
1892371	7191	0.01803106	-0.5535138
1892371	7192	0.042598784	-0.59609425
1892371	7193	0.056806803	-0.62270963
1892371	7194	0.058469594	-0.6184927
1892371	7195	0.18124062	-0.7345055
1892371	7196	0.43561846	-1.0832554
1892371	7197	1.1547735	-1.7209196
1892371	7198	0.8673433	-1.2264019
1892371	7199	0.5679773	-0.96310985
1892371	7200	0.54768336	-1.0271729
1892371	7201	0.003450811	-0.40618962
1892371	7202	-0.06417796	-0.4167152
1892371	7203	0.17747605	-0.79404867
1892371	7204	0.17405331	-0.75520563
1892371	7205	0.1917007	-0.79031825
1892371	7206	0.17194718	-0.7589543
1892371	7207	0.17582393	-0.71445775
1892371	7208	-0.1094459	-0.35041943
1892371	7209	-0.088017285	-0.43644512
1892371	7210	0.2421143	-0.85075843
1892371	7211	0.36840957	-0.9391733
1892371	7212	0.39806616	-0.93355906
1892371	7213	0.40587336	-0.92725253
1892371	7214	0.41502923	-0.93833464
1892371	7215	0.40937787	-0.92960095
1892371	7216	0.4063676	-0.93027127
1892371	7217	0.39343852	-0.91514343
1892371	7218	0.3994428	-0.93270814
1892371	7219	0.3879462	-0.92019665
1892371	7220	0.37508243	-0.9071781
1892371	7221	0.37359035	-0.91145027
1892371	7222	0.38400114	-0.9343263
1892371	7223	0.37595206	-0.92418957
1892371	7224	0.36930144	-0.92035663
1892371	7225	0.3588935	-0.90819776
1892371	7226	0.36853272	-0.9311007
1892371	7227	0.3556847	-0.913772
1892371	7228	0.35087615	-0.9135768
1892371	7229	0.34193426	-0.90280676
1892371	7230	0.34859413	-0.9207455
1892371	7231	0.3425361	-0.9141942
1892371	7232	0.33713925	-0.9114375
1892371	7233	0.32679325	-0.89768696
1892371	7234	0.3330385	-0.9160019
1892371	7235	0.32819784	-0.9111086
1892371	7236	0.3440115	-0.94192725
1892371	7237	0.33808655	-0.9334656
1892371	7238	0.34500027	-0.9506992
1892371	7239	0.3401841	-0.9436351
1892371	7240	0.33738208	-0.943586
1892371	7241	0.3278774	-0.9287636
1892371	7242	0.33988672	-0.9555841
1892371	7243	0.32904518	-0.93794453
1892371	7244	0.32671845	-0.9366722
1892371	7245	0.3261633	-0.9383148
1892371	7246	0.3372559	-0.96144295
1892371	7247	0.33168972	-0.9522234
1892371	7248	0.32905352	-0.9515046
1892371	7249	0.31851012	-0.9368381
1892371	7250	0.3286044	-0.9594765
1892371	7251	0.3217591	-0.9478302
1892371	7252	0.3174376	-0.9423419
1892371	7253	0.3169089	-0.9427325
1892371	7254	0.3161375	-0.942092
1892371	7255	0.32322216	-0.9543593
1892371	7256	0.3270558	-0.9608791
1892371	7257	0.31021893	-0.9300794
1892371	7258	0.3310346	-0.96997225
1892371	7259	0.32945305	-0.96447706
1892371	7260	0.32617456	-0.95713913
1892371	7261	0.36257416	-1.0152693
1892371	7262	0.33995628	-0.9758645
1892371	7263	0.3267812	-0.957324
1892371	7264	0.32121378	-0.95467234
1892371	7265	0.31471807	-0.9448248
1892371	7266	0.3199302	-0.95658386
1892371	7267	0.3235891	-0.9629271
1892371	7268	0.32376295	-0.9632609
1892371	7269	0.31682402	-0.95035344
1892371	7270	0.33231503	-0.97839034
1892371	7271	0.3297835	-0.97122943
1892371	7272	0.33028173	-0.9712939
1892371	7273	0.32107216	-0.9547353
1892371	7274	0.33628047	-0.9821459
1892371	7275	0.33254445	-0.972993
1892371	7276	0.33232367	-0.97280324
1892371	7277	0.32694012	-0.9613769
1892371	7278	0.34068912	-0.9854522
1892371	7279	0.32799184	-0.96202314
1892371	7280	0.33000833	-0.9684688
1892371	7281	0.3212794	-0.9550818
1892371	7282	0.3336181	-0.97803426
1892371	7283	0.32928133	-0.96936226
1892371	7284	0.32756788	-0.96685004
1892371	7285	0.3181293	-0.9510437
1892371	7286	0.3357187	-0.98314273
1892371	7287	0.32774913	-0.96754277
1892371	7288	1.3437597	-1.9783401
1892371	7289	1.9977866	-2.1621926
1892371	7290	2.42131	-2.2514944
1892371	7291	2.2508612	-2.0968802
1892371	7292	2.204226	-2.1069508
1892371	7293	2.0851698	-2.0087519
1892371	7294	1.6935507	-1.7167181
1892371	7295	1.2751572	-1.6107081
1892371	7296	1.6328422	-1.7601656
1892371	7297	1.4612652	-1.5990942
1892371	7298	1.3468279	-1.6160392
1892371	7299	1.3037751	-1.5300384
1892371	7300	1.2383647	-1.4818677
1892371	7301	1.0662762	-1.4298565
1892371	7302	1.8296465	-1.9926219
1892371	7303	1.955443	-1.89289
1892371	7304	1.8250498	-1.7209712
1892371	7305	2.0240564	-1.9754606
1892371	7306	1.9500493	-1.9740087
1892371	7307	1.5275904	-1.6093574
1892371	7308	1.2807567	-1.5217255
1892371	7309	1.5631071	-1.82004
1892371	7310	1.4547848	-1.6803046
1892371	7311	1.1351122	-1.4395475
1892371	7312	1.3742962	-1.8311663
1892371	7313	1.8714076	-2.122046
1892371	7314	1.6004463	-1.8098019
1892371	7315	1.6419014	-1.9311295
1892371	7316	1.3436389	-1.6521565
1892371	7317	1.1652194	-1.5893185
1892371	7318	1.2932066	-1.7622894
1892371	7319	1.1875812	-1.5809388
1892371	7320	1.2381246	-1.6888411
1892371	7321	1.3748887	-1.7512362
1892371	7322	1.1967717	-1.5381899
1892371	7323	1.4811714	-1.8805656
1892371	7324	1.5233499	-1.7881495
1892371	7325	1.221432	-1.5209186
1892371	7326	1.2949042	-1.6227661
1892371	7327	1.3480982	-1.6756428
1892371	7328	1.4615422	-1.7132074
1892371	7329	1.0834223	-1.3816403
1892371	7330	1.2850615	-1.6155754
1892371	7331	0.9758303	-1.2528628
1892371	7332	0.9032047	-1.187531
1892371	7333	1.3524524	-1.7714198
1892371	7334	1.3564564	-1.6907698
1892371	7335	1.5296954	-1.6892487
1892371	7336	1.3762914	-1.5350777
1892371	7337	1.2630607	-1.4174405
1892371	7338	1.2022164	-1.3440337
1892371	7339	1.0014044	-1.2519234
1892371	7340	1.0763018	-1.4661782
1892371	7341	0.97079444	-1.2430718
1892371	7342	0.943056	-1.3391954
1892371	7343	1.0701118	-1.418094
1892371	7344	0.6945789	-0.91587234
1892371	7345	0.5744821	-0.9370799
1892371	7346	0.8880193	-1.3061433
1892371	7347	0.7119056	-1.0543628
1892371	7348	0.7231078	-1.0199232
1892371	7349	0.78047013	-1.0442513
1892371	7350	0.824592	-1.0912285
1892371	7351	0.5760658	-0.78661954
1892371	7352	0.5073787	-0.7187103
1892371	7353	0.50068915	-0.8427793
1892371	7354	0.7733278	-1.2634751
1892371	7355	0.8669113	-1.3663902
1892371	7356	0.8026359	-1.1722294
1892371	7357	0.7922878	-1.1811326
1892371	7358	0.63633716	-0.9854245
1892371	7359	1.0204649	-1.4644883
1892371	7360	0.8070253	-1.2680632
1892371	7361	1.0584801	-1.4349909
1892371	7362	0.91881335	-1.2651182
1892371	7363	1.0196562	-1.3527693
1892371	7364	1.3470799	-1.5892922
1892371	7365	1.3826303	-1.6847897
1892371	7366	1.1427189	-1.4192168
1892371	7367	1.1499715	-1.4441772
1892371	7368	1.2419116	-1.522216
1892371	7369	1.0710142	-1.4008435
1892371	7370	1.013064	-1.3297106
1892371	7371	1.1538879	-1.4918287
1892371	7372	1.1427141	-1.4681171
1892371	7373	0.7771251	-1.099628
1892371	7374	0.83164537	-1.2248541
1892371	7375	0.91861486	-1.29435
1892371	7376	0.8695303	-1.252826
1892371	7377	0.8675835	-1.2636588
1892371	7378	0.88343644	-1.2797296
1892371	7379	0.91687095	-1.3311077
1892371	7380	0.8641379	-1.2772616
1892371	7381	1.1478499	-1.5095456
1892371	7382	0.81826985	-1.1632943
1892371	7383	0.6860355	-1.074175
1892371	7384	0.40793526	-0.79761887
1892371	7385	0.30331725	-0.7255434
1892371	7386	-0.25763854	-0.07789266
1892371	7387	-0.2739682	-0.03145653
1892371	7388	-0.118401706	-0.32912785
1892371	7389	-0.034603	-0.4877241
1892371	7390	-0.10179663	-0.41712797
1892371	7391	-0.10112572	-0.44136807
1892371	7392	0.15176469	-0.77983916
1892371	7393	0.38812816	-1.0336379
1892371	7394	0.19672596	-0.77633715
1892371	7395	0.15293586	-0.71271807
1892371	7396	-0.060687423	-0.41383606
1892371	7397	0.053800344	-0.5805856
1892371	7398	-0.049745917	-0.3997433
1892371	7399	-0.19992357	-0.2769632
1892371	7400	-0.29392254	-0.1803236
1892371	7401	-0.27150288	-0.21896563
1892371	7402	-0.2214579	-0.3179856
1892371	7403	-0.19398475	-0.3566975
1892371	7404	-0.06363675	-0.5312991
1892371	7405	-0.18737015	-0.36679488
1892371	7406	-0.14638215	-0.42533427
1892371	7407	-0.13211086	-0.421617
1892371	7408	-0.14990991	-0.39876348
1892371	7409	-0.08792275	-0.4790089
1892371	7410	-0.26272	-0.2419317
1892371	7411	0.047821462	-0.6431574
1892371	7412	0.14291173	-0.7342772
1892371	7413	-0.13262749	-0.36313027
1892371	7414	0.119989574	-0.72175825
1892371	7415	0.16047597	-0.70259225
1892371	7416	0.15610892	-0.701257
1892371	7417	0.20448977	-0.76652753
1892371	7418	0.23363847	-0.7826383
1892371	7419	0.23712605	-0.77901757
1892371	7420	0.24072379	-0.77985907
1892371	7421	0.23615849	-0.773033
1892371	7422	0.24432456	-0.7821059
1892371	7423	0.23775548	-0.7745825
1892371	7424	0.23937994	-0.7761582
1892371	7425	0.23246926	-0.76824343
1892371	7426	0.241292	-0.77955616
1892371	7427	0.23141885	-0.76840496
1892371	7428	0.2361533	-0.77470434
1892371	7429	0.19357067	-0.69687295
1892371	7430	0.16099179	-0.5596482
1892371	7431	0.31539792	-0.7663884
1892371	7432	0.21947622	-0.7245649
1892371	7433	0.25373447	-0.7567654
1892371	7434	0.11521953	-0.62882364
1892371	7435	0.04913789	-0.47143787
1892371	7436	0.46132267	-1.0233139
1892371	7437	0.7809112	-1.274869
1892371	7438	0.88101804	-1.2422687
1892371	7439	0.836818	-1.1746031
1892371	7440	0.80939186	-1.1503574
1892371	7441	0.8801786	-1.2048664
1892371	7442	0.8378407	-1.1529266
1892371	7443	0.83707714	-1.148922
1892371	7444	0.8794035	-1.2054175
1892371	7445	1.6951746	-1.9061886
1892371	7446	2.1396961	-1.9796458
1892371	7447	2.3537579	-2.049207
1892371	7448	2.3142838	-2.0058358
1892371	7449	1.6478893	-1.5934161
1892371	7450	1.5181526	-1.578427
1892371	7451	1.3921058	-1.5223606
1892371	7452	1.0492556	-1.2356024
1892371	7453	1.1124343	-1.3707341
1892371	7454	1.1457279	-1.3817836
1892371	7455	1.2066765	-1.446794
1892371	7456	1.227699	-1.442014
1892371	7457	1.1654395	-1.4066807
1892371	7458	1.1091679	-1.3772236
1892371	7459	1.053086	-1.3526667
1892371	7460	1.0664784	-1.3688408
1892371	7461	1.0621011	-1.3714817
1892371	7462	1.0600979	-1.3727394
1892371	7463	1.045252	-1.3647112
1892371	7464	1.0616684	-1.3828588
1892371	7465	1.0428154	-1.37269
1892371	7466	1.0211309	-1.3561847
1892371	7467	1.0412866	-1.3790858
1892371	7468	1.0425951	-1.3835173
1892371	7469	1.0234377	-1.3707632
1892371	7470	1.0182132	-1.3707461
1892371	7471	1.0037706	-1.3628975
1892371	7472	1.0134711	-1.3755682
1892371	7473	1.0104483	-1.3802474
1892371	7474	1.0098649	-1.3792651
1892371	7475	0.99140716	-1.3675284
1892371	7476	1.0011199	-1.3790631
1892371	7477	0.9868442	-1.371382
1892371	7478	0.98006344	-1.3666072
1892371	7479	0.97791266	-1.3695737
1892371	7480	0.9846964	-1.3759663
1892371	7481	0.9675003	-1.3659204
1892371	7482	0.97162056	-1.3714795
1892371	7483	0.9603728	-1.3641502
1892371	7484	0.96672606	-1.3708194
1892371	7485	0.95202494	-1.3633378
1892371	7486	0.9608524	-1.3708525
1892371	7487	0.94986904	-1.3638891
1892371	7488	0.9564481	-1.3704278
1892371	7489	0.93992984	-1.3609246
1892371	7490	0.94419	-1.3657774
1892371	7491	0.93667805	-1.3615843
1892371	7492	0.9463372	-1.3695413
1892371	7493	0.9298651	-1.3599356
1892371	7494	0.9317517	-1.3620259
1892371	7495	0.9243578	-1.3567992
1892371	7496	0.9369639	-1.3701566
1892371	7497	0.92635155	-1.3614923
1892371	7498	0.9284891	-1.3661416
1892371	7499	0.9199544	-1.3587718
1892371	7500	0.9318527	-1.3704607
1892371	7501	0.9135369	-1.3565856
1892371	7502	0.89346457	-1.3385553
1892371	7503	0.92919815	-1.3693911
1892371	7504	0.93446374	-1.3763913
1892371	7505	0.9162191	-1.3624151
1892371	7506	0.91795516	-1.3641546
1892371	7507	0.9062698	-1.3554505
1892371	7508	0.92200017	-1.36911
1892371	7509	0.9119985	-1.3638991
1892371	7510	0.91389763	-1.3643726
1892371	7511	0.9012222	-1.3552313
1892371	7512	0.91819715	-1.3695772
1892371	7513	0.90363	-1.3607928
1892371	7514	0.9063145	-1.3617649
1892371	7515	0.8918756	-1.3506142
1892371	7516	0.89187896	-1.3494083
1892371	7517	0.90051615	-1.3568143
1892371	7518	0.9110081	-1.3677918
1892371	7519	0.89668274	-1.3565736
1892371	7520	0.9108634	-1.3677458
1892371	7521	0.8963952	-1.3597586
1892371	7522	0.89801025	-1.3592933
1892371	7523	0.88685966	-1.3517851
1892371	7524	0.9027927	-1.3644634
1892371	7525	0.8883518	-1.3562967
1892371	7526	0.88965607	-1.3553022
1892371	7527	0.88203645	-1.3503767
1892371	7528	0.89901507	-1.3637973
1892371	7529	0.8847598	-1.3559757
1892371	7530	0.8886492	-1.3569509
1892371	7531	0.8774165	-1.3493838
1892371	7532	0.8913324	-1.3583715
1892371	7533	0.87835467	-1.35328
1892371	7534	0.885051	-1.3563932
1892371	7535	0.8725238	-1.3480312
1892371	7536	0.8905853	-1.3610889
1892371	7537	0.87913465	-1.3564748
1892371	7538	0.880268	-1.3550414
1892371	7539	0.86906636	-1.3473359
1892371	7540	0.8870493	-1.3605543
1892371	7541	0.87498116	-1.3553119
1892371	7542	0.8767829	-1.3540921
1892371	7543	0.8681421	-1.3489673
1892371	7544	0.8841258	-1.3605973
1892371	7545	0.8611156	-1.3458338
1892371	7546	0.8762406	-1.3547075
1892371	7547	0.8612777	-1.3463591
1892371	7548	0.88049626	-1.3593068
1892371	7549	0.8606076	-1.3480483
1892371	7550	0.8740139	-1.356684
1892371	7551	0.85991013	-1.3471125
1892371	7552	0.87406623	-1.35509
1892371	7553	0.85627747	-1.3478531
1892371	7554	0.8682958	-1.3528582
1892371	7555	0.8541906	-1.3445941
1892371	7556	0.87271667	-1.3572567
1892371	7557	0.855216	-1.3478757
1892371	7558	0.8596436	-1.3480753
1892371	7559	0.853611	-1.3454345
1892371	7560	0.8678783	-1.3559068
1892371	7561	0.8507558	-1.3455619
1892371	7562	0.85938597	-1.3498049
1892371	7563	0.8477063	-1.3429612
1892371	7564	0.8650093	-1.3550512
1892371	7565	0.84751284	-1.3452317
1892371	7566	0.8569354	-1.3496888
1892371	7567	0.8459041	-1.3436882
1892371	7568	0.8602134	-1.3533175
1892371	7569	0.84771883	-1.3472602
1892371	7570	0.8542125	-1.3499265
1892371	7571	0.8414571	-1.3417459
1892371	7572	0.8598285	-1.3546629
1892371	7573	0.8413218	-1.3443274
1892371	7574	0.84863627	-1.3456262
1892371	7575	0.8375099	-1.3409561
1892371	7576	0.85226274	-1.3509336
1892371	7577	0.8354913	-1.341535
1892371	7578	0.85221493	-1.3509914
1892371	7579	0.8367572	-1.3421111
1892371	7580	0.8564578	-1.3554797
1892371	7581	0.8406594	-1.3477254
1892371	7582	0.84334016	-1.3468852
1892371	7583	0.8337822	-1.3409305
1892371	7584	0.8476057	-1.3509084
1892371	7585	0.8335813	-1.3430829
1892371	7586	0.8412683	-1.3465086
1892371	7587	0.83251107	-1.3419323
1892371	7588	0.84662104	-1.3518342
1892371	7589	0.83121073	-1.3429095
1892371	7590	0.83896685	-1.3463279
1892371	7591	0.830199	-1.3417826
1892371	7592	0.8427286	-1.3504809
1892371	7593	0.8323754	-1.3456388
1892371	7594	0.8376423	-1.3474977
1892371	7595	0.822798	-1.3362656
1892371	7596	0.8430929	-1.353489
1892371	7597	0.8298601	-1.3457487
1892371	7598	0.8351412	-1.3471256
1892371	7599	0.8228946	-1.3392682
1892371	7600	0.8418093	-1.3526487
1892371	7601	0.82171416	-1.3408788
1892371	7602	0.8264878	-1.3406429
1892371	7603	0.8176869	-1.3353759
1892371	7604	0.86830366	-1.404738
1892371	7605	1.0806606	-1.57633
1892371	7606	1.2362354	-1.6283401
1892371	7607	1.6059576	-1.8780531
1892371	7608	1.1128459	-1.4623251
1892371	7609	1.2628512	-1.5542997
1892371	7610	1.1453018	-1.5637603
1892371	7611	0.96024644	-1.3632723
1892371	7612	1.2419782	-1.6280288
1892371	7613	0.90701103	-1.3770384
1892371	7614	0.7361609	-1.184626
1892371	7615	0.7116834	-1.2564684
1892371	7616	0.7624619	-1.288783
1892371	7617	0.7731521	-1.3010411
1892371	7618	0.75826657	-1.2925642
1892371	7619	0.81547606	-1.3183321
1892371	7620	0.7452686	-1.2803322
1892371	7621	0.7645633	-1.2905906
1892371	7622	0.70122325	-1.2508588
1892371	7623	0.764137	-1.3014923
1892371	7624	1.0133902	-1.5323839
1892371	7625	1.5204624	-1.8818259
1892371	7626	1.7268308	-1.9026593
1892371	7627	1.7116557	-1.8456212
1892371	7628	1.6679229	-1.8314968
1892371	7629	1.3739353	-1.6537263
1892371	7630	1.1039248	-1.5159007
1892371	7631	0.7414639	-1.1665789
1892371	7632	0.70562387	-1.2437859
1892371	7633	0.83215594	-1.334189
1892371	7634	0.76242006	-1.3083794
1892371	7635	0.7988788	-1.3392498
1892371	7636	0.8154435	-1.3529178
1892371	7637	0.81752026	-1.3583372
1892371	7638	0.8423805	-1.3844577
1892371	7639	0.7936493	-1.3053708
1892371	7640	0.62187254	-1.1381453
1892371	7641	0.47837633	-0.9952519
1892371	7642	0.3907082	-0.9812274
1892371	7643	1.1105775	-1.6355746
1892371	7644	1.475162	-1.81956
1892371	7645	1.9029197	-2.0292585
1892371	7646	1.5510834	-1.6852436
1892371	7647	0.9749956	-1.3644325
1892371	7648	0.8275759	-1.2589246
1892371	7649	0.86008406	-1.3392195
1892371	7650	0.8750242	-1.3590057
1892371	7651	0.90393424	-1.367673
1892371	7652	0.85118175	-1.3392515
1892371	7653	0.8701279	-1.3535541
1892371	7654	0.88589203	-1.3689753
1892371	7655	0.8673974	-1.3184438
1892371	7656	0.8301263	-1.3282442
1892371	7657	0.886487	-1.3557751
1892371	7658	0.9133395	-1.382484
1892371	7659	0.87373054	-1.353339
1892371	7660	0.87141895	-1.3486
1892371	7661	0.8946525	-1.3687706
1892371	7662	0.8829037	-1.3619156
1892371	7663	0.88736284	-1.3634768
1892371	7664	0.8816501	-1.3610579
1892371	7665	0.8786864	-1.3567436
1892371	7666	0.91393137	-1.3849144
1892371	7667	0.8746356	-1.3588064
1892371	7668	0.8791132	-1.3595315
1892371	7669	0.895538	-1.373751
1892371	7670	0.8820853	-1.3644025
1892371	7671	0.8848897	-1.3649641
1892371	7672	0.8798404	-1.3631995
1892371	7673	0.89209974	-1.3709779
1892371	7674	0.8813158	-1.3670222
1892371	7675	0.8907045	-1.3717662
1892371	7676	0.87830055	-1.3618933
1892371	7677	0.8910322	-1.3735584
1892371	7678	0.88397837	-1.3672163
1892371	7679	0.83682513	-1.322132
1892371	7680	0.8511511	-1.3449033
1892371	7681	0.8802413	-1.3708555
1892371	7682	0.86793554	-1.3593087
1892371	7683	0.87405896	-1.3624569
1892371	7684	0.8658025	-1.3563308
1892371	7685	0.87713015	-1.364466
1892371	7686	0.8693166	-1.3599361
1892371	7687	0.870527	-1.358628
1892371	7688	0.86691034	-1.3560026
1892371	7689	0.87970924	-1.3660344
1892371	7690	0.86334074	-1.3538035
1892371	7691	0.88654447	-1.3729739
1892371	7692	0.8738177	-1.3602287
1892371	7693	0.88497627	-1.3684982
1892371	7694	0.8715385	-1.3597021
1892371	7695	0.87426126	-1.3604989
1892371	7696	0.8684503	-1.3560495
1892371	7697	0.88266087	-1.367109
1892371	7698	0.8713381	-1.3593686
1892371	7699	0.8621299	-1.3486791
1892371	7700	0.8599032	-1.3506292
1892371	7701	0.8756136	-1.3614608
1892371	7702	0.8635049	-1.3530989
1892371	7703	0.8704184	-1.3568829
1892371	7704	0.8613608	-1.3503443
1892371	7705	0.87455404	-1.3599216
1892371	7706	0.8691608	-1.3583953
1892371	7707	0.86705863	-1.3541036
1892371	7708	0.8598782	-1.34882
1892371	7709	0.8770696	-1.3619276
1892371	7710	0.86342335	-1.3534843
1892371	7711	0.86955583	-1.3555479
1892371	7712	0.85955	-1.3488235
1892371	7713	0.8757088	-1.3601664
1892371	7714	0.85899556	-1.3491931
1892371	7715	0.8720008	-1.3572205
1892371	7716	0.8575294	-1.3457798
1892371	7717	0.8795577	-1.3613473
1892371	7718	0.86414886	-1.353192
1892371	7719	0.8680568	-1.3519523
1892371	7720	0.8585422	-1.3457316
1892371	7721	0.8765626	-1.3584523
1892371	7722	0.8651415	-1.3530781
1892371	7723	0.8691131	-1.352552
1892371	7724	0.85643137	-1.343824
1892371	7725	0.87753916	-1.3585383
1892371	7726	0.8604696	-1.3491946
1892371	7727	0.8664763	-1.3497527
1892371	7728	0.85785246	-1.3449833
1892371	7729	0.8748193	-1.3561637
1892371	7730	0.86063576	-1.3486502
1892371	7731	0.8635316	-1.3463175
1892371	7732	0.85472226	-1.3426743
1892371	7733	0.87244296	-1.3545814
1892371	7734	1.2483503	-1.7048719
1892371	7735	1.3997651	-1.6946524
1892371	7736	1.7981838	-1.9450296
1892371	7737	2.05051	-2.02624
1892371	7738	1.8884085	-1.9614476
1892371	7739	1.6201316	-1.7946866
1892371	7740	1.5183319	-1.7495881
1892371	7741	1.4871866	-1.7529887
1892371	7742	1.108947	-1.4592127
1892371	7743	1.0847924	-1.4698642
1892371	7744	1.0485423	-1.4263914
1892371	7745	1.0896615	-1.490631
1892371	7746	1.0964521	-1.48875
1892371	7747	1.2539158	-1.6162872
1892371	7748	1.4314501	-1.7638997
1892371	7749	0.989288	-1.350347
1892371	7750	0.8011124	-1.2839383
1892371	7751	0.89176214	-1.3914012
1892371	7752	0.9038125	-1.4509934
1892371	7753	0.55788493	-1.1111082
1892371	7754	0.59899044	-1.1198477
1892371	7755	0.6655401	-1.2547953
1892371	7756	1.2046959	-1.6632369
1892371	7757	1.3988265	-1.7207501
1892371	7758	1.4000542	-1.6597708
1892371	7759	1.6824023	-1.8483263
1892371	7760	1.078337	-1.3416716
1892371	7761	0.99990344	-1.327984
1892371	7762	1.0426594	-1.4501026
1892371	7763	0.9678581	-1.3550005
1892371	7764	0.8610195	-1.2407595
1892371	7765	0.91994286	-1.2663885
1892371	7766	0.6753088	-0.97429955
1892371	7767	0.78154576	-1.201408
1892371	7768	0.5905924	-0.9279051
1892371	7769	1.0126501	-1.4064085
1892371	7770	0.86735463	-1.2352614
1892371	7771	1.1279402	-1.4915586
1892371	7772	1.390081	-1.6922902
1892371	7773	0.91807437	-1.2343667
1892371	7774	1.0440848	-1.4597572
1892371	7775	1.1574334	-1.5189968
1892371	7776	1.3875047	-1.700609
1892371	7777	0.18037748	-0.52500504
1892371	7778	0.09492791	-0.44296023
1892371	7779	0.21774977	-0.67984307
1892371	7780	0.13752395	-0.6358807
1892371	7781	-0.009142071	-0.4537255
1892371	7782	0.0135704875	-0.47441795
1892371	7783	0.053172052	-0.57026875
1892371	7784	0.10313702	-0.6224741
1892371	7785	0.13116783	-0.6413075
1892371	7786	0.1871441	-0.7206131
1892371	7787	0.22268063	-0.75733376
1892371	7788	-0.0952881	-0.232275
1892371	7789	-0.61610174	0.54910946
1892371	7790	-0.86870384	1.0032624
1892371	7791	-0.7885457	0.8368406
1892371	7792	-0.854936	0.8753885
1892371	7793	-0.8505503	0.83616316
1892371	7794	-0.76252794	0.74927616
1892371	7795	-0.8140955	0.7216803
1892371	7796	-0.73338753	0.6024394
1892371	7797	-0.6794552	0.49015352
1892371	7798	-0.27800468	-0.043880433
1892371	7799	0.17439848	-0.7514264
1892371	7800	0.23374182	-0.70070267
1892371	7801	0.22393	-0.67471105
1892371	7802	0.21542591	-0.66063225
1892371	7803	0.2066232	-0.64930093
1892371	7804	0.19064593	-0.63181424
1892371	7805	0.17918164	-0.61874115
1892371	7806	0.16715896	-0.6054903
1892371	7807	0.17306072	-0.61437285
1892371	7808	0.15611017	-0.594064
1892371	7809	0.15566528	-0.5955038
1892371	7810	0.14433521	-0.58424515
1892371	7811	0.14713073	-0.5900352
1892371	7812	0.1383022	-0.580876
1892371	7813	0.13903648	-0.58380955
1892371	7814	0.13659197	-0.5840132
1892371	7815	0.13172835	-0.5800386
1892371	7816	0.13467532	-0.5406913
1892371	7817	0.13992327	-0.56152457
1892371	7818	0.15809906	-0.61249626
1892371	7819	0.33548826	-0.8031838
1892371	7820	0.731163	-1.192233
1892371	7821	0.83492553	-1.1953268
1892371	7822	0.7908627	-1.1211154
1892371	7823	1.61632	-1.8496199
1892371	7824	1.7829033	-1.7204198
1892371	7825	1.6979445	-1.6596804
1892371	7826	1.200328	-1.3192703
1892371	7827	1.0850202	-1.2776994
1892371	7828	1.0648284	-1.2647982
1892371	7829	1.118788	-1.3055158
1892371	7830	1.4672418	-1.577038
1892371	7831	1.5523614	-1.568267
1892371	7832	1.5345644	-1.5370464
1892371	7833	1.462539	-1.5042697
1892371	7834	0.8027272	-1.0057591
1892371	7835	1.3017776	-1.5026228
1892371	7836	1.5073372	-1.6073961
1892371	7837	1.4876903	-1.5317583
1892371	7838	0.38410288	-0.6456307
1892371	7839	0.3386612	-0.6225476
1892371	7840	0.40389854	-0.8080881
1892371	7841	0.44972926	-0.86758375
1892371	7842	0.33954108	-0.7853533
1892371	7843	0.4309013	-0.87676513
1892371	7844	0.26930046	-0.70067793
1892371	7845	0.18493289	-0.63278735
1892371	7846	0.2351315	-0.7253977
1892371	7847	0.13730639	-0.58394325
1892371	7848	0.23344803	-0.6892607
1892371	7849	0.3003288	-0.79372597
1892371	7850	0.34598035	-0.8292084
1892371	7851	0.380749	-0.8388152
1892371	7852	0.331429	-0.8046869
1892371	7853	0.32688028	-0.80249727
1892371	7854	0.33157223	-0.8078127
1892371	7855	0.3341182	-0.7843539
1892371	7856	0.2832337	-0.71756387
1892371	7857	0.30918854	-0.78178763
1892371	7858	0.36145866	-0.82939845
1892371	7859	0.35418725	-0.81903136
1892371	7860	0.36770326	-0.82913417
1892371	7861	0.35959727	-0.82265306
1892371	7862	0.36324143	-0.82525337
1892371	7863	0.35761774	-0.81999797
1892371	7864	0.36959577	-0.8317443
1892371	7865	0.36237895	-0.82639253
1892371	7866	0.3660177	-0.82951903
1892371	7867	0.35919917	-0.8232868
1892371	7868	0.37511462	-0.8393544
1892371	7869	0.36204863	-0.82753754
1892371	7870	0.36936355	-0.83505154
1892371	7871	0.36311394	-0.8296392
1892371	7872	0.38056695	-0.8472768
1892371	7873	0.36780345	-0.83480245
1892371	7874	0.37253803	-0.84060526
1892371	7875	0.36846483	-0.83672714
1892371	7876	0.38294303	-0.851506
1892371	7877	0.3731103	-0.8424728
1892371	7878	0.37997013	-0.8494888
1892371	7879	0.37235475	-0.8416058
1892371	7880	0.3840388	-0.85392356
1892371	7881	0.2656266	-0.6980425
1892371	7882	0.30626363	-0.72642934
1892371	7883	0.28007615	-0.72076416
1892371	7884	0.2900691	-0.7402979
1892371	7885	0.31123877	-0.774142
1892371	7886	0.31346673	-0.7819253
1892371	7887	0.3302343	-0.80189896
1892371	7888	0.3288225	-0.8027923
1892371	7889	0.34535462	-0.82102215
1892371	7890	0.3384673	-0.8154097
1892371	7891	0.34510082	-0.822171
1892371	7892	0.34426582	-0.8214094
1892371	7893	0.32083648	-0.7949527
1892371	7894	0.334166	-0.80178297
1892371	7895	0.29547894	-0.7599845
1892371	7896	0.32380486	-0.83927
1892371	7897	0.2861433	-0.7059881
1892371	7898	0.3672889	-0.87064093
1892371	7899	0.36821663	-0.7876811
1892371	7900	0.3302815	-0.73106563
1892371	7901	0.4339254	-0.94825244
1892371	7902	0.4450249	-0.8802811
1892371	7903	0.48905796	-1.0423975
1892371	7904	0.465307	-0.9132023
1892371	7905	0.3574015	-0.75566787
1892371	7906	0.3430053	-0.76644945
1892371	7907	0.1312111	-0.43599373
1892371	7908	-0.02200666	-0.248802
1892371	7909	-0.210165	-0.028998882
1892371	7910	-0.4929451	0.42821833
1892371	7911	-0.8391484	1.0011255
1892371	7912	-0.80421907	0.92671156
1892371	7913	-0.7056459	0.7293564
1892371	7914	-0.86161864	0.9112563
1892371	7915	-0.81712985	0.8507464
1892371	7916	-0.81343937	0.8064817
1892371	7917	-0.7701589	0.7017033
1892371	7918	-0.78822994	0.79640484
1892371	7919	-0.8207509	0.76818943
1892371	7920	-0.7709482	0.68600667
1892371	7921	-0.7262056	0.6819829
1892371	7922	-0.7749824	0.65312684
1892371	7923	-0.72878945	0.5747794
1892371	7924	-0.70167327	0.51498175
1892371	7925	-0.37479484	0.10831371
1892371	7926	-0.038728297	-0.45636532
1892371	7927	-0.0053942204	-0.45872453
1892371	7928	0.042037964	-0.525544
1892371	7929	0.03767121	-0.5013306
1892371	7930	0.18010873	-0.61729044
1892371	7931	0.21573484	-0.6637744
1892371	7932	0.3672679	-0.8274871
1892371	7933	0.34095204	-0.77364564
1892371	7934	0.35239732	-0.7874048
1892371	7935	0.47673	-0.9205991
1892371	7936	0.8349887	-1.2480912
1892371	7937	1.6385096	-1.8759736
1892371	7938	1.6674405	-1.6683587
1892371	7939	1.6961545	-1.6981016
1892371	7940	1.6312186	-1.6422726
1892371	7941	1.4987038	-1.5202044
1892371	7942	1.3687642	-1.444786
1892371	7943	0.80640566	-1.028658
1892371	7944	0.7980577	-1.0361402
1892371	7945	0.80824566	-1.1084052
1892371	7946	0.8789655	-1.1910365
1892371	7947	0.57019615	-0.88618195
1892371	7948	0.20249307	-0.5209793
1892371	7949	0.18296045	-0.5504566
1892371	7950	0.19411117	-0.614923
1892371	7951	0.20428813	-0.6522887
1892371	7952	0.0458737	-0.34795004
1892371	7953	0.20325357	-0.61048436
1892371	7954	0.14501059	-0.6018211
1892371	7955	0.019440234	-0.50931394
1892371	7956	0.051108837	-0.60083497
1892371	7957	0.09980279	-0.66430295
1892371	7958	0.11309224	-0.682497
1892371	7959	0.13045245	-0.7035588
1892371	7960	0.13324565	-0.70949566
1892371	7961	0.14164162	-0.7182602
1892371	7962	0.15620828	-0.7372132
1892371	7963	0.15110147	-0.7299036
1892371	7964	0.16914046	-0.75349
1892371	7965	0.1663937	-0.7493552
1892371	7966	0.16558725	-0.7481196
1892371	7967	0.1717034	-0.75572586
1892371	7968	0.17366594	-0.75895965
1892371	7969	0.1765275	-0.7620544
1892371	7970	0.17378348	-0.75838494
1892371	7971	0.18181306	-0.76853895
1892371	7972	0.17501909	-0.7605735
1892371	7973	0.18313849	-0.770188
1892371	7974	0.18128932	-0.76801056
1892371	7975	0.18812764	-0.7765635
1892371	7976	0.1927231	-0.7793345
1892371	7977	0.20246297	-0.7875778
1892371	7978	0.1939084	-0.77581024
1892371	7979	0.20003152	-0.7839169
1892371	7980	0.19579554	-0.7792871
1892371	7981	0.19955087	-0.78344834
1892371	7982	0.19566256	-0.77807295
1892371	7983	0.20245105	-0.7871294
1892371	7984	0.19819105	-0.78249705
1892371	7985	0.19932818	-0.7830869
1892371	7986	0.19892561	-0.7822144
1892371	7987	0.20601368	-0.79174554
1892371	7988	0.19728589	-0.7807541
1892371	7989	0.20326966	-0.7883017
1892371	7990	0.20163047	-0.78543925
1892371	7991	0.21010351	-0.79659414
1892371	7992	0.20652968	-0.7927227
1892371	7993	0.20964718	-0.79569036
1892371	7994	0.20562088	-0.78981316
1892371	7995	0.21235228	-0.79852426
1892371	7996	0.2112245	-0.79778755
1892371	7997	0.21263152	-0.7982568
1892371	7998	0.21024317	-0.79476464
1892371	7999	0.21796787	-0.80469155
1892371	8000	0.21422952	-0.80044156
1892371	8001	0.21781188	-0.8037045
1892371	8002	0.21381634	-0.7980603
1892371	8003	0.21638542	-0.8005848
1892371	8004	0.22091633	-0.8074074
1892371	8005	0.22147846	-0.80692506
1892371	8006	0.2179929	-0.8021445
1892371	8007	0.2225132	-0.80760324
1892371	8008	0.20999008	-0.76056707
1892371	8009	0.23764813	-0.7962587
1892371	8010	0.22987312	-0.78860307
1892371	8011	0.24292219	-0.79918057
1892371	8012	0.23954982	-0.7972572
1892371	8013	0.23955476	-0.7923879
1892371	8014	0.23257297	-0.7836001
1892371	8015	0.24253571	-0.79352677
1892371	8016	0.237216	-0.7886406
1892371	8017	0.23524636	-0.7828496
1892371	8018	0.22991014	-0.7764783
1892371	8019	0.2361309	-0.78236246
1892371	8020	0.23626494	-0.78542614
1892371	8021	0.23427755	-0.7801049
1892371	8022	0.22586274	-0.7692621
1892371	8023	0.23780882	-0.7832398
1892371	8024	0.23020315	-0.7761703
1892371	8025	0.23183465	-0.77583385
1892371	8026	0.22529322	-0.76693606
1892371	8027	0.24030352	-0.78548986
1892371	8028	0.23423517	-0.78123724
1892371	8029	0.2337659	-0.77764285
1892371	8030	0.22816032	-0.77182615
1892371	8031	0.23622966	-0.781301
1892371	8032	0.22622383	-0.7713997
1892371	8033	0.23471564	-0.77987385
1892371	8034	0.22491992	-0.77001345
1892371	8035	0.23854077	-0.7853037
1892371	8036	0.23430383	-0.78387713
1892371	8037	0.23309845	-0.77970105
1892371	8038	0.22699606	-0.7731642
1892371	8039	0.2354616	-0.783188
1892371	8040	0.22971481	-0.7792225
1892371	8041	0.23431236	-0.78277063
1892371	8042	0.22514379	-0.7735785
1892371	8043	0.23523074	-0.7856028
1892371	8044	0.23040062	-0.78278047
1892371	8045	0.23272556	-0.7829478
1892371	8046	0.22683346	-0.7780578
1892371	8047	0.23483557	-0.78769994
1892371	8048	0.23157787	-0.7866256
1892371	8049	0.23128337	-0.78457224
1892371	8050	0.22364724	-0.7764478
1892371	8051	0.23724681	-0.7928571
1892371	8052	0.23348421	-0.79239875
1892371	8053	0.23112243	-0.78710914
1892371	8054	0.22598273	-0.7822812
1892371	8055	0.23413801	-0.79201126
1892371	8056	0.22975767	-0.7900796
1892371	8057	0.23047149	-0.78911036
1892371	8058	0.22005361	-0.77753687
1892371	8059	0.23362988	-0.793574
1892371	8060	0.22899646	-0.7934538
1892371	8061	0.22770816	-0.7889714
1892371	8062	0.22184569	-0.7841809
1892371	8063	0.23124504	-0.79432255
1892371	8064	0.22691369	-0.7937965
1892371	8065	0.2279374	-0.79259574
1892371	8066	0.22346795	-0.788903
1892371	8067	0.23253185	-0.79924107
1892371	8068	0.22806376	-0.79705894
1892371	8069	0.22684175	-0.7935389
1892371	8070	0.22284651	-0.79023206
1892371	8071	0.22922498	-0.79806834
1892371	8072	0.22825038	-0.8001318
1892371	8073	0.22780615	-0.7976938
1892371	8074	0.22209418	-0.79181886
1892371	8075	0.23167163	-0.80385673
1892371	8076	0.22814476	-0.80262244
1892371	8077	0.22745371	-0.7997266
1892371	8078	0.22067708	-0.792668
1892371	8079	0.2295565	-0.80332804
1892371	8080	0.22760177	-0.80453444
1892371	8081	0.22723198	-0.8018738
1892371	8082	0.2178123	-0.7915115
1892371	8083	0.22967869	-0.8059732
1892371	8084	0.2265811	-0.806676
1892371	8085	0.2272777	-0.8048705
1892371	8086	0.22160077	-0.799886
1892371	8087	0.22947752	-0.8087805
1892371	8088	0.22580457	-0.80766106
1892371	8089	0.22318989	-0.80104244
1892371	8090	0.22716385	-0.8069473
1892371	8091	0.23461771	-0.8167069
1892371	8092	0.2331475	-0.8173158
1892371	8093	0.2305364	-0.81120193
1892371	8094	0.22013909	-0.7996743
1892371	8095	0.22859538	-0.8098921
1892371	8096	0.23095644	-0.81714135
1892371	8097	0.22774178	-0.8109844
1892371	8098	0.2208618	-0.80339336
1892371	8099	0.23324972	-0.81845176
1892371	8100	0.22195745	-0.80621314
1892371	8101	0.23066401	-0.8140818
1892371	8102	0.22111946	-0.8060319
1892371	8103	0.23202693	-0.8174822
1892371	8104	0.22745514	-0.81596684
1892371	8105	0.22819376	-0.81408215
1892371	8106	0.21739334	-0.8020779
1892371	8107	0.22952485	-0.8164453
1892371	8108	0.22702879	-0.8179356
1892371	8109	0.22565919	-0.8132638
1892371	8110	0.22149736	-0.8097901
1892371	8111	0.23106414	-0.8209257
1892371	8112	0.22776616	-0.820263
1892371	8113	0.22645718	-0.8159327
1892371	8114	0.22186995	-0.8118012
1892371	8115	0.23187488	-0.8229463
1892371	8116	0.22726631	-0.82067084
1892371	8117	0.22571409	-0.81666565
1892371	8118	0.21926695	-0.809428
1892371	8119	0.23239517	-0.8251988
1892371	8120	0.22903436	-0.8251686
1892371	8121	0.57006526	-1.2019478
1892371	8122	0.5720842	-1.1407963
1892371	8123	0.5674455	-1.1197501
1892371	8124	0.58163774	-1.0952979
1892371	8125	0.41328925	-0.90277773
1892371	8126	0.17823243	-0.67289025
1892371	8127	0.70089793	-1.2640992
1892371	8128	0.3514936	-0.8748671
1892371	8129	0.8303273	-1.3674557
1892371	8130	0.7181814	-1.1587199
1892371	8131	0.94235516	-1.4252154
1892371	8132	0.9437127	-1.3932836
1892371	8133	0.9105959	-1.29952
1892371	8134	0.844743	-1.3108981
1892371	8135	0.81867564	-1.2689139
1892371	8136	0.8180212	-1.276689
1892371	8137	0.818442	-1.2776417
1892371	8138	0.7917061	-1.260482
1892371	8139	0.78261054	-1.2530732
1892371	8140	0.7720529	-1.249831
1892371	8141	0.7744591	-1.2521244
1892371	8142	0.7478694	-1.2359124
1892371	8143	0.7522856	-1.2392951
1892371	8144	0.7379072	-1.232619
1892371	8145	0.74295175	-1.2374991
1892371	8146	0.7383919	-1.2384846
1892371	8147	0.730839	-1.232649
1892371	8148	0.72370934	-1.2305971
1892371	8149	0.7168813	-1.2250179
1892371	8150	0.72728264	-1.2380694
1892371	8151	0.710402	-1.2245058
1892371	8152	0.7181493	-1.2353
1892371	8153	0.72118473	-1.2364504
1892371	8154	0.7065884	-1.2284973
1892371	8155	0.7042142	-1.2261453
1892371	8156	0.69997144	-1.226506
1892371	8157	0.709568	-1.2333021
1892371	8158	0.6952239	-1.2258666
1892371	8159	0.69442546	-1.2241874
1892371	8160	0.6861931	-1.2194502
1892371	8161	0.6987643	-1.2306439
1892371	8162	0.68900645	-1.2254485
1892371	8163	0.67203736	-1.207527
1892371	8164	0.69435453	-1.2309768
1892371	8165	0.6975541	-1.2333097
1892371	8166	0.68283165	-1.2229484
1892371	8167	0.7023952	-1.2417943
1892371	8168	0.6928704	-1.2314537
1892371	8169	0.6983489	-1.2352216
1892371	8170	0.69006336	-1.2323484
1892371	8171	0.687655	-1.2265574
1892371	8172	0.6807766	-1.2235838
1892371	8173	0.69877386	-1.2380804
1892371	8174	0.6780995	-1.2227986
1892371	8175	0.685761	-1.2263905
1892371	8176	0.6811621	-1.225593
1892371	8177	0.69114995	-1.2326473
1892371	8178	0.6803243	-1.225805
1892371	8179	0.6785078	-1.2222354
1892371	8180	0.6730757	-1.2188623
1892371	8181	0.6868162	-1.2301297
1892371	8182	0.69502807	-1.2633559
1892371	8183	0.33476686	-0.90339386
1892371	8184	0.66200984	-1.2435282
1892371	8185	0.80308664	-1.4178634
1892371	8186	0.84670615	-1.3969892
1892371	8187	1.0855991	-1.6086024
1892371	8188	0.5054747	-1.0532954
1892371	8189	0.44290227	-0.98057294
1892371	8190	-0.06914118	-0.47805962
1892371	8191	-0.3736338	-0.080176234
1892371	8192	-0.4350062	0.026195765
1892371	8193	-0.33617693	-0.12544009
1892371	8194	-0.363006	-0.13534415
1892371	8195	-0.3277371	-0.2086663
1892371	8196	-0.2831201	-0.27930233
1892371	8197	-0.3032537	-0.27890134
1892371	8198	-0.2765604	-0.30344224
1892371	8199	-0.10423675	-0.5006072
1892371	8200	0.15154141	-0.80777323
1892371	8201	-0.037665427	-0.5566644
1892371	8202	-0.23784846	-0.3186778
1892371	8203	-0.46313462	0.034918427
1892371	8204	-0.40384933	-0.046316534
1892371	8205	-0.289294	-0.1723749
1892371	8206	-0.47703785	0.1287283
1892371	8207	-0.46990722	0.15389171
1892371	8208	-0.28264973	-0.070592016
1892371	8209	-0.39418766	-0.021459699
1892371	8210	-0.5068133	0.23136505
1892371	8211	-0.4679947	0.051495343
1892371	8212	-0.36714965	-0.0630309
1892371	8213	-0.57032377	0.26297274
1892371	8214	-0.5357796	0.17453393
1892371	8215	-0.45932513	0.07047507
1892371	8216	-0.57029384	0.37342182
1892371	8217	-0.7146227	0.68163025
1892371	8218	-0.4541825	0.29608473
1892371	8219	-0.4888054	0.2866358
1892371	8220	-0.23642623	-0.046362042
1892371	8221	-0.15169492	-0.31491128
1892371	8222	-0.28845084	-0.02026841
1892371	8223	-0.6138646	0.6098931
1892371	8224	-0.52364874	0.5696634
1892371	8225	-0.34874383	0.21857569
1892371	8226	-0.388631	0.19128695
1892371	8227	-0.28978705	0.015909463
1892371	8228	-0.23118839	-0.107902914
1892371	8229	-0.16007358	-0.24581853
1892371	8230	0.012948394	-0.4728762
1892371	8231	0.26783818	-0.8542552
1892371	8232	0.27093422	-0.82813704
1892371	8233	0.20947015	-0.68851095
1892371	8234	0.19160748	-0.7046982
1892371	8235	0.45422542	-0.99622774
1892371	8236	0.4557547	-0.9162461
1892371	8237	0.51783454	-0.9736018
1892371	8238	0.71571076	-1.1894082
1892371	8239	0.7417774	-1.150157
1892371	8240	0.719764	-1.1187865
1892371	8241	0.66730726	-1.0672026
1892371	8242	0.57984865	-0.9820194
1892371	8243	0.38390863	-0.7793425
1892371	8244	0.264961	-0.6904447
1892371	8245	0.29100418	-0.7287961
1892371	8246	0.20542878	-0.6382628
1892371	8247	0.17905247	-0.62651587
1892371	8248	0.15710276	-0.6142744
1892371	8249	0.14879072	-0.6135285
1892371	8250	0.17467642	-0.65020764
1892371	8251	0.14549357	-0.61856526
1892371	8252	0.20662254	-0.69177866
1892371	8253	0.5820719	-1.1071615
1892371	8254	0.6344975	-1.0976616
1892371	8255	0.76567054	-1.1952717
1892371	8256	0.9447087	-1.356241
1892371	8257	0.89414656	-1.2513146
1892371	8258	0.6919975	-1.0498633
1892371	8259	0.51922345	-0.91985714
1892371	8260	0.468953	-0.83237773
1892371	8261	0.4170916	-0.79868805
1892371	8262	0.54117703	-0.9722729
1892371	8263	0.6957915	-1.1017052
1892371	8264	0.6279441	-1.0301142
1892371	8265	0.6364933	-1.0416528
1892371	8266	0.88297033	-1.2910408
1892371	8267	0.79560673	-1.1424452
1892371	8268	0.72013927	-1.0384797
1892371	8269	0.76141393	-1.1133848
1892371	8270	0.5457727	-0.92590857
1892371	8271	0.03201562	-0.33154622
1892371	8272	-0.2951347	0.07030955
1892371	8273	-0.2322917	-0.04017055
1892371	8274	-0.31167597	0.036115408
1892371	8275	-0.57316184	0.3940163
1892371	8276	-0.6309812	0.50185466
1892371	8277	-0.66925836	0.5762502
1892371	8278	-0.5972737	0.43618473
1892371	8279	-0.6998092	0.5993533
1892371	8280	-0.6109212	0.44278398
1892371	8281	-0.6209205	0.4505402
1892371	8282	-0.6203654	0.43916216
1892371	8283	-0.47475207	0.20514193
1892371	8284	-0.4506034	0.1581631
1892371	8285	-0.39056805	0.05378762
1892371	8286	-0.55120975	0.28682533
1892371	8287	-0.44461763	0.1286976
1892371	8288	-0.14763844	-0.23008376
1892371	8289	0.24719352	-0.8102598
1892371	8290	0.273718	-0.7697023
1892371	8291	0.31539977	-0.81328976
1892371	8292	0.2589259	-0.739218
1892371	8293	0.23020446	-0.7091034
1892371	8294	0.23588574	-0.7187344
1892371	8295	0.17463511	-0.6448438
1892371	8296	0.21914089	-0.69652116
1892371	8297	0.08057952	-0.47281912
1892371	8298	-0.0145992935	-0.32228094
1892371	8299	-0.064023584	-0.27562025
1892371	8300	-0.24773064	-0.013186008
1892371	8301	-0.16746446	-0.19067699
1892371	8302	0.13610345	-0.61081946
1892371	8303	0.21720576	-0.6841141
1892371	8304	0.19608837	-0.65511036
1892371	8305	0.25239968	-0.7289234
1892371	8306	0.2595796	-0.7263576
1892371	8307	0.24085587	-0.7043731
1892371	8308	-0.23290989	-0.058983862
1892371	8309	-0.5243255	0.36547753
1892371	8310	-0.4850773	0.33962265
1892371	8311	-0.4258649	0.23370716
1892371	8312	-0.47327304	0.28940842
1892371	8313	-0.43591252	0.215399
1892371	8314	-0.37002075	0.11731395
1892371	8315	-0.4660673	0.32041344
1892371	8316	-0.45756793	0.27190962
1892371	8317	-0.37001717	0.107565194
1892371	8318	-0.31457853	0.018369526
1892371	8319	-0.2210032	-0.11941671
1892371	8320	-0.078971624	-0.33108863
1892371	8321	0.29536092	-0.8107066
1892371	8322	0.3700989	-0.82666934
1892371	8323	0.43472588	-0.8619588
1892371	8324	0.54119027	-0.9670311
1892371	8325	0.5155282	-0.9128147
1892371	8326	0.941362	-1.3619018
1892371	8327	1.755241	-1.9451782
1892371	8328	1.8866361	-1.788956
1892371	8329	1.8806912	-1.7891053
1892371	8330	1.7567126	-1.6519575
1892371	8331	1.9801608	-1.818861
1892371	8332	2.102923	-1.8736107
1892371	8333	2.2945247	-2.029736
1892371	8334	1.3150314	-1.3919611
1892371	8335	1.6169244	-1.7303573
1892371	8336	1.6756519	-1.6896079
1892371	8337	1.5034112	-1.5413307
1892371	8338	0.98808694	-1.2174364
1892371	8339	0.81279457	-1.1271665
1892371	8340	0.2021671	-0.5351582
1892371	8341	0.1721111	-0.5349107
1892371	8342	0.17099011	-0.58146775
1892371	8343	0.1744737	-0.61901486
1892371	8344	0.44365752	-0.94492316
1892371	8345	0.5752944	-1.044398
1892371	8346	0.5493785	-1.0003675
1892371	8347	0.5101981	-0.9144605
1892371	8348	0.58436227	-1.016483
1892371	8349	0.60340166	-1.025459
1892371	8350	0.5832647	-0.9994761
1892371	8351	0.5911826	-1.006662
1892371	8352	0.5689105	-0.9847579
1892371	8353	0.5707108	-0.9870031
1892371	8354	0.555565	-0.97248554
1892371	8355	0.57090354	-0.987893
1892371	8356	0.55415595	-0.97123814
1892371	8357	0.56259716	-0.97956896
1892371	8358	0.5506395	-0.96764386
1892371	8359	0.48580354	-0.89173687
1892371	8360	0.5208014	-0.9006555
1892371	8361	0.5817888	-0.98355126
1892371	8362	0.55115306	-0.94666284
1892371	8363	0.6034783	-0.99269176
1892371	8364	0.21133661	-0.56836087
1892371	8365	0.19974726	-0.5372167
1892371	8366	0.50470364	-0.9518604
1892371	8367	0.72419465	-1.1371408
1892371	8368	0.7633138	-1.1458051
1892371	8369	0.74419045	-1.0960097
1892371	8370	0.3703115	-0.70796955
1892371	8371	0.2870133	-0.5853433
1892371	8372	0.34480375	-0.7000876
1892371	8373	0.38061512	-0.7961165
1892371	8374	0.43477434	-0.84260446
1892371	8375	0.41104692	-0.81690013
1892371	8376	0.6006086	-1.0305338
1892371	8377	1.2563974	-1.651694
1892371	8378	1.5041276	-1.5959954
1892371	8379	1.5113117	-1.5375023
1892371	8380	1.5719637	-1.6022472
1892371	8381	1.4919397	-1.5206902
1892371	8382	1.033383	-1.1598405
1892371	8383	0.946581	-1.1443148
1892371	8384	0.9523171	-1.1855768
1892371	8385	0.21416193	-0.4120642
1892371	8386	0.08855748	-0.2803943
1892371	8387	0.21485013	-0.5212673
1892371	8388	0.23748523	-0.5800218
1892371	8389	0.4216181	-0.7894815
1892371	8390	0.7480036	-1.1489886
1892371	8391	0.8590324	-1.2039452
1892371	8392	0.14613873	-0.44037536
1892371	8393	0.056838214	-0.32935706
1892371	8394	0.107966185	-0.4528798
1892371	8395	-0.15891704	-0.14038524
1892371	8396	-0.17837512	-0.06956959
1892371	8397	-0.17842257	0.027099341
1892371	8398	-0.28656435	0.05919239
1892371	8399	-0.41425732	0.38588342
1892371	8400	-0.52569574	0.6485038
1892371	8401	-0.7784239	1.0255194
1892371	8402	-0.6100506	0.71723306
1892371	8403	-0.69231653	0.7055775
1892371	8404	-0.6447852	0.43613085
1892371	8405	-0.60713714	0.3911468
1892371	8406	-0.59112436	0.36744478
1892371	8407	-0.5917832	0.3253632
1892371	8408	-0.3214864	-0.0018805861
1892371	8409	-0.28351665	-0.055782855
1892371	8410	-0.07421288	-0.35669577
1892371	8411	-0.156807	-0.22009371
1892371	8412	-0.23793751	-0.16380465
1892371	8413	-0.18919206	-0.23484543
1892371	8414	-0.2958282	-0.120153725
1892371	8415	-0.43691558	0.12405738
1892371	8416	-0.42086175	0.15712419
1892371	8417	-0.42195764	0.33332106
1892371	8418	-0.32303488	0.2984232
1892371	8419	-0.30381122	0.009631932
1892371	8420	-0.34235227	0.003240794
1892371	8421	-0.3325172	-0.05978501
1892371	8422	-0.3472634	-0.024882108
1892371	8423	-0.36563194	-0.06557882
1892371	8424	-0.2987539	-0.15789792
1892371	8425	-0.1326721	-0.37597778
1892371	8426	-0.18820041	-0.30302694
1892371	8427	-0.26487955	-0.15980744
1892371	8428	-0.11380398	-0.32078147
1892371	8429	-0.07291472	-0.35644567
1892371	8430	-0.026201218	-0.45039114
1892371	8431	0.01241976	-0.49944636
1892371	8432	-0.5233263	0.25354907
1892371	8433	-0.7677694	0.6573602
1892371	8434	-0.6891745	0.5806465
1892371	8435	-0.8426173	1.0213134
1892371	8436	-1.1057892	1.5785749
1892371	8437	-0.8428048	1.0674145
1892371	8438	-0.8611165	0.98396146
1892371	8439	-0.7894361	0.8108965
1892371	8440	-0.76415503	0.7394159
1892371	8441	-0.73909575	0.6900461
1892371	8442	-0.47916365	0.23463061
1892371	8443	-0.09330219	-0.38305095
1892371	8444	-0.46686405	0.26739815
1892371	8445	-0.6527529	0.5012251
1892371	8446	-0.8144648	0.89557207
1892371	8447	-0.5599438	0.43790278
1892371	8448	-0.5340912	0.3304763
1892371	8449	-0.4513449	0.2943817
1892371	8450	-0.3677465	0.14975658
1892371	8451	-0.5761958	0.3730723
1892371	8452	-0.35170972	0.0861465
1892371	8453	-0.451531	0.1606557
1892371	8454	-0.43869781	0.1739023
1892371	8455	-0.68794346	0.5813625
1892371	8456	-0.6056339	0.38029346
1892371	8457	-0.6195273	0.5914085
1892371	8458	-0.4247458	0.25165537
1892371	8459	-0.3104719	0.018108308
1892371	8460	-0.36296976	0.050608784
1892371	8461	-0.59267336	0.5144385
1892371	8462	-0.45704478	0.28135923
1892371	8463	-0.19324121	0.051885337
1892371	8464	-0.3369537	-0.0005570948
1892371	8465	-0.1965186	-0.12810037
1892371	8466	-0.308361	-0.05264646
1892371	8467	-0.52211183	0.45505401
1892371	8468	-0.4158554	0.2866601
1892371	8469	-0.4372891	0.32329318
1892371	8470	-0.2991916	0.14178434
1892371	8471	-0.559945	0.5007371
1892371	8472	-0.38074863	0.24933675
1892371	8473	-0.41608936	0.24097595
1892371	8474	-0.286792	0.15406677
1892371	8475	-0.4624325	0.32239315
1892371	8476	-0.43987912	0.40385893
1892371	8477	-0.3593645	0.23824212
1892371	8478	-0.5907705	0.6683768
1892371	8479	-0.63894534	0.821846
1892371	8480	-0.4330939	0.44423726
1892371	8481	-0.7640465	0.8948082
1892371	8482	-0.70181835	0.76105547
1892371	8483	-0.5384386	0.5584667
1892371	8484	-0.55399996	0.5226718
1892371	8485	-0.66571677	0.6833296
1892371	8486	-0.5116762	0.4813284
1892371	8487	-0.5075589	0.5182202
1892371	8488	-0.42244783	0.3088794
1892371	8489	-0.47576734	0.46707186
1892371	8490	-0.42152917	0.31074503
1892371	8491	-0.668448	0.41038343
1892371	8492	0.92260325	-0.5465999
1892371	8493	1.0115553	-0.73761916
1892371	8494	1.1344913	-0.92742866
1892371	8495	1.1488891	-0.89167213
1892371	8496	1.1079228	-0.8564059
1892371	8497	1.0363096	-0.8250704
1892371	8498	0.9982351	-0.81648195
1892371	8499	1.0254847	-0.88157034
1892371	8500	0.9701617	-0.85385895
1892371	8501	0.9362757	-0.81677973
1892371	8502	0.9222654	-0.8016451
1892371	8503	0.78772306	-0.68253314
1892371	8504	0.8452964	-0.7755457
1892371	8505	0.80346656	-0.7146524
1892371	8506	0.8642757	-0.8089285
1892371	8507	0.842062	-0.7559893
1892371	8508	1.0733594	-0.9708005
1892371	8509	1.2786398	-1.0699517
1892371	8510	1.4634457	-1.1062152
1892371	8511	0.942646	-1.8840144
1892371	8512	0.5539254	-0.6242455
1892371	8513	1.2500025	-2.0041752
1892371	8514	3.1196637	-1.4269286
1892371	8515	3.0790877	-1.5299104
1892371	8516	3.065155	-1.6740707
1892371	8517	1.2870557	-1.1403452
1892371	8518	0.33839077	0.2612435
1892371	8519	0.38360405	-0.052665114
1892371	8520	0.34487212	0.023204118
1892371	8521	1.1048483	-1.2807205
1892371	8522	3.4675379	-0.930112
1892371	8523	3.2756205	-1.106453
1892371	8524	3.2277412	-1.1782397
1892371	8525	1.2037523	-0.85854477
1892371	8526	0.58410263	0.74518204
1892371	8527	0.65416014	0.4019545
1892371	8528	0.62309396	0.375477
1892371	8529	0.43262303	0.2503197
1892371	8530	1.0001998	-1.084957
1892371	8531	0.8682841	-1.1754491
1892371	8532	3.2948346	-0.9821929
1892371	8533	3.1742673	-0.99102855
1892371	8534	3.006948	-1.081672
1892371	8535	2.8691835	-1.15763
1892371	8536	2.756013	-1.1877681
1892371	8537	1.0258396	-0.8220689
1892371	8538	0.59967506	0.8186182
1892371	8539	0.6824993	0.45018837
1892371	8540	0.6583116	0.45711628
1892371	8541	0.75642407	-0.97417307
1892371	8542	3.2878757	-0.71539915
1892371	8543	3.0029807	-0.8311236
1892371	8544	2.8808684	-0.8561146
1892371	8545	1.069649	-0.76422566
1892371	8546	0.6760248	0.93837166
1892371	8547	0.7503277	0.6029128
1892371	8548	0.6572852	0.9353219
1892371	8549	0.72521853	0.50662875
1892371	8550	0.6011739	0.3982509
1892371	8551	0.44249463	0.25404403
1892371	8552	0.24837911	0.16645107
1892371	8553	0.9148021	-0.9805727
1892371	8554	3.4212604	-0.6044635
1892371	8555	3.1584039	-0.6458818
1892371	8556	2.886115	-0.773577
1892371	8557	2.6203942	-0.8336306
1892371	8558	2.5287285	-0.99477994
1892371	8559	2.6052122	-1.1644992
1892371	8560	2.0099201	-1.069278
1892371	8561	2.239314	-1.3118299
1892371	8562	2.0468082	-1.2378278
1892371	8563	2.060142	-1.2540326
1892371	8564	1.9754051	-1.2143881
1892371	8565	1.8084589	-1.1012475
1892371	8566	1.9367784	-1.2564473
1892371	8567	1.9823631	-1.242924
1892371	8568	1.8587955	-1.1976309
1892371	8569	1.9519793	-1.2882606
1892371	8570	2.0601912	-1.2778686
1892371	8571	1.9390126	-1.243889
1892371	8572	1.9683284	-1.3520461
1892371	8573	1.7022349	-1.169725
1892371	8574	2.3348494	-1.508146
1892371	8575	0.73746157	-1.2055084
1892371	8576	0.09572601	0.2466841
1892371	8577	0.15647924	-0.19877183
1892371	8578	0.097983	0.02908498
1892371	8579	0.71579623	-1.1301357
1892371	8580	3.2248163	-0.9690412
1892371	8581	3.1032076	-1.0714008
1892371	8582	2.9531708	-1.1132168
1892371	8583	2.8408828	-1.2047051
1892371	8584	2.6855226	-1.2581583
1892371	8585	2.4547887	-1.3058399
1892371	8586	2.1216803	-1.2322445
1892371	8587	2.0635386	-1.2321872
1892371	8588	2.0264568	-1.2296017
1892371	8589	2.2852783	-1.4415321
1892371	8590	2.3519287	-1.4346647
1892371	8591	1.0503609	-1.1237584
1892371	8592	0.30706966	0.34710184
1892371	8593	0.4163239	0.027703375
1892371	8594	0.27436882	0.014113724
1892371	8595	0.16658467	0.16055652
1892371	8596	0.1401459	0.07242742
1892371	8597	0.8452102	-1.0076532
1892371	8598	-0.01951617	0.8516183
1892371	8599	0.39514154	0.4705989
1892371	8600	0.32890218	0.3424004
1892371	8601	0.19811505	0.24712244
1892371	8602	0.13957733	0.2162151
1892371	8603	1.0553747	-1.2132527
1892371	8604	3.6260767	-0.86317146
1892371	8605	3.4301252	-0.8339206
1892371	8606	3.2583756	-0.84491324
1892371	8607	2.7024798	-1.0475764
1892371	8608	2.5643358	-1.2311765
1892371	8609	1.0458103	-0.91549635
1892371	8610	0.6211647	0.6287309
1892371	8611	0.75216734	0.10817692
1892371	8612	0.62649703	0.22461775
1892371	8613	0.9306519	-1.1566125
1892371	8614	3.394846	-0.79655254
1892371	8615	3.1280737	-0.8478613
1892371	8616	2.9636827	-0.89627934
1892371	8617	1.0978777	-0.85089254
1892371	8618	0.6320472	0.89357626
1892371	8619	0.7525791	0.5221857
1892371	8620	0.7077074	0.6060935
1892371	8621	0.82184577	-0.94701236
1892371	8622	3.3062706	-0.68366075
1892371	8623	2.9825454	-0.7737521
1892371	8624	2.8112183	-0.8132491
1892371	8625	1.0427947	-0.7682189
1892371	8626	0.6435454	0.9852046
1892371	8627	0.74887896	0.6192609
1892371	8628	0.72365355	0.8012146
1892371	8629	0.7244234	-0.9062116
1892371	8630	3.335702	-0.6033825
1892371	8631	2.9995499	-0.67434376
1892371	8632	2.7199683	-0.7409482
1892371	8633	2.6054406	-0.85184187
1892371	8634	2.591938	-0.94046474
1892371	8635	0.9279525	-0.76591456
1892371	8636	0.6009195	1.060808
1892371	8637	0.7144381	0.6751907
1892371	8638	0.62589574	0.9470445
1892371	8639	0.563171	0.6152476
1892371	8640	0.61519694	-0.7623118
1892371	8641	3.1402478	-0.548306
1892371	8642	2.8886886	-0.6215749
1892371	8643	2.7204218	-0.69140023
1892371	8644	0.93991184	-0.6731221
1892371	8645	2.6176405	-1.0190085
1892371	8646	2.6140752	-0.84308636
1892371	8647	2.419435	-0.8548703
1892371	8648	2.3438454	-0.9102333
1892371	8649	2.3189669	-0.91593647
1892371	8650	0.7304193	-0.72957826
1892371	8651	2.495481	-1.0052236
1892371	8652	2.412981	-0.84708095
1892371	8653	2.3070302	-0.8623726
1892371	8654	2.249886	-0.89604646
1892371	8655	2.242083	-0.9130279
1892371	8656	0.6579087	-0.6801231
1892371	8657	0.5206295	1.2410015
1892371	8658	0.61334383	0.8669416
1892371	8659	0.5623703	0.9888636
1892371	8660	0.5018469	0.6814674
1892371	8661	0.45879227	-0.66308117
1892371	8662	3.056673	-0.48312205
1892371	8663	2.8243637	-0.54167813
1892371	8664	2.537529	-0.6022511
1892371	8665	2.3964982	-0.7251018
1892371	8666	2.376552	-0.828965
1892371	8667	0.7923994	-0.63547266
1892371	8668	0.55774856	1.2638257
1892371	8669	0.64606833	0.854349
1892371	8670	0.61490715	0.9720187
1892371	8671	0.58827114	-0.6412434
1892371	8672	3.0667624	-0.4967313
1892371	8673	2.7452407	-0.5940616
1892371	8674	2.4808517	-0.60907066
1892371	8675	2.3718333	-0.75705236
1892371	8676	2.3459854	-0.80349946
1892371	8677	0.7961658	-0.6534204
1892371	8678	0.5811459	1.229991
1892371	8679	0.65694416	0.81661904
1892371	8680	0.64517236	0.9511906
1892371	8681	0.6151973	-0.6431987
1892371	8682	3.053245	-0.507471
1892371	8683	2.716765	-0.61083305
1892371	8684	2.4670424	-0.60962105
1892371	8685	2.3556113	-0.7575482
1892371	8686	2.3374228	-0.8119615
1892371	8687	0.8162836	-0.6411514
1892371	8688	0.5945666	1.195676
1892371	8689	0.6668321	0.81597114
1892371	8690	0.65895116	0.9456252
1892371	8691	0.6195892	-0.6478802
1892371	8692	3.0214558	-0.512832
1892371	8693	2.6951451	-0.60969234
1892371	8694	2.4534698	-0.6174031
1892371	8695	2.340423	-0.7579416
1892371	8696	2.3199134	-0.8093672
1892371	8697	0.80199206	-0.6445156
1892371	8698	0.59745955	1.1798867
1892371	8699	0.65578806	0.7843816
1892371	8700	0.65802073	0.941226
1892371	8701	0.616619	-0.6590976
1892371	8702	3.0200315	-0.5220205
1892371	8703	2.688891	-0.61895776
1892371	8704	2.4519114	-0.61915517
1892371	8705	2.3453226	-0.7646613
1892371	8706	2.3325815	-0.8197609
1892371	8707	0.8162918	-0.64977133
1892371	8708	0.60442245	1.1462518
1892371	8709	0.6507548	0.77675116
1892371	8710	0.65762234	0.93700004
1892371	8711	0.6209948	-0.6570555
1892371	8712	2.9747205	-0.519857
1892371	8713	2.6816993	-0.6119557
1892371	8714	2.437986	-0.6241565
1892371	8715	2.3282895	-0.75417113
1892371	8716	2.317185	-0.8133297
1892371	8717	0.8171458	-0.65277696
1892371	8718	0.60859835	1.1176956
1892371	8719	0.64156413	0.77356684
1892371	8720	0.65370595	0.93346226
1892371	8721	0.6206571	-0.6564944
1892371	8722	2.9701042	-0.531208
1892371	8723	2.664837	-0.61610895
1892371	8724	2.430757	-0.624526
1892371	8725	2.32341	-0.7577665
1892371	8726	2.3145475	-0.8147253
1892371	8727	0.8094914	-0.65169096
1892371	8728	0.606833	1.1096935
1892371	8729	0.6308172	0.7606474
1892371	8730	0.64857984	0.9319204
1892371	8731	0.6184349	-0.66019106
1892371	8732	2.9568443	-0.52896214
1892371	8733	2.6584573	-0.617891
1892371	8734	2.4192934	-0.62044454
1892371	8735	2.3138728	-0.7565139
1892371	8736	2.312181	-0.81564
1892371	8737	0.8081006	-0.64988136
1892371	8738	0.60331905	1.0917903
1892371	8739	0.6330631	0.7719574
1892371	8740	0.64434445	0.9226377
1892371	8741	0.6176295	-0.6613213
1892371	8742	2.951054	-0.542539
1892371	8743	2.6476269	-0.6233495
1892371	8744	2.4163337	-0.6288748
1892371	8745	2.3113341	-0.7603549
1892371	8746	2.3050184	-0.817592
1892371	8747	0.8054117	-0.6549957
1892371	8748	0.6016073	1.0776281
1892371	8749	0.62276435	0.75993073
1892371	8750	0.639498	0.921988
1892371	8751	0.6164386	-0.6621965
1892371	8752	2.9445767	-0.5474711
1892371	8753	2.6408272	-0.6263794
1892371	8754	2.409347	-0.6290216
1892371	8755	2.305606	-0.7652445
1892371	8756	2.29954	-0.8205477
1892371	8757	0.7996118	-0.6505072
1892371	8758	0.59862614	1.0731437
1892371	8759	0.6206875	0.75432944
1892371	8760	0.63694215	0.9181342
1892371	8761	0.61249435	-0.66717446
1892371	8762	2.9337978	-0.54658306
1892371	8763	2.6376152	-0.6289495
1892371	8764	2.4022055	-0.6278336
1892371	8765	2.3012567	-0.7645588
1892371	8766	2.3012404	-0.8231139
1892371	8767	0.80048585	-0.6606018
1892371	8768	0.5956923	1.0672305
1892371	8769	0.620149	0.76481915
1892371	8770	0.63345265	0.9163834
1892371	8771	0.61092305	-0.66040426
1892371	8772	2.9431763	-0.5565367
1892371	8773	2.6359649	-0.6344402
1892371	8774	2.4060655	-0.6302827
1892371	8775	2.302771	-0.7681808
1892371	8776	2.2986083	-0.82233626
1892371	8777	0.80232453	-0.6628387
1892371	8778	0.5955132	1.0523583
1892371	8779	0.61734164	0.75827193
1892371	8780	0.63198686	0.9115734
1892371	8781	0.6123768	-0.6629851
1892371	8782	2.9322572	-0.56148654
1892371	8783	2.6397047	-0.630236
1892371	8784	2.4031615	-0.6411948
1892371	8785	2.3078418	-0.77054083
1892371	8786	2.2970977	-0.8232425
1892371	8787	0.80091846	-0.66387033
1892371	8788	0.5969274	1.0376
1892371	8789	0.6071645	0.7318826
1892371	8790	0.63103664	0.90453815
1892371	8791	0.6166208	-0.66323256
1892371	8792	2.9190226	-0.5643702
1892371	8793	2.6153002	-0.6421988
1892371	8794	2.3953838	-0.63571554
1892371	8795	2.2937412	-0.77219546
1892371	8796	2.2912388	-0.82648534
1892371	8797	0.79717195	-0.6609174
1892371	8798	0.5915575	1.0418315
1892371	8799	0.60783494	0.744542
1892371	8800	0.6279781	0.90790784
1892371	8801	0.6109381	-0.665167
1892371	8802	2.9186134	-0.5695216
1892371	8803	2.6187186	-0.64187753
1892371	8804	2.3931217	-0.64037955
1892371	8805	2.2903848	-0.7724296
1892371	8806	2.2872367	-0.82765055
1892371	8807	0.7931731	-0.6649419
1892371	8808	0.5890821	1.0393122
1892371	8809	0.6033641	0.7474114
1892371	8810	0.6238054	0.90539753
1892371	8811	0.60887885	-0.66418695
1892371	8812	2.9330406	-0.5802215
1892371	8813	2.6205564	-0.6483203
1892371	8814	2.3961325	-0.6431355
1892371	8815	2.2937856	-0.77921534
1892371	8816	2.2898235	-0.83263534
1892371	8817	0.80359364	-0.66243684
1892371	8818	0.5918813	1.0151321
1892371	8819	0.6094241	0.7388196
1892371	8820	0.6274066	0.8942666
1892371	8821	0.6148622	-0.66135806
1892371	8822	2.9010105	-0.5858911
1892371	8823	2.6120534	-0.64738256
1892371	8824	2.3830342	-0.65019995
1892371	8825	2.2924547	-0.7857524
1892371	8826	2.2836313	-0.8325565
1892371	8827	0.80098546	-0.6643158
1892371	8828	0.5906035	1.0128216
1892371	8829	0.6086168	0.74184287
1892371	8830	0.6244317	0.8937516
1892371	8831	0.6071476	-0.66080976
1892371	8832	2.9101033	-0.5941165
1892371	8833	2.6006918	-0.6550969
1892371	8834	2.3803124	-0.64885014
1892371	8835	2.2799563	-0.7843775
1892371	8836	2.2778492	-0.8374947
1892371	8837	0.78347003	-0.67067707
1892371	8838	0.5825285	1.024629
1892371	8839	0.59475124	0.7387078
1892371	8840	0.6143553	0.89807355
1892371	8841	0.60142505	-0.66504145
1892371	8842	2.90737	-0.58857834
1892371	8843	2.6029944	-0.65528876
1892371	8844	2.38229	-0.6470608
1892371	8845	2.2807183	-0.7835093
1892371	8846	2.2778225	-0.83399856
1892371	8847	0.7682345	-0.67329866
1892371	8848	0.57722163	1.0277865
1892371	8849	0.59935975	0.7469903
1892371	8850	0.61227345	0.8861382
1892371	8851	0.5983095	-0.67179155
1892371	8852	2.9259973	-0.6016511
1892371	8853	2.6072483	-0.6643249
1892371	8854	2.4429178	-0.67569727
1892371	8855	0.7933024	-0.63871837
1892371	8856	0.5950134	1.0571502
1892371	8857	0.61341286	0.77522755
1892371	8858	0.6660204	0.70233464
1892371	8859	0.4340037	1.0165479
1892371	8860	0.4609396	0.64662004
1892371	8861	0.4768986	-0.69947165
1892371	8862	3.046969	-0.5120601
1892371	8863	2.7516174	-0.59339726
1892371	8864	2.5325685	-0.61386234
1892371	8865	2.3121924	-0.72214264
1892371	8866	2.2311254	-0.7961197
1892371	8867	2.2004204	-0.79282784
1892371	8868	0.69609773	-0.71534526
1892371	8869	0.5289483	1.1289116
1892371	8870	0.55993426	0.83791816
1892371	8871	0.5220537	0.9962032
1892371	8872	0.5682721	0.5599468
1892371	8873	0.7444259	0.3714687
1892371	8874	0.62357867	0.52911115
1892371	8875	0.62630546	0.26945117
1892371	8876	0.26709586	0.27671722
1892371	8877	0.10159856	0.33685514
1892371	8878	-0.36326373	0.98813605
1892371	8879	-0.3343223	0.892282
1892371	8880	0.19050628	-0.58426404
1892371	8881	2.5699801	-0.40246966
1892371	8882	2.4065142	-0.4291317
1892371	8883	2.2671642	-0.6406647
1892371	8884	0.5037321	-0.5737537
1892371	8885	0.3453632	1.4109315
1892371	8886	0.44915372	1.1647756
1892371	8887	0.42670172	1.1640546
1892371	8888	0.45079398	-0.51814896
1892371	8889	2.8855166	-0.349781
1892371	8890	2.508019	-0.46885568
1892371	8891	2.467194	-0.59294844
1892371	8892	2.2802157	-0.7658817
1892371	8893	0.7192054	-0.5101844
1892371	8894	0.24555182	-0.2826304
1892371	8895	-0.0034499168	1.5990906
1892371	8896	0.46531677	1.0331403
1892371	8897	0.40892094	-0.42386946
1892371	8898	2.276894	-0.18278292
1892371	8899	2.07791	-0.39508384
1892371	8900	1.9535888	-0.47322142
1892371	8901	1.8803259	-0.5626269
1892371	8902	1.8791267	-0.68569016
1892371	8903	1.780445	-0.7266104
1892371	8904	0.34099787	-0.38999265
1892371	8905	0.21994823	1.515212
1892371	8906	0.30181807	1.4348102
1892371	8907	0.4321019	-0.33789903
1892371	8908	2.2137556	-0.1605734
1892371	8909	2.0529685	-0.4926319
1892371	8910	2.291479	-0.58077455
1892371	8911	1.9732805	-0.7708722
1892371	8912	0.5190741	-0.5081781
1892371	8913	0.33155447	1.2114959
1892371	8914	0.45778376	1.0211201
1892371	8915	0.57582295	-0.4978959
1892371	8916	2.4586024	-0.26648754
1892371	8917	2.1978197	-0.5269502
1892371	8918	2.3316941	-0.6670475
1892371	8919	2.0109377	-0.85217774
1892371	8920	1.6002825	-0.9532826
1892371	8921	1.4745073	-0.95584977
1892371	8922	1.5404493	-1.1209736
1892371	8923	1.676978	-1.1724719
1892371	8924	1.3350797	-1.0089399
1892371	8925	1.7583579	-1.3504195
1892371	8926	2.1019106	-1.5368185
1892371	8927	1.5034081	-1.1493155
1892371	8928	1.7557505	-1.452204
1892371	8929	1.715365	-1.455348
1892371	8930	1.5623904	-1.3264263
1892371	8931	1.7094687	-1.3844872
1892371	8932	1.6544954	-1.373651
1892371	8933	1.6966287	-1.4770797
1892371	8934	1.554439	-1.2647201
1892371	8935	2.0431132	-1.5557756
1892371	8936	1.8720802	-1.3882087
1892371	8937	1.8988298	-1.4442747
1892371	8938	1.8498825	-1.4570717
1892371	8939	1.9310514	-1.5333233
1892371	8940	1.4592673	-1.1736887
1892371	8941	1.7741112	-1.4250218
1892371	8942	2.0222816	-1.4374121
1892371	8943	1.5131868	-1.1434118
1892371	8944	1.3992065	-1.2313517
1892371	8945	1.2945664	-1.0876458
1892371	8946	1.6130835	-1.2507006
1892371	8947	1.5134743	-1.1751068
1892371	8948	1.6604599	-1.4126654
1892371	8949	1.3362573	-1.1312456
1892371	8950	1.5785707	-1.3870913
1892371	8951	1.4031477	-1.213267
1892371	8952	1.2262214	-1.2320248
1892371	8953	1.3253781	-1.2002662
1892371	8954	1.4960185	-1.2630035
1892371	8955	1.5331682	-1.23332
1892371	8956	1.3436358	-1.0464195
1892371	8957	1.24941	-1.1410257
1892371	8958	1.23149	-1.0644596
1892371	8959	1.5393447	-1.2112359
1892371	8960	1.4106749	-1.0960004
1892371	8961	1.4066485	-1.1224093
1892371	8962	1.4667664	-1.2297451
1892371	8963	1.4097756	-1.1315279
1892371	8964	1.5791904	-1.2525886
1892371	8965	1.6830021	-1.3582886
1892371	8966	1.4542838	-1.2487581
1892371	8967	1.7404946	-1.3966441
1892371	8968	1.4465271	-1.1063217
1892371	8969	1.390842	-1.2398788
1892371	8970	1.3346905	-1.1797631
1892371	8971	1.5215005	-1.3508091
1892371	8972	1.2632767	-1.0484251
1892371	8973	1.3692995	-1.2186497
1892371	8974	1.376561	-1.2988461
1892371	8975	1.4689397	-1.2838678
1892371	8976	1.4385432	-1.2617422
1892371	8977	1.2590196	-1.1551058
1892371	8978	1.4192003	-1.2761387
1892371	8979	1.59453	-1.328053
1892371	8980	1.447741	-1.2011837
1892371	8981	1.6086584	-1.3335257
1892371	8982	1.437378	-1.1781824
1892371	8983	1.3905082	-1.2367239
1892371	8984	1.3305941	-1.2342441
1892371	8985	1.4482721	-1.2936428
1892371	8986	1.3226184	-1.2948512
1892371	8987	1.6743647	-1.4753969
1892371	8988	1.5915366	-1.3287858
1892371	8989	1.4839896	-1.2736285
1892371	8990	1.4329205	-1.2088276
1892371	8991	1.2465932	-1.0349408
1892371	8992	1.1380922	-1.115844
1892371	8993	1.038028	-0.93614125
1892371	8994	1.0658298	-0.8817732
1892371	8995	1.350959	-1.2829034
1892371	8996	1.5629057	-1.3910508
1892371	8997	0.43903714	-1.388048
1892371	8998	-0.24209958	0.12472537
1892371	8999	-0.26614004	-0.074424535
1892371	9000	-0.2842502	-0.0683189
1892371	9001	0.6122191	-1.1884353
1892371	9002	-0.3640532	0.4049963
1892371	9003	-0.1619114	0.10441837
1892371	9004	-0.18708679	0.014466196
1892371	9005	-0.23934564	-0.002865851
1892371	9006	-0.28002012	0.15314534
1892371	9007	-0.16828325	-0.06439391
1892371	9008	-0.10076237	-0.17614296
1892371	9009	-0.08111733	-0.33776295
1892371	9010	0.07255924	-0.5006535
1892371	9011	0.26800907	-0.7795741
1892371	9012	0.82388353	-1.3271441
1892371	9013	0.6089288	-1.0450408
1892371	9014	0.53690577	-1.0605572
1892371	9015	0.49370456	-1.080763
1892371	9016	0.4599256	-1.0974022
1892371	9017	0.42749423	-1.1068523
1892371	9018	0.38203567	-1.0896611
1892371	9019	0.33979553	-1.0780892
1892371	9020	0.42165548	-1.18409
1892371	9021	0.8586807	-1.5183977
1892371	9022	0.96830094	-1.6065172
1892371	9023	1.0135235	-1.632754
1892371	9024	0.85546947	-1.487286
1892371	9025	0.73977196	-1.4187955
1892371	9026	-0.33461368	-0.3076938
1892371	9027	-0.14320123	-0.6211889
1892371	9028	-0.3711784	-0.2502442
1892371	9029	0.14260721	-0.91974485
1892371	9030	0.09701443	-0.83666
1892371	9031	0.035314858	-0.76740193
1892371	9032	0.11079401	-0.79976976
1892371	9033	0.2759713	-0.92643416
1892371	9034	0.10444319	-0.80261177
1892371	9035	0.68699	-1.4320776
1892371	9036	1.2977824	-1.7994543
1892371	9037	1.4580958	-1.7201796
1892371	9038	1.2525872	-1.5947585
1892371	9039	0.9345207	-1.4192368
1892371	9040	0.9477594	-1.459756
1892371	9041	1.030481	-1.6064475
1892371	9042	0.7283013	-1.3557307
1892371	9043	0.49640942	-1.0999906
1892371	9044	0.7886543	-1.4859973
1892371	9045	0.9111762	-1.4919635
1892371	9046	0.8509141	-1.4139248
1892371	9047	0.79890585	-1.3684459
1892371	9048	0.79139376	-1.3985529
1892371	9049	1.006507	-1.6366456
1892371	9050	1.129228	-1.7258968
1892371	9051	1.3066708	-1.757262
1892371	9052	1.0574934	-1.4579669
1892371	9053	1.0713387	-1.505889
1892371	9054	0.85979664	-1.458906
1892371	9055	0.8610399	-1.4548821
1892371	9056	0.33093148	-0.90936744
1892371	9057	-0.10328534	-0.41690058
1892371	9058	-0.38594818	-0.10964817
1892371	9059	-0.21960819	-0.47233185
1892371	9060	-0.21931425	-0.38439807
1892371	9061	-0.33220726	-0.15527064
1892371	9062	-0.6445019	0.22257885
1892371	9063	-0.8513648	0.3615729
1892371	9064	-1.2062435	0.9470433
1892371	9065	-1.2862276	1.1697365
1892371	9066	-1.0752492	0.7453276
1892371	9067	-1.10412	0.8168777
1892371	9068	-1.0242546	0.7000934
1892371	9069	-1.0782418	0.7307074
1892371	9070	-1.0012078	0.5419599
1892371	9071	-1.1137996	0.7444773
1892371	9072	-1.0181339	0.55435824
1892371	9073	-1.1456424	0.84511805
1892371	9074	-1.2437166	0.84020376
1892371	9075	-0.8195425	0.30822065
1892371	9076	-0.996853	0.61383474
1892371	9077	-0.8278693	0.24133888
1892371	9078	-0.78888285	0.16470823
1892371	9079	-1.0062721	0.44520655
1892371	9080	-0.99713904	0.44949648
1892371	9081	-0.98542166	0.4337633
1892371	9082	-0.9182661	0.37534484
1892371	9083	-0.8856363	0.3569878
1892371	9084	-0.88837683	0.2926701
1892371	9085	-0.83457804	0.24987778
1892371	9086	-0.771125	0.14768973
1892371	9087	-0.76697737	0.16182771
1892371	9088	-0.8896904	0.3813738
1892371	9089	-0.8594949	0.3185933
1892371	9090	-0.76554257	0.10655972
1892371	9091	-1.1426973	0.73981535
1892371	9092	-1.3753659	1.1681168
1892371	9093	-1.4654967	1.5473456
1892371	9094	-0.925501	0.6108422
1892371	9095	-0.6737617	0.15954563
1892371	9096	-0.8000655	0.45094398
1892371	9097	-1.1077533	0.778792
1892371	9098	-0.80538595	0.341274
1892371	9099	-0.6503923	0.1437467
1892371	9100	-0.35773194	-0.29412025
1892371	9101	-0.24757695	-0.40756595
1892371	9102	0.72782075	-1.3846055
1892371	9103	0.50050294	-0.8921312
1892371	9104	0.33230662	-0.75036263
1892371	9105	0.44424915	-0.94089293
1892371	9106	0.25547975	-0.66330546
1892371	9107	0.3757835	-0.8671072
1892371	9108	0.021973908	-0.49023336
1892371	9109	0.5407841	-1.171747
1892371	9110	0.56745934	-1.0836391
1892371	9111	0.8126782	-1.250654
1892371	9112	0.69715834	-1.1962432
1892371	9113	0.42591113	-0.8484906
1892371	9114	0.6513077	-1.1293235
1892371	9115	0.5236813	-1.0502809
1892371	9116	0.6281831	-1.1327909
1892371	9117	0.5261283	-1.15315
1892371	9118	0.23875576	-0.7354356
1892371	9119	0.4100052	-1.0154505
1892371	9120	0.8774569	-1.4424514
1892371	9121	0.88928175	-1.4638436
1892371	9122	0.75517726	-1.1817404
1892371	9123	0.6540402	-1.0931376
1892371	9124	0.59922266	-1.068295
1892371	9125	0.7751814	-1.1672941
1892371	9126	0.4648136	-0.9155222
1892371	9127	0.86081636	-1.3551117
1892371	9128	0.531983	-0.9440233
1892371	9129	0.5016327	-0.8843154
1892371	9130	0.75829375	-1.228502
1892371	9131	0.7905624	-1.1095891
1892371	9132	0.67573845	-0.9891006
1892371	9133	0.32936782	-0.69334614
1892371	9134	0.6569356	-1.2184879
1892371	9135	0.49245906	-0.868909
1892371	9136	0.6024201	-1.0643849
1892371	9137	0.67523456	-1.1372334
1892371	9138	0.8591025	-1.285226
1892371	9139	0.35713106	-0.632298
1892371	9140	0.65145266	-0.8710942
1892371	9141	0.13017976	-0.4931931
1892371	9142	0.13279492	-0.41862333
1892371	9143	0.48464566	-1.0299709
1892371	9144	0.121180296	-0.5633967
1892371	9145	0.3448071	-0.96028745
1892371	9146	0.32081383	-0.92115664
1892371	9147	0.44475025	-1.0004817
1892371	9148	0.645105	-1.1239219
1892371	9149	0.6927053	-1.0935538
1892371	9150	0.5025754	-0.9825944
1892371	9151	0.53867054	-1.0323356
1892371	9152	0.7165427	-1.164286
1892371	9153	0.60642445	-1.0455205
1892371	9154	0.7533984	-1.1797508
1892371	9155	0.7482245	-1.2051623
1892371	9156	0.48809803	-0.9961988
1892371	9157	0.675259	-1.252034
1892371	9158	1.2784607	-1.6688846
1892371	9159	0.7462293	-1.0354295
1892371	9160	0.7514348	-1.1896348
1892371	9161	0.8718232	-1.2827262
1892371	9162	0.68144584	-1.222476
1892371	9163	0.53940225	-1.0060414
1892371	9164	0.7171695	-1.2525698
1892371	9165	0.9149766	-1.4159195
1892371	9166	1.0395548	-1.46479
1892371	9167	1.2044848	-1.5473415
1892371	9168	1.660045	-1.8411654
1892371	9169	1.2268249	-1.4833132
1892371	9170	1.2562038	-1.5896608
1892371	9171	1.0483334	-1.3267865
1892371	9172	0.7427492	-1.1966324
1892371	9173	1.0886908	-1.4915066
1892371	9174	1.1566784	-1.4844873
1892371	9175	1.0227679	-1.3453685
1892371	9176	1.1216493	-1.4054149
1892371	9177	1.1961417	-1.544281
1892371	9178	1.2586092	-1.5355327
1892371	9179	1.4961597	-1.8119926
1892371	9180	0.72003007	-1.1260638
1892371	9181	0.9604604	-1.4713612
1892371	9182	0.8279892	-1.2192531
1892371	9183	0.59796023	-1.0353622
1892371	9184	0.803455	-1.3257941
1892371	9185	1.0084404	-1.4129288
1892371	9186	0.9651232	-1.3169985
1892371	9187	0.9964371	-1.3856133
1892371	9188	1.1871847	-1.5354266
1892371	9189	0.88716185	-1.2306621
1892371	9190	1.1273712	-1.5037141
1892371	9191	0.8560163	-1.23455
1892371	9192	0.9322791	-1.2802348
1892371	9193	0.9981791	-1.3560616
1892371	9194	1.0159719	-1.3198034
1892371	9195	0.9923854	-1.3681529
1892371	9196	0.8415767	-1.215471
1892371	9197	1.2266355	-1.5010844
1892371	9198	-0.22754306	-0.106615216
1892371	9199	-0.32245302	0.001773715
1892371	9200	-0.383108	0.29633996
1892371	9201	-0.38586596	0.3230482
1892371	9202	-0.42214352	0.39807007
1892371	9203	-0.42897934	0.33321097
1892371	9204	-0.4470035	0.36250648
1892371	9205	-0.4548242	0.31880096
1892371	9206	-0.4461559	0.27425066
1892371	9207	-0.44700113	0.30382398
1892371	9208	-0.468932	0.2765452
1892371	9209	-0.48199522	0.28912917
1892371	9210	-0.48555535	0.23475888
1892371	9211	-0.5690842	0.56926215
1892371	9212	-0.67083526	0.69131947
1892371	9213	-0.6807148	0.53384054
1892371	9214	-0.75417906	0.6743561
1892371	9215	-0.72990495	0.58943534
1892371	9216	-0.69536805	0.52016914
1892371	9217	-0.7614486	0.8297764
1892371	9218	-0.5842825	0.39457282
1892371	9219	-0.5409538	0.15425763
1892371	9220	-0.9570357	0.8477274
1892371	9221	-1.0031339	0.9590677
1892371	9222	-0.94337666	0.98637307
1892371	9223	-0.6487375	0.40558925
1892371	9224	-0.4865096	-0.056984007
1892371	9225	-0.6912566	0.40132913
1892371	9226	-0.4562742	-0.20167336
1892371	9227	-0.48553252	-0.065262675
1892371	9228	-0.5123179	-0.068056524
1892371	9229	-0.49039525	-0.19344729
1892371	9230	-0.6696481	0.2395812
1892371	9231	-0.779461	0.5074167
1892371	9232	-0.7407865	0.55445635
1892371	9233	-0.5244418	0.14228478
1892371	9234	-0.5837025	0.1094791
1892371	9235	-0.94235516	0.61829746
1892371	9236	-0.7226936	0.20857224
1892371	9237	-0.77691925	0.40782544
1892371	9238	-0.651613	0.28919867
1892371	9239	-0.9960358	0.72624195
1892371	9240	-0.62182415	0.23666105
1892371	9241	-0.6552615	0.04508415
1892371	9242	-0.6005269	0.02154854
1892371	9243	-0.4889197	-0.28367275
1892371	9244	-1.1936905	0.6258489
1892371	9245	-1.2777824	0.9868711
1892371	9246	-0.8590133	0.46269646
1892371	9247	-0.9057393	0.52126956
1892371	9248	-1.1664753	1.0224262
1892371	9249	-0.99474233	0.91479135
1892371	9250	-0.82983917	0.5525385
1892371	9251	-1.2913809	1.1763184
1892371	9252	-1.1301414	1.0373536
1892371	9253	-0.77989274	0.26962742
1892371	9254	-1.281384	1.0045408
1892371	9255	-1.55551	1.7412536
1892371	9256	-1.0228794	0.65088284
1892371	9257	-1.1964447	0.844473
1892371	9258	-1.0127126	0.66060925
1892371	9259	-1.2454205	1.0179027
1892371	9260	-1.1321521	0.79651856
1892371	9261	-1.1251113	0.78055143
1892371	9262	-1.0975828	0.71187246
1892371	9263	-1.0758221	0.667698
1892371	9264	-1.0120709	0.5678518
1892371	9265	-1.0768027	0.64977515
1892371	9266	-1.0478144	0.716493
1892371	9267	-0.9486435	0.50514436
1892371	9268	-0.96257293	0.5036706
1892371	9269	-0.9558596	0.4568427
1892371	9270	-0.96091795	0.4626533
1892371	9271	-1.0394034	0.7040349
1892371	9272	-0.9708958	0.5252719
1892371	9273	-0.9632638	0.49832729
1892371	9274	-0.9561695	0.45808896
1892371	9275	-1.0320246	0.67840445
1892371	9276	-1.0508728	0.80398536
1892371	9277	-0.955618	0.5476326
1892371	9278	-0.8832107	0.3913004
1892371	9279	-1.2885267	0.9524393
1892371	9280	-1.121809	0.95495903
1892371	9281	-0.8779191	0.5040976
1892371	9282	-0.82543063	0.3759968
1892371	9283	-1.3546445	1.1608636
1892371	9284	-0.92899835	0.78329575
1892371	9285	-1.1405544	0.99139154
1892371	9286	-1.0414276	0.72473836
1892371	9287	-1.0676913	1.0047139
1892371	9288	-1.1806009	1.1060326
1892371	9289	-1.2506101	1.2555108
1892371	9290	-1.167896	1.2121034
1892371	9291	-1.2680092	1.6139054
1892371	9292	-1.1086926	1.3424739
1892371	9293	-1.2287421	1.4775645
1892371	9294	-1.3773675	1.5987649
1892371	9295	-1.2242892	1.3147132
1892371	9296	-1.0713437	1.1945803
1892371	9297	-1.1364148	1.3716742
1892371	9298	-1.153847	1.1545494
1892371	9299	-1.1795803	1.3517177
1892371	9300	-1.1439493	1.1159987
1892371	9301	-1.0609417	0.97750926
1892371	9302	-1.2108283	1.1074543
1892371	9303	-1.2157063	1.3074148
1892371	9304	-1.0231323	0.9861821
1892371	9305	-1.148706	1.2807738
1892371	9306	-0.796335	0.5995102
1892371	9307	-0.6938396	0.26458195
1892371	9308	-1.1844006	0.86907387
1892371	9309	-1.2973776	1.2939129
1892371	9310	-1.0280669	0.97209597
1892371	9311	-0.9782355	0.9205353
1892371	9312	-0.9754677	0.93102574
1892371	9313	-0.7931283	0.6191273
1892371	9314	-0.8421962	0.30837038
1892371	9315	-1.0086472	0.6739626
1892371	9316	-0.99649197	0.7352077
1892371	9317	-1.0750926	1.0102682
1892371	9318	-0.9819965	0.8569031
1892371	9319	-1.0141371	0.9528415
1892371	9320	-0.71241325	0.57706034
1892371	9321	-0.87061894	0.74258757
1892371	9322	-0.57549524	0.18503395
1892371	9323	-0.9758798	0.68290913
1892371	9324	-0.84940755	0.68249214
1892371	9325	-0.866904	0.77040505
1892371	9326	-0.8723923	0.78450406
1892371	9327	-0.87507564	0.8043525
1892371	9328	-0.7061502	0.34175614
1892371	9329	-0.61520296	0.13084987
1892371	9330	-0.98045933	0.5934131
1892371	9331	-0.9671393	0.81209266
1892371	9332	-0.7037834	0.28163275
1892371	9333	-1.0355273	0.65707636
1892371	9334	-0.77461207	0.51875114
1892371	9335	-0.80142146	0.5337888
1892371	9336	-1.0127218	0.8278078
1892371	9337	-0.9781414	0.822958
1892371	9338	-0.9139554	0.79654825
1892371	9339	-0.73890543	0.4177483
1892371	9340	-0.9476856	0.83958805
1892371	9341	-0.9426211	0.8406373
1892371	9342	-0.92639554	0.86109924
1892371	9343	-1.0800458	1.1069362
1892371	9344	-1.0698628	1.1407855
1892371	9345	-0.7529286	0.57345974
1892371	9346	-1.0196302	0.87257123
1892371	9347	-0.72202444	0.66540504
1892371	9348	-0.6656973	0.38285217
1892371	9349	-0.8978834	0.5672791
1892371	9350	-0.7029882	0.33440122
1892371	9351	-1.0452625	0.6985786
1892371	9352	-0.7939288	0.5627676
1892371	9353	-0.85804904	0.572067
1892371	9354	-0.7442425	0.39290252
1892371	9355	-0.6592399	0.18335846
1892371	9356	-0.8139368	0.53339124
1892371	9357	-0.79386294	0.5877079
1892371	9358	-0.98350227	0.7711725
1892371	9359	-0.756577	0.35453454
1892371	9360	-1.1895506	0.8945408
1892371	9361	-1.2398341	1.1017753
1892371	9362	-1.2998953	1.3503046
1892371	9363	-1.1725821	1.0251635
1892371	9364	-1.3098392	1.3758816
1892371	9365	-1.1829472	1.0360632
1892371	9366	-1.1592429	0.88432026
1892371	9367	-1.3635807	1.3046132
1892371	9368	-1.4118106	1.6190097
1892371	9369	-1.3755811	1.4317672
1892371	9370	-1.3169241	1.1322486
1892371	9371	-1.3561107	1.1521235
1892371	9372	-1.3140357	1.0416603
1892371	9373	-1.556716	1.8766952
1892371	9374	-1.4860424	1.8556643
1892371	9375	-1.3150437	1.3102341
1892371	9376	-1.2550749	1.0907733
1892371	9377	-1.1874235	0.9674343
1892371	9378	-1.3092672	1.1279047
1892371	9379	-1.1815852	1.0809225
1892371	9380	-1.268369	1.1105657
1892371	9381	-1.2089928	1.0867271
1892371	9382	-1.2934068	1.14502
1892371	9383	-1.330586	1.2610382
1892371	9384	-1.2332094	1.1902083
1892371	9385	-1.1640882	0.9001589
1892371	9386	-0.893925	0.34740564
1892371	9387	-1.1991405	0.7113935
1892371	9388	-1.1438708	0.79704607
1892371	9389	-1.055251	0.6403965
1892371	9390	-1.18343	0.76553667
1892371	9391	-0.8503752	0.2499164
1892371	9392	-0.57439864	-0.14308691
1892371	9393	-0.91426504	0.24393812
1892371	9394	-0.9007319	0.29493424
1892371	9395	-0.8613987	0.23973474
1892371	9396	-1.0207713	0.47966525
1892371	9397	-1.021091	0.50982463
1892371	9398	-1.0052867	0.48626313
1892371	9399	-0.9356388	0.42307833
1892371	9400	-1.3267977	0.98540115
1892371	9401	-1.2474229	1.0168468
1892371	9402	-1.1839732	1.0135655
1892371	9403	-1.2112924	1.0286613
1892371	9404	-1.23897	1.4898355
1892371	9405	-1.4051187	1.615727
1892371	9406	-1.3133307	1.2655902
1892371	9407	-1.2519919	1.1781793
1892371	9408	-1.1738871	0.9699793
1892371	9409	-1.0192933	0.8431368
1892371	9410	-1.0720056	0.82958615
1892371	9411	-1.1602435	1.0707717
1892371	9412	-1.0180548	0.75963545
1892371	9413	-1.0484079	0.7962322
1892371	9414	-1.1651462	1.0794214
1892371	9415	-1.427388	1.3451904
1892371	9416	-1.3258073	1.2995756
1892371	9417	-1.3344164	1.2486854
1892371	9418	-1.0461087	0.76438224
1892371	9419	-1.2028779	1.0112103
1892371	9420	-1.302366	1.1363946
1892371	9421	-1.1711507	1.0793811
1892371	9422	-0.98642474	0.50340784
1892371	9423	-1.2631452	0.9475124
1892371	9424	-1.2706561	1.064147
1892371	9425	-1.0492582	0.6777545
1892371	9426	-1.392154	1.1460747
1892371	9427	-1.2010372	1.1081892
1892371	9428	-1.2451314	1.1805294
1892371	9429	-1.3488059	1.424806
1892371	9430	-1.327878	1.4096386
1892371	9431	-1.3473723	1.4465888
1892371	9432	-1.2586234	1.1717933
1892371	9433	-1.3216665	1.3305067
1892371	9434	-1.2508858	1.1246057
1892371	9435	-1.2657359	1.1003224
1892371	9436	-1.2779455	1.1008525
1892371	9437	-1.3121438	1.3126447
1892371	9438	-1.2342337	1.0763055
1892371	9439	-1.2132094	0.98051536
1892371	9440	-1.2608186	1.0355326
1892371	9441	-1.2752875	1.2287034
1892371	9442	-1.2250149	1.0324855
1892371	9443	-1.2318864	0.9950646
1892371	9444	-1.29255	1.2142473
1892371	9445	-1.1225853	0.9797478
1892371	9446	-1.1677091	0.9301499
1892371	9447	-1.1594869	0.9776894
1892371	9448	-1.1677343	0.9234476
1892371	9449	-1.1039484	0.7585151
1892371	9450	-1.1689632	0.85224795
1892371	9451	-1.3377936	1.2625352
1892371	9452	-0.966779	0.6906942
1892371	9453	-1.2083044	0.90529656
1892371	9454	-1.2693169	1.0680281
1892371	9455	-1.0095935	0.6559044
1892371	9456	-1.0489621	0.6103672
1892371	9457	-1.0740287	0.7674825
1892371	9458	-1.286733	1.1681261
1892371	9459	-1.4013453	1.4298404
1892371	9460	-1.3241329	1.36344
1892371	9461	-1.2738665	1.129734
1892371	9462	-1.4017234	1.306049
1892371	9463	-1.4128766	1.2804468
1892371	9464	-1.3773546	1.1873399
1892371	9465	-1.3799096	1.2641655
1892371	9466	-1.3367538	1.2287891
1892371	9467	-1.3079213	1.116623
1892371	9468	-1.3797743	1.1627445
1892371	9469	0.51335704	-1.3697053
1892371	9470	0.6800709	-1.2587235
1892371	9471	0.6855322	-1.3002326
1892371	9472	0.32743806	-1.050899
1892371	9473	0.36529464	-1.1860718
1892371	9474	0.64632916	-1.4050043
1892371	9475	0.5987892	-1.3096007
1892371	9476	0.546841	-1.2878783
1892371	9477	0.49395227	-1.2601519
1892371	9478	-0.0927299	-0.77254856
1892371	9479	-0.32071587	-0.6287521
1892371	9480	-0.38378736	-0.59486616
1892371	9481	-0.44287258	-0.52800965
1892371	9482	-0.7717538	-0.13615456
1892371	9483	-0.7708514	-0.12499809
1892371	9484	-0.7211591	-0.18236884
1892371	9485	-0.7002981	-0.19710901
1892371	9486	-1.0130324	0.24982443
1892371	9487	-0.95937014	0.23539516
1892371	9488	-0.94023645	0.2568198
1892371	9489	-0.9004272	0.20151392
1892371	9490	-0.8763486	0.15912858
1892371	9491	-0.9563656	0.27343372
1892371	9492	-0.9043552	0.2770202
1892371	9493	-1.061796	0.47511587
1892371	9494	-0.93911684	0.3385931
1892371	9495	-0.85047483	0.16644844
1892371	9496	-0.7865785	0.09867111
1892371	9497	-0.77916706	0.12492207
1892371	9498	-0.84608746	0.23128346
1892371	9499	-0.7968068	0.14275822
1892371	9500	-0.9643538	0.455829
1892371	9501	-0.8707362	0.3653539
1892371	9502	-0.8113259	0.3744934
1892371	9503	-0.7338434	0.1806654
1892371	9504	-0.70876884	0.22802642
1892371	9505	-0.76142555	0.21357974
1892371	9506	-0.79322344	0.30663934
1892371	9507	-0.65618396	0.12346873
1892371	9508	-0.6007112	0.08659354
1892371	9509	-0.16241732	-0.5914113
1892371	9510	-0.29373652	-0.47438785
1892371	9511	-0.54118055	-0.1919201
1892371	9512	-0.42067322	-0.3539331
1892371	9513	-0.43595025	-0.3875516
1892371	9514	-0.4854308	-0.23184691
1892371	9515	-0.49852026	-0.029880702
1892371	9516	-0.12542206	-0.64310545
1892371	9517	-0.31213254	-0.41775322
1892371	9518	-0.3778272	-0.34853965
1892371	9519	-0.49919477	-0.1809873
1892371	9520	-0.95325124	0.6123338
1892371	9521	-0.769644	0.25014034
1892371	9522	-1.0713022	0.68259573
1892371	9523	-0.9430964	0.39357933
1892371	9524	-0.7868618	0.13682052
1892371	9525	-0.6144433	-0.033686996
1892371	9526	-0.38428104	-0.5038664
1892371	9527	-0.6384038	-0.2533354
1892371	9528	-0.501449	-0.27400762
1892371	9529	-0.30192524	-0.53979856
1892371	9530	-0.2847035	-0.53714955
1892371	9531	-0.38506934	-0.46672574
1892371	9532	-0.23124737	-0.50465995
1892371	9533	-0.33464175	-0.45287862
1892371	9534	-0.84742033	0.37362358
1892371	9535	-0.79888934	0.20256582
1892371	9536	-0.72359717	-0.05140069
1892371	9537	-0.6549909	-0.18332914
1892371	9538	-0.9541591	0.33181033
1892371	9539	-0.6621871	-0.19315252
1892371	9540	-0.9416445	0.07532719
1892371	9541	-0.74394345	-0.10176006
1892371	9542	-0.94054145	0.13374618
1892371	9543	-0.7688377	0.039548874
1892371	9544	-0.5578373	-0.3627708
1892371	9545	-0.62069976	-0.30165017
1892371	9546	-0.4199611	-0.46748608
1892371	9547	-0.69311005	-0.23527582
1892371	9548	-0.3677804	-0.5176889
1892371	9549	-0.68021774	-0.15569577
1892371	9550	-0.99975383	0.3683739
1892371	9551	-0.7569859	0.031289905
1892371	9552	-0.5078685	-0.3704367
1892371	9553	-0.53448063	-0.32860017
1892371	9554	-0.41980407	-0.51197845
1892371	9555	-0.72918063	-0.22730789
1892371	9556	-0.6564686	-0.2176129
1892371	9557	-0.6986425	-0.021567076
1892371	9558	-0.8020754	0.1643531
1892371	9559	-0.8251728	0.13124618
1892371	9560	-0.77672064	0.3305417
1892371	9561	-0.7075239	-0.08917856
1892371	9562	-0.72708493	-0.049866438
1892371	9563	-0.7996193	0.35666475
1892371	9564	-0.78589714	0.26476458
1892371	9565	-0.8474474	0.2990087
1892371	9566	-0.87538666	0.3174624
1892371	9567	-0.77805454	0.10461566
1892371	9568	-0.7589456	0.12264636
1892371	9569	-0.75080097	0.3068901
1892371	9570	-0.5337184	-0.18527123
1892371	9571	-0.49196014	-0.23787883
1892371	9572	-0.40202978	-0.50249046
1892371	9573	-0.3260079	-0.6031773
1892371	9574	-0.14132601	-0.9267203
1892371	9575	-0.21453652	-0.8124218
1892371	9576	-0.15173379	-0.9003452
1892371	9577	-0.18937045	-0.86829823
1892371	9578	-0.23272246	-0.86105
1892371	9579	-0.044594675	-1.0480644
1892371	9580	-0.1599429	-0.9254416
1892371	9581	-0.38534477	-0.66907454
1892371	9582	-0.70294714	0.04615131
1892371	9583	-0.60423756	-0.33814195
1892371	9584	-0.5432057	-0.3221596
1892371	9585	-0.87942857	0.07163635
1892371	9586	-0.6876573	-0.22374389
1892371	9587	-0.61558664	-0.4125097
1892371	9588	-0.50829977	-0.41177785
1892371	9589	-0.4724079	-0.37544775
1892371	9590	-0.7382363	-0.18274394
1892371	9591	-0.52919513	-0.335456
1892371	9592	-0.3172356	-0.5517778
1892371	9593	-0.67574906	-0.2665099
1892371	9594	-0.55433637	-0.3083645
1892371	9595	-0.6876818	-0.0061729252
1892371	9596	-0.9235841	0.39769444
1892371	9597	-0.856352	0.2912676
1892371	9598	-0.62942874	-0.025287628
1892371	9599	-0.7096103	-0.11503446
1892371	9600	-0.70204556	-0.09754458
1892371	9601	-0.8180931	0.15511659
1892371	9602	-0.7091243	-0.07064587
1892371	9603	-0.39044973	-0.4357754
1892371	9604	-0.6357118	-0.24371777
1892371	9605	-0.4789023	-0.32615906
1892371	9606	-0.47685313	-0.38415343
1892371	9607	-0.43509382	-0.38006878
1892371	9608	-0.4196385	-0.18779275
1892371	9609	-0.43993792	-0.32620955
1892371	9610	-0.50807923	-0.19347292
1892371	9611	-0.4282078	-0.105395555
1892371	9612	-0.53230315	-0.15462172
1892371	9613	-0.5176439	-0.12697464
1892371	9614	-0.67654157	0.09417203
1892371	9615	-0.8073746	0.21652642
1892371	9616	-0.5867143	-0.006990075
1892371	9617	-0.6957787	0.114206284
1892371	9618	-0.5333705	-0.1340974
1892371	9619	-0.2593869	-0.46488452
1892371	9620	-0.43024123	-0.33989638
1892371	9621	-0.2884368	-0.58933
1892371	9622	-0.28853017	-0.64555097
1892371	9623	-0.5182312	-0.19971362
1892371	9624	-0.45774332	-0.09770468
1892371	9625	-0.34423104	-0.3770138
1892371	9626	-0.37865567	-0.2566654
1892371	9627	-0.22262952	-0.47687575
1892371	9628	-0.49107867	-0.26239517
1892371	9629	-0.458338	-0.2011101
1892371	9630	-0.39220998	-0.22932097
1892371	9631	-0.49928147	-0.28905323
1892371	9632	-0.48164874	-0.2163961
1892371	9633	-0.2651974	-0.46194735
1892371	9634	-0.30124623	-0.6001604
1892371	9635	-0.29261255	-0.6955797
1892371	9636	-0.025627822	-0.8941964
1892371	9637	0.15383917	-1.1613815
1892371	9638	-0.25672078	-0.7919296
1892371	9639	-0.14071438	-0.7886597
1892371	9640	-0.14054099	-0.68414664
1892371	9641	-0.13317427	-0.67072374
1892371	9642	-0.3810349	-0.3409102
1892371	9643	-0.18191922	-0.4814269
1892371	9644	-0.26142403	-0.4083674
1892371	9645	-0.20464998	-0.55200046
1892371	9646	-0.25731733	-0.5302298
1892371	9647	-0.25894225	-0.51850194
1892371	9648	-0.35850918	-0.34783214
1892371	9649	-0.3195534	-0.39600337
1892371	9650	-0.39804044	-0.36697623
1892371	9651	-0.6395515	0.10872927
1892371	9652	-0.5548145	0.0008225143
1892371	9653	-0.4979475	-0.056657076
1892371	9654	-0.7161077	0.096336395
1892371	9655	-0.60960376	0.012529552
1892371	9656	-0.53881073	-0.098654926
1892371	9657	-0.7328093	0.2097216
1892371	9658	-0.540534	-0.07539797
1892371	9659	-0.55787295	-0.097135276
1892371	9660	-0.5478467	-0.05366054
1892371	9661	-0.5387299	-0.11065391
1892371	9662	-0.45508692	-0.30355585
1892371	9663	-0.6057898	-0.16912276
1892371	9664	-0.6571375	-0.09028727
1892371	9665	-0.61131865	-0.10742569
1892371	9666	-0.5691063	-0.33473748
1892371	9667	-0.5913891	-0.3440161
1892371	9668	-0.7341836	-0.15061334
1892371	9669	-0.43881243	-0.37242746
1892371	9670	-0.693512	-0.21945852
1892371	9671	-0.64739335	-0.15218198
1892371	9672	-0.43513057	-0.45578188
1892371	9673	-0.13865975	-0.79084647
1892371	9674	-0.69921076	-0.16532722
1892371	9675	-0.98732674	0.4710954
1892371	9676	-0.6828973	-0.08094692
1892371	9677	-0.7684115	0.19534996
1892371	9678	-0.659118	-0.08971369
1892371	9679	-0.7449282	0.016851872
1892371	9680	-0.8129143	0.06639895
1892371	9681	-0.9204738	0.15279928
1892371	9682	-0.7372511	0.024565518
1892371	9683	-0.64987636	-0.10586929
1892371	9684	-0.61558396	-0.18748966
1892371	9685	-0.8051573	0.033670515
1892371	9686	-0.65482163	-0.027157933
1892371	9687	-0.73315406	0.07133898
1892371	9688	-0.76893264	0.13177374
1892371	9689	-0.5892786	0.00095516443
1892371	9690	-0.679972	-0.052767545
1892371	9691	-0.36904538	-0.42744654
1892371	9692	-0.33542663	-0.41059312
1892371	9693	-0.44742122	-0.33051205
1892371	9694	-0.31716394	-0.54590064
1892371	9695	-0.04559356	-0.93599063
1892371	9696	-0.54552436	-0.37977234
1892371	9697	-0.5445588	-0.36913234
1892371	9698	-0.26997992	-0.5575499
1892371	9699	-0.1190187	-0.6889518
1892371	9700	-0.26591644	-0.6485769
1892371	9701	-0.5544019	-0.32524207
1892371	9702	-0.697738	0.16638598
1892371	9703	-0.62164754	0.051881224
1892371	9704	-0.7636981	0.043846816
1892371	9705	-0.7134985	0.06700376
1892371	9706	-0.54151577	-0.19664875
1892371	9707	-0.56761795	-0.14768434
1892371	9708	-0.5806917	-0.16554618
1892371	9709	-0.598803	-0.03151694
1892371	9710	-1.0017319	0.6797919
1892371	9711	-1.0760636	0.8653356
1892371	9712	-1.3681285	1.3320515
1892371	9713	-1.1832438	0.92988
1892371	9714	-1.2593435	1.1369117
1892371	9715	-1.1404269	0.8573657
1892371	9716	-1.0582943	0.47407427
1892371	9717	-0.9496583	0.31005105
1892371	9718	-1.0172583	0.21939507
1892371	9719	-0.9540993	0.31398645
1892371	9720	-1.15276	0.6020045
1892371	9721	-0.83668494	0.17453584
1892371	9722	-1.0339214	0.40479264
1892371	9723	-0.61071444	-0.23916896
1892371	9724	-0.7300198	-0.012023091
1892371	9725	-0.6684272	-0.08983219
1892371	9726	-0.68744314	-0.10992408
1892371	9727	-0.39658785	-0.35881656
1892371	9728	-0.49310654	-0.3883346
1892371	9729	-0.8518658	0.20668688
1892371	9730	-0.4558733	-0.2110068
1892371	9731	0.09654105	-1.0006981
1892371	9732	0.013458848	-0.992121
1892371	9733	0.17400748	-1.1107984
1892371	9734	0.14507121	-1.1257634
1892371	9735	0.013433039	-0.9641861
1892371	9736	-0.39009938	-0.47514904
1892371	9737	-0.38613772	-0.3968027
1892371	9738	-0.62985533	-0.18850529
1892371	9739	-0.61480093	-0.17179406
1892371	9740	-0.74850506	0.1957629
1892371	9741	-0.6560838	0.1184881
1892371	9742	-0.42174673	-0.1709069
1892371	9743	-0.39876407	-0.3090973
1892371	9744	-0.36612123	-0.4317518
1892371	9745	-0.35610706	-0.4622782
1892371	9746	-0.36750937	-0.48496476
1892371	9747	-0.41186386	-0.44739655
1892371	9748	-0.44357815	-0.43168443
1892371	9749	-0.41149974	-0.46017802
1892371	9750	-0.4126399	-0.4782272
1892371	9751	-0.4109574	-0.4912107
1892371	9752	-0.58363146	-0.26061696
1892371	9753	-0.45447016	-0.3697533
1892371	9754	-0.59951454	-0.22893333
1892371	9755	-0.62448895	-0.13219467
1892371	9756	-0.46569034	-0.30651477
1892371	9757	-0.40174785	-0.39803687
1892371	9758	-0.28148764	-0.6138197
1892371	9759	-0.34094095	-0.5796848
1892371	9760	-0.18695492	-0.7049111
1892371	9761	0.292145	-1.2016977
1892371	9762	0.17229742	-1.1396166
1892371	9763	0.18593794	-1.0941656
1892371	9764	0.06943798	-0.98623085
1892371	9765	-0.2726066	-0.5922155
1892371	9766	-0.24036536	-0.5724898
1892371	9767	-0.33204764	-0.5436002
1892371	9768	-0.3112405	-0.5147721
1892371	9769	1.3940657	-1.4806736
1892371	9770	2.0299125	-1.8085233
1892371	9771	1.7271041	-1.5937902
1892371	9772	1.6680328	-1.6137327
1892371	9773	1.2564619	-1.3657014
1892371	9774	1.0338844	-1.2813169
1892371	9775	0.8202752	-1.1622646
1892371	9776	0.6861632	-1.1325032
1892371	9777	0.4278921	-0.96339154
1892371	9778	0.4176479	-1.0272971
1892371	9779	0.3552997	-0.97673917
1892371	9780	0.3684762	-1.001733
1892371	9781	0.2024858	-0.8343114
1892371	9782	0.23148787	-0.91234756
1892371	9783	0.21519238	-0.86197555
1892371	9784	0.15586877	-0.8105173
1892371	9785	0.15319145	-0.82822895
1892371	9786	0.11110282	-0.77388495
1892371	9787	0.10166657	-0.77652615
1892371	9788	0.10512668	-0.78585494
1892371	9789	0.28574085	-0.96104705
1892371	9790	0.1625306	-0.8205633
1892371	9791	0.38251537	-1.091294
1892371	9792	0.21697056	-0.8759936
1892371	9793	0.01665169	-0.703004
1892371	9794	0.14060873	-0.8509548
1892371	9795	0.18714553	-0.84241474
1892371	9796	0.40891522	-1.068139
1892371	9797	0.6855669	-1.267153
1892371	9798	0.84280944	-1.2987752
1892371	9799	1.0500915	-1.4745315
1892371	9800	1.4273862	-1.7220907
1892371	9801	1.4029076	-1.6676219
1892371	9802	1.6186978	-1.8352667
1892371	9803	1.5119363	-1.7539402
1892371	9804	1.2231579	-1.5944077
1892371	9805	1.2325709	-1.596405
1892371	9806	1.2670206	-1.6028155
1892371	9807	1.1433913	-1.4756446
1892371	9808	0.86234736	-1.2861317
1892371	9809	0.059368074	-0.60257643
1892371	9810	0.075630546	-0.65140426
1892371	9811	0.34456855	-0.90697265
1892371	9812	0.35626197	-0.85825235
1892371	9813	0.37913394	-0.8969575
1892371	9814	0.45323676	-0.9584916
1892371	9815	0.3478269	-0.84338367
1892371	9816	0.35909152	-0.8771758
1892371	9817	0.38228822	-0.89416176
1892371	9818	0.4037649	-0.9209142
1892371	9819	0.5580698	-1.0572003
1892371	9820	0.79149497	-1.2102759
1892371	9821	0.8935604	-1.2490035
1892371	9822	0.89182603	-1.2315749
1892371	9823	0.71907115	-1.1006777
1892371	9824	0.802847	-1.2387736
1892371	9825	0.7395009	-1.064797
1892371	9826	0.5298418	-0.9262608
1892371	9827	0.25319976	-0.7977638
1892371	9828	0.7813878	-1.2504182
1892371	9829	0.93659854	-1.1717184
1892371	9830	0.9473779	-1.0014386
1892371	9831	2.1014423	-1.5598191
1892371	9832	1.0566667	-0.8092289
1892371	9833	0.9103254	-1.0906773
1892371	9834	0.7917974	-1.0923356
1892371	9835	0.32522118	-0.74576044
1892371	9836	0.22025603	-0.68428063
1892371	9837	-0.12995091	-0.327858
1892371	9838	-0.022972316	-0.53887635
1892371	9839	0.077791095	-0.63449943
1892371	9840	0.032058895	-0.61214715
1892371	9841	-0.013421774	-0.51760405
1892371	9842	-0.03087011	-0.5196532
1892371	9843	-0.021053344	-0.57757753
1892371	9844	-0.032809287	-0.5300974
1892371	9845	-0.04887733	-0.5418013
1892371	9846	-0.040105313	-0.5527499
1892371	9847	0.01914233	-0.61795163
1892371	9848	0.016066372	-0.5870869
1892371	9849	-0.052330643	-0.5201832
1892371	9850	0.09624487	-0.74207985
1892371	9851	-0.20932516	-0.34953555
1892371	9852	-0.56115705	0.065767854
1892371	9853	-0.93178374	0.605834
1892371	9854	-0.8222984	0.60781527
1892371	9855	-0.8569818	0.61149335
1892371	9856	-0.86786586	0.65349436
1892371	9857	-0.84583044	0.56468
1892371	9858	-0.6253218	0.10535315
1892371	9859	-0.8612376	0.54279995
1892371	9860	-0.4444828	-0.12164649
1892371	9861	0.020768344	-0.6627671
1892371	9862	-0.20169336	-0.26409817
1892371	9863	-0.21620998	-0.36155838
1892371	9864	0.3301069	-0.92287326
1892371	9865	0.43841195	-0.87148035
1892371	9866	0.53624964	-0.9251484
1892371	9867	0.9301585	-1.3198767
1892371	9868	1.320608	-1.4446715
1892371	9869	1.1106226	-1.2817602
1892371	9870	0.61989284	-0.9183307
1892371	9871	0.2968372	-0.7528161
1892371	9872	-0.011552334	-0.43251815
1892371	9873	-0.5234783	0.18301246
1892371	9874	0.1056751	-0.6754075
1892371	9875	-0.58617955	0.20124945
1892371	9876	-0.555562	0.073895186
1892371	9877	-0.41778615	-0.023576617
1892371	9878	0.4913695	-1.0882298
1892371	9879	-0.0012754202	-0.43851548
1892371	9880	-0.031072706	-0.4184974
1892371	9881	-0.12188175	-0.379981
1892371	9882	-0.09578398	-0.41360968
1892371	9883	-0.06662652	-0.43950206
1892371	9884	-0.14913198	-0.29842848
1892371	9885	-0.27317035	-0.20835546
1892371	9886	-0.22852379	-0.33710834
1892371	9887	-0.11121768	-0.4872278
1892371	9888	0.033258736	-0.6628804
1892371	9889	0.30970973	-0.86339855
1892371	9890	0.0053647757	-0.51008767
1892371	9891	-0.23391196	-0.323297
1892371	9892	-0.4980231	0.019404203
1892371	9893	-0.22189116	-0.37475803
1892371	9894	-0.02894488	-0.5733931
1892371	9895	0.15956819	-0.6910747
1892371	9896	0.10437894	-0.61943847
1892371	9897	0.19142163	-0.74313754
1892371	9898	-0.13574839	-0.3652138
1892371	9899	-0.47098318	-0.07638955
1892371	9900	-0.20514831	-0.3880713
1892371	9901	0.13676757	-0.78201365
1892371	9902	1.3600518	-1.7763784
1892371	9903	1.5797187	-1.673795
1892371	9904	1.3261112	-1.2892324
1892371	9905	1.2236843	-1.3564832
1892371	9906	1.0262303	-1.266918
1892371	9907	1.1690212	-1.3710165
1892371	9908	1.2284105	-1.4337664
1892371	9909	0.91201174	-1.1100965
1892371	9910	1.0436963	-1.381693
1892371	9911	0.807039	-1.2412442
1892371	9912	1.033758	-1.3944463
1892371	9913	1.8647257	-1.7605944
1892371	9914	1.3995736	-1.603408
1892371	9915	1.5528442	-1.72154
1892371	9916	1.6322736	-1.7258332
1892371	9917	1.0958078	-1.3460804
1892371	9918	1.0459834	-1.3506539
1892371	9919	1.4707913	-1.7137023
1892371	9920	1.5661222	-1.5901153
1892371	9921	1.465095	-1.5259053
1892371	9922	1.2236748	-1.5072383
1892371	9923	1.1177285	-1.3457956
1892371	9924	1.0326035	-1.3301886
1892371	9925	1.1429754	-1.4066418
1892371	9926	0.6980196	-1.166857
1892371	9927	1.043074	-1.394441
1892371	9928	0.68330705	-0.96658766
1892371	9929	0.744148	-1.0563023
1892371	9930	0.4542542	-1.0592331
1892371	9931	0.74665487	-1.3032969
1892371	9932	0.9846946	-1.3582088
1892371	9933	0.3598374	-1.871773
1892371	9934	0.32730973	-2.0082028
1892371	9935	0.96777	-1.4514233
1892371	9936	1.4183744	-1.6893811
1892371	9937	1.7522174	-1.8734571
1892371	9938	1.8628956	-1.9375442
1892371	9939	1.6560882	-1.8125387
1892371	9940	1.7005125	-1.9120437
1892371	9941	1.6237212	-1.8355635
1892371	9942	1.6291927	-1.8657273
1892371	9943	1.5072514	-1.7834682
1892371	9944	1.381207	-1.7268937
1892371	9945	1.6283764	-1.8862598
1892371	9946	2.250431	-2.2293928
1892371	9947	2.1349263	-2.0841918
1892371	9948	2.0969481	-2.024537
1892371	9949	2.5742078	-2.3079717
1892371	9950	2.5129094	-2.2185016
1892371	9951	2.3220701	-2.9656754
1892371	9952	2.5102806	-3.2520432
1892371	9953	0.5788032	-1.8069547
1892371	9954	0.15073007	-1.1474129
1892371	9955	0.1963054	-1.1665206
1892371	9956	0.23432064	-1.1471955
1892371	9957	0.22842562	-1.1339028
1892371	9958	0.19937944	-1.1009662
1892371	9959	0.15923649	-1.0607867
1892371	9960	0.15705091	-1.0662657
1892371	9961	0.07046884	-0.94621545
1892371	9962	0.16177028	-1.1177939
1892371	9963	0.06578964	-1.0005913
1892371	9964	0.3605579	-1.282931
1892371	9965	1.010706	-1.8979175
1892371	9966	1.1694994	-1.7744955
1892371	9967	1.1889309	-1.630363
1892371	9968	0.93480754	-1.5729245
1892371	9969	0.8911313	-1.6436461
1892371	9970	0.76560915	-1.540135
1892371	9971	0.5809041	-1.3944112
1892371	9972	0.47808576	-1.2895911
1892371	9973	0.8074472	-1.6305926
1892371	9974	0.6872405	-1.4717586
1892371	9975	0.69023263	-1.5431039
1892371	9976	0.860703	-1.6571629
1892371	9977	0.09424883	-0.93353
1892371	9978	-0.6336174	-0.22273743
1892371	9979	-0.63454735	-0.24657413
1892371	9980	-0.8198163	0.04745111
1892371	9981	-0.7930441	0.014717579
1892371	9982	-0.38047308	-0.46444795
1892371	9983	-0.27344346	-0.564724
1892371	9984	-0.8144294	0.122223705
1892371	9985	-0.74422437	-0.055013478
1892371	9986	-0.78555536	0.116588384
1892371	9987	-0.8945426	0.15097967
1892371	9988	-0.8443898	0.1674712
1892371	9989	-0.5748259	-0.28375125
1892371	9990	-0.68572587	0.032566607
1892371	9991	-0.70793635	-0.07223809
1892371	9992	-0.7394848	0.057758123
1892371	9993	-0.97218764	0.42525503
1892371	9994	-0.92906654	0.3781897
1892371	9995	-0.8941878	0.2624171
1892371	9996	-0.8516284	0.26949778
1892371	9997	-0.68850327	-0.010647088
1892371	9998	-0.9286114	0.21832874
1892371	9999	-0.7841977	0.09560445
1892371	10000	-0.74946344	0.13965562
1892371	10001	-0.7670598	0.17014137
1892371	10002	-0.75877595	0.17376855
1892371	10003	-0.94369656	0.46036795
1892371	10004	-0.70677847	0.04068896
1892371	10005	-0.75120384	0.18321076
1892371	10006	-0.31931728	-0.5041552
1892371	10007	-0.25485295	-0.4971859
1892371	10008	-0.28845692	-0.4674541
1892371	10009	-0.6996425	0.05535242
1892371	10010	-0.81523824	0.37129673
1892371	10011	-0.8090372	0.3888562
1892371	10012	-0.8694822	0.49425092
1892371	10013	-1.2947769	1.0395092
1892371	10014	-1.1562569	1.0637901
1892371	10015	-1.3576272	1.320884
1892371	10016	-1.1929647	0.98505735
1892371	10017	-0.9367472	0.48898914
1892371	10018	-0.9639841	0.37536207
1892371	10019	-1.0351524	0.46030447
1892371	10020	-0.8462446	0.15285644
1892371	10021	-0.6670399	-0.19538835
1892371	10022	-0.12004262	-0.7498927
1892371	10023	-0.12268403	-0.66698796
1892371	10024	-0.37791866	-0.41448033
1892371	10025	-0.38680267	-0.40472063
1892371	10026	-0.0150176585	-0.8390993
1892371	10027	-0.0028535724	-0.6578694
1892371	10028	0.13259315	-0.8743886
1892371	10029	0.081710815	-0.83778435
1892371	10030	-0.10634261	-0.528255
1892371	10031	-0.05763018	-0.5475446
1892371	10032	0.018936872	-0.60704774
1892371	10033	-0.3432863	-0.18432584
1892371	10034	-0.30368292	-0.2618322
1892371	10035	-0.2105372	-0.3739601
1892371	10036	-0.53199327	0.022120088
1892371	10037	-0.47516137	-0.081470996
1892371	10038	-0.37862724	-0.20523864
1892371	10039	-0.67969656	0.18013957
1892371	10040	-0.61298126	0.062102586
1892371	10041	-0.511875	-0.07251996
1892371	10042	-0.7964403	0.3048065
1892371	10043	-0.7207631	0.1740134
1892371	10044	-0.6308765	0.05057612
1892371	10045	-1.0639818	0.6813036
1892371	10046	-1.4182886	1.0885142
1892371	10047	-1.3416706	1.0738664
1892371	10048	-1.3420746	1.023776
1892371	10049	-1.5267466	1.3220537
1892371	10050	-1.4290771	1.2129447
1892371	10051	-1.4776068	1.266415
1892371	10052	-1.5463789	1.3953582
1892371	10053	-1.4355173	1.1939886
1892371	10054	-1.52455	1.4254062
1892371	10055	-1.5049813	1.3979354
1892371	10056	-1.0328445	0.5576184
1892371	10057	-1.3183088	0.8543829
1892371	10058	-1.2664059	1.1197395
1892371	10059	-1.0475705	0.6482779
1892371	10060	-1.3276355	0.99317884
1892371	10061	-1.2008638	0.8292321
1892371	10062	-1.1778991	0.939991
1892371	10063	-1.3000436	0.905962
1892371	10064	-1.3034542	0.99383545
1892371	10065	-1.2611972	1.1186126
1892371	10066	-1.1464221	0.8607017
1892371	10067	-1.0349991	0.6621071
1892371	10068	-1.0937836	0.64863145
1892371	10069	-1.283222	1.1134714
1892371	10070	-1.0983162	0.685858
1892371	10071	-1.3662078	1.3923076
1892371	10072	-1.0469106	0.85047174
1892371	10073	-0.9558757	0.58875
1892371	10074	-1.1978061	0.8532009
1892371	10075	-1.0702021	0.8120979
1892371	10076	-1.1542196	0.90017843
1892371	10077	-1.2316142	0.9862803
1892371	10078	-1.1525407	0.9181813
1892371	10079	-1.0823896	0.8411013
1892371	10080	-0.90780663	0.6103562
1892371	10081	-0.950217	0.5198084
1892371	10082	-1.2170182	0.8779969
1892371	10083	-1.3335471	1.3235596
1892371	10084	-1.4254483	1.5502551
1892371	10085	-1.5910432	1.7691286
1892371	10086	-1.3230083	1.2254919
1892371	10087	-1.1614993	0.9992746
1892371	10088	-1.186085	0.9029403
1892371	10089	-1.4318225	1.3270944
1892371	10090	-1.2676947	1.2138575
1892371	10091	-1.2022865	1.1437905
1892371	10092	-1.294802	1.1050445
1892371	10093	-1.3282053	1.0093279
1892371	10094	-1.0732477	0.48931685
1892371	10095	-1.0615604	0.6184391
1892371	10096	-0.9372531	0.5095383
1892371	10097	-0.9283532	0.5738946
1892371	10098	-0.7757168	0.24161008
1892371	10099	-1.1938438	0.78884065
1892371	10100	-1.1009098	0.9060781
1892371	10101	-0.92521435	0.8549681
1892371	10102	-1.0761789	0.81605196
1892371	10103	-0.9742676	0.6695365
1892371	10104	-1.1244828	0.9139911
1892371	10105	-0.9849576	0.40190968
1892371	10106	-0.90857184	0.48634717
1892371	10107	-0.9166719	0.48813275
1892371	10108	-0.94057834	0.45319477
1892371	10109	-0.90226066	0.50117576
1892371	10110	-0.11969742	-1.0120889
1892371	10111	1.6955565	-0.8550942
1892371	10112	1.5650584	-0.89389944
1892371	10113	0.02001071	-0.4344776
1892371	10114	-0.20965669	-0.94115686
1892371	10115	-0.37264478	-0.9232676
1892371	10116	-0.78169763	0.83372235
1892371	10117	-0.48758933	0.38808462
1892371	10118	-0.51442915	0.39845964
1892371	10119	2.2825947	-1.452361
1892371	10120	2.532524	-1.2290707
1892371	10121	2.240738	-1.1904018
1892371	10122	2.0253205	-1.0773684
1892371	10123	1.8423611	-1.0551406
1892371	10124	1.8416806	-1.1137888
1892371	10125	1.6629878	-1.0177907
1892371	10126	1.6509186	-1.0819077
1892371	10127	1.4745582	-0.95345056
1892371	10128	1.4339781	-0.973943
1892371	10129	1.4353355	-0.97932446
1892371	10130	0.29713076	-0.74780047
1892371	10131	-0.26734668	0.9421952
1892371	10132	-0.09978461	0.43311957
1892371	10133	-0.1660989	0.5321131
1892371	10134	0.32650518	-1.0040902
1892371	10135	2.7064157	-0.6048591
1892371	10136	2.6863356	-0.8658399
1892371	10137	2.3285365	-0.7520044
1892371	10138	2.5482793	-1.0635931
1892371	10139	2.355958	-0.9108108
1892371	10140	2.2615376	-0.9443083
1892371	10141	2.1507835	-1.0040311
1892371	10142	0.5366169	-0.62228894
1892371	10143	0.27499503	1.1851324
1892371	10144	0.36694545	0.6623204
1892371	10145	0.3632505	0.78189397
1892371	10146	0.46968734	-0.80415595
1892371	10147	2.8979845	-0.53795904
1892371	10148	2.6900716	-0.7502444
1892371	10149	2.3023872	-0.6779417
1892371	10150	2.4582496	-0.9283596
1892371	10151	2.349553	-0.83767074
1892371	10152	2.2637863	-0.86915797
1892371	10153	2.2390676	-0.8915671
1892371	10154	0.5127888	-0.5781449
1892371	10155	0.28201908	1.2911819
1892371	10156	0.39071423	0.80230224
1892371	10157	0.40433365	0.8874136
1892371	10158	0.41914856	-0.6923076
1892371	10159	2.7690125	-0.46557575
1892371	10160	2.5112739	-0.66177654
1892371	10161	2.1485906	-0.58180994
1892371	10162	2.3174214	-0.88546836
1892371	10163	2.2979727	-0.8353682
1892371	10164	2.2344952	-0.85717905
1892371	10165	2.2090678	-0.88764626
1892371	10166	0.51219654	-0.58612096
1892371	10167	0.29605275	1.3017914
1892371	10168	0.38547158	0.84684324
1892371	10169	0.40380508	0.9419718
1892371	10170	0.40868372	-0.6686554
1892371	10171	2.7336497	-0.4501267
1892371	10172	2.469613	-0.6368543
1892371	10173	2.102244	-0.5497622
1892371	10174	2.2421846	-0.8710579
1892371	10175	2.2641368	-0.83949125
1892371	10176	2.1792536	-0.8135785
1892371	10177	2.1849847	-0.9059214
1892371	10178	0.53461015	-0.57490647
1892371	10179	0.31537032	1.3273784
1892371	10180	0.38235033	0.8712058
1892371	10181	0.40246916	0.9932525
1892371	10182	0.41655886	-0.6623044
1892371	10183	2.7017255	-0.45277512
1892371	10184	2.4444413	-0.61859924
1892371	10185	2.0750499	-0.57064724
1892371	10186	2.196247	-0.8398191
1892371	10187	2.2009525	-0.82299185
1892371	10188	2.1298347	-0.8134974
1892371	10189	2.1410007	-0.88660043
1892371	10190	0.51537573	-0.6163595
1892371	10191	0.33209747	1.2415487
1892371	10192	0.37309915	0.88655376
1892371	10193	0.3963558	1.0119487
1892371	10194	0.4149235	-0.674614
1892371	10195	2.6890454	-0.44392914
1892371	10196	2.4149284	-0.6162178
1892371	10197	2.0706425	-0.5468963
1892371	10198	2.1744237	-0.8198501
1892371	10199	2.1460557	-0.75899124
1892371	10200	2.0910316	-0.80414635
1892371	10201	2.1415854	-0.881188
1892371	10202	0.5459024	-0.60485464
1892371	10203	0.35145533	1.2201773
1892371	10204	0.37225455	0.8684403
1892371	10205	0.39810067	1.0268162
1892371	10206	0.43239307	-0.66985345
1892371	10207	2.643897	-0.45526952
1892371	10208	2.394711	-0.61508316
1892371	10209	2.0646033	-0.55934924
1892371	10210	2.159215	-0.80976415
1892371	10211	2.1329184	-0.7586212
1892371	10212	2.0669775	-0.7872151
1892371	10213	2.1115794	-0.8607775
1892371	10214	0.5511402	-0.61541986
1892371	10215	0.3672036	1.1439215
1892371	10216	0.36716527	0.86437345
1892371	10217	0.38826263	1.055371
1892371	10218	0.4167232	-0.692117
1892371	10219	2.6671472	-0.44870043
1892371	10220	2.391171	-0.60449046
1892371	10221	2.04152	-0.5461328
1892371	10222	2.1382847	-0.8100327
1892371	10223	2.1477175	-0.7963218
1892371	10224	2.066866	-0.7726935
1892371	10225	2.1060429	-0.8673682
1892371	10226	0.52760816	-0.62855387
1892371	10227	0.3542022	1.1627401
1892371	10228	0.54861164	-0.79002714
1892371	10229	2.6649275	-0.45616078
1892371	10230	2.3487887	-0.6641942
1892371	10231	2.0187683	-0.54913807
1892371	10232	2.1040297	-0.8331789
1892371	10233	2.1568103	-0.8206583
1892371	10234	2.061782	-0.77164376
1892371	10235	2.0897236	-0.87021655
1892371	10236	0.5297631	-0.5582337
1892371	10237	0.346709	1.2598946
1892371	10238	0.5432594	-0.7297779
1892371	10239	2.6121144	-0.44063395
1892371	10240	2.3139038	-0.64640665
1892371	10241	1.9723705	-0.53468287
1892371	10242	2.0730124	-0.8242104
1892371	10243	2.1263223	-0.810812
1892371	10244	2.0277057	-0.75789964
1892371	10245	2.0352936	-0.84512436
1892371	10246	0.45422852	-0.58578813
1892371	10247	0.311462	1.3016199
1892371	10248	0.52482677	-0.69247794
1892371	10249	2.6063275	-0.42823088
1892371	10250	2.318368	-0.63441926
1892371	10251	1.9597863	-0.53050107
1892371	10252	2.0591645	-0.8182014
1892371	10253	2.0894647	-0.77227694
1892371	10254	2.016765	-0.78514194
1892371	10255	2.0326905	-0.8387818
1892371	10256	0.45190895	-0.56313205
1892371	10257	0.30451185	1.3399476
1892371	10258	0.516062	-0.6791771
1892371	10259	2.5562139	-0.42168936
1892371	10260	2.2808785	-0.6219374
1892371	10261	2.1035814	-0.6391278
1892371	10262	1.7755045	-0.583446
1892371	10263	2.0327015	-0.8782143
1892371	10264	2.0986867	-0.80114967
1892371	10265	2.0013304	-0.7987635
1892371	10266	0.44393355	-0.57576877
1892371	10267	0.31140947	1.2957118
1892371	10268	0.33347106	1.0629584
1892371	10269	0.34268022	1.1877378
1892371	10270	0.3625406	-0.57690936
1892371	10271	2.5656548	-0.43535617
1892371	10272	2.313222	-0.5785657
1892371	10273	1.9674796	-0.5045144
1892371	10274	2.0613246	-0.78415906
1892371	10275	2.0570621	-0.74144936
1892371	10276	1.9762622	-0.7532315
1892371	10277	2.0109463	-0.8295623
1892371	10278	0.48546898	-0.59106505
1892371	10279	0.3433882	1.2037024
1892371	10280	0.3404987	0.93258524
1892371	10281	0.3571694	1.0945598
1892371	10282	0.4126954	-0.6543182
1892371	10283	2.571309	-0.47395873
1892371	10284	2.3334966	-0.6182363
1892371	10285	2.0054731	-0.5491001
1892371	10286	1.851385	-0.6465924
1892371	10287	2.0607142	-0.83467764
1892371	10288	2.0707612	-0.78549755
1892371	10289	2.039194	-0.8304362
1892371	10290	0.5272305	-0.6114341
1892371	10291	0.37340176	1.136523
1892371	10292	0.3601309	0.9299966
1892371	10293	0.37115473	1.0727497
1892371	10294	0.42384607	-0.65671784
1892371	10295	2.5932164	-0.4878474
1892371	10296	2.337431	-0.6189049
1892371	10297	2.0109696	-0.5501028
1892371	10298	2.0786233	-0.7979475
1892371	10299	2.080319	-0.7749436
1892371	10300	1.9992224	-0.76749396
1892371	10301	2.00947	-0.82916903
1892371	10302	0.5171634	-0.6313037
1892371	10303	0.3758598	1.1013947
1892371	10304	0.35385925	0.8639066
1892371	10305	0.36404073	1.0688908
1892371	10306	0.39079136	-0.7086355
1892371	10307	2.7097492	-0.4837303
1892371	10308	2.378889	-0.606446
1892371	10309	2.00106	-0.550141
1892371	10310	2.1023245	-0.8185297
1892371	10311	2.0916414	-0.8009871
1892371	10312	2.0213184	-0.7968122
1892371	10313	2.060925	-0.8898107
1892371	10314	0.46556246	-0.65637577
1892371	10315	0.34117705	1.1691984
1892371	10316	0.35079074	0.8957392
1892371	10317	0.35078698	1.0199102
1892371	10318	0.41209686	-0.69039404
1892371	10319	2.694798	-0.5079861
1892371	10320	2.3944755	-0.63038033
1892371	10321	2.046795	-0.55171376
1892371	10322	2.1199975	-0.825166
1892371	10323	2.0960107	-0.7688888
1892371	10324	2.0172625	-0.7899102
1892371	10325	2.0353322	-0.8438573
1892371	10326	0.5395076	-0.6530762
1892371	10327	0.3881564	1.0791447
1892371	10328	0.36280686	0.82928324
1892371	10329	0.37833393	1.0095356
1892371	10330	0.444889	-0.6925448
1892371	10331	2.6266003	-0.519111
1892371	10332	2.3562431	-0.6414255
1892371	10333	2.0314255	-0.5700516
1892371	10334	1.8735255	-0.6650206
1892371	10335	2.0701976	-0.83478814
1892371	10336	2.0721865	-0.7804264
1892371	10337	2.0288048	-0.82001805
1892371	10338	0.54759884	-0.6387373
1892371	10339	0.39498544	1.0986309
1892371	10340	0.3671394	0.84812117
1892371	10341	0.38162178	1.0227449
1892371	10342	0.4475305	-0.69525373
1892371	10343	2.5982609	-0.5218364
1892371	10344	2.3234177	-0.6496315
1892371	10345	2.012106	-0.55228615
1892371	10346	2.0861282	-0.8216039
1892371	10347	2.0715413	-0.769635
1892371	10348	1.9822148	-0.77636194
1892371	10349	2.002542	-0.84202176
1892371	10350	0.52767456	-0.644549
1892371	10351	0.38616872	1.0684966
1892371	10352	0.35740316	0.825745
1892371	10353	0.37205243	1.0120039
1892371	10354	0.44176185	-0.70066065
1892371	10355	2.6123023	-0.5229181
1892371	10356	2.3382583	-0.6524074
1892371	10357	2.019186	-0.5591838
1892371	10358	2.0938377	-0.8203738
1892371	10359	2.0406475	-0.7389433
1892371	10360	1.9949378	-0.805524
1892371	10361	2.0263786	-0.85001814
1892371	10362	0.54553294	-0.62082803
1892371	10363	0.39273477	1.0814297
1892371	10364	0.3655703	0.83047724
1892371	10365	0.38091946	1.0217681
1892371	10366	0.4440158	-0.71170974
1892371	10367	2.60466	-0.5296596
1892371	10368	2.3307896	-0.6522586
1892371	10369	2.0143385	-0.57235616
1892371	10370	2.071937	-0.81147194
1892371	10371	2.0719037	-0.79231024
1892371	10372	1.9804374	-0.7702899
1892371	10373	2.0213723	-0.8706281
1892371	10374	0.54228187	-0.63140136
1892371	10375	0.3903352	1.0575081
1892371	10376	0.36651033	0.831763
1892371	10377	0.3772574	0.9914274
1892371	10378	0.44223183	-0.68822587
1892371	10379	2.59551	-0.54322714
1892371	10380	2.3260746	-0.65986526
1892371	10381	2.009852	-0.56978846
1892371	10382	2.0784411	-0.8177549
1892371	10383	2.0440507	-0.7610904
1892371	10384	1.9818641	-0.79879797
1892371	10385	1.9998032	-0.8421474
1892371	10386	0.5277003	-0.648513
1892371	10387	0.3872761	1.0470686
1892371	10388	0.35403943	0.814283
1892371	10389	0.36823046	0.99161243
1892371	10390	0.4401946	-0.69338286
1892371	10391	2.606182	-0.5405289
1892371	10392	2.33888	-0.6541884
1892371	10393	2.0122595	-0.5727934
1892371	10394	2.0791726	-0.8211513
1892371	10395	2.0456667	-0.76658595
1892371	10396	1.9716808	-0.79207003
1892371	10397	1.9870518	-0.84237885
1892371	10398	0.5227443	-0.6477996
1892371	10399	0.38403285	1.0530313
1892371	10400	0.35276532	0.8129257
1892371	10401	0.36662507	0.97721875
1892371	10402	0.427617	-0.6812475
1892371	10403	2.6299615	-0.5544495
1892371	10404	2.347755	-0.66075295
1892371	10405	2.0105715	-0.5705898
1892371	10406	2.0727777	-0.82746565
1892371	10407	2.0524483	-0.7877419
1892371	10408	1.9729923	-0.7953508
1892371	10409	1.9699227	-0.84149975
1892371	10410	0.520702	-0.66367835
1892371	10411	0.38490367	1.0357127
1892371	10412	0.35488147	0.85210145
1892371	10413	0.3579803	1.0209533
1892371	10414	0.39856917	-0.7089571
1892371	10415	2.6831455	-0.5343048
1892371	10416	2.3601685	-0.64052725
1892371	10417	2.0019717	-0.55581915
1892371	10418	2.0780787	-0.8286016
1892371	10419	2.062478	-0.7973583
1892371	10420	1.9903537	-0.79623413
1892371	10421	1.9924749	-0.85239094
1892371	10422	0.49887192	-0.67876405
1892371	10423	0.37194985	1.0661974
1892371	10424	0.34015203	0.8460264
1892371	10425	0.3495925	1.0147527
1892371	10426	0.41247678	-0.70310545
1892371	10427	2.692091	-0.5360645
1892371	10428	2.380361	-0.6430836
1892371	10429	2.027413	-0.566485
1892371	10430	2.0912342	-0.8176576
1892371	10431	2.0630488	-0.7793242
1892371	10432	1.9806796	-0.78796184
1892371	10433	2.018218	-0.87398875
1892371	10434	0.5436263	-0.6520661
1892371	10435	0.3931731	1.0210413
1892371	10436	0.36565948	0.8470918
1892371	10437	0.33293116	1.1141421
1892371	10438	0.5313065	0.50575554
1892371	10439	0.11349481	0.6093421
1892371	10440	-0.20330715	0.56099737
1892371	10441	-0.35859233	0.67223513
1892371	10442	-0.10611448	0.2086812
1892371	10443	-0.029239208	0.059254915
1892371	10444	-0.26436955	0.31450245
1892371	10445	-0.029838085	-0.27158958
1892371	10446	-0.46145105	0.39467284
1892371	10447	-0.49832296	0.47757092
1892371	10448	-0.566581	0.63220465
1892371	10449	-0.5845415	1.1055923
1892371	10450	-0.51375604	0.5998807
1892371	10451	0.2927537	-0.646286
1892371	10452	2.576706	-0.49937296
1892371	10453	2.4500484	-0.5692379
1892371	10454	2.3921962	-0.7304449
1892371	10455	0.5010327	-0.6136571
1892371	10456	0.27178276	1.0783497
1892371	10457	0.45077342	0.696486
1892371	10458	0.44821805	0.72225237
1892371	10459	0.49013925	-0.8381186
1892371	10460	3.0169358	-0.63578093
1892371	10461	2.684556	-0.6681765
1892371	10462	2.496614	-0.8146577
1892371	10463	0.62177134	-0.5520135
1892371	10464	0.32376242	1.1636375
1892371	10465	0.48412424	0.7771518
1892371	10466	0.502705	0.8365264
1892371	10467	0.49896932	-0.74922264
1892371	10468	3.010346	-0.56023693
1892371	10469	2.6150112	-0.610041
1892371	10470	2.320549	-0.7088736
1892371	10471	2.3528142	-0.9080939
1892371	10472	2.3152108	-0.90444875
1892371	10473	0.5656065	-0.555295
1892371	10474	0.350321	1.1743749
1892371	10475	0.56821954	-0.80486405
1892371	10476	2.8207946	-0.45678377
1892371	10477	2.372435	-0.6575012
1892371	10478	2.1601229	-0.6931807
1892371	10479	0.5521755	-0.5836516
1892371	10480	0.3631789	1.3486204
1892371	10481	0.44770676	0.9447441
1892371	10482	0.48256648	1.000629
1892371	10483	0.44984245	-0.62876904
1892371	10484	2.8432455	-0.45214462
1892371	10485	2.429635	-0.5874049
1892371	10486	2.0086765	-0.5204408
1892371	10487	2.159452	-0.8702614
1892371	10488	2.1591334	-0.8464194
1892371	10489	2.085011	-0.86985266
1892371	10490	2.0476818	-0.89434135
1892371	10491	2.0947738	-1.0247686
1892371	10492	2.358697	-1.1664759
1892371	10493	0.513312	-0.6859214
1892371	10494	0.35609508	0.7430992
1892371	10495	0.6067548	-0.995445
1892371	10496	2.8921595	-0.62257874
1892371	10497	2.5203996	-0.8128325
1892371	10498	2.0889826	-0.6681067
1892371	10499	2.156231	-0.9877517
1892371	10500	2.1902528	-0.95649827
1892371	10501	2.1063008	-0.9647043
1892371	10502	2.067227	-0.9826957
1892371	10503	0.20055866	-0.313223
1892371	10504	0.31168622	1.7450697
1892371	10505	0.42882496	-0.6989198
1892371	10506	2.7860003	-0.45548984
1892371	10507	2.3984957	-0.630951
1892371	10508	2.2165146	-0.6783565
1892371	10509	2.1767344	-0.85148466
1892371	10510	2.294918	-0.96820426
1892371	10511	0.63954604	-0.63894784
1892371	10512	0.37487137	1.278783
1892371	10513	0.62485933	-0.88674
1892371	10514	2.9538975	-0.5533175
1892371	10515	2.5005713	-0.743965
1892371	10516	2.2693715	-0.711451
1892371	10517	2.198296	-0.90371275
1892371	10518	2.280295	-0.9738735
1892371	10519	0.63121045	-0.6504642
1892371	10520	0.39398485	1.3027796
1892371	10521	0.64611006	-0.8728677
1892371	10522	2.953546	-0.5595274
1892371	10523	2.512075	-0.7319033
1892371	10524	2.2590194	-0.717868
1892371	10525	2.1818795	-0.89895153
1892371	10526	2.2537436	-0.97055125
1892371	10527	0.6141417	-0.6316806
1892371	10528	0.39763707	1.3044354
1892371	10529	0.51179814	0.8285985
1892371	10530	0.5061817	0.95339656
1892371	10531	0.51764905	-0.7653269
1892371	10532	2.924152	-0.601048
1892371	10533	2.5648437	-0.7046713
1892371	10534	2.3160305	-0.7030987
1892371	10535	2.2186127	-0.87034225
1892371	10536	2.2527876	-0.95010114
1892371	10537	0.667408	-0.6642296
1892371	10538	2.2001195	-1.079259
1892371	10539	2.3226118	-0.91360974
1892371	10540	2.235117	-0.92590946
1892371	10541	0.57749283	-0.68782264
1892371	10542	2.1633253	-1.0709258
1892371	10543	2.2274146	-0.8976277
1892371	10544	2.1662087	-0.9228271
1892371	10545	0.51464665	-0.6431041
1892371	10546	2.1301827	-1.0348076
1892371	10547	2.163064	-0.8816725
1892371	10548	2.1442657	-0.91999173
1892371	10549	0.47163808	-0.5995314
1892371	10550	2.1099162	-1.0015668
1892371	10551	0.095929146	-0.30827534
1892371	10552	0.2629195	1.6231902
1892371	10553	0.5225204	-0.7667053
1892371	10554	2.9515429	-0.5496678
1892371	10555	2.5282526	-0.67762256
1892371	10556	2.2629957	-0.66598904
1892371	10557	2.1859407	-0.8480233
1892371	10558	2.278698	-0.95091844
1892371	10559	2.0997357	-0.7792664
1892371	10560	1.7262396	-0.75639975
1892371	10561	1.2012745	-0.8667421
1892371	10562	1.0406625	-0.8965864
1892371	10563	1.0124358	-0.91453326
1892371	10564	1.0524615	-1.0910263
1892371	10565	0.9740344	-0.90192187
1892371	10566	0.84955144	-0.9338633
1892371	10567	0.88336253	-0.8834301
1892371	10568	0.978698	-0.95282245
1892371	10569	1.144349	-0.9975574
1892371	10570	1.0730424	-1.0087504
1892371	10571	1.1523335	-1.1041502
1892371	10572	1.3159329	-1.1186697
1892371	10573	1.32123	-1.1869096
1892371	10574	1.3662477	-1.1746696
1892371	10575	1.3038888	-1.1541677
1892371	10576	1.1853889	-1.1266316
1892371	10577	1.2879388	-1.1710039
1892371	10578	1.198253	-1.1332543
1892371	10579	1.1577816	-1.2541816
1892371	10580	1.1684631	-1.3065257
1892371	10581	1.0506994	-1.0726576
1892371	10582	-0.4303062	-0.693484
1892371	10583	-0.53332007	-0.6929716
1892371	10584	-0.67684525	0.96327806
1892371	10585	-0.5576944	0.7435472
1892371	10586	-0.567294	0.70277107
1892371	10587	-0.56171006	0.6072078
1892371	10588	-0.5882609	0.62889755
1892371	10589	-0.59019375	0.5988703
1892371	10590	-0.5937921	0.57432103
1892371	10591	-0.5540178	0.5632268
1892371	10592	-0.5142024	0.4676855
1892371	10593	-0.508491	0.3966922
1892371	10594	-0.54078496	0.49644575
1892371	10595	-0.46303955	0.2735633
1892371	10596	-0.5067987	0.2782357
1892371	10597	-0.4960277	0.25200072
1892371	10598	-0.61244684	0.44905004
1892371	10599	-0.6678195	0.48140016
1892371	10600	-0.6493741	0.4832327
1892371	10601	-0.58849055	0.36024842
1892371	10602	-0.5866132	0.38158682
1892371	10603	-0.48228458	0.19837543
1892371	10604	-0.434623	0.09980628
1892371	10605	-0.44599643	0.106233686
1892371	10606	-0.21677917	-0.29105628
1892371	10607	0.010043263	-0.57912606
1892371	10608	-0.0071372986	-0.5407802
1892371	10609	-0.04308948	-0.5687943
1892371	10610	-0.19120845	-0.3578974
1892371	10611	-0.24275985	-0.3222854
1892371	10612	-0.16790804	-0.4572144
1892371	10613	-0.16805956	-0.49057233
1892371	10614	0.01930666	-0.67788196
1892371	10615	-0.2851135	-0.21253242
1892371	10616	-0.3314494	-0.29429156
1892371	10617	-0.30503422	-0.35447767
1892371	10618	-0.47286007	-0.09694296
1892371	10619	-0.3163544	-0.23628028
1892371	10620	0.1307072	-0.78083783
1892371	10621	0.5649452	-1.1724113
1892371	10622	0.5747653	-1.2114481
1892371	10623	0.68071806	-1.2035006
1892371	10624	0.71868944	-1.248648
1892371	10625	0.68181217	-1.2182167
1892371	10626	0.6507726	-1.1735795
1892371	10627	0.6566353	-1.2759086
1892371	10628	1.7974569	-2.0814831
1892371	10629	1.6514744	-1.7137135
1892371	10630	1.3596967	-1.701396
1892371	10631	3.1593223	-2.8148637
1892371	10632	3.251522	-2.8662448
1892371	10633	2.7411442	-2.5588617
1892371	10634	2.4192548	-2.3949623
1892371	10635	2.2534556	-2.2988636
1892371	10636	4.140123	-3.2682803
1892371	10637	1.6458296	-2.9402316
1892371	10638	1.8851169	-3.1307292
1892371	10639	1.7075552	-3.0227535
1892371	10640	0.49393344	-1.1490681
1892371	10641	-0.057899207	-0.4866856
1892371	10642	0.004200101	-0.50426453
1892371	10643	-0.038160503	-0.41982698
1892371	10644	-0.007631719	-0.53134686
1892371	10645	0.004660547	-0.52873385
1892371	10646	0.014477849	-0.54377687
1892371	10647	-0.059948057	-0.4388112
1892371	10648	-0.06585464	-0.459188
1892371	10649	-0.01204744	-0.53930515
1892371	10650	0.18291146	-0.8175056
1892371	10651	0.2749322	-0.8067384
1892371	10652	0.018175185	-0.4384237
1892371	10653	-0.27496243	-0.25729486
1892371	10654	-0.68768066	0.41509458
1892371	10655	-0.54673964	0.14525142
1892371	10656	-0.29962555	-0.062141538
1892371	10657	-0.16904768	-0.25043535
1892371	10658	-0.25184467	-0.14112425
1892371	10659	-0.2225233	-0.1915887
1892371	10660	0.13830465	-0.7029587
1892371	10661	0.067400336	-0.51029295
1892371	10662	0.21406877	-0.7201474
1892371	10663	-0.09078154	-0.26963407
1892371	10664	-0.6956558	0.37194005
1892371	10665	-0.9437281	0.80092025
1892371	10666	-0.92190665	0.77955806
1892371	10667	-0.91632986	0.7372122
1892371	10668	-0.94133943	0.74881935
1892371	10669	-0.95027	0.7526095
1892371	10670	-1.021199	0.865113
1892371	10671	-1.010411	0.82096624
1892371	10672	-1.0121523	0.85341895
1892371	10673	-0.9602029	0.8809297
1892371	10674	-1.0211086	0.82112324
1892371	10675	-1.0297496	0.8395438
1892371	10676	-1.0078638	0.78709304
1892371	10677	-1.0787219	1.0187234
1892371	10678	-0.13150302	-1.1228722
1892371	10679	1.9092621	-1.4032016
1892371	10680	0.8696941	-1.0300744
1892371	10681	0.8301147	-1.0942128
1892371	10682	0.7102212	-0.9972633
1892371	10683	0.6112313	-0.9931227
1892371	10684	0.55850005	-0.97380984
1892371	10685	0.48754364	-0.9068487
1892371	10686	0.4485644	-0.8987595
1892371	10687	0.45566297	-0.9632548
1892371	10688	0.28405935	-0.7967216
1892371	10689	0.26733613	-0.65438235
1892371	10690	0.1650539	-0.702021
1892371	10691	0.21698815	-0.70044625
1892371	10692	0.61825514	-1.0760806
1892371	10693	0.24980289	-0.8262588
1892371	10694	0.4794976	-0.9711864
1892371	10695	0.047646463	-0.48876008
1892371	10696	0.19198918	-0.7841033
1892371	10697	0.65111303	-1.221629
1892371	10698	0.22974521	-0.8678132
1892371	10699	0.5772196	-1.0661739
1892371	10700	0.06817651	-0.65387356
1892371	10701	0.5731833	-1.1732072
1892371	10702	0.3115787	-0.9860356
1892371	10703	0.21560031	-0.7789357
1892371	10704	0.38057745	-0.9478532
1892371	10705	0.6841419	-1.3095442
1892371	10706	0.740757	-1.2475348
1892371	10707	0.9068142	-1.3066899
1892371	10708	0.86264277	-1.4087292
1892371	10709	2.0353494	-2.0110297
1892371	10710	1.7859625	-3.0200553
1892371	10711	1.7116698	-3.046877
1892371	10712	1.2491391	-2.8347127
1892371	10713	0.33497888	-0.9509975
1892371	10714	-0.12239063	-0.33692113
1892371	10715	-0.10768527	-0.38339037
1892371	10716	-0.15838322	-0.30858552
1892371	10717	-0.1963352	-0.31160432
1892371	10718	-0.18662786	-0.36511385
1892371	10719	-0.17305747	-0.3719785
1892371	10720	-0.15992954	-0.40141046
1892371	10721	-0.15148827	-0.43219
1892371	10722	-0.15725055	-0.39796025
1892371	10723	-0.18194711	-0.40005645
1892371	10724	-0.24021259	-0.3226652
1892371	10725	-0.2543158	-0.28730258
1892371	10726	-0.050077885	-0.43795642
1892371	10727	-0.41107038	0.089939445
1892371	10728	-0.668031	0.29211077
1892371	10729	-0.69983476	0.36748454
1892371	10730	-0.79217064	0.60268116
1892371	10731	-0.9290775	0.6428101
1892371	10732	-0.960409	0.6979368
1892371	10733	-0.9484582	0.68657756
1892371	10734	-1.057673	0.85642624
1892371	10735	-1.1334177	0.99518526
1892371	10736	-1.1082916	0.95818067
1892371	10737	-1.0934415	0.90840864
1892371	10738	-1.0871489	0.87279606
1892371	10739	-1.0279754	0.7578895
1892371	10740	-1.0209557	0.7401341
1892371	10741	-0.9240103	0.56668663
1892371	10742	-0.7820722	0.30104974
1892371	10743	-0.8324208	0.3869414
1892371	10744	-0.83329725	0.36705348
1892371	10745	-0.7337987	0.24760881
1892371	10746	-0.68830824	0.1889573
1892371	10747	-0.697094	0.3040633
1892371	10748	-0.7458251	0.3077465
1892371	10749	-0.82174754	0.30673835
1892371	10750	-0.8019923	0.2894257
1892371	10751	0.1123175	-1.4691646
1892371	10752	2.0816689	-1.6595663
1892371	10753	2.0564504	-1.7371982
1892371	10754	1.661708	-1.3869095
1892371	10755	0.62794626	-0.7000449
1892371	10756	0.6010901	-0.88151383
1892371	10757	0.6033701	-0.90781915
1892371	10758	0.7994027	-0.92812693
1892371	10759	0.31629062	-0.5494659
1892371	10760	0.62472606	-0.8200199
1892371	10761	0.6684437	-0.88642514
1892371	10762	0.58616614	-1.005919
1892371	10763	0.542611	-0.9488748
1892371	10764	0.51985717	-0.98051214
1892371	10765	0.69192004	-1.0903567
1892371	10766	-0.40096462	-0.02881229
1892371	10767	-0.28595376	-0.20962115
1892371	10768	-0.12170896	-0.6099272
1892371	10769	-0.1211544	-0.5825546
1892371	10770	-0.12219629	-0.5671506
1892371	10771	0.6516776	-1.3623027
1892371	10772	0.8303573	-1.275117
1892371	10773	0.6217648	-1.0964675
1892371	10774	0.57133424	-1.0750285
1892371	10775	0.6313051	-1.1139733
1892371	10776	-0.2596954	-0.227418
1892371	10777	-0.1545561	-0.41671866
1892371	10778	0.04385835	-0.6370797
1892371	10779	-0.07922104	-0.36185983
1892371	10780	0.0073723793	-0.5505788
1892371	10781	-0.39392394	-0.17975152
1892371	10782	-0.25091362	-0.43272233
1892371	10783	0.08758718	-0.7745222
1892371	10784	-0.010430783	-0.62889415
1892371	10785	-0.04032138	-0.6163544
1892371	10786	-0.010242194	-0.72123206
1892371	10787	0.1324355	-0.94490695
1892371	10788	0.2323125	-1.0131637
1892371	10789	0.4167685	-1.13523
1892371	10790	0.17399222	-0.968385
1892371	10791	0.19952857	-0.9391844
1892371	10792	0.08944422	-0.83058584
1892371	10793	-0.025354236	-0.727368
1892371	10794	-0.12546888	-0.62704235
1892371	10795	0.08766842	-0.88484645
1892371	10796	-0.1480602	-0.5606673
1892371	10797	-0.022401243	-0.69493103
1892371	10798	-0.21989974	-0.38286036
1892371	10799	-0.3922326	-0.06260115
1892371	10800	-0.18270153	-0.59356356
1892371	10801	0.2561397	-1.0259547
1892371	10802	0.21467865	-0.8128995
1892371	10803	0.2179783	-0.85893965
1892371	10804	0.18357605	-0.7869941
1892371	10805	0.17051941	-0.77003133
1892371	10806	0.11863512	-0.70484585
1892371	10807	0.035645247	-0.58358127
1892371	10808	0.09325665	-0.6736471
1892371	10809	0.20830595	-0.78632313
1892371	10810	0.17132187	-0.79912174
1892371	10811	-0.13408342	-0.34025472
1892371	10812	-0.3214504	-0.1844627
1892371	10813	-0.2137044	-0.25552487
1892371	10814	-0.2966668	-0.23209971
1892371	10815	-0.1854302	-0.25765216
1892371	10816	-0.21740726	-0.3567909
1892371	10817	-0.13883454	-0.41277754
1892371	10818	-0.20313904	-0.3955089
1892371	10819	-0.10557836	-0.49335685
1892371	10820	-0.038979173	-0.5276093
1892371	10821	-0.12329206	-0.45938498
1892371	10822	0.0132056475	-0.5754415
1892371	10823	0.3088146	-0.8910459
1892371	10824	0.35969806	-0.8811661
1892371	10825	0.21790904	-0.7526376
1892371	10826	0.21854037	-0.7788322
1892371	10827	0.32088923	-0.80034584
1892371	10828	0.25006747	-0.81151223
1892371	10829	0.38608265	-0.8963101
1892371	10830	0.3341456	-0.9573098
1892371	10831	0.27992666	-0.7787463
1892371	10832	0.36727476	-0.9216497
1892371	10833	0.39915055	-0.92124695
1892371	10834	0.4757284	-0.86375904
1892371	10835	0.48806185	-0.85061467
1892371	10836	0.5229738	-0.9714912
1892371	10837	0.2425211	-0.6264365
1892371	10838	-0.059286386	-0.36943147
1892371	10839	0.3589176	-0.8759912
1892371	10840	0.44870406	-0.9157941
1892371	10841	0.485743	-0.9408317
1892371	10842	0.18918169	-0.6709641
1892371	10843	0.38082457	-0.8298031
1892371	10844	0.54357576	-1.1231422
1892371	10845	0.4936819	-0.95763195
1892371	10846	0.41235876	-0.7800498
1892371	10847	0.31825554	-0.81735456
1892371	10848	0.31435663	-0.86238074
1892371	10849	0.42469198	-0.89274216
1892371	10850	0.39584458	-0.970907
1892371	10851	0.4762842	-1.0349106
1892371	10852	0.435862	-0.8396346
1892371	10853	0.34755015	-0.61592263
1892371	10854	0.43843985	-0.8409693
1892371	10855	0.2424981	-0.6181767
1892371	10856	0.2747534	-0.6780715
1892371	10857	0.36366612	-0.80472034
1892371	10858	0.47552633	-0.87353015
1892371	10859	0.44645774	-0.85961235
1892371	10860	0.35310972	-0.7548997
1892371	10861	0.6027144	-1.0088972
1892371	10862	0.6501713	-0.9917011
1892371	10863	0.6037061	-1.1010925
1892371	10864	0.6226195	-0.9843452
1892371	10865	0.55112123	-0.7149002
1892371	10866	0.48028517	-0.89610094
1892371	10867	0.34190118	-0.77299976
1892371	10868	0.31092566	-0.70307004
1892371	10869	0.44421917	-0.7367631
1892371	10870	0.5158889	-0.8562161
1892371	10871	0.4426909	-0.7949944
1892371	10872	0.034183383	-0.4033881
1892371	10873	0.21118504	-0.49688366
1892371	10874	0.30981117	-0.6693228
1892371	10875	0.3001616	-0.60576487
1892371	10876	0.31822067	-0.50987995
1892371	10877	0.86692226	-1.1626807
1892371	10878	0.8310834	-1.0670034
1892371	10879	0.4984206	-0.8089323
1892371	10880	0.38224953	-0.7079318
1892371	10881	0.18116456	-0.5640393
1892371	10882	0.13893008	-0.44812986
1892371	10883	0.26405185	-0.68823355
1892371	10884	0.22833514	-0.56959176
1892371	10885	0.061924517	-0.41541544
1892371	10886	0.13044852	-0.523119
1892371	10887	0.1284281	-0.53859496
1892371	10888	0.14413989	-0.51389956
1892371	10889	0.38874376	-0.8474521
1892371	10890	0.22939485	-0.5995708
1892371	10891	0.3694932	-0.6708746
1892371	10892	0.38775915	-0.8201874
1892371	10893	0.8053676	-1.2003764
1892371	10894	0.25032783	-0.5799154
1892371	10895	0.0036144853	-0.36308062
1892371	10896	-0.016129106	-0.36882165
1892371	10897	-0.10915461	-0.28750855
1892371	10898	-0.13139331	-0.319052
1892371	10899	-0.095977664	-0.3647703
1892371	10900	-0.10593346	-0.34536228
1892371	10901	-0.15460336	-0.29332262
1892371	10902	-0.21263993	-0.2964357
1892371	10903	-0.15559855	-0.3545214
1892371	10904	-0.25711754	-0.2533961
1892371	10905	-0.1625754	-0.37147993
1892371	10906	-0.17133111	-0.36998767
1892371	10907	-0.104631245	-0.4416938
1892371	10908	-0.09392649	-0.45052806
1892371	10909	0.29597765	-0.8638846
1892371	10910	0.63168216	-1.107867
1892371	10911	0.5858605	-1.0189619
1892371	10912	0.5748067	-1.0017143
1892371	10913	0.5918112	-1.012454
1892371	10914	0.50910103	-0.95423615
1892371	10915	0.5300772	-0.9804696
1892371	10916	0.024701118	-0.46887273
1892371	10917	0.038234353	-0.51751024
1892371	10918	0.03913808	-0.5886792
1892371	10919	0.07440215	-0.6193788
1892371	10920	0.026251435	-0.5707606
1892371	10921	0.47839725	-1.033627
1892371	10922	0.04604727	-0.5412298
1892371	10923	0.022327304	-0.56024027
1892371	10924	0.44125783	-1.0110835
1892371	10925	0.5165206	-0.99434507
1892371	10926	0.3978293	-0.8882432
1892371	10927	0.43804002	-0.9248338
1892371	10928	-0.011284918	-0.49503115
1892371	10929	-0.02795586	-0.5165755
1892371	10930	-0.024483025	-0.54194087
1892371	10931	-0.020883292	-0.55351746
1892371	10932	-0.022647768	-0.55620074
1892371	10933	0.017223537	-0.6015793
1892371	10934	0.022161067	-0.61370635
1892371	10935	0.027451873	-0.6193207
1892371	10936	-0.07401368	-0.48794532
1892371	10937	-0.15312439	-0.36196873
1892371	10938	-0.60240144	0.13911685
1892371	10939	-0.8846692	0.5644592
1892371	10940	-0.9057851	0.5864289
1892371	10941	-1.0164913	0.7568908
1892371	10942	-0.90868735	0.6366608
1892371	10943	-0.9801123	0.67874
1892371	10944	-0.9929993	0.68119824
1892371	10945	-0.91908836	0.5693115
1892371	10946	-0.9220645	0.5379151
1892371	10947	-0.9543252	0.57513535
1892371	10948	-0.90370595	0.5048189
1892371	10949	-0.90391123	0.5036597
1892371	10950	-0.8201592	0.39621553
1892371	10951	-0.4248397	-0.16734046
1892371	10952	0.027326405	-0.7040582
1892371	10953	-0.46751663	-0.07691726
1892371	10954	-0.7682171	0.27336368
1892371	10955	-0.91366255	0.5663916
1892371	10956	-1.0079983	0.7581755
1892371	10957	-0.53715414	-0.5039666
1892371	10958	2.288927	-1.0362952
1892371	10959	2.2655892	-1.161474
1892371	10960	2.370563	-1.1481084
1892371	10961	0.7290212	-0.6979252
1892371	10962	2.9213433	-1.1609347
1892371	10963	1.5351697	-1.8341099
1892371	10964	0.4270454	-0.5622113
1892371	10965	0.33281088	-0.60358655
1892371	10966	0.39563298	-0.67282695
1892371	10967	0.39765912	-0.7236391
1892371	10968	0.36631507	-0.6917588
1892371	10969	0.35103166	-0.7269752
1892371	10970	0.39089108	-0.81053126
1892371	10971	0.36266434	-0.79384816
1892371	10972	0.10020071	-0.50326484
1892371	10973	0.039177418	-0.45970544
1892371	10974	0.05946362	-0.5649388
1892371	10975	0.074869275	-0.60480887
1892371	10976	-0.007387042	-0.45061612
1892371	10977	0.026425302	-0.43138877
1892371	10978	0.35420638	-0.8466733
1892371	10979	0.7000005	-1.2182076
1892371	10980	0.56168926	-0.9772856
1892371	10981	0.47761965	-0.9152206
1892371	10982	0.57269585	-1.0665212
1892371	10983	0.54863226	-1.0937326
1892371	10984	0.07481128	-0.6135721
1892371	10985	0.02165699	-0.6541326
1892371	10986	-0.20580608	-0.36763743
1892371	10987	-0.18761551	-0.3903111
1892371	10988	0.07686126	-0.63053924
1892371	10989	-0.22376356	-0.3305511
1892371	10990	-0.16504988	-0.39946783
1892371	10991	0.20897269	-0.8124852
1892371	10992	0.5864233	-1.1156081
1892371	10993	0.21704894	-0.73929846
1892371	10994	0.16797298	-0.7262266
1892371	10995	-0.035513967	-0.54298556
1892371	10996	-0.6515195	0.15352878
1892371	10997	-1.1934139	0.8878838
1892371	10998	-1.269993	1.1224686
1892371	10999	-1.2426722	1.108952
1892371	11000	-1.2585993	1.106913
1892371	11001	-1.1594753	1.0097349
1892371	11002	-1.2130778	0.9622091
1892371	11003	-1.2593813	1.0559497
1892371	11004	-1.2161095	1.0375031
1892371	11005	-1.1692336	0.92994857
1892371	11006	-1.21894	1.1001719
1892371	11007	-1.1102684	0.90609014
1892371	11008	-1.1647444	0.98122144
1892371	11009	-0.87357205	0.54260314
1892371	11010	-1.0631351	0.68808246
1892371	11011	-0.9315325	0.5492518
1892371	11012	-0.9967994	0.64376366
1892371	11013	-0.90660685	0.5409694
1892371	11014	-1.0505108	0.70230114
1892371	11015	-0.98257124	0.6378434
1892371	11016	-0.7441933	0.20473734
1892371	11017	-0.47104412	-0.2168932
1892371	11018	-0.49066913	-0.20932123
1892371	11019	-0.5397479	-0.0784097
1892371	11020	-0.4891348	-0.20640865
1892371	11021	-0.34078276	-0.39137092
1892371	11022	-0.040350467	-0.7292321
1892371	11023	0.036316276	-0.7825411
1892371	11024	0.02372241	-0.7490455
1892371	11025	-0.4815715	-0.13318637
1892371	11026	-0.5248283	-0.08673623
1892371	11027	-0.5135348	-0.13886935
1892371	11028	-0.5265395	-0.10431808
1892371	11029	-0.08154538	-0.6010033
1892371	11030	-0.091187924	-0.52944654
1892371	11031	0.38187242	-0.9970385
1892371	11032	0.72005665	-1.2189847
1892371	11033	0.22210974	-0.65295076
1892371	11034	0.36791116	-0.84706354
1892371	11035	0.9052042	-1.43037
1892371	11036	0.32765424	-0.72422856
1892371	11037	-0.080717	-0.2787497
1892371	11038	-0.4600801	0.068463475
1892371	11039	-0.3497104	-0.23294756
1892371	11040	-0.25669378	-0.41370898
1892371	11041	-0.22130403	-0.44468263
1892371	11042	-0.1653018	-0.57368755
1892371	11043	0.44631696	-1.2198228
1892371	11044	1.029278	-1.5952201
1892371	11045	1.2266822	-1.6044987
1892371	11046	-0.03245309	-0.5568593
1892371	11047	-0.123401195	-0.5210006
1892371	11048	-0.019468546	-0.68332386
1892371	11049	0.11188722	-0.88654244
1892371	11050	-0.18917611	-0.48852968
1892371	11051	-0.15879989	-0.59312034
1892371	11052	-0.12355605	-0.57781816
1892371	11053	-0.08664173	-0.6037898
1892371	11054	-0.114553064	-0.61345476
1892371	11055	-0.22267792	-0.4587935
1892371	11056	0.08661991	-0.8169882
1892371	11057	-0.0073171854	-0.6895232
1892371	11058	-0.11712965	-0.67274815
1892371	11059	-0.41036105	-0.22234099
1892371	11060	-0.13082826	-0.6606198
1892371	11061	-0.002586484	-0.7505245
1892371	11062	-0.08919954	-0.7309199
1892371	11063	-0.20353687	-0.4855034
1892371	11064	0.46377772	-1.1945941
1892371	11065	0.95639443	-1.5532902
1892371	11066	1.358868	-1.699681
1892371	11067	1.399545	-1.6049058
1892371	11068	0.29547185	-0.8256068
1892371	11069	0.05854833	-0.5684686
1892371	11070	0.28284323	-0.8314151
1892371	11071	0.005497813	-0.63426566
1892371	11072	-0.15785852	-0.29307824
1892371	11073	-0.35117143	-0.2318103
1892371	11074	-0.30967683	-0.35940498
1892371	11075	-0.012943804	-0.7130898
1892371	11076	0.30065125	-1.0517796
1892371	11077	0.42420506	-1.1083072
1892371	11078	0.521405	-1.1345466
1892371	11079	0.3577227	-1.0733424
1892371	11080	0.47872096	-1.2077823
1892371	11081	0.3519407	-1.0599425
1892371	11082	0.3584653	-1.0942222
1892371	11083	0.22484356	-0.967522
1892371	11084	0.08847797	-0.82191885
1892371	11085	-0.05152324	-0.6877265
1892371	11086	-0.11277157	-0.6733274
1892371	11087	-0.114913255	-0.6734764
1892371	11088	-0.6349752	-0.095546365
1892371	11089	-0.8804498	0.28996494
1892371	11090	-0.8911872	0.3435869
1892371	11091	-0.8603912	0.29926303
1892371	11092	-1.1158943	0.68889856
1892371	11093	-1.0653956	0.64731085
1892371	11094	-1.1223254	0.75074005
1892371	11095	-0.99837244	0.54504764
1892371	11096	-0.9792181	0.5122256
1892371	11097	-1.0092595	0.57583463
1892371	11098	-1.1675627	0.8123125
1892371	11099	-1.0422041	0.6259934
1892371	11100	-1.0064292	0.59342086
1892371	11101	-1.0844953	0.67263675
1892371	11102	-0.9980258	0.6316806
1892371	11103	-1.1466812	0.8933201
1892371	11104	-1.0149505	0.626969
1892371	11105	-0.9112549	0.5615678
1892371	11106	-0.33301017	-0.3288747
1892371	11107	-0.42494893	-0.24439237
1892371	11108	-0.29998595	-0.3506391
1892371	11109	-0.028978169	-0.69878113
1892371	11110	-0.017435849	-0.72101295
1892371	11111	0.05416411	-0.7960751
1892371	11112	-0.050276667	-0.7048046
1892371	11113	-0.05888951	-0.70256174
1892371	11114	-0.0920763	-0.67545915
1892371	11115	-0.009648055	-0.77755916
1892371	11116	-0.17324895	-0.5582765
1892371	11117	-0.19597986	-0.5607955
1892371	11118	-0.16552415	-0.6117682
1892371	11119	-0.14090714	-0.57474947
1892371	11120	0.1096676	-0.8236531
1892371	11121	0.3075801	-1.0085921
1892371	11122	0.11863923	-0.78391564
1892371	11123	-0.12882414	-0.55322915
1892371	11124	-0.074285984	-0.63277996
1892371	11125	-0.19788817	-0.50767523
1892371	11126	0.5253018	-1.2106808
1892371	11127	0.2775985	-0.857218
1892371	11128	-0.10141769	-0.46842244
1892371	11129	0.1754505	-0.8182498
1892371	11130	0.25477457	-0.9252348
1892371	11131	0.18829525	-0.88952214
1892371	11132	0.14117306	-0.81249857
1892371	11133	0.78259563	-1.5016162
1892371	11134	1.172502	-1.6340392
1892371	11135	0.87079823	-1.318919
1892371	11136	1.3048964	-1.7166982
1892371	11137	0.5081357	-1.005857
1892371	11138	0.5240506	-1.1286441
1892371	11139	0.532742	-1.1603688
1892371	11140	0.30894965	-0.88489485
1892371	11141	0.256948	-0.86951196
1892371	11142	0.4107796	-1.0406054
1892371	11143	0.789917	-1.3781407
1892371	11144	0.3415836	-0.8447745
1892371	11145	0.34221596	-0.87651086
1892371	11146	0.29550087	-0.877535
1892371	11147	0.105484545	-0.56416595
1892371	11148	0.0437364	-0.6154333
1892371	11149	-0.0434345	-0.4732836
1892371	11150	-0.13112402	-0.4630042
1892371	11151	0.037831366	-0.6543385
1892371	11152	-0.045479387	-0.5944786
1892371	11153	0.12307167	-0.83608246
1892371	11154	0.04259163	-0.7491216
1892371	11155	0.1741336	-0.8673079
1892371	11156	0.4472382	-1.1768051
1892371	11157	0.5190288	-1.1706891
1892371	11158	0.50976145	-1.1030844
1892371	11159	0.63956857	-1.2508109
1892371	11160	0.7043971	-1.3205482
1892371	11161	0.41329855	-1.0087844
1892371	11162	0.30766636	-0.895847
1892371	11163	0.4940945	-1.1180508
1892371	11164	0.4635756	-1.1360315
1892371	11165	0.45436358	-1.1478038
1892371	11166	0.584847	-1.2455177
1892371	11167	0.6078075	-1.2303631
1892371	11168	0.6375443	-1.1897092
1892371	11169	0.6247504	-1.1990525
1892371	11170	0.73973393	-1.2962452
1892371	11171	0.55298734	-1.1718463
1892371	11172	0.66949594	-1.2265631
1892371	11173	0.75636625	-1.3634189
1892371	11174	0.56319046	-1.108879
1892371	11175	0.7056986	-1.2673572
1892371	11176	0.6339483	-1.2729781
1892371	11177	0.641556	-1.2185436
1892371	11178	0.56891	-1.0938485
1892371	11179	0.4545712	-1.0562783
1892371	11180	0.6786418	-1.2732265
1892371	11181	0.18304038	-0.72434485
1892371	11182	0.6835257	-1.3050072
1892371	11183	1.0004219	-1.6601683
1892371	11184	0.9909353	-1.4333177
1892371	11185	0.69201267	-1.2040535
1892371	11186	0.6135775	-1.2264026
1892371	11187	0.41994524	-1.0279094
1892371	11188	0.74013686	-1.3974612
1892371	11189	0.76048744	-1.2765399
1892371	11190	0.7375535	-1.345741
1892371	11191	0.5543984	-1.0689212
1892371	11192	0.27195907	-0.92849135
1892371	11193	0.47705865	-1.1727562
1892371	11194	0.4392678	-1.0519302
1892371	11195	0.47492272	-1.1018376
1892371	11196	0.39783913	-1.0351927
1892371	11197	0.3471828	-0.9399541
1892371	11198	0.31218493	-0.9921794
1892371	11199	0.2230711	-0.86115
1892371	11200	0.57057893	-1.2180377
1892371	11201	0.19790256	-0.8237962
1892371	11202	0.4538706	-1.0242392
1892371	11203	0.26137578	-0.8032352
1892371	11204	0.44355524	-1.1153449
1892371	11205	0.46718043	-1.0517458
1892371	11206	-0.029323936	-0.618055
1892371	11207	0.37687397	-1.0092794
1892371	11208	0.38277704	-1.0641552
1892371	11209	0.6555586	-1.2324551
1892371	11210	0.75448275	-1.3800267
1892371	11211	0.980904	-1.5360322
1892371	11212	0.6413201	-1.2306415
1892371	11213	0.7082813	-1.3237861
1892371	11214	1.0756228	-1.5968496
1892371	11215	1.390198	-1.7194725
1892371	11216	1.3615079	-1.7956972
1892371	11217	1.381543	-1.7649854
1892371	11218	1.3924477	-1.7850878
1892371	11219	1.5097231	-1.880371
1892371	11220	1.3728899	-1.8197112
1892371	11221	1.397319	-1.8346997
1892371	11222	1.1211264	-1.6111271
1892371	11223	1.0149329	-1.5626718
1892371	11224	1.0590744	-1.640753
1892371	11225	0.9647572	-1.5155274
1892371	11226	1.4680302	-1.8765192
1892371	11227	3.8583026	-3.1765094
1892371	11228	4.419093	-3.3100417
1892371	11229	4.411447	-3.2878542
1892371	11230	2.599092	-3.3064957
1892371	11231	0.9220047	-1.3428198
1892371	11232	0.24935305	-0.54275835
1892371	11233	0.20171279	-0.4695552
1892371	11234	0.2291351	-0.514925
1892371	11235	0.17313778	-0.38487595
1892371	11236	0.16681743	-0.4479478
1892371	11237	0.17906064	-0.48264542
1892371	11238	0.20243293	-0.5012471
1892371	11239	0.21023756	-0.5081979
1892371	11240	0.15082628	-0.48095074
1892371	11241	0.1692763	-0.50167984
1892371	11242	0.17482537	-0.5478053
1892371	11243	0.44566107	-0.82405525
1892371	11244	0.11440873	-0.48222822
1892371	11245	0.17743397	-0.55094796
1892371	11246	0.560925	-1.055142
1892371	11247	0.80582833	-1.2444787
1892371	11248	0.6736635	-1.1955665
1892371	11249	0.49015862	-0.96504223
1892371	11250	0.3955165	-0.9244479
1892371	11251	0.18019259	-0.7056808
1892371	11252	-0.100847304	-0.4060335
1892371	11253	-0.33617687	-0.15966254
1892371	11254	-0.48830053	0.1651881
1892371	11255	-0.5073995	0.06168905
1892371	11256	-0.5106041	0.08462158
1892371	11257	-0.11792016	-0.49863198
1892371	11258	-0.35352415	-0.21850786
1892371	11259	-0.14258832	-0.36236703
1892371	11260	0.08496773	-0.66671205
1892371	11261	-0.26448187	-0.23928323
1892371	11262	0.11811924	-0.65509033
1892371	11263	0.16071784	-0.871187
1892371	11264	-0.036655247	-0.58441734
1892371	11265	-0.42157325	-0.014415026
1892371	11266	-0.6245971	0.164799
1892371	11267	-0.60712993	0.22373363
1892371	11268	-0.5954534	0.15859416
1892371	11269	-0.78403986	0.4095343
1892371	11270	-0.90812707	0.59343696
1892371	11271	-0.9143847	0.61728203
1892371	11272	-0.90009123	0.7047014
1892371	11273	-0.9087104	0.70806754
1892371	11274	-0.94013655	0.6208384
1892371	11275	-0.9396675	0.64076865
1892371	11276	-0.92462826	0.56867194
1892371	11277	-0.9194926	0.53654456
1892371	11278	-0.25972682	-1.1427039
1892371	11279	1.7342418	-1.5850441
1892371	11280	-0.28304875	-0.80280584
1892371	11281	-0.24520472	-1.1417128
1892371	11282	1.414266	-1.3923761
1892371	11283	-0.55800146	-0.63489825
1892371	11284	-0.55741185	-0.8422215
1892371	11285	-0.7946965	-0.6939432
1892371	11286	1.0970558	-1.1534913
1892371	11287	1.3327125	-1.5568969
1892371	11288	1.358648	-1.5068321
1892371	11289	-0.47337285	-0.52865857
1892371	11290	-0.19100392	-1.173191
1892371	11291	-0.6265955	-0.93411756
1892371	11292	1.1127084	-1.1811712
1892371	11293	1.8099369	-1.8125794
1892371	11294	-0.515361	-0.7665995
1892371	11295	-0.67032135	-0.9031821
1892371	11296	1.4389099	-1.5735861
1892371	11297	1.3435731	-1.6742103
1892371	11298	1.3787615	-1.6826757
1892371	11299	-0.65011203	-0.57919425
1892371	11300	1.3873829	-1.3595614
1892371	11301	1.3877958	-1.6238781
1892371	11302	1.3941653	-1.6125143
1892371	11303	-0.48959798	-0.40682164
1892371	11304	1.3433067	-1.2224401
1892371	11305	1.2117621	-1.561892
1892371	11306	1.2508465	-1.5630698
1892371	11307	-0.5284424	-0.3463685
1892371	11308	1.2804244	-1.1716226
1892371	11309	1.1048841	-1.5301735
1892371	11310	1.1600337	-1.557844
1892371	11311	-0.57980096	-0.31197935
1892371	11312	1.2292143	-1.160829
1892371	11313	-0.9696398	-0.3847796
1892371	11314	1.5860931	-1.5487357
1892371	11315	-0.86930084	-0.6275347
1892371	11316	-0.88596934	-0.7634835
1892371	11317	1.3670098	-1.6120052
1892371	11318	1.2089334	-1.6338284
1892371	11319	1.1441938	-1.5627321
1892371	11320	1.1129882	-1.625589
1892371	11321	0.8120755	-1.3349354
1892371	11322	-0.93557703	-0.27602738
1892371	11323	-0.9182974	-0.34125727
1892371	11324	-0.9422623	-0.3140472
1892371	11325	-1.0617704	-0.31000352
1892371	11326	-1.2075028	-0.12264326
1892371	11327	1.1010107	-1.0466661
1892371	11328	1.12587	-1.3255376
1892371	11329	1.0439295	-1.2914057
1892371	11330	1.0669029	-1.220704
1892371	11331	0.83254874	-1.1543509
1892371	11332	-0.9652847	-0.20103842
1892371	11333	1.0017391	-1.0709641
1892371	11334	0.9906336	-1.3162968
1892371	11335	0.9334351	-1.2638627
1892371	11336	-0.9580858	0.017557114
1892371	11337	0.9871913	-1.0315515
1892371	11338	0.88179207	-1.2676495
1892371	11339	0.8483201	-1.2714915
1892371	11340	-0.97489905	0.061038285
1892371	11341	0.99269295	-1.0117131
1892371	11342	0.8349664	-1.2617106
1892371	11343	0.7502196	-1.2314029
1892371	11344	0.68871	-1.2377392
1892371	11345	0.6178448	-1.1593653
1892371	11346	-1.0647027	0.08951518
1892371	11347	-0.8183116	-0.22096822
1892371	11348	-0.99714005	-0.03704375
1892371	11349	1.1665496	-1.0133544
1892371	11350	1.0551614	-1.3526671
1892371	11351	1.0416875	-1.3300904
1892371	11352	-0.9325012	-0.1845932
1892371	11353	1.09773	-1.0651219
1892371	11354	0.9633448	-1.2868094
1892371	11355	0.7972745	-1.1993442
1892371	11356	0.70337677	-1.1594968
1892371	11357	0.6236744	-1.1444978
1892371	11358	-1.165766	0.048279017
1892371	11359	0.9433663	-0.94221354
1892371	11360	0.8161336	-1.2437499
1892371	11361	0.783602	-1.220955
1892371	11362	-1.0579937	0.034889847
1892371	11363	-0.8380672	-0.2127907
1892371	11364	0.9455496	-0.9531476
1892371	11365	1.0150288	-1.4542943
1892371	11366	0.932006	-1.349917
1892371	11367	0.861447	-1.3236649
1892371	11368	0.7684803	-1.296127
1892371	11369	-1.0003169	-0.09508085
1892371	11370	1.0609376	-1.082937
1892371	11371	0.91335094	-1.3306413
1892371	11372	0.8275813	-1.2957977
1892371	11373	0.74924004	-1.2839272
1892371	11374	0.69980466	-1.2258239
1892371	11375	-1.071292	-0.007140398
1892371	11376	0.94937944	-1.0352563
1892371	11377	0.81550145	-1.3160282
1892371	11378	0.74770796	-1.3037252
1892371	11379	0.6931534	-1.2789471
1892371	11380	0.6604793	-1.2603118
1892371	11381	-1.0893736	-0.10072264
1892371	11382	0.9428221	-1.004184
1892371	11383	0.7890216	-1.321288
1892371	11384	0.74001765	-1.3066537
1892371	11385	0.6999544	-1.2917582
1892371	11386	0.6671454	-1.2708906
1892371	11387	-1.0719161	-0.122936726
1892371	11388	0.95430887	-1.0276957
1892371	11389	0.76711106	-1.3134058
1892371	11390	0.722414	-1.3101135
1892371	11391	0.6851201	-1.2944379
1892371	11392	0.6544758	-1.2740463
1892371	11393	-1.0789592	-0.1449176
1892371	11394	0.9276953	-1.0284005
1892371	11395	0.7431246	-1.3154954
1892371	11396	0.7008647	-1.3106666
1892371	11397	0.6729585	-1.2985781
1892371	11398	0.6459894	-1.2831258
1892371	11399	-1.0865378	-0.14411396
1892371	11400	0.9117491	-1.0385426
1892371	11401	-1.2169363	-0.068984
1892371	11402	0.7760637	-1.2330226
1892371	11403	0.7256367	-1.4020184
1892371	11404	0.9158654	-1.4050933
1892371	11405	-0.9559624	-0.3254675
1892371	11406	-0.7485967	-0.6120145
1892371	11407	-0.73981106	-0.7626592
1892371	11408	-0.7840688	-0.7893604
1892371	11409	-0.85308254	1.1643528
1892371	11410	-0.86185783	1.1541111
1892371	11411	-0.81750846	1.0603902
1892371	11412	-0.8154677	1.213769
1892371	11413	-0.6513478	0.40831718
1892371	11414	-0.95393515	1.1481167
1892371	11415	-1.0134947	0.9981122
1892371	11416	-0.9570272	1.0262377
1892371	11417	-0.81772685	0.7703093
1892371	11418	-0.8048148	0.6703875
1892371	11419	-0.79483175	0.61231244
1892371	11420	-0.59663224	0.2950922
1892371	11421	-0.5702435	0.25861928
1892371	11422	-0.40616643	-0.030676931
1892371	11423	-0.3804407	-0.083231986
1892371	11424	-0.39954376	-0.063761204
1892371	11425	-0.26542142	-0.27465358
1892371	11426	-0.24432209	-0.276334
1892371	11427	-0.1731683	-0.25216442
1892371	11428	-0.20138118	-0.22561641
1892371	11429	0.12769932	-0.732466
1892371	11430	-0.07966328	-0.58595496
1892371	11431	-0.43132794	-0.01710549
1892371	11432	-0.32940435	-0.05954516
1892371	11433	-0.38982284	-0.14448437
1892371	11434	-0.33122808	-0.29760975
1892371	11435	-0.513847	0.019333303
1892371	11436	-0.21549124	-0.27808124
1892371	11437	-0.0715456	-0.49765116
1892371	11438	-0.13008353	-0.38990784
1892371	11439	0.0011869073	-0.58381134
1892371	11440	-0.17051414	-0.40874854
1892371	11441	-0.24568805	-0.26601696
1892371	11442	0.32226294	-0.9478791
1892371	11443	0.4713992	-1.0509613
1892371	11444	0.5347779	-1.0801175
1892371	11445	0.4077707	-0.8910407
1892371	11446	0.3404231	-1.0294816
1892371	11447	0.21945798	-0.70701975
1892371	11448	-0.08840388	-0.28330278
1892371	11449	-0.16284958	-0.2682377
1892371	11450	-0.2202749	-0.40819716
1892371	11451	-0.46043038	-0.1514898
1892371	11452	-0.5254715	-0.12097344
1892371	11453	-0.3241378	-0.2491892
1892371	11454	-0.3543021	-0.22677232
1892371	11455	-0.36107928	-0.16492993
1892371	11456	-0.55750746	0.050700992
1892371	11457	-0.80668426	0.32977596
1892371	11458	-0.8529271	0.46880952
1892371	11459	-0.81494975	0.40566352
1892371	11460	-0.47609916	0.11648211
1892371	11461	-0.107834935	-0.6270262
1892371	11462	-0.07938212	-0.60187197
1892371	11463	-0.13283521	-0.50672615
1892371	11464	-0.22564143	-0.37669337
1892371	11465	-0.4675644	-0.04742664
1892371	11466	-0.47702885	-0.03801942
1892371	11467	-0.75491786	0.32292435
1892371	11468	-0.7611715	0.38417652
1892371	11469	-0.7271188	0.32488504
1892371	11470	-0.7177866	0.4161425
1892371	11471	-0.3806916	-1.4026432
1892371	11472	1.9112664	-1.7498024
1892371	11473	1.7879275	-1.7443763
1892371	11474	1.4873633	-1.4222013
1892371	11475	0.045045316	-0.6841212
1892371	11476	-0.42235857	-0.780356
1892371	11477	-0.6704076	-0.6983278
1892371	11478	-0.7797253	-0.7032859
1892371	11479	-0.78306496	-0.8209492
1892371	11480	-0.9808816	-0.37175953
1892371	11481	-1.0198699	-0.52161986
1892371	11482	-1.1365108	-0.12073028
1892371	11483	-1.3086131	-0.10048634
1892371	11484	-1.1578097	-0.34184262
1892371	11485	-1.2409422	-0.27893817
1892371	11486	0.95109534	-0.8545786
1892371	11487	0.9762963	-1.1525253
1892371	11488	0.8910743	-1.0813831
1892371	11489	0.8479996	-1.0641352
1892371	11490	0.7593446	-1.0007925
1892371	11491	0.6840254	-1.00258
1892371	11492	0.63453746	-0.9766288
1892371	11493	-0.8987931	0.014845878
1892371	11494	0.93768454	-0.8920708
1892371	11495	0.95054436	-1.174047
1892371	11496	0.89998496	-1.1404922
1892371	11497	-0.7181226	0.13182786
1892371	11498	1.560217	-1.1026578
1892371	11499	0.96143246	-1.078523
1892371	11500	0.9006698	-1.1261337
1892371	11501	0.814715	-1.0638568
1892371	11502	0.7257066	-1.0351392
1892371	11503	-0.9010198	0.0019055307
1892371	11504	1.1497595	-0.97552454
1892371	11505	0.9455515	-1.2004864
1892371	11506	0.8741473	-1.1579474
1892371	11507	0.77271235	-1.0975119
1892371	11508	0.68750465	-1.0497988
1892371	11509	-0.91589916	-0.019108951
1892371	11510	1.1031263	-0.9182786
1892371	11511	0.8818766	-1.2102346
1892371	11512	0.8376454	-1.1707149
1892371	11513	0.7460631	-1.1247133
1892371	11514	0.6664865	-1.0610673
1892371	11515	-0.87720454	0.029669136
1892371	11516	1.1712332	-0.94862956
1892371	11517	0.8531828	-1.2021816
1892371	11518	0.838122	-1.1892302
1892371	11519	0.7571697	-1.1215361
1892371	11520	0.6725888	-1.0937884
1892371	11521	-0.8916868	-0.07598993
1892371	11522	1.1297804	-0.9680605
1892371	11523	0.84125006	-1.2194515
1892371	11524	0.817191	-1.1947095
1892371	11525	0.7357048	-1.1378151
1892371	11526	0.6460222	-1.0869502
1892371	11527	-0.90978706	-0.058145672
1892371	11528	0.9389634	-0.9217085
1892371	11529	0.77069914	-1.203475
1892371	11530	0.72609687	-1.170168
1892371	11531	0.6450496	-1.1173424
1892371	11532	0.5920795	-1.0956805
1892371	11533	-0.97463095	0.03024891
1892371	11534	1.1308794	-0.99675643
1892371	11535	0.81054413	-1.2297302
1892371	11536	0.81361425	-1.1881669
1892371	11537	0.7835337	-1.2128242
1892371	11538	0.69939244	-1.1416538
1892371	11539	-0.82031226	-0.011274278
1892371	11540	1.405318	-1.2203722
1892371	11541	-1.0234058	-0.25163645
1892371	11542	1.0287315	-1.269134
1892371	11543	0.9312289	-1.3499365
1892371	11544	0.8707118	-1.2031579
1892371	11545	-0.858987	-0.12133208
1892371	11546	1.2442073	-1.0997885
1892371	11547	-0.98333955	-0.17883617
1892371	11548	1.041125	-1.2766666
1892371	11549	0.9559531	-1.3602977
1892371	11550	0.8348918	-1.1877717
1892371	11551	0.68921864	-1.1747283
1892371	11552	0.6321238	-1.158529
1892371	11553	-0.93984514	0.022934526
1892371	11554	1.1105585	-1.056419
1892371	11555	0.841967	-1.2283224
1892371	11556	0.8478302	-1.2535772
1892371	11557	0.7798724	-1.1942577
1892371	11558	0.69296885	-1.1589102
1892371	11559	-0.8615898	-0.01527375
1892371	11560	1.1555455	-1.0523815
1892371	11561	0.79995084	-1.2232162
1892371	11562	0.81211424	-1.2536
1892371	11563	0.74636865	-1.1894478
1892371	11564	0.66595364	-1.165472
1892371	11565	-0.9177872	-0.12312934
1892371	11566	1.0508599	-1.0454011
1892371	11567	0.7765635	-1.2285776
1892371	11568	0.7509916	-1.223751
1892371	11569	0.67927074	-1.1658642
1892371	11570	0.61889887	-1.132011
1892371	11571	-0.99030423	-0.054470748
1892371	11572	0.9714221	-0.99992085
1892371	11573	0.73115945	-1.2133164
1892371	11574	0.71948755	-1.2023607
1892371	11575	0.6914073	-1.2029089
1892371	11576	0.6372107	-1.152338
1892371	11577	-0.9481407	-0.054739833
1892371	11578	0.9750191	-0.99238896
1892371	11579	0.7338221	-1.2305367
1892371	11580	0.73637414	-1.2284994
1892371	11581	0.70367587	-1.2278166
1892371	11582	0.62918246	-1.1571383
1892371	11583	-0.92374086	-0.099721104
1892371	11584	1.0214736	-1.0022099
1892371	11585	0.7274277	-1.2181553
1892371	11586	0.7445886	-1.2364265
1892371	11587	0.70636225	-1.2209544
1892371	11588	0.64194906	-1.1599069
1892371	11589	-0.8896122	-0.10362631
1892371	11590	1.0175167	-1.0033365
1892371	11591	-1.0957632	-0.08325958
1892371	11592	0.8284247	-1.2048876
1892371	11593	0.77807856	-1.3731393
1892371	11594	0.71552694	-1.2182037
1892371	11595	0.6160617	-1.2122686
1892371	11596	0.5768068	-1.1980344
1892371	11597	-0.8837862	-0.02339089
1892371	11598	1.0418528	-1.0305977
1892371	11599	0.74197316	-1.2330503
1892371	11600	0.7902651	-1.2871897
1892371	11601	0.73786116	-1.2303202
1892371	11602	0.6536255	-1.1840819
1892371	11603	-0.8515463	-0.14680311
1892371	11604	1.0792873	-1.0266935
1892371	11605	-1.0658526	-0.12202221
1892371	11606	0.87175703	-1.2343278
1892371	11607	0.8066443	-1.3834813
1892371	11608	0.75500333	-1.2272266
1892371	11609	0.6548356	-1.2437152
1892371	11610	0.5871817	-1.2002753
1892371	11611	-0.8543931	0.06268272
1892371	11612	1.0820104	-1.0374557
1892371	11613	0.7368866	-1.2272025
1892371	11614	0.79435265	-1.2953861
1892371	11615	0.75351024	-1.2423682
1892371	11616	0.67159295	-1.2093028
1892371	11617	-0.86641705	-0.1886478
1892371	11618	1.0803287	-1.0876015
1892371	11619	0.7629936	-1.2566667
1892371	11620	0.772418	-1.2745641
1892371	11621	0.7160858	-1.2350925
1892371	11622	0.64048827	-1.1788578
1892371	11623	-0.914559	-0.1001775
1892371	11624	0.96282446	-1.0268385
1892371	11625	0.711277	-1.2386732
1892371	11626	0.73848677	-1.2708912
1892371	11627	0.71146035	-1.2676634
1892371	11628	0.62562263	-1.1771247
1892371	11629	-0.9005163	-0.102210075
1892371	11630	0.8776554	-0.9960487
1892371	11631	0.6773803	-1.2411857
1892371	11632	0.69210446	-1.2602981
1892371	11633	0.65037763	-1.2229449
1892371	11634	0.6001117	-1.1933454
1892371	11635	-0.9520108	-0.049444556
1892371	11636	0.9730791	-1.0304974
1892371	11637	0.7039634	-1.2427291
1892371	11638	0.74952316	-1.2839801
1892371	11639	0.70534945	-1.2403697
1892371	11640	0.6555821	-1.2159041
1892371	11641	-0.8812251	-0.1994201
1892371	11642	1.0322692	-1.0253061
1892371	11643	0.73105085	-1.2567972
1892371	11644	0.76764464	-1.2709513
1892371	11645	0.7394227	-1.2594861
1892371	11646	0.66759884	-1.1976682
1892371	11647	-0.8640806	-0.1534521
1892371	11648	0.8908582	-0.9918132
1892371	11649	0.69247293	-1.2596391
1892371	11650	0.7166668	-1.271576
1892371	11651	0.66864	-1.2384441
1892371	11652	0.6104951	-1.1924651
1892371	11653	-0.92930484	-0.08514717
1892371	11654	0.94896173	-1.0024523
1892371	11655	0.6932926	-1.2303411
1892371	11656	0.74056244	-1.267402
1892371	11657	0.7139964	-1.2437087
1892371	11658	0.67725253	-1.2339894
1892371	11659	-0.8696475	-0.10748345
1892371	11660	0.97651017	-1.0214102
1892371	11661	0.6994542	-1.2351522
1892371	11662	0.7480402	-1.282426
1892371	11663	0.71534765	-1.2563322
1892371	11664	0.66460276	-1.226594
1892371	11665	-0.88123274	-0.17191994
1892371	11666	0.9137149	-1.0291474
1892371	11667	0.70392203	-1.2661946
1892371	11668	0.7254728	-1.2777121
1892371	11669	0.673522	-1.2405317
1892371	11670	0.6194794	-1.2011954
1892371	11671	-0.9284742	-0.1310482
1892371	11672	0.8991219	-0.9940481
1892371	11673	0.69055545	-1.2597401
1892371	11674	0.7296841	-1.275694
1892371	11675	0.69712687	-1.2521437
1892371	11676	0.65121937	-1.2129201
1892371	11677	-0.88419425	-0.17494541
1892371	11678	0.96829414	-1.0068384
1892371	11679	0.71409225	-1.2682056
1892371	11680	0.7631998	-1.291356
1892371	11681	0.7280197	-1.2711518
1892371	11682	0.6743798	-1.2207389
1892371	11683	-0.86854243	-0.16704828
1892371	11684	1.033489	-1.0398462
1892371	11685	0.72122574	-1.2504785
1892371	11686	0.76618433	-1.2771828
1892371	11687	0.7435967	-1.2655113
1892371	11688	0.6923387	-1.229195
1892371	11689	-0.86225986	-0.16817969
1892371	11690	1.0161879	-1.0240425
1892371	11691	0.731766	-1.2670233
1892371	11692	0.77985954	-1.2918428
1892371	11693	0.6928499	-1.1712239
1892371	11694	0.6832156	-1.252387
1892371	11695	1.3008627	-1.6712325
1892371	11696	1.3911037	-1.6502092
1892371	11697	-0.5467153	-0.672787
1892371	11698	0.9385221	-1.336763
1892371	11699	1.0815874	-1.5467454
1892371	11700	1.2232636	-1.5779306
1892371	11701	-0.6726153	-0.61628157
1892371	11702	1.2284504	-1.4470495
1892371	11703	1.1421955	-1.5332501
1892371	11704	1.1950388	-1.5866883
1892371	11705	-0.6741454	-0.42822316
1892371	11706	-0.6772081	-0.58860457
1892371	11707	1.0973196	-1.2592762
1892371	11708	1.1275128	-1.5693045
1892371	11709	1.1979775	-1.5508438
1892371	11710	-0.6490536	-0.4989999
1892371	11711	1.2659456	-1.3075918
1892371	11712	1.0839658	-1.4540259
1892371	11713	1.1575259	-1.5005836
1892371	11714	-0.6544694	-0.2848428
1892371	11715	1.2412262	-1.2735102
1892371	11716	1.0005763	-1.4020708
1892371	11717	1.0976038	-1.4841728
1892371	11718	-0.65017325	-0.27756608
1892371	11719	-0.5928866	-0.5878924
1892371	11720	-0.8727402	-0.19910595
1892371	11721	1.1869335	-1.1581765
1892371	11722	1.3240035	-1.6410447
1892371	11723	1.5169812	-1.7053695
1892371	11724	1.3107641	-1.62976
1892371	11725	1.0241127	-1.4723957
1892371	11726	0.8476856	-1.3924541
1892371	11727	0.83945787	-1.4181701
1892371	11728	0.45981055	-1.0225827
1892371	11729	-1.1066613	-0.44003427
1892371	11730	-1.253072	-0.09571466
1892371	11731	0.66595066	-1.1148862
1892371	11732	0.794328	-1.3960824
1892371	11733	0.843994	-1.3395287
1892371	11734	0.9366298	-1.4367404
1892371	11735	0.9607518	-1.4650897
1892371	11736	-0.7350471	-0.37970677
1892371	11737	-0.7063754	-0.3941715
1892371	11738	-0.8698563	-0.38209915
1892371	11739	1.2340606	-1.2540455
1892371	11740	0.7523056	-1.1502105
1892371	11741	0.7257869	-1.1759101
1892371	11742	-0.98211586	-0.078202695
1892371	11743	1.5728551	-1.3076162
1892371	11744	1.1180661	-1.2365603
1892371	11745	1.1654273	-1.1692398
1892371	11746	-0.85140216	-0.16252813
1892371	11747	1.3512096	-1.1849973
1892371	11748	1.1496849	-1.2841024
1892371	11749	1.0880013	-1.2235538
1892371	11750	-0.75475025	-0.12614754
1892371	11751	1.4121519	-1.0933886
1892371	11752	1.0882628	-1.2625777
1892371	11753	1.0638608	-1.2177782
1892371	11754	-0.7361482	-0.117421865
1892371	11755	1.427845	-1.083059
1892371	11756	1.069193	-1.2583662
1892371	11757	1.0482246	-1.2228855
1892371	11758	-0.7353544	-0.11185527
1892371	11759	1.4167604	-1.0817202
1892371	11760	1.0494653	-1.2531807
1892371	11761	1.0512486	-1.276335
1892371	11762	-0.71199274	-0.12245259
1892371	11763	1.3040097	-1.0811528
1892371	11764	0.98585093	-1.2562126
1892371	11765	0.9904609	-1.2844151
1892371	11766	-0.7658241	-0.093481034
1892371	11767	1.2810595	-1.0593795
1892371	11768	-0.99323106	-0.16455275
1892371	11769	1.1605946	-1.25904
1892371	11770	1.0031106	-1.2581247
1892371	11771	0.9675287	-1.3042226
1892371	11772	-0.72462946	-0.08043265
1892371	11773	1.3145883	-1.062914
1892371	11774	-0.96599394	-0.20647037
1892371	11775	1.1434935	-1.2761658
1892371	11776	-0.9843333	-0.07823029
1892371	11777	1.0859512	-1.2879423
1892371	11778	-1.0237654	-0.08100724
1892371	11779	1.2571831	-1.27547
1892371	11780	1.118936	-1.319963
1892371	11781	1.1004193	-1.2900513
1892371	11782	-0.68316257	-0.19994575
1892371	11783	1.4044405	-1.1550356
1892371	11784	1.0651346	-1.3097643
1892371	11785	1.0617917	-1.2699213
1892371	11786	-0.72833264	-0.15044728
1892371	11787	1.3615521	-1.1423752
1892371	11788	1.0255078	-1.2989459
1892371	11789	1.0230818	-1.2642773
1892371	11790	-0.7735925	-0.17015252
1892371	11791	1.3582958	-1.1501851
1892371	11792	1.0237975	-1.3049364
1892371	11793	1.0133386	-1.2560028
1892371	11794	-0.7901275	-0.16738379
1892371	11795	1.3584894	-1.1532166
1892371	11796	1.0229484	-1.3070607
1892371	11797	1.011767	-1.2504786
1892371	11798	-0.8020277	-0.16662946
1892371	11799	1.358116	-1.1626863
1892371	11800	1.0253003	-1.3097018
1892371	11801	1.0555872	-1.344241
1892371	11802	-0.75241613	-0.14311105
1892371	11803	1.2356142	-1.1603919
1892371	11804	0.95327854	-1.2750914
1892371	11805	0.9378301	-1.2481862
1892371	11806	-0.84936476	-0.12730289
1892371	11807	1.2983721	-1.1579261
1892371	11808	0.9862776	-1.3027139
1892371	11809	1.0004516	-1.3678955
1892371	11810	0.9287834	-1.2884802
1892371	11811	0.8035847	-1.2568777
1892371	11812	-0.88292575	-0.19277313
1892371	11813	1.1755835	-1.1065491
1892371	11814	0.9072883	-1.3170558
1892371	11815	0.90868986	-1.3417485
1892371	11816	0.80266607	-1.2479318
1892371	11817	0.76822877	-1.2973487
1892371	11818	-0.893978	-0.062637866
1892371	11819	1.0429847	-1.0891485
1892371	11820	-1.1392143	-0.13141727
1892371	11821	0.95598173	-1.2904525
1892371	11822	0.8955852	-1.4252831
1892371	11823	-0.74768627	-0.063739
1892371	11824	-0.84714353	0.10616723
1892371	11825	1.1704445	-1.159816
1892371	11826	0.98250556	-1.3338811
1892371	11827	1.0479807	-1.388181
1892371	11828	-0.67328846	-0.10202497
1892371	11829	1.1631161	-1.0852932
1892371	11830	0.87122095	-1.2604816
1892371	11831	0.8957256	-1.2200354
1892371	11832	-0.8539257	-0.111008435
1892371	11833	1.3099514	-1.1918404
1892371	11834	0.9779668	-1.3146769
1892371	11835	1.0240935	-1.403114
1892371	11836	0.9803338	-1.3714653
1892371	11837	-0.6783144	-0.1745725
1892371	11838	-0.8249687	-0.013625532
1892371	11839	1.2101818	-1.1589301
1892371	11840	0.98522043	-1.3316442
1892371	11841	1.0249008	-1.3721635
1892371	11842	-0.6945757	-0.10720909
1892371	11843	1.1956003	-1.0774201
1892371	11844	0.85874856	-1.2532424
1892371	11845	0.96656597	-1.3697388
1892371	11846	-0.7716063	-0.10822776
1892371	11847	-0.6990837	-0.34897748
1892371	11848	1.3974962	-1.3584746
1892371	11849	1.0487523	-1.456587
1892371	11850	1.1241875	-1.4428968
1892371	11851	-0.7548091	-0.23393776
1892371	11852	1.4713327	-1.2758873
1892371	11853	1.2090275	-1.4363244
1892371	11854	1.202564	-1.4091729
1892371	11855	-0.5725854	-0.25091362
1892371	11856	1.5320224	-1.1786463
1892371	11857	1.1336045	-1.3983759
1892371	11858	1.116911	-1.3610743
1892371	11859	0.9710877	-1.2774158
1892371	11860	0.84699535	-1.2297912
1892371	11861	-0.78610253	-0.13525352
1892371	11862	1.4004124	-1.1385705
1892371	11863	1.0318588	-1.3604926
1892371	11864	1.043708	-1.3792353
1892371	11865	0.92864573	-1.249591
1892371	11866	0.86680794	-1.314186
1892371	11867	-0.8074112	-0.15982208
1892371	11868	1.2953342	-1.1387087
1892371	11869	0.99814236	-1.3661602
1892371	11870	1.0241963	-1.3994079
1892371	11871	0.8986577	-1.3141699
1892371	11872	0.79159606	-1.2774069
1892371	11873	0.7379384	-1.2263458
1892371	11874	0.7249012	-1.2505264
1892371	11875	-0.9572065	-0.21626605
1892371	11876	1.0468042	-1.1165388
1892371	11877	0.8849124	-1.3568372
1892371	11878	0.8753315	-1.351469
1892371	11879	0.7760798	-1.3004651
1892371	11880	0.6715255	-1.2077476
1892371	11881	0.63835526	-1.2066904
1892371	11882	0.65581846	-1.2383995
1892371	11883	-1.001941	-0.11190009
1892371	11884	1.0417184	-1.1078707
1892371	11885	0.85988426	-1.3626692
1892371	11886	0.9082335	-1.4121537
1892371	11887	0.82303894	-1.3028189
1892371	11888	0.77387357	-1.3364509
1892371	11889	-0.8645848	-0.21920563
1892371	11890	1.1969639	-1.151134
1892371	11891	0.89495313	-1.3639812
1892371	11892	0.95709693	-1.428214
1892371	11893	0.861251	-1.3483046
1892371	11894	0.7185582	-1.2292877
1892371	11895	0.72025514	-1.2736144
1892371	11896	0.7068989	-1.271327
1892371	11897	-0.909672	-0.18840346
1892371	11898	1.1311826	-1.1362989
1892371	11899	0.85866046	-1.3549652
1892371	11900	0.9219465	-1.4190727
1892371	11901	0.8180438	-1.2528454
1892371	11902	0.80294	-1.3501791
1892371	11903	-0.8857474	-0.23382743
1892371	11904	1.150565	-1.1772069
1892371	11905	0.8983704	-1.3778751
1892371	11906	0.9064269	-1.2993367
1892371	11907	-0.8732437	-0.24728718
1892371	11908	1.2456213	-1.2159865
1892371	11909	0.9674783	-1.3950973
1892371	11910	0.9976059	-1.4364955
1892371	11911	0.932518	-1.3590341
1892371	11912	0.8136302	-1.3040053
1892371	11913	-0.8601567	-0.3436259
1892371	11914	1.1178149	-1.1474656
1892371	11915	-1.0611614	-0.19942978
1892371	11916	0.9067912	-1.3212837
1892371	11917	0.88081336	-1.3744224
1892371	11918	0.8432386	-1.3368112
1892371	11919	0.75363386	-1.2967795
1892371	11920	0.70317996	-1.2775153
1892371	11921	-0.90918213	-0.16052765
1892371	11922	1.0741551	-1.1561232
1892371	11923	0.85982656	-1.3474172
1892371	11924	0.9178393	-1.4110812
1892371	11925	0.8267213	-1.2874801
1892371	11926	0.7573743	-1.3049233
1892371	11927	-0.8606914	-0.3040401
1892371	11928	1.1531326	-1.1590655
1892371	11929	0.89829314	-1.3768209
1892371	11930	0.9537015	-1.4272227
1892371	11931	0.8169229	-1.262745
1892371	11932	0.78374684	-1.3345065
1892371	11933	-0.83837116	-0.23441187
1892371	11934	1.1408426	-1.1576022
1892371	11935	0.8676609	-1.3582916
1892371	11936	0.9569621	-1.448464
1892371	11937	0.8608396	-1.3122103
1892371	11938	0.79990244	-1.3552817
1892371	11939	1.07611	-1.4223632
1892371	11940	1.3330566	-1.6360506
1892371	11941	-0.7944802	-0.62008184
1892371	11942	1.0672252	-1.3931255
1892371	11943	1.0024577	-1.4941642
1892371	11944	1.0373873	-1.4987004
1892371	11945	-0.8684029	-0.47773057
1892371	11946	1.241044	-1.393936
1892371	11947	1.0878655	-1.5282129
1892371	11948	1.0697619	-1.4893714
1892371	11949	-0.78927815	-0.39479518
1892371	11950	1.2909383	-1.3050385
1892371	11951	1.0393343	-1.483361
1892371	11952	1.0583134	-1.469963
1892371	11953	-0.7490048	-0.36464995
1892371	11954	1.3289418	-1.2894573
1892371	11955	1.0356745	-1.467602
1892371	11956	1.0657091	-1.4478656
1892371	11957	-0.7470776	-0.32301947
1892371	11958	1.3488344	-1.2793183
1892371	11959	1.0335908	-1.4531918
1892371	11960	1.0641117	-1.4398696
1892371	11961	-0.739804	-0.33715212
1892371	11962	1.3556025	-1.2799401
1892371	11963	1.0377098	-1.4417171
1892371	11964	1.0673426	-1.4332123
1892371	11965	-0.7338648	-0.33099535
1892371	11966	1.357411	-1.2765257
1892371	11967	1.0386249	-1.4441081
1892371	11968	1.0701556	-1.4292746
1892371	11969	-0.727233	-0.3278417
1892371	11970	1.3567829	-1.2744676
1892371	11971	-0.9675219	-0.39242023
1892371	11972	1.18053	-1.4842024
1892371	11973	1.0280616	-1.4307058
1892371	11974	1.0349656	-1.500067
1892371	11975	-0.72004235	-0.31677246
1892371	11976	1.27481	-1.2801106
1892371	11977	0.9959134	-1.4244719
1892371	11978	1.0356808	-1.4212158
1892371	11979	-0.7195013	-0.30280936
1892371	11980	1.2814329	-1.2779652
1892371	11981	0.99528027	-1.4205159
1892371	11982	1.0292696	-1.4157548
1892371	11983	-0.73218894	-0.26818413
1892371	11984	1.2935362	-1.2750838
1892371	11985	0.9856529	-1.4124864
1892371	11986	1.0128604	-1.4056822
1892371	11987	-0.74450415	-0.31337717
1892371	11988	1.274294	-1.2937479
1892371	11989	0.98757803	-1.4198093
1892371	11990	0.99604225	-1.3859051
1892371	11991	-0.76162755	-0.2816867
1892371	11992	1.3119959	-1.2785021
1892371	11993	0.9880446	-1.4080228
1892371	11994	1.0827903	-1.5114938
1892371	11995	-0.70847267	-0.3033141
1892371	11996	1.1861268	-1.2615359
1892371	11997	0.92469406	-1.3819661
1892371	11998	1.0854864	-1.5829902
1892371	11999	-0.71129614	-0.2559019
1892371	12000	1.0019511	-1.2354529
1892371	12001	-1.0956299	-0.17746952
1892371	12002	1.1912475	-1.377169
1892371	12003	1.0300654	-1.4369626
1892371	12004	1.0310038	-1.3818494
1892371	12005	-0.7268275	-0.33675694
1892371	12006	1.3927672	-1.3179578
1892371	12007	1.0657607	-1.4537735
1892371	12008	1.073167	-1.3929801
1892371	12009	-0.70624816	-0.33767775
1892371	12010	1.3753779	-1.300688
1892371	12011	1.0550467	-1.4424832
1892371	12012	1.0730981	-1.4051934
1892371	12013	-0.7161392	-0.333618
1892371	12014	-0.8424865	0.0007124543
1892371	12015	-1.0989575	0.079236716
1892371	12016	1.1027361	-1.1799932
1892371	12017	-1.0391107	-0.15804154
1892371	12018	1.1440396	-1.2624651
1892371	12019	1.0850226	-1.4211003
1892371	12020	0.98920286	-1.2036339
1892371	12021	0.82643795	-1.2095621
1892371	12022	0.7572446	-1.1824765
1892371	12023	1.4516939	-1.6325852
1892371	12024	1.1144468	-1.4252013
1892371	12025	0.68851054	-1.0701816
1892371	12026	0.7586913	-1.0810895
1892371	12027	-1.129182	-0.19762188
1892371	12028	-1.1875315	-0.06677082
1892371	12029	-1.2836014	0.15124795
1892371	12030	-1.1752586	-0.07343662
1892371	12031	-1.2084682	-0.1889239
1892371	12032	1.0245268	-1.1292479
1892371	12033	1.0295008	-1.371991
1892371	12034	1.0219074	-1.2938352
1892371	12035	0.9046601	-1.2462863
1892371	12036	0.23049337	-0.67231405
1892371	12037	0.23287308	-0.77606153
1892371	12038	0.23249227	-0.7916463
1892371	12039	0.1762039	-0.7318975
1892371	12040	0.15364659	-0.7444527
1892371	12041	0.28820997	-0.7838879
1892371	12042	0.6198132	-1.0966105
1892371	12043	0.5117955	-0.958038
1892371	12044	-0.0037697554	-0.45101616
1892371	12045	0.054340005	-0.47999394
1892371	12046	0.40998566	-1.1491293
1892371	12047	0.4877777	-1.2122461
1892371	12048	0.5789194	-1.401038
1892371	12049	0.19869173	-0.85379744
1892371	12050	0.15446866	-0.84843785
1892371	12051	0.33071202	-1.0214311
1892371	12052	0.112287045	-0.71005034
1892371	12053	-0.5636861	0.097571224
1892371	12054	-0.22663745	-0.4368953
1892371	12055	-0.023320735	-0.7079821
1892371	12056	0.6497624	-1.4308745
1892371	12057	0.8829495	-1.6885254
1892371	12058	0.9618118	-1.4318799
1892371	12059	1.2199329	-1.7220749
1892371	12060	1.3935105	-1.7874093
1892371	12061	0.87068594	-1.4952365
1892371	12062	0.4506408	-1.1396316
1892371	12063	0.017536402	-0.66866314
1892371	12064	-0.24103102	-0.47974014
1892371	12065	-0.18438563	-0.5868186
1892371	12066	-0.18211341	-0.599414
1892371	12067	-0.53646713	-0.19416112
1892371	12068	-0.5479486	-0.16573766
1892371	12069	-0.4847387	-0.23543355
1892371	12070	-0.51964885	-0.244823
1892371	12071	-0.49477777	-0.28479064
1892371	12072	-1.0958686	0.5539768
1892371	12073	-1.3377054	1.076432
1892371	12074	-1.23302	1.0104499
1892371	12075	-1.199779	0.9156405
1892371	12076	-1.0531995	0.605427
1892371	12077	-0.97491777	0.4136528
1892371	12078	-1.0939717	0.56008685
1892371	12079	-1.0731013	0.611532
1892371	12080	-1.0836818	0.644078
1892371	12081	-0.9789083	0.4486238
1892371	12082	-1.188665	0.6977519
1892371	12083	-1.1601212	0.8032633
1892371	12084	-1.2178266	0.9164007
1892371	12085	-1.0398077	0.6054095
1892371	12086	-1.0356172	0.5152253
1892371	12087	-1.2475183	0.8322283
1892371	12088	-1.0362586	0.5384295
1892371	12089	-1.0287983	0.52070236
1892371	12090	-1.1397536	0.71208644
1892371	12091	-1.1675391	0.7747109
1892371	12092	-1.0081506	0.6242745
1892371	12093	-1.2135608	0.9916687
1892371	12094	-1.0957589	0.7210082
1892371	12095	-0.9013571	0.44183978
1892371	12096	-1.198727	0.82593703
1892371	12097	-1.1187944	0.73148036
1892371	12098	-1.2125018	0.98986053
1892371	12099	-1.1056938	0.88752353
1892371	12100	-1.1922638	0.74946
1892371	12101	-1.0509932	0.577502
1892371	12102	-1.0263971	0.5759355
1892371	12103	-1.0454757	0.6318517
1892371	12104	-1.1112013	0.8298098
1892371	12105	-1.1651934	0.94207835
1892371	12106	-1.0998483	0.7070857
1892371	12107	-1.3126341	1.0367489
1892371	12108	-1.040251	0.7060753
1892371	12109	-1.1395192	0.77214766
1892371	12110	-0.9172354	0.57581794
1892371	12111	-0.9579507	0.54824555
1892371	12112	-0.9940231	0.6835619
1892371	12113	-1.031086	0.67719233
1892371	12114	-0.984413	0.69351554
1892371	12115	-0.9957053	0.74707043
1892371	12116	-0.8473232	0.5067067
1892371	12117	-1.041976	0.7519393
1892371	12118	-0.9743023	0.626261
1892371	12119	-1.0529788	0.8478793
1892371	12120	-0.9009204	0.5907413
1892371	12121	-0.89912325	0.69948804
1892371	12122	-0.8619355	0.6434039
1892371	12123	-0.6777506	0.36312422
1892371	12124	-1.2019818	1.131529
1892371	12125	-0.72406363	0.43463263
1892371	12126	-1.0229127	0.7232802
1892371	12127	-0.9923738	0.73692024
1892371	12128	-0.76886773	0.43115547
1892371	12129	-0.76100504	0.31990764
1892371	12130	-0.64603996	0.11288604
1892371	12131	-0.9534966	0.4293461
1892371	12132	-1.0182945	0.673782
1892371	12133	-0.79645467	0.3419573
1892371	12134	-0.8205396	0.32064852
1892371	12135	-0.79049975	0.22153851
1892371	12136	-0.9313434	0.5315486
1892371	12137	-0.617169	0.12705442
1892371	12138	-0.28219673	-0.39056563
1892371	12139	-0.28137904	-0.48836097
1892371	12140	-0.16754264	-0.5845147
1892371	12141	-0.19833645	-0.5257114
1892371	12142	-0.19171408	-0.512622
1892371	12143	-0.0029456615	-0.70138115
1892371	12144	0.22850353	-0.9573221
1892371	12145	0.40766138	-1.0361187
1892371	12146	0.29952914	-0.9626186
1892371	12147	0.26370442	-0.9097556
1892371	12148	0.41626388	-1.0723599
1892371	12149	0.22773635	-0.86533433
1892371	12150	0.15025514	-0.7600349
1892371	12151	0.0035936236	-0.6481571
1892371	12152	0.20663142	-0.88075995
1892371	12153	-0.09045467	-0.53771526
1892371	12154	-0.06451395	-0.5727828
1892371	12155	0.035903394	-0.7066692
1892371	12156	0.017346144	-0.6856619
1892371	12157	0.101709604	-0.7784796
1892371	12158	-0.088321835	-0.5573118
1892371	12159	-0.31631166	-0.31406984
1892371	12160	0.14584708	-0.80308604
1892371	12161	0.51172495	-1.1413951
1892371	12162	0.8027153	-1.3969643
1892371	12163	0.9362731	-1.336929
1892371	12164	0.29274267	-0.8291775
1892371	12165	-0.061701357	-0.47953185
1892371	12166	0.6455153	-1.3015454
1892371	12167	0.5263866	-1.0370057
1892371	12168	0.32876086	-0.8343967
1892371	12169	0.93105817	-1.4327552
1892371	12170	0.773396	-1.1087978
1892371	12171	0.4086151	-0.7333706
1892371	12172	0.48579	-0.94491833
1892371	12173	0.5845382	-1.0629089
1892371	12174	0.4994341	-1.0176194
1892371	12175	0.46145308	-0.94581616
1892371	12176	0.56598437	-1.114682
1892371	12177	1.4151754	-1.897209
1892371	12178	1.6671647	-1.7418855
1892371	12179	1.3661462	-1.6964118
1892371	12180	1.1519077	-1.5022689
1892371	12181	1.1861849	-1.5314444
1892371	12182	1.0967793	-1.4637474
1892371	12183	1.2757987	-1.7861627
1892371	12184	1.6560594	-1.9343325
1892371	12185	2.1710267	-2.137391
1892371	12186	2.3506517	-2.230883
1892371	12187	1.4327576	-1.6997706
1892371	12188	0.5489422	-1.1511339
1892371	12189	0.7032292	-1.2712362
1892371	12190	1.2757123	-1.7469195
1892371	12191	0.7064806	-1.3247974
1892371	12192	0.7294456	-1.3238319
1892371	12193	0.4530602	-0.9892937
1892371	12194	0.36096293	-0.97975767
1892371	12195	0.33205605	-1.0248306
1892371	12196	0.7736474	-1.4745084
1892371	12197	-0.15129337	-0.49927732
1892371	12198	-0.19869304	-0.43572336
1892371	12199	-0.11010456	-0.60118073
1892371	12200	0.02646035	-0.722785
1892371	12201	0.07707912	-0.9045255
1892371	12202	0.4948802	-1.263638
1892371	12203	0.31325328	-0.9125701
1892371	12204	0.55969083	-1.3660972
1892371	12205	0.29523188	-0.97163546
1892371	12206	0.21480393	-0.915354
1892371	12207	0.32400525	-1.1560732
1892371	12208	0.30715615	-1.0270882
1892371	12209	-0.5003487	-0.20937496
1892371	12210	-0.82401145	0.34609362
1892371	12211	-0.73281056	0.28860465
1892371	12212	-0.79341745	0.25259605
1892371	12213	-0.82689285	0.39171264
1892371	12214	-0.9452159	0.47827992
1892371	12215	-0.9029148	0.47057804
1892371	12216	-0.8848723	0.44250104
1892371	12217	-0.8741567	0.40712693
1892371	12218	-1.0358065	0.5839999
1892371	12219	-0.99327564	0.57309306
1892371	12220	-1.0031724	0.5431043
1892371	12221	-1.1784194	0.8593416
1892371	12222	-1.045288	0.8227246
1892371	12223	-0.8864752	0.55816066
1892371	12224	-1.0597523	0.77352726
1892371	12225	-0.8457111	0.46134672
1892371	12226	-0.9867654	0.5956048
1892371	12227	-0.83820426	0.4628205
1892371	12228	-1.0567915	0.8574892
1892371	12229	-0.9432157	0.8261876
1892371	12230	-1.1820006	1.1446067
1892371	12231	-1.0250233	0.88275933
1892371	12232	-1.0162737	0.8399327
1892371	12233	-0.89845914	0.59918904
1892371	12234	-0.86101437	0.49718246
1892371	12235	-0.9776592	0.72186935
1892371	12236	-1.0078778	0.80831814
1892371	12237	-0.93809044	0.79120064
1892371	12238	-1.5287322	1.9187856
1892371	12239	-1.511802	1.9553587
1892371	12240	0.039715767	0.16616985
1892371	12241	0.7424855	-0.49631754
1892371	12242	0.7569729	-0.5054066
1892371	12243	0.79801035	-0.46618965
1892371	12244	0.77527034	-0.415609
1892371	12245	0.73053813	-0.3553103
1892371	12246	0.64104116	-0.29764122
1892371	12247	0.5918664	-0.298804
1892371	12248	0.6490177	-0.39224505
1892371	12249	0.5713507	-0.3140537
1892371	12250	0.48283172	-0.27920288
1892371	12251	0.48435438	-0.32417816
1892371	12252	0.6349436	-0.47510758
1892371	12253	1.6500489	-1.2700144
1892371	12254	1.7314922	-1.1251677
1892371	12255	1.7006329	-1.119279
1892371	12256	1.6963824	-1.1348138
1892371	12257	1.2764822	-0.8723986
1892371	12258	1.6471952	-1.1729617
1892371	12259	0.65861917	-0.38054723
1892371	12260	0.3428284	-0.21256049
1892371	12261	0.19409156	-0.1549244
1892371	12262	-0.02407509	0.016473979
1892371	12263	-0.152574	0.12002519
1892371	12264	-0.121500045	0.031742275
1892371	12265	-0.10514429	0.002610147
1892371	12266	0.8487215	-1.0856342
1892371	12267	1.1404655	-1.0320282
1892371	12268	0.24555355	-0.113443196
1892371	12269	0.1557154	-0.19249898
1892371	12270	-0.15461698	0.13037744
1892371	12271	-0.45245644	0.45354596
1892371	12272	-0.40766293	0.3739926
1892371	12273	-0.3772232	0.3266758
1892371	12274	-0.3722328	0.30315033
1892371	12275	-0.53344256	0.5443088
1892371	12276	-0.33056796	0.2270393
1892371	12277	-0.26831633	0.16401914
1892371	12278	-0.27049887	0.16480544
1892371	12279	-0.2556012	0.13645819
1892371	12280	-0.24723154	0.12573007
1892371	12281	-0.20129076	0.06509325
1892371	12282	-0.16578698	0.028229654
1892371	12283	-0.1671294	0.042147726
1892371	12284	-0.17467627	0.04205516
1892371	12285	-0.1738568	0.043540448
1892371	12286	-0.19257602	0.07075718
1892371	12287	-0.4119781	0.27056536
1892371	12288	-0.36713767	0.22475734
1892371	12289	-0.41736525	0.3349512
1892371	12290	-0.7387495	0.6573901
1892371	12291	-0.67254007	0.67571115
1892371	12292	-0.5940411	0.6327481
1892371	12293	-0.12104344	-0.13992178
1892371	12294	0.28247303	-0.515263
1892371	12295	0.7570971	-0.86613864
1892371	12296	0.7452626	-0.71794116
1892371	12297	0.60482955	-0.61758393
1892371	12298	1.0603364	-1.1027893
1892371	12299	0.6394521	-0.5325451
1892371	12300	0.11145079	-0.10172084
1892371	12301	0.18434942	-0.28426063
1892371	12302	0.29837304	-0.40264642
1892371	12303	0.7082509	-0.8320866
1892371	12304	1.2898054	-1.232698
1892371	12305	1.9590114	-1.6435093
1892371	12306	2.0196505	-1.6074927
1892371	12307	2.0020022	-1.5989401
1892371	12308	1.8337201	-1.4816678
1892371	12309	1.8377093	-1.4656062
1892371	12310	1.7654778	-1.4067403
1892371	12311	1.7375582	-1.3926765
1892371	12312	1.3138562	-1.1391015
1892371	12313	1.3935769	-1.1558384
1892371	12314	1.9805504	-1.6685977
1892371	12315	1.971716	-1.5273765
1892371	12316	1.9877487	-1.5321387
1892371	12317	1.6745375	-1.3570487
1892371	12318	2.3802085	-1.8427881
1892371	12319	2.282271	-1.7031051
1892371	12320	2.18688	-1.6407772
1892371	12321	2.8170986	-2.0258393
1892371	12322	2.75765	-1.9364021
1892371	12323	2.3850255	-1.7477098
1892371	12324	2.6997771	-2.0608797
1892371	12325	2.5687132	-1.8614025
1892371	12326	2.4660926	-1.8642173
1892371	12327	2.098526	-1.6155717
1892371	12328	2.3864007	-1.8638041
1892371	12329	2.542872	-1.8523365
1892371	12330	1.9875046	-1.563422
1892371	12331	2.2568417	-1.7865872
1892371	12332	2.1861115	-1.6897044
1892371	12333	2.2179508	-1.7745557
1892371	12334	2.546268	-1.9471806
1892371	12335	2.4854078	-1.8925096
1892371	12336	2.0027661	-1.5410397
1892371	12337	2.1108866	-1.7376584
1892371	12338	2.2543163	-1.6792779
1892371	12339	1.9686092	-1.5620041
1892371	12340	1.9322146	-1.5293969
1892371	12341	1.8649884	-1.4979676
1892371	12342	1.7327675	-1.4436843
1892371	12343	1.9128944	-1.6773826
1892371	12344	1.8865517	-1.4713111
1892371	12345	1.9788197	-1.6970131
1892371	12346	2.0418925	-1.5690693
1892371	12347	1.7489649	-1.4085126
1892371	12348	1.3650868	-0.8954587
1892371	12349	1.143479	-1.1013695
1892371	12350	1.1781566	-2.2547483
1892371	12351	2.5828195	-3.1954243
1892371	12352	0.09079653	-1.1672536
1892371	12353	-0.07705727	-0.68360704
1892371	12354	-0.35767472	-0.31508446
1892371	12355	-0.4887305	-0.15996537
1892371	12356	-0.45987675	-0.20058629
1892371	12357	-0.46614745	-0.17272961
1892371	12358	-0.4456483	-0.21530744
1892371	12359	-0.45560783	-0.19293046
1892371	12360	-0.42177287	-0.23712184
1892371	12361	-0.41145065	-0.23886497
1892371	12362	-0.3474701	-0.3499751
1892371	12363	-0.4142261	-0.26147628
1892371	12364	-0.67306674	0.14820763
1892371	12365	-0.6297661	0.09238121
1892371	12366	-0.8329906	0.4031919
1892371	12367	-0.7438238	0.27602783
1892371	12368	-0.89654934	0.47800806
1892371	12369	-0.86739206	0.4520556
1892371	12370	-0.8262981	0.38092163
1892371	12371	-0.9149685	0.54251647
1892371	12372	-0.8630421	0.4462889
1892371	12373	-0.85495037	0.42816266
1892371	12374	-0.7664974	0.3013617
1892371	12375	-1.0537485	0.7669425
1892371	12376	-0.94933677	0.65643835
1892371	12377	-0.96853614	0.69255996
1892371	12378	-0.9299084	0.6639663
1892371	12379	-0.91258657	0.6883769
1892371	12380	-1.0432336	0.89270926
1892371	12381	-1.202647	1.1799716
1892371	12382	-0.9677806	0.8842931
1892371	12383	-0.72485435	0.3715193
1892371	12384	-0.82410514	0.5332793
1892371	12385	-0.7807257	0.50445306
1892371	12386	-0.7639948	0.44504228
1892371	12387	-0.7564794	0.42797378
1892371	12388	-0.5464366	0.15266058
1892371	12389	-0.825772	0.5750096
1892371	12390	-0.76993614	0.5104425
1892371	12391	-0.8778998	0.70613503
1892371	12392	-0.9206218	0.72062314
1892371	12393	-0.95334285	0.7610589
1892371	12394	-0.422463	-0.7805548
1892371	12395	1.9593796	-1.1369903
1892371	12396	2.1071572	-1.2148811
1892371	12397	2.0773516	-1.0863013
1892371	12398	2.0091977	-1.0027809
1892371	12399	1.9232463	-0.950546
1892371	12400	0.46235645	-0.5830405
1892371	12401	0.022999883	1.1533498
1892371	12402	0.10867703	1.0268123
1892371	12403	0.13390732	1.0619949
1892371	12404	0.31587166	-0.70199805
1892371	12405	3.067821	-0.6302512
1892371	12406	2.8348799	-0.62521964
1892371	12407	2.5882382	-0.6393424
1892371	12408	2.4440694	-0.71481144
1892371	12409	2.2639828	-0.8027463
1892371	12410	0.5883393	-0.37569457
1892371	12411	0.2986802	1.4400487
1892371	12412	0.37253875	1.1267642
1892371	12413	0.40660012	1.1673813
1892371	12414	0.3713237	-0.5480781
1892371	12415	3.1305056	-0.49968463
1892371	12416	2.807982	-0.51169837
1892371	12417	2.5063643	-0.57982427
1892371	12418	2.4499722	-0.7049718
1892371	12419	2.401424	-0.7519647
1892371	12420	0.62220204	-0.38964856
1892371	12421	0.33283538	1.4486282
1892371	12422	0.41032284	1.1367596
1892371	12423	0.44434756	1.1879888
1892371	12424	0.3917545	-0.5364608
1892371	12425	3.041212	-0.42233598
1892371	12426	2.6567655	-0.4696897
1892371	12427	2.3846269	-0.53058916
1892371	12428	2.3318768	-0.65503883
1892371	12429	2.3819613	-0.774392
1892371	12430	0.6542295	-0.41247168
1892371	12431	0.35788608	1.4135433
1892371	12432	0.4351477	1.116316
1892371	12433	0.45746183	1.1848384
1892371	12434	0.3966152	-0.5554537
1892371	12435	3.005046	-0.41512495
1892371	12436	2.619556	-0.47230572
1892371	12437	2.3418436	-0.5346746
1892371	12438	2.269877	-0.6486291
1892371	12439	2.3010774	-0.742144
1892371	12440	0.62585104	-0.47754025
1892371	12441	0.37066793	1.3540515
1892371	12442	0.4345259	1.0925512
1892371	12443	0.45257968	1.1527554
1892371	12444	0.3865853	-0.57851416
1892371	12445	2.9971185	-0.44195664
1892371	12446	2.590435	-0.4932331
1892371	12447	2.3299565	-0.55121934
1892371	12448	2.248838	-0.68269825
1892371	12449	2.2808447	-0.78077346
1892371	12450	0.6382731	-0.49166468
1892371	12451	0.38273472	1.316961
1892371	12452	0.4267558	1.035367
1892371	12453	0.450935	1.1425625
1892371	12454	0.38293386	-0.6072726
1892371	12455	2.9598641	-0.44460317
1892371	12456	2.5597644	-0.5071616
1892371	12457	2.303811	-0.5536303
1892371	12458	2.2072349	-0.66843545
1892371	12459	2.24271	-0.7705864
1892371	12460	0.6419232	-0.508256
1892371	12461	0.39575988	1.2843584
1892371	12462	0.42183053	1.0160134
1892371	12463	0.45214027	1.1364379
1892371	12464	0.3966391	-0.60981244
1892371	12465	2.9170628	-0.44959867
1892371	12466	2.5315423	-0.520315
1892371	12467	2.2839112	-0.55004
1892371	12468	2.1919632	-0.67177755
1892371	12469	2.2355433	-0.7738702
1892371	12470	0.6450505	-0.51851124
1892371	12471	0.402574	1.2375288
1892371	12472	0.4292509	1.0241728
1892371	12473	0.44974214	1.1163837
1892371	12474	0.39128786	-0.6181352
1892371	12475	2.8978667	-0.4618405
1892371	12476	2.5225768	-0.52371955
1892371	12477	2.2737517	-0.5631547
1892371	12478	2.1821084	-0.68072045
1892371	12479	2.2198787	-0.7790332
1892371	12480	0.6399255	-0.5240969
1892371	12481	0.40422142	1.2138064
1892371	12482	0.41715986	0.98433375
1892371	12483	0.44705915	1.1054791
1892371	12484	0.3879773	-0.63627815
1892371	12485	2.8962874	-0.4773065
1892371	12486	2.5061903	-0.5365853
1892371	12487	2.2608004	-0.56898993
1892371	12488	2.1673374	-0.6875531
1892371	12489	2.2016053	-0.78165865
1892371	12490	0.63805366	-0.53735054
1892371	12491	0.40605628	1.1993243
1892371	12492	0.4015633	0.9672313
1892371	12493	0.4419	1.1073921
1892371	12494	0.388588	-0.6380842
1892371	12495	2.8889766	-0.48459634
1892371	12496	2.4895434	-0.5461448
1892371	12497	2.2519593	-0.5692948
1892371	12498	2.1535559	-0.6908469
1892371	12499	2.176396	-0.7723625
1892371	12500	0.62214506	-0.5517137
1892371	12501	0.4020818	1.1858817
1892371	12502	0.40242273	0.9606496
1892371	12503	0.43780994	1.0902042
1892371	12504	0.38801944	-0.64599526
1892371	12505	2.8698692	-0.49157622
1892371	12506	2.4833312	-0.5523006
1892371	12507	2.2432084	-0.5745144
1892371	12508	2.1497116	-0.6999996
1892371	12509	2.181858	-0.7887458
1892371	12510	0.62879896	-0.5508541
1892371	12511	0.40545827	1.1630836
1892371	12512	0.3967589	0.9408392
1892371	12513	0.43720555	1.0814743
1892371	12514	0.3924834	-0.6518214
1892371	12515	2.8628964	-0.5006196
1892371	12516	2.469462	-0.5609535
1892371	12517	2.236877	-0.5768869
1892371	12518	2.1560802	-0.7145519
1892371	12519	2.1694899	-0.7779857
1892371	12520	0.6257589	-0.5601377
1892371	12521	0.4065202	1.1447742
1892371	12522	0.39056075	0.93285286
1892371	12523	0.43346786	1.0756222
1892371	12524	0.3900566	-0.655923
1892371	12525	2.8604918	-0.5089473
1892371	12526	2.4623752	-0.56609696
1892371	12527	2.2325554	-0.58324665
1892371	12528	2.1333718	-0.7042177
1892371	12529	2.159459	-0.78714967
1892371	12530	0.62519	-0.5638882
1892371	12531	0.4065367	1.1420195
1892371	12532	0.3946156	0.9409872
1892371	12533	0.4321388	1.076794
1892371	12534	0.38554305	-0.6546744
1892371	12535	2.8533306	-0.51341504
1892371	12536	2.4608588	-0.5646251
1892371	12537	2.226276	-0.58516717
1892371	12538	2.128642	-0.7090628
1892371	12539	2.1595573	-0.79574835
1892371	12540	0.6150774	-0.56638426
1892371	12541	0.4028855	1.1314656
1892371	12542	0.39851564	0.9330249
1892371	12543	0.4304061	1.0569596
1892371	12544	0.38126546	-0.66291773
1892371	12545	2.8658252	-0.52790064
1892371	12546	2.4763446	-0.5694471
1892371	12547	2.2312374	-0.5972918
1892371	12548	2.130784	-0.7168348
1892371	12549	2.1537747	-0.79828274
1892371	12550	0.6099888	-0.57770896
1892371	12551	0.40167195	1.1318057
1892371	12552	0.38916194	0.9104332
1892371	12553	0.42871356	1.0525949
1892371	12554	0.3843133	-0.66566753
1892371	12555	2.8630095	-0.5291718
1892371	12556	2.4669905	-0.57487494
1892371	12557	2.2251377	-0.5916901
1892371	12558	2.1298928	-0.7192042
1892371	12559	2.1542974	-0.8002142
1892371	12560	0.6077038	-0.56981707
1892371	12561	0.39974505	1.145652
1892371	12562	0.3768124	0.8961208
1892371	12563	0.42695105	1.0530709
1892371	12564	0.38664812	-0.6710471
1892371	12565	2.860402	-0.53612894
1892371	12566	2.4624982	-0.5791601
1892371	12567	2.2217398	-0.5956422
1892371	12568	2.1170259	-0.71842283
1892371	12569	2.142982	-0.80303633
1892371	12570	0.60206234	-0.5742496
1892371	12571	0.3985638	1.1190473
1892371	12572	0.39114064	0.9105309
1892371	12573	0.42487186	1.0391026
1892371	12574	0.38119125	-0.67446506
1892371	12575	2.8461218	-0.540052
1892371	12576	2.4433937	-0.5895667
1892371	12577	2.2093964	-0.58822
1892371	12578	2.1224852	-0.73210156
1892371	12579	2.143691	-0.80540013
1892371	12580	0.5960566	-0.5767263
1892371	12581	0.39430743	1.1182287
1892371	12582	0.39157128	0.90438676
1892371	12583	0.42248148	1.0277488
1892371	12584	0.38161683	-0.68196666
1892371	12585	2.8489714	-0.54698884
1892371	12586	2.4526815	-0.58585757
1892371	12587	2.211905	-0.60008746
1892371	12588	2.1292725	-0.7364677
1892371	12589	2.1437483	-0.80703855
1892371	12590	0.60087526	-0.5806675
1892371	12591	0.3983429	1.100478
1892371	12592	0.3881322	0.8998804
1892371	12593	0.4221093	1.0281929
1892371	12594	0.38491625	-0.6811712
1892371	12595	2.8401208	-0.55143917
1892371	12596	2.4504523	-0.58878285
1892371	12597	2.2117915	-0.60048085
1892371	12598	2.117321	-0.72978735
1892371	12599	2.1395316	-0.807834
1892371	12600	0.60354114	-0.5830343
1892371	12601	0.39909428	1.0927918
1892371	12602	0.39820844	0.9210962
1892371	12603	0.42100364	1.0229636
1892371	12604	0.38132805	-0.6746766
1892371	12605	2.842383	-0.5545013
1892371	12606	2.4495811	-0.58897406
1892371	12607	2.2064056	-0.6004578
1892371	12608	2.107604	-0.72591615
1892371	12609	2.1249561	-0.8023776
1892371	12610	0.5994966	-0.58610505
1892371	12611	0.3976671	1.0837456
1892371	12612	0.38674575	0.90863025
1892371	12613	0.4184655	1.0174445
1892371	12614	0.380521	-0.6780673
1892371	12615	2.83537	-0.55954546
1892371	12616	2.4343534	-0.5946198
1892371	12617	2.2042823	-0.5970539
1892371	12618	2.1058888	-0.7277167
1892371	12619	2.1321363	-0.80962545
1892371	12620	0.60194683	-0.5800706
1892371	12621	0.39740497	1.0853189
1892371	12622	0.3827833	0.8974103
1892371	12623	0.41805935	1.0253503
1892371	12624	0.38140476	-0.6806692
1892371	12625	2.8327003	-0.56220806
1892371	12626	2.441186	-0.59366596
1892371	12627	2.202559	-0.603024
1892371	12628	2.1114912	-0.7350218
1892371	12629	2.1227045	-0.80141944
1892371	12630	0.59258497	-0.59175193
1892371	12631	0.39688462	1.0765796
1892371	12632	0.3797065	0.8913226
1892371	12633	0.3802678	1.0907111
1892371	12634	0.37914455	0.87726915
1892371	12635	0.3199938	0.70139015
1892371	12636	0.29241544	-0.70997137
1892371	12637	2.989314	-0.5769517
1892371	12638	2.6132417	-0.6005749
1892371	12639	2.455216	-0.650393
1892371	12640	2.5229468	-0.83796287
1892371	12641	0.64519393	-0.6865352
1892371	12642	0.4330297	0.9378623
1892371	12643	0.47954232	0.6758758
1892371	12644	0.46698135	0.75318503
1892371	12645	0.42422837	0.6911497
1892371	12646	0.41070807	0.5462084
1892371	12647	0.45523953	-0.77130044
1892371	12648	3.114337	-0.6138824
1892371	12649	2.6913118	-0.6547011
1892371	12650	2.5640664	-0.67978525
1892371	12651	2.2524328	-0.77370733
1892371	12652	0.6463947	-0.6993765
1892371	12653	0.42417073	0.9802176
1892371	12654	0.47448242	0.748052
1892371	12655	0.47106308	0.8430157
1892371	12656	0.43071395	-0.7638915
1892371	12657	3.1233706	-0.5713022
1892371	12658	2.637784	-0.6102766
1892371	12659	2.4616818	-0.63828593
1892371	12660	2.1797009	-0.75703055
1892371	12661	2.3175488	-1.009619
1892371	12662	0.6236179	-0.61445755
1892371	12663	0.35943848	0.9920974
1892371	12664	0.44880235	0.70466113
1892371	12665	0.4325474	0.7689414
1892371	12666	0.38683397	0.6851301
1892371	12667	0.37785602	0.62568116
1892371	12668	0.39229417	-0.7424791
1892371	12669	3.0251522	-0.6176339
1892371	12670	2.6308508	-0.6397167
1892371	12671	2.4329982	-0.69252294
1892371	12672	0.73252165	-0.6349509
1892371	12673	0.42651498	1.0848032
1892371	12674	0.45545465	0.8129517
1892371	12675	0.47095537	0.9080154
1892371	12676	0.41131192	0.8757819
1892371	12677	0.38087964	0.7433046
1892371	12678	0.41326278	-0.67324567
1892371	12679	3.0482683	-0.5733446
1892371	12680	2.6342192	-0.60562396
1892371	12681	2.211388	-0.42533326
1892371	12682	1.4924694	-0.26296228
1892371	12683	1.6569642	-0.93388844
1892371	12684	1.5921007	-1.0948387
1892371	12685	1.3823047	-1.0250709
1892371	12686	0.38367456	-0.54957855
1892371	12687	0.20125711	0.95218146
1892371	12688	0.30414647	0.64465797
1892371	12689	0.2977078	0.76608694
1892371	12690	0.19346398	-0.7239743
1892371	12691	2.9172182	-0.57438546
1892371	12692	2.5370145	-0.591748
1892371	12693	2.3041568	-0.6004766
1892371	12694	2.40521	-0.9460608
1892371	12695	2.4498067	-0.9854896
1892371	12696	2.1927104	-1.031101
1892371	12697	2.0632062	-1.2485651
1892371	12698	0.5614426	-0.6677944
1892371	12699	2.5219336	-1.3350614
1892371	12700	2.4728966	-0.826918
1892371	12701	2.2661839	-0.7571002
1892371	12702	2.4361296	-0.9860747
1892371	12703	1.6182243	-1.1608378
1892371	12704	1.5074431	-1.1354314
1892371	12705	1.1663334	-1.0542381
1892371	12706	1.3804348	-1.2280976
1892371	12707	1.6998366	-1.4750876
1892371	12708	1.5295805	-1.2557292
1892371	12709	2.0109444	-1.612278
1892371	12710	1.9931432	-1.4572465
1892371	12711	0.55516696	-0.8868036
1892371	12712	-0.14375162	0.4932094
1892371	12713	0.09292525	0.14660832
1892371	12714	0.004425764	0.19521657
1892371	12715	-0.07277605	0.17729583
1892371	12716	-0.1040245	0.22510383
1892371	12717	-0.108499855	0.17165658
1892371	12718	-0.14090133	0.22165754
1892371	12719	-0.147232	0.20573065
1892371	12720	-0.2646454	0.418551
1892371	12721	-0.25771728	0.26602343
1892371	12722	0.31801653	-1.0507743
1892371	12723	3.03267	-0.7719234
1892371	12724	2.8762188	-0.804268
1892371	12725	2.701593	-0.9444178
1892371	12726	0.70523393	-0.7020749
1892371	12727	2.68156	-1.1950897
1892371	12728	2.8882136	-1.068838
1892371	12729	2.5232668	-0.8673607
1892371	12730	0.5356469	-0.84552026
1892371	12731	0.39284098	0.88287354
1892371	12732	0.55484486	0.38752803
1892371	12733	0.46238357	0.45236763
1892371	12734	0.3005234	0.30534574
1892371	12735	0.17595309	0.31277844
1892371	12736	0.51539195	-0.96441925
1892371	12737	3.233252	-0.78941107
1892371	12738	2.947792	-0.79332006
1892371	12739	2.651822	-0.8615517
1892371	12740	2.5609493	-0.9635953
1892371	12741	2.6010475	-1.0603298
1892371	12742	0.84179294	-0.78893816
1892371	12743	0.40600407	0.96107054
1892371	12744	0.5622195	0.58038175
1892371	12745	0.564571	0.71368
1892371	12746	0.5793413	-0.8753776
1892371	12747	3.1733093	-0.7184167
1892371	12748	2.8181005	-0.74780226
1892371	12749	2.5166202	-0.7870023
1892371	12750	2.427507	-0.89927447
1892371	12751	2.4688778	-0.9860326
1892371	12752	0.7832073	-0.7067963
1892371	12753	0.41020977	1.0622156
1892371	12754	0.5575876	0.713436
1892371	12755	0.5558462	0.8137435
1892371	12756	0.5377946	-0.79623485
1892371	12757	3.1126952	-0.6750487
1892371	12758	2.7694378	-0.70153075
1892371	12759	2.4778495	-0.7342708
1892371	12760	2.385147	-0.86247265
1892371	12761	2.409246	-0.9296267
1892371	12762	0.7626616	-0.6789649
1892371	12763	0.42170107	1.0708622
1892371	12764	0.5388745	0.7263683
1892371	12765	0.55116284	0.80852664
1892371	12766	0.48920923	0.764429
1892371	12767	0.48402125	0.6334958
1892371	12768	0.50645065	-0.72987247
1892371	12769	3.0557404	-0.67262983
1892371	12770	2.777575	-0.6825717
1892371	12771	2.5117526	-0.7318653
1892371	12772	2.4288287	-0.8546617
1892371	12773	2.422248	-0.91308403
1892371	12774	0.7966199	-0.6890698
1892371	12775	0.44803965	1.0076303
1892371	12776	0.53731287	0.69446063
1892371	12777	0.5513873	0.8420329
1892371	12778	0.5208163	-0.77475536
1892371	12779	3.032905	-0.6593765
1892371	12780	2.7100267	-0.6818226
1892371	12781	2.4475517	-0.7161132
1892371	12782	2.3592415	-0.8375528
1892371	12783	2.3668427	-0.8961104
1892371	12784	0.751343	-0.6710633
1892371	12785	0.43790483	1.0525683
1892371	12786	0.5245855	0.74508417
1892371	12787	0.53960145	0.88850117
1892371	12788	0.50275123	-0.74260783
1892371	12789	3.004776	-0.63911647
1892371	12790	2.6929607	-0.66444325
1892371	12791	2.4396372	-0.6984011
1892371	12792	2.349626	-0.8251595
1892371	12793	2.366829	-0.88925785
1892371	12794	0.75944686	-0.6589334
1892371	12795	0.4466182	1.0561755
1892371	12796	0.5101007	0.74858344
1892371	12797	0.5391009	0.9148786
1892371	12798	0.5079191	-0.7263336
1892371	12799	2.9621658	-0.62762403
1892371	12800	2.6679425	-0.6549404
1892371	12801	2.4298196	-0.6877385
1892371	12802	2.326191	-0.80458736
1892371	12803	2.3494558	-0.87461543
1892371	12804	0.74356246	-0.649373
1892371	12805	0.4448191	1.052319
1892371	12806	0.5123923	0.7683711
1892371	12807	0.5342761	0.90318453
1892371	12808	0.50371337	-0.7137215
1892371	12809	2.9376593	-0.63369083
1892371	12810	2.6586056	-0.64751494
1892371	12811	2.4144225	-0.6927055
1892371	12812	2.3105383	-0.80170107
1892371	12813	2.3288016	-0.87354213
1892371	12814	0.74000263	-0.6429193
1892371	12815	0.4446069	1.0399073
1892371	12816	0.501173	0.77782595
1892371	12817	0.52457416	0.9324076
1892371	12818	0.4953935	-0.7122568
1892371	12819	2.9156556	-0.62046516
1892371	12820	2.636526	-0.64069426
1892371	12821	2.3997235	-0.6760265
1892371	12822	2.30378	-0.79371035
1892371	12823	2.3243647	-0.86196125
1892371	12824	0.7344364	-0.6392914
1892371	12825	0.44409287	1.0398449
1892371	12826	0.4967736	0.78411055
1892371	12827	0.52272177	0.9307381
1892371	12828	0.49751556	-0.70680046
1892371	12829	2.917004	-0.6242179
1892371	12830	2.6328301	-0.6371392
1892371	12831	2.3896208	-0.6758081
1892371	12832	2.3137107	-0.80241704
1892371	12833	2.3166695	-0.85507166
1892371	12834	0.7349348	-0.638461
1892371	12835	0.44599175	1.025752
1892371	12836	0.49078292	0.7851535
1892371	12837	0.5188962	0.9344107
1892371	12838	0.49730814	-0.7020725
1892371	12839	2.9042149	-0.6212509
1892371	12840	2.6220942	-0.6382599
1892371	12841	2.3892431	-0.67150676
1892371	12842	2.290954	-0.7872592
1892371	12843	2.310246	-0.8546041
1892371	12844	0.7309979	-0.63379955
1892371	12845	0.44507885	1.024084
1892371	12846	0.49174428	0.79884696
1892371	12847	0.5156504	0.93938506
1892371	12848	0.49137676	-0.6978014
1892371	12849	2.9028769	-0.6259187
1892371	12850	2.6154327	-0.6350162
1892371	12851	2.3818731	-0.6740215
1892371	12852	2.2817798	-0.7866863
1892371	12853	2.3011827	-0.8576783
1892371	12854	0.7178521	-0.62512743
1892371	12855	0.43966705	1.0414442
1892371	12856	0.48580295	0.7920003
1892371	12857	0.5126678	0.93949103
1892371	12858	0.48993415	-0.699275
1892371	12859	2.8972297	-0.6281984
1892371	12860	2.607108	-0.6402773
1892371	12861	2.3762808	-0.66953576
1892371	12862	2.2785974	-0.788798
1892371	12863	2.2958312	-0.85514426
1892371	12864	0.71730566	-0.6297386
1892371	12865	0.44119018	1.0377204
1892371	12866	0.48295617	0.7976084
1892371	12867	0.5110712	0.9456471
1892371	12868	0.48762053	-0.69399023
1892371	12869	2.8997478	-0.6270571
1892371	12870	2.6065931	-0.6314944
1892371	12871	2.3736682	-0.6713225
1892371	12872	2.2732906	-0.7838353
1892371	12873	2.287969	-0.85205394
1892371	12874	0.70211244	-0.62239283
1892371	12875	0.43597656	1.0017464
1892371	12876	0.49151915	0.8291266
1892371	12877	0.49557972	0.79741085
1892371	12878	0.4368931	0.8823266
1892371	12879	0.41616327	0.81497204
1892371	12880	0.46308184	-0.67831707
1892371	12881	2.9138627	-0.643976
1892371	12882	2.6532006	-0.65236914
1892371	12883	2.4222608	-0.6794018
1892371	12884	2.3335972	-0.80318356
1892371	12885	2.3324318	-0.86586356
1892371	12886	0.7410954	-0.65123427
1892371	12887	0.45536774	0.96754813
1892371	12888	0.48400432	0.7413131
1892371	12889	0.5078157	0.84289145
1892371	12890	0.43782753	0.8226074
1892371	12891	0.4263745	0.72338426
1892371	12892	0.48853254	-0.67402077
1892371	12893	2.8795962	-0.6561502
1892371	12894	2.6505566	-0.6737043
1892371	12895	2.429008	-0.68914247
1892371	12896	2.3383374	-0.80614376
1892371	12897	2.3445168	-0.8727407
1892371	12898	0.7724662	-0.65320694
1892371	12899	0.46829408	0.910339
1892371	12900	0.48393804	0.7237443
1892371	12901	0.5070348	0.8238764
1892371	12902	0.4383763	0.8151518
1892371	12903	0.4246074	0.7154429
1892371	12904	0.49355114	-0.66787195
1892371	12905	2.851243	-0.6616431
1892371	12906	2.625121	-0.68281484
1892371	12907	2.5031738	-0.6510647
1892371	12908	2.232542	-0.7395396
1892371	12909	0.6413684	-0.66523206
1892371	12910	0.60608625	-0.8917679
1892371	12911	0.42392838	1.0986058
1892371	12912	0.5368979	0.5764142
1892371	12913	0.5268929	0.73713434
1892371	12914	0.503803	-0.7720271
1892371	12915	3.088766	-0.6109837
1892371	12916	2.7258754	-0.65793705
1892371	12917	2.5994563	-0.7561925
1892371	12918	2.2697902	-0.67436534
1892371	12919	0.5768614	-0.6137715
1892371	12920	0.42171472	1.0896993
1892371	12921	0.5321152	0.7035028
1892371	12922	0.50163746	0.78549266
1892371	12923	0.51639664	-0.7643415
1892371	12924	3.1463995	-0.61606985
1892371	12925	2.7220745	-0.6400698
1892371	12926	2.405106	-0.68097866
1892371	12927	2.2495046	-0.7728512
1892371	12928	2.2283	-0.8507962
1892371	12929	0.6435665	-0.6249705
1892371	12930	0.38215953	1.1870866
1892371	12931	0.50353384	0.8532345
1892371	12932	0.49584913	0.92774725
1892371	12933	0.487132	-0.6907422
1892371	12934	3.0848155	-0.5980314
1892371	12935	2.6571531	-0.5994612
1892371	12936	2.3367467	-0.6414926
1892371	12937	2.2281747	-0.77779806
1892371	12938	2.222207	-0.83354765
1892371	12939	0.67893744	-0.5913267
1892371	12940	0.3999102	1.2189823
1892371	12941	0.4989128	0.85197735
1892371	12942	0.5084816	1.0220982
1892371	12943	0.46362126	-0.6701284
1892371	12944	3.0427518	-0.57662046
1892371	12945	2.6195607	-0.58258736
1892371	12946	2.3214211	-0.6293452
1892371	12947	2.2242174	-0.7702937
1892371	12948	2.2153788	-0.824069
1892371	12949	0.65799713	-0.5950104
1892371	12950	0.40419	1.1738913
1892371	12951	0.5047091	0.89746225
1892371	12952	0.49067825	0.86966956
1892371	12953	0.43239242	0.95741653
1892371	12954	0.41483724	0.87197495
1892371	12955	0.41498786	-0.64768964
1892371	12956	3.0401263	-0.6042944
1892371	12957	2.6755018	-0.597885
1892371	12958	2.3984947	-0.65379363
1892371	12959	2.2940488	-0.78621423
1892371	12960	2.2684846	-0.8480946
1892371	12961	0.70387685	-0.6458554
1892371	12962	0.4331118	1.1015884
1892371	12963	0.49483335	0.79991674
1892371	12964	0.5004052	0.9830191
1892371	12965	0.4493391	-0.6954159
1892371	12966	3.028757	-0.5847813
1892371	12967	2.6299696	-0.5936096
1892371	12968	2.3541079	-0.64300835
1892371	12969	2.2558208	-0.7778584
1892371	12970	2.2322297	-0.8147305
1892371	12971	0.66827834	-0.6341504
1892371	12972	0.4265343	1.1285677
1892371	12973	0.49244964	0.8296597
1892371	12974	0.49641788	1.0004086
1892371	12975	0.44377172	-0.6834332
1892371	12976	2.9999933	-0.57654256
1892371	12977	2.6150546	-0.5886017
1892371	12978	2.3405304	-0.6317198
1892371	12979	2.243885	-0.7669344
1892371	12980	2.2393212	-0.8289707
1892371	12981	0.6866627	-0.6167538
1892371	12982	0.43143862	1.1331414
1892371	12983	0.4838466	0.8339441
1892371	12984	0.50021267	1.0223142
1892371	12985	0.44892132	-0.67208934
1892371	12986	2.968268	-0.57692236
1892371	12987	2.5987186	-0.5858464
1892371	12988	2.3326416	-0.6325109
1892371	12989	2.2282195	-0.759257
1892371	12990	2.2316117	-0.8266746
1892371	12991	0.6854241	-0.61086047
1892371	12992	0.43443513	1.1325866
1892371	12993	0.47646827	0.84220695
1892371	12994	0.32112187	1.2543974
1892371	12995	0.38958985	1.279785
1892371	12996	0.33731508	0.99494076
1892371	12997	0.1886695	-0.44028383
1892371	12998	2.8511462	-0.3545462
1892371	12999	2.4484696	-0.3285123
1892371	13000	2.2514348	-0.42857867
1892371	13001	1.9682719	-0.6185132
1892371	13002	0.46229404	-0.50296897
1892371	13003	0.3536682	1.3212148
1892371	13004	0.39336115	0.94215274
1892371	13005	0.42559338	1.0963628
1892371	13006	0.33400577	-0.6962176
1892371	13007	3.0480576	-0.4933792
1892371	13008	2.5998654	-0.50148547
1892371	13009	2.1954856	-0.41461843
1892371	13010	1.4327	-0.102823526
1892371	13011	2.386898	-1.1318341
1892371	13012	1.485468	-0.95774186
1892371	13013	1.603279	-1.2015017
1892371	13014	1.6571189	-1.2414026
1892371	13015	1.5350944	-1.1494287
1892371	13016	1.5394062	-1.2450756
1892371	13017	1.4181001	-1.2073593
1892371	13018	1.0377897	-0.8929248
1892371	13019	1.1139406	-1.0120565
1892371	13020	1.4746567	-1.2499146
1892371	13021	1.6179167	-1.2592585
1892371	13022	1.7384607	-1.3665817
1892371	13023	1.7531122	-1.3174983
1892371	13024	1.7312146	-1.3277981
1892371	13025	1.7366263	-1.3233638
1892371	13026	1.0275282	-0.8599744
1892371	13027	1.4981807	-1.2731405
1892371	13028	1.540747	-1.2470976
1892371	13029	1.4985164	-1.1746552
1892371	13030	1.3623801	-1.101741
1892371	13031	1.5457829	-1.2736018
1892371	13032	1.5387136	-1.2814782
1892371	13033	1.4483019	-1.1746222
1892371	13034	1.1701963	-1.1253462
1892371	13035	1.1314622	-1.0632915
1892371	13036	1.0697722	-0.88358045
1892371	13037	0.9457501	-1.0897549
1892371	13038	1.9444944	-1.6462742
1892371	13039	1.9533502	-1.3739516
1892371	13040	1.2849939	-1.0813082
1892371	13041	1.1571745	-1.0244794
1892371	13042	1.6826118	-1.398141
1892371	13043	1.8819283	-1.4242817
1892371	13044	1.3547573	-1.1546395
1892371	13045	1.4670222	-1.3571498
1892371	13046	1.2433317	-1.0414456
1892371	13047	1.6613642	-1.4382174
1892371	13048	1.7647289	-1.4288995
1892371	13049	1.7575022	-1.3085423
1892371	13050	2.2431483	-1.6642479
1892371	13051	1.387265	-1.1691668
1892371	13052	-0.1009278	-0.6770203
1892371	13053	-0.28455013	0.72527575
1892371	13054	-0.17768452	0.1645154
1892371	13055	-0.2648424	0.2613177
1892371	13056	-0.29282802	0.24185774
1892371	13057	-0.29500002	0.2576925
1892371	13058	-0.28547072	0.20467278
1892371	13059	-0.42565465	0.5776286
1892371	13060	-0.41845924	0.41814414
1892371	13061	-0.30745047	0.32558897
1892371	13062	-0.3417816	0.36546054
1892371	13063	-0.045177042	-0.018872708
1892371	13064	-0.35208178	0.30664924
1892371	13065	-0.27619076	0.2125018
1892371	13066	-0.398372	0.4214863
1892371	13067	-0.3930049	0.33327326
1892371	13068	-0.3105466	0.06894824
1892371	13069	0.49954462	-0.98343706
1892371	13070	3.1373425	-0.90373284
1892371	13071	2.8848462	-0.7666969
1892371	13072	2.6525855	-0.8692355
1892371	13073	0.61673236	-0.6812689
1892371	13074	0.25780827	1.2491417
1892371	13075	0.40996903	0.8980006
1892371	13076	0.40231133	0.94847894
1892371	13077	0.35118037	-0.68230486
1892371	13078	3.1064668	-0.61904377
1892371	13079	2.6713533	-0.5361648
1892371	13080	2.291206	-0.64940614
1892371	13081	2.1901026	-0.7045213
1892371	13082	2.1763983	-0.8026718
1892371	13083	0.5555984	-0.51296675
1892371	13084	0.2605616	1.567487
1892371	13085	0.38299972	1.0601685
1892371	13086	0.38969445	1.2195036
1892371	13087	0.37677348	-0.52915716
1892371	13088	2.9932747	-0.46452355
1892371	13089	2.5806947	-0.4894596
1892371	13090	2.2110772	-0.56167465
1892371	13091	2.1052723	-0.6812217
1892371	13092	2.0826178	-0.7286282
1892371	13093	0.5809759	-0.5059425
1892371	13094	0.31234145	1.552136
1892371	13095	0.410105	1.0642215
1892371	13096	0.4199677	1.239674
1892371	13097	0.3748175	-0.5109257
1892371	13098	2.962901	-0.42607653
1892371	13099	2.553183	-0.4748566
1892371	13100	2.195909	-0.54484993
1892371	13101	2.0847116	-0.67792124
1892371	13102	2.0565505	-0.72101915
1892371	13103	0.5846164	-0.5068502
1892371	13104	0.34939343	1.4876455
1892371	13105	0.43728793	1.0398108
1892371	13106	0.43928736	1.2044957
1892371	13107	0.38422364	-0.51557696
1892371	13108	2.922565	-0.42181802
1892371	13109	2.537909	-0.48550332
1892371	13110	2.2012405	-0.5515864
1892371	13111	2.0796065	-0.6777749
1892371	13112	2.0475054	-0.7236908
1892371	13113	0.5874313	-0.51949465
1892371	13114	0.37087476	1.4304492
1892371	13115	0.44458425	1.0166419
1892371	13116	0.44949412	1.180862
1892371	13117	0.38615286	-0.522369
1892371	13118	2.8985896	-0.42258695
1892371	13119	2.5157328	-0.49579626
1892371	13120	2.1960015	-0.5472717
1892371	13121	2.0853791	-0.6803996
1892371	13122	2.0535316	-0.7279375
1892371	13123	0.59992135	-0.514336
1892371	13124	0.38878894	1.4075246
1892371	13125	0.43392462	0.98241234
1892371	13126	0.45649117	1.1761551
1892371	13127	0.39842653	-0.5302257
1892371	13128	2.8759694	-0.43132135
1892371	13129	2.5017977	-0.50744224
1892371	13130	2.1976194	-0.5554679
1892371	13131	2.0804706	-0.68314
1892371	13132	2.04768	-0.7295158
1892371	13133	0.5981339	-0.51220644
1892371	13134	0.39662808	1.3761035
1892371	13135	0.43902045	0.9774481
1892371	13136	0.45837134	1.1600382
1892371	13137	0.39386028	-0.5377863
1892371	13138	2.8444247	-0.4334839
1892371	13139	2.481988	-0.5088139
1892371	13140	2.1926508	-0.55961543
1892371	13141	2.0763783	-0.6837919
1892371	13142	2.0447626	-0.73143333
1892371	13143	0.44434005	-0.6194657
1892371	13144	0.36545295	1.3590915
1892371	13145	0.39181477	0.8737314
1892371	13146	0.4038915	0.9971982
1892371	13147	0.42083704	-0.6826602
1892371	13148	3.043064	-0.5425515
1892371	13149	2.6644487	-0.57250875
1892371	13150	2.3587604	-0.63057125
1892371	13151	2.244771	-0.7496282
1892371	13152	2.218316	-0.81042343
1892371	13153	0.6960894	-0.6199989
1892371	13154	0.4267277	1.193131
1892371	13155	0.48185962	0.82461166
1892371	13156	0.49932253	0.99954593
1892371	13157	0.47596318	-0.6668667
1892371	13158	2.949161	-0.5344836
1892371	13159	2.584004	-0.57820463
1892371	13160	2.298149	-0.6157532
1892371	13161	2.282617	-0.74453956
1892371	13162	2.0787458	-0.7521967
1892371	13163	0.6077689	-0.61304814
1892371	13164	0.41298914	1.2068628
1892371	13165	0.4773239	0.8028196
1892371	13166	0.45598626	1.0557098
1892371	13167	0.42590904	0.802189
1892371	13168	0.40416014	-0.68522716
1892371	13169	3.0480504	-0.5535844
1892371	13170	2.7022061	-0.57997376
1892371	13171	2.3901439	-0.6229866
1892371	13172	2.246376	-0.7344732
1892371	13173	2.1934457	-0.79312795
1892371	13174	0.67358005	-0.63964486
1892371	13175	0.42474174	1.1980774
1892371	13176	0.46320802	0.8537742
1892371	13177	0.47317773	1.0244344
1892371	13178	0.44756126	-0.6457095
1892371	13179	2.9675956	-0.51641273
1892371	13180	2.585918	-0.5601402
1892371	13181	2.2870307	-0.59981704
1892371	13182	2.1749387	-0.72086376
1892371	13183	2.1500025	-0.77523005
1892371	13184	0.65923977	-0.57669944
1892371	13185	0.41697067	1.2321591
1892371	13186	0.44997114	0.8734747
1892371	13187	0.42335492	1.261078
1892371	13188	0.39065975	0.97699475
1892371	13189	0.34362757	-0.6063676
1892371	13190	2.9489913	-0.47229028
1892371	13191	2.6322522	-0.50171006
1892371	13192	2.2807984	-0.5713741
1892371	13193	2.1057405	-0.66754556
1892371	13194	2.05408	-0.71338934
1892371	13195	0.5700407	-0.5748099
1892371	13196	0.39082193	1.3229547
1892371	13197	0.41974014	0.9625939
1892371	13198	0.42222852	1.1446227
1892371	13199	0.38777673	-0.59135264
1892371	13200	2.902948	-0.44764787
1892371	13201	2.5057678	-0.50933063
1892371	13202	2.1942887	-0.54602826
1892371	13203	2.0800128	-0.67739844
1892371	13204	2.051713	-0.72674525
1892371	13205	0.5960113	-0.54397833
1892371	13206	0.3909883	1.3383219
1892371	13207	0.42352414	0.9974208
1892371	13208	0.43642765	1.1796722
1892371	13209	0.3967839	-0.57483464
1892371	13210	2.8667402	-0.44379786
1892371	13211	2.4667745	-0.50653154
1892371	13212	2.181013	-0.5428225
1892371	13213	2.0699143	-0.6770735
1892371	13214	2.0443578	-0.7258506
1892371	13215	0.59629667	-0.52638525
1892371	13216	0.39710206	1.3277861
1892371	13217	0.42916745	0.99249935
1892371	13218	0.43826795	1.1645647
1892371	13219	0.39809954	-0.5868212
1892371	13220	2.843255	-0.4550578
1892371	13221	2.459589	-0.5163455
1892371	13222	2.1765347	-0.5520725
1892371	13223	2.067512	-0.683674
1892371	13224	2.049943	-0.73705935
1892371	13225	0.59837985	-0.53728855
1892371	13226	0.4017102	1.2889938
1892371	13227	0.42856753	0.9887359
1892371	13228	0.4378823	1.148751
1892371	13229	0.39730477	-0.59721565
1892371	13230	2.8238955	-0.46589297
1892371	13231	2.450848	-0.5224104
1892371	13232	2.1798773	-0.5609945
1892371	13233	2.0776124	-0.69111574
1892371	13234	2.0526872	-0.7386885
1892371	13235	0.6042062	-0.5424511
1892371	13236	0.4087205	1.260117
1892371	13237	0.430192	0.9905224
1892371	13238	0.43694496	1.1322844
1892371	13239	0.39970964	-0.6051394
1892371	13240	2.799415	-0.47354218
1892371	13241	2.4361348	-0.5304192
1892371	13242	2.1793442	-0.56467855
1892371	13243	2.0819101	-0.6956974
1892371	13244	2.0617418	-0.74331313
1892371	13245	0.6125834	-0.54491484
1892371	13246	0.41274297	1.2259946
1892371	13247	0.4232378	0.97542214
1892371	13248	0.4345141	1.118227
1892371	13249	0.4024855	-0.61033183
1892371	13250	2.7711163	-0.47739315
1892371	13251	2.4172149	-0.5348117
1892371	13252	2.1715193	-0.56291825
1892371	13253	2.0685043	-0.68834084
1892371	13254	2.0642982	-0.7452785
1892371	13255	0.6120124	-0.5493089
1892371	13256	0.4131757	1.2166529
1892371	13257	0.41931307	0.9783926
1892371	13258	0.43125957	1.1119999
1892371	13259	0.40528673	-0.61005104
1892371	13260	2.7687826	-0.4822198
1892371	13261	2.4355426	-0.5357515
1892371	13262	2.1798515	-0.56956017
1892371	13263	2.072362	-0.6887419
1892371	13264	2.0645752	-0.7480148
1892371	13265	0.6101582	-0.54111564
1892371	13266	0.41162884	1.2054298
1892371	13267	0.39916027	0.9303254
1892371	13268	0.42882967	1.1095753
1892371	13269	0.41158354	-0.6327207
1892371	13270	2.772551	-0.49472982
1892371	13271	2.4250417	-0.54751503
1892371	13272	2.1712303	-0.57423586
1892371	13273	2.0703354	-0.6974226
1892371	13274	2.0602026	-0.7477176
1892371	13275	0.5806935	-0.55799663
1892371	13276	2.0126357	-0.9915588
1892371	13277	2.1256633	-0.7598282
1892371	13278	2.0153918	-0.777158
1892371	13279	0.49397254	-0.5297483
1892371	13280	0.36726892	1.328886
1892371	13281	0.38837218	1.0255454
1892371	13282	0.36476582	1.1899968
1892371	13283	0.31577188	0.99069333
1892371	13284	0.3127563	-0.6474237
1892371	13285	2.9641776	-0.49976793
1892371	13286	2.584405	-0.53682256
1892371	13287	2.2499075	-0.5743996
1892371	13288	2.0896988	-0.6859235
1892371	13289	2.0426545	-0.74365366
1892371	13290	0.5492077	-0.572774
1892371	13291	0.37899488	1.2981638
1892371	13292	0.3922714	0.98951995
1892371	13293	0.3936972	1.3149885
1892371	13294	0.38565922	1.0896138
1892371	13295	0.3166142	-0.57572234
1892371	13296	3.0346198	-0.46151188
1892371	13297	2.5637398	-0.44784927
1892371	13298	2.280593	-0.55055785
1892371	13299	0.58287597	-0.51437247
1892371	13300	0.3976698	1.5198385
1892371	13301	0.44642663	1.0923187
1892371	13302	0.523396	1.1585016
1892371	13303	0.4553399	0.83219326
1892371	13304	0.35469455	0.6824906
1892371	13305	0.2320348	0.6086607
1892371	13306	0.43595433	0.26486143
1892371	13307	0.30195177	0.27931932
1892371	13308	0.36834276	0.03199479
1892371	13309	0.4240452	-0.16454864
1892371	13310	0.45293927	-0.21443132
1892371	13311	0.19837749	-0.21983407
1892371	13312	0.23868215	-0.37647295
1892371	13313	0.22353429	-0.39590523
1892371	13314	-0.12275717	0.038922668
1892371	13315	-0.07882455	-0.09547138
1892371	13316	-0.11936715	0.01994431
1892371	13317	0.1407572	-0.40198874
1892371	13318	-0.1611759	-0.18304753
1892371	13319	-0.27717414	-0.11473304
1892371	13320	-0.12611857	-0.2483164
1892371	13321	-0.15800196	-0.24781933
1892371	13322	-0.046216786	-0.4646069
1892371	13323	-0.08829984	-0.41631317
1892371	13324	-0.07586357	-0.4194048
1892371	13325	0.09527171	-0.66163176
1892371	13326	-0.07773849	-0.6329277
1892371	13327	0.09844023	-0.75322944
1892371	13328	-0.12697226	-0.6354941
1892371	13329	0.116966605	-0.9876286
1892371	13330	-0.12019932	-0.6307418
1892371	13331	0.006304562	-0.78392845
1892371	13332	-0.093886614	-0.70152414
1892371	13333	-0.23435947	-0.60158724
1892371	13334	-0.08857033	-0.67027056
1892371	13335	-0.14666831	-0.6396632
1892371	13336	-0.068297	-0.71399534
1892371	13337	-0.18074909	-0.5805999
1892371	13338	-0.3300938	-0.43846035
1892371	13339	-0.046198934	-0.7533187
1892371	13340	-0.24252254	-0.5230322
1892371	13341	-0.45265728	-0.24499618
1892371	13342	0.48679948	-1.485108
1892371	13343	3.1093535	-1.0110003
1892371	13344	0.42443222	-0.65036297
1892371	13345	0.24137837	0.9416425
1892371	13346	0.39652532	0.3122321
1892371	13347	0.13840878	0.253938
1892371	13348	-0.057222575	0.3262237
1892371	13349	-0.12964818	0.13268015
1892371	13350	0.73320043	-1.2834693
1892371	13351	3.4161854	-1.1454679
1892371	13352	0.6885191	-0.61282504
1892371	13353	0.36084974	1.0554073
1892371	13354	0.4230193	0.50995994
1892371	13355	0.25970143	0.61906505
1892371	13356	0.50061035	-0.9687829
1892371	13357	3.2716637	-1.0892973
1892371	13358	0.6884582	-0.5251436
1892371	13359	0.36653847	1.1926423
1892371	13360	0.43316466	0.57142377
1892371	13361	0.3157348	0.6879225
1892371	13362	0.51178026	-0.9572904
1892371	13363	3.3466911	-0.9917829
1892371	13364	0.5514482	-0.52825266
1892371	13365	0.3697639	1.1566608
1892371	13366	0.44964564	0.5219754
1892371	13367	0.28554314	0.63526464
1892371	13368	0.59412944	-1.0050879
1892371	13369	0.74727094	-0.96821547
1892371	13370	3.1366348	-1.2414067
1892371	13371	0.76391935	-0.56161076
1892371	13372	0.40760022	1.3215392
1892371	13373	0.4756621	0.80101573
1892371	13374	0.35793608	0.91687584
1892371	13375	0.41306883	-0.72661066
1892371	13376	0.6833668	-0.9846015
1892371	13377	0.26954514	-0.9570738
1892371	13378	0.66107225	-1.5019777
1892371	13379	3.2269802	-1.2672651
1892371	13380	3.126451	-1.4858819
1892371	13381	2.991281	-1.3365217
1892371	13382	3.147009	-1.5550492
1892371	13383	2.5262566	-1.4905715
1892371	13384	2.1700583	-1.4277179
1892371	13385	1.9218615	-1.369661
1892371	13386	2.255291	-1.6922418
1892371	13387	2.1060581	-1.6235169
1892371	13388	2.5669398	-1.8538345
1892371	13389	2.6628165	-1.8866848
1892371	13390	0.9767978	-1.2343397
1892371	13391	0.23277062	0.036071867
1892371	13392	0.43772876	-0.36465204
1892371	13393	0.24653375	-0.36010343
1892371	13394	0.14487642	-0.38168022
1892371	13395	0.113316774	-0.4059604
1892371	13396	0.045159817	-0.2515042
1892371	13397	0.06928235	-0.3609145
1892371	13398	-0.010225058	-0.21568243
1892371	13399	-0.07431385	-0.11332354
1892371	13400	-0.13722613	-0.046981752
1892371	13401	-0.18979362	0.05029145
1892371	13402	0.1078887	-0.3462289
1892371	13403	-0.1369277	-0.046699136
1892371	13404	0.061109185	-0.29199427
1892371	13405	-0.13990438	-0.09866285
1892371	13406	-0.17948872	-0.109130055
1892371	13407	-0.057075977	-0.27440968
1892371	13408	-0.0019076467	-0.48889303
1892371	13409	-0.008084357	-0.54464203
1892371	13410	-0.100474715	-0.34433648
1892371	13411	-0.07216716	-0.5496242
1892371	13412	-0.28058743	-0.2082026
1892371	13413	-0.406624	-0.0010386407
1892371	13414	-0.10789642	-0.38529423
1892371	13415	0.16385007	-0.836107
1892371	13416	-0.09407836	-0.45145708
1892371	13417	-0.07677537	-0.51784873
1892371	13418	-0.13285741	-0.48312098
1892371	13419	-0.040135026	-0.5634945
1892371	13420	-0.17952594	-0.48567855
1892371	13421	0.022426665	-0.77084386
1892371	13422	-0.20089978	-0.46150038
1892371	13423	-0.089832336	-0.5625751
1892371	13424	0.0024796128	-0.81492805
1892371	13425	-0.27544528	-0.45970246
1892371	13426	-0.014745921	-0.61965287
1892371	13427	0.13159621	-0.89583397
1892371	13428	0.17222798	-0.98362875
1892371	13429	-0.30989176	-0.32839525
1892371	13430	-0.30610317	-0.35848907
1892371	13431	-0.04375705	-0.71318746
1892371	13432	0.08342999	-0.8077655
1892371	13433	0.0602448	-0.86029637
1892371	13434	0.020370364	-0.76583517
1892371	13435	-0.022412986	-0.6750898
1892371	13436	-0.010508537	-0.74457157
1892371	13437	-0.1289415	-0.59579927
1892371	13438	-0.14871162	-0.58590066
1892371	13439	0.16939461	-1.0016806
1892371	13440	0.15753645	-0.9914688
1892371	13441	-0.25205576	-0.48076394
1892371	13442	-0.42337564	-0.25260916
1892371	13443	-0.17709154	-0.58926153
1892371	13444	-0.21436465	-0.5985205
1892371	13445	-0.11620572	-0.63699996
1892371	13446	-0.02578494	-0.70623344
1892371	13447	0.11509907	-0.9481019
1892371	13448	-0.0025214553	-0.7511667
1892371	13449	0.25386488	-1.0253924
1892371	13450	0.83385074	-1.6397877
1892371	13451	1.0702854	-1.7392335
1892371	13452	1.4455928	-1.9699504
1892371	13453	1.4126345	-1.9180064
1892371	13454	1.3022395	-1.8294095
1892371	13455	1.1114798	-1.6932905
1892371	13456	1.4090874	-1.956484
1892371	13457	1.4487324	-1.9298309
1892371	13458	1.1005998	-1.6599523
1892371	13459	1.7110914	-2.167672
1892371	13460	1.7911235	-2.057901
1892371	13461	0.736863	-1.3513533
1892371	13462	0.42188144	-1.1965988
1892371	13463	0.51383674	-1.253051
1892371	13464	0.26094812	-1.0463479
1892371	13465	0.14096582	-0.976318
1892371	13466	0.2992726	-1.1523997
1892371	13467	0.49465406	-1.2952276
1892371	13468	0.832603	-1.601614
1892371	13469	0.8176997	-1.5612583
1892371	13470	0.7013339	-1.4610186
1892371	13471	0.6698917	-1.4222946
1892371	13472	0.6011237	-1.356488
1892371	13473	0.7019851	-1.454539
1892371	13474	1.1674552	-1.8319322
1892371	13475	0.5452832	-1.2181635
1892371	13476	1.5007199	-2.067711
1892371	13477	1.7970546	-2.008742
1892371	13478	1.8143109	-1.981942
1892371	13479	1.9089164	-1.9953169
1892371	13480	2.467639	-2.3008308
1892371	13481	1.6129652	-1.9150372
1892371	13482	2.321288	-2.320181
1892371	13483	2.6832256	-2.4354777
1892371	13484	2.4804888	-2.3933213
1892371	13485	2.311079	-2.2890227
1892371	13486	1.393602	-1.7236495
1892371	13487	0.770193	-1.2983017
1892371	13488	0.3747484	-1.0647197
1892371	13489	0.42945665	-1.1094928
1892371	13490	0.32419086	-1.0429912
1892371	13491	0.02714324	-0.72552335
1892371	13492	-0.117936075	-0.5925393
1892371	13493	-0.46111712	-0.2588169
1892371	13494	-0.45036304	-0.24211569
1892371	13495	-0.193531	-0.60843766
1892371	13496	-0.699063	-0.016565412
1892371	13497	-0.6096038	-0.05103013
1892371	13498	-0.4919984	-0.13757649
1892371	13499	-0.38725126	-0.29725808
1892371	13500	-0.45099658	-0.21993734
1892371	13501	-0.3077314	-0.39533615
1892371	13502	-0.7050235	0.01852718
1892371	13503	-0.56025594	-0.12965512
1892371	13504	-0.43706566	-0.26842746
1892371	13505	-0.62756914	-0.09050873
1892371	13506	-0.7230387	0.037768185
1892371	13507	-0.60645384	-0.003833443
1892371	13508	-0.4015349	-0.2521233
1892371	13509	-0.61305773	-0.07210857
1892371	13510	-0.52087605	-0.18226913
1892371	13511	-0.51578736	-0.18724358
1892371	13512	-0.48808727	-0.13290468
1892371	13513	-0.5170616	-0.11796698
1892371	13514	-0.5369446	-0.067792505
1892371	13515	-0.53469485	-0.05295804
1892371	13516	-0.5252639	-0.055628717
1892371	13517	-0.49208766	-0.066394895
1892371	13518	-0.48597828	-0.08446449
1892371	13519	-0.5060337	0.020783931
1892371	13520	-0.29366416	-0.26189274
1892371	13521	-0.1742563	-0.41574842
1892371	13522	-0.053820074	-0.5854535
1892371	13523	-0.5487082	-0.066518605
1892371	13524	-0.78456455	0.3050889
1892371	13525	-1.0473971	0.59050596
1892371	13526	-1.1565785	0.85150886
1892371	13527	-1.0787959	0.8822049
1892371	13528	-1.0635881	0.7886492
1892371	13529	-0.95745254	0.54212797
1892371	13530	-0.7612461	0.25188062
1892371	13531	-0.7855408	0.14757583
1892371	13532	-0.5833336	-0.0843164
1892371	13533	-0.63945	-0.09801936
1892371	13534	-0.852404	0.15848354
1892371	13535	-0.74026614	0.21034023
1892371	13536	-0.8444741	0.36722234
1892371	13537	-0.8068203	0.18596187
1892371	13538	-0.7771791	0.27032605
1892371	13539	-0.81237805	0.2652904
1892371	13540	-0.8818452	0.46776524
1892371	13541	-0.57924825	-0.04575324
1892371	13542	-0.96711177	0.36339214
1892371	13543	-0.7317071	0.17698929
1892371	13544	-0.65529287	0.006729424
1892371	13545	-0.79259	0.16540638
1892371	13546	-0.816718	0.17641184
1892371	13547	-0.7981761	0.28370515
1892371	13548	-0.6091156	-0.06302434
1892371	13549	-0.4651877	-0.33841544
1892371	13550	-0.48371318	-0.25538072
1892371	13551	-0.7330386	-0.074902534
1892371	13552	-0.7771261	0.04982671
1892371	13553	-0.6950722	0.021884054
1892371	13554	-0.7246394	0.030493528
1892371	13555	-0.53294915	-0.23426491
1892371	13556	-0.53084767	-0.30637765
1892371	13557	-0.55184615	-0.036992997
1892371	13558	-0.582783	-0.20695555
1892371	13559	-0.63640213	-0.13821164
1892371	13560	-0.46074706	-0.31323725
1892371	13561	-0.6786138	-0.11405894
1892371	13562	-0.5494462	-0.19979006
1892371	13563	-0.6820442	-0.12377223
1892371	13564	-0.6981576	0.009418547
1892371	13565	-0.4546758	-0.38291752
1892371	13566	-0.7540281	-0.12962773
1892371	13567	-0.65919983	-0.115260184
1892371	13568	-0.6220086	-0.103386134
1892371	13569	-0.66631377	-0.039575517
1892371	13570	-0.6104611	-0.114002615
1892371	13571	-0.5398958	-0.26146197
1892371	13572	-0.56906277	-0.2758994
1892371	13573	-0.69189394	-0.11809355
1892371	13574	-0.5271347	-0.28799438
1892371	13575	-0.47671443	-0.28993487
1892371	13576	-0.783159	0.11004445
1892371	13577	-0.5759542	-0.16102493
1892371	13578	-0.5887117	-0.16554132
1892371	13579	-0.54631555	-0.16294649
1892371	13580	-0.5629727	-0.13678297
1892371	13581	-0.5684336	-0.12942612
1892371	13582	-0.6087926	-0.051535457
1892371	13583	-0.6237361	-0.02331701
1892371	13584	-0.45277518	-0.22042729
1892371	13585	-0.6803334	-0.07236117
1892371	13586	-0.5158064	-0.16597617
1892371	13587	-0.6106992	-0.016340703
1892371	13588	-0.52767456	-0.058053613
1892371	13589	-0.5272922	-0.13740885
1892371	13590	-0.6839988	-0.035649657
1892371	13591	-0.7086136	0.14053103
1892371	13592	-0.39630777	-0.3305803
1892371	13593	-0.5675025	-0.1574921
1892371	13594	-0.5600744	-0.1299842
1892371	13595	-0.4420757	-0.24597612
1892371	13596	-0.28400356	-0.43769202
1892371	13597	-0.5458212	-0.075576276
1892371	13598	-0.30677748	-0.38458753
1892371	13599	-0.3183423	-0.42780977
1892371	13600	-0.4318803	-0.37404254
1892371	13601	-0.27869472	-0.56520283
1892371	13602	-0.408589	-0.44711322
1892371	13603	-0.20453522	-0.63455576
1892371	13604	-0.07205176	-0.7967341
1892371	13605	-0.21210751	-0.6307028
1892371	13606	0.0049095154	-0.8967029
1892371	13607	-0.19950989	-0.76378185
1892371	13608	0.07842076	-0.9613956
1892371	13609	0.08878291	-0.96826994
1892371	13610	0.20091462	-1.0783844
1892371	13611	0.045862556	-0.9617332
1892371	13612	-0.14317274	-0.85462284
1892371	13613	0.31713003	-1.2603915
1892371	13614	0.29035932	-1.1588597
1892371	13615	0.15700126	-1.0672954
1892371	13616	-0.009025395	-0.92552793
1892371	13617	0.034205556	-0.87075865
1892371	13618	0.15947044	-0.90889966
1892371	13619	-0.1712068	-0.637343
1892371	13620	-0.17701823	-0.57541287
1892371	13621	-0.022239983	-0.67551273
1892371	13622	-0.4309011	-0.2182796
1892371	13623	-0.13591346	-0.5901996
1892371	13624	-0.05630982	-0.7320047
1892371	13625	0.08347374	-0.8787832
1892371	13626	0.45832616	-1.3367405
1892371	13627	0.42554593	-1.2919728
1892371	13628	0.43479735	-1.2979586
1892371	13629	0.40740108	-1.2698754
1892371	13630	0.48646688	-1.3379071
1892371	13631	0.39746577	-1.2613463
1892371	13632	0.5964742	-1.4784876
1892371	13633	0.680717	-1.5033933
1892371	13634	1.1648141	-1.8556288
1892371	13635	1.3811817	-1.8730392
1892371	13636	1.7027065	-2.1225703
1892371	13637	1.7954172	-2.0954003
1892371	13638	1.5387641	-1.9459317
1892371	13639	0.31758523	-1.0828812
1892371	13640	0.22024691	-1.0780716
1892371	13641	0.68975997	-1.5042484
1892371	13642	0.85943437	-1.5208313
1892371	13643	0.89884245	-1.6268104
1892371	13644	1.0420406	-1.7135483
1892371	13645	1.1770262	-1.7343663
1892371	13646	1.5540468	-2.007617
1892371	13647	2.2537541	-2.3042014
1892371	13648	2.0251966	-2.1212492
1892371	13649	1.8460723	-2.063529
1892371	13650	2.0278487	-2.0903971
1892371	13651	1.9638296	-2.1444025
1892371	13652	2.0023942	-2.3102531
1892371	13653	2.0499744	-2.2574828
1892371	13654	2.495924	-2.5416028
1892371	13655	2.2492461	-2.3321235
1892371	13656	2.16186	-2.2849762
1892371	13657	2.1591249	-2.2894862
1892371	13658	2.2240496	-2.2988248
1892371	13659	1.9759756	-2.1904752
1892371	13660	1.9111556	-2.052579
1892371	13661	1.7380041	-2.0806828
1892371	13662	2.074963	-2.2102828
1892371	13663	2.1410117	-2.2730699
1892371	13664	1.9470657	-2.1224277
1892371	13665	1.7735122	-2.0121665
1892371	13666	1.8341616	-2.121052
1892371	13667	1.9409834	-2.1624477
1892371	13668	2.117258	-2.3272855
1892371	13669	2.17131	-2.283397
1892371	13670	1.725051	-2.0064323
1892371	13671	1.8748218	-2.1639912
1892371	13672	1.847052	-2.0280998
1892371	13673	1.5057949	-1.9293426
1892371	13674	1.6772698	-2.0337806
1892371	13675	1.9450692	-2.1602
1892371	13676	1.7284855	-1.9618857
1892371	13677	1.5587853	-1.8804717
1892371	13678	1.3816935	-1.8259646
1892371	13679	1.3579676	-1.7790059
1892371	13680	1.4979779	-1.9179271
1892371	13681	1.3747491	-1.7850198
1892371	13682	1.5670704	-1.908183
1892371	13683	1.0919935	-1.5330538
1892371	13684	1.0553663	-1.5596492
1892371	13685	2.1350389	-2.3723094
1892371	13686	2.6535792	-2.6324437
1892371	13687	-0.021701396	-0.81297827
1892371	13688	-0.44224846	-0.22733906
1892371	13689	-0.52092814	0.11211929
1892371	13690	-0.5122038	0.14007899
1892371	13691	-0.50762224	0.17756745
1892371	13692	-0.50270945	0.16710797
1892371	13693	-0.507989	0.1762434
1892371	13694	-0.5099251	0.15898016
1892371	13695	-0.49697483	0.10593751
1892371	13696	-0.50806093	0.11693379
1892371	13697	-0.4841589	0.05774364
1892371	13698	-0.4737541	0.16286787
1892371	13699	-0.49858767	0.20163313
1892371	13700	-0.6353995	0.40007624
1892371	13701	-0.6348399	0.27479413
1892371	13702	0.07744223	-1.2072608
1892371	13703	2.029489	-1.3776777
1892371	13704	2.0755763	-1.5335737
1892371	13705	1.8736442	-1.3629167
1892371	13706	1.7409815	-1.3555083
1892371	13707	1.5175916	-1.181454
1892371	13708	0.12466025	-0.40547433
1892371	13709	0.029404283	1.2581294
1892371	13710	-0.03256899	1.2317085
1892371	13711	-0.14621878	1.0409539
1892371	13712	0.14374626	-0.7459092
1892371	13713	2.396947	-0.7977843
1892371	13714	2.3197174	-0.9739394
1892371	13715	2.0208645	-0.826368
1892371	13716	1.8454889	-0.9238719
1892371	13717	1.7460455	-0.9656894
1892371	13718	0.1063571	-0.24552307
1892371	13719	0.11580187	1.5281413
1892371	13720	0.06667578	1.3147755
1892371	13721	-0.028354704	1.2550058
1892371	13722	-0.22104892	1.1365358
1892371	13723	0.085068226	-0.5705395
1892371	13724	2.2236075	-0.64252615
1892371	13725	2.2343912	-0.86369157
1892371	13726	1.9830896	-0.7620591
1892371	13727	1.8058809	-0.85266626
1892371	13728	1.7355505	-0.8911492
1892371	13729	0.09807879	-0.16954815
1892371	13730	0.11340296	1.6150491
1892371	13731	0.06360608	1.3699296
1892371	13732	0.035327435	1.2436746
1892371	13733	0.17190629	-0.53239685
1892371	13734	0.16262347	-0.25890565
1892371	13735	1.891548	-0.69085914
1892371	13736	2.074205	-0.87028563
1892371	13737	1.9131807	-0.77056193
1892371	13738	1.7799662	-0.84411985
1892371	13739	1.7368945	-0.8997487
1892371	13740	0.13541377	-0.14909232
1892371	13741	0.10892475	1.6573744
1892371	13742	0.062053144	1.366042
1892371	13743	0.054458678	1.2599512
1892371	13744	0.18150389	-0.5306818
1892371	13745	2.1636047	-0.5149876
1892371	13746	2.11445	-0.81549674
1892371	13747	1.9359816	-0.70255363
1892371	13748	1.8197914	-0.82763886
1892371	13749	1.808211	-0.8877375
1892371	13750	0.19009793	-0.15403739
1892371	13751	0.12830627	1.6346586
1892371	13752	0.07480371	1.358591
1892371	13753	0.08371371	1.2684858
1892371	13754	0.21104574	-0.5002305
1892371	13755	2.1095104	-0.47740945
1892371	13756	2.0499663	-0.79667866
1892371	13757	1.8959187	-0.6818386
1892371	13758	1.8023111	-0.81298876
1892371	13759	1.8186613	-0.8891927
1892371	13760	0.22187483	-0.15110305
1892371	13761	0.13659936	1.6334596
1892371	13762	0.0884583	1.3286393
1892371	13763	0.1015138	1.2651181
1892371	13764	0.24911058	-0.54293287
1892371	13765	2.1180954	-0.4712685
1892371	13766	2.050778	-0.7997923
1892371	13767	1.8984612	-0.68350804
1892371	13768	1.800078	-0.80583763
1892371	13769	1.8455971	-0.90833414
1892371	13770	0.26790845	-0.1826857
1892371	13771	0.1560061	1.5953639
1892371	13772	0.09435707	1.3210531
1892371	13773	0.11184949	1.268104
1892371	13774	0.27380443	-0.536676
1892371	13775	2.0893412	-0.45418084
1892371	13776	2.0288987	-0.80176085
1892371	13777	1.877426	-0.67083603
1892371	13778	1.7847465	-0.8028537
1892371	13779	1.8402344	-0.9046122
1892371	13780	0.2914307	-0.2010406
1892371	13781	0.16360301	1.5715091
1892371	13782	0.10435277	1.2944499
1892371	13783	0.11723012	1.2600828
1892371	13784	0.28878218	-0.5443241
1892371	13785	2.0716362	-0.4581365
1892371	13786	2.016415	-0.8038976
1892371	13787	2.1082063	-0.6112961
1892371	13788	0.43956697	-0.24820526
1892371	13789	0.23345321	1.422148
1892371	13790	0.42732096	-0.65683496
1892371	13791	2.2738228	-0.6033324
1892371	13792	2.048046	-0.88306355
1892371	13793	1.8957266	-0.756551
1892371	13794	1.8118225	-0.91688836
1892371	13795	1.7793578	-0.9207513
1892371	13796	1.6874634	-0.91480005
1892371	13797	0.12953442	-0.18331093
1892371	13798	0.12579632	1.6508827
1892371	13799	0.06342137	1.393255
1892371	13800	0.043915033	1.2875851
1892371	13801	0.21013016	-0.48414546
1892371	13802	2.1742358	-0.52767694
1892371	13803	2.1191077	-0.824046
1892371	13804	1.9831191	-0.6973254
1892371	13805	0.39240378	-0.11887726
1892371	13806	0.17758876	1.5950983
1892371	13807	0.12929052	1.3060735
1892371	13808	0.16857022	1.2178257
1892371	13809	-0.026720762	0.8634012
1892371	13810	-0.26291394	0.7498611
1892371	13811	0.31553	-0.8810307
1892371	13812	2.5278716	-0.8227954
1892371	13813	2.349833	-0.95540416
1892371	13814	2.3291545	-0.75310636
1892371	13815	1.9314209	-0.8666783
1892371	13816	0.3732775	-0.29960686
1892371	13817	0.26261026	-0.27322888
1892371	13818	0.15289092	1.4216342
1892371	13819	0.14221156	1.1573759
1892371	13820	0.00025975704	1.0661556
1892371	13821	0.26646549	-0.66420007
1892371	13822	2.4428024	-0.71283996
1892371	13823	2.2841759	-0.8830427
1892371	13824	2.0665236	-0.76086694
1892371	13825	0.41168714	-0.14401186
1892371	13826	0.20258611	1.6048038
1892371	13827	0.15822822	1.3646351
1892371	13828	0.17028159	1.2445328
1892371	13829	0.3753363	-0.5353987
1892371	13830	2.2838016	-0.55728227
1892371	13831	2.090746	-0.7894266
1892371	13832	1.8991812	-0.683765
1892371	13833	0.44577354	-0.13957566
1892371	13834	0.20185292	1.6072547
1892371	13835	0.14816469	1.3530648
1892371	13836	0.17640084	1.2851608
1892371	13837	0.41535705	-0.54182804
1892371	13838	2.2679358	-0.51339614
1892371	13839	2.0723863	-0.76277924
1892371	13840	1.9029387	-0.6701489
1892371	13841	0.4426927	-0.15693927
1892371	13842	0.21008068	1.6404419
1892371	13843	0.15519625	1.3205539
1892371	13844	0.22536623	1.1577874
1892371	13845	-0.0051609874	0.81427944
1892371	13846	0.432872	-0.8821032
1892371	13847	2.612278	-0.75902283
1892371	13848	2.35071	-0.9041665
1892371	13849	2.3217688	-0.7239169
1892371	13850	1.9300972	-0.83604515
1892371	13851	0.3762725	-0.24106483
1892371	13852	0.2652527	1.4346864
1892371	13853	0.19269782	1.2390704
1892371	13854	0.12824136	1.0854801
1892371	13855	0.33428752	-0.6379124
1892371	13856	2.461041	-0.6300273
1892371	13857	2.2703295	-0.843789
1892371	13858	2.076778	-0.7272179
1892371	13859	0.50423634	-0.23277462
1892371	13860	0.2407865	1.5312614
1892371	13861	0.18546647	1.3133905
1892371	13862	0.23961926	1.1736333
1892371	13863	0.4034406	-0.7459738
1892371	13864	2.594408	-0.67103183
1892371	13865	2.302843	-0.85108554
1892371	13866	2.283525	-0.7763153
1892371	13867	2.1631937	-0.76471967
1892371	13868	1.9040412	-0.9083734
1892371	13869	1.8281049	-1.0471872
1892371	13870	1.6987008	-1.0810653
1892371	13871	0.26846075	-0.33971372
1892371	13872	1.6576873	-1.0183606
1892371	13873	1.7464789	-1.1750045
1892371	13874	1.8228382	-0.9357761
1892371	13875	0.13585037	-0.1540949
1892371	13876	0.09216344	1.7117808
1892371	13877	0.017700732	1.3800225
1892371	13878	0.0016766787	1.2693235
1892371	13879	0.20161468	-0.6044584
1892371	13880	2.3759584	-0.63404864
1892371	13881	2.2240872	-0.87066483
1892371	13882	1.991172	-0.72834206
1892371	13883	1.8680204	-0.8823563
1892371	13884	1.8974904	-0.9673648
1892371	13885	0.3903392	-0.24061498
1892371	13886	0.17053086	1.6659775
1892371	13887	0.087910116	1.3901987
1892371	13888	0.13806695	1.301436
1892371	13889	-0.032623827	1.0168374
1892371	13890	0.32233787	-0.8425948
1892371	13891	2.6981916	-0.77778697
1892371	13892	2.4497714	-0.92992234
1892371	13893	2.1348243	-0.76926744
1892371	13894	1.9513451	-0.8685924
1892371	13895	1.9366344	-0.99343026
1892371	13896	0.3786441	-0.27275676
1892371	13897	0.18238807	1.6738346
1892371	13898	0.11747903	1.4050602
1892371	13899	0.12953907	1.2975343
1892371	13900	0.32860076	-0.5977527
1892371	13901	0.32451916	-0.3840533
1892371	13902	0.16479373	-0.36793005
1892371	13903	1.9497226	-0.74154896
1892371	13904	2.1060324	-0.89633995
1892371	13905	1.9943494	-0.8089663
1892371	13906	1.768967	-0.80931985
1892371	13907	1.7590498	-0.9328841
1892371	13908	1.7503911	-0.9305171
1892371	13909	0.30866063	-0.30916557
1892371	13910	0.12029278	1.7106013
1892371	13911	0.037729084	1.4216841
1892371	13912	0.059625566	1.3512114
1892371	13913	0.27148634	-0.53769046
1892371	13914	2.2843838	-0.54741496
1892371	13915	2.1614614	-0.8226198
1892371	13916	1.9582855	-0.70403755
1892371	13917	1.8321398	-0.81938094
1892371	13918	1.8612517	-0.91404057
1892371	13919	0.4331118	-0.32325435
1892371	13920	0.1876232	1.6610596
1892371	13921	0.102669895	1.3783458
1892371	13922	0.12551999	1.3315754
1892371	13923	0.35790378	-0.58304095
1892371	13924	2.2937355	-0.54313475
1892371	13925	2.1296997	-0.8111556
1892371	13926	1.918311	-0.6772705
1892371	13927	1.8233966	-0.8351523
1892371	13928	1.8686987	-0.92168176
1892371	13929	0.4316619	-0.30278194
1892371	13930	0.19605273	1.6617966
1892371	13931	0.117548704	1.3425301
1892371	13932	0.13062114	1.3236418
1892371	13933	0.35756612	-0.577793
1892371	13934	2.2334933	-0.54059476
1892371	13935	2.0886512	-0.8061384
1892371	13936	1.9201397	-0.6972363
1892371	13937	1.8251613	-0.8358997
1892371	13938	1.8366951	-0.89403486
1892371	13939	0.4174437	-0.3120994
1892371	13940	0.19172841	1.6515801
1892371	13941	0.10697591	1.3242592
1892371	13942	0.12765777	1.3064817
1892371	13943	0.37283027	-0.6411101
1892371	13944	2.3001695	-0.56196094
1892371	13945	2.147637	-0.8191441
1892371	13946	1.9531163	-0.70314044
1892371	13947	1.8456935	-0.8274614
1892371	13948	1.8982989	-0.941128
1892371	13949	0.46093273	-0.34621167
1892371	13950	0.21690917	1.593853
1892371	13951	0.1195178	1.3179543
1892371	13952	0.14373666	1.2934488
1892371	13953	0.39345813	-0.66239214
1892371	13954	2.3125796	-0.57326174
1892371	13955	2.162158	-0.83519334
1892371	13956	1.9647888	-0.70661926
1892371	13957	1.8593854	-0.8322477
1892371	13958	1.9131786	-0.9462122
1892371	13959	0.4730742	-0.354198
1892371	13960	0.2273063	1.5721366
1892371	13961	0.13753897	1.2889878
1892371	13962	0.15161455	1.2756835
1892371	13963	0.40504068	-0.67157364
1892371	13964	2.2983966	-0.589475
1892371	13965	2.1571846	-0.8425093
1892371	13966	1.9604014	-0.7156755
1892371	13967	1.8557132	-0.83831763
1892371	13968	1.9138471	-0.95537275
1892371	13969	0.47573555	-0.34422076
1892371	13970	0.23093712	1.5593135
1892371	13971	0.13659233	1.276579
1892371	13972	0.15467095	1.2673765
1892371	13973	0.40768462	-0.67997116
1892371	13974	2.3019762	-0.5927417
1892371	13975	2.1622772	-0.85373306
1892371	13976	1.9543661	-0.6822946
1892371	13977	1.8937618	-0.8951297
1892371	13978	1.9162256	-0.9256879
1892371	13979	0.48856074	-0.372702
1892371	13980	0.23577273	1.5482495
1892371	13981	0.13988096	1.2704654
1892371	13982	0.15340811	1.2561011
1892371	13983	0.40984505	-0.65622175
1892371	13984	2.241685	-0.5882559
1892371	13985	2.119504	-0.8501707
1892371	13986	1.9841896	-0.7113302
1892371	13987	0.57983875	-0.362886
1892371	13988	0.272273	1.5251377
1892371	13989	0.17202348	1.2470978
1892371	13990	0.19301713	1.2289472
1892371	13991	0.47160834	-0.7219032
1892371	13992	2.3493147	-0.6183417
1892371	13993	2.1881123	-0.85227406
1892371	13994	1.9978899	-0.6784535
1892371	13995	0.604357	-0.39383063
1892371	13996	0.29521453	1.5158167
1892371	13997	0.18414068	1.2639583
1892371	13998	0.20434493	1.2191571
1892371	13999	0.48649222	-0.73808175
1892371	14000	2.4374099	-0.6330074
1892371	14001	2.2397304	-0.8597734
1892371	14002	2.0320349	-0.6792872
1892371	14003	0.62743366	-0.39054802
1892371	14004	0.31203026	1.5115042
1892371	14005	0.20096618	1.2590121
1892371	14006	0.22168195	1.2110407
1892371	14007	0.50803435	-0.7472825
1892371	14008	2.4612699	-0.64820445
1892371	14009	2.25627	-0.86450934
1892371	14010	2.0443473	-0.6869273
1892371	14011	0.64350796	-0.40054584
1892371	14012	0.32220852	1.5081842
1892371	14013	0.20921141	1.2619224
1892371	14014	0.23041624	1.2163062
1892371	14015	0.5175599	-0.74719787
1892371	14016	2.4728904	-0.6544031
1892371	14017	2.2640548	-0.8657125
1892371	14018	2.0498428	-0.69021344
1892371	14019	0.6485095	-0.3995675
1892371	14020	0.32636046	1.5090996
1892371	14021	0.22233021	1.2443118
1892371	14022	0.23543411	1.2111348
1892371	14023	0.52437675	-0.75392795
1892371	14024	2.4746504	-0.6595374
1892371	14025	2.2654705	-0.86931187
1892371	14026	2.0505881	-0.69428766
1892371	14027	0.64599204	-0.39175376
1892371	14028	0.32569796	1.5014204
1892371	14029	0.21503228	1.248658
1892371	14030	0.23650062	1.2045879
1892371	14031	0.5239029	-0.74930286
1892371	14032	2.4695306	-0.66177595
1892371	14033	2.2631392	-0.86979556
1892371	14034	2.0490856	-0.69499564
1892371	14035	0.6460024	-0.39008486
1892371	14036	0.32553518	1.5003738
1892371	14037	0.22290975	1.2328925
1892371	14038	0.23674238	1.1999872
1892371	14039	0.5276551	-0.75756514
1892371	14040	2.468501	-0.6666371
1892371	14041	2.2631168	-0.8731312
1892371	14042	2.0478797	-0.6957649
1892371	14043	0.6471865	-0.3932714
1892371	14044	0.32622635	1.4959209
1892371	14045	0.21988988	1.2350485
1892371	14046	0.2368859	1.1979884
1892371	14047	0.5331329	-0.76428765
1892371	14048	2.468871	-0.66209036
1892371	14049	2.2631397	-0.86595047
1892371	14050	2.0480323	-0.6988679
1892371	14051	0.6429634	-0.3904154
1892371	14052	0.32275432	1.4923618
1892371	14053	0.21746045	1.2314491
1892371	14054	0.23506194	1.1956607
1892371	14055	0.53007007	-0.76480234
1892371	14056	2.467393	-0.673202
1892371	14057	2.2636914	-0.8725953
1892371	14058	2.0484686	-0.70126235
1892371	14059	0.6416179	-0.3834748
1892371	14060	0.3231207	1.4908371
1892371	14061	0.21865058	1.2255257
1892371	14062	0.23613614	1.1912833
1892371	14063	0.53106594	-0.7681931
1892371	14064	2.4666195	-0.6755158
1892371	14065	2.2640753	-0.8826821
1892371	14066	2.0513797	-0.7040756
1892371	14067	0.6520337	-0.39551163
1892371	14068	0.32859254	1.4883038
1892371	14069	0.22207135	1.2280403
1892371	14070	0.23926473	1.1940755
1892371	14071	0.53294647	-0.76533496
1892371	14072	2.4658856	-0.67527145
1892371	14073	2.2604513	-0.87707174
1892371	14074	2.0463033	-0.7045057
1892371	14075	0.6535443	-0.40570647
1892371	14076	0.32765317	1.488155
1892371	14077	0.2135281	1.2456179
1892371	14078	0.23614216	1.2008735
1892371	14079	0.5272682	-0.7481088
1892371	14080	2.453424	-0.67689884
1892371	14081	2.2406845	-0.8192192
1892371	14082	2.067987	-0.7623216
1892371	14083	0.57817006	-0.28720665
1892371	14084	0.2916065	1.5030726
1892371	14085	0.20531261	1.1820213
1892371	14086	0.21907955	1.1666129
1892371	14087	0.5146464	-0.7801877
1892371	14088	2.4300623	-0.68830836
1892371	14089	2.2471027	-0.8852911
1892371	14090	2.0414672	-0.7095889
1892371	14091	0.6467581	-0.40493208
1892371	14092	0.32157934	1.474556
1892371	14093	0.2080996	1.2314616
1892371	14094	0.22981155	1.1858759
1892371	14095	0.5259578	-0.761456
1892371	14096	2.4480548	-0.6832407
1892371	14097	2.2520165	-0.88567215
1892371	14098	2.041016	-0.70716166
1892371	14099	0.64679885	-0.3977879
1892371	14100	0.32411462	1.4806463
1892371	14101	0.21954638	1.2182221
1892371	14102	0.23431796	1.1882663
1892371	14103	0.52881896	-0.7676264
1892371	14104	2.459063	-0.6764761
1892371	14105	2.2540116	-0.87907916
1892371	14106	2.0702853	-0.7475872
1892371	14107	0.5987861	-0.3139627
1892371	14108	0.3033225	1.4821728
1892371	14109	0.20671344	1.1815946
1892371	14110	0.22868395	1.1519389
1892371	14111	0.52518773	-0.78139186
1892371	14112	2.415751	-0.6895988
1892371	14113	2.2311893	-0.885952
1892371	14114	2.031973	-0.7128622
1892371	14115	0.64204144	-0.40799657
1892371	14116	0.31893694	1.4708847
1892371	14117	0.20944256	1.2209494
1892371	14118	0.22785217	1.1821551
1892371	14119	0.5226613	-0.7617941
1892371	14120	2.4440937	-0.68060553
1892371	14121	2.2463017	-0.8858905
1892371	14122	2.037346	-0.709551
1892371	14123	0.6452755	-0.4006512
1892371	14124	0.32147002	1.4746609
1892371	14125	0.20739377	1.2321854
1892371	14126	0.23118341	1.1892865
1892371	14127	0.5270449	-0.76159936
1892371	14128	2.4468865	-0.69128704
1892371	14129	2.2488647	-0.882017
1892371	14130	2.0360365	-0.7087288
1892371	14131	0.6420497	-0.39504728
1892371	14132	0.32133818	1.4781021
1892371	14133	0.21626085	1.2190497
1892371	14134	0.23232651	1.1862874
1892371	14135	0.52715564	-0.7618829
1892371	14136	2.4436903	-0.6949443
1892371	14137	2.2450309	-0.8796799
1892371	14138	2.032167	-0.7107415
1892371	14139	0.63989615	-0.3947064
1892371	14140	0.32029635	1.4787928
1892371	14141	0.20682639	1.2328802
1892371	14142	0.2307086	1.1877766
1892371	14143	0.52870834	-0.75776815
1892371	14144	2.442243	-0.6878611
1892371	14145	2.245472	-0.88563335
1892371	14146	2.035081	-0.708147
1892371	14147	0.65019286	-0.40552133
1892371	14148	0.32657248	1.4766558
1892371	14149	0.21607983	1.2270379
1892371	14150	0.23495668	1.1909766
1892371	14151	0.5335604	-0.76291025
1892371	14152	2.4453454	-0.68843085
1892371	14153	2.2458334	-0.88146234
1892371	14154	2.033692	-0.7091415
1892371	14155	0.6431562	-0.39663517
1892371	14156	0.3231492	1.4735764
1892371	14157	0.2176829	1.216537
1892371	14158	0.23433006	1.1844219
1892371	14159	0.53419805	-0.769169
1892371	14160	2.4436536	-0.6951976
1892371	14161	2.2451425	-0.8766731
1892371	14162	2.0316758	-0.710904
1892371	14163	0.6465876	-0.4078801
1892371	14164	0.32322216	1.4733468
1892371	14165	0.21167088	1.230117
1892371	14166	0.2318669	1.1907747
1892371	14167	0.5257002	-0.7502825
1892371	14168	2.4411745	-0.6846288
1892371	14169	2.2414598	-0.8840696
1892371	14170	2.0327315	-0.71021163
1892371	14171	0.64416015	-0.39502755
1892371	14172	0.32393014	1.473756
1892371	14173	0.21823502	1.215317
1892371	14174	0.23485088	1.1853366
1892371	14175	0.53412366	-0.76896197
1892371	14176	2.4448152	-0.6959162
1892371	14177	2.2466097	-0.8896017
1892371	14178	2.0368328	-0.7136972
1892371	14179	0.6523268	-0.40706778
1892371	14180	0.32859057	1.4709876
1892371	14181	0.21261573	1.2318711
1892371	14182	0.23619848	1.1872121
1892371	14183	0.5362618	-0.75922275
1892371	14184	2.4374666	-0.6945418
1892371	14185	2.239973	-0.88238174
1892371	14186	2.0303078	-0.71422416
1892371	14187	0.63886714	-0.38818377
1892371	14188	0.32247913	1.470716
1892371	14189	0.2151472	1.2139647
1892371	14190	0.23456049	1.1764219
1892371	14191	0.53187287	-0.7609376
1892371	14192	2.4343348	-0.6915026
1892371	14193	2.2350721	-0.8782437
1892371	14194	2.0254893	-0.71087074
1892371	14195	0.64049304	-0.39754894
1892371	14196	0.3215698	1.4702544
1892371	14197	0.20696563	1.2279071
1892371	14198	0.23153263	1.1815177
1892371	14199	0.53158796	-0.75736403
1892371	14200	2.4302692	-0.69886374
1892371	14201	2.2361894	-0.8831787
1892371	14202	2.028069	-0.7142078
1892371	14203	0.64211774	-0.39435917
1892371	14204	0.3234818	1.4677043
1892371	14205	0.21388769	1.2168002
1892371	14206	0.23405665	1.1800315
1892371	14207	0.5348357	-0.7645042
1892371	14208	2.4315214	-0.69801986
1892371	14209	2.2364879	-0.8844326
1892371	14210	2.0281963	-0.7136824
1892371	14211	0.66023815	-0.4297572
1892371	14212	0.33055615	1.4624333
1892371	14213	0.21200216	1.2412056
1892371	14214	0.23325568	1.2044748
1892371	14215	0.5230808	-0.7390718
1892371	14216	2.4408412	-0.6798139
1892371	14217	2.2392745	-0.8910442
1892371	14218	2.0363579	-0.70744854
1892371	14219	0.64085984	-0.38841444
1892371	14220	0.32730764	1.4639841
1892371	14221	0.22684044	1.1977909
1892371	14222	0.23635274	1.1674128
1892371	14223	0.5418893	-0.78406554
1892371	14224	2.4417496	-0.7049897
1892371	14225	2.2439418	-0.89088523
1892371	14226	2.035779	-0.72129726
1892371	14227	0.651991	-0.40967685
1892371	14228	0.32849234	1.4615502
1892371	14229	0.21151501	1.2294168
1892371	14230	0.23625255	1.1834433
1892371	14231	0.5288502	-0.7476305
1892371	14232	2.4274006	-0.70163506
1892371	14233	2.2307062	-0.8834476
1892371	14234	2.0234933	-0.71612525
1892371	14235	0.64422643	-0.40255192
1892371	14236	0.32432753	1.4694446
1892371	14237	0.21616226	1.2181413
1892371	14238	0.23299915	1.1839117
1892371	14239	0.5313852	-0.7548774
1892371	14240	2.39681	-0.73814535
1892371	14241	2.2214627	-0.90785915
1892371	14242	2.0466938	-0.7698418
1892371	14243	0.65350246	-0.38926536
1892371	14244	0.3298049	1.4564
1892371	14245	0.22017562	1.2061143
1892371	14246	0.23625493	1.1743414
1892371	14247	0.52858627	-0.7150563
1892371	14248	2.3224778	-0.6808914
1892371	14249	2.149207	-0.8776423
1892371	14250	2.0087638	-0.7663054
1892371	14251	0.6464871	-0.41661394
1892371	14252	0.31649256	1.4527669
1892371	14253	0.20198667	1.2130033
1892371	14254	0.22366291	1.184138
1892371	14255	0.47838122	-0.6570435
1892371	14256	2.228283	-0.68053466
1892371	14257	2.1181407	-0.8917174
1892371	14258	2.1184192	-0.676914
1892371	14259	1.9334718	-0.87041354
1892371	14260	0.49131447	-0.33208215
1892371	14261	0.24159223	1.4881229
1892371	14262	0.17756772	1.2502221
1892371	14263	0.14852983	1.232409
1892371	14264	0.010912597	0.9989562
1892371	14265	0.34380287	-0.84164965
1892371	14266	2.6960096	-0.79221046
1892371	14267	2.434105	-0.94535816
1892371	14268	1.9556879	-0.5526197
1892371	14269	1.5704781	-0.67805314
1892371	14270	1.5312945	-0.7304333
1892371	14271	0.16160583	-0.07099944
1892371	14272	1.7956053	-0.80312574
1892371	14273	1.6697096	-0.76965034
1892371	14274	1.8947812	-0.7835145
1892371	14275	1.6630815	-0.633188
1892371	14276	1.6448461	-0.934589
1892371	14277	0.041920066	-0.16104117
1892371	14278	0.15837145	1.5631807
1892371	14279	0.07847214	1.277861
1892371	14280	-0.00369215	1.1346431
1892371	14281	0.17736793	-0.69287634
1892371	14282	2.5454564	-0.7594455
1892371	14283	2.463758	-0.9654273
1892371	14284	2.2031035	-0.8099996
1892371	14285	1.998856	-0.89793515
1892371	14286	1.976308	-0.99545455
1892371	14287	0.4148711	-0.31442446
1892371	14288	0.20399106	1.6436892
1892371	14289	0.12770677	1.3704375
1892371	14290	0.14611483	1.2734921
1892371	14291	0.39856273	-0.6866649
1892371	14292	2.5180702	-0.6187229
1892371	14293	2.2576108	-0.8189585
1892371	14294	1.9927121	-0.70047283
1892371	14295	1.8659042	-0.8419535
1892371	14296	1.8822974	-0.90244627
1892371	14297	0.4584943	-0.32866138
1892371	14298	0.2143091	1.662184
1892371	14299	0.13395995	1.3689518
1892371	14300	0.15750802	1.300975
1892371	14301	0.42636186	-0.67618513
1892371	14302	2.4610367	-0.5840801
1892371	14303	2.2129116	-0.81267864
1892371	14304	1.9500288	-0.6759611
1892371	14305	1.8373517	-0.82293
1892371	14306	1.8834823	-0.9108954
1892371	14307	0.4755863	-0.305237
1892371	14308	0.23235428	1.6575859
1892371	14309	0.14171654	1.3614804
1892371	14310	0.1667648	1.3041489
1892371	14311	0.43424612	-0.6558077
1892371	14312	2.391954	-0.5723164
1892371	14313	2.1694922	-0.80274934
1892371	14314	1.5448698	-0.2092152
1892371	14315	1.5666515	-0.5679103
1892371	14316	1.1498926	-0.7142198
1892371	14317	0.9191712	-0.75861263
1892371	14318	0.92366517	-0.8571423
1892371	14319	-0.08386153	0.051751226
1892371	14320	-0.027439475	1.9405565
1892371	14321	-0.048417985	1.6505318
1892371	14322	-0.11194077	1.4848268
1892371	14323	-0.029668659	-0.42582256
1892371	14324	2.2770524	-0.6935504
1892371	14325	2.2339487	-0.8555629
1892371	14326	2.0690303	-0.7527862
1892371	14327	1.9107252	-0.81711626
1892371	14328	1.8279873	-0.87168
1892371	14329	0.29194808	-0.21520379
1892371	14330	0.13802385	1.8005264
1892371	14331	0.06397289	1.5271547
1892371	14332	0.080283284	1.4305266
1892371	14333	0.29303926	-0.55481184
1892371	14334	2.3712163	-0.55652416
1892371	14335	2.1133585	-0.74676013
1892371	14336	1.8691646	-0.6385272
1892371	14337	1.770805	-0.803043
1892371	14338	1.7675773	-0.8437346
1892371	14339	0.35520017	-0.26196644
1892371	14340	0.16745555	1.7827275
1892371	14341	0.08687073	1.4791857
1892371	14342	0.11055863	1.4125626
1892371	14343	0.35072362	-0.58375853
1892371	14344	2.348084	-0.52861804
1892371	14345	2.0826473	-0.7531518
1892371	14346	1.8397266	-0.6269694
1892371	14347	1.7350858	-0.77284634
1892371	14348	1.7664901	-0.8573767
1892371	14349	0.3714016	-0.23787007
1892371	14350	0.18678707	1.7630968
1892371	14351	0.10279077	1.4476819
1892371	14352	0.12697154	1.3892976
1892371	14353	0.36770046	-0.58371115
1892371	14354	2.3082933	-0.5247913
1892371	14355	2.0598578	-0.74418175
1892371	14356	1.8259021	-0.62853515
1892371	14357	1.72337	-0.76995826
1892371	14358	1.7633513	-0.8640606
1892371	14359	0.38343042	-0.2487445
1892371	14360	0.19612575	1.748534
1892371	14361	0.1140424	1.4146332
1892371	14362	0.12984437	1.3763518
1892371	14363	0.37008417	-0.5945777
1892371	14364	2.3017492	-0.53433555
1892371	14365	2.0600147	-0.7377651
1892371	14366	1.833676	-0.6364837
1892371	14367	1.7321516	-0.7708703
1892371	14368	1.7704545	-0.86763424
1892371	14369	0.38604987	-0.24356484
1892371	14370	0.19817698	1.7198343
1892371	14371	0.11232084	1.3918713
1892371	14372	0.13190806	1.3575437
1892371	14373	0.38607466	-0.6299358
1892371	14374	2.2893548	-0.53919643
1892371	14375	2.0648284	-0.7617922
1892371	14376	1.8433884	-0.63970697
1892371	14377	1.7402371	-0.7745142
1892371	14378	1.7870032	-0.87923086
1892371	14379	0.4197595	-0.2803229
1892371	14380	0.21618265	1.6825559
1892371	14381	0.12867427	1.3599418
1892371	14382	0.14280057	1.3520427
1892371	14383	0.39495337	-0.6247399
1892371	14384	2.245956	-0.53855
1892371	14385	2.039804	-0.7621291
1892371	14386	1.8323787	-0.64158905
1892371	14387	1.735608	-0.77882123
1892371	14388	1.7671071	-0.8626689
1892371	14389	0.42325586	-0.3110707
1892371	14390	0.21347547	1.6621914
1892371	14391	0.122758925	1.3496988
1892371	14392	0.13733327	1.3488969
1892371	14393	0.39228302	-0.6231334
1892371	14394	2.2248607	-0.53557575
1892371	14395	2.0351977	-0.76868236
1892371	14396	1.8372465	-0.6519175
1892371	14397	1.7324086	-0.7763029
1892371	14398	1.7779232	-0.8811704
1892371	14399	0.4179635	-0.28391945
1892371	14400	0.21640098	1.6399028
1892371	14401	0.12626606	1.3195357
1892371	14402	0.08391088	1.3720105
1892371	14403	0.060450375	1.0898215
1892371	14404	0.3155892	-0.8144665
1892371	14405	2.5749059	-0.71195334
1892371	14406	2.2772636	-0.84818053
1892371	14407	1.9366862	-0.56858945
1892371	14408	2.013733	-0.85021514
1892371	14409	2.018558	-0.7960234
1892371	14410	1.5092291	-0.84647626
1892371	14411	1.148313	-0.95580184
1892371	14412	1.1135439	-1.0869484
1892371	14413	-0.0072463155	-0.09395531
1892371	14414	0.065226436	1.5149257
1892371	14415	0.03314531	1.3007169
1892371	14416	-0.04587543	1.1639603
1892371	14417	0.09948337	-0.6196528
1892371	14418	2.4066515	-0.7977492
1892371	14419	2.3325057	-0.9358357
1892371	14420	2.0433455	-0.7618635
1892371	14421	1.8252147	-0.8440477
1892371	14422	1.7731017	-0.9166635
1892371	14423	0.27518773	-0.26849195
1892371	14424	0.15911102	1.5600898
1892371	14425	0.122906506	1.2724904
1892371	14426	0.092096746	1.2210319
1892371	14427	0.2898388	-0.5996481
1892371	14428	2.3204556	-0.6563049
1892371	14429	2.0908237	-0.8152884
1892371	14430	1.8529569	-0.66553533
1892371	14431	0.45174825	-0.2542081
1892371	14432	0.22740614	1.5313233
1892371	14433	0.14580709	1.276723
1892371	14434	0.42717165	0.7416259
1892371	14435	0.0134474635	0.5611099
1892371	14436	-0.1568641	0.43746427
1892371	14437	-0.24866897	0.71477544
1892371	14438	-0.17591321	0.5350884
1892371	14439	-0.4519178	0.91131055
1892371	14440	-0.38926208	0.41752937
1892371	14441	-0.35429612	0.22100338
1892371	14442	-0.22042093	0.07267609
1892371	14443	-0.49347636	0.15592363
1892371	14444	-0.3823123	0.13005826
1892371	14445	-0.69774866	0.5773711
1892371	14446	-0.43800268	0.29448625
1892371	14447	-0.6366763	0.46089622
1892371	14448	-0.33034423	0.03511685
1892371	14449	-0.5826001	0.34621122
1892371	14450	-0.4166834	0.09300277
1892371	14451	-0.8006867	0.45680442
1892371	14452	-0.7023435	0.3942097
1892371	14453	-0.42217544	0.0137728155
1892371	14454	-0.4017701	-0.08276984
1892371	14455	-0.3126216	-0.21036154
1892371	14456	-0.33873963	-0.15101922
1892371	14457	-0.35389787	-0.15925103
1892371	14458	-0.6304698	0.3185762
1892371	14459	-0.3992365	0.038757443
1892371	14460	-0.4142322	0.14382127
1892371	14461	-0.593202	0.2966276
1892371	14462	-0.44995895	0.15940645
1892371	14463	-0.4932594	0.222146
1892371	14464	-0.6873814	0.4323885
1892371	14465	-0.49502444	0.22093609
1892371	14466	-0.70137936	0.4255419
1892371	14467	-0.6907721	-0.08454785
1892371	14468	0.9476373	-0.6683178
1892371	14469	0.7611233	-0.92292106
1892371	14470	0.81808007	-1.0298333
1892371	14471	-0.80632436	-0.06269732
1892371	14472	1.177176	-1.0634029
1892371	14473	1.122366	-1.1415825
1892371	14474	0.97858524	-1.1140985
1892371	14475	0.89503825	-1.1336308
1892371	14476	0.8270885	-1.056235
1892371	14477	0.78137636	-1.113863
1892371	14478	0.71775544	-1.0711955
1892371	14479	-0.6935859	-0.16715121
1892371	14480	-0.61186236	1.4603618
1892371	14481	-0.5268726	1.3211035
1892371	14482	-0.60770035	1.1180837
1892371	14483	-0.11053151	-0.77466583
1892371	14484	2.1517825	-0.94273853
1892371	14485	2.127286	-1.0432107
1892371	14486	1.9975055	-0.9429326
1892371	14487	1.8449937	-0.98833597
1892371	14488	1.7557191	-0.98805344
1892371	14489	1.6415633	-1.043868
1892371	14490	0.044388533	-0.23353487
1892371	14491	-0.023091763	-0.24208651
1892371	14492	-0.08421692	1.5312566
1892371	14493	-0.06826556	1.3870802
1892371	14494	-0.20341405	1.227522
1892371	14495	0.1007694	-0.6180248
1892371	14496	2.2468338	-0.6893269
1892371	14497	2.1802545	-0.85622114
1892371	14498	1.9443518	-0.7809236
1892371	14499	1.7890826	-0.89172566
1892371	14500	1.6908354	-0.8368044
1892371	14501	1.6215769	-0.92546314
1892371	14502	0.043491304	-0.11908862
1892371	14503	0.03207618	1.7428651
1892371	14504	-0.024906516	1.559948
1892371	14505	-0.071718425	1.3326144
1892371	14506	-0.049643427	1.159988
1892371	14507	-0.40059888	1.0383549
1892371	14508	-0.47405282	0.87801874
1892371	14509	-0.40801758	0.6138898
1892371	14510	-0.7224507	0.94303226
1892371	14511	-0.39565647	0.3580692
1892371	14512	-0.9308033	0.92683876
1892371	14513	0.11693126	-0.9637675
1892371	14514	2.3613791	-0.8431566
1892371	14515	2.2191892	-0.93086004
1892371	14516	2.0379648	-0.8802055
1892371	14517	1.887904	-0.93290794
1892371	14518	1.7633151	-0.9885576
1892371	14519	0.12979764	-0.23427105
1892371	14520	0.13937074	1.5117252
1892371	14521	0.03824967	1.506317
1892371	14522	-0.039253682	1.2691454
1892371	14523	0.122574806	-0.5118101
1892371	14524	2.393754	-0.61369896
1892371	14525	2.2033849	-0.77911174
1892371	14526	1.9790286	-0.69975156
1892371	14527	1.8490249	-0.8063432
1892371	14528	1.8010811	-0.87502146
1892371	14529	0.20095801	-0.09287512
1892371	14530	0.12594777	1.7262568
1892371	14531	0.056377888	1.5312493
1892371	14532	0.053256214	1.3559906
1892371	14533	0.18157339	-0.47513694
1892371	14534	2.3133793	-0.49525604
1892371	14535	2.0635123	-0.6995943
1892371	14536	1.8494295	-0.6325004
1892371	14537	1.77307	-0.7703202
1892371	14538	1.7860776	-0.8608923
1892371	14539	0.25144833	-0.09426087
1892371	14540	0.13753903	1.7471476
1892371	14541	0.050678194	1.5780087
1892371	14542	0.08386779	1.3975996
1892371	14543	0.21637064	-0.44681743
1892371	14544	2.241694	-0.4366763
1892371	14545	2.0005379	-0.6716108
1892371	14546	1.7951487	-0.59646064
1892371	14547	1.7292086	-0.7474328
1892371	14548	1.7789046	-0.8518809
1892371	14549	0.29632568	-0.10762289
1892371	14550	0.151425	1.74758
1892371	14551	0.060417652	1.5574718
1892371	14552	0.09826493	1.4074903
1892371	14553	0.25594926	-0.46076962
1892371	14554	2.2221556	-0.4174306
1892371	14555	1.9870714	-0.6689427
1892371	14556	1.7809578	-0.5939767
1892371	14557	1.7092222	-0.7338814
1892371	14558	1.7408475	-0.8102884
1892371	14559	0.3006702	-0.13024455
1892371	14560	0.14500374	1.7310653
1892371	14561	0.05962324	1.528499
1892371	14562	0.0961014	1.3870407
1892371	14563	0.27246165	-0.48705727
1892371	14564	2.217186	-0.41912425
1892371	14565	1.9931866	-0.6800457
1892371	14566	1.7855989	-0.5890376
1892371	14567	1.7038003	-0.7346563
1892371	14568	1.770939	-0.85283566
1892371	14569	0.33626062	-0.11759114
1892371	14570	0.16576266	1.6999371
1892371	14571	0.08365363	1.4741665
1892371	14572	0.108811915	1.3776221
1892371	14573	0.28683293	-0.49937665
1892371	14574	2.191092	-0.4183081
1892371	14575	1.9848548	-0.688663
1892371	14576	1.7887107	-0.60018796
1892371	14577	1.707373	-0.73632574
1892371	14578	1.76727	-0.8488145
1892371	14579	0.354663	-0.12491518
1892371	14580	0.17332649	1.6887994
1892371	14581	0.10085541	1.4201864
1892371	14582	0.11306292	1.3576767
1892371	14583	0.29584473	-0.5147165
1892371	14584	2.1547093	-0.43104604
1892371	14585	1.9761795	-0.706141
1892371	14586	1.7889677	-0.6091599
1892371	14587	1.7013613	-0.73693544
1892371	14588	1.7600974	-0.8536053
1892371	14589	0.37791616	-0.1587236
1892371	14590	0.1796782	1.6548612
1892371	14591	0.089681625	1.4299237
1892371	14592	0.11155093	1.3653836
1892371	14593	0.31893998	-0.52878755
1892371	14594	2.1451416	-0.43259597
1892371	14595	1.9764596	-0.70200753
1892371	14596	1.8020447	-0.6270857
1892371	14597	1.7086943	-0.7371224
1892371	14598	1.7607356	-0.855492
1892371	14599	0.38582474	-0.1798617
1892371	14600	0.18129271	1.6301389
1892371	14601	0.095391154	1.3972738
1892371	14602	0.112794936	1.3504093
1892371	14603	0.31111425	-0.51788247
1892371	14604	2.1263561	-0.42594647
1892371	14605	1.976626	-0.7166338
1892371	14606	2.0010438	-0.5235115
1892371	14607	1.8891324	-0.8206626
1892371	14608	0.4132688	-0.17804435
1892371	14609	1.4434103	-0.8770576
1892371	14610	1.7336239	-0.8692621
1892371	14611	1.6465741	-0.6260879
1892371	14612	1.8707827	-0.9493638
1892371	14613	1.3708358	-1.1183848
1892371	14614	0.16462517	-0.23315293
1892371	14615	0.15637803	1.2132652
1892371	14616	0.20861328	-0.73051906
1892371	14617	2.5188975	-0.8336827
1892371	14618	2.3600373	-1.0338544
1892371	14619	2.1116624	-0.865329
1892371	14620	1.9479169	-1.0009415
1892371	14621	1.9619864	-1.0790126
1892371	14622	0.34131342	-0.32148227
1892371	14623	0.16482502	1.4342222
1892371	14624	0.36828786	-0.7185837
1892371	14625	2.5331702	-0.7642607
1892371	14626	2.206349	-0.9349738
1892371	14627	1.9278215	-0.80701107
1892371	14628	1.82397	-0.9665307
1892371	14629	1.90526	-1.0460215
1892371	14630	0.36239266	-0.31074238
1892371	14631	0.16173977	1.5208336
1892371	14632	0.36955655	-0.6633359
1892371	14633	2.4663835	-0.72983325
1892371	14634	2.147583	-0.9128089
1892371	14635	1.8768104	-0.78760743
1892371	14636	1.7745847	-0.9386487
1892371	14637	1.8831028	-1.0413177
1892371	14638	0.36498797	-0.29287374
1892371	14639	0.16414785	1.548955
1892371	14640	0.3630758	-0.6362188
1892371	14641	2.4156346	-0.7094178
1892371	14642	2.120448	-0.90858805
1892371	14643	1.8579494	-0.77599514
1892371	14644	1.7626382	-0.9376923
1892371	14645	1.8857001	-1.0480324
1892371	14646	0.3720085	-0.27605906
1892371	14647	0.16931367	1.549109
1892371	14648	0.36456007	-0.63098544
1892371	14649	2.3615546	-0.7125342
1892371	14650	2.0894785	-0.9120101
1892371	14651	1.8375276	-0.7799516
1892371	14652	1.755467	-0.9492735
1892371	14653	1.8509041	-1.0274465
1892371	14654	0.35586536	-0.2735948
1892371	14655	0.16162246	1.5653026
1892371	14656	0.34951013	-0.61543715
1892371	14657	2.3198538	-0.7102585
1892371	14658	2.07688	-0.9200001
1892371	14659	1.8301495	-0.778805
1892371	14660	1.7344941	-0.9360109
1892371	14661	1.8614749	-1.0504766
1892371	14662	0.36849397	-0.2790237
1892371	14663	0.16847229	1.5477924
1892371	14664	0.34773964	-0.6142808
1892371	14665	2.2857118	-0.7108165
1892371	14666	2.0546055	-0.9184141
1892371	14667	1.8238863	-0.7893931
1892371	14668	1.7258209	-0.92936003
1892371	14669	1.8507954	-1.0510715
1892371	14670	0.35981268	-0.28817996
1892371	14671	0.16192585	1.5468986
1892371	14672	0.33360553	-0.60275155
1892371	14673	2.2650032	-0.7119428
1892371	14674	2.053608	-0.92545724
1892371	14675	1.825519	-0.7907231
1892371	14676	1.7220491	-0.9284476
1892371	14677	1.859265	-1.062843
1892371	14678	0.37394774	-0.29553583
1892371	14679	0.16979814	1.536525
1892371	14680	0.33592606	-0.6028216
1892371	14681	2.231268	-0.71376896
1892371	14682	2.0312052	-0.92084116
1892371	14683	1.8266262	-0.8062396
1892371	14684	1.7231396	-0.93244195
1892371	14685	1.8489081	-1.0609692
1892371	14686	0.35955578	-0.27638978
1892371	14687	0.16347629	1.5345875
1892371	14688	0.32718533	-0.60616255
1892371	14689	2.1974626	-0.71949273
1892371	14690	2.0250564	-0.94055104
1892371	14691	1.8262197	-0.8029671
1892371	14692	1.7150716	-0.92996305
1892371	14693	1.8579015	-1.0766815
1892371	14694	0.37787056	-0.31246993
1892371	14695	0.16925871	1.5152713
1892371	14696	0.3238594	-0.5979845
1892371	14697	2.1830015	-0.72421956
1892371	14698	2.0179214	-0.94531065
1892371	14699	1.8317782	-0.82706094
1892371	14700	1.7014338	-0.9134321
1892371	14701	1.843289	-1.0789967
1892371	14702	0.3758927	-0.31155622
1892371	14703	0.16932005	1.5129449
1892371	14704	0.32021797	-0.59712756
1892371	14705	2.17903	-0.72430676
1892371	14706	2.0179334	-0.95194983
1892371	14707	1.831849	-0.8285334
1892371	14708	1.6967567	-0.9093604
1892371	14709	1.8484651	-1.0878919
1892371	14710	0.37297237	-0.29208452
1892371	14711	0.17136157	1.5071275
1892371	14712	0.32118052	-0.60511637
1892371	14713	2.164187	-0.7289592
1892371	14714	2.0132208	-0.9642167
1892371	14715	1.8152705	-0.801419
1892371	14716	1.7070569	-0.9375808
1892371	14717	1.8593901	-1.0886953
1892371	14718	0.37506545	-0.3036946
1892371	14719	0.17067224	1.4985521
1892371	14720	0.31747085	-0.60145295
1892371	14721	2.1579885	-0.7349964
1892371	14722	2.0062323	-0.9611304
1892371	14723	1.8243228	-0.83172333
1892371	14724	1.6960052	-0.9229132
1892371	14725	1.8362163	-1.0824705
1892371	14726	0.3677076	-0.30321193
1892371	14727	0.16744328	1.5067824
1892371	14728	0.31233007	-0.59754133
1892371	14729	2.1530375	-0.73794067
1892371	14730	2.0014315	-0.95821667
1892371	14731	1.8262066	-0.84197843
1892371	14732	1.6943637	-0.9212279
1892371	14733	1.8332149	-1.0855219
1892371	14734	0.37469202	-0.31524563
1892371	14735	0.17023593	1.5024902
1892371	14736	0.3124228	-0.5944733
1892371	14737	2.1523519	-0.7349265
1892371	14738	2.0008311	-0.9622655
1892371	14739	1.8144578	-0.8170837
1892371	14740	1.6974727	-0.9319603
1892371	14741	1.8463815	-1.0890243
1892371	14742	0.37863982	-0.32054073
1892371	14743	0.17095757	1.4976695
1892371	14744	0.07161707	1.5663884
1892371	14745	0.17629367	-0.55981004
1892371	14746	2.385016	-0.7183356
1892371	14747	2.1985722	-0.873134
1892371	14748	2.0025706	-0.7780795
1892371	14749	1.8621427	-0.87265193
1892371	14750	1.8517498	-0.9710717
1892371	14751	1.8092827	-0.95805
1892371	14752	1.4990245	-0.90817887
1892371	14753	0.84066844	-0.9622178
1892371	14754	0.8678185	-1.0756552
1892371	14755	0.9439069	-1.1362882
1892371	14756	0.9416734	-1.1577914
1892371	14757	0.818138	-1.1233705
1892371	14758	0.74879	-1.126397
1892371	14759	0.6894039	-1.10737
1892371	14760	0.68544245	-1.1429403
1892371	14761	0.6483214	-1.126569
1892371	14762	0.6326083	-1.144944
1892371	14763	0.6291405	-1.1541821
1892371	14764	0.6167445	-1.1595751
1892371	14765	0.6163564	-1.1718746
1892371	14766	0.60611594	-1.1764822
1892371	14767	0.5825887	-1.1678766
1892371	14768	0.6036632	-1.1935842
1892371	14769	0.56028116	-1.1634487
1892371	14770	0.54840815	-1.174898
1892371	14771	0.54131806	-1.1702234
1892371	14772	0.5266843	-1.167177
1892371	14773	-0.1173816	-0.53515315
1892371	14774	-0.5988149	-0.0027305782
1892371	14775	-0.55391985	-0.026000947
1892371	14776	-0.5297223	-0.0968627
1892371	14777	-0.7150139	0.120482415
1892371	14778	-0.66274667	0.065852314
1892371	14779	-0.692039	0.10096124
1892371	14780	-0.6207596	0.0039606094
1892371	14781	-0.59667206	-0.05407536
1892371	14782	-0.5401094	-0.15546426
1892371	14783	-0.5043685	-0.20041853
1892371	14784	-0.44570994	-0.29642767
1892371	14785	-0.3881603	-0.3793341
1892371	14786	-0.43249503	-0.3268304
1892371	14787	-0.4301276	-0.3197074
1892371	14788	-0.43046755	-0.2983684
1892371	14789	-0.4186086	-0.30935952
1892371	14790	-0.94427276	0.370083
1892371	14791	-0.8804427	0.3475261
1892371	14792	-0.7158906	0.086345464
1892371	14793	-0.72169256	0.10105035
1892371	14794	-0.91039807	0.35842678
1892371	14795	-0.84265983	0.3213791
1892371	14796	-0.91275847	0.44605663
1892371	14797	-0.78973794	0.21559444
1892371	14798	-0.6097944	-0.010920823
1892371	14799	-0.60745496	0.08585122
1892371	14800	-0.81554246	0.30992356
1892371	14801	-0.83291864	0.37595978
1892371	14802	-0.9779724	0.6166227
1892371	14803	-0.8613937	0.41693643
1892371	14804	-0.96483266	0.5982181
1892371	14805	-0.9617058	0.6039289
1892371	14806	-0.70834786	0.28900084
1892371	14807	-1.0244977	0.5600326
1892371	14808	-0.8310958	0.4382312
1892371	14809	-0.7731307	0.17782375
1892371	14810	-0.7185236	0.072595745
1892371	14811	-0.8634074	0.25938705
1892371	14812	-1.0105	0.529341
1892371	14813	-0.60776377	0.090623826
1892371	14814	-0.6653038	-0.012029648
1892371	14815	-0.5362795	-0.1577726
1892371	14816	-0.5614203	-0.1570259
1892371	14817	-0.85365057	0.3945727
1892371	14818	-0.53397405	-0.14760748
1892371	14819	-0.76157665	0.10741195
1892371	14820	-0.93498755	0.4049802
1892371	14821	-0.94527113	0.30713704
1892371	14822	-0.9777391	0.5290805
1892371	14823	-0.9413316	0.35912028
1892371	14824	-0.91533077	0.3314995
1892371	14825	-0.8479395	0.26968303
1892371	14826	-0.83892906	0.31456986
1892371	14827	-0.7949727	0.28588453
1892371	14828	-0.74977034	0.13219306
1892371	14829	-0.8297448	0.30273548
1892371	14830	-0.72480863	0.13400158
1892371	14831	-0.6038257	-0.026449263
1892371	14832	-0.7703539	0.10430965
1892371	14833	-0.64298725	-0.029422075
1892371	14834	-0.6134903	-0.09875116
1892371	14835	-0.56509113	-0.1851624
1892371	14836	-0.66820025	-0.076437324
1892371	14837	-0.77885497	0.09943065
1892371	14838	-0.63032967	0.022372276
1892371	14839	-0.6100982	-0.005250931
1892371	14840	-0.5339703	-0.07820177
1892371	14841	-0.69897884	0.014363468
1892371	14842	-0.50138766	-0.19428802
1892371	14843	-0.509169	-0.19532341
1892371	14844	-0.52603316	-0.21666889
1892371	14845	-0.57617766	-0.11082047
1892371	14846	-0.76758665	0.06438354
1892371	14847	-0.49503526	-0.19125399
1892371	14848	-0.45197654	-0.2663642
1892371	14849	-0.4425486	-0.3157724
1892371	14850	-0.50858134	-0.20046848
1892371	14851	-0.8385861	0.18029913
1892371	14852	-0.98832715	0.59146655
1892371	14853	-0.8871758	0.37556085
1892371	14854	-0.7347799	0.3192598
1892371	14855	-0.3395409	-0.30112547
1892371	14856	-0.46329254	-0.25198516
1892371	14857	-0.9031775	0.2779034
1892371	14858	-0.7617361	0.07924488
1892371	14859	-0.6818367	0.26940677
1892371	14860	-0.89132905	0.42946932
1892371	14861	-0.82092434	0.35173228
1892371	14862	-0.84609216	0.42120317
1892371	14863	-0.8226855	0.35773858
1892371	14864	-0.6147363	0.07873228
1892371	14865	-0.81690013	0.18182531
1892371	14866	-0.6225621	0.0715628
1892371	14867	-0.53308874	-0.1169498
1892371	14868	-0.27071136	-0.528947
1892371	14869	-0.55216706	-0.30163866
1892371	14870	-0.27441466	-0.5076304
1892371	14871	-0.55989766	-0.12298697
1892371	14872	-0.4606498	-0.20443031
1892371	14873	-0.53523135	-0.0798094
1892371	14874	-0.80998504	0.3196074
1892371	14875	-0.50234014	-0.019372761
1892371	14876	-0.6600334	0.16177908
1892371	14877	-0.63925445	0.11551753
1892371	14878	-0.428304	-0.24569488
1892371	14879	-0.49349645	-0.031318635
1892371	14880	-0.8515624	0.3698794
1892371	14881	-0.666952	0.0868189
1892371	14882	-0.57498044	-0.057997525
1892371	14883	-0.49687782	-0.16377968
1892371	14884	-0.52741534	-0.1707947
1892371	14885	-0.50219554	-0.19983923
1892371	14886	-0.5156209	-0.19085568
1892371	14887	-0.4692488	-0.26733845
1892371	14888	-0.4622884	-0.25249726
1892371	14889	-0.4702067	-0.24913833
1892371	14890	-0.47672316	-0.24716963
1892371	14891	-0.47661975	-0.24940385
1892371	14892	-0.659207	-0.019745976
1892371	14893	-0.5287414	-0.13779563
1892371	14894	-0.471268	-0.22241944
1892371	14895	-0.46528065	-0.24762453
1892371	14896	-0.8358252	0.21871439
1892371	14897	-0.6843862	0.11166009
1892371	14898	-0.57603496	-0.02936387
1892371	14899	-0.7467549	0.13263008
1892371	14900	-0.7846131	0.21515313
1892371	14901	-0.653845	0.1417704
1892371	14902	-0.5702256	0.071216196
1892371	14903	-0.712993	0.20764813
1892371	14904	-0.5416029	0.057988912
1892371	14905	-0.6361668	0.12829724
1892371	14906	-0.5797543	0.024472952
1892371	14907	-0.64261997	0.23489442
1892371	14908	-0.4596995	-0.03148839
1892371	14909	-0.6374099	0.21223316
1892371	14910	-0.650885	0.22449455
1892371	14911	-0.7544174	0.26121923
1892371	14912	-0.84369934	0.35765967
1892371	14913	-0.6579716	0.13168105
1892371	14914	-0.8052639	0.29194996
1892371	14915	-0.63793236	0.104893535
1892371	14916	-0.87167037	0.30399004
1892371	14917	-0.7391163	0.2090278
1892371	14918	-0.68539333	0.2066063
1892371	14919	-0.58746135	0.15000644
1892371	14920	-0.777431	0.3342187
1892371	14921	-0.6588017	0.18596873
1892371	14922	-0.6658271	0.24907121
1892371	14923	-0.66808575	0.22540191
1892371	14924	-0.5525869	0.17952833
1892371	14925	-0.76854944	0.37378946
1892371	14926	-0.657886	0.24267557
1892371	14927	-0.57945114	0.24222973
1892371	14928	-0.7309715	0.34626427
1892371	14929	-0.7993248	0.47461537
1892371	14930	-0.56387216	0.0043758154
1892371	14931	-0.5346989	-0.066337585
1892371	14932	-0.7885659	0.18772605
1892371	14933	-0.5926008	0.03217566
1892371	14934	-0.6189164	0.007876039
1892371	14935	-0.8249995	0.2285718
1892371	14936	-0.78340274	0.4168186
1892371	14937	-0.68560565	0.29544345
1892371	14938	-0.72029245	0.3252202
1892371	14939	-0.66631484	-0.017353594
1892371	14940	-0.6526878	0.048160225
1892371	14941	-0.53435856	0.027427405
1892371	14942	-0.57478374	0.06844059
1892371	14943	-0.7889656	0.25770685
1892371	14944	-0.613275	0.1018416
1892371	14945	-0.6932365	0.19804403
1892371	14946	-0.54878736	-0.035604745
1892371	14947	-0.5268815	-0.10052955
1892371	14948	-0.7183765	-0.14085656
1892371	14949	0.41121006	-0.17327932
1892371	14950	0.27199984	-0.2782526
1892371	14951	0.48683208	-0.63148403
1892371	14952	0.4579934	-0.5455414
1892371	14953	0.41133446	-0.5298635
1892371	14954	-0.10548952	-0.06571102
1892371	14955	-0.26639456	0.049197167
1892371	14956	-0.29802278	0.032069117
1892371	14957	-0.58020073	0.33710924
1892371	14958	-0.6835959	0.40716788
1892371	14959	-0.67931545	0.35959855
1892371	14960	-0.6589087	0.33197597
1892371	14961	-0.599794	0.2432935
1892371	14962	-0.7830045	0.49916217
1892371	14963	-0.7623797	0.43697223
1892371	14964	-0.8304475	0.5286912
1892371	14965	-0.80005527	0.47408655
1892371	14966	-0.66903865	0.34291944
1892371	14967	-0.55043644	0.18515584
1892371	14968	-0.48980713	0.1318253
1892371	14969	-0.411219	0.048406035
1892371	14970	-0.25513074	-0.12684914
1892371	14971	-0.13250166	-0.20530152
1892371	14972	-0.11026326	-0.20552096
1892371	14973	0.0022472143	-0.33443636
1892371	14974	0.027477741	-0.31755215
1892371	14975	0.18808186	-0.4936054
1892371	14976	0.23486489	-0.4626511
1892371	14977	0.24337965	-0.445244
1892371	14978	0.32860345	-0.5504752
1892371	14979	0.30885178	-0.49871585
1892371	14980	0.30707628	-0.5018817
1892371	14981	0.30330777	-0.49753183
1892371	14982	0.29112583	-0.49180087
1892371	14983	0.29997945	-0.5516697
1892371	14984	0.25231433	-0.49097458
1892371	14985	0.19682789	-0.45188174
1892371	14986	0.19081676	-0.47159278
1892371	14987	0.16107684	-0.44587067
1892371	14988	0.1674034	-0.47193366
1892371	14989	0.16226745	-0.47066078
1892371	14990	0.14961392	-0.46989518
1892371	14991	0.12246418	-0.44305447
1892371	14992	0.11797857	-0.44590673
1892371	14993	0.077408075	-0.40725163
1892371	14994	-0.04739976	-0.29144174
1892371	14995	-0.042987972	-0.31519097
1892371	14996	-0.014821261	-0.33679762
1892371	14997	0.0013167262	-0.3506599
1892371	14998	-0.19347543	-0.15023446
1892371	14999	0.185552	-0.6019691
1892371	15000	0.6949953	-1.037334
1892371	15001	0.79572976	-1.0027505
1892371	15002	1.3041164	-1.3517693
1892371	15003	2.145317	-1.8109932
1892371	15004	3.3306088	-2.2934947
1892371	15005	2.3945737	-1.7939185
1892371	15006	2.494629	-1.8610585
1892371	15007	2.653729	-1.9453039
1892371	15008	2.506455	-1.8351687
1892371	15009	2.4530597	-1.8057895
1892371	15010	2.2934966	-1.7308195
1892371	15011	2.23552	-1.7003831
1892371	15012	2.2083688	-1.6721426
1892371	15013	2.2529988	-1.7110227
1892371	15014	2.063323	-1.5676821
1892371	15015	2.0583463	-1.6173942
1892371	15016	2.0653553	-1.6047379
1892371	15017	2.2122755	-1.6708847
1892371	15018	1.9290613	-1.4579955
1892371	15019	1.682881	-1.4328914
1892371	15020	2.6227574	-1.9705232
1892371	15021	3.157105	-2.1091096
1892371	15022	3.927514	-2.5139778
1892371	15023	0.8342633	-1.2736716
1892371	15024	0.18410927	-0.91371167
1892371	15025	0.067798376	-0.5498456
1892371	15026	0.0476591	-0.52110714
1892371	15027	0.0433743	-0.4892504
1892371	15028	0.015916884	-0.4522805
1892371	15029	-0.01218465	-0.42403105
1892371	15030	0.0026580095	-0.46818098
1892371	15031	-0.08329049	-0.35583898
1892371	15032	-0.1303164	-0.33783713
1892371	15033	0.19933486	-0.6800041
1892371	15034	0.79089856	-1.4600253
1892371	15035	0.71368206	-1.2737269
1892371	15036	1.1364295	-1.5600113
1892371	15037	3.0664592	-2.861447
1892371	15038	3.564145	-2.9219267
1892371	15039	3.5838366	-2.9699204
1892371	15040	3.90593	-3.0308008
1892371	15041	3.8625078	-2.983759
1892371	15042	3.5136476	-2.8429132
1892371	15043	1.517615	-2.7055483
1892371	15044	2.0085707	-3.0294945
1892371	15045	1.7363535	-2.9326577
1892371	15046	1.9246441	-3.0246334
1892371	15047	2.0791326	-3.1131554
1892371	15048	1.8412646	-3.0625637
1892371	15049	1.8096584	-3.010446
1892371	15050	2.049582	-3.1582146
1892371	15051	1.8129653	-3.078063
1892371	15052	1.809507	-3.0458446
1892371	15053	2.0408893	-3.1749232
1892371	15054	1.8105825	-3.1035075
1892371	15055	1.785499	-3.05076
1892371	15056	2.5441666	-3.4371011
1892371	15057	2.328919	-3.3687174
1892371	15058	2.4816146	-3.4138453
1892371	15059	2.3561044	-3.3862967
1892371	15060	2.4703164	-3.3626883
1892371	15061	2.6743798	-3.4756777
1892371	15062	2.377236	-3.3602679
1892371	15063	2.3579888	-3.3187196
1892371	15064	2.37965	-3.3209407
1892371	15065	0.38061094	-1.2752903
1892371	15066	-0.27397498	-0.42421985
1892371	15067	-0.34486753	-0.15142772
1892371	15068	-0.33288684	-0.16089904
1892371	15069	-0.32681486	-0.17490223
1892371	15070	-0.16516805	-0.3771832
1892371	15071	-0.06737396	-0.5210227
1892371	15072	0.109327674	-0.683787
1892371	15073	0.3807571	-1.0301974
1892371	15074	0.44311702	-1.0391806
1892371	15075	0.6087959	-1.0781163
1892371	15076	0.6034143	-1.1060754
1892371	15077	0.52654326	-1.142333
1892371	15078	0.6761092	-1.167197
1892371	15079	0.67015886	-1.194909
1892371	15080	0.59032595	-1.2205317
1892371	15081	0.5920478	-1.2420014
1892371	15082	0.7244036	-1.2302368
1892371	15083	0.64545953	-1.2824414
1892371	15084	0.7597101	-1.2361546
1892371	15085	0.6941699	-1.2953854
1892371	15086	0.6717433	-1.2973028
1892371	15087	0.8197603	-1.296382
1892371	15088	0.7976322	-1.3058883
1892371	15089	0.70285225	-1.3293248
1892371	15090	0.8552276	-1.3481623
1892371	15091	0.96248865	-1.4856843
1892371	15092	0.8380159	-1.3668157
1892371	15093	0.6227263	-1.2927725
1892371	15094	0.04524958	-1.5478554
1892371	15095	-0.26030838	-1.3205814
1892371	15096	-0.3876704	-1.1939031
1892371	15097	-0.33625442	-1.2438834
1892371	15098	-0.40442213	-0.9689921
1892371	15099	-0.8206687	0.3022969
1892371	15100	-1.0343437	0.66842854
1892371	15101	-1.0350181	0.76587486
1892371	15102	-1.0310187	0.7867843
1892371	15103	-1.1637639	1.3623241
1892371	15104	-0.8653407	0.5232403
1892371	15105	-0.9170885	0.6180873
1892371	15106	-0.948848	0.6168165
1892371	15107	-0.90737665	0.60546553
1892371	15108	-0.89255464	0.57698524
1892371	15109	-0.8779981	0.5451704
1892371	15110	-0.7470423	0.3562689
1892371	15111	-0.53058404	-0.18018174
1892371	15112	-0.4966875	-0.077084035
1892371	15113	-0.47876236	-0.108808786
1892371	15114	-0.4615315	-0.12592071
1892371	15115	-0.42047748	-0.20652264
1892371	15116	-0.5221593	-0.044026464
1892371	15117	-0.49187705	-0.16865379
1892371	15118	-0.54689497	-0.009255886
1892371	15119	-0.5854786	-0.014517605
1892371	15120	-0.5645045	-0.033081174
1892371	15121	-0.5291406	-0.08375552
1892371	15122	-0.48307157	-0.11773208
1892371	15123	-0.6244602	0.10129973
1892371	15124	-0.4938153	-0.12570235
1892371	15125	-0.99200636	0.5128813
1892371	15126	-0.9834393	0.65459573
1892371	15127	-0.9248559	0.5863054
1892371	15128	-1.0126293	0.6740676
1892371	15129	-0.98216766	0.6399869
1892371	15130	-1.1058147	0.71984756
1892371	15131	-1.0758684	0.7667843
1892371	15132	-1.0615618	0.731334
1892371	15133	-1.0650101	0.73285544
1892371	15134	-1.0719817	0.7523582
1892371	15135	-1.0795076	0.7218611
1892371	15136	-1.0725117	0.7516538
1892371	15137	-1.2186161	0.96043265
1892371	15138	-1.2932916	1.1107758
1892371	15139	-1.1437359	0.90045965
1892371	15140	-1.2948678	1.0305061
1892371	15141	-1.2289907	1.0119953
1892371	15142	-0.94655704	0.6218221
1892371	15143	-0.4666767	-0.4640782
1892371	15144	-0.8722818	0.19802901
1892371	15145	-1.0113806	0.4487323
1892371	15146	-1.1287767	0.8048626
1892371	15147	-1.2033631	0.92367613
1892371	15148	-1.2894769	1.0463634
1892371	15149	-1.1225183	0.82212424
1892371	15150	-1.2095919	0.9249785
1892371	15151	-1.3107529	1.100136
1892371	15152	-1.2151471	0.99799633
1892371	15153	-1.2635217	1.0362226
1892371	15154	-1.3609524	1.1618627
1892371	15155	-1.3069756	1.1790106
1892371	15156	-1.3088036	1.1737732
1892371	15157	-1.3154318	1.1687146
1892371	15158	-1.3175989	1.1262155
1892371	15159	-1.2336867	1.0209978
1892371	15160	-1.357264	1.1355654
1892371	15161	-1.3432808	1.1957134
1892371	15162	-1.304909	1.1487591
1892371	15163	-1.2490265	1.0473305
1892371	15164	-1.2781723	1.056676
1892371	15165	-1.045056	0.6419318
1892371	15166	-1.2019279	0.77426565
1892371	15167	-1.1971104	0.8312727
1892371	15168	-1.1535473	0.7859396
1892371	15169	-1.2165887	0.9176817
1892371	15170	-1.2631719	0.925733
1892371	15171	-1.2806413	1.0501679
1892371	15172	-1.2290583	0.96581423
1892371	15173	-1.2100492	0.92305005
1892371	15174	-1.0953519	0.7422155
1892371	15175	-1.2348576	0.8510175
1892371	15176	-1.2082772	0.9168614
1892371	15177	-1.1837782	0.88556564
1892371	15178	-1.2308762	0.9472891
1892371	15179	-1.2353673	0.94881237
1892371	15180	-1.1976538	0.91775095
1892371	15181	-1.202115	0.92476
1892371	15182	-1.2113082	0.93657947
1892371	15183	-1.2083316	0.9298091
1892371	15184	-1.2278359	0.9386965
1892371	15185	-1.1677766	0.8539549
1892371	15186	-1.2300963	0.93155456
1892371	15187	-1.2762896	0.98009086
1892371	15188	-1.2493813	1.0327355
1892371	15189	-1.2403922	0.9788606
1892371	15190	-1.2374516	0.945004
1892371	15191	-1.240438	0.97993326
1892371	15192	-1.2255533	0.9672719
1892371	15193	-1.2293987	0.96597815
1892371	15194	-1.2793434	1.0392357
1892371	15195	-1.266058	1.0191762
1892371	15196	-1.2365351	1.0124741
1892371	15197	-1.2277439	0.9792541
1892371	15198	-1.3518131	1.1182398
1892371	15199	-1.2676952	1.0872214
1892371	15200	-1.5274023	1.4980686
1892371	15201	-1.3097584	1.2185171
1892371	15202	-1.3043189	1.1664139
1892371	15203	-1.0985367	0.7560253
1892371	15204	-1.3452725	1.0928583
1892371	15205	-1.4692874	1.4745448
1892371	15206	-1.3935795	1.4378724
1892371	15207	-1.410213	1.4651244
1892371	15208	-1.2365696	1.2940382
1892371	15209	-1.2937703	1.2543837
1892371	15210	-1.0674384	0.86756647
1892371	15211	-1.0158286	0.8235259
1892371	15212	-1.1466281	1.0137928
1892371	15213	-1.0617962	0.70888233
1892371	15214	-1.1618661	1.0475563
1892371	15215	-1.0957923	0.92242897
1892371	15216	-1.1382855	0.8377029
1892371	15217	-1.2005973	0.9915105
1892371	15218	-1.2972977	1.0152409
1892371	15219	-1.274101	1.0654253
1892371	15220	-1.2490373	1.0381976
1892371	15221	-1.2059875	0.95320547
1892371	15222	-1.3160369	1.0432339
1892371	15223	-0.73609275	0.24616024
1892371	15224	-1.2243118	0.8282701
1892371	15225	-1.1382142	0.8345951
1892371	15226	-1.0218654	0.71349645
1892371	15227	-0.44554698	-0.069066614
1892371	15228	-0.13978305	-0.5628228
1892371	15229	0.019919693	-0.8666458
1892371	15230	0.20403534	-0.94035757
1892371	15231	0.0063402653	-0.5434556
1892371	15232	0.09281993	-0.68614936
1892371	15233	0.20405942	-0.7485218
1892371	15234	0.1269306	-0.6675341
1892371	15235	0.16407847	-0.838328
1892371	15236	0.08093876	-0.6165503
1892371	15237	-0.023568064	-0.52763635
1892371	15238	0.08818418	-0.7837181
1892371	15239	-0.014511585	-0.5531962
1892371	15240	-0.045120955	-0.54331154
1892371	15241	-0.047994226	-0.52444
1892371	15242	0.2732743	-1.0035863
1892371	15243	0.308639	-0.9519373
1892371	15244	0.1854471	-0.7668693
1892371	15245	0.377689	-0.99888945
1892371	15246	0.63896585	-1.138035
1892371	15247	0.70550644	-1.1853538
1892371	15248	0.63090277	-1.1652192
1892371	15249	-0.6086101	-0.672467
1892371	15250	-0.69123167	-0.7226356
1892371	15251	-0.53661996	0.48662487
1892371	15252	0.29546326	-0.9812895
1892371	15253	0.65592027	-1.0243821
1892371	15254	1.0112721	-1.3901551
1892371	15255	1.1978511	-1.4132996
1892371	15256	1.1951623	-1.4071379
1892371	15257	1.3184288	-1.5182219
1892371	15258	1.3108916	-1.5034459
1892371	15259	1.3116958	-1.5477043
1892371	15260	1.2877414	-1.5137655
1892371	15261	1.2250896	-1.5074927
1892371	15262	0.95253897	-1.3343128
1892371	15263	0.5748236	-1.0911589
1892371	15264	0.29950166	-0.9178265
1892371	15265	0.11029899	-0.77700555
1892371	15266	0.2589481	-1.0079308
1892371	15267	0.53707886	-1.2815914
1892371	15268	0.9069673	-1.5105613
1892371	15269	0.8567797	-1.3672421
1892371	15270	0.5083573	-1.1027654
1892371	15271	0.21754295	-0.91854644
1892371	15272	-0.044884205	-0.703979
1892371	15273	-0.03699732	-0.74020964
1892371	15274	0.23414648	-1.1001333
1892371	15275	0.6153748	-1.3848667
1892371	15276	0.6256993	-1.27177
1892371	15277	0.31864655	-0.9757571
1892371	15278	0.00013041496	-0.75726366
1892371	15279	-0.16773987	-0.6132531
1892371	15280	-0.5053171	-0.18139419
1892371	15281	-0.7840453	0.17445353
1892371	15282	-0.7668915	0.24793914
1892371	15283	-0.71325254	0.12736365
1892371	15284	-0.68606114	0.06028518
1892371	15285	-0.7090833	0.11199424
1892371	15286	-0.72216624	0.07284656
1892371	15287	-0.50792193	-0.22730224
1892371	15288	-0.31190225	-0.47509226
1892371	15289	-0.10116413	-0.74730587
1892371	15290	0.27433515	-1.1287999
1892371	15291	0.2699176	-0.9865955
1892371	15292	-0.022618055	-0.6797579
1892371	15293	-0.21656552	-0.53097254
1892371	15294	-0.19007766	-0.5794037
1892371	15295	-0.44977042	-0.23521186
1892371	15296	-0.64998317	0.009949863
1892371	15297	-0.69467056	0.14503238
1892371	15298	-0.8300526	0.41363582
1892371	15299	-0.8230783	0.33940443
1892371	15300	-0.79435	0.31511936
1892371	15301	-0.78696805	0.23731074
1892371	15302	-0.82432765	0.32328722
1892371	15303	-0.8755866	0.33185878
1892371	15304	-0.5130075	-0.15117311
1892371	15305	-0.5679449	-0.027253002
1892371	15306	-0.35145512	-0.4980758
1892371	15307	0.11792755	-0.9525601
1892371	15308	0.15822351	-0.90748477
1892371	15309	0.4102633	-1.1756145
1892371	15310	0.5978986	-1.2279502
1892371	15311	0.7392086	-1.3216478
1892371	15312	0.58236444	-1.1041605
1892371	15313	0.20451832	-0.7569245
1892371	15314	-0.051323473	-0.6130074
1892371	15315	-0.2822759	-0.3561867
1892371	15316	-0.38261023	-0.2537709
1892371	15317	-0.6665784	0.14888236
1892371	15318	-0.6034642	0.10342619
1892371	15319	-0.3250407	-0.3162098
1892371	15320	0.044795036	-0.7698697
1892371	15321	0.32881522	-1.0371428
1892371	15322	0.69650424	-1.33221
1892371	15323	0.54641056	-1.0025597
1892371	15324	0.03613001	-0.6109501
1892371	15325	0.05614364	-0.7700752
1892371	15326	0.4377867	-1.1492543
1892371	15327	0.4788283	-1.0788015
1892371	15328	0.113036275	-0.72832096
1892371	15329	0.16609228	-0.88870156
1892371	15330	0.49741733	-1.194009
1892371	15331	0.49590993	-1.09041
1892371	15332	0.47352403	-1.0955231
1892371	15333	0.064605355	-0.66185707
1892371	15334	-0.36946636	-0.22742175
1892371	15335	-0.60862404	-0.08662665
1892371	15336	-0.74161816	0.1870605
1892371	15337	-0.8385565	0.35917446
1892371	15338	-0.8968251	0.46320745
1892371	15339	-1.029099	0.70461273
1892371	15340	-1.0423822	0.79355276
1892371	15341	-1.0497205	0.77304006
1892371	15342	-1.0440826	0.74011636
1892371	15343	-0.98748875	0.64722836
1892371	15344	-0.900576	0.46937606
1892371	15345	-0.95436084	0.49155536
1892371	15346	-0.9415888	0.54008293
1892371	15347	-0.93039715	0.46802732
1892371	15348	-1.0981228	0.78966177
1892371	15349	-1.1232382	0.86461735
1892371	15350	-1.0680583	0.84837115
1892371	15351	-1.3426979	1.2576462
1892371	15352	-0.9003855	-0.63606435
1892371	15353	-1.8031023	1.0026311
1892371	15354	-0.735623	0.43120584
1892371	15355	-0.93488264	0.50092876
1892371	15356	-0.96937096	0.650689
1892371	15357	-1.2902992	1.2224773
1892371	15358	-1.2196374	1.2288833
1892371	15359	-1.2689556	1.3267453
1892371	15360	-1.2730067	1.3071425
1892371	15361	-1.2695879	1.3296251
1892371	15362	-1.183881	1.083108
1892371	15363	-1.317157	1.2465519
1892371	15364	-1.3108534	1.2446792
1892371	15365	-1.1572946	0.94732535
1892371	15366	-1.1151822	0.82916725
1892371	15367	-0.99454665	0.6369628
1892371	15368	-0.4109211	-0.13134539
1892371	15369	-0.452667	-0.20671105
1892371	15370	-0.21286085	-0.46350035
1892371	15371	0.38324398	-1.1282482
1892371	15372	-0.19264138	-0.35225517
1892371	15373	-0.063767105	-0.36695373
1892371	15374	-0.13232312	-0.40447867
1892371	15375	0.0362103	-0.5002669
1892371	15376	-0.110798895	-0.42902726
1892371	15377	-0.031710744	-0.39996737
1892371	15378	-0.11334705	-0.4368305
1892371	15379	0.1291033	-0.5967426
1892371	15380	-1.1076547	0.21112153
1892371	15381	-0.9012834	1.2966456
1892371	15382	-0.19492346	-0.24553575
1892371	15383	-0.10069147	-0.24871351
1892371	15384	-0.17920369	-0.12546015
1892371	15385	-0.24483007	-0.14195514
1892371	15386	-0.2697152	-0.17568782
1892371	15387	0.00094747543	-0.59444875
1892371	15388	0.105354786	-0.6602614
1892371	15389	0.15450871	-0.74905336
1892371	15390	0.19356084	-0.79817307
1892371	15391	0.26723272	-0.8686836
1892371	15392	0.3064502	-0.8966434
1892371	15393	0.2395029	-0.76562953
1892371	15394	0.052673817	-0.55379134
1892371	15395	-0.41712558	-0.07580334
1892371	15396	-0.5696832	-0.006810695
1892371	15397	-0.4976691	-0.032729834
1892371	15398	-0.58812314	0.014585823
1892371	15399	-0.75487614	0.30489466
1892371	15400	-0.8461193	0.38864067
1892371	15401	-0.86949325	0.5053077
1892371	15402	-0.8908368	0.54091644
1892371	15403	-0.8450471	0.46804443
1892371	15404	-0.97858083	0.68403137
1892371	15405	-0.7253864	0.33626488
1892371	15406	-0.58671445	0.0917196
1892371	15407	-0.4003546	-0.2672053
1892371	15408	-0.24813315	-0.41163096
1892371	15409	0.08459878	-0.81761193
1892371	15410	0.2661938	-0.91580224
1892371	15411	0.35746038	-0.9740956
1892371	15412	0.4153872	-0.99615383
1892371	15413	0.33061558	-0.83278275
1892371	15414	0.25379318	-0.8581761
1892371	15415	0.5324718	-1.1578178
1892371	15416	0.64856946	-1.13982
1892371	15417	0.3790989	-0.8425522
1892371	15418	0.097005844	-0.65553296
1892371	15419	-0.15855813	-0.39610678
1892371	15420	-0.3721279	-0.17806667
1892371	15421	-0.3038845	-0.29759377
1892371	15422	0.019181132	-0.70451796
1892371	15423	0.22569674	-0.879632
1892371	15424	-0.14268443	-0.35238665
1892371	15425	-0.2608714	-0.37013587
1892371	15426	-0.21294	-0.4311698
1892371	15427	-0.1816524	-0.46750396
1892371	15428	-0.26577508	-0.3613646
1892371	15429	-0.029600203	-0.6771191
1892371	15430	-0.022506148	-0.7084487
1892371	15431	-0.11590791	-0.55073833
1892371	15432	-0.3126862	-0.35674083
1892371	15433	-0.46753767	-0.17735827
1892371	15434	-0.5699905	-0.038074166
1892371	15435	-0.5926008	-0.019975334
1892371	15436	-0.5561335	0.016553521
1892371	15437	-0.7314968	0.23283121
1892371	15438	-0.35484388	-1.3125693
1892371	15439	-1.304754	-0.09071484
1892371	15440	-1.4691614	0.09640077
1892371	15441	-1.499663	0.20411393
1892371	15442	-1.5148708	0.1284866
1892371	15443	-1.749563	0.42985377
1892371	15444	-1.0978606	1.5110579
1892371	15445	-0.5637211	0.13013825
1892371	15446	-0.8773233	0.89814734
1892371	15447	-0.65057284	0.38348493
1892371	15448	-0.64288557	0.40781686
1892371	15449	-0.2843959	-0.17908785
1892371	15450	-0.14219958	-0.4153287
1892371	15451	-0.08027989	-0.43865895
1892371	15452	0.00038146973	-0.5290955
1892371	15453	0.29217112	-0.86817956
1892371	15454	0.45991188	-0.93713206
1892371	15455	0.53162134	-0.978497
1892371	15456	0.59067714	-1.0136296
1892371	15457	0.61600363	-1.0220317
1892371	15458	0.5268233	-0.8630792
1892371	15459	0.39943868	-0.83376646
1892371	15460	0.324782	-0.67919886
1892371	15461	0.19031501	-0.67586046
1892371	15462	0.15845954	-0.64231926
1892371	15463	-0.02576828	-0.43054262
1892371	15464	-0.20794463	-0.27337226
1892371	15465	-0.4002265	-0.03594911
1892371	15466	-0.48854798	0.06641868
1892371	15467	-0.5285434	0.12633488
1892371	15468	-0.5990813	0.19240806
1892371	15469	-0.47638485	0.09097192
1892371	15470	-0.33918926	-0.15085474
1892371	15471	-0.36657703	-0.064195305
1892371	15472	-0.8810539	0.59064937
1892371	15473	-1.0617318	0.91028404
1892371	15474	-0.75610435	0.5208508
1892371	15475	-0.92380136	0.6404568
1892371	15476	-0.96233475	0.76951635
1892371	15477	-0.79465574	0.45321527
1892371	15478	-0.56381327	0.11559245
1892371	15479	-0.46961987	-0.020057231
1892371	15480	-0.31591454	-0.18207183
1892371	15481	0.09928846	-0.75250614
1892371	15482	0.31404948	-0.8476825
1892371	15483	0.40907967	-0.92098796
1892371	15484	0.39685613	-0.86486626
1892371	15485	0.17511523	-0.5534495
1892371	15486	0.5356586	-1.1210275
1892371	15487	0.82150257	-1.2023346
1892371	15488	0.9796072	-1.2775018
1892371	15489	1.8344926	-1.9303476
1892371	15490	1.868584	-1.7736539
1892371	15491	1.6977621	-1.673761
1892371	15492	0.6187165	-0.80735874
1892371	15493	-0.07393628	-0.39438054
1892371	15494	-0.31699815	-0.18747753
1892371	15495	-0.39360487	-0.12341568
1892371	15496	-0.35443914	-0.19710636
1892371	15497	-0.096967936	-0.54746747
1892371	15498	-0.13958994	-0.5379719
1892371	15499	-0.2857173	-0.38641205
1892371	15500	-0.3924436	-0.29565245
1892371	15501	-0.54772127	-0.07562333
1892371	15502	-0.66093856	0.08674696
1892371	15503	-0.6709225	0.12697783
1892371	15504	-0.6345273	0.0802975
1892371	15505	-0.534152	-0.09255749
1892371	15506	-0.46741498	-0.10797161
1892371	15507	-0.34551066	-0.3688149
1892371	15508	-0.8352463	0.3277485
1892371	15509	-0.9869848	0.5624919
1892371	15510	-0.84366804	0.4528412
1892371	15511	-0.5963045	0.06345919
1892371	15512	-0.1607962	-0.5041036
1892371	15513	-0.09399539	-0.5581876
1892371	15514	-0.046945363	-0.622513
1892371	15515	-2.592802e-05	-0.6498382
1892371	15516	0.21386391	-0.8987621
1892371	15517	0.37807018	-1.0017769
1892371	15518	0.43449795	-1.0076659
1892371	15519	0.53615856	-1.096176
1892371	15520	0.4947225	-0.9556322
1892371	15521	0.3731085	-0.9260297
1892371	15522	0.36261433	-0.88782895
1892371	15523	0.20417559	-0.71746373
1892371	15524	0.5820141	-1.1812481
1892371	15525	0.79274535	-1.3031628
1892371	15526	0.55219996	-0.9752265
1892371	15527	0.28944367	-0.8502344
1892371	15528	0.32359308	-0.7752156
1892371	15529	0.22733021	-0.83643836
1892371	15530	1.3731716	-1.9152943
1892371	15531	1.8260616	-1.9138765
1892371	15532	1.7989987	-1.8980674
1892371	15533	1.6909281	-1.8386097
1892371	15534	1.2266296	-1.4980123
1892371	15535	0.84551203	-1.2845011
1892371	15536	0.5610992	-1.0634564
1892371	15537	0.3557011	-0.9203985
1892371	15538	0.26192898	-0.89635336
1892371	15539	0.06124693	-0.68929243
1892371	15540	-0.038577944	-0.6260958
1892371	15541	-0.078863055	-0.60112315
1892371	15542	0.05488968	-0.7926766
1892371	15543	-0.6614358	0.077459246
1892371	15544	-0.848652	0.39035824
1892371	15545	-0.7975756	0.39373526
1892371	15546	-0.79862	0.3762423
1892371	15547	-0.83184874	0.3924087
1892371	15548	-0.75801814	0.23735985
1892371	15549	-0.7274989	0.18287542
1892371	15550	-0.71207505	0.12648436
1892371	15551	-0.7022208	0.11232498
1892371	15552	-0.19918573	-0.6464726
1892371	15553	-0.07384884	-0.6350273
1892371	15554	0.0299865	-0.83008754
1892371	15555	0.29003572	-1.0471606
1892371	15556	0.45252717	-1.1242993
1892371	15557	0.4424104	-1.0722431
1892371	15558	0.416121	-1.0406663
1892371	15559	0.85511565	-1.4239473
1892371	15560	1.0098784	-1.464176
1892371	15561	0.8119701	-1.2564521
1892371	15562	0.72101283	-1.1590024
1892371	15563	0.9079186	-1.4225765
1892371	15564	1.1420555	-1.5403608
1892371	15565	0.9848231	-1.3324053
1892371	15566	0.60669446	-1.0895929
1892371	15567	0.3291996	-0.9511553
1892371	15568	0.11968374	-0.7694608
1892371	15569	-0.012924403	-0.6465626
1892371	15570	-0.10910672	-0.59672546
1892371	15571	-0.13772982	-0.5606401
1892371	15572	-0.17076015	-0.5135804
1892371	15573	-0.4299964	-0.2339582
1892371	15574	-0.10362384	-0.68226844
1892371	15575	0.2656334	-1.0721974
1892371	15576	0.6050737	-1.3745104
1892371	15577	0.93845296	-1.4789273
1892371	15578	0.96266687	-1.4293758
1892371	15579	0.97988904	-1.468856
1892371	15580	1.1032139	-1.4725217
1892371	15581	1.2819382	-1.6449589
1892371	15582	1.2238492	-1.4954568
1892371	15583	1.0119241	-1.3946826
1892371	15584	1.1908033	-1.5559781
1892371	15585	1.1117697	-1.4726115
1892371	15586	0.97954035	-1.4234229
1892371	15587	0.5329839	-1.026594
1892371	15588	0.43038672	-1.0617889
1892371	15589	0.5448735	-1.15689
1892371	15590	0.24413037	-0.8958578
1892371	15591	-0.10697007	-0.55152625
1892371	15592	-0.2854262	-0.4980045
1892371	15593	0.23007953	-1.0370568
1892371	15594	0.2216695	-0.84523183
1892371	15595	0.23137939	-1.0286512
1892371	15596	0.14810628	-0.83945096
1892371	15597	0.9869467	-1.6900707
1892371	15598	1.4363316	-1.7855422
1892371	15599	1.086559	-1.3913234
1892371	15600	1.1200074	-1.5431843
1892371	15601	1.3111916	-1.588987
1892371	15602	0.9982252	-1.3824123
1892371	15603	1.0519478	-1.3569387
1892371	15604	0.95574546	-1.4011638
1892371	15605	-0.028157502	-0.48183328
1892371	15606	-0.5391453	-0.074407905
1892371	15607	0.48160774	-1.2225572
1892371	15608	0.36219448	-0.9428282
1892371	15609	0.09768772	-0.67724574
1892371	15610	0.101430476	-0.7630559
1892371	15611	0.34851837	-1.0391152
1892371	15612	0.7294662	-1.3632152
1892371	15613	1.0260478	-1.4635792
1892371	15614	1.0190356	-1.4160113
1892371	15615	1.3246661	-1.7030091
1892371	15616	1.4601729	-1.6975689
1892371	15617	1.5043393	-1.7562217
1892371	15618	1.471728	-1.7185496
1892371	15619	1.3776072	-1.6575686
1892371	15620	1.5573701	-1.7816981
1892371	15621	1.3325356	-1.5806079
1892371	15622	1.1505793	-1.5332401
1892371	15623	1.2653606	-1.6282204
1892371	15624	1.4473389	-1.7194979
1892371	15625	0.055080593	-0.6229463
1892371	15626	-0.29909045	-0.40406713
1892371	15627	-0.1343297	-0.6332865
1892371	15628	0.38304788	-1.1727009
1892371	15629	0.4021045	-1.0501504
1892371	15630	0.4538318	-1.1138047
1892371	15631	0.45953476	-1.0954336
1892371	15632	0.57095015	-1.2005233
1892371	15633	0.88960004	-1.4350253
1892371	15634	0.5594331	-1.1784238
1892371	15635	0.6833862	-1.2265663
1892371	15636	0.6434176	-1.0755368
1892371	15637	0.9714569	-1.4529616
1892371	15638	0.6185491	-1.0984609
1892371	15639	0.72547054	-1.2372208
1892371	15640	0.6116686	-1.1526288
1892371	15641	0.35233152	-0.93968374
1892371	15642	0.5336144	-1.1443044
1892371	15643	0.42452163	-1.0060107
1892371	15644	0.58617055	-1.1632915
1892371	15645	0.6954378	-1.231305
1892371	15646	0.50597656	-1.0431974
1892371	15647	0.5253178	-1.0409576
1892371	15648	0.6566608	-1.1411027
1892371	15649	0.85810864	-1.3316677
1892371	15650	0.6875998	-1.1252302
1892371	15651	0.7924613	-1.2830601
1892371	15652	0.6348741	-1.1415203
1892371	15653	0.6633631	-1.230628
1892371	15654	0.9424598	-1.497523
1892371	15655	0.65256214	-1.1023324
1892371	15656	0.7739719	-1.3406429
1892371	15657	1.1935593	-1.4820122
1892371	15658	0.95786095	-1.4023918
1892371	15659	0.8532404	-1.2552236
1892371	15660	0.64353645	-1.0508125
1892371	15661	1.0528966	-1.4861597
1892371	15662	1.1976601	-1.468651
1892371	15663	0.99160886	-1.3086274
1892371	15664	0.7358048	-1.1628422
1892371	15665	0.69807005	-1.1947688
1892371	15666	0.5659082	-1.0303656
1892371	15667	0.675709	-1.1965306
1892371	15668	0.42015553	-0.9112458
1892371	15669	0.33073163	-0.85986364
1892371	15670	0.48429137	-1.0539776
1892371	15671	0.61587906	-1.1006836
1892371	15672	0.851318	-1.3350587
1892371	15673	0.6872848	-1.1100521
1892371	15674	0.67740977	-1.0556871
1892371	15675	0.967015	-1.3976846
1892371	15676	0.6041584	-0.9990386
1892371	15677	0.53745806	-0.9720844
1892371	15678	0.32367676	-0.7989993
1892371	15679	0.46095973	-1.0408231
1892371	15680	0.43487668	-0.9463289
1892371	15681	0.59477925	-1.105678
1892371	15682	0.5543972	-1.089376
1892371	15683	0.90870535	-1.3201078
1892371	15684	0.7169721	-0.99280727
1892371	15685	0.6217041	-1.0201972
1892371	15686	0.75921214	-1.1607794
1892371	15687	0.6828629	-1.1787722
1892371	15688	0.5795218	-1.0832388
1892371	15689	0.43340826	-0.89653057
1892371	15690	0.24303436	-0.7359488
1892371	15691	0.43765604	-1.0570468
1892371	15692	0.29866737	-0.77207637
1892371	15693	0.7360072	-1.2217222
1892371	15694	0.86042786	-1.2274914
1892371	15695	0.5933337	-1.0893503
1892371	15696	0.91584134	-1.2600331
1892371	15697	0.7221695	-1.0864555
1892371	15698	0.8105415	-1.1637746
1892371	15699	0.62387955	-0.97049046
1892371	15700	0.43112677	-0.8726196
1892371	15701	0.13864434	-0.6107099
1892371	15702	0.5298625	-1.0989994
1892371	15703	0.65144813	-1.1318896
1892371	15704	0.6989609	-1.1225628
1892371	15705	0.44665754	-0.8883492
1892371	15706	0.6351099	-1.1416099
1892371	15707	0.5749625	-1.1046581
1892371	15708	0.66020536	-1.0931305
1892371	15709	0.6878389	-1.0655929
1892371	15710	0.4013582	-0.9028466
1892371	15711	0.39219284	-0.95688456
1892371	15712	0.41458714	-0.95500636
1892371	15713	0.28029686	-0.84100986
1892371	15714	0.33073634	-0.9431509
1892371	15715	0.438357	-1.0146267
1892371	15716	0.7273282	-1.2538391
1892371	15717	0.6137973	-0.9645598
1892371	15718	0.36427754	-0.7139038
1892371	15719	0.7302791	-1.0738814
1892371	15720	0.40597296	-0.8021624
1892371	15721	0.71792126	-1.2460521
1892371	15722	0.34734946	-0.94498587
1892371	15723	0.22000384	-0.8054514
1892371	15724	0.2991585	-0.85544896
1892371	15725	0.31521678	-0.9279562
1892371	15726	0.15301931	-0.75135005
1892371	15727	0.5094707	-1.113261
1892371	15728	0.59219646	-1.1232542
1892371	15729	0.79552543	-1.3249699
1892371	15730	0.6653824	-1.1106834
1892371	15731	0.48012918	-0.9410839
1892371	15732	0.48093992	-1.0071028
1892371	15733	0.44707203	-0.9430801
1892371	15734	0.5066638	-0.95592993
1892371	15735	0.4954121	-0.9279749
1892371	15736	0.45899832	-0.8975405
1892371	15737	0.44049758	-0.9011023
1892371	15738	0.5938442	-1.0525329
1892371	15739	0.6685592	-1.0842953
1892371	15740	0.66129804	-1.0253206
1892371	15741	0.7214428	-1.1214374
1892371	15742	0.83567595	-1.1991514
1892371	15743	0.6620749	-1.0685973
1892371	15744	0.58394337	-1.1734396
1892371	15745	0.4142114	-0.9508772
1892371	15746	0.44179887	-0.9829272
1892371	15747	0.51902795	-0.98473394
1892371	15748	0.96452785	-1.458018
1892371	15749	0.8028048	-1.1059957
1892371	15750	0.762643	-1.1829842
1892371	15751	0.5493889	-1.0303531
1892371	15752	0.69499457	-1.1565942
1892371	15753	0.58338284	-0.99359167
1892371	15754	-0.48772162	0.21316728
1892371	15755	-0.6700002	0.3061197
1892371	15756	-0.0294033	-0.6199214
1892371	15757	-1.3722485	1.1687379
1892371	15758	-1.2393835	1.5750692
1892371	15759	-0.8448292	1.027177
1892371	15760	-0.81060296	0.63718677
1892371	15761	-0.95076185	0.9058044
1892371	15762	-0.9295175	0.80746627
1892371	15763	-0.9843904	0.88433516
1892371	15764	-0.9452396	0.8019203
1892371	15765	-0.8262799	0.5449059
1892371	15766	-1.0511391	0.825987
1892371	15767	-0.98180723	0.83546853
1892371	15768	-1.2974933	1.3383301
1892371	15769	-0.8632465	0.77730954
1892371	15770	-0.8430133	0.65867233
1892371	15771	-0.942049	0.7288009
1892371	15772	-0.9164591	0.70923436
1892371	15773	-0.8411047	0.6623862
1892371	15774	-0.8955314	0.6505935
1892371	15775	-0.89649034	0.7137706
1892371	15776	-0.88110197	0.6798173
1892371	15777	-0.75224197	0.5348729
1892371	15778	-0.92170054	0.657436
1892371	15779	-0.6031538	0.2875466
1892371	15780	-0.24866083	-0.20974033
1892371	15781	-0.34821936	-0.116316944
1892371	15782	-0.9382986	0.67474604
1892371	15783	-0.83614063	0.71443975
1892371	15784	-0.79058063	0.6156908
1892371	15785	-0.86182976	0.6679622
1892371	15786	-0.7817702	0.5806254
1892371	15787	-0.87922525	0.63698304
1892371	15788	-0.8537313	0.6387532
1892371	15789	-0.7746496	0.5102
1892371	15790	-0.6760527	0.28546813
1892371	15791	0.15233785	-0.74420553
1892371	15792	-0.69175583	-0.13780266
1892371	15793	-0.8052254	-0.31470352
1892371	15794	-0.5551342	1.035258
1892371	15795	0.64197147	-1.4234716
1892371	15796	1.0568814	-1.266122
1892371	15797	1.0497675	-1.1815228
1892371	15798	1.0421677	-1.1737865
1892371	15799	1.0403329	-1.0534346
1892371	15800	-0.25397497	0.3357748
1892371	15801	-0.55977637	0.4763184
1892371	15802	-0.058562487	-1.0162134
1892371	15803	-1.1951934	0.18768683
1892371	15804	-0.25629994	-0.16545066
1892371	15805	-0.38840178	-0.1679135
1892371	15806	-0.52010256	0.05057612
1892371	15807	-0.8229497	0.49895057
1892371	15808	-0.7627294	0.49635175
1892371	15809	-0.7365012	0.4530641
1892371	15810	-0.808101	0.5350498
1892371	15811	-0.7389145	0.43680015
1892371	15812	-0.695592	0.34710285
1892371	15813	-0.7941391	0.53594863
1892371	15814	-0.79182774	0.5215622
1892371	15815	-0.66707385	0.3692657
1892371	15816	-0.6804682	0.29403213
1892371	15817	-0.45577917	-0.09866288
1892371	15818	-0.5963891	0.23301575
1892371	15819	-0.4044136	-0.059105128
1892371	15820	0.08534044	-0.7619318
1892371	15821	-0.6524023	-0.40336677
1892371	15822	-0.63884234	1.1741768
1892371	15823	0.58257306	-1.3229058
1892371	15824	0.96441805	-1.1839017
1892371	15825	1.1860313	-1.3479407
1892371	15826	1.2162572	-1.2552735
1892371	15827	1.1794308	-1.2329891
1892371	15828	1.0745308	-1.1464144
1892371	15829	1.149077	-1.2401141
1892371	15830	0.9806391	-0.9858544
1892371	15831	0.6449176	-0.8444607
1892371	15832	0.8163587	-1.0448871
1892371	15833	0.47625172	-0.7777884
1892371	15834	-0.0026401877	-0.28230816
1892371	15835	-0.073637575	-0.30543694
1892371	15836	-0.0082704425	-0.47004902
1892371	15837	-0.32499927	-0.046422273
1892371	15838	-0.70781446	0.31043842
1892371	15839	-0.5502117	0.2035949
1892371	15840	-0.77955186	0.60601234
1892371	15841	-0.9312045	0.76104474
1892371	15842	-0.9772986	0.9307226
1892371	15843	-0.8238401	0.69636047
1892371	15844	-0.6158901	0.4015564
1892371	15845	-0.61796176	0.36813173
1892371	15846	-1.0077438	0.9902648
1892371	15847	-1.0174224	1.1164495
1892371	15848	-1.0583634	1.2113985
1892371	15849	-1.0826223	1.3949482
1892371	15850	-0.9368478	0.9553498
1892371	15851	-1.0100408	1.1143539
1892371	15852	-0.93997777	1.0765474
1892371	15853	-0.96371406	0.99390507
1892371	15854	-1.0748692	1.244112
1892371	15855	-1.0036069	1.1710408
1892371	15856	-0.88846266	0.94971526
1892371	15857	-1.165215	1.2971245
1892371	15858	-1.0510588	1.180739
1892371	15859	-1.069244	1.1770653
1892371	15860	-0.90078115	0.77005494
1892371	15861	-0.29676056	-0.018342644
1892371	15862	-0.29613647	0.047899216
1892371	15863	-0.32118925	-0.020684063
1892371	15864	-0.2620018	-0.025753409
1892371	15865	-0.5220841	0.3314155
1892371	15866	-0.37584066	-0.041000396
1892371	15867	-0.13164654	-0.27826664
1892371	15868	0.018841982	-0.4303292
1892371	15869	-0.03461668	-0.18799931
1892371	15870	0.4427336	-0.88373065
1892371	15871	0.55150473	-0.8341
1892371	15872	0.55779123	-0.74072546
1892371	15873	0.55478597	-0.76061916
1892371	15874	0.2561844	-0.37762344
1892371	15875	0.10574806	-0.44512746
1892371	15876	0.037957072	-0.3290019
1892371	15877	-0.11329588	-0.17676392
1892371	15878	-0.32591856	-0.0065589845
1892371	15879	-0.12137923	-0.3254081
1892371	15880	0.08279687	-0.48739317
1892371	15881	-0.056366026	-0.28954533
1892371	15882	0.158238	-0.525463
1892371	15883	0.31482893	-0.6535862
1892371	15884	0.44504184	-0.8172035
1892371	15885	0.18941772	-0.36792958
1892371	15886	-0.31371444	0.08351436
1892371	15887	-0.5245765	0.28253803
1892371	15888	-0.58682644	0.39931998
1892371	15889	-0.7082892	0.60731506
1892371	15890	-0.6460978	0.48900434
1892371	15891	-0.6075194	0.43081632
1892371	15892	-0.6794561	0.7707629
1892371	15893	-0.49599463	0.53894293
1892371	15894	-0.5363092	0.38517186
1892371	15895	-0.64298975	0.72595835
1892371	15896	-0.75171596	0.7674289
1892371	15897	-0.49196708	-0.7401354
1892371	15898	0.068282425	-0.3307415
1892371	15899	-0.44050866	0.0228253
1892371	15900	-0.65932	0.44434014
1892371	15901	-1.0896571	1.1657306
1892371	15902	-0.9975436	1.1939975
1892371	15903	-0.96663576	1.0780585
1892371	15904	-1.0436349	1.1641203
1892371	15905	-0.8562111	0.74560475
1892371	15906	-1.025137	0.8894721
1892371	15907	-1.0360167	0.9875581
1892371	15908	-0.96098006	0.83754325
1892371	15909	-0.95096254	0.79553926
1892371	15910	-0.94934005	0.80768573
1892371	15911	-1.0393859	0.8973203
1892371	15912	-0.8890979	0.78733623
1892371	15913	-0.92790157	0.7651533
1892371	15914	-1.017875	0.87338364
1892371	15915	-0.8895922	0.73247015
1892371	15916	-1.0393329	0.9209181
1892371	15917	-1.1129395	1.0649296
1892371	15918	-0.8933358	0.72057426
1892371	15919	-1.2011313	1.399681
1892371	15920	-0.88768256	0.7869048
1892371	15921	-0.998614	0.93343294
1892371	15922	-0.95677245	0.86250496
1892371	15923	-0.96153164	0.8985207
1892371	15924	-0.91030914	0.7850921
1892371	15925	-0.68545485	0.47887185
1892371	15926	-0.7110239	0.48848733
1892371	15927	-0.6337538	0.49481234
1892371	15928	-0.8680545	0.68928015
1892371	15929	-0.9287197	0.87909997
1892371	15930	-0.9092134	0.86365736
1892371	15931	-0.84598637	0.7522286
1892371	15932	-0.8179451	0.66677046
1892371	15933	-0.8320688	0.6874049
1892371	15934	-0.82362086	0.67406416
1892371	15935	-0.810562	0.64999795
1892371	15936	-0.727061	0.5970324
1892371	15937	-0.8870407	0.71175873
1892371	15938	-0.8646008	0.7416272
1892371	15939	-0.79722434	0.6785284
1892371	15940	-0.8677796	0.78511786
1892371	15941	-0.8558396	0.6824627
1892371	15942	-0.8121464	0.6225811
1892371	15943	-0.7692915	0.5581987
1892371	15944	-0.7346328	0.49152282
1892371	15945	-0.82951546	0.65507233
1892371	15946	-0.88644093	0.7583952
1892371	15947	-0.9109842	0.78389263
1892371	15948	-0.9315778	0.8345741
1892371	15949	-0.9372121	0.8490032
1892371	15950	-0.8595599	0.78940654
1892371	15951	-0.9716419	0.88138366
1892371	15952	-1.0117081	0.95172906
1892371	15953	-0.9876585	0.92307496
1892371	15954	-0.83037984	0.71075034
1892371	15955	-1.015404	0.89055085
1892371	15956	-0.8707991	0.7910007
1892371	15957	-0.91714376	0.8240539
1892371	15958	-0.8742882	0.74061906
1892371	15959	-0.83840215	0.648476
1892371	15960	-0.81850684	0.6187918
1892371	15961	-0.7793578	0.61277676
1892371	15962	-0.9361217	0.7758702
1892371	15963	-1.2978733	1.4308478
1892371	15964	-1.0852699	1.1518353
1892371	15965	-1.1532791	1.1772254
1892371	15966	-1.3441858	1.5742414
1892371	15967	-1.2294779	1.2544584
1892371	15968	-1.3864594	1.4987487
1892371	15969	-1.3393697	1.6098125
1892371	15970	-1.5126318	1.8218062
1892371	15971	-1.1185406	1.3792713
1892371	15972	-1.551498	1.8310513
1892371	15973	-0.8207232	0.8520912
1892371	15974	-1.0566788	1.042295
1892371	15975	-1.378557	1.5909879
1892371	15976	-1.4417801	1.7711577
1892371	15977	-1.4680295	1.8498006
1892371	15978	-1.5169798	1.9291811
1892371	15979	-1.5128317	1.9432349
1892371	15980	-1.5092113	1.9398742
1892371	15981	-1.5154101	1.9567325
1892371	15982	-1.4581103	1.8645926
1892371	15983	-1.476486	1.8691704
1892371	15984	-1.4936063	1.8533852
1892371	15985	-1.5561552	1.9778032
1892371	15986	-1.4855525	1.8796613
1892371	15987	-1.5059148	1.8904943
1892371	15988	-1.517521	1.9311397
1892371	15989	-1.4680655	1.8534238
1892371	15990	-1.5162604	1.9331143
1892371	15991	-1.4448048	1.8112001
1892371	15992	-1.2927084	1.5156403
1892371	15993	-1.3102818	1.4995544
1892371	15994	-1.2643731	1.4304662
1892371	15995	-1.1366901	1.2213879
1892371	15996	-1.1145141	1.1459821
1892371	15997	-1.2717471	1.3277757
1892371	15998	-1.198201	1.2863429
1892371	15999	-1.3174708	1.5540144
1892371	16000	-1.4668899	1.7274077
1892371	16001	-1.1369094	1.3045441
1892371	16002	-1.2861371	1.4908832
1892371	16003	-1.0667009	1.2582763
1892371	16004	-1.2438979	1.5182365
1892371	16005	-1.4129138	1.7461767
1892371	16006	-1.1419847	1.3317542
1892371	16007	-1.255517	1.3663106
1892371	16008	-1.1864398	1.3104388
1892371	16009	-0.96884274	1.0361252
1892371	16010	-0.9141531	0.93251693
1892371	16011	-1.3447642	1.6322169
1892371	16012	-1.1887902	1.3509787
1892371	16013	-1.0110613	1.3307942
1892371	16014	-1.2009442	1.2610244
1892371	16015	-1.344615	1.6239042
1892371	16016	-1.3928676	1.77193
1892371	16017	-1.3555408	1.6460872
1892371	16018	-1.1626692	1.3592856
1892371	16019	-1.3272327	1.6408024
1892371	16020	-1.0751309	1.3045579
1892371	16021	-1.3483635	1.6572785
1892371	16022	-1.4495237	1.7693272
1892371	16023	-1.4025087	1.7715805
1892371	16024	-1.4024041	1.8160589
1892371	16025	-1.4333454	1.8187401
1892371	16026	-1.4359024	1.8351595
1892371	16027	-1.4338076	1.8461752
1892371	16028	-1.3965251	1.7839704
1892371	16029	-1.3673879	1.7309356
1892371	16030	-1.3880316	1.734518
1892371	16031	-1.3747077	1.72195
1892371	16032	-1.3618433	1.6994643
1892371	16033	-1.3522755	1.6798398
1892371	16034	-1.3452544	1.7286017
1892371	16035	-1.372596	1.6915591
1892371	16036	-1.3596332	1.6840901
1892371	16037	-1.3490263	1.6457496
1892371	16038	-1.3422772	1.641875
1892371	16039	-1.3421526	1.645289
1892371	16040	-1.340617	1.6422136
1892371	16041	-1.3431902	1.6356409
1892371	16042	-1.3357003	1.6192715
1892371	16043	-1.3285573	1.5990562
1892371	16044	-1.3169918	1.5710199
1892371	16045	-1.2977843	1.6003666
1892371	16046	-1.3304796	1.583878
1892371	16047	-1.283806	1.527773
1892371	16048	-1.3038957	1.5841198
1892371	16049	-1.3622458	1.6988626
1892371	16050	-1.2984512	1.5959113
1892371	16051	-1.0180131	1.1042814
1892371	16052	-1.287627	1.4862486
1892371	16053	-1.0448325	1.0040878
1892371	16054	-1.4530182	1.8519864
1892371	16055	-1.340874	1.6051104
1892371	16056	-1.1423273	1.2283899
1892371	16057	-1.2078084	1.323584
1892371	16058	-0.96660066	1.0542685
1892371	16059	-1.2167847	1.2236992
1892371	16060	-1.1298966	1.2545191
1892371	16061	-1.1224506	1.1602397
1892371	16062	-1.3117054	1.4069562
1892371	16063	-1.0339997	1.2857692
1892371	16064	-1.3279188	1.425592
1892371	16065	-1.196198	1.4735657
1892371	16066	-1.2988513	1.5578749
1892371	16067	-1.0104024	1.068661
1892371	16068	-1.2628295	1.4387894
1892371	16069	-1.0920913	1.2134465
1892371	16070	-1.286768	1.3951987
1892371	16071	-1.2739065	1.4297822
1892371	16072	-1.2657366	1.4273105
1892371	16073	-1.539253	1.9165006
1892371	16074	-1.341722	1.654911
1892371	16075	-1.1950667	1.3791021
1892371	16076	-1.2731731	1.5034254
1892371	16077	-1.2992358	1.4155906
1892371	16078	-1.1809459	1.3667434
1892371	16079	-1.1452776	1.2645855
1892371	16080	-1.4665078	1.8323803
1892371	16081	-1.279468	1.4344264
1892371	16082	-1.417417	1.7421658
1892371	16083	-1.2215735	1.5252262
1892371	16084	-1.3673148	1.5367439
1892371	16085	-1.3148025	1.6956072
1892371	16086	-1.1914151	1.3445514
1892371	16087	-1.5848639	1.9335492
1892371	16088	-1.4240346	1.7276573
1892371	16089	-1.5562247	1.8601174
1892371	16090	-1.4863755	1.7056279
1892371	16091	-1.429893	1.6047032
1892371	16092	-1.369103	1.5429804
1892371	16093	-1.424325	1.5763292
1892371	16094	-1.4110272	1.5750635
1892371	16095	-1.3578495	1.5540507
1892371	16096	-1.4531778	1.7530355
1892371	16097	-1.2142301	1.3873636
1892371	16098	-1.3849946	1.5529833
1892371	16099	-1.4874448	1.8979256
1892371	16100	-1.5864564	1.9415712
1892371	16101	-1.46013	1.8142052
1892371	16102	-1.4554994	1.7602258
1892371	16103	-1.5974122	2.0422702
1892371	16104	-1.1606011	1.3949926
1892371	16105	-1.5212569	1.9062815
1892371	16106	-1.3927007	1.5689349
1892371	16107	-1.1149721	1.3711058
1892371	16108	-1.4054393	1.5122479
1892371	16109	-1.3699886	1.6822035
1892371	16110	-1.4791641	1.8818631
1892371	16111	-1.1745102	1.4303926
1892371	16112	-1.3975387	1.5299075
1892371	16113	-1.4021938	1.7174022
1892371	16114	-1.4051151	1.6125038
1892371	16115	-1.3834956	1.6250887
1892371	16116	-1.3490834	1.5041666
1892371	16117	-1.4187632	1.7111225
1892371	16118	-1.1588764	1.4386464
1892371	16119	-1.4484296	1.6483467
1892371	16120	-1.3449051	1.6466568
1892371	16121	-1.3301693	1.5829415
1892371	16122	-1.3467999	1.5821943
1892371	16123	-1.336283	1.6640525
1892371	16124	-1.1880232	1.3777174
1892371	16125	-1.0988863	1.1332481
1892371	16126	-1.2572565	1.3688309
1892371	16127	-1.4242241	1.8143368
1892371	16128	-1.3246825	1.5587034
1892371	16129	-1.1851237	1.357679
1892371	16130	-1.2252483	1.3952261
1892371	16131	-1.1650693	1.416194
1892371	16132	-0.942013	0.9857383
1892371	16133	-1.1969073	1.3979843
1892371	16134	-1.2845387	1.5418088
1892371	16135	-1.0658023	1.3235035
1892371	16136	-1.3504856	1.5005771
1892371	16137	-1.4302809	1.8042631
1892371	16138	-1.261727	1.5036693
1892371	16139	-1.2689939	1.416642
1892371	16140	-1.2414021	1.3554046
1892371	16141	-1.2336371	1.3774306
1892371	16142	-1.1112494	1.3242406
1892371	16143	-1.1860845	1.3934029
1892371	16144	-1.1349459	1.2938458
1892371	16145	-1.1653754	1.421023
1892371	16146	-0.9409896	0.97177577
1892371	16147	-1.3370295	1.5706756
1892371	16148	-1.1766267	1.2713691
1892371	16149	-1.0750885	1.1883218
1892371	16150	-0.83534265	1.1873118
1892371	16151	-1.2807083	1.3510836
1892371	16152	-1.2781656	1.5566776
1892371	16153	-1.2391305	1.3682647
1892371	16154	-1.4299443	1.7216992
1892371	16155	-1.3165017	1.447419
1892371	16156	-1.1571689	1.2909404
1892371	16157	-0.98424155	1.1016772
1892371	16158	-1.1842129	1.3310763
1892371	16159	-1.2824113	1.4618701
1892371	16160	-1.2606806	1.4594004
1892371	16161	-1.2211963	1.3484178
1892371	16162	-1.2705026	1.490661
1892371	16163	-1.3002017	1.4868301
1892371	16164	-1.0166068	1.2045841
1892371	16165	-1.4503397	1.8118639
1892371	16166	-1.5288684	1.9234731
1892371	16167	-1.4123001	1.7386265
1892371	16168	-1.3597531	1.56674
1892371	16169	-1.2018905	1.5277085
1892371	16170	-1.6598327	2.0154512
1892371	16171	-1.7026311	2.2910461
1892371	16172	-1.6096979	2.0814521
1892371	16173	-1.5532504	1.9404011
1892371	16174	-1.6169162	2.0604467
1892371	16175	-1.6803468	2.3160987
1892371	16176	-1.3386067	1.8646634
1892371	16177	-1.2590888	1.3792763
1892371	16178	-1.4566913	1.8554051
1892371	16179	-1.4943838	1.9548569
1892371	16180	-1.4374611	1.8247623
1892371	16181	-1.1787649	1.5542493
1892371	16182	-1.3003063	1.491383
1892371	16183	-1.3874056	1.7308512
1892371	16184	-1.4593152	1.9333036
1892371	16185	-1.2256464	1.5145723
1892371	16186	-1.3564556	1.5721948
1892371	16187	-1.235574	1.3782152
1892371	16188	-1.3128858	1.5612347
1892371	16189	-1.3653792	1.5985053
1892371	16190	-1.2085304	1.4671674
1892371	16191	-1.3142245	1.5655963
1892371	16192	-1.2892796	1.5384887
1892371	16193	-1.0547546	1.1513492
1892371	16194	-1.0627544	0.975147
1892371	16195	-1.1129632	0.9765072
1892371	16196	-1.1105721	1.1714284
1892371	16197	-1.2335622	1.3255296
1892371	16198	-1.3220747	1.4830931
1892371	16199	-1.1515844	1.269311
1892371	16200	-1.3879987	1.6378834
1892371	16201	-1.1431566	1.1870335
1892371	16202	-1.1750714	1.2432523
1892371	16203	-1.0790012	1.1638758
1892371	16204	-1.4383426	1.4932396
1892371	16205	-1.1721284	1.3592775
1892371	16206	-1.0575674	1.0454994
1892371	16207	-1.0725698	0.9631487
1892371	16208	-1.0383171	0.8856622
1892371	16209	-1.031272	0.8601755
1892371	16210	-1.042403	0.96814334
1892371	16211	-1.0874605	0.96592057
1892371	16212	-1.0123398	0.8726721
1892371	16213	-1.0342427	0.91922677
1892371	16214	-1.126503	0.9998313
1892371	16215	-1.0493386	0.9446578
1892371	16216	-0.09989056	-0.2553981
1892371	16217	-0.84756017	-0.3857606
1892371	16218	-0.8853917	-0.56736624
1892371	16219	-1.0336225	-0.26998848
1892371	16220	-0.5472975	1.0631125
1892371	16221	0.14733517	-0.713302
1892371	16222	0.49333405	-0.9759779
1892371	16223	0.58879125	-0.9634453
1892371	16224	0.64756	-0.98071635
1892371	16225	0.6803622	-0.9587664
1892371	16226	0.67691994	-0.9152468
1892371	16227	0.7568958	-0.8489404
1892371	16228	0.31136137	-0.33032364
1892371	16229	-0.021713674	-0.081780046
1892371	16230	-0.123199195	-0.06588784
1892371	16231	-0.14888883	-0.10355303
1892371	16232	-0.27951103	0.079654604
1892371	16233	-0.30527696	0.032068193
1892371	16234	-0.13286757	-0.22591627
1892371	16235	0.13060755	-0.57241064
1892371	16236	0.2426331	-0.6501877
1892371	16237	0.22979462	-0.63058615
1892371	16238	0.24499679	-0.66047144
1892371	16239	0.34716702	-0.791335
1892371	16240	0.34203106	-0.7547564
1892371	16241	0.37150317	-0.78905904
1892371	16242	0.32666188	-0.72061265
1892371	16243	0.29881847	-0.7242887
1892371	16244	0.29933268	-0.7345343
1892371	16245	0.21978098	-0.6361773
1892371	16246	0.14638215	-0.61265445
1892371	16247	-0.054133296	-0.32115406
1892371	16248	-0.2753032	-0.1453653
1892371	16249	-0.3259865	-0.08694652
1892371	16250	-0.46706283	0.108558685
1892371	16251	-0.5421159	0.23995551
1892371	16252	-0.485248	0.13111785
1892371	16253	-0.42724055	0.056839794
1892371	16254	-0.6879374	0.5283668
1892371	16255	-0.6633073	0.39752617
1892371	16256	-0.12510481	-1.2391117
1892371	16257	0.023086846	-0.504942
1892371	16258	-0.31852007	-0.18758488
1892371	16259	-0.43574798	0.09756175
1892371	16260	-0.5377104	0.26378182
1892371	16261	-0.6095606	0.3850673
1892371	16262	-0.8869696	0.83880436
1892371	16263	-0.8597754	0.8882415
1892371	16264	-0.87907887	0.9044514
1892371	16265	-0.8620187	0.83393323
1892371	16266	-0.8589047	0.7558267
1892371	16267	-0.9138799	0.8513322
1892371	16268	-0.96941763	1.0121102
1892371	16269	-0.91019213	0.9019488
1892371	16270	-0.964449	1.038319
1892371	16271	-0.9789175	1.0219582
1892371	16272	-1.0072104	1.0133325
1892371	16273	-0.9306507	1.1192603
1892371	16274	-0.7390403	0.69508755
1892371	16275	-0.859103	0.8743576
1892371	16276	-0.9929505	1.0252422
1892371	16277	-0.9499351	1.0245438
1892371	16278	-0.97224665	1.0332624
1892371	16279	-0.92154896	0.95523417
1892371	16280	-1.0251402	1.1840982
1892371	16281	-0.78544027	0.8345696
1892371	16282	-1.0565479	1.2346741
1892371	16283	-0.7954657	0.89369655
1892371	16284	-1.0915699	1.0241283
1892371	16285	-0.727211	0.68772626
1892371	16286	-0.6192822	0.28811327
1892371	16287	-0.73960423	0.43482557
1892371	16288	-0.64096195	0.32068297
1892371	16289	-0.6872705	0.35600463
1892371	16290	-0.6465183	0.2759696
1892371	16291	-0.54409176	0.19887659
1892371	16292	-0.5588186	0.10068324
1892371	16293	-0.54205376	0.06609681
1892371	16294	-0.5704997	0.13698009
1892371	16295	-0.3952659	-0.13449946
1892371	16296	-0.46593422	-0.016665936
1892371	16297	-0.5234817	-0.02696395
1892371	16298	-0.5203215	-0.033446312
1892371	16299	-0.5245688	-0.017256469
1892371	16300	-0.68272674	0.38467112
1892371	16301	-0.49833015	0.085428864
1892371	16302	-0.49412632	-0.087043256
1892371	16303	-0.8635758	0.6019449
1892371	16304	-0.6205005	0.18088517
1892371	16305	-0.8983183	0.5702728
1892371	16306	-0.84628487	0.56837463
1892371	16307	-0.85051167	0.58002245
1892371	16308	-0.81574863	0.5417919
1892371	16309	-0.86110044	0.61507964
1892371	16310	-0.91803455	0.71701765
1892371	16311	-0.87785923	0.6709974
1892371	16312	-0.9227607	0.73207974
1892371	16313	-0.806885	0.6053779
1892371	16314	-0.9204457	0.654987
1892371	16315	-0.8221838	0.6643275
1892371	16316	-0.9913949	0.7832037
1892371	16317	-0.68500435	0.49267247
1892371	16318	-0.9464035	0.735173
1892371	16319	-0.86552083	0.75111175
1892371	16320	-0.8111775	0.6267314
1892371	16321	-0.8967062	0.7588242
1892371	16322	-0.8475161	0.67282724
1892371	16323	-0.9994594	1.119922
1892371	16324	-0.80029416	0.6707492
1892371	16325	-1.0537924	0.9767716
1892371	16326	-0.8111553	0.694942
1892371	16327	-0.9601375	0.79535306
1892371	16328	-0.8451355	0.8286638
1892371	16329	-0.9216812	0.8935145
1892371	16330	-0.1883013	-0.05133435
1892371	16331	-1.1209027	0.31295493
1892371	16332	-1.1423025	0.04792425
1892371	16333	-1.2110093	0.22669896
1892371	16334	-1.2149134	0.17694786
1892371	16335	-0.7033036	1.426561
1892371	16336	-0.021693468	-0.38356674
1892371	16337	0.058035016	-0.31497747
1892371	16338	0.46770936	-0.887293
1892371	16339	0.51155055	-0.78135264
1892371	16340	0.5259174	-0.8230151
1892371	16341	0.536157	-0.7831371
1892371	16342	0.5182669	-0.74739134
1892371	16343	0.6180326	-0.73658895
1892371	16344	0.77846074	-0.97784376
1892371	16345	0.9959874	-1.0938606
1892371	16346	1.1957535	-1.2129605
1892371	16347	1.1595775	-1.102485
1892371	16348	0.7930734	-0.80047107
1892371	16349	1.3422849	-1.3875047
1892371	16350	1.9681801	-1.6753877
1892371	16351	2.087129	-1.6398871
1892371	16352	2.0447345	-1.5858244
1892371	16353	2.0128303	-1.5263938
1892371	16354	1.8440534	-1.4230518
1892371	16355	1.6885601	-1.3671345
1892371	16356	1.3666048	-1.146482
1892371	16357	0.43238205	-0.45228586
1892371	16358	0.03108108	-0.15891865
1892371	16359	0.44215518	-0.6688397
1892371	16360	0.7054187	-0.82402503
1892371	16361	1.137665	-1.1844021
1892371	16362	1.2973291	-1.1998395
1892371	16363	1.8338612	-1.5130247
1892371	16364	1.6812738	-1.3705735
1892371	16365	1.7480997	-1.291823
1892371	16366	1.5351995	-1.2019033
1892371	16367	1.7861632	-1.4177703
1892371	16368	1.3747319	-1.2620274
1892371	16369	1.2247316	-1.2530302
1892371	16370	1.2174315	-1.239461
1892371	16371	1.7536732	-1.6829326
1892371	16372	1.3324287	-1.2850853
1892371	16373	1.2312858	-1.1620905
1892371	16374	1.4414235	-1.4562835
1892371	16375	1.5110439	-1.3193175
1892371	16376	1.501669	-1.3013916
1892371	16377	1.3176205	-1.1991086
1892371	16378	1.3746282	-1.324761
1892371	16379	1.3559507	-1.2531419
1892371	16380	0.99931157	-0.8490343
1892371	16381	1.1331661	-1.2504711
1892371	16382	1.1995512	-1.2256579
1892371	16383	0.97278965	-0.93105674
1892371	16384	1.2946738	-1.2909164
1892371	16385	0.959339	-0.9811989
1892371	16386	1.4260558	-1.3562965
1892371	16387	1.8772408	-1.565874
1892371	16388	1.3171774	-1.2042707
1892371	16389	1.4011147	-1.2358903
1892371	16390	1.5905882	-1.3654538
1892371	16391	1.5134846	-1.1910924
1892371	16392	1.3949336	-1.2197422
1892371	16393	1.1308331	-1.1454278
1892371	16394	1.1646425	-1.0795989
1892371	16395	1.4146404	-1.3164922
1892371	16396	-0.10945997	0.11792889
1892371	16397	-0.4123276	0.2280787
1892371	16398	-0.49536893	0.33449253
1892371	16399	-0.8143469	0.7751374
1892371	16400	-0.55243	0.42958567
1892371	16401	-0.77429855	0.7322266
1892371	16402	-0.9068627	0.9744674
1892371	16403	-0.9901658	1.1748081
1892371	16404	-0.9325111	1.0885713
1892371	16405	-0.8880969	1.020978
1892371	16406	-0.85996425	0.9575547
1892371	16407	-0.7387172	0.7526256
1892371	16408	-0.77174276	0.79142976
1892371	16409	-0.64926344	0.5935279
1892371	16410	-0.58598447	0.595464
1892371	16411	-0.42421627	0.38182345
1892371	16412	-0.33918247	0.17718562
1892371	16413	-0.1457951	-0.044382334
1892371	16414	-0.031277537	-0.16265798
1892371	16415	0.18574488	-0.4220397
1892371	16416	0.19560516	-0.34633428
1892371	16417	0.22790164	-0.29398024
1892371	16418	0.20328456	-0.25800297
1892371	16419	0.06989759	-0.14772654
1892371	16420	0.037037134	-0.12472862
1892371	16421	0.044436455	-0.15073612
1892371	16422	0.16111767	-0.28659257
1892371	16423	0.05983621	-0.07411182
1892371	16424	-0.26703256	0.2168906
1892371	16425	-0.46508563	0.48434505
1892371	16426	-0.5362051	0.5508784
1892371	16427	-0.39341316	0.4090154
1892371	16428	-0.4418026	0.44044867
1892371	16429	-0.5571352	0.60338295
1892371	16430	-0.7650832	0.89733183
1892371	16431	-0.7495426	0.8614836
1892371	16432	-0.75593555	0.8648902
1892371	16433	-0.7880367	0.91325414
1892371	16434	-0.77547634	0.88158643
1892371	16435	-0.9639125	1.2425338
1892371	16436	-0.78543544	1.0389975
1892371	16437	-0.75363564	1.0076114
1892371	16438	-0.8742715	1.2761365
1892371	16439	-0.72498447	0.9712635
1892371	16440	-0.8616693	1.1431359
1892371	16441	-0.89016324	1.2637807
1892371	16442	-0.7956542	1.167426
1892371	16443	-0.88432264	1.3230658
1892371	16444	-0.91447574	1.3973994
1892371	16445	-0.8724481	1.303343
1892371	16446	-0.9455416	1.4056555
1892371	16447	-0.7784099	1.1800561
1892371	16448	-0.6715778	0.9269687
1892371	16449	-0.6486359	0.8125572
1892371	16450	-0.61490947	0.72873914
1892371	16451	-0.59280425	0.75126934
1892371	16452	-0.40942162	0.4213083
1892371	16453	-0.25461012	0.21072581
1892371	16454	-0.13399675	0.0562841
1892371	16455	-0.029609919	-0.10046479
1892371	16456	0.015823543	-0.11945641
1892371	16457	0.44256794	-0.5605076
1892371	16458	0.63599133	-0.608681
1892371	16459	0.62943184	-0.5492807
1892371	16460	1.0308217	-0.89656603
1892371	16461	1.0351561	-0.8029968
1892371	16462	1.384779	-1.1023682
1892371	16463	1.4164616	-1.0255933
1892371	16464	1.4421723	-1.1545019
1892371	16465	1.5717458	-1.201131
1892371	16466	1.5534462	-1.0944759
1892371	16467	1.363006	-1.0338832
1892371	16468	1.4309155	-1.2165643
1892371	16469	1.3269105	-1.2692784
1892371	16470	1.5483154	-1.3126305
1892371	16471	1.6587671	-1.4377637
1892371	16472	1.5421163	-1.1592253
1892371	16473	1.3107294	-1.1379013
1892371	16474	1.4511589	-1.2389003
1892371	16475	1.1781998	-0.90285915
1892371	16476	1.7308699	-1.3734555
1892371	16477	0.8464569	-0.81811106
1892371	16478	0.9112694	-0.9032049
1892371	16479	0.75862265	-0.7244525
1892371	16480	0.6803516	-0.7141961
1892371	16481	0.7073977	-0.69668204
1892371	16482	0.76876116	-0.8923038
1892371	16483	1.0196177	-1.0340614
1892371	16484	0.84346795	-0.85646605
1892371	16485	1.0393549	-1.0691798
1892371	16486	1.0716203	-1.0385411
1892371	16487	1.2620938	-1.1784878
1892371	16488	1.0529295	-0.942219
1892371	16489	0.8731828	-0.8582306
1892371	16490	0.9036547	-0.94393885
1892371	16491	0.9813217	-0.9941195
1892371	16492	1.0819205	-1.0059882
1892371	16493	1.0941314	-1.1021484
1892371	16494	0.8445692	-0.7810293
1892371	16495	1.1367902	-1.1489786
1892371	16496	1.134708	-0.9958466
1892371	16497	1.0482038	-1.0246447
1892371	16498	0.8164089	-0.65686786
1892371	16499	1.0801418	-1.0533684
1892371	16500	0.9203248	-0.87047255
1892371	16501	0.64737797	-0.66953814
1892371	16502	0.69345	-0.79073364
1892371	16503	0.8115245	-0.9006376
1892371	16504	1.2554506	-1.1704199
1892371	16505	1.4084706	-1.2565607
1892371	16506	1.3190215	-1.0851353
1892371	16507	1.2712815	-1.1035514
1892371	16508	1.287761	-1.168816
1892371	16509	1.2914274	-1.16917
1892371	16510	1.2857502	-1.0954547
1892371	16511	1.2626157	-1.2548499
1892371	16512	1.0630014	-0.98980165
1892371	16513	0.85991824	-0.7649746
1892371	16514	0.8688656	-0.97302794
1892371	16515	0.9126067	-0.98468196
1892371	16516	0.9310143	-0.9697484
1892371	16517	1.1260749	-1.0816389
1892371	16518	1.1729463	-1.1141373
1892371	16519	1.0228665	-0.8516841
1892371	16520	0.88667905	-0.9077736
1892371	16521	0.7274115	-0.8332468
1892371	16522	0.8255509	-0.9338591
1892371	16523	0.7084012	-0.82835937
1892371	16524	0.8134483	-0.942729
1892371	16525	0.97099817	-1.1043385
1892371	16526	0.91547287	-0.9790994
1892371	16527	1.1543413	-1.1695508
1892371	16528	0.9762224	-0.965745
1892371	16529	0.49201298	-0.5427176
1892371	16530	0.27418846	-0.4112224
1892371	16531	0.10189253	-0.290604
1892371	16532	0.061578453	-0.3022801
1892371	16533	0.4998759	-0.8224038
1892371	16534	0.6842185	-0.90608126
1892371	16535	0.8946992	-1.032337
1892371	16536	1.2540455	-1.3131669
1892371	16537	1.255898	-1.2253779
1892371	16538	0.8841709	-0.93674946
1892371	16539	0.4440024	-0.61440337
1892371	16540	0.2939387	-0.52195686
1892371	16541	0.11184889	-0.38119102
1892371	16542	0.09463024	-0.41879472
1892371	16543	0.2610501	-0.60456854
1892371	16544	0.2430988	-0.5628273
1892371	16545	0.1265009	-0.4360674
1892371	16546	0.24919796	-0.59189063
1892371	16547	0.2577902	-0.570358
1892371	16548	-0.42690778	0.22435996
1892371	16549	-0.55582225	0.36525366
1892371	16550	-0.47785303	0.26965305
1892371	16551	-0.34853923	0.06812939
1892371	16552	-0.4345312	0.16785398
1892371	16553	-0.5634441	0.29712287
1892371	16554	-0.64316714	0.45966122
1892371	16555	-0.701025	0.52273524
1892371	16556	-0.7002025	0.5215608
1892371	16557	-0.40247965	0.1296111
1892371	16558	0.048580706	-0.42219284
1892371	16559	0.08024597	-0.38573018
1892371	16560	0.044261932	-0.2965822
1892371	16561	-0.5632287	0.43010876
1892371	16562	-0.7822324	0.7622136
1892371	16563	-0.5517357	0.4684219
1892371	16564	-0.5228162	0.38985714
1892371	16565	-0.68766224	0.5878407
1892371	16566	-0.7496935	0.7872752
1892371	16567	-0.7467236	0.75309837
1892371	16568	-0.6021265	0.7154485
1892371	16569	-0.5545953	0.49250188
1892371	16570	-0.54094106	0.5166986
1892371	16571	-0.7547007	0.68890214
1892371	16572	-0.8976727	1.0788249
1892371	16573	-0.84735763	1.0224221
1892371	16574	-0.8622292	1.0858403
1892371	16575	-0.78260875	0.9669534
1892371	16576	-0.6858521	0.72673714
1892371	16577	-0.6716516	0.60961497
1892371	16578	-0.16313535	-0.16297907
1892371	16579	0.026509821	-0.3095358
1892371	16580	-0.32319573	0.15586755
1892371	16581	-0.47890276	0.31478027
1892371	16582	-0.5618163	0.38983563
1892371	16583	-0.39870954	0.16210392
1892371	16584	-0.14251614	-0.14196464
1892371	16585	-0.028532058	-0.29665717
1892371	16586	0.20828146	-0.5285828
1892371	16587	0.44217402	-0.7243394
1892371	16588	0.64343214	-0.8557326
1892371	16589	0.8983234	-1.0389671
1892371	16590	1.074107	-1.0840428
1892371	16591	0.6822473	-0.69329697
1892371	16592	1.1081531	-1.2279936
1892371	16593	1.8522602	-1.6278696
1892371	16594	2.0586238	-1.6974708
1892371	16595	2.0216312	-1.6998533
1892371	16596	1.8623928	-1.5969156
1892371	16597	1.5632812	-1.429069
1892371	16598	1.653092	-1.5615568
1892371	16599	1.750578	-1.6084683
1892371	16600	1.8266529	-1.6730919
1892371	16601	1.745293	-1.6609886
1892371	16602	1.4485146	-1.4637893
1892371	16603	0.90437675	-1.0192697
1892371	16604	1.1712854	-1.3746521
1892371	16605	1.5885268	-1.6146787
1892371	16606	1.8207251	-1.6545814
1892371	16607	1.7377328	-1.6048423
1892371	16608	1.4295129	-1.4209731
1892371	16609	1.3842372	-1.444686
1892371	16610	1.2471089	-1.3560802
1892371	16611	1.0430337	-1.1797138
1892371	16612	0.8466922	-1.1290169
1892371	16613	1.1480087	-1.4422275
1892371	16614	1.3824729	-1.4235889
1892371	16615	1.6432153	-1.5157348
1892371	16616	1.3565273	-1.2754109
1892371	16617	0.981295	-1.113322
1892371	16618	0.5451851	-0.7813972
1892371	16619	0.1448906	-0.43647343
1892371	16620	0.36407894	-0.7809736
1892371	16621	0.7287241	-1.0628415
1892371	16622	1.1528164	-1.3385864
1892371	16623	0.9244261	-1.0807953
1892371	16624	0.51569736	-0.7753237
1892371	16625	0.24762881	-0.5531055
1892371	16626	-0.11031559	-0.17219687
1892371	16627	-0.252768	-0.103560984
1892371	16628	-0.24353278	-0.15815932
1892371	16629	-0.30873013	-0.09122911
1892371	16630	-0.49781173	0.18230322
1892371	16631	-0.5864392	0.35068068
1892371	16632	-0.5400443	0.23780754
1892371	16633	-0.5244992	0.21429226
1892371	16634	-0.36691618	-0.0026471913
1892371	16635	0.03240484	-0.48628438
1892371	16636	-0.2142255	-0.12136623
1892371	16637	-0.5085991	0.18840185
1892371	16638	-0.47649425	0.14297828
1892371	16639	0.08287996	-0.5610769
1892371	16640	0.59319484	-0.98882604
1892371	16641	0.6421157	-0.8658694
1892371	16642	0.86040545	-1.021315
1892371	16643	1.0518677	-1.141138
1892371	16644	1.1764704	-1.1789367
1892371	16645	1.4932429	-1.4417093
1892371	16646	1.5024232	-1.3886306
1892371	16647	1.317308	-1.2823406
1892371	16648	1.4582564	-1.4306903
1892371	16649	1.4670914	-1.3814634
1892371	16650	1.3101717	-1.2753602
1892371	16651	0.44299132	-0.6853302
1892371	16652	0.97065365	-1.2860224
1892371	16653	1.1256423	-1.1759709
1892371	16654	1.2478994	-1.2823937
1892371	16655	1.25305	-1.3156365
1892371	16656	0.9334004	-1.1167123
1892371	16657	1.1508676	-1.3519548
1892371	16658	1.1628706	-1.1185645
1892371	16659	1.2825149	-1.2967149
1892371	16660	1.4139736	-1.4987853
1892371	16661	1.3518279	-1.4300917
1892371	16662	1.3061254	-1.3952745
1892371	16663	1.0951442	-1.1969547
1892371	16664	1.4622797	-1.4305584
1892371	16665	1.4284706	-1.479107
1892371	16666	1.5405222	-1.4951141
1892371	16667	1.445152	-1.3362942
1892371	16668	1.7446951	-1.5784948
1892371	16669	2.1157756	-1.7440432
1892371	16670	1.8554925	-1.5403459
1892371	16671	1.8616172	-1.6376884
1892371	16672	1.9148952	-1.6619042
1892371	16673	1.8799845	-1.6382765
1892371	16674	1.6283633	-1.4906347
1892371	16675	1.8135258	-1.6743991
1892371	16676	1.753673	-1.5544925
1892371	16677	1.8534867	-1.620102
1892371	16678	1.6845113	-1.5612298
1892371	16679	1.6781877	-1.5713413
1892371	16680	1.7516259	-1.6083403
1892371	16681	1.4517457	-1.3754964
1892371	16682	1.7478253	-1.6338446
1892371	16683	1.5852758	-1.4591043
1892371	16684	1.5855047	-1.5017214
1892371	16685	1.8016485	-1.6842374
1892371	16686	1.7868806	-1.6253365
1892371	16687	1.733385	-1.490513
1892371	16688	1.6810349	-1.5346267
1892371	16689	1.7173501	-1.5511034
1892371	16690	1.8864342	-1.6793966
1892371	16691	1.7400182	-1.5428305
1892371	16692	1.7373046	-1.5168324
1892371	16693	1.9636496	-1.7035257
1892371	16694	1.8077642	-1.5817451
1892371	16695	1.3976922	-1.2432345
1892371	16696	1.1514047	-1.1685672
1892371	16697	1.2435058	-1.2690235
1892371	16698	1.1404574	-1.1263682
1892371	16699	1.1357137	-1.2064371
1892371	16700	1.584319	-1.5681098
1892371	16701	1.578576	-1.4572078
1892371	16702	1.6997362	-1.5752722
1892371	16703	1.5621516	-1.4801228
1892371	16704	1.5022258	-1.4858251
1892371	16705	1.679371	-1.5388067
1892371	16706	1.6344196	-1.4555551
1892371	16707	1.6913904	-1.5190649
1892371	16708	1.6526963	-1.6063588
1892371	16709	1.7718331	-1.5652474
1892371	16710	1.8269254	-1.614478
1892371	16711	1.7943102	-1.5817615
1892371	16712	1.6091484	-1.4524473
1892371	16713	1.8891779	-1.6313466
1892371	16714	1.4258721	-1.4526083
1892371	16715	1.3686795	-1.3987999
1892371	16716	1.7520396	-1.5502576
1892371	16717	1.7886664	-1.5520518
1892371	16718	2.1161942	-1.7182049
1892371	16719	1.733971	-1.6436105
1892371	16720	1.927065	-1.6405954
1892371	16721	1.6293641	-1.5069187
1892371	16722	1.6894563	-1.6008455
1892371	16723	1.6634797	-1.4134871
1892371	16724	1.7729455	-1.5825268
1892371	16725	1.3953627	-1.3244425
1892371	16726	1.2023509	-1.2805586
1892371	16727	1.8918337	-1.7433019
1892371	16728	2.0010614	-1.7537657
1892371	16729	2.0722442	-1.6195865
1892371	16730	1.8729335	-1.5564022
1892371	16731	1.6802615	-1.4751018
1892371	16732	1.6367415	-1.4656868
1892371	16733	1.8368915	-1.6146119
1892371	16734	1.5570437	-1.2679601
1892371	16735	1.6693822	-1.4481119
1892371	16736	1.3087122	-1.2288531
1892371	16737	1.2523105	-1.3130076
1892371	16738	1.4668323	-1.4855379
1892371	16739	1.4419622	-1.3669074
1892371	16740	1.7557403	-1.5284709
1892371	16741	1.4982382	-1.4519777
1892371	16742	1.4512643	-1.4373773
1892371	16743	1.4378026	-1.3540728
1892371	16744	1.3225545	-1.4525049
1892371	16745	1.6679374	-1.5240071
1892371	16746	1.6943592	-1.4503583
1892371	16747	1.8231834	-1.6633005
1892371	16748	1.3359885	-1.2806088
1892371	16749	1.0447314	-1.1197734
1892371	16750	1.0761135	-1.2473769
1892371	16751	1.3094957	-1.4007776
1892371	16752	1.4856589	-1.5098715
1892371	16753	1.6496581	-1.5664142
1892371	16754	1.4039419	-1.3265951
1892371	16755	1.4043556	-1.373023
1892371	16756	1.4932789	-1.4949898
1892371	16757	0.12444347	-0.26956874
1892371	16758	-0.36447418	0.16495219
1892371	16759	-0.43414092	0.27877054
1892371	16760	-0.4069994	0.2020022
1892371	16761	-0.39178634	0.11311242
1892371	16762	-0.60287493	0.4448298
1892371	16763	-0.77568835	0.69314814
1892371	16764	-0.7234333	0.6244409
1892371	16765	-0.92713046	0.93932986
1892371	16766	-1.0864298	1.2994204
1892371	16767	-0.99484617	1.1504683
1892371	16768	-0.9449493	1.0793452
1892371	16769	-0.70662236	0.6409918
1892371	16770	-0.38678187	0.1594893
1892371	16771	-0.38090897	0.10562226
1892371	16772	-0.32945997	0.03392732
1892371	16773	-0.15329665	-0.18379888
1892371	16774	0.09523314	-0.4390957
1892371	16775	0.23230058	-0.5354978
1892371	16776	0.20290065	-0.47197413
1892371	16777	0.17921448	-0.44735047
1892371	16778	0.1501534	-0.38934985
1892371	16779	-0.04353556	-0.20068726
1892371	16780	-0.22438028	-0.026129216
1892371	16781	-0.43617198	0.24177858
1892371	16782	-0.46327344	0.26609406
1892371	16783	-0.26979578	0.0066845417
1892371	16784	-0.09412211	-0.20522484
1892371	16785	0.0941751	-0.4193947
1892371	16786	-0.071816415	-0.19385892
1892371	16787	-0.20655087	-0.07157558
1892371	16788	-0.41865593	0.19895718
1892371	16789	-0.39523134	0.15144077
1892371	16790	-0.302011	0.050968498
1892371	16791	-0.33110678	0.0918791
1892371	16792	-0.29745257	0.044751436
1892371	16793	-0.22384602	-0.027837873
1892371	16794	-0.15824696	-0.123368025
1892371	16795	-0.17278895	-0.08105263
1892371	16796	-0.32676727	0.100916
1892371	16797	-0.59033453	0.43417677
1892371	16798	-0.4698573	0.34597024
1892371	16799	-0.6191405	0.5631745
1892371	16800	-0.34211582	0.19346133
1892371	16801	-0.57532537	0.4558812
1892371	16802	-0.3633231	0.17181912
1892371	16803	-0.3244307	0.17403868
1892371	16804	-0.3193707	0.23316231
1892371	16805	0.9068587	-1.3375179
1892371	16806	1.3659769	-1.2050952
1892371	16807	0.3018896	-0.16617545
1892371	16808	-0.311364	0.2656251
1892371	16809	-0.70149064	0.7885246
1892371	16810	-0.7812186	0.950171
1892371	16811	-0.72245365	0.85504067
1892371	16812	-0.7213539	0.81154466
1892371	16813	-0.64304984	0.6485497
1892371	16814	-0.5207049	0.4529039
1892371	16815	-0.6248397	0.54648125
1892371	16816	-0.6882876	0.6524489
1892371	16817	-0.74896866	0.73593724
1892371	16818	-0.62593967	0.69876206
1892371	16819	-0.7669351	0.8698138
1892371	16820	-0.89017284	1.1521174
1892371	16821	-0.8283598	1.1464834
1892371	16822	-0.82180905	1.107228
1892371	16823	-0.92735463	1.2812701
1892371	16824	-0.73019266	1.0581759
1892371	16825	-0.64796835	0.76774526
1892371	16826	-0.47302848	0.46474364
1892371	16827	-0.46816775	0.5502769
1892371	16828	-0.479813	0.5406678
1892371	16829	-0.25900558	0.25766918
1892371	16830	-0.19403112	0.083134025
1892371	16831	-0.0776943	-0.022409678
1892371	16832	0.11452621	-0.21459408
1892371	16833	-0.15824386	0.011149883
1892371	16834	-0.473099	0.469278
1892371	16835	-0.35393965	0.1954008
1892371	16836	0.019003391	-0.27479425
1892371	16837	-0.36588037	0.25687602
1892371	16838	-0.6458873	0.5853175
1892371	16839	-0.8886019	0.9154005
1892371	16840	-0.75470424	0.9562924
1892371	16841	-0.7354773	0.9016439
1892371	16842	-0.85196584	1.0315549
1892371	16843	-0.86579657	1.1373445
1892371	16844	-0.8818505	1.0718794
1892371	16845	-0.95559454	1.2176834
1892371	16846	-0.871342	1.0590512
1892371	16847	-0.75927305	1.0666499
1892371	16848	-0.99740565	1.5393345
1892371	16849	-1.0119319	1.7629819
1892371	16850	-0.82599735	1.2508678
1892371	16851	-1.0208627	1.7458808
1892371	16852	-1.1989317	2.0480275
1892371	16853	-1.1960326	2.202666
1892371	16854	-1.2844157	1.0373015
1892371	16855	-1.131475	1.7936251
1892371	16856	-1.1956933	1.6116784
1892371	16857	-1.3159528	1.7290606
1892371	16858	-1.3267136	1.8636005
1892371	16859	-1.3112073	1.8855703
1892371	16860	-1.307859	1.8420603
1892371	16861	-1.5879444	2.3775306
1892371	16862	-1.4902761	2.420744
1892371	16863	-1.4453033	2.2865262
1892371	16864	-1.4660633	2.304854
1892371	16865	-1.4654746	2.2728217
1892371	16866	-1.462642	2.2644386
1892371	16867	-1.4507966	2.2418199
1892371	16868	-1.4269147	2.1675546
1892371	16869	-1.2715149	1.5996437
1892371	16870	-1.3886125	1.9056067
1892371	16871	-1.4292827	1.6720641
1892371	16872	-1.5345418	1.9326344
1892371	16873	-1.4877973	1.9029093
1892371	16874	-1.5150322	2.0486975
1892371	16875	-1.576156	2.153333
1892371	16876	-1.5077257	1.9399567
1892371	16877	-1.6634443	2.276495
1892371	16878	-1.6330885	2.3186119
1892371	16879	-1.5592713	2.2314246
1892371	16880	-1.5651249	2.2434473
1892371	16881	-1.5553333	2.2177238
1892371	16882	-1.5385522	2.212158
1892371	16883	-1.4784663	1.9663904
1892371	16884	-1.5319147	2.0681562
1892371	16885	-1.5875368	2.160756
1892371	16886	-1.6124477	2.2720966
1892371	16887	-1.5772977	2.1890326
1892371	16888	-1.6454871	1.6255903
1892371	16889	-1.7184477	1.6004634
1892371	16890	-0.2684704	0.49397734
1892371	16891	-0.2634567	0.14151248
1892371	16892	-0.3147387	0.08505437
1892371	16893	-0.4043072	0.12695518
1892371	16894	-0.40942252	0.08473471
1892371	16895	-0.3826068	-0.015568137
1892371	16896	-0.49988592	0.12115422
1892371	16897	-0.58150554	0.19948348
1892371	16898	-0.5896443	0.17010501
1892371	16899	-0.5930339	0.17390826
1892371	16900	-0.573035	0.12609383
1892371	16901	-0.54900396	0.08406755
1892371	16902	-0.5303459	0.036130607
1892371	16903	-0.52724534	0.016787797
1892371	16904	-0.5437601	0.063935906
1892371	16905	-0.5199168	0.0034964085
1892371	16906	-0.53712726	0.025435418
1892371	16907	-0.5525863	0.04912153
1892371	16908	-0.54104406	0.038792193
1892371	16909	-0.51809335	-0.009267688
1892371	16910	-0.5137468	-0.00040629506
1892371	16911	-0.5082387	-0.025354505
1892371	16912	-0.40428433	-0.15506557
1892371	16913	-0.3606148	-0.256942
1892371	16914	-0.4137467	-0.14323479
1892371	16915	-0.4462565	-0.15326813
1892371	16916	-0.4408071	-0.06508964
1892371	16917	-0.58443505	0.3675904
1892371	16918	-0.75250316	0.7087685
1892371	16919	-0.5090329	-0.53011227
1892371	16920	-0.5276765	-0.54607767
1892371	16921	-0.8010268	0.69904304
1892371	16922	0.50787616	-1.1999937
1892371	16923	0.7761555	-1.208369
1892371	16924	0.81526375	-1.2673503
1892371	16925	0.8204427	-1.2930294
1892371	16926	0.8852546	-1.3538699
1892371	16927	0.84173167	-1.3152696
1892371	16928	0.8254219	-1.3074448
1892371	16929	1.3505737	-1.720364
1892371	16930	1.4508554	-1.6299173
1892371	16931	1.4970297	-1.6411078
1892371	16932	0.14680731	-1.3309677
1892371	16933	-0.4977421	0.46464154
1892371	16934	-0.5154585	0.45965788
1892371	16935	0.7231692	-1.1974418
1892371	16936	1.1603421	-1.4021683
1892371	16937	1.3223191	-1.4969946
1892371	16938	1.2342858	-1.4840705
1892371	16939	1.1494817	-1.4581279
1892371	16940	1.5732266	-1.728089
1892371	16941	1.5670699	-1.6346571
1892371	16942	1.5493487	-1.6405133
1892371	16943	1.5241667	-1.6248626
1892371	16944	1.5129892	-1.6235161
1892371	16945	1.5307199	-1.6438102
1892371	16946	0.003976047	-1.0942078
1892371	16947	-0.34566498	-1.2736287
1892371	16948	-0.4813407	0.63453865
1892371	16949	-0.42588538	0.46610317
1892371	16950	-0.4354733	0.3468406
1892371	16951	-0.51842093	0.35295197
1892371	16952	-0.52667314	0.35929158
1892371	16953	-0.4653781	0.27632335
1892371	16954	-0.48714137	0.21544942
1892371	16955	-0.51287276	0.22879645
1892371	16956	-0.5104226	0.22495982
1892371	16957	-0.47977868	0.19448385
1892371	16958	-0.53052634	0.18502024
1892371	16959	-0.3823756	0.036890358
1892371	16960	-0.4150683	0.0065976977
1892371	16961	-0.5171521	0.088240415
1892371	16962	-0.405792	-0.069444776
1892371	16963	-0.3822509	-0.17029718
1892371	16964	-0.40498686	-0.114705145
1892371	16965	0.011754811	-1.7328979
1892371	16966	0.4654081	-1.9604235
1892371	16967	-0.23985243	-0.029545724
1892371	16968	-0.36111295	-0.000161618
1892371	16969	0.43569475	-1.7761819
1892371	16970	-0.50490665	0.244674
1892371	16971	-0.42614505	0.24437544
1892371	16972	-0.42272902	0.08343497
1892371	16973	-0.45258573	0.10974333
1892371	16974	-0.4183486	0.03984487
1892371	16975	-0.40274405	0.09957394
1892371	16976	-0.41482127	0.18862823
1892371	16977	-0.504512	0.20274451
1892371	16978	-0.54580235	0.12486765
1892371	16979	-0.563309	0.2498047
1892371	16980	-0.5604924	0.23237059
1892371	16981	-0.5689999	0.25642064
1892371	16982	-0.5983855	0.34962866
1892371	16983	-0.34506384	-0.09831384
1892371	16984	0.02560985	-0.5255616
1892371	16985	-0.20356658	-0.2758546
1892371	16986	-0.22289869	-0.25285703
1892371	16987	-0.12915358	-0.56204015
1892371	16988	-0.14938176	-0.5110506
1892371	16989	-0.045288235	-0.4639574
1892371	16990	0.048480988	-0.55401725
1892371	16991	-0.26347423	-0.05432996
1892371	16992	-0.33640116	-0.25488
1892371	16993	-0.2920534	-0.29353744
1892371	16994	-0.22885004	-0.24002042
1892371	16995	-0.3008432	-0.111728966
1892371	16996	-0.31237036	-0.12756464
1892371	16997	-0.64222795	0.23888502
1892371	16998	-0.56258476	0.17915371
1892371	16999	-0.2134003	-0.34216714
1892371	17000	-0.32947236	-0.03371182
1892371	17001	-0.4045173	-0.14888713
1892371	17002	-0.19910604	-0.31903127
1892371	17003	-0.52028275	0.11804065
1892371	17004	-0.4241413	-0.10442206
1892371	17005	-0.30658728	-0.20295665
1892371	17006	-0.24193773	-0.1525889
1892371	17007	-0.3188005	-0.09449884
1892371	17008	-0.23385772	-0.4059896
1892371	17009	-0.22598442	-0.37810597
1892371	17010	-0.21859854	-0.20909247
1892371	17011	-0.039470226	-0.43787894
1892371	17012	-0.13017645	-0.391134
1892371	17013	-0.20796877	-0.26235276
1892371	17014	0.08711302	-0.7129816
1892371	17015	0.03623414	-0.65872073
1892371	17016	0.07004434	-0.62769777
1892371	17017	-0.09125745	-0.35047165
1892371	17018	-0.07411525	-0.44734022
1892371	17019	-0.083158344	-0.40683535
1892371	17020	-0.098221004	-0.5707528
1892371	17021	0.0037774444	-0.67380214
1892371	17022	-0.16964686	-0.48063585
1892371	17023	0.15151143	-0.8156998
1892371	17024	0.21352935	-0.863218
1892371	17025	-0.097549915	-0.6047689
1892371	17026	0.1300658	-0.89335656
1892371	17027	0.016614974	-0.6832988
1892371	17028	0.2707507	-1.1608434
1892371	17029	0.16616493	-0.92744803
1892371	17030	0.30408043	-1.0316256
1892371	17031	0.15177333	-0.75319433
1892371	17032	-0.05128482	-0.407974
1892371	17033	-0.09725937	-0.58227575
1892371	17034	0.20979512	-0.83088195
1892371	17035	0.03042519	-0.5727664
1892371	17036	0.12017661	-0.71509254
1892371	17037	0.26087207	-0.9991485
1892371	17038	0.25135827	-0.71643305
1892371	17039	0.18084216	-0.6389717
1892371	17040	0.15772784	-0.7578037
1892371	17041	0.09039652	-0.6017904
1892371	17042	0.028067708	-0.6080559
1892371	17043	-0.036886662	-0.5279136
1892371	17044	0.001953423	-0.45041394
1892371	17045	0.01222676	-0.62100303
1892371	17046	0.0020405054	-0.45707873
1892371	17047	-0.0695357	-0.5081405
1892371	17048	-0.08958545	-0.35308886
1892371	17049	-0.04645565	-0.55565494
1892371	17050	-0.17019609	-0.37669718
1892371	17051	-0.047022432	-0.3383464
1892371	17052	-0.17653039	-0.3561356
1892371	17053	-0.15456647	-0.23048244
1892371	17054	-0.14197743	-0.28355637
1892371	17055	-0.19838753	-0.28599656
1892371	17056	-0.10832223	-0.29915056
1892371	17057	0.00085121393	-0.29622808
1892371	17058	-0.16047353	-0.010004401
1892371	17059	-0.23794737	-0.09843287
1892371	17060	0.016067445	-0.34139648
1892371	17061	-0.024048805	-0.19060653
1892371	17062	0.03224796	-0.2721519
1892371	17063	0.18889254	-0.60816014
1892371	17064	0.003440857	-0.32663113
1892371	17065	0.047144294	-0.22836848
1892371	17066	-0.04854381	-0.3107882
1892371	17067	-0.20636544	-0.024589896
1892371	17068	-0.31009072	0.17248109
1892371	17069	-0.28859204	-0.03278166
1892371	17070	-0.3873827	0.13843188
1892371	17071	-0.3656776	0.23390666
1892371	17072	-0.10803154	-0.23078807
1892371	17073	-0.17400399	-0.050011665
1892371	17074	-0.2807061	-0.021669596
1892371	17075	-0.3955124	0.12461522
1892371	17076	-0.35899794	0.27727744
1892371	17077	-0.45111212	0.12368712
1892371	17078	-0.3805558	0.14206704
1892371	17079	-0.47048548	0.2083207
1892371	17080	-0.48960984	0.23436299
1892371	17081	-0.37952262	0.052595586
1892371	17082	-0.51042396	0.30732593
1892371	17083	-0.19046459	-0.13322803
1892371	17084	-0.1583777	-0.23107903
1892371	17085	-0.27086943	-0.024861455
1892371	17086	-0.51876414	0.19442835
1892371	17087	-0.3060721	0.07302794
1892371	17088	-0.26733363	0.20335707
1892371	17089	-0.5245615	0.33896545
1892371	17090	-0.07009384	-0.2000426
1892371	17091	-0.22835624	-0.07542825
1892371	17092	-0.19084606	-0.066458076
1892371	17093	-0.1980946	-0.07504016
1892371	17094	-0.04300484	-0.3337713
1892371	17095	-0.17499113	0.13953891
1892371	17096	-0.34200576	0.1308516
1892371	17097	-0.3681632	0.11425933
1892371	17098	-0.30586612	0.15580544
1892371	17099	-0.32816088	0.079886645
1892371	17100	0.2199586	-1.6510316
1892371	17101	0.26377398	-1.586968
1892371	17102	1.7869111	-1.7196747
1892371	17103	1.7581531	-1.5576652
1892371	17104	1.693575	-1.4787514
1892371	17105	1.6285318	-1.363774
1892371	17106	1.5019447	-1.2871648
1892371	17107	1.1656011	-1.0683424
1892371	17108	0.9682354	-0.9858264
1892371	17109	0.87745166	-0.9772377
1892371	17110	0.85608745	-1.0021957
1892371	17111	0.8253871	-0.99223864
1892371	17112	0.84214354	-1.0333984
1892371	17113	0.8708956	-1.0695417
1892371	17114	0.32028097	-0.5687083
1892371	17115	0.65089977	-1.0744703
1892371	17116	0.7122114	-1.0262545
1892371	17117	0.6965648	-1.0457566
1892371	17118	0.68297195	-1.0293742
1892371	17119	0.6318699	-0.98706996
1892371	17120	0.5602468	-0.9408958
1892371	17121	0.64201343	-1.0315444
1892371	17122	0.7186693	-1.1011206
1892371	17123	0.8223764	-1.1937613
1892371	17124	0.80179334	-1.1534986
1892371	17125	0.7337618	-1.1140243
1892371	17126	0.75211036	-1.1452314
1892371	17127	0.665455	-1.0761474
1892371	17128	0.71164036	-1.1422691
1892371	17129	0.6560745	-1.0749079
1892371	17130	0.69757473	-1.1359451
1892371	17131	0.7039889	-1.1338863
1892371	17132	0.5910877	-1.0414935
1892371	17133	0.6461463	-1.0912372
1892371	17134	0.69431055	-1.1290526
1892371	17135	0.6922873	-1.1402504
1892371	17136	0.65076387	-1.0951924
1892371	17137	0.38287157	-0.8489429
1892371	17138	0.583308	-1.0941128
1892371	17139	0.5323937	-0.95914644
1892371	17140	0.65779865	-1.1098396
1892371	17141	0.4452998	-0.87105
1892371	17142	0.35478038	-0.7910579
1892371	17143	0.8406265	-1.343507
1892371	17144	0.67436874	-0.9856956
1892371	17145	1.0751281	-1.4433042
1892371	17146	1.106115	-1.3337814
1892371	17147	0.7498299	-1.9677032
1892371	17148	1.8613626	-2.2402241
1892371	17149	-0.16599694	-0.23754133
1892371	17150	-0.29356617	-0.15937144
1892371	17151	-0.07102525	0.0042328537
1892371	17152	-0.18792361	0.051965207
1892371	17153	-0.27206165	0.07575336
1892371	17154	-0.27266037	0.039769173
1892371	17155	-0.24610278	-0.045749187
1892371	17156	-0.2462044	-0.046423346
1892371	17157	-0.22845829	-0.07233006
1892371	17158	-0.22805363	-0.07856408
1892371	17159	-0.20444715	-0.16859746
1892371	17160	-0.22486794	-0.11896649
1892371	17161	-0.23055083	-0.11737481
1892371	17162	-0.21592778	-0.059710443
1892371	17163	-0.4923798	0.31310645
1892371	17164	-0.7060809	0.5717552
1892371	17165	-0.56169707	0.19967255
1892371	17166	-0.4759284	0.2698072
1892371	17167	-0.65664154	0.49036935
1892371	17168	-0.48588708	0.08912787
1892371	17169	-0.5608292	0.36410573
1892371	17170	-0.5673506	0.3486527
1892371	17171	-0.5878868	0.21239951
1892371	17172	-0.23448175	-0.2361639
1892371	17173	-0.31059837	0.051813394
1892371	17174	-0.39239278	0.020737618
1892371	17175	-0.54993993	0.20659426
1892371	17176	-0.5998702	0.26372972
1892371	17177	-0.5629334	0.36397192
1892371	17178	-0.5927777	0.36954114
1892371	17179	-0.59082586	0.3604304
1892371	17180	-0.6230515	0.28154317
1892371	17181	-0.5815943	0.2021443
1892371	17182	-0.27221608	-0.22150311
1892371	17183	-0.1732465	-0.2831741
1892371	17184	-0.1490562	-0.19577214
1892371	17185	-0.34966996	-0.045106143
1892371	17186	-0.4078139	-0.0055240393
1892371	17187	-0.44574043	0.04640594
1892371	17188	-0.43737254	0.021519601
1892371	17189	-0.45749438	0.059929937
1892371	17190	-0.43042624	0.012613922
1892371	17191	-0.41407806	-0.011845201
1892371	17192	-0.24932528	-0.24207683
1892371	17193	-0.22960055	-0.26432514
1892371	17194	-0.24834168	-0.18915349
1892371	17195	-0.3340119	-0.08025381
1892371	17196	-0.55412275	0.16898021
1892371	17197	-0.61942494	0.28143278
1892371	17198	-0.6094504	0.26779196
1892371	17199	-0.6319336	0.28517696
1892371	17200	-0.043450594	-1.5268185
1892371	17201	1.7267348	-1.7744919
1892371	17202	-0.16267708	-0.111566424
1892371	17203	1.4932684	-2.0783262
1892371	17204	2.3545718	-2.132713
1892371	17205	2.1554775	-1.8460784
1892371	17206	2.0517979	-1.7883794
1892371	17207	1.9117707	-1.7173367
1892371	17208	1.8111497	-1.6662816
1892371	17209	1.6100405	-1.5516737
1892371	17210	1.4876115	-1.4874091
1892371	17211	1.4689475	-1.5122974
1892371	17212	1.1627803	-1.2019866
1892371	17213	1.0645185	-1.2304889
1892371	17214	1.0566276	-1.2202477
1892371	17215	0.4019304	-0.6766281
1892371	17216	0.98174226	-1.1978917
1892371	17217	-0.5850545	-0.76421434
1892371	17218	-0.6684951	-0.95587766
1892371	17219	-0.66649365	-0.97830534
1892371	17220	-0.638486	-1.0459473
1892371	17221	-0.7156629	1.0015576
1892371	17222	-0.64488065	0.82739043
1892371	17223	-0.6154455	0.696864
1892371	17224	-0.6127901	0.66644585
1892371	17225	-0.58645976	0.59357667
1892371	17226	-0.56742626	0.5768657
1892371	17227	-0.52419	0.49390593
1892371	17228	-0.47522795	0.38791832
1892371	17229	-0.46097	0.35912165
1892371	17230	-0.42415738	0.2906148
1892371	17231	-0.39237502	0.24816915
1892371	17232	-0.20591077	-0.04424596
1892371	17233	-0.17191228	-0.09058809
1892371	17234	-0.11015645	0.008494616
1892371	17235	-0.14458942	-0.1701853
1892371	17236	-0.1562244	-0.019518316
1892371	17237	-0.12113044	-0.12147832
1892371	17238	0.09465873	-0.53443253
1892371	17239	0.023512542	-0.44771355
1892371	17240	0.37771434	-0.8353895
1892371	17241	0.5132371	-0.9362228
1892371	17242	0.33744192	-0.7327393
1892371	17243	0.2864868	-0.72421026
1892371	17244	0.25901937	-0.6903144
1892371	17245	0.37423253	-0.8354701
1892371	17246	0.17269135	-0.73579144
1892371	17247	0.2197792	-0.9097794
1892371	17248	0.2813815	-0.9252645
1892371	17249	0.39243633	-1.0308139
1892371	17250	0.4901837	-0.92678016
1892371	17251	0.19288564	-0.6232112
1892371	17252	0.2168141	-0.6867601
1892371	17253	0.4441278	-0.7730751
1892371	17254	0.024424374	-0.14064884
1892371	17255	0.12416631	-0.44604558
1892371	17256	-0.10979268	-0.46097487
1892371	17257	-0.11668277	-0.33173266
1892371	17258	-0.13742039	-0.26102668
1892371	17259	0.008753955	-0.6128925
1892371	17260	-0.006367624	-0.5782606
1892371	17261	-0.093073756	-0.4621392
1892371	17262	0.12667459	-0.8677915
1892371	17263	-0.038415432	-0.49460977
1892371	17264	-0.074454695	-0.50489676
1892371	17265	0.27256358	-0.74500215
1892371	17266	0.36149448	-0.9324542
1892371	17267	0.39187688	-0.80751663
1892371	17268	0.42430758	-0.89850825
1892371	17269	0.39311862	-0.83333576
1892371	17270	0.34000874	-0.6485604
1892371	17271	0.36174113	-0.6812127
1892371	17272	0.27176112	-0.58184034
1892371	17273	0.1432206	-0.37025303
1892371	17274	0.08126587	-0.39937723
1892371	17275	-0.09857428	-0.15692964
1892371	17276	-0.03372845	-0.3845208
1892371	17277	-0.16893506	-0.124430984
1892371	17278	-0.63843125	0.47396728
1892371	17279	-0.4673218	0.121421844
1892371	17280	-0.45707524	0.008755565
1892371	17281	-0.41127068	-0.11643538
1892371	17282	-0.42736402	0.05495575
1892371	17283	-0.7927669	0.57966805
1892371	17284	-0.75495076	0.58668244
1892371	17285	-0.5132437	0.14856896
1892371	17286	-0.5084467	-0.016026556
1892371	17287	-0.5080547	0.15901098
1892371	17288	-0.49596268	0.13725671
1892371	17289	-0.6075368	0.28280166
1892371	17290	-0.6448176	0.36405346
1892371	17291	-0.39740574	0.061448008
1892371	17292	-0.4559158	0.07052526
1892371	17293	-0.5186107	0.17375007
1892371	17294	-0.48976976	0.14436445
1892371	17295	-0.44132894	0.09684381
1892371	17296	-0.411883	0.15931872
1892371	17297	-0.37306306	-0.02917707
1892371	17298	-0.3974082	0.009408772
1892371	17299	-0.3491155	-0.050884426
1892371	17300	-0.42286795	0.20957056
1892371	17301	-0.2555608	-0.15747055
1892371	17302	-0.32630807	-0.025602877
1892371	17303	-0.37511754	0.100057274
1892371	17304	-0.24175668	-0.21952446
1892371	17305	-0.42375293	0.17529067
1892371	17306	-0.2896924	-0.046731323
1892371	17307	-0.08112344	-0.31443417
1892371	17308	-0.42048705	0.15141913
1892371	17309	-0.14726865	-0.2055049
1892371	17310	-0.21015862	-0.06506783
1892371	17311	-0.5293301	0.28172377
1892371	17312	-0.57031786	0.28219512
1892371	17313	-0.6091583	0.36753318
1892371	17314	-0.5901363	0.31056276
1892371	17315	-0.5586272	0.27756384
1892371	17316	-0.5696403	0.26590046
1892371	17317	-0.66362673	0.5674169
1892371	17318	-0.73482764	0.5588561
1892371	17319	-0.7616477	0.5561055
1892371	17320	-0.9448621	0.92370045
1892371	17321	-1.1126325	1.145347
1892371	17322	-0.5795839	-0.77064025
1892371	17323	-0.5979539	-0.73629725
1892371	17324	-0.6089891	-0.9801996
1892371	17325	0.8997643	-1.4053829
1892371	17326	0.99094105	-1.4141375
1892371	17327	0.9591366	-1.2938972
1892371	17328	0.7276721	-1.071889
1892371	17329	0.7044244	-1.029297
1892371	17330	0.68572474	-1.0145477
1892371	17331	0.66118777	-0.9714204
1892371	17332	1.0495788	-1.2742903
1892371	17333	1.0913877	-1.2280204
1892371	17334	1.0525076	-1.1775199
1892371	17335	0.67825294	-0.8859035
1892371	17336	0.6499897	-0.9627973
1892371	17337	0.59386015	-0.9093114
1892371	17338	0.90774	-1.2434155
1892371	17339	1.0337257	-1.2805349
1892371	17340	0.64602137	-0.95202494
1892371	17341	0.6028564	-1.0129597
1892371	17342	0.9032929	-1.2886057
1892371	17343	1.0392542	-1.3578476
1892371	17344	1.2370975	-1.4852571
1892371	17345	1.0942849	-1.3432372
1892371	17346	1.0724276	-1.3837277
1892371	17347	1.0266795	-1.3192769
1892371	17348	1.1094705	-1.4370967
1892371	17349	1.0568056	-1.3665822
1892371	17350	1.1028101	-1.4464228
1892371	17351	1.0315413	-1.3786563
1892371	17352	1.0276514	-1.4144822
1892371	17353	0.98763573	-1.3709351
1892371	17354	0.9621544	-1.3685879
1892371	17355	0.8964968	-1.314864
1892371	17356	0.8915098	-1.3331354
1892371	17357	0.9779074	-1.4131489
1892371	17358	-0.40231866	-0.9792776
1892371	17359	-0.6667901	-1.0147536
1892371	17360	-0.6697968	0.7826052
1892371	17361	-0.67418945	0.8264636
1892371	17362	-0.69624114	0.77824545
1892371	17363	-0.70136416	0.81945896
1892371	17364	-0.7015062	0.7413429
1892371	17365	-0.82828885	0.9742491
1892371	17366	-0.97713387	1.1172569
1892371	17367	-0.9667754	1.1277981
1892371	17368	-0.93478584	1.0740186
1892371	17369	-0.2091752	-0.84206915
1892371	17370	1.8798205	-1.1301172
1892371	17371	1.8035187	-1.2116338
1892371	17372	1.8678242	-1.0810585
1892371	17373	1.7646545	-0.9864569
1892371	17374	1.5336717	-0.9550606
1892371	17375	1.386234	-0.9590666
1892371	17376	1.2266241	-1.0565068
1892371	17377	1.0947707	-1.0211644
1892371	17378	0.976614	-0.94447523
1892371	17379	1.7643734	-1.5623815
1892371	17380	0.25642174	-0.9699992
1892371	17381	-0.14812028	0.8628907
1892371	17382	-0.20224449	0.7845676
1892371	17383	-0.285239	0.6406652
1892371	17384	-0.398651	0.65901995
1892371	17385	-0.40080735	0.55922806
1892371	17386	-0.39806986	0.5648507
1892371	17387	-0.33435673	0.41767964
1892371	17388	-0.35479343	0.32816115
1892371	17389	-0.31304085	0.31418207
1892371	17390	-0.33485487	0.13902155
1892371	17391	-0.26773202	0.16912189
1892371	17392	-0.26973057	-0.026332557
1892371	17393	-0.120343	-0.24362688
1892371	17394	-0.07108316	-0.33679298
1892371	17395	-0.07653141	-0.3509786
1892371	17396	-0.0325284	-0.39614302
1892371	17397	-0.024627984	-0.40001243
1892371	17398	0.6893873	-1.1275207
1892371	17399	0.46942002	-0.6461798
1892371	17400	0.26927012	-0.6169991
1892371	17401	0.5780302	-1.0012991
1892371	17402	0.70164967	-1.0574865
1892371	17403	0.3028357	-0.5745316
1892371	17404	0.19337237	-0.5759797
1892371	17405	0.58268785	-0.90557706
1892371	17406	0.63208807	-1.0272452
1892371	17407	0.18356323	-0.46959198
1892371	17408	0.12099999	-0.5139471
1892371	17409	0.0480479	-0.46486312
1892371	17410	-0.0145585835	-0.3985335
1892371	17411	0.31034547	-0.84051687
1892371	17412	-0.5824486	0.44295517
1892371	17413	-0.5945963	0.45197818
1892371	17414	-0.78278923	0.64371204
1892371	17415	-0.81538326	0.65777314
1892371	17416	-0.80226207	0.6480259
1892371	17417	-0.78608775	0.59145606
1892371	17418	-0.8055488	0.5935391
1892371	17419	-0.80903584	0.5996927
1892371	17420	-0.7882328	0.5737108
1892371	17421	-0.16769496	-1.2468563
1892371	17422	-0.08655441	-1.3727143
1892371	17423	1.5578989	-1.7703762
1892371	17424	1.6462284	-1.6580986
1892371	17425	1.3970516	-1.4281629
1892371	17426	1.3707196	-1.3267748
1892371	17427	1.6387511	-1.3402996
1892371	17428	1.8575844	-1.5702964
1892371	17429	1.7921518	-1.5145645
1892371	17430	1.7143422	-1.4907176
1892371	17431	1.6364995	-1.4767318
1892371	17432	1.5981363	-1.4993347
1892371	17433	0.36920208	-1.1532732
1892371	17434	-0.030193835	0.38837126
1892371	17435	-0.20501581	0.46837673
1892371	17436	-0.28772295	0.41675976
1892371	17437	-0.36109257	0.44744596
1892371	17438	-0.36544263	0.39380422
1892371	17439	-0.35821253	0.3641474
1892371	17440	-0.3382311	0.2966638
1892371	17441	-0.32563204	0.27052614
1892371	17442	-0.2966088	0.19044259
1892371	17443	-0.309803	0.16884086
1892371	17444	-0.28839135	0.13533512
1892371	17445	-0.25864777	0.071247965
1892371	17446	-0.25518122	0.029096186
1892371	17447	-0.25734583	0.022978038
1892371	17448	-0.12257069	-0.06403342
1892371	17449	-0.12912303	-0.20479214
1892371	17450	-0.19168276	-0.16335875
1892371	17451	-0.11076984	-0.1644713
1892371	17452	-0.16312271	-0.2757713
1892371	17453	-0.16353121	-0.29752463
1892371	17454	-0.090755075	-0.23311888
1892371	17455	-0.13697919	-0.2130029
1892371	17456	-0.06722668	-0.31708696
1892371	17457	-0.28080285	-0.0014913082
1892371	17458	-0.5002468	0.266602
1892371	17459	-0.57321215	0.21340612
1892371	17460	-0.58445823	0.20270428
1892371	17461	-0.5304506	0.024260819
1892371	17462	-0.4184194	0.05949399
1892371	17463	-0.27303445	-0.3150897
1892371	17464	-0.26272815	-0.09950015
1892371	17465	-0.24061266	-0.32262677
1892371	17466	-0.32247996	-0.1676077
1892371	17467	-0.27157164	-0.12752783
1892371	17468	-0.19366023	-0.27635205
1892371	17469	-0.24522558	-0.18043542
1892371	17470	-0.4067795	0.21930233
1892371	17471	-0.6335745	0.4637229
1892371	17472	-0.66145134	0.34656677
1892371	17473	-0.14800036	-1.337099
1892371	17474	-0.08290088	-1.4644511
1892371	17475	-0.08428669	-1.5566833
1892371	17476	-0.07140499	-1.6399553
1892371	17477	-0.19556269	-1.5880328
1892371	17478	-0.23534694	-1.5603367
1892371	17479	-0.21172616	-1.6595348
1892371	17480	-0.5865544	0.21398404
1892371	17481	-0.65196276	0.329658
1892371	17482	-0.64828277	0.24174389
1892371	17483	-0.65169543	0.2962441
1892371	17484	-0.6293439	0.23333564
1892371	17485	-0.59948015	0.1352168
1892371	17486	-0.49481913	0.050609678
1892371	17487	-0.47887123	-0.021221101
1892371	17488	-0.4716366	-0.0027248561
1892371	17489	-0.4630338	-0.026685268
1892371	17490	-0.45239758	-0.06433985
1892371	17491	-0.48421848	-3.1858683e-05
1892371	17492	-0.42216396	-0.0936009
1892371	17493	-0.45128518	-0.061285287
1892371	17494	-0.25398558	-0.29626164
1892371	17495	-0.47382897	0.1262776
1892371	17496	-0.4149347	-0.20931321
1892371	17497	-0.3710633	-0.2779776
1892371	17498	-0.2465978	-0.3787166
1892371	17499	-0.33186895	-0.35055757
1892371	17500	-0.44705057	0.056764692
1892371	17501	-0.4334517	-0.12671962
1892371	17502	-0.6014999	0.2441766
1892371	17503	-0.414016	-0.08872154
1892371	17504	-0.45650926	-0.00010627508
1892371	17505	-0.45701545	-0.055412024
1892371	17506	-0.31612483	-0.09978026
1892371	17507	-0.45178774	0.021391183
1892371	17508	-0.5698651	0.27030042
1892371	17509	-0.45676637	-0.07245952
1892371	17510	-0.43507516	-0.100725055
1892371	17511	-0.43316478	0.041473955
1892371	17512	-0.47768894	0.24689648
1892371	17513	-0.80316824	0.59142864
1892371	17514	-0.6018426	0.20980254
1892371	17515	-0.69222575	0.3792329
1892371	17516	-0.4236783	0.085733026
1892371	17517	-0.6016131	0.28631487
1892371	17518	-0.8764465	0.6881254
1892371	17519	-0.719409	0.39592108
1892371	17520	-0.6845809	0.4340118
1892371	17521	-1.1817315	1.2088882
1892371	17522	-1.2524664	1.173462
1892371	17523	-0.94974667	0.8442316
1892371	17524	-0.87489665	0.8154247
1892371	17525	-0.9059315	0.9712361
1892371	17526	-0.86373055	0.70093405
1892371	17527	-0.8371253	0.6249677
1892371	17528	-0.83265924	0.64441395
1892371	17529	-0.68315464	0.48397705
1892371	17530	-0.47258085	0.21671572
1892371	17531	-0.74011534	0.4428639
1892371	17532	-0.44849113	0.010165155
1892371	17533	-0.28617394	-0.38957977
1892371	17534	-0.38821763	-0.10642639
1892371	17535	-0.31858367	-0.1761063
1892371	17536	-0.38425934	-0.13913745
1892371	17537	-0.44737494	-0.008722216
1892371	17538	-0.31549394	-0.0656358
1892371	17539	-0.33488178	-0.17712209
1892371	17540	-0.5210436	0.2016863
1892371	17541	-0.5064636	0.19498792
1892371	17542	-0.43146533	-0.015267402
1892371	17543	-0.4714296	0.16867456
1892371	17544	-0.44586557	-0.10566574
1892371	17545	-0.7267637	0.37800232
1892371	17546	-0.7144479	0.37435713
1892371	17547	-0.7893946	0.34767976
1892371	17548	-0.55614144	0.17895988
1892371	17549	-0.48596492	0.123446256
1892371	17550	-0.24553931	-0.3096426
1892371	17551	0.042605102	-0.6716695
1892371	17552	0.17526776	-0.775077
1892371	17553	0.1827218	-0.7505613
1892371	17554	0.24215668	-0.79831254
1892371	17555	1.0038761	-1.5835713
1892371	17556	1.3052782	-1.5228816
1892371	17557	1.3351678	-1.4815537
1892371	17558	1.3506627	-1.5128791
1892371	17559	3.030344	-2.6151714
1892371	17560	1.2419689	-2.370704
1892371	17561	-0.15806136	-0.52712685
1892371	17562	-0.52262664	0.13365355
1892371	17563	-0.65361655	0.4795085
1892371	17564	-0.702754	0.59324765
1892371	17565	-0.7544224	0.69030786
1892371	17566	-0.7756009	0.6921352
1892371	17567	-0.7491501	0.6724204
1892371	17568	-0.7829156	0.7113694
1892371	17569	-0.8234248	0.74917924
1892371	17570	-0.8346921	0.7282512
1892371	17571	-0.8363829	0.7378006
1892371	17572	-0.86760473	0.7808871
1892371	17573	-0.8611426	0.7608428
1892371	17574	-0.804447	0.6654668
1892371	17575	-0.91956365	0.85222566
1892371	17576	-1.072134	1.0431724
1892371	17577	-1.0668647	1.0874283
1892371	17578	-0.9624748	0.9404706
1892371	17579	-1.0112753	0.9808148
1892371	17580	-1.0187099	0.9821638
1892371	17581	-0.6869694	0.43613783
1892371	17582	-0.8373575	0.56110775
1892371	17583	-0.8864497	0.6432936
1892371	17584	-0.84012485	0.57524276
1892371	17585	-0.8660737	0.6006433
1892371	17586	-0.8563973	0.61181784
1892371	17587	-0.91378736	0.6862502
1892371	17588	-1.0029243	0.78016317
1892371	17589	-0.9608871	0.75638247
1892371	17590	-0.9408723	0.7101686
1892371	17591	-1.3071281	1.2549274
1892371	17592	-1.3066494	1.388452
1892371	17593	-1.2199204	1.36198
1892371	17594	-1.2674817	1.3626142
1892371	17595	-1.3035543	1.4448094
1892371	17596	-1.0676497	1.0896055
1892371	17597	-1.313849	1.3873755
1892371	17598	-1.267917	1.3413149
1892371	17599	-1.3738854	1.5279969
1892371	17600	-1.390425	1.5829976
1892371	17601	-1.3658931	1.5536268
1892371	17602	-1.3690302	1.5921397
1892371	17603	-1.3691108	1.5988741
1892371	17604	-1.355902	1.5957286
1892371	17605	-1.2807573	1.4465098
1892371	17606	-1.2931228	1.4876076
1892371	17607	-1.302782	1.4878525
1892371	17608	-1.246866	1.4204476
1892371	17609	-1.1882149	1.347558
1892371	17610	-1.1930668	1.331033
1892371	17611	-1.0760707	0.9652827
1892371	17612	-1.2821398	1.3231122
1892371	17613	-1.2807581	1.347886
1892371	17614	-0.9869461	0.9788405
1892371	17615	-1.0698235	1.1097251
1892371	17616	-1.1557705	1.1265621
1892371	17617	-1.0728116	1.1152054
1892371	17618	-1.314194	1.4509445
1892371	17619	-1.20183	1.1135981
1892371	17620	-1.2668602	1.3275223
1892371	17621	-0.8622103	0.5633342
1892371	17622	-1.3670168	1.4198463
1892371	17623	-1.2694483	1.2907487
1892371	17624	-1.2067364	1.211678
1892371	17625	-1.2017739	1.1895763
1892371	17626	-1.0133096	1.0166843
1892371	17627	-1.0867072	1.0576016
1892371	17628	-1.0611856	1.1445601
1892371	17629	-1.0278683	1.0418125
1892371	17630	-0.91625154	0.7435037
1892371	17631	-1.1246269	1.0890851
1892371	17632	-1.0618197	1.0068599
1892371	17633	-1.1715852	1.1813794
1892371	17634	-1.1920457	1.2057021
1892371	17635	-1.1921155	1.2112443
1892371	17636	-1.1631318	1.1656214
1892371	17637	-1.0100484	1.0247282
1892371	17638	-1.3472209	1.4189141
1892371	17639	-0.9418961	0.8173387
1892371	17640	-1.1527712	1.0223047
1892371	17641	-1.1261035	0.9829731
1892371	17642	-1.1214885	0.96990395
1892371	17643	-1.167269	1.0489203
1892371	17644	-1.2311127	1.1302159
1892371	17645	-1.1813991	1.0838318
1892371	17646	-1.1961182	1.0773727
1892371	17647	-1.2379775	1.1287556
1892371	17648	-1.0084535	0.9043858
1892371	17649	-1.1053495	1.0086354
1892371	17650	-1.1993704	1.1154116
1892371	17651	-1.3402582	1.3198521
1892371	17652	-1.166626	1.0157061
1892371	17653	-1.3725307	1.4028845
1892371	17654	-1.161634	1.0369514
1892371	17655	-1.2820735	1.1685647
1892371	17656	-1.3568122	1.3904163
1892371	17657	-1.2389339	1.1906605
1892371	17658	-1.3046675	1.2684662
1892371	17659	-1.1927162	1.0753704
1892371	17660	-1.3583045	1.3652394
1892371	17661	-1.3802637	1.4764878
1892371	17662	-1.1741371	1.1452196
1892371	17663	-1.3433692	1.3299242
1892371	17664	-1.3666728	1.4722909
1892371	17665	-1.1800506	1.2599267
1892371	17666	-1.4780955	1.5665097
1892371	17667	-1.2099748	1.1396534
1892371	17668	-1.3611698	1.2966286
1892371	17669	-1.2752771	1.2674295
1892371	17670	-1.2933584	1.2328784
1892371	17671	-0.95014155	1.0100734
1892371	17672	-1.5972246	1.7481911
1892371	17673	-1.3344119	1.5854571
1892371	17674	-1.4082967	1.4678001
1892371	17675	-1.4274464	1.4871448
1892371	17676	-1.2905204	1.3687445
1892371	17677	-1.3033018	1.3164544
1892371	17678	-1.3496621	1.3720853
1892371	17679	-1.0273443	0.9026948
1892371	17680	-1.4099308	1.3697541
1892371	17681	-1.4033283	1.3345659
1892371	17682	-1.3447156	1.2507915
1892371	17683	-1.3864725	1.301738
1892371	17684	-1.4212232	1.3607781
1892371	17685	-1.3841212	1.3156658
1892371	17686	-1.3781242	1.2969491
1892371	17687	-1.5219324	1.5496497
1892371	17688	-1.5028145	1.589479
1892371	17689	-1.4702559	1.5423212
1892371	17690	-0.9115482	-0.24055885
1892371	17691	0.99912715	-1.263512
1892371	17692	0.7402736	-0.9644532
1892371	17693	0.57557034	-0.8786069
1892371	17694	0.54028594	-0.8736254
1892371	17695	0.11994678	-0.4520282
1892371	17696	0.07015169	-0.4948642
1892371	17697	0.048486352	-0.5214131
1892371	17698	-0.39756322	-0.08177513
1892371	17699	-0.4301697	-0.08085227
1892371	17700	-0.38780454	-0.17143464
1892371	17701	-0.5762324	0.05158624
1892371	17702	-0.65512896	0.16415074
1892371	17703	-0.6311445	0.09509662
1892371	17704	-0.64329016	0.11081049
1892371	17705	-0.62463313	0.08595452
1892371	17706	-0.61136806	0.036435723
1892371	17707	-0.62985694	0.09499529
1892371	17708	-0.6161661	0.034491092
1892371	17709	-0.6169857	0.069175154
1892371	17710	-0.58715725	0.037870884
1892371	17711	-0.5846571	0.11628279
1892371	17712	-0.6202064	0.0060671866
1892371	17713	-0.61610186	0.11520693
1892371	17714	-0.6180668	0.005194932
1892371	17715	-0.59451103	-0.046910018
1892371	17716	-0.57911944	-0.022126019
1892371	17717	-0.5876621	-0.008184016
1892371	17718	-0.5899667	-0.040056437
1892371	17719	-0.62547886	0.041692883
1892371	17720	-0.6473874	0.039486468
1892371	17721	-0.65452826	0.092353135
1892371	17722	-0.4045108	-0.108071536
1892371	17723	-0.08357179	-0.72535676
1892371	17724	-0.018606663	-0.6905072
1892371	17725	0.04098016	-0.7469316
1892371	17726	0.013581395	-0.5598053
1892371	17727	-0.08327916	-0.41821253
1892371	17728	-0.18189448	-0.19814754
1892371	17729	-0.19328657	-0.33087862
1892371	17730	-0.24623048	-0.2519024
1892371	17731	-0.18196687	-0.46595907
1892371	17732	-0.3557002	-0.168416
1892371	17733	-0.18554118	-0.3019534
1892371	17734	-0.05065775	-0.42186898
1892371	17735	0.09726465	-0.7339597
1892371	17736	0.4138391	-1.0033748
1892371	17737	0.9104415	-1.6691618
1892371	17738	2.1924648	-2.403146
1892371	17739	2.7759929	-2.3936813
1892371	17740	3.105482	-2.626215
1892371	17741	3.0282788	-2.5488167
1892371	17742	2.9709668	-2.4913223
1892371	17743	2.9439793	-2.444999
1892371	17744	1.48799	-2.3148727
1892371	17745	0.7295997	-2.0561016
1892371	17746	-0.124008	-0.18919814
1892371	17747	-0.4860605	0.37984154
1892371	17748	-0.5189076	0.42664823
1892371	17749	-0.57247293	0.543399
1892371	17750	-0.6251507	0.61511505
1892371	17751	-0.6543587	0.61483073
1892371	17752	-0.65974754	0.63854516
1892371	17753	-0.66658264	0.64239323
1892371	17754	-0.6952838	0.64669013
1892371	17755	-0.72708523	0.64332235
1892371	17756	-0.73049706	0.5987712
1892371	17757	-0.66310745	0.4967061
1892371	17758	-0.6569732	0.48214385
1892371	17759	-0.6581793	0.4809893
1892371	17760	-0.6667692	0.5003855
1892371	17761	-0.6845075	0.49293873
1892371	17762	-0.6381321	0.45469573
1892371	17763	-0.5339811	0.1276286
1892371	17764	-0.39741245	-0.0496521
1892371	17765	-0.43570167	-0.00041231513
1892371	17766	-0.44570103	0.047874123
1892371	17767	-0.515921	-0.00037363172
1892371	17768	-0.05860126	-0.48435187
1892371	17769	-0.15211898	-0.458769
1892371	17770	-0.14216045	-0.32748258
1892371	17771	-0.41174647	-0.14083487
1892371	17772	-0.83413196	0.5982338
1892371	17773	-0.88794184	0.6577734
1892371	17774	-1.0448098	0.9527565
1892371	17775	-1.0466831	0.9896256
1892371	17776	-0.974354	0.8955678
1892371	17777	-1.0520607	0.91485655
1892371	17778	-0.99086845	0.85564566
1892371	17779	-1.0421547	0.9659085
1892371	17780	-1.1781658	1.1255914
1892371	17781	-1.098397	1.0860276
1892371	17782	-1.1211743	1.1768373
1892371	17783	-1.0344551	1.0241446
1892371	17784	-0.704837	0.763623
1892371	17785	-1.3189312	1.3417833
1892371	17786	-1.300611	1.5015937
1892371	17787	-1.2970693	1.436106
1892371	17788	-1.2745519	1.4148625
1892371	17789	-1.2061	1.3435636
1892371	17790	-1.1916584	1.2952746
1892371	17791	-1.1914716	1.3055177
1892371	17792	-1.2101221	1.3330703
1892371	17793	-1.2178863	1.3255574
1892371	17794	-1.1996902	1.2976543
1892371	17795	-1.1886566	1.2750803
1892371	17796	-1.1042883	1.1147901
1892371	17797	-1.348016	1.5391228
1892371	17798	-1.0851505	1.166731
1892371	17799	-1.1749518	1.3152059
1892371	17800	-1.2218904	1.3147727
1892371	17801	-1.1292348	1.2908133
1892371	17802	-1.1743588	1.2543042
1892371	17803	-1.1442502	1.2337052
1892371	17804	-0.9081694	0.9353092
1892371	17805	-1.1567513	1.2679253
1892371	17806	-1.1699963	1.25759
1892371	17807	-1.3422948	1.4764282
1892371	17808	-1.1884904	1.2749103
1892371	17809	-0.93747914	1.0218686
1892371	17810	-1.2332776	1.3648747
1892371	17811	-1.1142943	1.1104996
1892371	17812	-1.1565386	1.2062131
1892371	17813	-1.1474292	1.1341001
1892371	17814	-1.0405877	1.0202256
1892371	17815	-1.0324854	0.9641582
1892371	17816	-1.0676293	1.085874
1892371	17817	-0.8697779	0.8758875
1892371	17818	-0.9308598	0.96621704
1892371	17819	-0.66356087	0.3637775
1892371	17820	-0.74986345	0.25529453
1892371	17821	-1.12608	1.0509254
1892371	17822	-0.8061808	0.5506176
1892371	17823	-1.0621738	0.9973855
1892371	17824	-0.9241511	0.7853967
1892371	17825	-1.1193159	1.1218514
1892371	17826	-1.241437	1.3981885
1892371	17827	-0.7587577	0.5491389
1892371	17828	-1.2732155	1.2779595
1892371	17829	-1.168051	0.984493
1892371	17830	-1.1272347	1.1121075
1892371	17831	-1.211009	1.0467823
1892371	17832	-1.1955686	1.1202699
1892371	17833	-1.3200314	1.4299445
1892371	17834	-1.2074673	1.1974684
1892371	17835	-1.2691762	1.3541234
1892371	17836	-1.3409419	1.4372543
1892371	17837	-1.4513824	1.7680647
1892371	17838	-1.2422667	1.0890968
1892371	17839	-1.1613274	1.1768245
1892371	17840	-1.5423757	1.7174499
1892371	17841	-1.3064699	1.3476069
1892371	17842	-1.077388	0.94979346
1892371	17843	-0.8211975	0.54807675
1892371	17844	-1.0429459	0.66153216
1892371	17845	-1.0413936	0.6300945
1892371	17846	-0.9735492	0.60564935
1892371	17847	-0.9782599	0.52844024
1892371	17848	-0.9455273	0.47800335
1892371	17849	-1.0151893	0.63759625
1892371	17850	-0.98175716	0.607512
1892371	17851	-0.95034266	0.55081856
1892371	17852	-0.89645535	0.452934
1892371	17853	-0.90324783	0.50007474
1892371	17854	-0.93047523	0.5722234
1892371	17855	-0.92070794	0.57322514
1892371	17856	-0.8806511	0.49536327
1892371	17857	-0.93559337	0.5891348
1892371	17858	-0.9093726	0.554556
1892371	17859	-0.90019363	0.53053796
1892371	17860	-0.9684731	0.7511592
1892371	17861	-0.9021288	0.56683016
1892371	17862	-0.9257245	0.59777653
1892371	17863	-0.91444755	0.5709946
1892371	17864	-0.89397085	0.5481503
1892371	17865	-1.0630362	0.90614676
1892371	17866	-0.8063524	0.48076078
1892371	17867	-1.215018	1.0863335
1892371	17868	-0.91196954	0.7008827
1892371	17869	-0.9650692	0.84113026
1892371	17870	-1.2098503	1.156288
1892371	17871	-1.2097948	1.091523
1892371	17872	-1.279433	1.3225068
1892371	17873	-1.3163478	1.4093497
1892371	17874	-1.1964211	1.1476494
1892371	17875	-1.2700839	1.2603682
1892371	17876	-1.2946463	1.291092
1892371	17877	-1.2284892	1.2035335
1892371	17878	-1.2102573	1.195156
1892371	17879	-1.2601726	1.2186046
1892371	17880	-0.92865074	0.72067904
1892371	17881	-1.1966618	1.0346951
1892371	17882	-1.13663	1.0712326
1892371	17883	-0.8628799	0.7105566
1892371	17884	-1.2470825	1.1847584
1892371	17885	-1.2546408	1.1557515
1892371	17886	-1.2566007	1.311698
1892371	17887	-0.9309398	0.8731874
1892371	17888	-1.223334	1.0639839
1892371	17889	-1.226208	1.2451221
1892371	17890	-1.1686625	1.1310892
1892371	17891	-1.1926934	1.0768569
1892371	17892	-1.171536	1.0383077
1892371	17893	-1.1532505	1.0373949
1892371	17894	-1.2171702	1.2260406
1892371	17895	-1.2577161	1.2285707
1892371	17896	-1.1856694	1.1865174
1892371	17897	-1.2134781	1.224526
1892371	17898	-1.2277044	1.2515419
1892371	17899	-1.2496431	1.2994624
1892371	17900	-1.2426299	1.2137179
1892371	17901	-1.126761	1.1205256
1892371	17902	-1.2852232	1.2614428
1892371	17903	-1.0916367	1.0859051
1892371	17904	-1.2054433	1.1890181
1892371	17905	-1.1873473	1.1685357
1892371	17906	-1.2368402	1.1864691
1892371	17907	-1.2092671	1.1165321
1892371	17908	-1.1841176	1.0677556
1892371	17909	-1.1931865	1.0648148
1892371	17910	-1.1591816	1.0370659
1892371	17911	-1.3700223	1.5056477
1892371	17912	-1.1533926	1.1218396
1892371	17913	-0.9558093	0.8870485
1892371	17914	-1.3725519	1.4317166
1892371	17915	-1.3640919	1.4959635
1892371	17916	-1.325629	1.3244342
1892371	17917	-1.3244163	1.4379774
1892371	17918	-1.3508933	1.3305068
1892371	17919	-1.0062299	0.88687265
1892371	17920	-1.3298035	1.3697982
1892371	17921	-1.0888429	1.0582708
1892371	17922	-1.2850242	1.2945259
1892371	17923	-1.2093585	1.074728
1892371	17924	-1.1839018	1.0751033
1892371	17925	-1.2107444	1.0746468
1892371	17926	-1.3557498	1.3605322
1892371	17927	-1.1149371	1.01734
1892371	17928	-1.3167398	1.2495652
1892371	17929	-0.92411816	0.8692652
1892371	17930	-1.2689457	1.0860857
1892371	17931	-1.1948462	1.1679384
1892371	17932	-1.0271108	0.95416415
1892371	17933	-1.1632987	1.0420629
1892371	17934	-1.3166819	1.419652
1892371	17935	-1.2062007	1.1185905
1892371	17936	-1.2876966	1.2616376
1892371	17937	-1.3541174	1.3509442
1892371	17938	-1.3671262	1.5038649
1892371	17939	-1.399487	1.4531585
1892371	17940	-1.3566369	1.4056598
1892371	17941	-1.1574233	1.0960001
1892371	17942	-1.2590133	1.2852441
1892371	17943	-1.2457355	1.1913736
1892371	17944	-1.2192538	1.1459198
1892371	17945	-1.0746104	1.0077354
1892371	17946	-0.9429445	0.9368931
1892371	17947	-1.243007	1.0695304
1892371	17948	-1.3444428	1.4530587
1892371	17949	-1.1437944	1.26652
1892371	17950	-1.0590594	1.0602785
1892371	17951	-1.2137761	1.2201028
1892371	17952	-1.3897355	1.5042937
1892371	17953	-1.3600614	1.3890387
1892371	17954	-1.3370619	1.2173284
1892371	17955	-1.3215113	1.3422288
1892371	17956	-1.4261308	1.5525484
1892371	17957	-1.4263676	1.5133
1892371	17958	-1.3655461	1.4475766
1892371	17959	-1.3858113	1.425573
1892371	17960	-1.4028094	1.4619207
1892371	17961	-1.4418113	1.576649
1892371	17962	-1.4255517	1.5395573
1892371	17963	-1.4109153	1.5127037
1892371	17964	-1.4220321	1.5090762
1892371	17965	-1.4324266	1.5900092
1892371	17966	-1.2943261	1.3435415
1892371	17967	-1.3281143	1.323105
1892371	17968	-1.3424495	1.3902242
1892371	17969	-1.3325226	1.3515173
1892371	17970	-1.3067296	1.2870488
1892371	17971	-1.3098211	1.2772495
1892371	17972	-1.3032495	1.2587496
1892371	17973	-1.2956262	1.2342614
1892371	17974	-1.2872622	1.2168136
1892371	17975	-1.3129846	1.2701763
1892371	17976	-0.46222067	-0.8517606
1892371	17977	-0.4045077	-0.87673724
1892371	17978	-0.39026654	-1.2232199
1892371	17979	-0.31388652	-1.3884668
1892371	17980	-0.86653495	0.8100054
1892371	17981	-0.8546729	0.860101
1892371	17982	-0.8872527	0.8467964
1892371	17983	-0.9410629	0.94904566
1892371	17984	-0.9538344	0.94934416
1892371	17985	-0.97073495	0.9843533
1892371	17986	-0.99731266	0.9885862
1892371	17987	-1.0012102	0.9573561
1892371	17988	-1.0141413	0.99318266
1892371	17989	-1.0263739	1.0081298
1892371	17990	-1.039135	1.0128056
1892371	17991	-1.0376538	0.96500146
1892371	17992	-1.0522006	1.0094769
1892371	17993	-1.0594199	1.0045093
1892371	17994	-1.2497431	1.1849186
1892371	17995	-1.3369404	1.397074
1892371	17996	-1.3393283	1.4298799
1892371	17997	-0.6158882	-0.71154416
1892371	17998	-0.6436856	-0.6491362
1892371	17999	-0.8324764	0.9283649
1892371	18000	-0.8527112	0.8832792
1892371	18001	-0.9152324	0.89632297
1892371	18002	-0.96832216	1.0670652
1892371	18003	-0.96563816	1.0599412
1892371	18004	-0.94328254	1.0069504
1892371	18005	-1.0261767	1.1645867
1892371	18006	-1.007863	1.089478
1892371	18007	-1.0833776	1.2304184
1892371	18008	-1.0747912	1.195529
1892371	18009	-1.0914986	1.2338392
1892371	18010	-1.1658452	1.3268769
1892371	18011	-1.197653	1.3560045
1892371	18012	-1.2025225	1.3551931
1892371	18013	-1.179924	1.3413029
1892371	18014	-1.0873785	1.15137
1892371	18015	-1.0882041	1.152232
1892371	18016	-1.0712259	1.0739516
1892371	18017	-1.0834502	1.0812522
1892371	18018	-1.1516743	1.1457026
1892371	18019	-1.1525064	1.1588262
1892371	18020	-1.1404266	1.1389034
1892371	18021	-1.1323622	1.1108807
1892371	18022	-1.1309459	1.1024996
1892371	18023	-1.1119695	1.0336158
1892371	18024	-1.2395768	1.1906847
1892371	18025	-1.1898704	1.1572165
1892371	18026	-1.1212811	0.99819124
1892371	18027	-1.1521907	1.0449399
1892371	18028	-1.1889573	1.1395743
1892371	18029	-1.0234959	0.88442934
1892371	18030	-0.9166407	0.6627128
1892371	18031	-0.9261842	0.6434294
1892371	18032	-0.9224978	0.6252892
1892371	18033	-0.94964564	0.7128091
1892371	18034	-0.8740002	0.63032603
1892371	18035	-0.91918063	0.58064306
1892371	18036	-0.8096509	0.45222458
1892371	18037	-0.8081048	0.43117788
1892371	18038	-0.75359243	0.4226654
1892371	18039	-0.8401827	0.50337696
1892371	18040	-0.90874326	0.51350546
1892371	18041	-0.98207045	0.67207086
1892371	18042	-0.946388	0.6420233
1892371	18043	-0.9606869	0.67169666
1892371	18044	-0.9701222	0.71448326
1892371	18045	-1.0385711	0.7791275
1892371	18046	-1.01268	0.74049616
1892371	18047	-1.0218533	0.7918447
1892371	18048	-1.0257041	0.80270815
1892371	18049	-1.0368547	0.8633473
1892371	18050	-0.3777948	-1.1103352
1892371	18051	-0.36866158	-1.054363
1892371	18052	0.7926022	-1.4782208
1892371	18053	0.8803077	-1.4233124
1892371	18054	0.991161	-1.5138785
1892371	18055	1.0590428	-1.4024086
1892371	18056	1.0040102	-1.3584886
1892371	18057	0.99799156	-1.3576452
1892371	18058	0.7250445	-1.0979967
1892371	18059	0.7090603	-1.2055098
1892371	18060	0.5540117	-1.0218489
1892371	18061	0.59257114	-1.2185903
1892371	18062	0.80845666	-1.3998249
1892371	18063	0.8676951	-1.3588576
1892371	18064	0.79479504	-1.2411151
1892371	18065	0.85917425	-1.3078127
1892371	18066	0.17624706	-0.6120284
1892371	18067	-0.0852291	-0.48549536
1892371	18068	-0.06532642	-0.57073474
1892371	18069	-0.025133163	-0.616296
1892371	18070	-0.0016175508	-0.6554455
1892371	18071	0.011747658	-0.6702454
1892371	18072	0.05959648	-0.73306465
1892371	18073	0.06733173	-0.7445592
1892371	18074	0.08738577	-0.6773438
1892371	18075	0.14561206	-0.7488282
1892371	18076	0.107132435	-0.7073391
1892371	18077	0.092840075	-0.7845887
1892371	18078	0.10501194	-0.7609348
1892371	18079	0.73251164	-1.369503
1892371	18080	0.91188765	-1.3252121
1892371	18081	0.9000355	-1.2636068
1892371	18082	0.89433527	-1.2423683
1892371	18083	0.86882055	-1.1967267
1892371	18084	0.9091072	-1.2648118
1892371	18085	0.8843161	-1.2005942
1892371	18086	0.8927376	-1.2280036
1892371	18087	0.9716687	-1.1964142
1892371	18088	0.34053987	-0.5366606
1892371	18089	0.33143747	-0.68709177
1892371	18090	0.4783767	-0.8976915
1892371	18091	0.4928857	-0.9266447
1892371	18092	0.618768	-1.0415367
1892371	18093	0.4949404	-0.85760236
1892371	18094	0.7547499	-1.2410038
1892371	18095	0.75516474	-1.0080127
1892371	18096	0.7427118	-1.0577594
1892371	18097	0.6512866	-1.0597005
1892371	18098	0.86603546	-1.3698823
1892371	18099	0.9376372	-1.3400028
1892371	18100	1.1798038	-1.5099324
1892371	18101	0.8320558	-1.2155375
1892371	18102	0.66735697	-0.9812573
1892371	18103	0.80272377	-1.2848325
1892371	18104	0.80050147	-1.1437495
1892371	18105	0.6355469	-0.88338745
1892371	18106	0.7449024	-1.151312
1892371	18107	0.64041305	-0.95470434
1892371	18108	0.7599957	-1.1035894
1892371	18109	0.8424076	-1.1555474
1892371	18110	0.5212822	-0.7835864
1892371	18111	0.3815555	-0.86561006
1892371	18112	0.49611342	-0.9702766
1892371	18113	0.6176002	-0.98630166
1892371	18114	0.32729357	-0.6057733
1892371	18115	0.5601176	-1.0117593
1892371	18116	0.3874039	-0.58746374
1892371	18117	0.5084559	-0.9303074
1892371	18118	0.5912906	-1.0441538
1892371	18119	0.22511011	-0.57349485
1892371	18120	0.07041544	-0.34799433
1892371	18121	0.7305856	-1.2899201
1892371	18122	1.3055903	-1.6819143
1892371	18123	1.4963428	-1.5169199
1892371	18124	1.8276147	-1.7714974
1892371	18125	1.9099308	-1.698998
1892371	18126	1.3252678	-1.1985201
1892371	18127	1.4337825	-1.5353464
1892371	18128	1.448931	-1.4189484
1892371	18129	1.4318516	-1.4116333
1892371	18130	1.7919704	-1.6634258
1892371	18131	0.13290209	-1.2198565
1892371	18132	-0.40296796	0.5001774
1892371	18133	-0.54628825	0.5401639
1892371	18134	-0.63743484	0.79567707
1892371	18135	-0.6851455	0.8905779
1892371	18136	-0.73190665	0.9558147
1892371	18137	-0.7721014	0.99217117
1892371	18138	-0.82540405	1.006961
1892371	18139	0.07490486	-1.0952342
1892371	18140	1.8641933	-1.4735956
1892371	18141	1.7050313	-1.3333488
1892371	18142	1.4861234	-1.2353964
1892371	18143	1.4594338	-1.1828715
1892371	18144	1.4426522	-1.1680866
1892371	18145	1.3538057	-1.1144713
1892371	18146	1.2730613	-0.987448
1892371	18147	1.2087479	-1.1168337
1892371	18148	0.96462786	-0.8903707
1892371	18149	0.85952854	-0.9770887
1892371	18150	0.7822391	-0.94500244
1892371	18151	0.873018	-0.91129196
1892371	18152	0.90199995	-1.1002986
1892371	18153	0.9152634	-0.9617158
1892371	18154	0.7413688	-0.818403
1892371	18155	0.81287074	-1.073571
1892371	18156	0.94135165	-1.0817516
1892371	18157	1.0023537	-1.0724515
1892371	18158	0.8274379	-0.9049846
1892371	18159	0.8855226	-1.0535185
1892371	18160	0.5890374	-0.6691376
1892371	18161	0.6807201	-0.88869107
1892371	18162	0.68611133	-0.8762847
1892371	18163	0.63163316	-0.81940186
1892371	18164	0.42930597	-0.45334482
1892371	18165	0.32436365	-0.41745567
1892371	18166	0.16129941	-0.3133002
1892371	18167	0.21309829	-0.2734096
1892371	18168	0.5399287	-0.825719
1892371	18169	0.53847325	-0.7305416
1892371	18170	0.731966	-0.87095225
1892371	18171	0.71277654	-0.76198107
1892371	18172	0.6949401	-0.6910001
1892371	18173	0.78952575	-0.85067844
1892371	18174	0.7938032	-0.79818195
1892371	18175	0.6795782	-0.73283666
1892371	18176	0.62520206	-0.7004381
1892371	18177	0.6237068	-0.71356285
1892371	18178	0.5297501	-0.60938036
1892371	18179	0.49689507	-0.5858958
1892371	18180	-0.21487635	0.2028996
1892371	18181	-0.2914462	0.23230639
1892371	18182	-0.3011742	0.1974788
1892371	18183	-0.2255382	0.15638426
1892371	18184	-0.16695648	-0.03356883
1892371	18185	-0.18977207	-0.018702567
1892371	18186	-0.13854373	-0.100773394
1892371	18187	-0.09909457	-0.052800834
1892371	18188	-0.010822415	-0.15783927
1892371	18189	0.05557549	-0.23689632
1892371	18190	0.076453686	-0.31189305
1892371	18191	0.066138744	-0.39645228
1892371	18192	0.10065436	-0.43624508
1892371	18193	0.11212212	-0.43016982
1892371	18194	0.13229322	-0.45824876
1892371	18195	0.12105781	-0.43339038
1892371	18196	0.114246845	-0.4216744
1892371	18197	0.11050385	-0.42004555
1892371	18198	0.09102607	-0.40018463
1892371	18199	0.07919222	-0.38283435
1892371	18200	0.19244915	-0.38766712
1892371	18201	0.12944657	-0.33214122
1892371	18202	0.13333035	-0.38887545
1892371	18203	0.09616768	-0.3016234
1892371	18204	0.1803543	-0.17203614
1892371	18205	0.061552107	-0.23260552
1892371	18206	0.03185469	-0.1113787
1892371	18207	0.07025123	-0.2884583
1892371	18208	0.055380225	-0.26145452
1892371	18209	0.080617845	-0.2711156
1892371	18210	0.16457373	-0.23460466
1892371	18211	0.18280947	-0.2979457
1892371	18212	0.27553737	-0.41430673
1892371	18213	0.121679366	-0.20887351
1892371	18214	0.0026983619	-0.24565159
1892371	18215	-0.24886513	0.030912519
1892371	18216	-0.30519244	0.10386816
1892371	18217	-0.27330574	0.031672984
1892371	18218	-0.33128718	0.10142973
1892371	18219	-0.34381628	0.11671969
1892371	18220	-0.32127464	0.0635722
1892371	18221	-0.35928476	0.109139234
1892371	18222	-0.3450117	0.08366254
1892371	18223	-0.32446656	0.057626754
1892371	18224	-0.609989	0.55142975
1892371	18225	-0.85663486	0.8228383
1892371	18226	-0.88305163	0.8476765
1892371	18227	-0.84067214	0.7716962
1892371	18228	-0.8575289	0.77484965
1892371	18229	-0.85116935	0.7682569
1892371	18230	-0.8283503	0.73064256
1892371	18231	-0.82434607	0.74169266
1892371	18232	-0.7893678	0.6918638
1892371	18233	-0.79994607	0.6877428
1892371	18234	-0.80761945	0.68132997
1892371	18235	-1.0135112	0.21762696
1892371	18236	0.74297607	-0.77813417
1892371	18237	0.71643484	-0.8548211
1892371	18238	0.60302734	-0.73860496
1892371	18239	0.6102929	-0.82546866
1892371	18240	0.5865704	-0.7390276
1892371	18241	0.60960996	-0.8058045
1892371	18242	0.59555686	-0.7838594
1892371	18243	0.5591576	-0.75181526
1892371	18244	0.5432948	-0.7448584
1892371	18245	0.518361	-0.7527305
1892371	18246	0.494964	-0.7758753
1892371	18247	0.37709475	-0.669168
1892371	18248	0.38296527	-0.71827936
1892371	18249	0.29980356	-0.678707
1892371	18250	0.4748118	-0.9030926
1892371	18251	0.5243733	-0.8970816
1892371	18252	0.61327064	-0.981452
1892371	18253	0.6433283	-0.99800575
1892371	18254	0.6213405	-0.97140944
1892371	18255	0.644696	-1.0075858
1892371	18256	0.54878664	-0.9161607
1892371	18257	0.59529006	-0.97371316
1892371	18258	0.6202202	-1.0095978
1892371	18259	0.67607343	-1.0320361
1892371	18260	0.6957694	-1.0581633
1892371	18261	0.7471398	-1.0431331
1892371	18262	0.9339794	-1.2099944
1892371	18263	1.1870432	-1.3933883
1892371	18264	1.1436213	-1.3672932
1892371	18265	1.2131193	-1.4045846
1892371	18266	1.2606283	-1.390149
1892371	18267	0.91113377	-1.0464137
1892371	18268	1.1572658	-1.3074911
1892371	18269	1.1475587	-1.2914052
1892371	18270	0.96394634	-1.1170077
1892371	18271	0.8125762	-1.0392876
1892371	18272	0.8446555	-1.1640979
1892371	18273	0.7773094	-1.0961001
1892371	18274	0.6642866	-0.9387953
1892371	18275	0.43511432	-0.72373116
1892371	18276	0.3712656	-0.6966486
1892371	18277	0.58044565	-0.7721138
1892371	18278	0.34857452	-0.5213875
1892371	18279	0.40571558	-0.5859236
1892371	18280	0.42877376	-0.63492906
1892371	18281	1.0039649	-1.388522
1892371	18282	0.7772782	-1.0891442
1892371	18283	0.46286297	-0.8335993
1892371	18284	0.50099874	-0.88391125
1892371	18285	0.58307266	-0.96247184
1892371	18286	0.5387126	-0.9017704
1892371	18287	0.5004127	-0.8755898
1892371	18288	0.5040132	-0.9318789
1892371	18289	0.56519806	-0.9489248
1892371	18290	0.32440436	-0.7307285
1892371	18291	0.37981284	-0.7860153
1892371	18292	0.46489233	-0.88128054
1892371	18293	0.4212758	-0.8282478
1892371	18294	0.32673424	-0.7368636
1892371	18295	0.272174	-0.72587276
1892371	18296	0.22422415	-0.689219
1892371	18297	0.25180912	-0.71555126
1892371	18298	0.23365277	-0.7379105
1892371	18299	0.23072481	-0.7396569
1892371	18300	0.40718317	-0.9372202
1892371	18301	0.548223	-0.9555577
1892371	18302	0.511323	-0.921723
1892371	18303	0.7526612	-1.1733083
1892371	18304	0.8365488	-1.1193991
1892371	18305	0.87460256	-1.112425
1892371	18306	0.86362004	-1.1143785
1892371	18307	1.2612998	-1.4372112
1892371	18308	1.420211	-1.4739958
1892371	18309	0.71754146	-0.9166784
1892371	18310	0.66308403	-0.96800256
1892371	18311	0.4354083	-0.7997545
1892371	18312	0.46681327	-0.8762735
1892371	18313	0.5121006	-0.99028814
1892371	18314	0.54247046	-1.0587723
1892371	18315	0.44922394	-0.9947432
1892371	18316	0.4339512	-0.98046136
1892371	18317	0.4228623	-0.98013794
1892371	18318	0.474059	-1.0453306
1892371	18319	0.67276955	-1.1721096
1892371	18320	0.68412256	-1.1691242
1892371	18321	0.54989576	-1.0773553
1892371	18322	0.39285362	-0.97540843
1892371	18323	0.35362273	-0.85749054
1892371	18324	0.18065208	-0.7392428
1892371	18325	0.5025737	-1.106168
1892371	18326	0.6842836	-1.2325176
1892371	18327	0.6937692	-1.1501147
1892371	18328	0.74215865	-1.1474949
1892371	18329	0.68563664	-1.1039922
1892371	18330	0.475596	-0.89533246
1892371	18331	-0.29818678	-0.07683334
1892371	18332	-0.32021737	-0.107761174
1892371	18333	-0.27168164	-0.22652651
1892371	18334	-0.27746737	-0.23996358
1892371	18335	-0.47470605	0.027121872
1892371	18336	-0.57691276	0.15071395
1892371	18337	-0.5721311	0.10065982
1892371	18338	-0.54270643	0.038798362
1892371	18339	-0.5355725	0.024018735
1892371	18340	-0.5310703	0.03175333
1892371	18341	-0.49109185	-0.033343226
1892371	18342	-0.42094177	-0.13210928
1892371	18343	-0.44657934	-0.08058491
1892371	18344	-0.40225032	-0.1519393
1892371	18345	-0.36137682	-0.21113439
1892371	18346	-0.35966623	-0.21106298
1892371	18347	-0.27973264	-0.2892479
1892371	18348	-0.36469495	-0.20694467
1892371	18349	-0.32347772	-0.2600699
1892371	18350	-0.41720378	-0.11378026
1892371	18351	-0.35379025	-0.19981924
1892371	18352	-0.50016314	-0.010798365
1892371	18353	-0.4683119	-0.06695494
1892371	18354	-0.48529273	-0.01953423
1892371	18355	-0.8119121	0.42343608
1892371	18356	-0.9880928	0.7146354
1892371	18357	-0.97225285	0.7015749
1892371	18358	-0.90098524	0.586817
1892371	18359	-1.10458	0.44210926
1892371	18360	-1.1959816	0.070221454
1892371	18361	0.27093345	-0.10283008
1892371	18362	0.0729053	-0.18313304
1892371	18363	0.13887912	-0.37584606
1892371	18364	0.21897435	-0.4088198
1892371	18365	0.28482622	-0.54123497
1892371	18366	0.28163505	-0.5040224
1892371	18367	0.2274096	-0.46702126
1892371	18368	0.21334285	-0.44595096
1892371	18369	0.23471487	-0.4806695
1892371	18370	0.4213112	-0.6848655
1892371	18371	0.3443718	-0.5532845
1892371	18372	0.1729365	-0.41124025
1892371	18373	0.041762114	-0.30630141
1892371	18374	0.054205894	-0.32911563
1892371	18375	0.06015396	-0.36328113
1892371	18376	0.13028717	-0.41443822
1892371	18377	0.3757065	-0.67690855
1892371	18378	0.512794	-0.7727184
1892371	18379	0.51426184	-0.7240608
1892371	18380	0.45405328	-0.657637
1892371	18381	0.473301	-0.6701742
1892371	18382	0.49081975	-0.6833955
1892371	18383	0.49194837	-0.6893474
1892371	18384	0.48258013	-0.6600944
1892371	18385	0.53666306	-0.703416
1892371	18386	0.5891571	-0.76393306
1892371	18387	0.6602956	-0.79990554
1892371	18388	0.83600247	-0.9630307
1892371	18389	0.763991	-0.8274128
1892371	18390	0.765625	-0.83905447
1892371	18391	0.69821906	-0.7793373
1892371	18392	0.5837691	-0.6346849
1892371	18393	0.3009597	-0.35210082
1892371	18394	0.36144352	-0.5062343
1892371	18395	0.4027633	-0.511045
1892371	18396	0.45759845	-0.5536981
1892371	18397	0.4300928	-0.5017767
1892371	18398	0.40897596	-0.47901303
1892371	18399	0.46881998	-0.5380863
1892371	18400	-0.41610235	0.5157734
1892371	18401	-0.620353	0.66180766
1892371	18402	-0.8680239	1.016124
1892371	18403	-0.770781	0.8667886
1892371	18404	-0.7666999	0.8307532
1892371	18405	-0.41474238	0.18801007
1892371	18406	-0.44957992	0.33401808
1892371	18407	-0.11944604	-0.08507502
1892371	18408	0.3558992	-0.56362104
1892371	18409	0.009896934	-0.028743505
1892371	18410	-0.20202523	0.21127209
1892371	18411	-0.039637	-0.054665506
1892371	18412	0.40659076	-0.5676558
1892371	18413	0.41922647	-0.45173296
1892371	18414	0.4512701	-0.44144148
1892371	18415	0.8641932	-0.893474
1892371	18416	1.1248007	-1.002325
1892371	18417	1.0450847	-0.85238516
1892371	18418	1.046454	-0.85390973
1892371	18419	1.0171891	-0.8260697
1892371	18420	0.874182	-0.7174168
1892371	18421	1.2206476	-1.0945129
1892371	18422	1.2490017	-1.057817
1892371	18423	1.3500985	-1.093993
1892371	18424	1.3133367	-1.0839372
1892371	18425	1.2135878	-0.9905864
1892371	18426	0.8763257	-0.66863716
1892371	18427	0.6889324	-0.57472086
1892371	18428	0.6710553	-0.59070253
1892371	18429	0.6318202	-0.5533762
1892371	18430	0.42361146	-0.36410943
1892371	18431	0.4473546	-0.43508497
1892371	18432	0.5712924	-0.6391223
1892371	18433	0.55370367	-0.54561496
1892371	18434	0.527315	-0.59654397
1892371	18435	-0.122592926	0.13814536
1892371	18436	-0.121876925	0.08304235
1892371	18437	-0.085475504	-0.053542793
1892371	18438	-0.0109375715	-0.11400375
1892371	18439	-0.24709696	0.22583231
1892371	18440	-0.6236735	0.86978793
1892371	18441	-0.3153864	0.31616125
1892371	18442	-0.2319718	0.22303191
1892371	18443	-0.46514845	0.52893734
1892371	18444	-0.64053184	0.7121978
1892371	18445	-0.35377848	0.3373789
1892371	18446	-0.57694924	0.6945956
1892371	18447	-0.5591947	0.5911609
1892371	18448	-0.77113926	0.9842005
1892371	18449	-0.3645789	0.33832392
1892371	18450	-0.55132586	0.66960335
1892371	18451	-0.5369201	0.56793344
1892371	18452	-0.5382459	0.5686554
1892371	18453	-0.59234697	0.7629206
1892371	18454	-0.4637227	0.45300207
1892371	18455	-0.4467923	0.49399957
1892371	18456	-0.6379374	0.78920364
1892371	18457	-0.3861989	0.32956073
1892371	18458	-0.63849163	0.83378804
1892371	18459	-0.65265274	0.7102926
1892371	18460	-0.8017183	0.97567546
1892371	18461	-0.5156921	0.58435583
1892371	18462	-0.6859175	0.83922696
1892371	18463	-0.65119606	0.85823166
1892371	18464	-0.5925189	0.5672718
1892371	18465	-0.9593776	1.2178683
1892371	18466	-0.6841183	0.84392846
1892371	18467	-0.82254565	1.0320935
1892371	18468	-0.8918613	1.1688949
1892371	18469	-1.2068863	1.788526
1892371	18470	-1.1225462	1.5428336
1892371	18471	-1.1877528	1.7015541
1892371	18472	-1.0561943	1.5874784
1892371	18473	-1.2867198	2.0988438
1892371	18474	-1.3163028	1.9759865
1892371	18475	-1.4421884	2.1061852
1892371	18476	-1.1820797	1.8163056
1892371	18477	-1.490216	2.4383318
1892371	18478	-1.5262421	2.2413597
1892371	18479	-1.47073	2.1983933
1892371	18480	-1.5928645	2.4478374
1892371	18481	-1.681495	2.5538764
1892371	18482	-1.559682	2.2767584
1892371	18483	-1.527208	2.0552044
1892371	18484	-1.198487	1.4611024
1892371	18485	-1.4420589	2.02488
1892371	18486	-1.4057765	1.7952425
1892371	18487	-1.4121172	1.9872389
1892371	18488	-1.3257048	1.7056973
1892371	18489	-1.4695542	1.9479868
1892371	18490	-1.2874438	1.5112443
1892371	18491	-0.94557697	1.0776399
1892371	18492	-0.9703959	1.2641653
1892371	18493	-1.0702199	1.3719543
1892371	18494	-1.0336504	1.2329946
1892371	18495	-1.296654	1.7100885
1892371	18496	-1.0887417	1.267841
1892371	18497	-1.223248	1.5536742
1892371	18498	-1.2136321	1.5409033
1892371	18499	-1.4502814	2.1571767
1892371	18500	-1.2500473	1.7905464
1892371	18501	-0.9821584	1.1153085
1892371	18502	-0.64007574	0.6985601
1892371	18503	-0.29178643	0.24907145
1892371	18504	-0.29290006	0.34988472
1892371	18505	-0.293323	0.33461347
1892371	18506	-0.21212673	0.24792513
1892371	18507	-0.21774906	0.25682637
1892371	18508	-0.19516009	0.22417077
1892371	18509	-0.18818739	0.21304503
1892371	18510	0.13091451	-0.16233724
1892371	18511	0.28016835	-0.19686535
1892371	18512	0.12403196	-0.02309832
1892371	18513	0.056343973	0.040579945
1892371	18514	-0.03157398	0.1300278
1892371	18515	-0.21498054	0.3328521
1892371	18516	-0.20507038	0.23883882
1892371	18517	-0.00027924776	0.0024951994
1892371	18518	-0.086761504	0.16211519
1892371	18519	-0.0820187	0.12878379
1892371	18520	0.106072605	-0.0941315
1892371	18521	0.017717123	0.05967912
1892371	18522	-0.12738487	0.21093014
1892371	18523	-0.34258732	0.43318817
1892371	18524	0.388121	-0.56815726
1892371	18525	-0.55235666	0.81019557
1892371	18526	-0.75724447	0.9537374
1892371	18527	-0.78166395	1.0264685
1892371	18528	-0.7776036	1.0268635
1892371	18529	-0.81829333	1.08861
1892371	18530	-0.84379077	1.1068629
1892371	18531	-0.04619962	-0.09118977
1892371	18532	0.6921017	-0.6884047
1892371	18533	1.068547	-0.8460199
1892371	18534	1.2137979	-0.85218155
1892371	18535	1.2269346	-0.8288393
1892371	18536	1.1732719	-0.8050059
1892371	18537	1.1333722	-0.7818615
1892371	18538	1.143659	-0.7950428
1892371	18539	1.128933	-0.78244233
1892371	18540	1.0531584	-0.7437149
1892371	18541	1.0165302	-0.7266402
1892371	18542	1.0259606	-0.7436901
1892371	18543	0.9759834	-0.7665185
1892371	18544	0.93749845	-0.6961312
1892371	18545	0.9128145	-0.68003964
1892371	18546	1.0979266	-0.8676026
1892371	18547	1.2746501	-0.9680275
1892371	18548	1.3373964	-1.0048623
1892371	18549	0.10500431	0.054255933
1892371	18550	0.023249447	0.025825739
1892371	18551	0.026638865	-0.02744332
1892371	18552	-0.0052595735	0.024722487
1892371	18553	-0.07676825	0.082927376
1892371	18554	-0.024915904	0.02550459
1892371	18555	0.037841856	-0.03652364
1892371	18556	0.056890905	-0.061320722
1892371	18557	0.1417467	-0.1992132
1892371	18558	-0.008628786	0.049488395
1892371	18559	-0.05367416	0.068208605
1892371	18560	-0.28264254	0.3227748
1892371	18561	-0.3364717	0.35240826
1892371	18562	-0.29439905	0.30041757
1892371	18563	-0.26903915	0.19990054
1892371	18564	-0.22074854	0.21260515
1892371	18565	0.08082551	-0.24971898
1892371	18566	-0.10668847	0.12609026
1892371	18567	-0.107705414	0.08385381
1892371	18568	-0.135804	0.11050448
1892371	18569	0.1932782	-0.36165276
1892371	18570	1.4456464	-1.583449
1892371	18571	1.8926343	-1.4225969
1892371	18572	1.6925899	-1.2645632
1892371	18573	0.75604296	-0.4914626
1892371	18574	0.40062195	-0.29934186
1892371	18575	0.35995263	-0.31466794
1892371	18576	0.38742483	-0.34120438
1892371	18577	0.38174212	-0.33869222
1892371	18578	0.42119265	-0.37265697
1892371	18579	0.41654098	-0.3718115
1892371	18580	0.392573	-0.39410233
1892371	18581	0.39762044	-0.41022524
1892371	18582	0.45598596	-0.3985652
1892371	18583	0.49068618	-0.42599496
1892371	18584	0.46008444	-0.38947493
1892371	18585	0.4252417	-0.3535263
1892371	18586	0.44921583	-0.3815269
1892371	18587	0.45038235	-0.37699875
1892371	18588	0.41799384	-0.33988258
1892371	18589	0.38101524	-0.39306003
1892371	18590	0.40498406	-0.37395728
1892371	18591	0.3836404	-0.33814234
1892371	18592	0.37864476	-0.32566428
1892371	18593	0.3843159	-0.3330567
1892371	18594	-0.22379142	0.28810826
1892371	18595	-0.23571894	0.26951304
1892371	18596	-0.1574957	0.050917596
1892371	18597	0.0033304095	-0.036441445
1892371	18598	-0.036504418	0.025314838
1892371	18599	-0.025178552	0.007017255
1892371	18600	-0.0599961	0.04253301
1892371	18601	0.09805292	-0.1631645
1892371	18602	0.04215753	-0.04918465
1892371	18603	0.052179813	-0.054462522
1892371	18604	0.080982745	-0.084107965
1892371	18605	0.077056825	-0.071979195
1892371	18606	0.05051613	-0.049796402
1892371	18607	0.0913803	-0.094950944
1892371	18608	0.10210931	-0.10319108
1892371	18609	0.1816063	-0.17428735
1892371	18610	-0.15535024	0.16143474
1892371	18611	-0.12850598	0.12294474
1892371	18612	0.14615244	-0.28089726
1892371	18613	0.07494843	-0.08370945
1892371	18614	-0.054170847	0.056096047
1892371	18615	0.38744962	-0.5365569
1892371	18616	0.49160415	-0.5585334
1892371	18617	0.83250034	-0.7888123
1892371	18618	1.0469847	-0.890607
1892371	18619	1.0859377	-0.83662206
1892371	18620	1.0547941	-0.7930976
1892371	18621	0.923427	-0.67700624
1892371	18622	0.6687114	-0.4749055
1892371	18623	0.56909966	-0.46161425
1892371	18624	0.43926263	-0.34171134
1892371	18625	0.313433	-0.25097904
1892371	18626	0.40797997	-0.38159043
1892371	18627	0.40405405	-0.3681
1892371	18628	0.5035765	-0.5437791
1892371	18629	0.4479974	-0.40678403
1892371	18630	0.34749252	-0.308223
1892371	18631	0.68848014	-0.7744099
1892371	18632	0.8033551	-0.72414017
1892371	18633	0.76116407	-0.6288747
1892371	18634	0.70294404	-0.5912503
1892371	18635	0.17738879	-0.18747118
1892371	18636	0.21123147	-0.21536699
1892371	18637	0.1971218	-0.23430142
1892371	18638	0.21413577	-0.23044454
1892371	18639	-0.3632119	0.3826222
1892371	18640	-0.34102646	0.31700876
1892371	18641	0.31224412	-0.49146587
1892371	18642	0.48515236	-0.49175996
1892371	18643	0.4988923	-0.45012188
1892371	18644	0.4103399	-0.35322118
1892371	18645	0.3661136	-0.37124354
1892371	18646	0.35440707	-0.37743196
1892371	18647	0.68876445	-0.750076
1892371	18648	1.2097025	-1.1396978
1892371	18649	1.3865665	-1.0252191
1892371	18650	1.8911916	-1.4960569
1892371	18651	2.2933145	-1.6634909
1892371	18652	2.2370477	-1.6322962
1892371	18653	2.100082	-1.6020634
1892371	18654	1.948219	-1.48133
1892371	18655	1.6737877	-1.2876598
1892371	18656	1.6046191	-1.2818413
1892371	18657	1.6342176	-1.2978804
1892371	18658	1.5961708	-1.2749568
1892371	18659	1.4703124	-1.154465
1892371	18660	1.4283209	-1.1522762
1892371	18661	1.4048523	-1.131447
1892371	18662	1.3807317	-1.122055
1892371	18663	1.3576494	-1.0991695
1892371	18664	1.3682928	-1.1072856
1892371	18665	0.89979637	-0.765299
1892371	18666	0.82149994	-0.71384835
1892371	18667	0.8096181	-0.7298547
1892371	18668	0.805992	-0.711865
1892371	18669	0.35622448	-0.40179533
1892371	18670	-0.21435502	0.26182613
1892371	18671	-0.2415047	0.27951798
1892371	18672	-0.27476287	0.29219428
1892371	18673	-0.26267433	0.17147109
1892371	18674	-0.14557466	0.13698736
1892371	18675	-0.285775	0.3412932
1892371	18676	-0.15595311	0.14610174
1892371	18677	-0.4277385	0.55690026
1892371	18678	-0.6603323	0.7698252
1892371	18679	-0.3313478	0.3203719
1892371	18680	-0.73799473	0.8186728
1892371	18681	-0.5708097	0.6233566
1892371	18682	-0.5318356	0.598982
1892371	18683	-0.9514591	1.1596014
1892371	18684	-0.5628964	0.54174316
1892371	18685	-0.6702602	0.6963173
1892371	18686	-0.9046817	1.1714921
1892371	18687	-0.9520886	1.2959775
1892371	18688	-1.0065286	1.374343
1892371	18689	-1.0037223	1.4061744
1892371	18690	-1.014741	1.4146976
1892371	18691	-0.9567692	1.2346926
1892371	18692	-0.8309706	1.0066942
1892371	18693	-0.9163091	1.2001326
1892371	18694	-0.84619164	0.9965602
1892371	18695	-0.60665894	0.670516
1892371	18696	-1.0183547	1.38815
1892371	18697	-0.91694605	1.308408
1892371	18698	-1.0470989	1.4137472
1892371	18699	-0.785864	0.8498256
1892371	18700	-0.44050133	0.45459196
1892371	18701	-0.47642887	0.5330492
1892371	18702	-0.45109603	0.50038064
1892371	18703	-0.3359324	0.3129709
1892371	18704	-0.11052537	0.05167076
1892371	18705	-0.13887414	0.17851111
1892371	18706	0.11472958	-0.1277669
1892371	18707	0.10287166	-0.035546243
1892371	18708	0.14367181	-0.065767795
1892371	18709	-0.22626063	0.4220223
1892371	18710	-0.28905475	0.3873602
1892371	18711	-0.31611195	0.41309872
1892371	18712	-0.3832372	0.5066078
1892371	18713	-0.5095103	0.6487057
1892371	18714	-0.7140883	0.9080446
1892371	18715	-0.7477579	0.9084153
1892371	18716	-0.6682469	0.8114301
1892371	18717	-0.615455	0.7497269
1892371	18718	-0.7155553	0.8828014
1892371	18719	-0.71163654	0.85914373
1892371	18720	-0.6932702	0.84504175
1892371	18721	-0.69551986	0.8410797
1892371	18722	-0.7502289	0.88744175
1892371	18723	-0.70672244	0.8660908
1892371	18724	-0.7584613	0.9190942
1892371	18725	-0.7241266	0.8907968
1892371	18726	-0.6913677	0.85579467
1892371	18727	-0.76984066	0.8980768
1892371	18728	-1.2437499	1.6241415
1892371	18729	-0.9279611	1.0139933
1892371	18730	-1.0543287	1.3778564
1892371	18731	-1.2041531	1.4909754
1892371	18732	-1.2890925	1.7888904
1892371	18733	-1.3026099	1.7342033
1892371	18734	-1.2677486	1.7212579
1892371	18735	-1.2910855	1.7116818
1892371	18736	-1.250463	1.571842
1892371	18737	-1.0800269	1.376735
1892371	18738	-1.2938659	1.621979
1892371	18739	-1.3380101	1.6997852
1892371	18740	-1.2051048	1.4291317
1892371	18741	-1.139461	1.5448024
1892371	18742	-1.3816118	1.9351368
1892371	18743	-1.2803869	1.7944677
1892371	18744	-1.342489	1.7688618
1892371	18745	-1.4151655	1.8705966
1892371	18746	-1.4407287	1.942914
1892371	18747	-1.3316007	1.8050544
1892371	18748	-1.3914605	1.8137648
1892371	18749	-1.3772416	1.7695632
1892371	18750	-1.3446474	1.7389259
1892371	18751	-1.3672444	1.8993883
1892371	18752	-1.2984145	1.9846115
1892371	18753	-1.4710522	2.2838423
1892371	18754	-1.2465084	1.6134887
1892371	18755	-1.3483665	1.8185787
1892371	18756	-1.109184	1.4478639
1892371	18757	-1.3143024	1.8051872
1892371	18758	-1.25236	1.4375627
1892371	18759	-1.3365661	1.7368665
1892371	18760	-1.313115	1.4923873
1892371	18761	-1.4400461	1.7460964
1892371	18762	-1.2377427	1.5765302
1892371	18763	-1.4182031	1.6787019
1892371	18764	-1.3989935	1.6800282
1892371	18765	-1.2305738	1.4345943
1892371	18766	-1.2693739	1.3799127
1892371	18767	-1.289386	1.5836794
1892371	18768	-1.1505072	1.3382503
1892371	18769	-1.3758731	1.9509046
1892371	18770	-1.3285992	1.8443999
1892371	18771	-1.0822067	1.5668569
1892371	18772	-0.9621203	1.128968
1892371	18773	-0.99299526	1.266663
1892371	18774	-1.1294395	1.3052621
1892371	18775	-1.284735	1.5563858
1892371	18776	-1.0151048	1.2891262
1892371	18777	-1.2377832	1.6237428
1892371	18778	-1.3428793	1.7614768
1892371	18779	-1.0583189	1.3232582
1892371	18780	-1.2294493	1.5599005
1892371	18781	-1.1961181	1.5032003
1892371	18782	-1.2152743	1.6076005
1892371	18783	-1.0545943	1.2399728
1892371	18784	-0.71193916	0.734233
1892371	18785	-0.7878902	0.87122154
1892371	18786	-0.6794586	0.7293309
1892371	18787	-0.41945368	0.33463797
1892371	18788	-0.31887966	0.32290366
1892371	18789	-0.37401178	0.36456832
1892371	18790	-0.12321025	0.056753546
1892371	18791	0.08105004	-0.07880384
1892371	18792	0.022696435	0.037240297
1892371	18793	-0.05483684	0.10286763
1892371	18794	-0.02903542	0.064424306
1892371	18795	-0.007952213	0.055562466
1892371	18796	-0.021068543	0.07833722
1892371	18797	-0.006974101	0.06267336
1892371	18798	-0.27117026	0.33014348
1892371	18799	-0.36323708	0.37822744
1892371	18800	-0.57576907	0.6655376
1892371	18801	-0.5401048	0.57735586
1892371	18802	-0.53737056	0.5865288
1892371	18803	-0.51368654	0.55732906
1892371	18804	-0.6184807	0.6545316
1892371	18805	-0.5889295	0.59027016
1892371	18806	-0.5538785	0.6098696
1892371	18807	-0.49451834	0.5423837
1892371	18808	-0.53070974	0.58688617
1892371	18809	-0.5309508	0.57692826
1892371	18810	-0.5253266	0.57003915
1892371	18811	-0.54212165	0.59000564
1892371	18812	-0.54618376	0.5952977
1892371	18813	-0.54327905	0.5892763
1892371	18814	-0.5330741	0.5790514
1892371	18815	-0.5437406	0.5919355
1892371	18816	-0.545629	0.59381497
1892371	18817	-0.5452739	0.5904145
1892371	18818	-0.53469276	0.5778743
1892371	18819	-0.5493278	0.59463525
1892371	18820	-0.55123943	0.5956336
1892371	18821	-0.53992045	0.57851434
1892371	18822	-0.5300786	0.56688046
1892371	18823	-0.54587406	0.5845063
1892371	18824	-0.55241126	0.58987105
1892371	18825	-0.5495011	0.5823027
1892371	18826	-0.5395002	0.5694785
1892371	18827	-0.55143243	0.5835341
1892371	18828	-0.556257	0.5873717
1892371	18829	-0.54721427	0.572623
1892371	18830	-0.5411928	0.56555235
1892371	18831	-0.55108714	0.5763638
1892371	18832	-0.55526894	0.57968915
1892371	18833	-0.5532084	0.57357967
1892371	18834	-0.5440774	0.56089365
1892371	18835	-0.5595666	0.5791646
1892371	18836	-0.56161606	0.5793928
1892371	18837	-0.55761915	0.5720686
1892371	18838	-0.5441781	0.55434394
1892371	18839	-0.56088203	0.57453275
1892371	18840	-0.5728434	0.58691394
1892371	18841	-0.57026094	0.58001447
1892371	18842	-0.55942565	0.5617298
1892371	18843	-0.5742726	0.58119476
1892371	18844	-0.5671833	0.5689322
1892371	18845	-0.57090783	0.5728754
1892371	18846	-0.56088436	0.55879533
1892371	18847	-0.567595	0.5667927
1892371	18848	-0.5784785	0.58067894
1892371	18849	-0.56080776	0.5550852
1892371	18850	-0.55153203	0.5445533
1892371	18851	-0.5701568	0.5669626
1892371	18852	-0.57176787	0.566224
1892371	18853	-0.57402885	0.5673201
1892371	18854	-0.55616266	0.54377294
1892371	18855	-0.5754337	0.56905067
1892371	18856	-0.57323664	0.56484306
1892371	18857	-0.5696218	0.5594052
1892371	18858	-0.5518133	0.5364183
1892371	18859	-0.5755331	0.56676006
1892371	18860	-0.5710062	0.5591326
1892371	18861	-0.5896545	0.58381426
1892371	18862	-0.5643387	0.55149484
1892371	18863	-0.50969595	0.4829119
1892371	18864	-0.5348609	0.51974165
1892371	18865	-0.55146044	0.5349988
1892371	18866	-0.55774575	0.53485584
1892371	18867	-0.5619585	0.5418948
1892371	18868	-0.5717039	0.55451906
1892371	18869	-0.5435175	0.52089477
1892371	18870	-0.5468091	0.52870524
1892371	18871	-0.5319083	0.51019406
1892371	18872	-0.5338738	0.5133617
1892371	18873	0.50224483	-0.8212402
1892371	18874	0.7644522	-0.7046995
1892371	18875	0.65933	-0.5959889
1892371	18876	0.83547175	-0.6768043
1892371	18877	0.805509	-0.62744665
1892371	18878	0.8783293	-0.71011794
1892371	18879	1.1938239	-0.94214237
1892371	18880	1.2195749	-0.9132302
1892371	18881	1.128131	-0.8514931
1892371	18882	0.25336206	-0.12568825
1892371	18883	-0.33178508	0.4511601
1892371	18884	-0.3761306	0.37687758
1892371	18885	-0.45892352	0.415024
1892371	18886	-0.553331	0.55385125
1892371	18887	-0.5650989	0.54928267
1892371	18888	-0.5965296	0.58362496
1892371	18889	-0.7571536	0.80220795
1892371	18890	-0.6866626	0.70581055
1892371	18891	-0.6710743	0.6910995
1892371	18892	-0.71167207	0.70213974
1892371	18893	-0.2830341	0.18615648
1892371	18894	-0.3367014	0.29067633
1892371	18895	-0.19734854	0.15602621
1892371	18896	-0.28479105	0.27814463
1892371	18897	-0.33704138	0.3272641
1892371	18898	-0.3185367	0.27747402
1892371	18899	-0.33033293	0.31341484
1892371	18900	-0.3275447	0.31118485
1892371	18901	-0.023235679	-0.11560157
1892371	18902	0.06403947	-0.09995213
1892371	18903	-0.091309905	0.11144188
1892371	18904	0.08921844	-0.12521556
1892371	18905	0.10893005	-0.11174628
1892371	18906	0.087483704	-0.041684866
1892371	18907	0.013379097	0.026670158
1892371	18908	0.012008846	0.014812946
1892371	18909	0.0061431527	0.024165511
1892371	18910	-0.002426803	0.034993887
1892371	18911	-0.013528794	0.046562225
1892371	18912	-0.025965512	0.055205733
1892371	18913	-0.037018508	0.06738195
1892371	18914	-0.04219997	0.069690496
1892371	18915	-0.054024905	0.080480546
1892371	18916	-0.06898111	0.09208956
1892371	18917	-0.07264149	0.09262267
1892371	18918	-0.053284854	0.06631157
1892371	18919	-0.02947691	0.04176584
1892371	18920	-0.113990456	0.1350173
1892371	18921	-0.09301871	0.09144363
1892371	18922	-0.11112073	0.11517319
1892371	18923	-0.10366219	0.1026828
1892371	18924	-0.106186	0.10372791
1892371	18925	-0.11125463	0.104952425
1892371	18926	-0.11749399	0.10869679
1892371	18927	-0.12208614	0.11073509
1892371	18928	-0.12649828	0.11116162
1892371	18929	-0.12925792	0.10882226
1892371	18930	-0.1386837	0.11715987
1892371	18931	-0.13970739	0.11414757
1892371	18932	-0.1451971	0.11587414
1892371	18933	-0.15039012	0.11722872
1892371	18934	-0.15622306	0.121005565
1892371	18935	-0.15929893	0.12247172
1892371	18936	-0.15726835	0.11519268
1892371	18937	-0.1645917	0.1206986
1892371	18938	-0.1706911	0.1258491
1892371	18939	-0.1696445	0.12227067
1892371	18940	-0.17309657	0.12356809
1892371	18941	-0.17945233	0.12762478
1892371	18942	-0.18064451	0.12794414
1892371	18943	-0.18006995	0.1270257
1892371	18944	-0.1802117	0.12547627
1892371	18945	-0.18111974	0.12433776
1892371	18946	-0.18439877	0.128463
1892371	18947	-0.18222305	0.1250141
1892371	18948	-0.18403971	0.12520179
1892371	18949	-0.185812	0.12493482
1892371	18950	-0.1874328	0.12692603
1892371	18951	-0.18848872	0.12798312
1892371	18952	-0.18786669	0.12488195
1892371	18953	-0.18854299	0.124656826
1892371	18954	-0.18608332	0.1213173
1892371	18955	-0.18687746	0.1227915
1892371	18956	-0.18768999	0.121003956
1892371	18957	-0.19414237	0.12619564
1892371	18958	-0.19467947	0.12624821
1892371	18959	-0.19636211	0.12908396
1892371	18960	-0.192211	0.122374445
1892371	18961	-0.1951626	0.12527254
1892371	18962	-0.19426233	0.124634236
1892371	18963	-0.19387046	0.12483665
1892371	18964	-0.19287118	0.12160286
1892371	18965	-0.19909221	0.12788793
1892371	18966	-0.19637164	0.12509564
1892371	18967	-0.19596261	0.1256158
1892371	18968	-0.19420022	0.123594135
1892371	18969	-0.19427258	0.12243113
1892371	18970	-0.19785076	0.12952104
1892371	18971	-0.19171512	0.121751636
1892371	18972	-0.1901705	0.118845135
1892371	18973	-0.2002019	0.12893566
1892371	18974	-0.20001623	0.12857631
1892371	18975	-0.20430878	0.13418177
1892371	18976	-0.19498867	0.1219376
1892371	18977	-0.2028051	0.13085529
1892371	18978	-0.20318049	0.13309816
1892371	18979	-0.2029708	0.13326451
1892371	18980	-0.1962435	0.12418929
1892371	18981	-0.20863941	0.13817713
1892371	18982	-0.20341808	0.13293853
1892371	18983	-0.20240033	0.1330013
1892371	18984	-0.19367158	0.12143114
1892371	18985	-0.20799315	0.137629
1892371	18986	-0.2183637	0.15190896
1892371	18987	-0.18206733	0.11034933
1892371	18988	-0.18265918	0.11223224
1892371	18989	-0.20208704	0.13302824
1892371	18990	-0.19979617	0.1282225
1892371	18991	-0.20271423	0.13153055
1892371	18992	-0.19516131	0.12127784
1892371	18993	-0.20528081	0.13207313
1892371	18994	-0.20446265	0.13177046
1892371	18995	-0.20639399	0.13418052
1892371	18996	-0.1971347	0.1220552
1892371	18997	-0.20913762	0.13559607
1892371	18998	-0.20633632	0.13346139
1892371	18999	-0.20493004	0.13225475
1892371	19000	-0.19640854	0.12172559
1892371	19001	-0.2098242	0.13654658
1892371	19002	-0.20520043	0.13110682
1892371	19003	-0.2094571	0.13670757
1892371	19004	-0.19715598	0.12125453
1892371	19005	-0.20944914	0.13537583
1892371	19006	-0.2043074	0.12988922
1892371	19007	-0.20732138	0.13394102
1892371	19008	-0.19738445	0.12212929
1892371	19009	-0.20077711	0.12491205
1892371	19010	-0.20478213	0.13054016
1892371	19011	-0.20686683	0.13178483
1892371	19012	-0.19929656	0.1215553
1892371	19013	-0.20708653	0.12969914
1892371	19014	-0.20844555	0.13174811
1892371	19015	-0.21002647	0.13308087
1892371	19016	-0.19977999	0.12017116
1892371	19017	-0.21004358	0.13183919
1892371	19018	-0.20525056	0.12622038
1892371	19019	-0.21024445	0.13238409
1892371	19020	-0.1987871	0.11727837
1892371	19021	-0.21413082	0.1346021
1892371	19022	-0.20556426	0.124093026
1892371	19023	-0.2144525	0.13536152
1892371	19024	-0.19864243	0.115545005
1892371	19025	-0.20666873	0.12511119
1892371	19026	-0.20619792	0.12537357
1892371	19027	-0.20907196	0.12829086
1892371	19028	-0.1999569	0.1161606
1892371	19029	-0.21252629	0.1311687
1892371	19030	-0.20153716	0.117984325
1892371	19031	-0.20512527	0.12331042
1892371	19032	-0.19263002	0.10704246
1892371	19033	-0.20800865	0.12407282
1892371	19034	-0.20789099	0.12431064
1892371	19035	-0.20740515	0.12297353
1892371	19036	-0.19820198	0.11090329
1892371	19037	-0.21313205	0.12727335
1892371	19038	-0.21070424	0.12421551
1892371	19039	-0.21480444	0.12926748
1892371	19040	-0.20191309	0.11318317
1892371	19041	-0.21613541	0.1296983
1892371	19042	-0.21081448	0.12433347
1892371	19043	-0.21129102	0.12523237
1892371	19044	-0.20494449	0.118264526
1892371	19045	-0.2115682	0.12532511
1892371	19046	-0.2097106	0.12360689
1892371	19047	-0.21189868	0.1262187
1892371	19048	-0.19981936	0.110684544
1892371	19049	-0.20982197	0.12260994
1892371	19050	-0.2069099	0.11897203
1892371	19051	-0.21175796	0.12437001
1892371	19052	-0.19822845	0.105956286
1892371	19053	-0.21554464	0.12598285
1892371	19054	-0.21095774	0.119589895
1892371	19055	-0.217444	0.1272653
1892371	19056	-0.20393163	0.11068365
1892371	19057	-0.21153107	0.119841784
1892371	19058	-0.21126741	0.12030962
1892371	19059	-0.2147255	0.12397036
1892371	19060	-0.2022855	0.10762617
1892371	19061	-0.21694994	0.124794096
1892371	19062	-0.22062108	0.13120392
1892371	19063	-0.2002956	0.10639605
1892371	19064	-0.19321877	0.09895441
1892371	19065	-0.21133211	0.12015632
1892371	19066	-0.2074764	0.113881916
1892371	19067	-0.21210709	0.11886433
1892371	19068	-0.2007224	0.10333684
1892371	19069	-0.2165479	0.12117955
1892371	19070	-0.2158016	0.11998275
1892371	19071	-0.21889466	0.12376729
1892371	19072	-0.20470867	0.10604319
1892371	19073	-0.2167632	0.12087116
1892371	19074	-0.21450764	0.11882225
1892371	19075	-0.21603462	0.12062517
1892371	19076	-0.20939761	0.11390355
1892371	19077	-0.20985842	0.11517164
1892371	19078	-0.19939339	0.10304347
1892371	19079	-0.2077798	0.11400184
1892371	19080	-0.19895852	0.10076365
1892371	19081	-0.21817097	0.1239253
1892371	19082	-0.19403946	0.092897445
1892371	19083	-0.20751414	0.11082736
1892371	19084	-0.197965	0.09623799
1892371	19085	-0.21595013	0.115582615
1892371	19086	-0.21267125	0.11164972
1892371	19087	-0.21308142	0.11229411
1892371	19088	-0.20165771	0.09701362
1892371	19089	-0.2184766	0.11684838
1892371	19090	-0.21574631	0.11393663
1892371	19091	-0.21304134	0.11090681
1892371	19092	-0.20420402	0.09962651
1892371	19093	-0.21642306	0.11383
1892371	19094	-0.21545574	0.11257717
1892371	19095	-0.2176741	0.11500952
1892371	19096	-0.20748952	0.101683825
1892371	19097	-0.22192392	0.118926674
1892371	19098	-0.21497965	0.11060837
1892371	19099	-0.21802571	0.11494103
1892371	19100	-0.20481345	0.097611636
1892371	19101	-0.33092156	0.2395198
1892371	19102	-0.20825222	0.113553256
1892371	19103	0.14938569	-0.3989265
1892371	19104	0.061229706	-0.13841033
1892371	19105	0.07333362	-0.16455695
1892371	19106	0.034356594	-0.19029385
1892371	19107	0.06969166	-0.23696668
1892371	19108	0.23246866	-0.2838629
1892371	19109	0.256086	-0.24867986
1892371	19110	0.23057663	-0.19895798
1892371	19111	0.13033807	-0.123324394
1892371	19112	0.07089329	-0.09549755
1892371	19113	0.18549061	-0.22429729
1892371	19114	0.21300238	-0.21560581
1892371	19115	0.20395255	-0.18336567
1892371	19116	0.21720034	-0.19760025
1892371	19117	0.17995614	-0.16620168
1892371	19118	0.15754569	-0.14659685
1892371	19119	0.17162317	-0.16599423
1892371	19120	0.18088323	-0.1716235
1892371	19121	0.16440833	-0.15507865
1892371	19122	0.15385246	-0.14706704
1892371	19123	0.15017313	-0.14886191
1892371	19124	0.15123254	-0.15141949
1892371	19125	0.13446796	-0.13756457
1892371	19126	0.12425637	-0.131078
1892371	19127	0.122057796	-0.13402212
1892371	19128	0.11961681	-0.13327524
1892371	19129	0.11727995	-0.134107
1892371	19130	0.107856154	-0.12629855
1892371	19131	0.10263687	-0.12591967
1892371	19132	0.10343754	-0.13012916
1892371	19133	0.08845532	-0.117331296
1892371	19134	0.082075536	-0.11457449
1892371	19135	0.080409706	-0.11616844
1892371	19136	0.085409105	-0.12316367
1892371	19137	0.07178265	-0.10904476
1892371	19138	0.0751763	-0.115940124
1892371	19139	0.07238358	-0.1139732
1892371	19140	0.07548541	-0.11878371
1892371	19141	0.06555408	-0.10916063
1892371	19142	0.06133014	-0.10694662
1892371	19143	0.058361232	-0.10592115
1892371	19144	0.06774688	-0.11753702
1892371	19145	0.05419743	-0.102526784
1892371	19146	0.05351776	-0.104133934
1892371	19147	0.05183661	-0.10339281
1892371	19148	0.05821532	-0.11070377
1892371	19149	0.05156803	-0.10322672
1892371	19150	0.048412085	-0.10054827
1892371	19151	0.047918856	-0.101398975
1892371	19152	0.058011413	-0.11282447
1892371	19153	0.046414614	-0.09932816
1892371	19154	0.044266462	-0.09831759
1892371	19155	0.04424709	-0.09931475
1892371	19156	0.05440396	-0.11067882
1892371	19157	0.042323172	-0.09647289
1892371	19158	0.041716874	-0.096962154
1892371	19159	0.041532576	-0.09728986
1892371	19160	0.05229497	-0.10920176
1892371	19161	0.041709304	-0.096134126
1892371	19162	0.04107505	-0.09625563
1892371	19163	0.042138636	-0.09797615
1892371	19164	0.050670385	-0.10754287
1892371	19165	0.03647989	-0.09100413
1892371	19166	0.039691806	-0.09602904
1892371	19167	0.03929645	-0.09538701
1892371	19168	0.047221363	-0.103453755
1892371	19169	0.04215604	-0.097075164
1892371	19170	0.03933859	-0.09393367
1892371	19171	0.038701713	-0.09425214
1892371	19172	0.04594308	-0.10236049
1892371	19173	0.030107975	-0.0837954
1892371	19174	0.046010196	-0.102021515
1892371	19175	0.039704084	-0.09362596
1892371	19176	0.048975945	-0.10411483
1892371	19177	0.031792283	-0.08426365
1892371	19178	0.04280281	-0.09751099
1892371	19179	0.038586617	-0.092270195
1892371	19180	0.046143115	-0.10049909
1892371	19181	0.03386098	-0.086993486
1892371	19182	0.029875875	-0.082930446
1892371	19183	0.0281142	-0.08227837
1892371	19184	0.041179597	-0.09580088
1892371	19185	0.030434132	-0.08244628
1892371	19186	0.029667795	-0.081385344
1892371	19187	0.02658689	-0.079226434
1892371	19188	0.04128599	-0.094242364
1892371	19189	0.029052913	-0.07961017
1892371	19190	0.030840874	-0.081199765
1892371	19191	0.025965452	-0.07728866
1892371	19192	0.044422984	-0.09669784
1892371	19193	0.025636792	-0.0756135
1892371	19194	0.02880001	-0.07934606
1892371	19195	0.022108197	-0.073430985
1892371	19196	0.03523636	-0.08712605
1892371	19197	0.022277772	-0.0728766
1892371	19198	1.3801427	-1.6091971
1892371	19199	1.963427	-1.5168108
1892371	19200	1.7936324	-1.4034091
1892371	19201	1.8049494	-1.4103388
1892371	19202	2.027266	-1.6264505
1892371	19203	2.0823894	-1.6369594
1892371	19204	1.9696144	-1.6172816
1892371	19205	1.8691541	-1.5517219
1892371	19206	1.6275243	-1.3473331
1892371	19207	1.4042919	-1.2268813
1892371	19208	1.410163	-1.2372181
1892371	19209	0.14001787	-0.13991252
1892371	19210	-0.42511547	0.3885655
1892371	19211	-0.6387811	0.6083728
1892371	19212	-0.6778927	0.647287
1892371	19213	-0.71803117	0.69598854
1892371	19214	-0.68908083	0.6654768
1892371	19215	-0.7542029	0.6588776
1892371	19216	-0.6569742	0.59996724
1892371	19217	-0.79429626	0.66642654
1892371	19218	-0.61571157	0.5430379
1892371	19219	-0.70391744	0.6631503
1892371	19220	-0.87113357	0.8333478
1892371	19221	-0.7047552	0.66039526
1892371	19222	-0.6309995	0.6557524
1892371	19223	-0.7734345	0.87147236
1892371	19224	-0.7092235	0.8038231
1892371	19225	-0.7662293	0.8609518
1892371	19226	-0.6503088	0.7458503
1892371	19227	-0.69748986	0.83097816
1892371	19228	-0.66051984	0.6737038
1892371	19229	-0.746855	0.8014841
1892371	19230	-0.87205833	0.93748665
1892371	19231	-0.9015814	0.94215107
1892371	19232	-0.9566641	1.1062917
1892371	19233	-1.0024071	1.1676686
1892371	19234	-0.8958657	1.0908952
1892371	19235	-0.9819422	1.2295176
1892371	19236	-0.9570748	1.1629443
1892371	19237	-1.174812	1.5723977
1892371	19238	-1.0523256	1.2448378
1892371	19239	-1.029537	1.2605238
1892371	19240	-0.9737791	1.2607659
1892371	19241	-0.8247398	1.0381273
1892371	19242	-1.0838951	1.4200261
1892371	19243	-1.0579875	1.2910478
1892371	19244	-0.866154	0.8989676
1892371	19245	-0.8005116	0.9076699
1892371	19246	-1.0768747	1.3988707
1892371	19247	-0.89398074	1.140285
1892371	19248	-0.9675362	1.2416469
1892371	19249	-1.1623354	1.7034729
1892371	19250	-0.71200573	0.7711878
1892371	19251	-0.976831	1.2480164
1892371	19252	-0.8940677	0.89206815
1892371	19253	-0.8125685	0.96623075
1892371	19254	-0.9283614	1.2056868
1892371	19255	-0.76412976	0.81344736
1892371	19256	-0.73740065	0.7828418
1892371	19257	-0.1386289	-0.13020551
1892371	19258	-0.09150967	0.019960135
1892371	19259	-0.029252112	-0.031972945
1892371	19260	-0.16482738	0.13800338
1892371	19261	0.050107002	-0.15196875
1892371	19262	0.220227	-0.23078644
1892371	19263	0.3477705	-0.3407637
1892371	19264	0.842536	-0.8582895
1892371	19265	0.9359671	-0.7503933
1892371	19266	0.9436679	-0.7169043
1892371	19267	0.9083506	-0.6920378
1892371	19268	0.7235638	-0.6480495
1892371	19269	1.371509	-1.1932598
1892371	19270	1.233801	-0.90746707
1892371	19271	1.004147	-0.90390754
1892371	19272	1.3590932	-1.1078545
1892371	19273	1.2923013	-1.0362427
1892371	19274	1.2574687	-1.0452574
1892371	19275	0.46292818	-0.35547513
1892371	19276	0.29406542	-0.33734092
1892371	19277	0.23772943	-0.35077995
1892371	19278	0.26410663	-0.34151226
1892371	19279	0.2144506	-0.31074613
1892371	19280	0.21945167	-0.29872066
1892371	19281	0.30830324	-0.38118327
1892371	19282	0.1977008	-0.27641073
1892371	19283	-0.13526258	0.0551022
1892371	19284	-0.20288351	0.076265246
1892371	19285	-0.29522446	0.19469854
1892371	19286	-0.12476429	-0.020057261
1892371	19287	0.032871604	-0.16131288
1892371	19288	-0.03166887	-0.054057032
1892371	19289	0.30957907	-0.43204057
1892371	19290	0.35536802	-0.3822859
1892371	19291	0.36707008	-0.36554024
1892371	19292	0.34516567	-0.37728006
1892371	19293	1.1442884	-1.1737796
1892371	19294	1.354099	-1.0664351
1892371	19295	1.2670107	-0.96075964
1892371	19296	1.2386672	-0.94960904
1892371	19297	1.2482488	-0.9717977
1892371	19298	1.1358739	-0.8922349
1892371	19299	0.8712189	-0.77091527
1892371	19300	0.85406566	-0.8139471
1892371	19301	1.0556446	-0.94639015
1892371	19302	1.1591907	-0.98263204
1892371	19303	1.1380807	-0.90833855
1892371	19304	1.3145379	-1.1349468
1892371	19305	0.95939004	-0.7766217
1892371	19306	1.0311761	-0.9052706
1892371	19307	0.99238276	-0.9610033
1892371	19308	1.044132	-0.89816666
1892371	19309	0.92110693	-0.87673897
1892371	19310	0.26176882	-0.20273241
1892371	19311	0.16455859	-0.20119679
1892371	19312	0.09012449	-0.22261934
1892371	19313	0.14535785	-0.25990498
1892371	19314	0.13803327	-0.2625119
1892371	19315	0.1463986	-0.26486075
1892371	19316	0.15190393	-0.25207597
1892371	19317	0.05727619	-0.18260846
1892371	19318	-0.23232996	0.12220952
1892371	19319	-0.37391925	0.2582501
1892371	19320	-0.22615013	0.060014576
1892371	19321	-0.20406589	0.06361905
1892371	19322	-0.09072274	-0.07597113
1892371	19323	0.20763147	-0.39088416
1892371	19324	0.26349026	-0.34598076
1892371	19325	0.2565605	-0.3148202
1892371	19326	1.0032964	-1.1449606
1892371	19327	1.2062519	-1.0203409
1892371	19328	1.0838155	-0.8862726
1892371	19329	1.1420493	-0.8985524
1892371	19330	0.93260944	-0.7769495
1892371	19331	1.0413013	-0.8929422
1892371	19332	1.0295846	-0.93768406
1892371	19333	1.5245181	-1.3328227
1892371	19334	1.2809911	-1.0309755
1892371	19335	1.3032186	-1.141713
1892371	19336	1.3479537	-1.0620912
1892371	19337	1.1458477	-1.0211202
1892371	19338	1.1489973	-1.0570993
1892371	19339	1.1711034	-1.133113
1892371	19340	1.1310422	-1.144015
1892371	19341	0.8917742	-1.0668323
1892371	19342	1.0386355	-1.1128949
1892371	19343	0.16487497	-0.28261024
1892371	19344	0.38808876	-0.5296671
1892371	19345	0.029243648	-0.16610292
1892371	19346	0.0022180676	-0.16560954
1892371	19347	-0.10456267	-0.05130118
1892371	19348	-0.16799739	-0.01707682
1892371	19349	-0.5068252	0.39634833
1892371	19350	-0.7410569	0.6972201
1892371	19351	-0.74973667	0.6925509
1892371	19352	-0.6521935	0.61182845
1892371	19353	-0.5715739	0.5137757
1892371	19354	-0.7537015	0.6674329
1892371	19355	-0.6905173	0.5837983
1892371	19356	-0.7170259	0.65036416
1892371	19357	-0.7069623	0.6230539
1892371	19358	-0.75713277	0.69002414
1892371	19359	-0.654437	0.56098557
1892371	19360	-0.69022596	0.61400473
1892371	19361	-0.94362575	0.93909967
1892371	19362	-0.69610983	0.59005916
1892371	19363	-0.8368181	0.8539839
1892371	19364	-0.86343277	0.9940096
1892371	19365	-0.7410854	0.76752305
1892371	19366	-0.7605219	0.81858575
1892371	19367	-0.9397393	1.0968227
1892371	19368	-0.72524786	0.75643647
1892371	19369	-1.0316043	1.2261541
1892371	19370	-0.8916702	0.9807761
1892371	19371	-0.8109948	0.90658057
1892371	19372	-1.1123765	1.3559325
1892371	19373	-0.9278277	0.99903333
1892371	19374	-0.93101674	1.0329049
1892371	19375	-1.0522473	1.1809319
1892371	19376	-1.0614417	1.1945463
1892371	19377	-0.7183001	0.6812364
1892371	19378	-0.34213424	0.19054058
1892371	19379	-0.42215663	0.34460476
1892371	19380	-0.20434046	0.083183736
1892371	19381	-0.18328556	0.061391324
1892371	19382	-0.10428825	-0.0055780113
1892371	19383	0.19392985	-0.33650845
1892371	19384	0.26263136	-0.3297299
1892371	19385	0.22936451	-0.26867396
1892371	19386	0.060476303	-0.07252577
1892371	19387	0.109125674	-0.19374394
1892371	19388	-0.10414946	0.07480416
1892371	19389	-0.30883852	0.2269673
1892371	19390	-0.38292134	0.2979783
1892371	19391	-0.3317927	0.2348862
1892371	19392	-0.47993672	0.4295735
1892371	19393	-0.5072255	0.43427095
1892371	19394	-0.58693606	0.5350964
1892371	19395	-0.49362737	0.38591215
1892371	19396	-0.46912962	0.3895029
1892371	19397	-0.41039428	0.32527724
1892371	19398	0.8874843	-1.2231878
1892371	19399	1.2740927	-1.087806
1892371	19400	1.36486	-1.104423
1892371	19401	1.4817677	-1.1398513
1892371	19402	1.3754478	-1.0938772
1892371	19403	1.2466248	-1.0406144
1892371	19404	0.3150112	-0.26370102
1892371	19405	0.7130809	-0.7614422
1892371	19406	-0.17707404	0.20266148
1892371	19407	-0.36151025	0.3500407
1892371	19408	-0.33984667	0.25782868
1892371	19409	-0.31849128	0.2355189
1892371	19410	-0.27192265	0.17822495
1892371	19411	-0.42107594	0.35508898
1892371	19412	-0.43459976	0.35063908
1892371	19413	-0.41507047	0.3233885
1892371	19414	-0.40607733	0.30180594
1892371	19415	-0.30703413	0.20363113
1892371	19416	-0.2262918	0.11615327
1892371	19417	-0.23227641	0.13016173
1892371	19418	-0.35983044	0.32820818
1892371	19419	-0.30721545	0.16101381
1892371	19420	-0.21800724	0.08275643
1892371	19421	-0.29425052	0.19596091
1892371	19422	-0.32057244	0.23223868
1892371	19423	-0.25439596	0.14797202
1892371	19424	-0.33198303	0.22216842
1892371	19425	-0.5072443	0.39738724
1892371	19426	-0.19670954	0.040403366
1892371	19427	-0.09529379	-0.04957989
1892371	19428	-0.0707303	0.010341823
1892371	19429	-0.08535147	0.035259843
1892371	19430	-0.11154324	0.072007865
1892371	19431	-0.10871205	0.069108754
1892371	19432	-0.11646968	0.089416295
1892371	19433	-0.11520219	0.091361195
1892371	19434	-0.12878388	0.115596324
1892371	19435	-0.12620723	0.114040464
1892371	19436	-0.13008526	0.1238623
1892371	19437	-0.13886103	0.13513508
1892371	19438	-0.14621654	0.14688662
1892371	19439	-0.14318359	0.14388344
1892371	19440	-0.14983013	0.15542135
1892371	19441	-0.14681154	0.15056446
1892371	19442	-0.15695652	0.16527638
1892371	19443	-0.15777218	0.16459921
1892371	19444	-0.15938309	0.16654739
1892371	19445	-0.16579062	0.1739597
1892371	19446	-0.17109516	0.18004414
1892371	19447	-0.17091769	0.17950705
1892371	19448	-0.17189616	0.18057624
1892371	19449	-0.17713392	0.18660805
1892371	19450	-0.18380314	0.19478038
1892371	19451	-0.18079823	0.19055703
1892371	19452	-0.17861497	0.1880776
1892371	19453	-0.18666613	0.19807628
1892371	19454	-0.19232523	0.20484355
1892371	19455	-0.18535075	0.19611552
1892371	19456	-0.18619862	0.19828537
1892371	19457	-0.19134197	0.20431206
1892371	19458	-0.19558612	0.2096087
1892371	19459	-0.1912415	0.204456
1892371	19460	-0.19079939	0.20513323
1892371	19461	-0.18776843	0.20129529
1892371	19462	-0.19070604	0.20640996
1892371	19463	-0.18924439	0.20501432
1892371	19464	-0.18713641	0.20189074
1892371	19465	-0.19348526	0.2103078
1892371	19466	-0.19506219	0.21240816
1892371	19467	-0.19301677	0.2109274
1892371	19468	-0.1897096	0.20677206
1892371	19469	-0.19450286	0.21400937
1892371	19470	-0.19161016	0.21074179
1892371	19471	-0.19098833	0.21208504
1892371	19472	-0.18622333	0.20588568
1892371	19473	-0.1908747	0.21276173
1892371	19474	-0.19067666	0.21278557
1892371	19475	-0.19145149	0.21527246
1892371	19476	-0.18649554	0.20883366
1892371	19477	-0.19217038	0.21747205
1892371	19478	-0.18985042	0.21560869
1892371	19479	-0.18698889	0.21406671
1892371	19480	-0.18179461	0.20816997
1892371	19481	-0.18980566	0.21967003
1892371	19482	-0.18543443	0.21418664
1892371	19483	-0.18701985	0.21845326
1892371	19484	-0.17944187	0.20922068
1892371	19485	-0.18570799	0.21869442
1892371	19486	-0.18927449	0.22449335
1892371	19487	-0.17968038	0.21341643
1892371	19488	-0.17472944	0.20961103
1892371	19489	-0.1839701	0.22208479
1892371	19490	-0.18619901	0.22466889
1892371	19491	-0.18643147	0.22511843
1892371	19492	-0.17477584	0.21186301
1892371	19493	-0.18522188	0.22674033
1892371	19494	-0.17841247	0.21880934
1892371	19495	-0.18284059	0.2260172
1892371	19496	-0.17326793	0.21460536
1892371	19497	-0.1816543	0.2257109
1892371	19498	-0.17695558	0.22023705
1892371	19499	-0.18621632	0.23253182
1892371	19500	-0.17139444	0.2139357
1892371	19501	-0.18103185	0.22744486
1892371	19502	-0.17506617	0.22095284
1892371	19503	-0.1806066	0.22904912
1892371	19504	-0.16480953	0.20976129
1892371	19505	-0.17607331	0.2246103
1892371	19506	-0.17535871	0.22399959
1892371	19507	-0.18080246	0.2305229
1892371	19508	-0.16400993	0.21051595
1892371	19509	-0.17896765	0.23037758
1892371	19510	-0.1750615	0.22569516
1892371	19511	-0.1759283	0.22766712
1892371	19512	-0.16480407	0.2151669
1892371	19513	-0.1762929	0.2298607
1892371	19514	-0.17005715	0.22232291
1892371	19515	-0.1741462	0.2283158
1892371	19516	-0.16004229	0.21153113
1892371	19517	-0.1727463	0.22800222
1892371	19518	-0.17173284	0.22667697
1892371	19519	-0.17387351	0.22939965
1892371	19520	-0.15946063	0.21244583
1892371	19521	-0.17202571	0.22882423
1892371	19522	-0.16569963	0.22082219
1892371	19523	-0.17680007	0.23379949
1892371	19524	-0.15246698	0.20419428
1892371	19525	-0.1666061	0.22373483
1892371	19526	-0.164217	0.22063884
1892371	19527	-0.17165282	0.22857574
1892371	19528	-0.1490319	0.20153996
1892371	19529	-0.16350919	0.22127661
1892371	19530	-0.16385117	0.2215831
1892371	19531	-0.17018425	0.2271528
1892371	19532	-0.13493443	0.18556413
1892371	19533	-0.1523939	0.2109591
1892371	19534	-0.15931219	0.21805772
1892371	19535	-0.16955596	0.22740975
1892371	19536	-0.14788601	0.20042166
1892371	19537	-0.16095358	0.21875915
1892371	19538	-0.15828088	0.21579614
1892371	19539	-0.16656196	0.22516689
1892371	19540	-0.1427834	0.19654301
1892371	19541	-0.15770993	0.21698657
1892371	19542	-0.15905365	0.2181113
1892371	19543	-0.16201136	0.22105017
1892371	19544	-0.14466688	0.19980153
1892371	19545	-0.16421995	0.2252182
1892371	19546	-0.15556008	0.21357962
1892371	19547	-0.16847941	0.22977635
1892371	19548	-0.13835162	0.19246235
1892371	19549	-0.16067412	0.22288075
1892371	19550	-0.15125057	0.20982352
1892371	19551	-0.16101328	0.22225234
1892371	19552	-0.14505312	0.20231524
1892371	19553	-0.1583874	0.22016218
1892371	19554	-0.15001205	0.20931235
1892371	19555	-0.16365528	0.22633389
1892371	19556	-0.138275	0.19411203
1892371	19557	-0.15802717	0.22063753
1892371	19558	-0.15040037	0.2102252
1892371	19559	-0.15830934	0.22026345
1892371	19560	-0.14970806	0.210139
1892371	19561	-0.15299144	0.21505979
1892371	19562	-0.14714319	0.20848516
1892371	19563	-0.15406632	0.21751377
1892371	19564	-0.13789204	0.19646594
1892371	19565	-0.15744224	0.22109321
1892371	19566	-0.15026769	0.21120766
1892371	19567	-0.15644288	0.2193087
1892371	19568	-0.14108267	0.20022127
1892371	19569	-0.15762296	0.22183731
1892371	19570	-0.14931989	0.21076486
1892371	19571	-0.15160534	0.21451256
1892371	19572	-0.13986516	0.20008972
1892371	19573	-0.15694168	0.22107491
1892371	19574	-0.14964414	0.21126786
1892371	19575	-0.1572144	0.22125748
1892371	19576	-0.14229292	0.20225063
1892371	19577	-0.15511146	0.21897373
1892371	19578	-0.14891136	0.21074525
1892371	19579	-0.1585722	0.2230083
1892371	19580	-0.13860697	0.19765809
1892371	19581	-0.1546852	0.21896663
1892371	19582	-0.15006721	0.2125434
1892371	19583	-0.1605556	0.22521588
1892371	19584	-0.13608798	0.19441965
1892371	19585	-0.15410942	0.21858838
1892371	19586	-0.15423077	0.21827027
1892371	19587	-0.1596702	0.22381261
1892371	19588	-0.1411488	0.20110515
1892371	19589	-0.15772739	0.2237778
1892371	19590	-0.14162177	0.20264474
1892371	19591	-0.1527496	0.21805826
1892371	19592	-0.13536087	0.19533023
1892371	19593	-0.15264252	0.21719304
1892371	19594	-0.14790198	0.21031716
1892371	19595	-0.15854383	0.22346392
1892371	19596	-0.13844416	0.19758269
1892371	19597	-0.1641809	0.23072991
1892371	19598	-0.1366337	0.1953648
1892371	19599	-0.15013981	0.21495089
1892371	19600	-0.13584909	0.19623563
1892371	19601	-0.14820695	0.21162322
1892371	19602	-0.14294395	0.20419165
1892371	19603	-0.15594313	0.22021511
1892371	19604	-0.15010709	0.2130312
1892371	19605	-0.13993093	0.2002264
1892371	19606	-0.14282629	0.20637724
1892371	19607	-0.1471687	0.211153
1892371	19608	-0.15516546	0.22012034
1892371	19609	-0.12818772	0.18772146
1892371	19610	-0.13079497	0.19388661
1892371	19611	-0.14840558	0.21476099
1892371	19612	-0.13002646	0.18806532
1892371	19613	-0.15095842	0.21553716
1892371	19614	-0.1343472	0.1935148
1892371	19615	-0.14886767	0.21252778
1892371	19616	-0.1308983	0.1886445
1892371	19617	-0.15055037	0.21419916
1892371	19618	-0.13854325	0.19801995
1892371	19619	-0.1533125	0.21674302
1892371	19620	-0.13040069	0.18850455
1892371	19621	-0.13956419	0.20109925
1892371	19622	-0.15103692	0.21592101
1892371	19623	-0.1339437	0.19340321
1892371	19624	-0.1446949	0.20989689
1892371	19625	-0.12724811	0.18783525
1892371	19626	-0.13400635	0.19846687
1892371	19627	-0.13905925	0.20340052
1892371	19628	-0.12238112	0.1802654
1892371	19629	-0.1398699	0.20256642
1892371	19630	-0.13858405	0.19926307
1892371	19631	-0.1448515	0.20643988
1892371	19632	-0.1346902	0.19248173
1892371	19633	-0.15307596	0.21605179
1892371	19634	-0.13532412	0.19291207
1892371	19635	-0.1458978	0.20811579
1892371	19636	-0.13265723	0.19013205
1892371	19637	-0.15698639	0.22056738
1892371	19638	-0.13997662	0.2000865
1892371	19639	-0.13213062	0.19199803
1892371	19640	-0.1377536	0.20191732
1892371	19641	-0.12847108	0.18771109
1892371	19642	-0.14108571	0.20556375
1892371	19643	-0.13227952	0.1927847
1892371	19644	-0.1263467	0.1847153
1892371	19645	-0.14151555	0.20316502
1892371	19646	-0.14043	0.20006141
1892371	19647	-0.1526596	0.21427754
1892371	19648	-0.12824848	0.18269107
1892371	19649	-0.14838606	0.20984861
1892371	19650	-0.14010435	0.19771871
1892371	19651	-0.15787858	0.21951386
1892371	19652	-0.12747699	0.17991546
1892371	19653	-0.14806572	0.20801488
1892371	19654	-0.1455526	0.20371738
1892371	19655	-0.15245637	0.21204093
1892371	19656	-0.1366696	0.19125763
1892371	19657	-0.1503466	0.20950273
1892371	19658	-0.15011796	0.20847175
1892371	19659	-0.15661216	0.21639517
1892371	19660	-0.1337009	0.18705454
1892371	19661	-0.15139568	0.21134087
1892371	19662	-0.15535957	0.21606573
1892371	19663	-0.14367282	0.20085767
1892371	19664	-0.13347387	0.18963501
1892371	19665	-0.14932114	0.21002975
1892371	19666	-0.14596227	0.20414093
1892371	19667	-0.16009513	0.22081926
1892371	19668	-0.12877107	0.18059108
1892371	19669	-0.14649224	0.20554742
1892371	19670	-0.14689276	0.20463398
1892371	19671	-0.15197924	0.2098318
1892371	19672	-0.1373527	0.19032046
1892371	19673	-0.1522137	0.2097359
1892371	19674	-0.15057081	0.2065734
1892371	19675	-0.1570614	0.21461937
1892371	19676	-0.14737597	0.20297089
1892371	19677	-0.14591438	0.20259169
1892371	19678	-0.14869702	0.20755598
1892371	19679	-0.14626834	0.20333579
1892371	19680	-0.12307185	0.17367563
1892371	19681	-0.13403296	0.13774237
1892371	19682	-0.21157447	0.16663483
1892371	19683	-0.50138736	0.5915005
1892371	19684	-0.5186157	0.56106234
1892371	19685	-0.4874402	0.5337397
1892371	19686	-0.5336748	0.5437614
1892371	19687	-0.599397	0.5845587
1892371	19688	-0.53107333	0.59455156
1892371	19689	-0.35059488	0.3415158
1892371	19690	-0.6970886	0.8046142
1892371	19691	-0.7054941	0.7589034
1892371	19692	-0.61451244	0.72088194
1892371	19693	-0.62615645	0.7316493
1892371	19694	-0.7579166	0.90709424
1892371	19695	-0.8668965	1.0088106
1892371	19696	-0.8055557	1.0343332
1892371	19697	-0.7195861	0.9348209
1892371	19698	-0.7658539	0.99012613
1892371	19699	-0.8238743	0.9648477
1892371	19700	-0.69259346	0.77211964
1892371	19701	-0.7652682	0.8521178
1892371	19702	-0.75093997	0.8040041
1892371	19703	-0.6815973	0.7118461
1892371	19704	-0.656947	0.6991391
1892371	19705	-0.61108834	0.6082567
1892371	19706	-0.59779835	0.6727257
1892371	19707	-0.7368156	0.85041666
1892371	19708	-0.65957034	0.75848734
1892371	19709	-0.6911876	0.8339021
1892371	19710	-0.57933635	0.6457188
1892371	19711	-0.2074374	0.20852509
1892371	19712	0.19058329	-0.21870601
1892371	19713	0.042325318	0.08057615
1892371	19714	-0.013750792	0.115052134
1892371	19715	0.011634827	0.08325675
1892371	19716	0.0048775673	0.11809614
1892371	19717	-0.04420173	0.17278388
1892371	19718	-0.04369679	0.1703879
1892371	19719	-0.34847116	0.56067586
1892371	19720	-0.37084132	0.5174558
1892371	19721	-0.36193407	0.51426864
1892371	19722	-0.4130783	0.57824206
1892371	19723	-0.3321225	0.4534336
1892371	19724	-0.17946845	0.27448848
1892371	19725	-0.20457822	0.29974625
1892371	19726	-0.27953902	0.40350047
1892371	19727	-0.30442372	0.42782786
1892371	19728	-0.38091257	0.44442168
1892371	19729	-0.37383917	0.46013966
1892371	19730	-0.39215308	0.4910976
1892371	19731	-0.3500905	0.4514458
1892371	19732	-0.34695524	0.45348683
1892371	19733	-0.34179184	0.44793501
1892371	19734	-0.51623106	0.6575104
1892371	19735	-0.3975983	0.49906835
1892371	19736	-0.49212596	0.63538396
1892371	19737	-0.4049901	0.48946282
1892371	19738	-0.26970977	0.3600562
1892371	19739	-0.32326588	0.43339577
1892371	19740	-0.54907626	0.7381681
1892371	19741	-0.33288726	0.41702965
1892371	19742	-0.8200447	1.1018184
1892371	19743	-0.76344085	0.95531106
1892371	19744	-0.7516297	0.93043804
1892371	19745	-0.77856016	0.852496
1892371	19746	-0.73424983	0.8326173
1892371	19747	-0.75779676	0.7485738
1892371	19748	-0.46144664	0.42699012
1892371	19749	-0.5248282	0.5266299
1892371	19750	-0.6462848	0.7207651
1892371	19751	-0.7852151	0.8660226
1892371	19752	-0.8882911	1.0280646
1892371	19753	-0.75749797	0.85199
1892371	19754	-0.78014016	0.8554033
1892371	19755	-0.74941754	0.8103472
1892371	19756	-0.7702998	0.8322886
1892371	19757	-0.8459343	0.79074526
1892371	19758	-0.8509729	0.7729455
1892371	19759	-0.78853977	0.6596073
1892371	19760	-0.57127416	0.42416206
1892371	19761	-0.7869107	0.68508387
1892371	19762	-0.7605624	0.7126533
1892371	19763	-0.541626	0.465535
1892371	19764	-0.63338846	0.55759096
1892371	19765	-0.49597257	0.43091127
1892371	19766	-0.5018296	0.5009184
1892371	19767	-0.6572252	0.70782816
1892371	19768	-0.7177392	0.79386175
1892371	19769	-0.71957546	0.7403097
1892371	19770	-0.7007219	0.6756896
1892371	19771	-0.38284895	0.2307531
1892371	19772	-0.50458556	0.49322602
1892371	19773	-0.4192658	0.3598213
1892371	19774	-0.51411974	0.49685922
1892371	19775	-0.3921402	0.34267047
1892371	19776	-0.5909287	0.6576917
1892371	19777	-0.57541597	0.6070576
1892371	19778	-0.44359297	0.43668982
1892371	19779	-0.3622157	0.3309078
1892371	19780	-0.35754636	0.34032348
1892371	19781	-0.8204937	0.9847485
1892371	19782	-0.5848932	0.78763413
1892371	19783	-0.7133749	0.9560423
1892371	19784	-0.6634956	0.793272
1892371	19785	-0.71724063	0.8095926
1892371	19786	-0.53721434	0.684193
1892371	19787	-0.6423417	0.81255376
1892371	19788	-0.7316005	0.9536029
1892371	19789	-0.9503081	1.0579028
1892371	19790	-0.97060347	1.1317166
1892371	19791	-0.8082757	0.90370834
1892371	19792	-0.9069895	0.9632292
1892371	19793	-0.8761596	0.94928515
1892371	19794	-0.81253123	0.8368281
1892371	19795	-0.7803256	0.74340856
1892371	19796	-0.95292175	0.7098005
1892371	19797	-0.7691393	0.5935104
1892371	19798	-0.6299029	0.44193062
1892371	19799	-0.5895145	0.43587145
1892371	19800	-0.77137554	0.664628
1892371	19801	-0.63561654	0.50823915
1892371	19802	-0.5873975	0.4908904
1892371	19803	-0.57559943	0.47496352
1892371	19804	-0.6392163	0.5648972
1892371	19805	-0.79813933	0.7423521
1892371	19806	-0.6514301	0.58906865
1892371	19807	-0.7739366	0.74546623
1892371	19808	-0.787905	0.81486416
1892371	19809	-0.9176593	0.90599
1892371	19810	-0.61057734	0.5598837
1892371	19811	-0.6262918	0.61000776
1892371	19812	-0.787472	0.769382
1892371	19813	-0.77554256	0.72275186
1892371	19814	-0.6815053	0.6363288
1892371	19815	-0.7004962	0.7646028
1892371	19816	-0.842479	0.84661436
1892371	19817	-0.7157685	0.7152951
1892371	19818	-0.72503906	0.8800442
1892371	19819	-0.7809435	0.91704905
1892371	19820	-0.7725252	0.835698
1892371	19821	-0.43068463	0.36955425
1892371	19822	-0.6941109	0.7834388
1892371	19823	-0.58198684	0.638852
1892371	19824	-0.6107989	0.73096097
1892371	19825	-0.40783677	0.3723835
1892371	19826	-0.45316613	0.468044
1892371	19827	-0.45457795	0.4345263
1892371	19828	-0.59009635	0.6110604
1892371	19829	-0.59095216	0.59750235
1892371	19830	-0.5837076	0.57939243
1892371	19831	-0.7904038	0.78267646
1892371	19832	-0.4333767	0.39561734
1892371	19833	-0.6796613	0.7119249
1892371	19834	-0.70948565	0.75320506
1892371	19835	-0.70012707	0.7172675
1892371	19836	-0.63636035	0.7623993
1892371	19837	-0.71821165	0.9897742
1892371	19838	-0.804808	1.0023841
1892371	19839	-0.86691153	1.0059216
1892371	19840	-0.88316643	1.0347083
1892371	19841	-0.7499253	0.8662689
1892371	19842	-0.9277574	0.91382086
1892371	19843	-0.7966287	0.5471145
1892371	19844	-0.8520713	0.7389144
1892371	19845	-0.503922	0.29786196
1892371	19846	-0.5041941	0.38173607
1892371	19847	-0.7278216	0.62279606
1892371	19848	-0.7944739	0.7296915
1892371	19849	-0.7210547	0.62083113
1892371	19850	-0.8098444	0.7311157
1892371	19851	-0.7459475	0.6072804
1892371	19852	-0.7752738	0.7132275
1892371	19853	-0.5642627	0.47869155
1892371	19854	-0.3635466	0.2175506
1892371	19855	-0.54340816	0.5519049
1892371	19856	-0.47227114	0.426164
1892371	19857	-0.44211012	0.4290929
1892371	19858	-0.4143861	0.38384923
1892371	19859	-0.49507263	0.4962661
1892371	19860	-0.519592	0.52324724
1892371	19861	-0.6746205	0.7246537
1892371	19862	-0.6426105	0.6512284
1892371	19863	-0.36588395	0.36052963
1892371	19864	-0.5038743	0.6114639
1892371	19865	-0.62296486	0.61598074
1892371	19866	-0.56807065	0.45216855
1892371	19867	-0.35568598	0.2778947
1892371	19868	-0.29436997	0.15072158
1892371	19869	-0.26600963	0.10449317
1892371	19870	-0.5290542	0.48290685
1892371	19871	-0.43941486	0.24838689
1892371	19872	-0.61679745	0.57198954
1892371	19873	-0.49401048	0.33564845
1892371	19874	-0.47143465	0.32570848
1892371	19875	-0.4795431	0.3096355
1892371	19876	-0.5203189	0.35034624
1892371	19877	-0.5927537	0.40117106
1892371	19878	-0.55140257	0.3406491
1892371	19879	-0.5379468	0.25295547
1892371	19880	-0.67224073	0.50284827
1892371	19881	-0.3855603	0.12384096
1892371	19882	-0.47562793	0.3436983
1892371	19883	-0.6200169	0.39778498
1892371	19884	-0.5841364	0.29016325
1892371	19885	-0.26160675	-0.0017209053
1892371	19886	-0.31089884	0.1116831
1892371	19887	-0.5455223	0.394227
1892371	19888	-0.448133	0.18686906
1892371	19889	-0.41161898	0.30652252
1892371	19890	-0.46927935	0.36423585
1892371	19891	-0.51125157	0.4218845
1892371	19892	-0.553464	0.39611456
1892371	19893	-0.11180395	-0.14141113
1892371	19894	0.39393526	-0.6593249
1892371	19895	0.3822772	-0.45098948
1892371	19896	0.35687208	-0.4395076
1892371	19897	0.6142813	-0.6880601
1892371	19898	0.67773247	-0.64123887
1892371	19899	0.69006073	-0.6146308
1892371	19900	1.3339661	-1.2522336
1892371	19901	1.6029779	-1.2994535
1892371	19902	1.5934838	-1.211731
1892371	19903	1.5454353	-1.184146
1892371	19904	1.3824449	-1.119541
1892371	19905	1.5763851	-1.3208444
1892371	19906	1.39602	-1.0818075
1892371	19907	1.7807695	-1.4507861
1892371	19908	1.1877149	-0.856557
1892371	19909	0.9918437	-0.7969718
1892371	19910	0.9045056	-0.8058813
1892371	19911	0.98552525	-0.85256433
1892371	19912	0.4368322	-0.43348205
1892371	19913	0.47267002	-0.5067041
1892371	19914	0.2583843	-0.3112508
1892371	19915	0.21567756	-0.28970098
1892371	19916	0.25861764	-0.3839438
1892371	19917	0.356431	-0.4455476
1892371	19918	0.16822416	-0.2997844
1892371	19919	-0.17759016	0.15783533
1892371	19920	-0.1731458	0.06907418
1892371	19921	-0.15753013	0.075209945
1892371	19922	-0.10612503	0.02485171
1892371	19923	-0.49410912	0.51496863
1892371	19924	-0.41832888	0.38051042
1892371	19925	-0.3932006	0.35696873
1892371	19926	-0.36639392	0.33204153
1892371	19927	-0.37323174	0.321687
1892371	19928	-0.35824448	0.3175471
1892371	19929	-0.5919957	0.4809489
1892371	19930	-0.5175004	0.42605588
1892371	19931	-0.7857437	0.75273895
1892371	19932	-0.3735391	0.25239143
1892371	19933	0.077694595	-0.26613724
1892371	19934	0.042331398	-0.1121093
1892371	19935	-5.4895878e-05	-0.03903371
1892371	19936	-0.1882132	0.10192445
1892371	19937	-0.097924024	0.01021713
1892371	19938	-0.005122781	-0.052226752
1892371	19939	-0.18801713	0.15602002
1892371	19940	-0.09220028	0.024308056
1892371	19941	0.18985659	-0.32668653
1892371	19942	0.20265347	-0.3052653
1892371	19943	0.31896776	-0.3575759
1892371	19944	0.2514171	-0.2158548
1892371	19945	0.107592344	-0.09938684
1892371	19946	0.15779871	-0.17749843
1892371	19947	0.13507414	-0.118673354
1892371	19948	0.12071025	-0.09931281
1892371	19949	0.13035268	-0.10741082
1892371	19950	-0.11320564	0.03622499
1892371	19951	0.040942907	-0.1152046
1892371	19952	-0.018120319	-0.023115128
1892371	19953	-0.009217739	-0.015524149
1892371	19954	0.011351109	-0.045715958
1892371	19955	-0.053439766	0.03556028
1892371	19956	-0.041176945	0.021439672
1892371	19957	-0.015690178	-0.0031492412
1892371	19958	-0.32281333	0.21283528
1892371	19959	0.09400004	-0.2941761
1892371	19960	0.7152914	-0.8446145
1892371	19961	0.8249247	-0.7035039
1892371	19962	0.8394097	-0.66437495
1892371	19963	0.7293788	-0.5796151
1892371	19964	0.58094037	-0.57760495
1892371	19965	0.67210054	-0.60722613
1892371	19966	0.7145668	-0.7807847
1892371	19967	0.90609956	-0.7841779
1892371	19968	1.0112633	-0.86480635
1892371	19969	0.85046375	-0.773661
1892371	19970	0.9130317	-0.86148393
1892371	19971	0.8156483	-0.8410672
1892371	19972	0.7667775	-0.7511306
1892371	19973	0.6974809	-0.7041099
1892371	19974	0.6195724	-0.678223
1892371	19975	0.70324314	-0.7908113
1892371	19976	1.1381019	-1.0331593
1892371	19977	1.4150224	-1.3384547
1892371	19978	2.045208	-1.5056031
1892371	19979	2.087057	-1.5158389
1892371	19980	1.8905703	-1.4701141
1892371	19981	3.2793465	-2.2297428
1892371	19982	3.2057538	-2.154559
1892371	19983	3.1380525	-2.2204468
1892371	19984	3.0811172	-2.2237391
1892371	19985	3.6029754	-2.437793
1892371	19986	2.7851071	-2.0509546
1892371	19987	2.9754052	-2.1562765
1892371	19988	2.8582268	-2.0392373
1892371	19989	2.893118	-2.1158175
1892371	19990	2.8100777	-2.051172
1892371	19991	2.304552	-1.7695563
1892371	19992	1.9753052	-1.5899739
1892371	19993	1.8695556	-1.524752
1892371	19994	2.1538944	-1.7385606
1892371	19995	2.3072553	-1.7800802
1892371	19996	2.8538442	-2.108678
1892371	19997	2.8111887	-2.0076087
1892371	19998	1.7892364	-1.5171634
1892371	19999	1.9793171	-1.6290948
