In file included from bmf.cpp:352:
subs1.hpp: In member function 'bool SymList::rescale(int32_t)':
subs1.hpp:760:13: warning: conversion to 'uint32_t' {aka 'unsigned int'} from 'int32_t' {aka 'int'} may change the sign of the result [-Wsign-conversion]
subs1.hpp:760:40: warning: conversion to 'int32_t' {aka 'int'} from 'uint32_t' {aka 'unsigned int'} may change the sign of the result [-Wsign-conversion]
subs1.hpp:761:16: warning: conversion from 'int32_t' {aka 'int'} to 'uint8_t' {aka 'unsigned char'} may change value [-Wconversion]
subs1.hpp:769:27: warning: conversion to 'uint32_t' {aka 'unsigned int'} from 'int32_t' {aka 'int'} may change the sign of the result [-Wsign-conversion]
subs1.hpp:778:32: warning: conversion to 'uint32_t' {aka 'unsigned int'} from 'int32_t' {aka 'int'} may change the sign of the result [-Wsign-conversion]
subs1.hpp:783:23: warning: conversion to 'uint32_t' {aka 'unsigned int'} from 'int32_t' {aka 'int'} may change the sign of the result [-Wsign-conversion]
subs1.hpp: In static member function 'static uint32_t SymListBlock::bytes(uint32_t)':
subs1.hpp:828:51: warning: conversion from 'long unsigned int' to 'uint32_t' {aka 'unsigned int'} may change value [-Wconversion]
subs1.hpp: In function 'uint32_t __predict_med(uint8_t*, int32_t, int32_t)':
subs1.hpp:1867:12: warning: conversion from 'int32_t' {aka 'int'} to 'uint8_t' {aka 'unsigned char'} may change value [-Wconversion]
subs1.hpp:1879:10: warning: conversion from 'uint32_t' {aka 'unsigned int'} to 'uint8_t' {aka 'unsigned char'} may change value [-Wconversion]
subs1.hpp:1896:18: warning: conversion to 'uint32_t' {aka 'unsigned int'} from 'int32_t' {aka 'int'} may change the sign of the result [-Wsign-conversion]
subs1.hpp: In function 'uint32_t __alt_init_tables(uint8_t*, int8_t*)':
subs1.hpp:1970:17: warning: conversion from 'int' to 'int8_t' {aka 'signed char'} changes value from '128' to '-128' [-Wconversion]
subs1.hpp:1979:44: warning: conversion from 'uint32_t' {aka 'unsigned int'} to 'uint8_t' {aka 'unsigned char'} may change value [-Wconversion]
subs1.hpp:1980:53: warning: unsigned conversion from 'int' to 'uint32_t' {aka 'unsigned int'} changes value from '-2' to '4294967294' [-Wsign-conversion]
subs1.hpp:1981:44: warning: conversion from 'uint32_t' {aka 'unsigned int'} to 'uint8_t' {aka 'unsigned char'} may change value [-Wconversion]
subs1.hpp:1982:53: warning: unsigned conversion from 'int' to 'uint32_t' {aka 'unsigned int'} changes value from '-2' to '4294967294' [-Wsign-conversion]
subs1.hpp:2029:24: warning: conversion from 'int' to 'uint8_t' {aka 'unsigned char'} may change value [-Wconversion]
subs1.hpp:2036:26: warning: conversion from 'int' to 'uint8_t' {aka 'unsigned char'} may change value [-Wconversion]
subs1.hpp:2058:40: warning: conversion from 'int' to 'uint8_t' {aka 'unsigned char'} may change value [-Wconversion]
subs1.hpp:2066:59: warning: conversion from 'uint32_t' {aka 'unsigned int'} to 'uint8_t' {aka 'unsigned char'} may change value [-Wconversion]
subs1.hpp:2067:67: warning: conversion from 'uint32_t' {aka 'unsigned int'} to 'uint8_t' {aka 'unsigned char'} may change value [-Wconversion]
subs1.hpp: In member function 'int32_t BitCtr::encode_context_bit(BitCtr*, int32_t)':
subs1.hpp:2095:49: warning: conversion from 'int32_t' {aka 'int'} to 'uint16_t' {aka 'short unsigned int'} may change value [-Wconversion]
subs1.hpp:2096:53: warning: conversion from 'int' to 'uint16_t' {aka 'short unsigned int'} may change value [-Wconversion]
subs1.hpp:2100:56: warning: unsigned conversion from 'int' to 'uint32_t' {aka 'unsigned int'} changes value from '-3' to '4294967293' [-Wsign-conversion]
subs1.hpp:2100:60: warning: conversion to 'uint32_t' {aka 'unsigned int'} from 'int32_t' {aka 'int'} may change the sign of the result [-Wsign-conversion]
subs1.hpp:2100:58: warning: conversion from 'uint32_t' {aka 'unsigned int'} to 'uint16_t' {aka 'short unsigned int'} may change value [-Wconversion]
subs1.hpp:2111:27: warning: conversion from 'uint32_t' {aka 'unsigned int'} to 'uint16_t' {aka 'short unsigned int'} may change value [-Wconversion]
subs1.hpp:2113:27: warning: conversion from 'int32_t' {aka 'int'} to 'uint16_t' {aka 'short unsigned int'} may change value [-Wconversion]
subs1.hpp:2116:20: warning: conversion from 'int32_t' {aka 'int'} to 'uint16_t' {aka 'short unsigned int'} may change value [-Wconversion]
subs1.hpp:2117:16: warning: conversion from 'int' to 'uint16_t' {aka 'short unsigned int'} may change value [-Wconversion]
subs1.hpp:2129:23: warning: conversion from 'uint32_t' {aka 'unsigned int'} to 'uint16_t' {aka 'short unsigned int'} may change value [-Wconversion]
subs1.hpp:2131:25: warning: conversion from 'int32_t' {aka 'int'} to 'uint16_t' {aka 'short unsigned int'} may change value [-Wconversion]
subs1.hpp:2134:16: warning: conversion from 'int32_t' {aka 'int'} to 'uint16_t' {aka 'short unsigned int'} may change value [-Wconversion]
subs1.hpp:2135:20: warning: conversion from 'int32_t' {aka 'int'} to 'uint16_t' {aka 'short unsigned int'} may change value [-Wconversion]
subs1.hpp: In member function 'int32_t BitCtr::decode_context_bit(BitCtr*)':
subs1.hpp:2154:49: warning: conversion from 'int32_t' {aka 'int'} to 'uint16_t' {aka 'short unsigned int'} may change value [-Wconversion]
subs1.hpp:2155:53: warning: conversion from 'int' to 'uint16_t' {aka 'short unsigned int'} may change value [-Wconversion]
subs1.hpp:2159:56: warning: unsigned conversion from 'int' to 'uint32_t' {aka 'unsigned int'} changes value from '-3' to '4294967293' [-Wsign-conversion]
subs1.hpp:2159:60: warning: conversion to 'uint32_t' {aka 'unsigned int'} from 'int32_t' {aka 'int'} may change the sign of the result [-Wsign-conversion]
subs1.hpp:2159:58: warning: conversion from 'uint32_t' {aka 'unsigned int'} to 'uint16_t' {aka 'short unsigned int'} may change value [-Wconversion]
subs1.hpp:2170:27: warning: conversion from 'uint32_t' {aka 'unsigned int'} to 'uint16_t' {aka 'short unsigned int'} may change value [-Wconversion]
subs1.hpp:2172:27: warning: conversion from 'int32_t' {aka 'int'} to 'uint16_t' {aka 'short unsigned int'} may change value [-Wconversion]
subs1.hpp:2175:19: warning: conversion from 'int' to 'uint16_t' {aka 'short unsigned int'} may change value [-Wconversion]
subs1.hpp:2188:25: warning: conversion from 'uint32_t' {aka 'unsigned int'} to 'uint16_t' {aka 'short unsigned int'} may change value [-Wconversion]
subs1.hpp:2190:27: warning: conversion from 'int32_t' {aka 'int'} to 'uint16_t' {aka 'short unsigned int'} may change value [-Wconversion]
subs1.hpp:2193:25: warning: conversion from 'int32_t' {aka 'int'} to 'uint16_t' {aka 'short unsigned int'} may change value [-Wconversion]
subs1.hpp: In member function 'int32_t SymList::code_symbol(int32_t)':
subs1.hpp:2233:29: warning: conversion to 'uint32_t' {aka 'unsigned int'} from 'int32_t' {aka 'int'} may change the sign of the result [-Wsign-conversion]
subs1.hpp:2233:27: warning: conversion to 'int32_t' {aka 'int'} from 'uint32_t' {aka 'unsigned int'} may change the sign of the result [-Wsign-conversion]
subs1.hpp:2243:19: warning: conversion to 'uint32_t' {aka 'unsigned int'} from 'int32_t' {aka 'int'} may change the sign of the result [-Wsign-conversion]
subs1.hpp:2243:28: warning: conversion to 'uint32_t' {aka 'unsigned int'} from 'int32_t' {aka 'int'} may change the sign of the result [-Wsign-conversion]
subs1.hpp:2243:38: warning: conversion to 'uint32_t' {aka 'unsigned int'} from 'int32_t' {aka 'int'} may change the sign of the result [-Wsign-conversion]
subs1.hpp:2262:25: warning: conversion to 'uint32_t' {aka 'unsigned int'} from 'int32_t' {aka 'int'} may change the sign of the result [-Wsign-conversion]
subs1.hpp:2262:23: warning: conversion to 'int32_t' {aka 'int'} from 'uint32_t' {aka 'unsigned int'} may change the sign of the result [-Wsign-conversion]
subs1.hpp:2304:13: warning: conversion to 'uint32_t' {aka 'unsigned int'} from 'int32_t' {aka 'int'} may change the sign of the result [-Wsign-conversion]
subs1.hpp:2304:22: warning: conversion to 'uint32_t' {aka 'unsigned int'} from 'int32_t' {aka 'int'} may change the sign of the result [-Wsign-conversion]
subs1.hpp:2304:32: warning: conversion to 'uint32_t' {aka 'unsigned int'} from 'int32_t' {aka 'int'} may change the sign of the result [-Wsign-conversion]
subs1.hpp: In member function 'void SymList::add_weight(int32_t, uint32_t)':
subs1.hpp:2344:12: warning: conversion from 'uint32_t' {aka 'unsigned int'} to 'uint8_t' {aka 'unsigned char'} may change value [-Wconversion]
subs1.hpp:2384:19: warning: conversion to 'int32_t' {aka 'int'} from 'uint32_t' {aka 'unsigned int'} may change the sign of the result [-Wsign-conversion]
subs1.hpp:2408:17: warning: conversion to 'uint32_t' {aka 'unsigned int'} from 'int32_t' {aka 'int'} may change the sign of the result [-Wsign-conversion]
subs1.hpp:2410:17: warning: conversion from 'int32_t' {aka 'int'} to 'uint16_t' {aka 'short unsigned int'} may change value [-Wconversion]
subs1.hpp: In function 'void __encode_symbol_tree(uint16_t*, int32_t)':
subs1.hpp:2487:21: warning: conversion to 'int32_t' {aka 'int'} from 'uint32_t' {aka 'unsigned int'} may change the sign of the result [-Wsign-conversion]
subs1.hpp:2498:16: warning: conversion from 'int' to 'int16_t' {aka 'short int'} may change value [-Wconversion]
subs1.hpp:2504:23: warning: conversion from 'int' to 'uint16_t' {aka 'short unsigned int'} may change value [-Wconversion]
subs1.hpp:2520:17: warning: conversion from 'int32_t' {aka 'int'} to 'uint16_t' {aka 'short unsigned int'} may change value [-Wconversion]
subs1.hpp:2521:25: warning: conversion from 'int32_t' {aka 'int'} to 'uint16_t' {aka 'short unsigned int'} may change value [-Wconversion]
subs1.hpp:2525:17: warning: conversion from 'int32_t' {aka 'int'} to 'uint16_t' {aka 'short unsigned int'} may change value [-Wconversion]
subs1.hpp:2526:25: warning: conversion from 'int32_t' {aka 'int'} to 'uint16_t' {aka 'short unsigned int'} may change value [-Wconversion]
subs1.hpp:2546:30: warning: conversion to 'uint32_t' {aka 'unsigned int'} from 'int32_t' {aka 'int'} may change the sign of the result [-Wsign-conversion]
subs1.hpp:2546:34: warning: conversion to 'uint32_t' {aka 'unsigned int'} from 'int32_t' {aka 'int'} may change the sign of the result [-Wsign-conversion]
subs1.hpp:2546:29: warning: conversion to 'int32_t' {aka 'int'} from 'uint32_t' {aka 'unsigned int'} may change the sign of the result [-Wsign-conversion]
subs1.hpp:2552:29: warning: conversion from 'uint32_t' {aka 'unsigned int'} to 'uint16_t' {aka 'short unsigned int'} may change value [-Wconversion]
subs1.hpp:2555:35: warning: conversion from 'int32_t' {aka 'int'} to 'uint16_t' {aka 'short unsigned int'} may change value [-Wconversion]
subs1.hpp: In function 'void __alt_p1_encode_symbol(uint16_t*, int32_t, int32_t, int32_t)':
subs1.hpp:2619:25: warning: conversion from 'int' to 'uint16_t' {aka 'short unsigned int'} may change value [-Wconversion]
subs1.hpp:2629:11: warning: conversion from 'int32_t' {aka 'int'} to 'uint16_t' {aka 'short unsigned int'} may change value [-Wconversion]
subs1.hpp:2633:48: warning: conversion to 'uint32_t' {aka 'unsigned int'} from 'int' may change the sign of the result [-Wsign-conversion]
subs1.hpp: In function 'int32_t __decode_symbol_tree(uint16_t*)':
subs1.hpp:2686:16: warning: conversion from 'int' to 'int16_t' {aka 'short int'} may change value [-Wconversion]
subs1.hpp:2689:16: warning: conversion from 'int' to 'uint16_t' {aka 'short unsigned int'} may change value [-Wconversion]
subs1.hpp:2692:16: warning: conversion from 'int' to 'int16_t' {aka 'short int'} may change value [-Wconversion]
subs1.hpp:2695:16: warning: conversion from 'int' to 'uint16_t' {aka 'short unsigned int'} may change value [-Wconversion]
subs1.hpp:2701:21: warning: conversion from 'int' to 'uint16_t' {aka 'short unsigned int'} may change value [-Wconversion]
subs1.hpp:2705:17: warning: conversion from 'int32_t' {aka 'int'} to 'uint16_t' {aka 'short unsigned int'} may change value [-Wconversion]
subs1.hpp:2707:17: warning: conversion from 'int32_t' {aka 'int'} to 'uint16_t' {aka 'short unsigned int'} may change value [-Wconversion]
subs1.hpp:2728:26: warning: conversion to 'uint32_t' {aka 'unsigned int'} from 'int32_t' {aka 'int'} may change the sign of the result [-Wsign-conversion]
subs1.hpp:2728:30: warning: conversion to 'uint32_t' {aka 'unsigned int'} from 'int32_t' {aka 'int'} may change the sign of the result [-Wsign-conversion]
subs1.hpp:2736:35: warning: conversion from 'int32_t' {aka 'int'} to 'uint16_t' {aka 'short unsigned int'} may change value [-Wconversion]
subs1.hpp: In function 'int32_t __alt_p1_decode_symbol(uint16_t*, int32_t, int32_t)':
subs1.hpp:2787:19: warning: conversion from 'int' to 'int16_t' {aka 'short int'} may change value [-Wconversion]
subs1.hpp:2789:35: warning: conversion from 'int' to 'int16_t' {aka 'short int'} may change value [-Wconversion]
subs1.hpp:2790:14: warning: conversion to 'uint16_t' {aka 'short unsigned int'} from 'int16_t' {aka 'short int'} may change the sign of the result [-Wsign-conversion]
subs1.hpp:2791:15: warning: conversion from 'int' to 'uint16_t' {aka 'short unsigned int'} may change value [-Wconversion]
subs1.hpp:2798:19: warning: conversion from 'int' to 'int16_t' {aka 'short int'} may change value [-Wconversion]
subs1.hpp:2799:11: warning: conversion to 'uint16_t' {aka 'short unsigned int'} from 'int16_t' {aka 'short int'} may change the sign of the result [-Wsign-conversion]
subs1.hpp:2800:14: warning: conversion from 'long int' to 'int32_t' {aka 'int'} may change value [-Wconversion]
subs1.hpp:2805:58: warning: conversion to 'uint32_t' {aka 'unsigned int'} from 'int' may change the sign of the result [-Wsign-conversion]
subs1.hpp: In member function 'void P2Freq::encode_symbol(const uint32_t*, int32_t)':
subs1.hpp:2849:25: warning: conversion from 'uint32_t' {aka 'unsigned int'} to 'uint16_t' {aka 'short unsigned int'} may change value [-Wconversion]
subs1.hpp:2850:25: warning: conversion from 'uint32_t' {aka 'unsigned int'} to 'uint16_t' {aka 'short unsigned int'} may change value [-Wconversion]
subs1.hpp:2854:44: warning: conversion from 'uint32_t' {aka 'unsigned int'} to 'uint16_t' {aka 'short unsigned int'} may change value [-Wconversion]
subs1.hpp: In member function 'int32_t P2Freq::decode_symbol(const uint32_t*)':
subs1.hpp:2893:20: warning: conversion to 'uint32_t' {aka 'unsigned int'} from 'int' may change the sign of the result [-Wsign-conversion]
subs1.hpp:2894:23: warning: conversion to 'int32_t' {aka 'int'} from 'uint32_t' {aka 'unsigned int'} may change the sign of the result [-Wsign-conversion]
subs1.hpp:2900:13: warning: conversion to 'uint32_t' {aka 'unsigned int'} from 'int32_t' {aka 'int'} may change the sign of the result [-Wsign-conversion]
subs1.hpp:2923:25: warning: conversion from 'uint32_t' {aka 'unsigned int'} to 'uint16_t' {aka 'short unsigned int'} may change value [-Wconversion]
subs1.hpp:2924:25: warning: conversion from 'uint32_t' {aka 'unsigned int'} to 'uint16_t' {aka 'short unsigned int'} may change value [-Wconversion]
subs1.hpp:2928:42: warning: conversion from 'uint32_t' {aka 'unsigned int'} to 'uint16_t' {aka 'short unsigned int'} may change value [-Wconversion]
subs1.hpp:2947:14: warning: conversion from 'long int' to 'int32_t' {aka 'int'} may change value [-Wconversion]
subs1.hpp: In member function 'uint32_t P2Freq::rescale_three_way()':
subs1.hpp:2961:14: warning: conversion from 'uint32_t' {aka 'unsigned int'} to 'uint16_t' {aka 'short unsigned int'} may change value [-Wconversion]
subs1.hpp:2969:25: warning: conversion from 'uint32_t' {aka 'unsigned int'} to 'uint16_t' {aka 'short unsigned int'} may change value [-Wconversion]
subs1.hpp: In function 'int32_t __rescale_counter_pair(BitCtr*)':
subs1.hpp:2988:18: warning: conversion from 'int32_t' {aka 'int'} to 'uint16_t' {aka 'short unsigned int'} may change value [-Wconversion]
subs1.hpp: In member function 'int32_t ModelBlock::pixel_context(uint32_t*)':
subs1.hpp:3090:15: warning: conversion to 'int32_t' {aka 'int'} from 'uint32_t' {aka 'unsigned int'} may change the sign of the result [-Wsign-conversion]
subs1.hpp:3107:20: warning: conversion to 'uint32_t' {aka 'unsigned int'} from 'int32_t' {aka 'int'} may change the sign of the result [-Wsign-conversion]
subs1.hpp:3111:69: warning: conversion to 'int32_t' {aka 'int'} from 'uint32_t' {aka 'unsigned int'} may change the sign of the result [-Wsign-conversion]
subs1.hpp:3112:20: warning: conversion to 'uint32_t' {aka 'unsigned int'} from 'int32_t' {aka 'int'} may change the sign of the result [-Wsign-conversion]
subs1.hpp:3115:61: warning: conversion to 'int32_t' {aka 'int'} from 'uint32_t' {aka 'unsigned int'} may change the sign of the result [-Wsign-conversion]
subs1.hpp:3117:38: warning: conversion to 'int32_t' {aka 'int'} from 'uint32_t' {aka 'unsigned int'} may change the sign of the result [-Wsign-conversion]
subs1.hpp:3121:33: warning: conversion to 'uint32_t' {aka 'unsigned int'} from 'int32_t' {aka 'int'} may change the sign of the result [-Wsign-conversion]
subs1.hpp:3122:35: warning: conversion to 'uint32_t' {aka 'unsigned int'} from 'int32_t' {aka 'int'} may change the sign of the result [-Wsign-conversion]
subs1.hpp:3126:26: warning: conversion to 'uint32_t' {aka 'unsigned int'} from 'int32_t' {aka 'int'} may change the sign of the result [-Wsign-conversion]
subs1.hpp:3129:10: warning: conversion to 'int32_t' {aka 'int'} from 'uint32_t' {aka 'unsigned int'} may change the sign of the result [-Wsign-conversion]
subs1.hpp: In member function 'int32_t ModelBlock::init_tables()':
subs1.hpp:3198:21: warning: conversion to 'uint32_t' {aka 'unsigned int'} from 'int32_t' {aka 'int'} may change the sign of the result [-Wsign-conversion]
subs1.hpp:3224:20: warning: conversion to 'int32_t' {aka 'int'} from 'uint32_t' {aka 'unsigned int'} may change the sign of the result [-Wsign-conversion]
subs1.hpp:3229:20: warning: conversion to 'int32_t' {aka 'int'} from 'uint32_t' {aka 'unsigned int'} may change the sign of the result [-Wsign-conversion]
subs1.hpp:3247:20: warning: conversion to 'int32_t' {aka 'int'} from 'uint32_t' {aka 'unsigned int'} may change the sign of the result [-Wsign-conversion]
subs1.hpp:3261:22: warning: conversion from 'int32_t' {aka 'int'} to 'uint16_t' {aka 'short unsigned int'} may change value [-Wconversion]
subs1.hpp:3268:24: warning: conversion from 'int32_t' {aka 'int'} to 'uint16_t' {aka 'short unsigned int'} may change value [-Wconversion]
subs1.hpp:3276:26: warning: conversion from 'int32_t' {aka 'int'} to 'uint16_t' {aka 'short unsigned int'} may change value [-Wconversion]
subs1.hpp:3285:28: warning: conversion from 'int32_t' {aka 'int'} to 'uint16_t' {aka 'short unsigned int'} may change value [-Wconversion]
subs1.hpp:3295:30: warning: conversion from 'int32_t' {aka 'int'} to 'uint16_t' {aka 'short unsigned int'} may change value [-Wconversion]
subs1.hpp:3306:32: warning: conversion from 'int32_t' {aka 'int'} to 'uint16_t' {aka 'short unsigned int'} may change value [-Wconversion]
subs1.hpp:3310:32: warning: conversion from 'int32_t' {aka 'int'} to 'uint16_t' {aka 'short unsigned int'} may change value [-Wconversion]
subs1.hpp:3323:26: warning: conversion from 'int32_t' {aka 'int'} to 'uint16_t' {aka 'short unsigned int'} may change value [-Wconversion]
subs1.hpp:3352:17: warning: conversion from 'int' to 'uint8_t' {aka 'unsigned char'} may change value [-Wconversion]
subs1.hpp:3353:17: warning: conversion from 'int' to 'uint8_t' {aka 'unsigned char'} may change value [-Wconversion]
subs1.hpp:3354:17: warning: conversion from 'int' to 'uint8_t' {aka 'unsigned char'} may change value [-Wconversion]
subs1.hpp:3356:17: warning: conversion from 'int' to 'uint8_t' {aka 'unsigned char'} may change value [-Wconversion]
subs1.hpp: In member function 'int32_t AltP1Block::ctx_of(AltP1Block*, AltP1Block*)':
subs1.hpp:3481:40: warning: conversion to 'int32_t' {aka 'int'} from 'uint32_t' {aka 'unsigned int'} may change the sign of the result [-Wsign-conversion]
subs1.hpp:3485:61: warning: conversion to 'uint32_t' {aka 'unsigned int'} from 'int32_t' {aka 'int'} may change the sign of the result [-Wsign-conversion]
subs1.hpp:3485:67: warning: conversion to 'int32_t' {aka 'int'} from 'uint32_t' {aka 'unsigned int'} may change the sign of the result [-Wsign-conversion]
subs1.hpp:3489:40: warning: conversion to 'int32_t' {aka 'int'} from 'uint32_t' {aka 'unsigned int'} may change the sign of the result [-Wsign-conversion]
subs1.hpp:3497:45: warning: conversion to 'uint32_t' {aka 'unsigned int'} from 'int' may change the sign of the result [-Wsign-conversion]
subs1.hpp:3497:59: warning: conversion to 'int32_t' {aka 'int'} from 'uint32_t' {aka 'unsigned int'} may change the sign of the result [-Wsign-conversion]
subs1.hpp:3498:45: warning: conversion to 'uint32_t' {aka 'unsigned int'} from 'int' may change the sign of the result [-Wsign-conversion]
subs1.hpp:3498:59: warning: conversion to 'int32_t' {aka 'int'} from 'uint32_t' {aka 'unsigned int'} may change the sign of the result [-Wsign-conversion]
subs1.hpp:3503:40: warning: conversion to 'int32_t' {aka 'int'} from 'uint32_t' {aka 'unsigned int'} may change the sign of the result [-Wsign-conversion]
subs1.hpp:3512:43: warning: conversion to 'uint32_t' {aka 'unsigned int'} from 'int' may change the sign of the result [-Wsign-conversion]
subs1.hpp:3512:57: warning: conversion to 'int32_t' {aka 'int'} from 'uint32_t' {aka 'unsigned int'} may change the sign of the result [-Wsign-conversion]
subs1.hpp:3513:44: warning: conversion to 'uint32_t' {aka 'unsigned int'} from 'int' may change the sign of the result [-Wsign-conversion]
subs1.hpp:3513:59: warning: conversion to 'int32_t' {aka 'int'} from 'uint32_t' {aka 'unsigned int'} may change the sign of the result [-Wsign-conversion]
subs1.hpp:3516:38: warning: conversion to 'uint32_t' {aka 'unsigned int'} from 'int' may change the sign of the result [-Wsign-conversion]
subs1.hpp:3517:38: warning: conversion to 'int32_t' {aka 'int'} from 'uint32_t' {aka 'unsigned int'} may change the sign of the result [-Wsign-conversion]
subs1.hpp:3518:42: warning: conversion to 'int32_t' {aka 'int'} from 'uint32_t' {aka 'unsigned int'} may change the sign of the result [-Wsign-conversion]
subs1.hpp:3526:57: warning: conversion to 'int32_t' {aka 'int'} from 'uint32_t' {aka 'unsigned int'} may change the sign of the result [-Wsign-conversion]
subs1.hpp:3565:12: warning: conversion to 'uint32_t' {aka 'unsigned int'} from 'int32_t' {aka 'int'} may change the sign of the result [-Wsign-conversion]
subs1.hpp:3565:10: warning: conversion to 'int32_t' {aka 'int'} from 'uint32_t' {aka 'unsigned int'} may change the sign of the result [-Wsign-conversion]
subs1.hpp: In function 'int32_t __update_binary_pair(uint16_t*, int32_t)':
subs1.hpp:3585:24: warning: conversion from 'uint32_t' {aka 'unsigned int'} to 'uint16_t' {aka 'short unsigned int'} may change value [-Wconversion]
subs1.hpp:3586:25: warning: conversion to 'int32_t' {aka 'int'} from 'uint32_t' {aka 'unsigned int'} may change the sign of the result [-Wsign-conversion]
subs1.hpp:3587:14: warning: conversion from 'int32_t' {aka 'int'} to 'uint16_t' {aka 'short unsigned int'} may change value [-Wconversion]
subs1.hpp:3608:31: warning: conversion from 'uint32_t' {aka 'unsigned int'} to 'uint16_t' {aka 'short unsigned int'} may change value [-Wconversion]
subs1.hpp:3614:29: warning: conversion to 'uint32_t' {aka 'unsigned int'} from 'int32_t' {aka 'int'} may change the sign of the result [-Wsign-conversion]
subs1.hpp:3614:25: warning: conversion from 'uint32_t' {aka 'unsigned int'} to 'uint16_t' {aka 'short unsigned int'} may change value [-Wconversion]
subs1.hpp: In member function 'int32_t AltP1Block::update_model()':
subs1.hpp:3692:23: warning: conversion to 'uintptr_t' {aka 'long unsigned int'} from 'int32_t' {aka 'int'} may change the sign of the result [-Wsign-conversion]
subs1.hpp:3696:28: warning: conversion to 'unsigned int' from 'int32_t' {aka 'int'} may change the sign of the result [-Wsign-conversion]
subs1.hpp:3696:61: warning: conversion to 'unsigned int' from 'int32_t' {aka 'int'} may change the sign of the result [-Wsign-conversion]
subs1.hpp:3698:31: warning: conversion from 'int' to 'int16_t' {aka 'short int'} may change value [-Wconversion]
subs1.hpp:3699:24: warning: conversion to 'uint16_t' {aka 'short unsigned int'} from 'int16_t' {aka 'short int'} may change the sign of the result [-Wsign-conversion]
subs1.hpp:3708:25: warning: conversion to 'uintptr_t' {aka 'long unsigned int'} from 'int32_t' {aka 'int'} may change the sign of the result [-Wsign-conversion]
subs1.hpp:3715:32: warning: conversion from 'int' to 'int16_t' {aka 'short int'} may change value [-Wconversion]
subs1.hpp:3716:25: warning: conversion to 'uint16_t' {aka 'short unsigned int'} from 'int16_t' {aka 'short int'} may change the sign of the result [-Wsign-conversion]
subs1.hpp:3725:25: warning: conversion to 'uintptr_t' {aka 'long unsigned int'} from 'int32_t' {aka 'int'} may change the sign of the result [-Wsign-conversion]
subs1.hpp:3733:27: warning: conversion to 'uintptr_t' {aka 'long unsigned int'} from 'int32_t' {aka 'int'} may change the sign of the result [-Wsign-conversion]
subs1.hpp:3739:27: warning: conversion to 'uintptr_t' {aka 'long unsigned int'} from 'int32_t' {aka 'int'} may change the sign of the result [-Wsign-conversion]
subs1.hpp:3743:24: warning: conversion to 'uint32_t' {aka 'unsigned int'} from 'int32_t' {aka 'int'} may change the sign of the result [-Wsign-conversion]
subs1.hpp:3752:15: warning: conversion to 'uint32_t' {aka 'unsigned int'} from 'int' may change the sign of the result [-Wsign-conversion]
subs1.hpp:3762:27: warning: conversion to 'uintptr_t' {aka 'long unsigned int'} from 'int32_t' {aka 'int'} may change the sign of the result [-Wsign-conversion]
subs1.hpp:3767:21: warning: conversion from 'uintptr_t' {aka 'long unsigned int'} to 'int32_t' {aka 'int'} may change value [-Wconversion]
subs1.hpp:3768:29: warning: conversion to 'uint32_t' {aka 'unsigned int'} from 'int32_t' {aka 'int'} may change the sign of the result [-Wsign-conversion]
subs1.hpp:3769:51: warning: conversion to 'uint32_t' {aka 'unsigned int'} from 'int32_t' {aka 'int'} may change the sign of the result [-Wsign-conversion]
subs1.hpp:3798:64: warning: conversion to 'uint32_t' {aka 'unsigned int'} from 'int32_t' {aka 'int'} may change the sign of the result [-Wsign-conversion]
subs1.hpp:3825:14: warning: conversion to 'uint32_t' {aka 'unsigned int'} from 'int32_t' {aka 'int'} may change the sign of the result [-Wsign-conversion]
subs1.hpp:3825:19: warning: conversion to 'int32_t' {aka 'int'} from 'uint32_t' {aka 'unsigned int'} may change the sign of the result [-Wsign-conversion]
subs1.hpp:3826:29: warning: conversion to 'uint32_t' {aka 'unsigned int'} from 'int32_t' {aka 'int'} may change the sign of the result [-Wsign-conversion]
subs1.hpp:3827:51: warning: conversion to 'uint32_t' {aka 'unsigned int'} from 'int32_t' {aka 'int'} may change the sign of the result [-Wsign-conversion]
subs1.hpp:3852:59: warning: conversion to 'uint32_t' {aka 'unsigned int'} from 'int32_t' {aka 'int'} may change the sign of the result [-Wsign-conversion]
subs1.hpp:3857:49: warning: conversion to 'uint32_t' {aka 'unsigned int'} from 'int32_t' {aka 'int'} may change the sign of the result [-Wsign-conversion]
subs1.hpp:3884:14: warning: conversion to 'uint32_t' {aka 'unsigned int'} from 'int32_t' {aka 'int'} may change the sign of the result [-Wsign-conversion]
subs1.hpp:3884:19: warning: conversion to 'int32_t' {aka 'int'} from 'uint32_t' {aka 'unsigned int'} may change the sign of the result [-Wsign-conversion]
subs1.hpp:3885:29: warning: conversion to 'uint32_t' {aka 'unsigned int'} from 'int32_t' {aka 'int'} may change the sign of the result [-Wsign-conversion]
subs1.hpp:3886:51: warning: conversion to 'uint32_t' {aka 'unsigned int'} from 'int32_t' {aka 'int'} may change the sign of the result [-Wsign-conversion]
subs1.hpp:3911:59: warning: conversion to 'uint32_t' {aka 'unsigned int'} from 'int32_t' {aka 'int'} may change the sign of the result [-Wsign-conversion]
subs1.hpp:3915:29: warning: conversion to 'uint32_t' {aka 'unsigned int'} from 'int32_t' {aka 'int'} may change the sign of the result [-Wsign-conversion]
subs1.hpp:3944:14: warning: conversion to 'uint32_t' {aka 'unsigned int'} from 'int32_t' {aka 'int'} may change the sign of the result [-Wsign-conversion]
subs1.hpp:3944:19: warning: conversion to 'int32_t' {aka 'int'} from 'uint32_t' {aka 'unsigned int'} may change the sign of the result [-Wsign-conversion]
subs1.hpp:3945:29: warning: conversion to 'uint32_t' {aka 'unsigned int'} from 'int32_t' {aka 'int'} may change the sign of the result [-Wsign-conversion]
subs1.hpp:3946:51: warning: conversion to 'uint32_t' {aka 'unsigned int'} from 'int32_t' {aka 'int'} may change the sign of the result [-Wsign-conversion]
subs1.hpp:3971:59: warning: conversion to 'uint32_t' {aka 'unsigned int'} from 'int32_t' {aka 'int'} may change the sign of the result [-Wsign-conversion]
subs1.hpp:3975:29: warning: conversion to 'uint32_t' {aka 'unsigned int'} from 'int32_t' {aka 'int'} may change the sign of the result [-Wsign-conversion]
subs1.hpp:4004:14: warning: conversion to 'uint32_t' {aka 'unsigned int'} from 'int32_t' {aka 'int'} may change the sign of the result [-Wsign-conversion]
subs1.hpp:4004:19: warning: conversion to 'int32_t' {aka 'int'} from 'uint32_t' {aka 'unsigned int'} may change the sign of the result [-Wsign-conversion]
subs1.hpp:4005:29: warning: conversion to 'uint32_t' {aka 'unsigned int'} from 'int32_t' {aka 'int'} may change the sign of the result [-Wsign-conversion]
subs1.hpp:4006:51: warning: conversion to 'uint32_t' {aka 'unsigned int'} from 'int32_t' {aka 'int'} may change the sign of the result [-Wsign-conversion]
subs1.hpp:4031:59: warning: conversion to 'uint32_t' {aka 'unsigned int'} from 'int32_t' {aka 'int'} may change the sign of the result [-Wsign-conversion]
subs1.hpp:4035:29: warning: conversion to 'uint32_t' {aka 'unsigned int'} from 'int32_t' {aka 'int'} may change the sign of the result [-Wsign-conversion]
subs1.hpp:4064:14: warning: conversion to 'uint32_t' {aka 'unsigned int'} from 'int32_t' {aka 'int'} may change the sign of the result [-Wsign-conversion]
subs1.hpp:4064:19: warning: conversion to 'int32_t' {aka 'int'} from 'uint32_t' {aka 'unsigned int'} may change the sign of the result [-Wsign-conversion]
subs1.hpp:4065:29: warning: conversion to 'uint32_t' {aka 'unsigned int'} from 'int32_t' {aka 'int'} may change the sign of the result [-Wsign-conversion]
subs1.hpp:4066:51: warning: conversion to 'uint32_t' {aka 'unsigned int'} from 'int32_t' {aka 'int'} may change the sign of the result [-Wsign-conversion]
subs1.hpp:4091:59: warning: conversion to 'uint32_t' {aka 'unsigned int'} from 'int32_t' {aka 'int'} may change the sign of the result [-Wsign-conversion]
subs1.hpp:4095:29: warning: conversion to 'uint32_t' {aka 'unsigned int'} from 'int32_t' {aka 'int'} may change the sign of the result [-Wsign-conversion]
subs1.hpp:4124:14: warning: conversion to 'uint32_t' {aka 'unsigned int'} from 'int32_t' {aka 'int'} may change the sign of the result [-Wsign-conversion]
subs1.hpp:4124:19: warning: conversion to 'int32_t' {aka 'int'} from 'uint32_t' {aka 'unsigned int'} may change the sign of the result [-Wsign-conversion]
subs1.hpp:4125:29: warning: conversion to 'uint32_t' {aka 'unsigned int'} from 'int32_t' {aka 'int'} may change the sign of the result [-Wsign-conversion]
subs1.hpp:4126:51: warning: conversion to 'uint32_t' {aka 'unsigned int'} from 'int32_t' {aka 'int'} may change the sign of the result [-Wsign-conversion]
subs1.hpp:4151:59: warning: conversion to 'uint32_t' {aka 'unsigned int'} from 'int32_t' {aka 'int'} may change the sign of the result [-Wsign-conversion]
subs1.hpp:4155:29: warning: conversion to 'uint32_t' {aka 'unsigned int'} from 'int32_t' {aka 'int'} may change the sign of the result [-Wsign-conversion]
subs1.hpp:4184:14: warning: conversion to 'uint32_t' {aka 'unsigned int'} from 'int32_t' {aka 'int'} may change the sign of the result [-Wsign-conversion]
subs1.hpp:4184:19: warning: conversion to 'int32_t' {aka 'int'} from 'uint32_t' {aka 'unsigned int'} may change the sign of the result [-Wsign-conversion]
subs1.hpp:4185:29: warning: conversion to 'uint32_t' {aka 'unsigned int'} from 'int32_t' {aka 'int'} may change the sign of the result [-Wsign-conversion]
subs1.hpp:4186:51: warning: conversion to 'uint32_t' {aka 'unsigned int'} from 'int32_t' {aka 'int'} may change the sign of the result [-Wsign-conversion]
subs1.hpp:4211:59: warning: conversion to 'uint32_t' {aka 'unsigned int'} from 'int32_t' {aka 'int'} may change the sign of the result [-Wsign-conversion]
subs1.hpp:4215:29: warning: conversion to 'uint32_t' {aka 'unsigned int'} from 'int32_t' {aka 'int'} may change the sign of the result [-Wsign-conversion]
subs1.hpp:4244:15: warning: conversion to 'uint32_t' {aka 'unsigned int'} from 'int32_t' {aka 'int'} may change the sign of the result [-Wsign-conversion]
subs1.hpp:4244:20: warning: conversion to 'int32_t' {aka 'int'} from 'uint32_t' {aka 'unsigned int'} may change the sign of the result [-Wsign-conversion]
subs1.hpp:4245:31: warning: conversion to 'uint32_t' {aka 'unsigned int'} from 'int32_t' {aka 'int'} may change the sign of the result [-Wsign-conversion]
subs1.hpp:4246:52: warning: conversion to 'uint32_t' {aka 'unsigned int'} from 'int32_t' {aka 'int'} may change the sign of the result [-Wsign-conversion]
subs1.hpp:4270:59: warning: conversion to 'uint32_t' {aka 'unsigned int'} from 'int32_t' {aka 'int'} may change the sign of the result [-Wsign-conversion]
subs1.hpp:4274:47: warning: conversion to 'uint32_t' {aka 'unsigned int'} from 'int32_t' {aka 'int'} may change the sign of the result [-Wsign-conversion]
subs1.hpp:4294:28: warning: conversion from 'uintptr_t' {aka 'long unsigned int'} to 'uint16_t' {aka 'short unsigned int'} may change value [-Wconversion]
subs1.hpp:4299:10: warning: conversion from 'uintptr_t' {aka 'long unsigned int'} to 'int32_t' {aka 'int'} may change value [-Wconversion]
subs1.hpp: In member function 'AltP1Block* AltP1Block::alt_p1_alloc(int32_t, int32_t, int32_t)':
subs1.hpp:4320:29: warning: conversion from 'int32_t' {aka 'int'} to 'uint8_t' {aka 'unsigned char'} may change value [-Wconversion]
subs1.hpp:4323:33: warning: conversion from 'int32_t' {aka 'int'} to 'uint8_t' {aka 'unsigned char'} may change value [-Wconversion]
subs1.hpp:4336:33: warning: conversion from 'int' to 'uint8_t' {aka 'unsigned char'} may change value [-Wconversion]
subs1.hpp:4338:37: warning: conversion from 'int' to 'uint8_t' {aka 'unsigned char'} may change value [-Wconversion]
subs1.hpp:4372:70: warning: conversion to 'long unsigned int' from 'int32_t' {aka 'int'} may change the sign of the result [-Wsign-conversion]
subs1.hpp: In function 'uint16_t* __rc_begin_encode()':
subs1.hpp:4462:50: warning: conversion from 'int' to 'uint8_t' {aka 'unsigned char'} may change value [-Wconversion]
subs1.hpp:4467:27: warning: conversion from 'int32_t' {aka 'int'} to 'uint8_t' {aka 'unsigned char'} may change value [-Wconversion]
subs1.hpp:4468:34: warning: conversion from 'int32_t' {aka 'int'} to 'uint8_t' {aka 'unsigned char'} may change value [-Wconversion]
subs1.hpp:4495:21: warning: conversion from 'int' to 'uint16_t' {aka 'short unsigned int'} may change value [-Wconversion]
subs1.hpp: In member function 'void AltP1Block::d8_encode_body(uint8_t*, uint8_t*)':
subs1.hpp:4628:34: warning: conversion from 'int32_t' {aka 'int'} to 'uint8_t' {aka 'unsigned char'} may change value [-Wconversion]
subs1.hpp:4629:53: warning: conversion from 'int64_t' {aka 'long int'} to 'uint8_t' {aka 'unsigned char'} may change value [-Wconversion]
subs1.hpp: In function 'void bmf_set_denormal_mode()':
subs1.hpp:4696:3: warning: unsigned conversion from 'int' to 'unsigned int' changes value from '-65' to '4294967231' [-Wsign-conversion]
subs1.hpp: In member function 'AltP2Block* AltP2Block::alt_p2_alloc(int32_t, int32_t)':
subs1.hpp:4707:21: warning: conversion to 'uint32_t' {aka 'unsigned int'} from 'int32_t' {aka 'int'} may change the sign of the result [-Wsign-conversion]
subs1.hpp:4745:69: warning: conversion to 'long unsigned int' from 'int32_t' {aka 'int'} may change the sign of the result [-Wsign-conversion]
subs1.hpp:4746:48: warning: conversion to 'long unsigned int' from 'int32_t' {aka 'int'} may change the sign of the result [-Wsign-conversion]
subs1.hpp:4756:25: warning: conversion to 'uint32_t' {aka 'unsigned int'} from 'int32_t' {aka 'int'} may change the sign of the result [-Wsign-conversion]
subs1.hpp:4802:41: warning: conversion to 'size_t' {aka 'long unsigned int'} from 'int32_t' {aka 'int'} may change the sign of the result [-Wsign-conversion]
subs1.hpp:4804:25: warning: conversion to 'size_t' {aka 'long unsigned int'} from 'int32_t' {aka 'int'} may change the sign of the result [-Wsign-conversion]
subs1.hpp:4814:62: warning: conversion to 'uint32_t' {aka 'unsigned int'} from 'int' may change the sign of the result [-Wsign-conversion]
subs1.hpp:4814:56: warning: conversion to 'int32_t' {aka 'int'} from 'uint32_t' {aka 'unsigned int'} may change the sign of the result [-Wsign-conversion]
subs1.hpp:4816:66: warning: conversion to 'uint32_t' {aka 'unsigned int'} from 'int' may change the sign of the result [-Wsign-conversion]
subs1.hpp:4816:60: warning: conversion to 'int32_t' {aka 'int'} from 'uint32_t' {aka 'unsigned int'} may change the sign of the result [-Wsign-conversion]
subs1.hpp:4824:27: warning: conversion from 'int32_t' {aka 'int'} to 'uint8_t' {aka 'unsigned char'} may change value [-Wconversion]
subs1.hpp:4826:31: warning: conversion from 'int32_t' {aka 'int'} to 'uint8_t' {aka 'unsigned char'} may change value [-Wconversion]
subs1.hpp: In function 'int32_t* __alloc_image(int32_t, int32_t, int32_t, int32_t, int32_t)':
subs1.hpp:4901:11: warning: conversion from 'int32_t' {aka 'int'} to 'uint16_t' {aka 'short unsigned int'} may change value [-Wconversion]
subs1.hpp:4935:36: warning: conversion from 'int32_t' {aka 'int'} to 'uint16_t' {aka 'short unsigned int'} may change value [-Wconversion]
subs1.hpp:4949:69: warning: conversion to 'uint32_t' {aka 'unsigned int'} from 'int32_t' {aka 'int'} may change the sign of the result [-Wsign-conversion]
subs1.hpp:4953:69: warning: conversion to 'uint32_t' {aka 'unsigned int'} from 'int32_t' {aka 'int'} may change the sign of the result [-Wsign-conversion]
subs1.hpp:4957:30: warning: conversion to 'uint32_t' {aka 'unsigned int'} from 'int32_t' {aka 'int'} may change the sign of the result [-Wsign-conversion]
subs1.hpp:4981:55: warning: conversion to 'size_t' {aka 'long unsigned int'} from 'int32_t' {aka 'int'} may change the sign of the result [-Wsign-conversion]
subs1.hpp:4990:16: warning: conversion from 'int32_t' {aka 'int'} to 'uint16_t' {aka 'short unsigned int'} may change value [-Wconversion]
subs1.hpp:4991:17: warning: conversion from 'int32_t' {aka 'int'} to 'uint16_t' {aka 'short unsigned int'} may change value [-Wconversion]
subs1.hpp:4992:17: warning: conversion to 'uint32_t' {aka 'unsigned int'} from 'int32_t' {aka 'int'} may change the sign of the result [-Wsign-conversion]
subs1.hpp:4994:20: warning: conversion to 'uint32_t' {aka 'unsigned int'} from 'int32_t' {aka 'int'} may change the sign of the result [-Wsign-conversion]
subs1.hpp:5001:18: warning: conversion to 'size_t' {aka 'long unsigned int'} from 'int32_t' {aka 'int'} may change the sign of the result [-Wsign-conversion]
subs1.hpp: In function 'int32_t __write_bmp(BmfImage*, char*, int32_t)':
subs1.hpp:5122:21: warning: conversion from 'int32_t' {aka 'int'} to 'uint16_t' {aka 'short unsigned int'} may change value [-Wconversion]
subs1.hpp:5145:49: warning: conversion to 'uint32_t' {aka 'unsigned int'} from 'int' may change the sign of the result [-Wsign-conversion]
subs1.hpp:5146:60: warning: conversion to 'uint32_t' {aka 'unsigned int'} from 'int32_t' {aka 'int'} may change the sign of the result [-Wsign-conversion]
subs1.hpp:5147:61: warning: conversion to 'uint32_t' {aka 'unsigned int'} from 'int32_t' {aka 'int'} may change the sign of the result [-Wsign-conversion]
subs1.hpp:5148:62: warning: conversion to 'uint32_t' {aka 'unsigned int'} from 'int32_t' {aka 'int'} may change the sign of the result [-Wsign-conversion]
subs1.hpp:5148:49: warning: conversion to 'uint32_t' {aka 'unsigned int'} from 'int' may change the sign of the result [-Wsign-conversion]
subs1.hpp:5149:25: warning: conversion to 'uint32_t' {aka 'unsigned int'} from 'int32_t' {aka 'int'} may change the sign of the result [-Wsign-conversion]
subs1.hpp:5149:18: warning: conversion to 'int32_t' {aka 'int'} from 'uint32_t' {aka 'unsigned int'} may change the sign of the result [-Wsign-conversion]
subs1.hpp:5162:47: warning: conversion to 'uint32_t' {aka 'unsigned int'} from 'int' may change the sign of the result [-Wsign-conversion]
subs1.hpp:5176:26: warning: conversion to 'uint32_t' {aka 'unsigned int'} from 'int32_t' {aka 'int'} may change the sign of the result [-Wsign-conversion]
subs1.hpp:5189:62: warning: conversion to 'uint32_t' {aka 'unsigned int'} from 'int32_t' {aka 'int'} may change the sign of the result [-Wsign-conversion]
subs1.hpp:5215:22: warning: conversion to 'size_t' {aka 'long unsigned int'} from 'int' may change the sign of the result [-Wsign-conversion]
subs1.hpp:5249:26: warning: conversion to 'uint32_t' {aka 'unsigned int'} from 'int32_t' {aka 'int'} may change the sign of the result [-Wsign-conversion]
subs1.hpp:5251:49: warning: conversion to 'int32_t' {aka 'int'} from 'unsigned int' may change the sign of the result [-Wsign-conversion]
subs1.hpp:5299:38: warning: conversion from 'int32_t' {aka 'int'} to 'uint8_t' {aka 'unsigned char'} may change value [-Wconversion]
subs1.hpp:5300:49: warning: conversion to 'size_t' {aka 'long unsigned int'} from 'int32_t' {aka 'int'} may change the sign of the result [-Wsign-conversion]
subs1.hpp:5331:28: warning: conversion from 'int32_t' {aka 'int'} to 'uint8_t' {aka 'unsigned char'} may change value [-Wconversion]
subs1.hpp:5353:34: warning: conversion from 'int32_t' {aka 'int'} to 'uint8_t' {aka 'unsigned char'} may change value [-Wconversion]
subs1.hpp:5354:45: warning: conversion to 'size_t' {aka 'long unsigned int'} from 'int32_t' {aka 'int'} may change the sign of the result [-Wsign-conversion]
subs1.hpp:5401:30: warning: conversion from 'int32_t' {aka 'int'} to 'uint8_t' {aka 'unsigned char'} may change value [-Wconversion]
subs1.hpp:5402:41: warning: conversion to 'size_t' {aka 'long unsigned int'} from 'int32_t' {aka 'int'} may change the sign of the result [-Wsign-conversion]
subs1.hpp:5453:26: warning: conversion from 'long int' to 'int32_t' {aka 'int'} may change value [-Wconversion]
subs1.hpp:5498:26: warning: conversion from 'long int' to 'int32_t' {aka 'int'} may change value [-Wconversion]
subs1.hpp: In function 'void __init_symbol_list(SymList*, int32_t, int32_t)':
subs1.hpp:5528:13: warning: conversion to 'uint32_t' {aka 'unsigned int'} from 'int32_t' {aka 'int'} may change the sign of the result [-Wsign-conversion]
subs1.hpp:5529:31: warning: conversion to 'size_t' {aka 'long unsigned int'} from 'int' may change the sign of the result [-Wsign-conversion]
subs1.hpp:5543:33: warning: conversion from 'uint32_t' {aka 'unsigned int'} to 'uint16_t' {aka 'short unsigned int'} may change value [-Wconversion]
subs1.hpp: In function 'uint8_t* __interleave_plane(uint8_t*, uint8_t*, int32_t, int8_t)':
subs1.hpp:5589:70: warning: conversion to 'size_t' {aka 'long unsigned int'} from 'int32_t' {aka 'int'} may change the sign of the result [-Wsign-conversion]
subs1.hpp:5641:34: warning: conversion to 'uint32_t' {aka 'unsigned int'} from 'int32_t' {aka 'int'} may change the sign of the result [-Wsign-conversion]
subs1.hpp:5640:34: warning: conversion to 'uint32_t' {aka 'unsigned int'} from 'int32_t' {aka 'int'} may change the sign of the result [-Wsign-conversion]
subs1.hpp:5642:32: warning: conversion to 'uint32_t' {aka 'unsigned int'} from 'int32_t' {aka 'int'} may change the sign of the result [-Wsign-conversion]
subs1.hpp:5657:34: warning: conversion to 'uint32_t' {aka 'unsigned int'} from 'int32_t' {aka 'int'} may change the sign of the result [-Wsign-conversion]
subs1.hpp:5656:32: warning: conversion to 'uint32_t' {aka 'unsigned int'} from 'int32_t' {aka 'int'} may change the sign of the result [-Wsign-conversion]
subs1.hpp:5659:32: warning: conversion to 'uint32_t' {aka 'unsigned int'} from 'int32_t' {aka 'int'} may change the sign of the result [-Wsign-conversion]
subs1.hpp:5678:42: warning: conversion from 'int' to 'uint8_t' {aka 'unsigned char'} may change value [-Wconversion]
subs1.hpp: In function 'uint8_t* __colour_transform(uint8_t*, uint8_t*, int32_t, int8_t)':
subs1.hpp:5723:76: warning: conversion to 'size_t' {aka 'long unsigned int'} from 'int32_t' {aka 'int'} may change the sign of the result [-Wsign-conversion]
subs1.hpp:5780:31: warning: conversion from 'int' to 'uint8_t' {aka 'unsigned char'} may change value [-Wconversion]
subs1.hpp:5794:55: warning: conversion to 'uint32_t' {aka 'unsigned int'} from 'int32_t' {aka 'int'} may change the sign of the result [-Wsign-conversion]
subs1.hpp:5796:26: warning: conversion to 'uint32_t' {aka 'unsigned int'} from 'int32_t' {aka 'int'} may change the sign of the result [-Wsign-conversion]
subs1.hpp:5811:26: warning: conversion to 'uint32_t' {aka 'unsigned int'} from 'int32_t' {aka 'int'} may change the sign of the result [-Wsign-conversion]
subs1.hpp: In function 'void __rc_begin_decode(int8_t)':
subs1.hpp:5902:50: warning: conversion from 'int' to 'uint8_t' {aka 'unsigned char'} may change value [-Wconversion]
subs1.hpp:5907:27: warning: conversion from 'int32_t' {aka 'int'} to 'uint8_t' {aka 'unsigned char'} may change value [-Wconversion]
subs1.hpp:5908:34: warning: conversion from 'int32_t' {aka 'int'} to 'uint8_t' {aka 'unsigned char'} may change value [-Wconversion]
subs1.hpp:5929:21: warning: conversion from 'int' to 'uint16_t' {aka 'short unsigned int'} may change value [-Wconversion]
subs1.hpp: In function 'uint8_t* __unpredict_med(uint8_t*, int32_t, int32_t)':
subs1.hpp:6033:20: warning: conversion to 'uint32_t' {aka 'unsigned int'} from 'int32_t' {aka 'int'} may change the sign of the result [-Wsign-conversion]
subs1.hpp:6034:23: warning: conversion to 'uint32_t' {aka 'unsigned int'} from 'int32_t' {aka 'int'} may change the sign of the result [-Wsign-conversion]
subs1.hpp: In function 'void** __alt_model_p1_d8_decode(int8_t, uint8_t*, int32_t, int32_t)':
subs1.hpp:6255:21: warning: conversion from 'int32_t' {aka 'int'} to 'uint8_t' {aka 'unsigned char'} may change value [-Wconversion]
subs1.hpp:6259:33: warning: conversion from 'int32_t' {aka 'int'} to 'uint8_t' {aka 'unsigned char'} may change value [-Wconversion]
subs1.hpp:6260:52: warning: conversion from 'int64_t' {aka 'long int'} to 'uint8_t' {aka 'unsigned char'} may change value [-Wconversion]
subs1.hpp: In function 'int32_t __alt_model_p1_decode(uint16_t*, uint8_t*)':
subs1.hpp:6354:21: warning: conversion from 'int32_t' {aka 'int'} to 'int8_t' {aka 'signed char'} may change value [-Wconversion]
subs1.hpp:6457:24: warning: conversion to 'uint32_t' {aka 'unsigned int'} from 'int32_t' {aka 'int'} may change the sign of the result [-Wsign-conversion]
subs1.hpp:6464:33: warning: conversion from 'int32_t' {aka 'int'} to 'uint8_t' {aka 'unsigned char'} may change value [-Wconversion]
subs1.hpp:6465:39: warning: conversion to 'uint32_t' {aka 'unsigned int'} from 'int32_t' {aka 'int'} may change the sign of the result [-Wsign-conversion]
subs1.hpp:6465:44: warning: conversion to 'int32_t' {aka 'int'} from 'uint32_t' {aka 'unsigned int'} may change the sign of the result [-Wsign-conversion]
subs1.hpp:6465:38: warning: conversion from 'uint32_t' {aka 'unsigned int'} to 'uint8_t' {aka 'unsigned char'} may change value [-Wconversion]
subs1.hpp:6473:27: warning: conversion to 'uint32_t' {aka 'unsigned int'} from 'int32_t' {aka 'int'} may change the sign of the result [-Wsign-conversion]
subs1.hpp:6483:46: warning: conversion from 'int32_t' {aka 'int'} to 'uint8_t' {aka 'unsigned char'} may change value [-Wconversion]
subs1.hpp:6485:41: warning: conversion to 'uintptr_t' {aka 'long unsigned int'} from 'int32_t' {aka 'int'} may change the sign of the result [-Wsign-conversion]
subs1.hpp:6486:25: warning: conversion to 'uint32_t' {aka 'unsigned int'} from 'int32_t' {aka 'int'} may change the sign of the result [-Wsign-conversion]
subs1.hpp:6489:34: warning: conversion from 'int32_t' {aka 'int'} to 'uint8_t' {aka 'unsigned char'} may change value [-Wconversion]
subs1.hpp:6490:40: warning: conversion to 'uint32_t' {aka 'unsigned int'} from 'int32_t' {aka 'int'} may change the sign of the result [-Wsign-conversion]
subs1.hpp:6490:45: warning: conversion to 'int32_t' {aka 'int'} from 'uint32_t' {aka 'unsigned int'} may change the sign of the result [-Wsign-conversion]
subs1.hpp:6490:39: warning: conversion from 'uint32_t' {aka 'unsigned int'} to 'uint8_t' {aka 'unsigned char'} may change value [-Wconversion]
subs1.hpp:6510:46: warning: conversion from 'int32_t' {aka 'int'} to 'uint8_t' {aka 'unsigned char'} may change value [-Wconversion]
subs1.hpp:6515:34: warning: conversion from 'int32_t' {aka 'int'} to 'uint8_t' {aka 'unsigned char'} may change value [-Wconversion]
subs1.hpp:6516:39: warning: conversion from 'uint32_t' {aka 'unsigned int'} to 'uint8_t' {aka 'unsigned char'} may change value [-Wconversion]
subs1.hpp:6536:107: warning: conversion to 'uint32_t' {aka 'unsigned int'} from 'int32_t' {aka 'int'} may change the sign of the result [-Wsign-conversion]
subs1.hpp:6534:65: warning: conversion to 'uint32_t' {aka 'unsigned int'} from 'int32_t' {aka 'int'} may change the sign of the result [-Wsign-conversion]
subs1.hpp:6539:65: warning: conversion to 'uint32_t' {aka 'unsigned int'} from 'int32_t' {aka 'int'} may change the sign of the result [-Wsign-conversion]
subs1.hpp:6540:65: warning: conversion to 'uint32_t' {aka 'unsigned int'} from 'int32_t' {aka 'int'} may change the sign of the result [-Wsign-conversion]
subs1.hpp:6540:63: warning: conversion from 'uint32_t' {aka 'unsigned int'} to 'uint8_t' {aka 'unsigned char'} may change value [-Wconversion]
subs1.hpp:6542:48: warning: conversion from 'int32_t' {aka 'int'} to 'uint8_t' {aka 'unsigned char'} may change value [-Wconversion]
subs1.hpp:6552:36: warning: conversion from 'int32_t' {aka 'int'} to 'uint8_t' {aka 'unsigned char'} may change value [-Wconversion]
subs1.hpp:6553:41: warning: conversion from 'uint32_t' {aka 'unsigned int'} to 'uint8_t' {aka 'unsigned char'} may change value [-Wconversion]
subs1.hpp:6575:48: warning: conversion from 'int32_t' {aka 'int'} to 'uint8_t' {aka 'unsigned char'} may change value [-Wconversion]
subs1.hpp: In function 'int32_t __alt_p2_context(AltP2Block*, AltP2Block*, AltP2Block*)':
subs1.hpp:6920:37: warning: conversion from 'int32_t' {aka 'int'} to 'int16_t' {aka 'short int'} may change value [-Wconversion]
subs1.hpp:6966:18: warning: conversion to 'int32_t' {aka 'int'} from 'uint32_t' {aka 'unsigned int'} may change the sign of the result [-Wsign-conversion]
subs1.hpp:7097:8: warning: conversion to 'uint32_t' {aka 'unsigned int'} from 'int' may change the sign of the result [-Wsign-conversion]
subs1.hpp:7101:22: warning: conversion to 'int32_t' {aka 'int'} from 'uint32_t' {aka 'unsigned int'} may change the sign of the result [-Wsign-conversion]
subs1.hpp:7112:10: warning: conversion to 'int32_t' {aka 'int'} from 'uint32_t' {aka 'unsigned int'} may change the sign of the result [-Wsign-conversion]
subs1.hpp:7125:10: warning: conversion to 'int32_t' {aka 'int'} from 'uint32_t' {aka 'unsigned int'} may change the sign of the result [-Wsign-conversion]
subs1.hpp:7150:460: warning: conversion to 'uint32_t' {aka 'unsigned int'} from 'int' may change the sign of the result [-Wsign-conversion]
subs1.hpp:7150:10: warning: conversion to 'int32_t' {aka 'int'} from 'uint32_t' {aka 'unsigned int'} may change the sign of the result [-Wsign-conversion]
subs1.hpp:7166:10: warning: conversion to 'uint32_t' {aka 'unsigned int'} from 'int' may change the sign of the result [-Wsign-conversion]
subs1.hpp:7168:10: warning: conversion to 'int32_t' {aka 'int'} from 'uint32_t' {aka 'unsigned int'} may change the sign of the result [-Wsign-conversion]
subs1.hpp:7196:205: warning: conversion to 'uint32_t' {aka 'unsigned int'} from 'int' may change the sign of the result [-Wsign-conversion]
subs1.hpp:7196:10: warning: conversion to 'int32_t' {aka 'int'} from 'uint32_t' {aka 'unsigned int'} may change the sign of the result [-Wsign-conversion]
subs1.hpp:7212:10: warning: conversion to 'uint32_t' {aka 'unsigned int'} from 'int' may change the sign of the result [-Wsign-conversion]
subs1.hpp:7213:10: warning: conversion to 'int32_t' {aka 'int'} from 'uint32_t' {aka 'unsigned int'} may change the sign of the result [-Wsign-conversion]
subs1.hpp:7223:10: warning: conversion to 'uint32_t' {aka 'unsigned int'} from 'int' may change the sign of the result [-Wsign-conversion]
subs1.hpp:7226:24: warning: conversion to 'uint32_t' {aka 'unsigned int'} from 'int' may change the sign of the result [-Wsign-conversion]
subs1.hpp:7228:17: warning: conversion to 'uint32_t' {aka 'unsigned int'} from 'int32_t' {aka 'int'} may change the sign of the result [-Wsign-conversion]
subs1.hpp:7239:64: warning: conversion to 'uint32_t' {aka 'unsigned int'} from 'int' may change the sign of the result [-Wsign-conversion]
subs1.hpp:7253:22: warning: conversion to 'uint32_t' {aka 'unsigned int'} from 'int32_t' {aka 'int'} may change the sign of the result [-Wsign-conversion]
subs1.hpp:7264:65: warning: conversion to 'uint32_t' {aka 'unsigned int'} from 'int' may change the sign of the result [-Wsign-conversion]
subs1.hpp:7379:16: warning: conversion to 'uint32_t' {aka 'unsigned int'} from 'int32_t' {aka 'int'} may change the sign of the result [-Wsign-conversion]
subs1.hpp:7386:50: warning: conversion to 'uint32_t' {aka 'unsigned int'} from 'int32_t' {aka 'int'} may change the sign of the result [-Wsign-conversion]
subs1.hpp:7387:28: warning: conversion to 'uint32_t' {aka 'unsigned int'} from 'int32_t' {aka 'int'} may change the sign of the result [-Wsign-conversion]
subs1.hpp:7390:27: warning: conversion to 'uint32_t' {aka 'unsigned int'} from 'int32_t' {aka 'int'} may change the sign of the result [-Wsign-conversion]
subs1.hpp: In function 'void __reduce_alphabet(ModelBlock*, int8_t, uint8_t*)':
subs1.hpp:7539:23: warning: conversion to 'int32_t' {aka 'int'} from 'uint32_t' {aka 'unsigned int'} may change the sign of the result [-Wsign-conversion]
subs1.hpp:7553:25: warning: conversion to 'int32_t' {aka 'int'} from 'uint32_t' {aka 'unsigned int'} may change the sign of the result [-Wsign-conversion]
subs1.hpp:7567:34: warning: conversion from 'uint32_t' {aka 'unsigned int'} to 'uint16_t' {aka 'short unsigned int'} may change value [-Wconversion]
subs1.hpp:7568:27: warning: conversion to 'int32_t' {aka 'int'} from 'uint32_t' {aka 'unsigned int'} may change the sign of the result [-Wsign-conversion]
subs1.hpp:7572:30: warning: conversion to 'int32_t' {aka 'int'} from 'uint32_t' {aka 'unsigned int'} may change the sign of the result [-Wsign-conversion]
subs1.hpp:7589:33: warning: conversion from 'int32_t' {aka 'int'} to 'uint16_t' {aka 'short unsigned int'} may change value [-Wconversion]
subs1.hpp:7592:26: warning: conversion to 'int32_t' {aka 'int'} from 'uint32_t' {aka 'unsigned int'} may change the sign of the result [-Wsign-conversion]
subs1.hpp:7598:26: warning: conversion to 'uint32_t' {aka 'unsigned int'} from 'int32_t' {aka 'int'} may change the sign of the result [-Wsign-conversion]
subs1.hpp:7598:31: warning: conversion to 'uint32_t' {aka 'unsigned int'} from 'int32_t' {aka 'int'} may change the sign of the result [-Wsign-conversion]
subs1.hpp:7602:68: warning: conversion to 'int32_t' {aka 'int'} from 'uint32_t' {aka 'unsigned int'} may change the sign of the result [-Wsign-conversion]
subs1.hpp:7634:67: warning: conversion from 'uint32_t' {aka 'unsigned int'} to 'uint16_t' {aka 'short unsigned int'} may change value [-Wconversion]
subs1.hpp:7689:39: warning: conversion to 'int32_t' {aka 'int'} from 'uint32_t' {aka 'unsigned int'} may change the sign of the result [-Wsign-conversion]
subs1.hpp:7693:26: warning: conversion from 'int32_t' {aka 'int'} to 'uint16_t' {aka 'short unsigned int'} may change value [-Wconversion]
subs1.hpp:7695:30: warning: conversion to 'uint32_t' {aka 'unsigned int'} from 'int32_t' {aka 'int'} may change the sign of the result [-Wsign-conversion]
subs1.hpp:7699:25: warning: conversion to 'uint32_t' {aka 'unsigned int'} from 'int32_t' {aka 'int'} may change the sign of the result [-Wsign-conversion]
subs1.hpp:7709:46: warning: conversion from 'int32_t' {aka 'int'} to 'uint16_t' {aka 'short unsigned int'} may change value [-Wconversion]
subs1.hpp:7710:31: warning: conversion to 'uint32_t' {aka 'unsigned int'} from 'int32_t' {aka 'int'} may change the sign of the result [-Wsign-conversion]
subs1.hpp:7723:21: warning: conversion to 'int32_t' {aka 'int'} from 'uint32_t' {aka 'unsigned int'} may change the sign of the result [-Wsign-conversion]
subs1.hpp:7726:41: warning: conversion to 'uint32_t' {aka 'unsigned int'} from 'int32_t' {aka 'int'} may change the sign of the result [-Wsign-conversion]
subs1.hpp:7727:21: warning: conversion to 'int32_t' {aka 'int'} from 'uint32_t' {aka 'unsigned int'} may change the sign of the result [-Wsign-conversion]
subs1.hpp:7729:30: warning: conversion to 'int32_t' {aka 'int'} from 'uint32_t' {aka 'unsigned int'} may change the sign of the result [-Wsign-conversion]
subs1.hpp:7733:39: warning: conversion to 'uint32_t' {aka 'unsigned int'} from 'int32_t' {aka 'int'} may change the sign of the result [-Wsign-conversion]
subs1.hpp:7763:39: warning: conversion to 'uint32_t' {aka 'unsigned int'} from 'int32_t' {aka 'int'} may change the sign of the result [-Wsign-conversion]
subs1.hpp:7818:39: warning: conversion to 'uint32_t' {aka 'unsigned int'} from 'int32_t' {aka 'int'} may change the sign of the result [-Wsign-conversion]
subs1.hpp:7818:29: warning: conversion to 'int32_t' {aka 'int'} from 'uint32_t' {aka 'unsigned int'} may change the sign of the result [-Wsign-conversion]
subs1.hpp:7821:26: warning: conversion to 'uint32_t' {aka 'unsigned int'} from 'int' may change the sign of the result [-Wsign-conversion]
subs1.hpp:7840:34: warning: conversion to 'int32_t' {aka 'int'} from 'uint32_t' {aka 'unsigned int'} may change the sign of the result [-Wsign-conversion]
subs1.hpp:7846:18: warning: conversion to 'uint32_t' {aka 'unsigned int'} from 'int32_t' {aka 'int'} may change the sign of the result [-Wsign-conversion]
subs1.hpp:7853:30: warning: conversion to 'int32_t' {aka 'int'} from 'uint32_t' {aka 'unsigned int'} may change the sign of the result [-Wsign-conversion]
subs1.hpp:7858:37: warning: conversion to 'uint32_t' {aka 'unsigned int'} from 'int32_t' {aka 'int'} may change the sign of the result [-Wsign-conversion]
subs1.hpp:7862:26: warning: conversion to 'uint32_t' {aka 'unsigned int'} from 'int32_t' {aka 'int'} may change the sign of the result [-Wsign-conversion]
subs1.hpp: In function 'int32_t __cost_candidate(uint8_t*, int32_t, uint8_t*, int8_t, int32_t, int32_t, int32_t, uint32_t*)':
subs1.hpp:7975:32: warning: conversion to 'uint32_t' {aka 'unsigned int'} from 'int32_t' {aka 'int'} may change the sign of the result [-Wsign-conversion]
subs1.hpp:7988:13: warning: conversion to 'uint32_t' {aka 'unsigned int'} from 'int32_t' {aka 'int'} may change the sign of the result [-Wsign-conversion]
subs1.hpp:7988:38: warning: conversion to 'uint32_t' {aka 'unsigned int'} from 'int32_t' {aka 'int'} may change the sign of the result [-Wsign-conversion]
subs1.hpp:7993:22: warning: conversion to 'uint32_t' {aka 'unsigned int'} from 'int32_t' {aka 'int'} may change the sign of the result [-Wsign-conversion]
subs1.hpp:7993:25: warning: conversion to 'int32_t' {aka 'int'} from 'uint32_t' {aka 'unsigned int'} may change the sign of the result [-Wsign-conversion]
subs1.hpp:7994:22: warning: conversion to 'uint32_t' {aka 'unsigned int'} from 'int32_t' {aka 'int'} may change the sign of the result [-Wsign-conversion]
subs1.hpp:7994:44: warning: conversion to 'uint32_t' {aka 'unsigned int'} from 'int32_t' {aka 'int'} may change the sign of the result [-Wsign-conversion]
subs1.hpp:7994:34: warning: conversion to 'int32_t' {aka 'int'} from 'uint32_t' {aka 'unsigned int'} may change the sign of the result [-Wsign-conversion]
subs1.hpp:7996:30: warning: conversion to 'uint32_t' {aka 'unsigned int'} from 'int32_t' {aka 'int'} may change the sign of the result [-Wsign-conversion]
subs1.hpp:7996:35: warning: conversion to 'int32_t' {aka 'int'} from 'uint32_t' {aka 'unsigned int'} may change the sign of the result [-Wsign-conversion]
subs1.hpp:7997:30: warning: conversion to 'uint32_t' {aka 'unsigned int'} from 'int32_t' {aka 'int'} may change the sign of the result [-Wsign-conversion]
subs1.hpp:7997:54: warning: conversion to 'uint32_t' {aka 'unsigned int'} from 'int32_t' {aka 'int'} may change the sign of the result [-Wsign-conversion]
subs1.hpp:7997:44: warning: conversion to 'int32_t' {aka 'int'} from 'uint32_t' {aka 'unsigned int'} may change the sign of the result [-Wsign-conversion]
subs1.hpp:7999:39: warning: conversion to 'uint32_t' {aka 'unsigned int'} from 'int32_t' {aka 'int'} may change the sign of the result [-Wsign-conversion]
subs1.hpp:7999:29: warning: conversion to 'int32_t' {aka 'int'} from 'uint32_t' {aka 'unsigned int'} may change the sign of the result [-Wsign-conversion]
subs1.hpp:8075:95: warning: conversion to 'uint32_t' {aka 'unsigned int'} from 'int' may change the sign of the result [-Wsign-conversion]
subs1.hpp:8075:40: warning: conversion to 'uint32_t' {aka 'unsigned int'} from 'int32_t' {aka 'int'} may change the sign of the result [-Wsign-conversion]
subs1.hpp:8074:35: warning: conversion to 'uint32_t' {aka 'unsigned int'} from 'int32_t' {aka 'int'} may change the sign of the result [-Wsign-conversion]
subs1.hpp:8088:16: warning: conversion to 'uint32_t' {aka 'unsigned int'} from 'int32_t' {aka 'int'} may change the sign of the result [-Wsign-conversion]
subs1.hpp:8089:35: warning: conversion to 'uint32_t' {aka 'unsigned int'} from 'int32_t' {aka 'int'} may change the sign of the result [-Wsign-conversion]
subs1.hpp:8090:35: warning: conversion to 'uint32_t' {aka 'unsigned int'} from 'int32_t' {aka 'int'} may change the sign of the result [-Wsign-conversion]
subs1.hpp:8091:35: warning: conversion to 'uint32_t' {aka 'unsigned int'} from 'int32_t' {aka 'int'} may change the sign of the result [-Wsign-conversion]
subs1.hpp:8122:63: warning: conversion to 'uint32_t' {aka 'unsigned int'} from 'int32_t' {aka 'int'} may change the sign of the result [-Wsign-conversion]
subs1.hpp:8123:42: warning: conversion to 'uint32_t' {aka 'unsigned int'} from 'int32_t' {aka 'int'} may change the sign of the result [-Wsign-conversion]
subs1.hpp:8132:17: warning: conversion to 'uint32_t' {aka 'unsigned int'} from 'int32_t' {aka 'int'} may change the sign of the result [-Wsign-conversion]
subs1.hpp:8132:23: warning: conversion to 'int32_t' {aka 'int'} from 'uint32_t' {aka 'unsigned int'} may change the sign of the result [-Wsign-conversion]
subs1.hpp:8141:18: warning: conversion to 'uint32_t' {aka 'unsigned int'} from 'int32_t' {aka 'int'} may change the sign of the result [-Wsign-conversion]
subs1.hpp:8141:23: warning: conversion to 'int32_t' {aka 'int'} from 'uint32_t' {aka 'unsigned int'} may change the sign of the result [-Wsign-conversion]
subs1.hpp: In function 'int32_t __choose_plane_coding(BmfImage*, int32_t, int8_t)':
subs1.hpp:8291:20: warning: conversion to 'int32_t' {aka 'int'} from 'uint32_t' {aka 'unsigned int'} may change the sign of the result [-Wsign-conversion]
subs1.hpp:8314:21: warning: conversion from 'uint32_t' {aka 'unsigned int'} to 'uint8_t' {aka 'unsigned char'} may change value [-Wconversion]
subs1.hpp:8316:43: warning: conversion from 'uint32_t' {aka 'unsigned int'} to 'uint8_t' {aka 'unsigned char'} may change value [-Wconversion]
subs1.hpp:8317:29: warning: conversion from 'uint32_t' {aka 'unsigned int'} to 'uint8_t' {aka 'unsigned char'} may change value [-Wconversion]
subs1.hpp:8329:25: warning: conversion to 'int32_t' {aka 'int'} from 'uint32_t' {aka 'unsigned int'} may change the sign of the result [-Wsign-conversion]
subs1.hpp:8332:42: warning: conversion from 'int32_t' {aka 'int'} to 'uint8_t' {aka 'unsigned char'} may change value [-Wconversion]
subs1.hpp:8333:38: warning: conversion from 'int32_t' {aka 'int'} to 'uint8_t' {aka 'unsigned char'} may change value [-Wconversion]
subs1.hpp:8337:31: warning: conversion to 'uint32_t' {aka 'unsigned int'} from 'int32_t' {aka 'int'} may change the sign of the result [-Wsign-conversion]
subs1.hpp:8338:31: warning: conversion to 'uint32_t' {aka 'unsigned int'} from 'int32_t' {aka 'int'} may change the sign of the result [-Wsign-conversion]
subs1.hpp:8360:37: warning: conversion to 'uint32_t' {aka 'unsigned int'} from 'int32_t' {aka 'int'} may change the sign of the result [-Wsign-conversion]
subs1.hpp:8375:27: warning: conversion to 'uint32_t' {aka 'unsigned int'} from 'int32_t' {aka 'int'} may change the sign of the result [-Wsign-conversion]
subs1.hpp:8377:29: warning: conversion to 'uint32_t' {aka 'unsigned int'} from 'int32_t' {aka 'int'} may change the sign of the result [-Wsign-conversion]
subs1.hpp:8389:42: warning: conversion to 'uint32_t' {aka 'unsigned int'} from 'int32_t' {aka 'int'} may change the sign of the result [-Wsign-conversion]
subs1.hpp:8404:39: warning: conversion to 'int32_t' {aka 'int'} from 'uint32_t' {aka 'unsigned int'} may change the sign of the result [-Wsign-conversion]
subs1.hpp:8405:40: warning: conversion to 'int32_t' {aka 'int'} from 'uint32_t' {aka 'unsigned int'} may change the sign of the result [-Wsign-conversion]
subs1.hpp:8408:41: warning: conversion to 'uint32_t' {aka 'unsigned int'} from 'int32_t' {aka 'int'} may change the sign of the result [-Wsign-conversion]
subs1.hpp:8408:39: warning: conversion to 'int32_t' {aka 'int'} from 'uint32_t' {aka 'unsigned int'} may change the sign of the result [-Wsign-conversion]
subs1.hpp:8409:46: warning: conversion to 'uint32_t' {aka 'unsigned int'} from 'int32_t' {aka 'int'} may change the sign of the result [-Wsign-conversion]
subs1.hpp:8409:44: warning: conversion to 'int32_t' {aka 'int'} from 'uint32_t' {aka 'unsigned int'} may change the sign of the result [-Wsign-conversion]
subs1.hpp:8420:33: warning: conversion to 'int32_t' {aka 'int'} from 'uint32_t' {aka 'unsigned int'} may change the sign of the result [-Wsign-conversion]
subs1.hpp:8422:38: warning: conversion to 'int32_t' {aka 'int'} from 'uint32_t' {aka 'unsigned int'} may change the sign of the result [-Wsign-conversion]
subs1.hpp:8458:48: warning: conversion to 'uint32_t' {aka 'unsigned int'} from 'int' may change the sign of the result [-Wsign-conversion]
subs1.hpp:8454:47: warning: conversion to 'uint32_t' {aka 'unsigned int'} from 'int32_t' {aka 'int'} may change the sign of the result [-Wsign-conversion]
subs1.hpp:8472:43: warning: conversion to 'uint32_t' {aka 'unsigned int'} from 'int32_t' {aka 'int'} may change the sign of the result [-Wsign-conversion]
subs1.hpp:8513:50: warning: conversion to 'uint32_t' {aka 'unsigned int'} from 'int' may change the sign of the result [-Wsign-conversion]
subs1.hpp:8510:55: warning: conversion to 'uint32_t' {aka 'unsigned int'} from 'int32_t' {aka 'int'} may change the sign of the result [-Wsign-conversion]
subs1.hpp:8509:49: warning: conversion to 'uint32_t' {aka 'unsigned int'} from 'int32_t' {aka 'int'} may change the sign of the result [-Wsign-conversion]
subs1.hpp:8527:45: warning: conversion to 'uint32_t' {aka 'unsigned int'} from 'int32_t' {aka 'int'} may change the sign of the result [-Wsign-conversion]
subs1.hpp:8529:40: warning: conversion to 'int32_t' {aka 'int'} from 'uint32_t' {aka 'unsigned int'} may change the sign of the result [-Wsign-conversion]
subs1.hpp:8535:39: warning: conversion to 'uint32_t' {aka 'unsigned int'} from 'int32_t' {aka 'int'} may change the sign of the result [-Wsign-conversion]
subs1.hpp:8554:42: warning: conversion to 'uint32_t' {aka 'unsigned int'} from 'int32_t' {aka 'int'} may change the sign of the result [-Wsign-conversion]
subs1.hpp:8582:99: warning: conversion to 'uint32_t' {aka 'unsigned int'} from 'int' may change the sign of the result [-Wsign-conversion]
subs1.hpp:8581:46: warning: conversion to 'uint32_t' {aka 'unsigned int'} from 'int32_t' {aka 'int'} may change the sign of the result [-Wsign-conversion]
subs1.hpp:8594:37: warning: conversion to 'uint32_t' {aka 'unsigned int'} from 'int32_t' {aka 'int'} may change the sign of the result [-Wsign-conversion]
subs1.hpp:8595:26: warning: conversion to 'int32_t' {aka 'int'} from 'uint32_t' {aka 'unsigned int'} may change the sign of the result [-Wsign-conversion]
subs1.hpp:8636:96: warning: conversion to 'uint32_t' {aka 'unsigned int'} from 'int' may change the sign of the result [-Wsign-conversion]
subs1.hpp:8636:53: warning: conversion to 'uint32_t' {aka 'unsigned int'} from 'int32_t' {aka 'int'} may change the sign of the result [-Wsign-conversion]
subs1.hpp:8635:43: warning: conversion to 'uint32_t' {aka 'unsigned int'} from 'int32_t' {aka 'int'} may change the sign of the result [-Wsign-conversion]
subs1.hpp:8648:39: warning: conversion to 'uint32_t' {aka 'unsigned int'} from 'int32_t' {aka 'int'} may change the sign of the result [-Wsign-conversion]
subs1.hpp:8650:37: warning: conversion to 'int32_t' {aka 'int'} from 'uint32_t' {aka 'unsigned int'} may change the sign of the result [-Wsign-conversion]
subs1.hpp:8656:33: warning: conversion to 'uint32_t' {aka 'unsigned int'} from 'int32_t' {aka 'int'} may change the sign of the result [-Wsign-conversion]
subs1.hpp:8668:27: warning: conversion to 'uint32_t' {aka 'unsigned int'} from 'int32_t' {aka 'int'} may change the sign of the result [-Wsign-conversion]
subs1.hpp:8670:29: warning: conversion to 'uint32_t' {aka 'unsigned int'} from 'int32_t' {aka 'int'} may change the sign of the result [-Wsign-conversion]
subs1.hpp:8674:17: warning: conversion to 'uint32_t' {aka 'unsigned int'} from 'int32_t' {aka 'int'} may change the sign of the result [-Wsign-conversion]
subs1.hpp:8674:20: warning: conversion to 'int32_t' {aka 'int'} from 'uint32_t' {aka 'unsigned int'} may change the sign of the result [-Wsign-conversion]
subs1.hpp:8684:29: warning: conversion to 'uint32_t' {aka 'unsigned int'} from 'int32_t' {aka 'int'} may change the sign of the result [-Wsign-conversion]
subs1.hpp:8687:23: warning: conversion to 'int32_t' {aka 'int'} from 'uint32_t' {aka 'unsigned int'} may change the sign of the result [-Wsign-conversion]
subs1.hpp:8689:28: warning: conversion to 'int32_t' {aka 'int'} from 'uint32_t' {aka 'unsigned int'} may change the sign of the result [-Wsign-conversion]
subs1.hpp:8695:19: warning: conversion to 'uint32_t' {aka 'unsigned int'} from 'int32_t' {aka 'int'} may change the sign of the result [-Wsign-conversion]
subs1.hpp:8699:16: warning: conversion to 'uint32_t' {aka 'unsigned int'} from 'int32_t' {aka 'int'} may change the sign of the result [-Wsign-conversion]
subs1.hpp:8739:29: warning: conversion to 'uint32_t' {aka 'unsigned int'} from 'int32_t' {aka 'int'} may change the sign of the result [-Wsign-conversion]
subs1.hpp:8742:47: warning: conversion to 'uint32_t' {aka 'unsigned int'} from 'int32_t' {aka 'int'} may change the sign of the result [-Wsign-conversion]
subs1.hpp:8742:51: warning: conversion to 'int32_t' {aka 'int'} from 'uint32_t' {aka 'unsigned int'} may change the sign of the result [-Wsign-conversion]
subs1.hpp:8745:19: warning: conversion from 'int32_t' {aka 'int'} to 'int8_t' {aka 'signed char'} may change value [-Wconversion]
subs1.hpp:8751:28: warning: conversion to 'int32_t' {aka 'int'} from 'uint32_t' {aka 'unsigned int'} may change the sign of the result [-Wsign-conversion]
subs1.hpp:8753:38: warning: conversion from 'int' to 'uint8_t' {aka 'unsigned char'} may change value [-Wconversion]
subs1.hpp:8776:52: warning: conversion from 'int32_t' {aka 'int'} to 'uint8_t' {aka 'unsigned char'} may change value [-Wconversion]
subs1.hpp:8793:40: warning: conversion from 'long int' to 'uint32_t' {aka 'unsigned int'} may change value [-Wconversion]
subs1.hpp:8823:37: warning: conversion from 'long int' to 'uint32_t' {aka 'unsigned int'} may change value [-Wconversion]
subs1.hpp:8906:21: warning: conversion to 'int32_t' {aka 'int'} from 'uint32_t' {aka 'unsigned int'} may change the sign of the result [-Wsign-conversion]
subs1.hpp:8934:23: warning: conversion from 'int' to 'uint16_t' {aka 'short unsigned int'} may change value [-Wconversion]
subs1.hpp:8941:44: warning: conversion to 'uint32_t' {aka 'unsigned int'} from 'int32_t' {aka 'int'} may change the sign of the result [-Wsign-conversion]
subs1.hpp:8940:38: warning: conversion to 'uint32_t' {aka 'unsigned int'} from 'int32_t' {aka 'int'} may change the sign of the result [-Wsign-conversion]
subs1.hpp:8952:27: warning: conversion to 'uint32_t' {aka 'unsigned int'} from 'int32_t' {aka 'int'} may change the sign of the result [-Wsign-conversion]
subs1.hpp:8958:35: warning: conversion to 'uint32_t' {aka 'unsigned int'} from 'int32_t' {aka 'int'} may change the sign of the result [-Wsign-conversion]
subs1.hpp:8960:34: warning: conversion to 'uint32_t' {aka 'unsigned int'} from 'int32_t' {aka 'int'} may change the sign of the result [-Wsign-conversion]
subs1.hpp:8973:34: warning: conversion to 'uint32_t' {aka 'unsigned int'} from 'int32_t' {aka 'int'} may change the sign of the result [-Wsign-conversion]
subs1.hpp:8984:34: warning: conversion to 'uint32_t' {aka 'unsigned int'} from 'int32_t' {aka 'int'} may change the sign of the result [-Wsign-conversion]
subs1.hpp:9011:20: warning: conversion from 'int32_t' {aka 'int'} to 'int8_t' {aka 'signed char'} may change value [-Wconversion]
subs1.hpp:9015:33: warning: conversion from 'int' to 'uint8_t' {aka 'unsigned char'} may change value [-Wconversion]
subs1.hpp: In function 'int32_t* __read_bmp(char*)':
subs1.hpp:9258:46: warning: conversion to 'long unsigned int' from 'int32_t' {aka 'int'} may change the sign of the result [-Wsign-conversion]
subs1.hpp:9278:37: warning: conversion to 'unsigned int' from 'int32_t' {aka 'int'} may change the sign of the result [-Wsign-conversion]
subs1.hpp:9279:46: warning: conversion to 'size_t' {aka 'long unsigned int'} from 'int32_t' {aka 'int'} may change the sign of the result [-Wsign-conversion]
subs1.hpp:9330:25: warning: conversion from 'uint32_t' {aka 'unsigned int'} to 'uint8_t' {aka 'unsigned char'} may change value [-Wconversion]
subs1.hpp:9352:28: warning: conversion from 'uint32_t' {aka 'unsigned int'} to 'uint8_t' {aka 'unsigned char'} may change value [-Wconversion]
subs1.hpp:9446:18: warning: conversion from 'size_t' {aka 'long unsigned int'} to 'uint32_t' {aka 'unsigned int'} may change value [-Wconversion]
subs1.hpp: In function 'int32_t __decode_symbol_list(SymList*)':
subs1.hpp:9525:16: warning: conversion to 'int32_t' {aka 'int'} from 'uint32_t' {aka 'unsigned int'} may change the sign of the result [-Wsign-conversion]
subs1.hpp:9551:17: warning: conversion to 'int32_t' {aka 'int'} from 'uint32_t' {aka 'unsigned int'} may change the sign of the result [-Wsign-conversion]
subs1.hpp:9553:24: warning: conversion to 'uint32_t' {aka 'unsigned int'} from 'int32_t' {aka 'int'} may change the sign of the result [-Wsign-conversion]
subs1.hpp:9553:23: warning: conversion to 'int32_t' {aka 'int'} from 'uint32_t' {aka 'unsigned int'} may change the sign of the result [-Wsign-conversion]
subs1.hpp:9569:16: warning: conversion to 'uint32_t' {aka 'unsigned int'} from 'int32_t' {aka 'int'} may change the sign of the result [-Wsign-conversion]
subs1.hpp:9570:18: warning: conversion to 'uint32_t' {aka 'unsigned int'} from 'int32_t' {aka 'int'} may change the sign of the result [-Wsign-conversion]
subs1.hpp:9582:35: warning: conversion to 'uint32_t' {aka 'unsigned int'} from 'int32_t' {aka 'int'} may change the sign of the result [-Wsign-conversion]
subs1.hpp:9650:23: warning: conversion to 'uint32_t' {aka 'unsigned int'} from 'int32_t' {aka 'int'} may change the sign of the result [-Wsign-conversion]
subs1.hpp:9650:51: warning: conversion to 'int32_t' {aka 'int'} from 'uint32_t' {aka 'unsigned int'} may change the sign of the result [-Wsign-conversion]
subs1.hpp:9651:18: warning: conversion from 'int32_t' {aka 'int'} to 'uint8_t' {aka 'unsigned char'} may change value [-Wconversion]
subs1.hpp:9659:37: warning: conversion to 'uint32_t' {aka 'unsigned int'} from 'int32_t' {aka 'int'} may change the sign of the result [-Wsign-conversion]
subs1.hpp:9670:34: warning: conversion to 'uint32_t' {aka 'unsigned int'} from 'int32_t' {aka 'int'} may change the sign of the result [-Wsign-conversion]
subs1.hpp:9677:34: warning: conversion to 'uint32_t' {aka 'unsigned int'} from 'int32_t' {aka 'int'} may change the sign of the result [-Wsign-conversion]
subs1.hpp:9713:29: warning: conversion to 'uint32_t' {aka 'unsigned int'} from 'int32_t' {aka 'int'} may change the sign of the result [-Wsign-conversion]
subs1.hpp: In member function 'int32_t ModelBlock::decode_pixel(int32_t)':
subs1.hpp:9848:37: warning: conversion to 'int16_t' {aka 'short int'} from 'uint16_t' {aka 'short unsigned int'} may change the sign of the result [-Wsign-conversion]
subs1.hpp:9865:26: warning: conversion to 'uint32_t' {aka 'unsigned int'} from 'int32_t' {aka 'int'} may change the sign of the result [-Wsign-conversion]
subs1.hpp:9907:22: warning: conversion to 'uint32_t' {aka 'unsigned int'} from 'int32_t' {aka 'int'} may change the sign of the result [-Wsign-conversion]
subs1.hpp:9926:33: warning: conversion from 'uint32_t' {aka 'unsigned int'} to 'uint16_t' {aka 'short unsigned int'} may change value [-Wconversion]
subs1.hpp:9937:45: warning: conversion from 'uint32_t' {aka 'unsigned int'} to 'uint16_t' {aka 'short unsigned int'} may change value [-Wconversion]
subs1.hpp:9942:22: warning: conversion to 'int32_t' {aka 'int'} from 'uint32_t' {aka 'unsigned int'} may change the sign of the result [-Wsign-conversion]
subs1.hpp:9956:15: warning: conversion from 'int32_t' {aka 'int'} to 'uint16_t' {aka 'short unsigned int'} may change value [-Wconversion]
subs1.hpp:9973:26: warning: conversion to 'uint32_t' {aka 'unsigned int'} from 'int32_t' {aka 'int'} may change the sign of the result [-Wsign-conversion]
subs1.hpp:9979:38: warning: conversion to 'uint32_t' {aka 'unsigned int'} from 'int32_t' {aka 'int'} may change the sign of the result [-Wsign-conversion]
subs1.hpp:9979:36: warning: conversion to 'int32_t' {aka 'int'} from 'uint32_t' {aka 'unsigned int'} may change the sign of the result [-Wsign-conversion]
subs1.hpp:10004:19: warning: conversion to 'uint32_t' {aka 'unsigned int'} from 'int32_t' {aka 'int'} may change the sign of the result [-Wsign-conversion]
subs1.hpp:10005:50: warning: conversion from 'int32_t' {aka 'int'} to 'uint8_t' {aka 'unsigned char'} may change value [-Wconversion]
subs1.hpp:10006:21: warning: conversion to 'int32_t' {aka 'int'} from 'uint32_t' {aka 'unsigned int'} may change the sign of the result [-Wsign-conversion]
subs1.hpp:10033:42: warning: conversion to 'uint32_t' {aka 'unsigned int'} from 'int32_t' {aka 'int'} may change the sign of the result [-Wsign-conversion]
subs1.hpp:10049:21: warning: conversion to 'int32_t' {aka 'int'} from 'uint32_t' {aka 'unsigned int'} may change the sign of the result [-Wsign-conversion]
subs1.hpp:10087:27: warning: conversion from 'int32_t' {aka 'int'} to 'int16_t' {aka 'short int'} may change value [-Wconversion]
subs1.hpp:10090:27: warning: conversion to 'uint32_t' {aka 'unsigned int'} from 'int32_t' {aka 'int'} may change the sign of the result [-Wsign-conversion]
subs1.hpp:10093:34: warning: conversion to 'uint16_t' {aka 'short unsigned int'} from 'int16_t' {aka 'short int'} may change the sign of the result [-Wsign-conversion]
subs1.hpp:10094:47: warning: conversion to 'uint32_t' {aka 'unsigned int'} from 'int32_t' {aka 'int'} may change the sign of the result [-Wsign-conversion]
subs1.hpp:10095:45: warning: conversion to 'uint32_t' {aka 'unsigned int'} from 'int32_t' {aka 'int'} may change the sign of the result [-Wsign-conversion]
subs1.hpp:10098:25: warning: conversion to 'uint16_t' {aka 'short unsigned int'} from 'int16_t' {aka 'short int'} may change the sign of the result [-Wsign-conversion]
subs1.hpp:10099:47: warning: conversion to 'uint32_t' {aka 'unsigned int'} from 'int32_t' {aka 'int'} may change the sign of the result [-Wsign-conversion]
subs1.hpp:10100:45: warning: conversion to 'uint32_t' {aka 'unsigned int'} from 'int32_t' {aka 'int'} may change the sign of the result [-Wsign-conversion]
subs1.hpp:10117:40: warning: conversion from 'int32_t' {aka 'int'} to 'uint16_t' {aka 'short unsigned int'} may change value [-Wconversion]
subs1.hpp:10118:45: warning: conversion to 'uint32_t' {aka 'unsigned int'} from 'int32_t' {aka 'int'} may change the sign of the result [-Wsign-conversion]
subs1.hpp:10119:43: warning: conversion to 'uint32_t' {aka 'unsigned int'} from 'int32_t' {aka 'int'} may change the sign of the result [-Wsign-conversion]
subs1.hpp:10133:48: warning: conversion from 'int' to 'uint8_t' {aka 'unsigned char'} may change value [-Wconversion]
subs1.hpp:10148:38: warning: conversion from 'int' to 'uint8_t' {aka 'unsigned char'} may change value [-Wconversion]
subs1.hpp:10149:63: warning: conversion from 'int' to 'uint8_t' {aka 'unsigned char'} may change value [-Wconversion]
subs1.hpp:10155:38: warning: conversion from 'int' to 'uint8_t' {aka 'unsigned char'} may change value [-Wconversion]
subs1.hpp:10159:23: warning: conversion to 'int32_t' {aka 'int'} from 'uint32_t' {aka 'unsigned int'} may change the sign of the result [-Wsign-conversion]
subs1.hpp:10177:17: warning: conversion from 'int32_t' {aka 'int'} to 'int16_t' {aka 'short int'} may change value [-Wconversion]
subs1.hpp:10188:32: warning: conversion from 'int32_t' {aka 'int'} to 'uint16_t' {aka 'short unsigned int'} may change value [-Wconversion]
subs1.hpp:10192:16: warning: conversion from 'int32_t' {aka 'int'} to 'uint16_t' {aka 'short unsigned int'} may change value [-Wconversion]
subs1.hpp:10200:24: warning: conversion from 'int32_t' {aka 'int'} to 'uint16_t' {aka 'short unsigned int'} may change value [-Wconversion]
subs1.hpp:10202:24: warning: conversion from 'int32_t' {aka 'int'} to 'uint16_t' {aka 'short unsigned int'} may change value [-Wconversion]
subs1.hpp:10203:33: warning: conversion from 'int32_t' {aka 'int'} to 'uint16_t' {aka 'short unsigned int'} may change value [-Wconversion]
subs1.hpp:10208:26: warning: conversion to 'uint32_t' {aka 'unsigned int'} from 'int32_t' {aka 'int'} may change the sign of the result [-Wsign-conversion]
subs1.hpp:10208:25: warning: conversion to 'int32_t' {aka 'int'} from 'uint32_t' {aka 'unsigned int'} may change the sign of the result [-Wsign-conversion]
subs1.hpp:10254:22: warning: conversion to 'int32_t' {aka 'int'} from 'uint32_t' {aka 'unsigned int'} may change the sign of the result [-Wsign-conversion]
subs1.hpp:10268:20: warning: conversion from 'int' to 'uint16_t' {aka 'short unsigned int'} may change value [-Wconversion]
subs1.hpp:10273:23: warning: conversion to 'uint32_t' {aka 'unsigned int'} from 'int32_t' {aka 'int'} may change the sign of the result [-Wsign-conversion]
subs1.hpp:10274:24: warning: conversion from 'int32_t' {aka 'int'} to 'uint16_t' {aka 'short unsigned int'} may change value [-Wconversion]
subs1.hpp:10284:25: warning: conversion from 'int32_t' {aka 'int'} to 'uint8_t' {aka 'unsigned char'} may change value [-Wconversion]
subs1.hpp:10287:27: warning: conversion from 'int32_t' {aka 'int'} to 'uint16_t' {aka 'short unsigned int'} may change value [-Wconversion]
subs1.hpp:10288:24: warning: conversion from 'int' to 'uint16_t' {aka 'short unsigned int'} may change value [-Wconversion]
subs1.hpp:10289:15: warning: conversion to 'uint32_t' {aka 'unsigned int'} from 'int32_t' {aka 'int'} may change the sign of the result [-Wsign-conversion]
subs1.hpp:10289:24: warning: conversion to 'uint32_t' {aka 'unsigned int'} from 'int32_t' {aka 'int'} may change the sign of the result [-Wsign-conversion]
subs1.hpp:10289:34: warning: conversion to 'uint32_t' {aka 'unsigned int'} from 'int32_t' {aka 'int'} may change the sign of the result [-Wsign-conversion]
subs1.hpp:10303:27: warning: conversion to 'uint32_t' {aka 'unsigned int'} from 'int32_t' {aka 'int'} may change the sign of the result [-Wsign-conversion]
subs1.hpp:10303:26: warning: conversion to 'int32_t' {aka 'int'} from 'uint32_t' {aka 'unsigned int'} may change the sign of the result [-Wsign-conversion]
subs1.hpp:10356:20: warning: conversion from 'uint32_t' {aka 'unsigned int'} to 'uint16_t' {aka 'short unsigned int'} may change value [-Wconversion]
subs1.hpp:10365:20: warning: conversion from 'int32_t' {aka 'int'} to 'uint16_t' {aka 'short unsigned int'} may change value [-Wconversion]
subs1.hpp:10378:21: warning: conversion from 'int32_t' {aka 'int'} to 'uint8_t' {aka 'unsigned char'} may change value [-Wconversion]
subs1.hpp:10381:19: warning: conversion from 'int32_t' {aka 'int'} to 'int16_t' {aka 'short int'} may change value [-Wconversion]
subs1.hpp:10382:31: warning: conversion from 'int32_t' {aka 'int'} to 'uint16_t' {aka 'short unsigned int'} may change value [-Wconversion]
subs1.hpp:10383:20: warning: conversion from 'int' to 'uint16_t' {aka 'short unsigned int'} may change value [-Wconversion]
subs1.hpp:10384:15: warning: conversion to 'uint32_t' {aka 'unsigned int'} from 'int32_t' {aka 'int'} may change the sign of the result [-Wsign-conversion]
subs1.hpp:10384:24: warning: conversion to 'uint32_t' {aka 'unsigned int'} from 'int32_t' {aka 'int'} may change the sign of the result [-Wsign-conversion]
subs1.hpp:10384:34: warning: conversion to 'uint32_t' {aka 'unsigned int'} from 'int32_t' {aka 'int'} may change the sign of the result [-Wsign-conversion]
subs1.hpp:10385:17: warning: conversion to 'uint32_t' {aka 'unsigned int'} from 'int32_t' {aka 'int'} may change the sign of the result [-Wsign-conversion]
subs1.hpp:10391:46: warning: conversion from 'int32_t' {aka 'int'} to 'uint16_t' {aka 'short unsigned int'} may change value [-Wconversion]
subs1.hpp:10406:22: warning: conversion to 'uint8_t' {aka 'unsigned char'} from 'int8_t' {aka 'signed char'} may change the sign of the result [-Wsign-conversion]
subs1.hpp:10484:31: warning: conversion from 'int32_t' {aka 'int'} to 'uint16_t' {aka 'short unsigned int'} may change value [-Wconversion]
subs1.hpp:10513:31: warning: conversion from 'int32_t' {aka 'int'} to 'uint16_t' {aka 'short unsigned int'} may change value [-Wconversion]
subs1.hpp: In member function 'int32_t ModelBlock::code_pixel(int32_t)':
subs1.hpp:10669:26: warning: conversion to 'uint32_t' {aka 'unsigned int'} from 'int32_t' {aka 'int'} may change the sign of the result [-Wsign-conversion]
subs1.hpp:10712:22: warning: conversion to 'uint32_t' {aka 'unsigned int'} from 'int32_t' {aka 'int'} may change the sign of the result [-Wsign-conversion]
subs1.hpp:10735:33: warning: conversion from 'uint32_t' {aka 'unsigned int'} to 'uint16_t' {aka 'short unsigned int'} may change value [-Wconversion]
subs1.hpp:10746:47: warning: conversion from 'uint32_t' {aka 'unsigned int'} to 'uint16_t' {aka 'short unsigned int'} may change value [-Wconversion]
subs1.hpp:10751:22: warning: conversion to 'int32_t' {aka 'int'} from 'uint32_t' {aka 'unsigned int'} may change the sign of the result [-Wsign-conversion]
subs1.hpp:10758:17: warning: conversion to 'unsigned int' from 'int32_t' {aka 'int'} may change the sign of the result [-Wsign-conversion]
subs1.hpp:10758:14: warning: conversion to 'int32_t' {aka 'int'} from 'unsigned int' may change the sign of the result [-Wsign-conversion]
subs1.hpp:10764:15: warning: conversion from 'int32_t' {aka 'int'} to 'uint16_t' {aka 'short unsigned int'} may change value [-Wconversion]
subs1.hpp:10788:29: warning: conversion to 'uint32_t' {aka 'unsigned int'} from 'int32_t' {aka 'int'} may change the sign of the result [-Wsign-conversion]
subs1.hpp:10788:27: warning: conversion to 'int32_t' {aka 'int'} from 'uint32_t' {aka 'unsigned int'} may change the sign of the result [-Wsign-conversion]
subs1.hpp:10836:20: warning: conversion from 'int32_t' {aka 'int'} to 'uint16_t' {aka 'short unsigned int'} may change value [-Wconversion]
subs1.hpp:10837:39: warning: conversion from 'int32_t' {aka 'int'} to 'uint16_t' {aka 'short unsigned int'} may change value [-Wconversion]
subs1.hpp:10841:26: warning: conversion to 'int32_t' {aka 'int'} from 'uint32_t' {aka 'unsigned int'} may change the sign of the result [-Wsign-conversion]
subs1.hpp:10847:25: warning: conversion to 'uint32_t' {aka 'unsigned int'} from 'int32_t' {aka 'int'} may change the sign of the result [-Wsign-conversion]
subs1.hpp:10855:24: warning: conversion from 'int32_t' {aka 'int'} to 'int16_t' {aka 'short int'} may change value [-Wconversion]
subs1.hpp:10858:32: warning: conversion to 'uint16_t' {aka 'short unsigned int'} from 'int16_t' {aka 'short int'} may change the sign of the result [-Wsign-conversion]
subs1.hpp:10860:43: warning: conversion to 'uint32_t' {aka 'unsigned int'} from 'int32_t' {aka 'int'} may change the sign of the result [-Wsign-conversion]
subs1.hpp:10863:23: warning: conversion to 'uint16_t' {aka 'short unsigned int'} from 'int16_t' {aka 'short int'} may change the sign of the result [-Wsign-conversion]
subs1.hpp:10865:43: warning: conversion to 'uint32_t' {aka 'unsigned int'} from 'int32_t' {aka 'int'} may change the sign of the result [-Wsign-conversion]
subs1.hpp:10883:38: warning: conversion from 'int32_t' {aka 'int'} to 'uint16_t' {aka 'short unsigned int'} may change value [-Wconversion]
subs1.hpp:10885:49: warning: conversion to 'uint32_t' {aka 'unsigned int'} from 'int32_t' {aka 'int'} may change the sign of the result [-Wsign-conversion]
subs1.hpp:10899:59: warning: conversion from 'int' to 'uint8_t' {aka 'unsigned char'} may change value [-Wconversion]
subs1.hpp:10914:36: warning: conversion from 'int' to 'uint8_t' {aka 'unsigned char'} may change value [-Wconversion]
subs1.hpp:10915:61: warning: conversion from 'int' to 'uint8_t' {aka 'unsigned char'} may change value [-Wconversion]
subs1.hpp:10921:36: warning: conversion from 'int' to 'uint8_t' {aka 'unsigned char'} may change value [-Wconversion]
subs1.hpp:10931:25: warning: conversion to 'uint32_t' {aka 'unsigned int'} from 'int32_t' {aka 'int'} may change the sign of the result [-Wsign-conversion]
subs1.hpp:10932:28: warning: conversion from 'int32_t' {aka 'int'} to 'uint8_t' {aka 'unsigned char'} may change value [-Wconversion]
subs1.hpp:10989:19: warning: conversion from 'int32_t' {aka 'int'} to 'int16_t' {aka 'short int'} may change value [-Wconversion]
subs1.hpp:10999:30: warning: conversion from 'int32_t' {aka 'int'} to 'uint16_t' {aka 'short unsigned int'} may change value [-Wconversion]
subs1.hpp:11001:31: warning: conversion from 'int32_t' {aka 'int'} to 'uint16_t' {aka 'short unsigned int'} may change value [-Wconversion]
subs1.hpp:11003:17: warning: conversion from 'int32_t' {aka 'int'} to 'uint16_t' {aka 'short unsigned int'} may change value [-Wconversion]
subs1.hpp:11007:26: warning: conversion from 'int32_t' {aka 'int'} to 'uint16_t' {aka 'short unsigned int'} may change value [-Wconversion]
subs1.hpp:11008:22: warning: conversion from 'int32_t' {aka 'int'} to 'uint16_t' {aka 'short unsigned int'} may change value [-Wconversion]
subs1.hpp:11012:35: warning: conversion from 'int' to 'int16_t' {aka 'short int'} may change value [-Wconversion]
subs1.hpp:11013:34: warning: conversion from 'int32_t' {aka 'int'} to 'uint16_t' {aka 'short unsigned int'} may change value [-Wconversion]
subs1.hpp:11016:22: warning: conversion from 'uint32_t' {aka 'unsigned int'} to 'uint16_t' {aka 'short unsigned int'} may change value [-Wconversion]
subs1.hpp:11048:33: warning: conversion to 'uint32_t' {aka 'unsigned int'} from 'int' may change the sign of the result [-Wsign-conversion]
subs1.hpp:11072:23: warning: conversion from 'int' to 'uint16_t' {aka 'short unsigned int'} may change value [-Wconversion]
subs1.hpp:11074:23: warning: conversion from 'int' to 'uint16_t' {aka 'short unsigned int'} may change value [-Wconversion]
subs1.hpp:11078:22: warning: conversion from 'int32_t' {aka 'int'} to 'uint16_t' {aka 'short unsigned int'} may change value [-Wconversion]
subs1.hpp:11088:23: warning: conversion from 'int32_t' {aka 'int'} to 'uint8_t' {aka 'unsigned char'} may change value [-Wconversion]
subs1.hpp:11091:25: warning: conversion from 'int32_t' {aka 'int'} to 'uint16_t' {aka 'short unsigned int'} may change value [-Wconversion]
subs1.hpp:11092:22: warning: conversion from 'int' to 'uint16_t' {aka 'short unsigned int'} may change value [-Wconversion]
subs1.hpp:11093:17: warning: conversion to 'uint32_t' {aka 'unsigned int'} from 'int32_t' {aka 'int'} may change the sign of the result [-Wsign-conversion]
subs1.hpp:11094:19: warning: conversion to 'uint32_t' {aka 'unsigned int'} from 'int32_t' {aka 'int'} may change the sign of the result [-Wsign-conversion]
subs1.hpp:11101:23: warning: conversion to 'int32_t' {aka 'int'} from 'uint32_t' {aka 'unsigned int'} may change the sign of the result [-Wsign-conversion]
subs1.hpp:11135:33: warning: conversion to 'uint32_t' {aka 'unsigned int'} from 'int' may change the sign of the result [-Wsign-conversion]
subs1.hpp:11145:25: warning: conversion from 'int' to 'int16_t' {aka 'short int'} may change value [-Wconversion]
subs1.hpp:11146:22: warning: conversion to 'uint16_t' {aka 'short unsigned int'} from 'int16_t' {aka 'short int'} may change the sign of the result [-Wsign-conversion]
subs1.hpp:11151:22: warning: conversion from 'uint32_t' {aka 'unsigned int'} to 'uint16_t' {aka 'short unsigned int'} may change value [-Wconversion]
subs1.hpp:11157:17: warning: conversion from 'int' to 'uint16_t' {aka 'short unsigned int'} may change value [-Wconversion]
subs1.hpp:11161:22: warning: conversion from 'int32_t' {aka 'int'} to 'uint16_t' {aka 'short unsigned int'} may change value [-Wconversion]
subs1.hpp:11173:23: warning: conversion from 'int32_t' {aka 'int'} to 'uint8_t' {aka 'unsigned char'} may change value [-Wconversion]
subs1.hpp:11176:20: warning: conversion from 'int32_t' {aka 'int'} to 'int16_t' {aka 'short int'} may change value [-Wconversion]
subs1.hpp:11177:33: warning: conversion from 'int32_t' {aka 'int'} to 'uint16_t' {aka 'short unsigned int'} may change value [-Wconversion]
subs1.hpp:11178:22: warning: conversion from 'int' to 'uint16_t' {aka 'short unsigned int'} may change value [-Wconversion]
subs1.hpp:11179:17: warning: conversion to 'uint32_t' {aka 'unsigned int'} from 'int32_t' {aka 'int'} may change the sign of the result [-Wsign-conversion]
subs1.hpp:11180:19: warning: conversion to 'uint32_t' {aka 'unsigned int'} from 'int32_t' {aka 'int'} may change the sign of the result [-Wsign-conversion]
subs1.hpp:11182:21: warning: conversion to 'int32_t' {aka 'int'} from 'uint32_t' {aka 'unsigned int'} may change the sign of the result [-Wsign-conversion]
subs1.hpp:11198:22: warning: conversion to 'uint8_t' {aka 'unsigned char'} from 'int8_t' {aka 'signed char'} may change the sign of the result [-Wsign-conversion]
subs1.hpp:11273:26: warning: conversion to 'int32_t' {aka 'int'} from 'uint32_t' {aka 'unsigned int'} may change the sign of the result [-Wsign-conversion]
subs1.hpp:11274:21: warning: conversion to 'uint32_t' {aka 'unsigned int'} from 'int32_t' {aka 'int'} may change the sign of the result [-Wsign-conversion]
subs1.hpp: In member function 'void ModelBlock::expand_alphabet()':
subs1.hpp:11367:43: warning: conversion to 'uint32_t' {aka 'unsigned int'} from 'int32_t' {aka 'int'} may change the sign of the result [-Wsign-conversion]
subs1.hpp:11382:51: warning: conversion to 'int32_t' {aka 'int'} from 'uint32_t' {aka 'unsigned int'} may change the sign of the result [-Wsign-conversion]
subs1.hpp:11391:36: warning: conversion to 'uint32_t' {aka 'unsigned int'} from 'int32_t' {aka 'int'} may change the sign of the result [-Wsign-conversion]
subs1.hpp:11407:27: warning: conversion to 'uint32_t' {aka 'unsigned int'} from 'int32_t' {aka 'int'} may change the sign of the result [-Wsign-conversion]
subs1.hpp:11407:34: warning: conversion to 'int32_t' {aka 'int'} from 'uint32_t' {aka 'unsigned int'} may change the sign of the result [-Wsign-conversion]
subs1.hpp: In function 'ModelBlock* __layout_workspace(ModelBlock*, int32_t, int32_t, int32_t, int32_t)':
subs1.hpp:11424:7: warning: conversion to 'uint32_t' {aka 'unsigned int'} from 'int32_t' {aka 'int'} may change the sign of the result [-Wsign-conversion]
subs1.hpp:11426:16: warning: conversion to 'uint32_t' {aka 'unsigned int'} from 'int32_t' {aka 'int'} may change the sign of the result [-Wsign-conversion]
subs1.hpp:11428:16: warning: conversion to 'uint32_t' {aka 'unsigned int'} from 'int32_t' {aka 'int'} may change the sign of the result [-Wsign-conversion]
subs1.hpp:11429:20: warning: conversion to 'uint32_t' {aka 'unsigned int'} from 'int32_t' {aka 'int'} may change the sign of the result [-Wsign-conversion]
subs1.hpp:11470:14: warning: conversion from 'int' to 'uint8_t' {aka 'unsigned char'} may change value [-Wconversion]
subs1.hpp:11483:12: warning: conversion to 'int32_t' {aka 'int'} from 'uint32_t' {aka 'unsigned int'} may change the sign of the result [-Wsign-conversion]
subs1.hpp:11486:11: warning: conversion from 'int' to 'uint16_t' {aka 'short unsigned int'} may change value [-Wconversion]
subs1.hpp:11532:41: warning: conversion to 'uint32_t' {aka 'unsigned int'} from 'int' may change the sign of the result [-Wsign-conversion]
subs1.hpp: In member function 'void ModelBlock::unmodel_plane_slow(uint8_t*)':
subs1.hpp:11617:32: warning: conversion from 'int32_t' {aka 'int'} to 'uint8_t' {aka 'unsigned char'} may change value [-Wconversion]
subs1.hpp:11643:52: warning: conversion from 'int32_t' {aka 'int'} to 'uint8_t' {aka 'unsigned char'} may change value [-Wconversion]
subs1.hpp:11644:22: warning: conversion to 'int32_t' {aka 'int'} from 'uint32_t' {aka 'unsigned int'} may change the sign of the result [-Wsign-conversion]
subs1.hpp:11669:23: warning: conversion from 'int32_t' {aka 'int'} to 'uint16_t' {aka 'short unsigned int'} may change value [-Wconversion]
subs1.hpp:11681:23: warning: conversion from 'int32_t' {aka 'int'} to 'uint16_t' {aka 'short unsigned int'} may change value [-Wconversion]
subs1.hpp:11692:23: warning: conversion from 'int32_t' {aka 'int'} to 'uint16_t' {aka 'short unsigned int'} may change value [-Wconversion]
subs1.hpp:11698:21: warning: conversion from 'int' to 'uint16_t' {aka 'short unsigned int'} may change value [-Wconversion]
subs1.hpp:11704:21: warning: conversion from 'int' to 'uint16_t' {aka 'short unsigned int'} may change value [-Wconversion]
subs1.hpp:11710:21: warning: conversion from 'int' to 'uint16_t' {aka 'short unsigned int'} may change value [-Wconversion]
subs1.hpp:11717:22: warning: conversion from 'int32_t' {aka 'int'} to 'uint8_t' {aka 'unsigned char'} may change value [-Wconversion]
subs1.hpp:11726:22: warning: conversion from 'int32_t' {aka 'int'} to 'uint8_t' {aka 'unsigned char'} may change value [-Wconversion]
subs1.hpp:11733:22: warning: conversion from 'int16_t' {aka 'short int'} to 'uint8_t' {aka 'unsigned char'} may change value [-Wconversion]
subs1.hpp:11734:27: warning: conversion from 'int' to 'uint16_t' {aka 'short unsigned int'} may change value [-Wconversion]
subs1.hpp:11735:23: warning: conversion from 'int' to 'uint16_t' {aka 'short unsigned int'} may change value [-Wconversion]
subs1.hpp:11741:32: warning: conversion from 'int' to 'uint16_t' {aka 'short unsigned int'} may change value [-Wconversion]
subs1.hpp:11772:41: warning: conversion to 'int32_t' {aka 'int'} from 'uint32_t' {aka 'unsigned int'} may change the sign of the result [-Wsign-conversion]
subs1.hpp:11821:39: warning: conversion to 'uint32_t' {aka 'unsigned int'} from 'int32_t' {aka 'int'} may change the sign of the result [-Wsign-conversion]
subs1.hpp:11873:120: warning: conversion from 'int' to 'uint8_t' {aka 'unsigned char'} may change value [-Wconversion]
subs1.hpp:11880:100: warning: conversion from 'int' to 'uint8_t' {aka 'unsigned char'} may change value [-Wconversion]
subs1.hpp:11908:29: warning: comparison of integer expressions of different signedness: 'uint32_t' {aka 'unsigned int'} and 'int32_t' {aka 'int'} [-Wsign-compare]
subs1.hpp:11958:24: warning: conversion to 'int32_t' {aka 'int'} from 'uint32_t' {aka 'unsigned int'} may change the sign of the result [-Wsign-conversion]
subs1.hpp:11963:70: warning: conversion from 'uint32_t' {aka 'unsigned int'} to 'uint8_t' {aka 'unsigned char'} may change value [-Wconversion]
subs1.hpp:11967:23: warning: conversion from 'uint32_t' {aka 'unsigned int'} to 'uint8_t' {aka 'unsigned char'} may change value [-Wconversion]
subs1.hpp:11981:63: warning: conversion from 'uint32_t' {aka 'unsigned int'} to 'uint16_t' {aka 'short unsigned int'} may change value [-Wconversion]
subs1.hpp:11989:20: warning: conversion to 'int32_t' {aka 'int'} from 'uint32_t' {aka 'unsigned int'} may change the sign of the result [-Wsign-conversion]
subs1.hpp:11995:20: warning: conversion to 'uint32_t' {aka 'unsigned int'} from 'int32_t' {aka 'int'} may change the sign of the result [-Wsign-conversion]
subs1.hpp:11995:27: warning: conversion to 'int32_t' {aka 'int'} from 'uint32_t' {aka 'unsigned int'} may change the sign of the result [-Wsign-conversion]
subs1.hpp:12000:20: warning: conversion to 'uint32_t' {aka 'unsigned int'} from 'int32_t' {aka 'int'} may change the sign of the result [-Wsign-conversion]
subs1.hpp:12000:27: warning: conversion to 'int32_t' {aka 'int'} from 'uint32_t' {aka 'unsigned int'} may change the sign of the result [-Wsign-conversion]
subs1.hpp:12038:23: warning: conversion to 'uint32_t' {aka 'unsigned int'} from 'int32_t' {aka 'int'} may change the sign of the result [-Wsign-conversion]
subs1.hpp:12038:30: warning: conversion to 'int32_t' {aka 'int'} from 'uint32_t' {aka 'unsigned int'} may change the sign of the result [-Wsign-conversion]
subs1.hpp: In function 'int32_t __alt_model_p1_encode(uint16_t*, uint8_t*)':
subs1.hpp:12115:30: warning: conversion to 'int8_t' {aka 'signed char'} from 'uint8_t' {aka 'unsigned char'} may change the sign of the result [-Wsign-conversion]
subs1.hpp:12215:29: warning: conversion from 'int32_t' {aka 'int'} to 'uint8_t' {aka 'unsigned char'} may change value [-Wconversion]
subs1.hpp:12220:34: warning: conversion from 'int32_t' {aka 'int'} to 'uint8_t' {aka 'unsigned char'} may change value [-Wconversion]
subs1.hpp:12221:39: warning: conversion from 'uint32_t' {aka 'unsigned int'} to 'uint8_t' {aka 'unsigned char'} may change value [-Wconversion]
subs1.hpp:12240:33: warning: conversion from 'int' to 'uint8_t' {aka 'unsigned char'} may change value [-Wconversion]
subs1.hpp:12258:29: warning: conversion from 'int32_t' {aka 'int'} to 'uint8_t' {aka 'unsigned char'} may change value [-Wconversion]
subs1.hpp:12263:34: warning: conversion from 'int32_t' {aka 'int'} to 'uint8_t' {aka 'unsigned char'} may change value [-Wconversion]
subs1.hpp:12264:55: warning: conversion from 'int64_t' {aka 'long int'} to 'uint8_t' {aka 'unsigned char'} may change value [-Wconversion]
subs1.hpp:12286:79: warning: conversion to 'uint32_t' {aka 'unsigned int'} from 'int32_t' {aka 'int'} may change the sign of the result [-Wsign-conversion]
subs1.hpp:12285:37: warning: conversion to 'uint32_t' {aka 'unsigned int'} from 'int32_t' {aka 'int'} may change the sign of the result [-Wsign-conversion]
subs1.hpp:12283:35: warning: conversion to 'uint32_t' {aka 'unsigned int'} from 'int32_t' {aka 'int'} may change the sign of the result [-Wsign-conversion]
subs1.hpp:12304:29: warning: conversion from 'int32_t' {aka 'int'} to 'uint8_t' {aka 'unsigned char'} may change value [-Wconversion]
subs1.hpp:12308:34: warning: conversion from 'int32_t' {aka 'int'} to 'uint8_t' {aka 'unsigned char'} may change value [-Wconversion]
subs1.hpp:12309:55: warning: conversion from 'int64_t' {aka 'long int'} to 'uint8_t' {aka 'unsigned char'} may change value [-Wconversion]
subs1.hpp:12332:19: warning: conversion from 'int' to 'uint8_t' {aka 'unsigned char'} may change value [-Wconversion]
subs1.hpp:12346:43: warning: conversion from 'int32_t' {aka 'int'} to 'uint8_t' {aka 'unsigned char'} may change value [-Wconversion]
subs1.hpp:12358:36: warning: conversion from 'int32_t' {aka 'int'} to 'uint8_t' {aka 'unsigned char'} may change value [-Wconversion]
subs1.hpp:12359:57: warning: conversion from 'int64_t' {aka 'long int'} to 'uint8_t' {aka 'unsigned char'} may change value [-Wconversion]
subs1.hpp: In function 'uint32_t __alt_p2_model(AltP2Block*, int32_t, uint8_t, int32_t)':
subs1.hpp:12492:28: warning: conversion from 'int' to 'int16_t' {aka 'short int'} may change value [-Wconversion]
subs1.hpp:12498:45: warning: conversion from 'int' to 'uint8_t' {aka 'unsigned char'} may change value [-Wconversion]
subs1.hpp:12501:30: warning: conversion from 'uint32_t' {aka 'unsigned int'} to 'uint8_t' {aka 'unsigned char'} may change value [-Wconversion]
subs1.hpp:12505:37: warning: conversion from 'int64_t' {aka 'long int'} to 'int16_t' {aka 'short int'} may change value [-Wconversion]
subs1.hpp:12507:42: warning: conversion from 'int64_t' {aka 'long int'} to 'int16_t' {aka 'short int'} may change value [-Wconversion]
subs1.hpp:12509:48: warning: conversion from 'int64_t' {aka 'long int'} to 'int16_t' {aka 'short int'} may change value [-Wconversion]
subs1.hpp:12511:49: warning: conversion from 'int64_t' {aka 'long int'} to 'int16_t' {aka 'short int'} may change value [-Wconversion]
subs1.hpp:12513:25: warning: conversion from 'int64_t' {aka 'long int'} to 'int16_t' {aka 'short int'} may change value [-Wconversion]
subs1.hpp:12514:49: warning: conversion from 'int64_t' {aka 'long int'} to 'int16_t' {aka 'short int'} may change value [-Wconversion]
subs1.hpp:12592:16: warning: conversion to 'int32_t' {aka 'int'} from 'uint32_t' {aka 'unsigned int'} may change the sign of the result [-Wsign-conversion]
subs1.hpp:12597:41: warning: conversion to 'uint32_t' {aka 'unsigned int'} from 'int32_t' {aka 'int'} may change the sign of the result [-Wsign-conversion]
subs1.hpp:12599:23: warning: conversion from 'int32_t' {aka 'int'} to 'int16_t' {aka 'short int'} may change value [-Wconversion]
subs1.hpp:12603:16: warning: conversion to 'uint32_t' {aka 'unsigned int'} from 'int32_t' {aka 'int'} may change the sign of the result [-Wsign-conversion]
subs1.hpp:12605:25: warning: conversion from 'int32_t' {aka 'int'} to 'int16_t' {aka 'short int'} may change value [-Wconversion]
subs1.hpp:12611:23: warning: conversion from 'int32_t' {aka 'int'} to 'uint8_t' {aka 'unsigned char'} may change value [-Wconversion]
subs1.hpp:12617:31: warning: conversion from 'int' to 'uint8_t' {aka 'unsigned char'} may change value [-Wconversion]
subs1.hpp:12618:27: warning: conversion to 'int8_t' {aka 'signed char'} from 'uint8_t' {aka 'unsigned char'} may change the sign of the result [-Wsign-conversion]
subs1.hpp:12620:33: warning: conversion from 'int' to 'int16_t' {aka 'short int'} may change value [-Wconversion]
subs1.hpp:12624:25: warning: conversion from 'int32_t' {aka 'int'} to 'uint8_t' {aka 'unsigned char'} may change value [-Wconversion]
subs1.hpp:12643:59: warning: conversion to 'uint32_t' {aka 'unsigned int'} from 'int32_t' {aka 'int'} may change the sign of the result [-Wsign-conversion]
subs1.hpp:12640:49: warning: conversion to 'uint32_t' {aka 'unsigned int'} from 'int32_t' {aka 'int'} may change the sign of the result [-Wsign-conversion]
subs1.hpp:12641:55: warning: conversion from 'uint32_t' {aka 'unsigned int'} to 'uint16_t' {aka 'short unsigned int'} may change value [-Wconversion]
subs1.hpp:12654:55: warning: conversion to 'uint32_t' {aka 'unsigned int'} from 'int32_t' {aka 'int'} may change the sign of the result [-Wsign-conversion]
subs1.hpp:12652:46: warning: conversion to 'uint32_t' {aka 'unsigned int'} from 'int32_t' {aka 'int'} may change the sign of the result [-Wsign-conversion]
subs1.hpp:12653:51: warning: conversion from 'uint32_t' {aka 'unsigned int'} to 'uint16_t' {aka 'short unsigned int'} may change value [-Wconversion]
subs1.hpp:12672:64: warning: conversion to 'uint32_t' {aka 'unsigned int'} from 'int32_t' {aka 'int'} may change the sign of the result [-Wsign-conversion]
subs1.hpp:12678:64: warning: conversion to 'uint32_t' {aka 'unsigned int'} from 'int32_t' {aka 'int'} may change the sign of the result [-Wsign-conversion]
subs1.hpp:12684:64: warning: conversion to 'uint32_t' {aka 'unsigned int'} from 'int32_t' {aka 'int'} may change the sign of the result [-Wsign-conversion]
subs1.hpp:12688:63: warning: conversion to 'uint32_t' {aka 'unsigned int'} from 'int32_t' {aka 'int'} may change the sign of the result [-Wsign-conversion]
subs1.hpp:12694:63: warning: conversion to 'uint32_t' {aka 'unsigned int'} from 'int32_t' {aka 'int'} may change the sign of the result [-Wsign-conversion]
subs1.hpp:12698:63: warning: conversion to 'uint32_t' {aka 'unsigned int'} from 'int32_t' {aka 'int'} may change the sign of the result [-Wsign-conversion]
subs1.hpp:12702:57: warning: conversion to 'uint32_t' {aka 'unsigned int'} from 'int32_t' {aka 'int'} may change the sign of the result [-Wsign-conversion]
subs1.hpp:12710:62: warning: conversion to 'uint32_t' {aka 'unsigned int'} from 'int32_t' {aka 'int'} may change the sign of the result [-Wsign-conversion]
subs1.hpp:12714:62: warning: conversion to 'uint32_t' {aka 'unsigned int'} from 'int32_t' {aka 'int'} may change the sign of the result [-Wsign-conversion]
subs1.hpp:12717:22: warning: conversion to 'int32_t' {aka 'int'} from 'uint32_t' {aka 'unsigned int'} may change the sign of the result [-Wsign-conversion]
subs1.hpp:12718:22: warning: conversion to 'int32_t' {aka 'int'} from 'uint32_t' {aka 'unsigned int'} may change the sign of the result [-Wsign-conversion]
subs1.hpp:12723:59: warning: conversion to 'unsigned int' from 'int32_t' {aka 'int'} may change the sign of the result [-Wsign-conversion]
subs1.hpp:12723:54: warning: conversion to 'unsigned int' from 'int32_t' {aka 'int'} may change the sign of the result [-Wsign-conversion]
subs1.hpp:12725:53: warning: conversion to 'unsigned int' from 'int32_t' {aka 'int'} may change the sign of the result [-Wsign-conversion]
subs1.hpp:12725:48: warning: conversion to 'unsigned int' from 'int32_t' {aka 'int'} may change the sign of the result [-Wsign-conversion]
subs1.hpp:12748:30: warning: conversion to 'uint32_t' {aka 'unsigned int'} from 'int32_t' {aka 'int'} may change the sign of the result [-Wsign-conversion]
subs1.hpp:12749:25: warning: conversion to 'uint32_t' {aka 'unsigned int'} from 'int32_t' {aka 'int'} may change the sign of the result [-Wsign-conversion]
subs1.hpp:12749:31: warning: conversion from 'uint32_t' {aka 'unsigned int'} to 'uint16_t' {aka 'short unsigned int'} may change value [-Wconversion]
subs1.hpp:12751:22: warning: conversion from 'uint32_t' {aka 'unsigned int'} to 'uint16_t' {aka 'short unsigned int'} may change value [-Wconversion]
subs1.hpp:12761:86: warning: conversion to 'uint32_t' {aka 'unsigned int'} from 'int32_t' {aka 'int'} may change the sign of the result [-Wsign-conversion]
subs1.hpp:12761:84: warning: conversion from 'uint32_t' {aka 'unsigned int'} to 'uint16_t' {aka 'short unsigned int'} may change value [-Wconversion]
subs1.hpp:12774:88: warning: conversion to 'uint32_t' {aka 'unsigned int'} from 'int32_t' {aka 'int'} may change the sign of the result [-Wsign-conversion]
subs1.hpp:12774:86: warning: conversion from 'uint32_t' {aka 'unsigned int'} to 'uint16_t' {aka 'short unsigned int'} may change value [-Wconversion]
subs1.hpp:12786:56: warning: conversion from 'uint32_t' {aka 'unsigned int'} to 'uint16_t' {aka 'short unsigned int'} may change value [-Wconversion]
subs1.hpp:12798:56: warning: conversion from 'uint32_t' {aka 'unsigned int'} to 'uint16_t' {aka 'short unsigned int'} may change value [-Wconversion]
subs1.hpp:12808:115: warning: conversion from 'uint32_t' {aka 'unsigned int'} to 'uint16_t' {aka 'short unsigned int'} may change value [-Wconversion]
subs1.hpp:12818:115: warning: conversion from 'uint32_t' {aka 'unsigned int'} to 'uint16_t' {aka 'short unsigned int'} may change value [-Wconversion]
subs1.hpp:12828:115: warning: conversion from 'uint32_t' {aka 'unsigned int'} to 'uint16_t' {aka 'short unsigned int'} may change value [-Wconversion]
subs1.hpp:12839:115: warning: conversion from 'uint32_t' {aka 'unsigned int'} to 'uint16_t' {aka 'short unsigned int'} may change value [-Wconversion]
subs1.hpp:12849:115: warning: conversion from 'uint32_t' {aka 'unsigned int'} to 'uint16_t' {aka 'short unsigned int'} may change value [-Wconversion]
subs1.hpp:12859:115: warning: conversion from 'uint32_t' {aka 'unsigned int'} to 'uint16_t' {aka 'short unsigned int'} may change value [-Wconversion]
subs1.hpp:12869:115: warning: conversion from 'uint32_t' {aka 'unsigned int'} to 'uint16_t' {aka 'short unsigned int'} may change value [-Wconversion]
subs1.hpp:12874:36: warning: conversion to 'uint32_t' {aka 'unsigned int'} from 'int32_t' {aka 'int'} may change the sign of the result [-Wsign-conversion]
subs1.hpp:12875:36: warning: conversion to 'uint32_t' {aka 'unsigned int'} from 'int32_t' {aka 'int'} may change the sign of the result [-Wsign-conversion]
subs1.hpp:12872:29: warning: conversion to 'uint32_t' {aka 'unsigned int'} from 'int32_t' {aka 'int'} may change the sign of the result [-Wsign-conversion]
subs1.hpp:12873:32: warning: conversion from 'uint32_t' {aka 'unsigned int'} to 'int16_t' {aka 'short int'} may change value [-Wconversion]
subs1.hpp:12885:56: warning: conversion from 'uint32_t' {aka 'unsigned int'} to 'uint16_t' {aka 'short unsigned int'} may change value [-Wconversion]
subs1.hpp:12894:100: warning: conversion to 'uint32_t' {aka 'unsigned int'} from 'int32_t' {aka 'int'} may change the sign of the result [-Wsign-conversion]
subs1.hpp:12894:98: warning: conversion from 'uint32_t' {aka 'unsigned int'} to 'uint16_t' {aka 'short unsigned int'} may change value [-Wconversion]
subs1.hpp:12906:58: warning: conversion from 'uint32_t' {aka 'unsigned int'} to 'uint16_t' {aka 'short unsigned int'} may change value [-Wconversion]
subs1.hpp:12922:58: warning: conversion from 'uint32_t' {aka 'unsigned int'} to 'uint16_t' {aka 'short unsigned int'} may change value [-Wconversion]
subs1.hpp:12937:58: warning: conversion from 'uint32_t' {aka 'unsigned int'} to 'uint16_t' {aka 'short unsigned int'} may change value [-Wconversion]
subs1.hpp:12952:58: warning: conversion from 'uint32_t' {aka 'unsigned int'} to 'uint16_t' {aka 'short unsigned int'} may change value [-Wconversion]
subs1.hpp:12969:58: warning: conversion from 'uint32_t' {aka 'unsigned int'} to 'uint16_t' {aka 'short unsigned int'} may change value [-Wconversion]
subs1.hpp:12985:58: warning: conversion from 'uint32_t' {aka 'unsigned int'} to 'uint16_t' {aka 'short unsigned int'} may change value [-Wconversion]
subs1.hpp:13000:58: warning: conversion from 'uint32_t' {aka 'unsigned int'} to 'uint16_t' {aka 'short unsigned int'} may change value [-Wconversion]
subs1.hpp:13015:58: warning: conversion from 'uint32_t' {aka 'unsigned int'} to 'uint16_t' {aka 'short unsigned int'} may change value [-Wconversion]
subs1.hpp:13030:58: warning: conversion from 'uint32_t' {aka 'unsigned int'} to 'uint16_t' {aka 'short unsigned int'} may change value [-Wconversion]
subs1.hpp:13046:58: warning: conversion from 'uint32_t' {aka 'unsigned int'} to 'uint16_t' {aka 'short unsigned int'} may change value [-Wconversion]
subs1.hpp:13061:58: warning: conversion from 'uint32_t' {aka 'unsigned int'} to 'uint16_t' {aka 'short unsigned int'} may change value [-Wconversion]
subs1.hpp:13208:14: warning: conversion to 'int32_t' {aka 'int'} from 'uint32_t' {aka 'unsigned int'} may change the sign of the result [-Wsign-conversion]
subs1.hpp:13229:29: warning: conversion from 'uint32_t' {aka 'unsigned int'} to 'uint16_t' {aka 'short unsigned int'} may change value [-Wconversion]
subs1.hpp:13234:20: warning: conversion from 'uint32_t' {aka 'unsigned int'} to 'uint16_t' {aka 'short unsigned int'} may change value [-Wconversion]
subs1.hpp:13305:29: warning: conversion from 'uint32_t' {aka 'unsigned int'} to 'uint16_t' {aka 'short unsigned int'} may change value [-Wconversion]
subs1.hpp:13336:33: warning: conversion from 'int' to 'uint16_t' {aka 'short unsigned int'} may change value [-Wconversion]
subs1.hpp:13367:35: warning: conversion from 'uint32_t' {aka 'unsigned int'} to 'uint16_t' {aka 'short unsigned int'} may change value [-Wconversion]
subs1.hpp:13381:30: warning: conversion from 'uint32_t' {aka 'unsigned int'} to 'uint16_t' {aka 'short unsigned int'} may change value [-Wconversion]
subs1.hpp:13390:33: warning: conversion from 'int' to 'uint16_t' {aka 'short unsigned int'} may change value [-Wconversion]
subs1.hpp:13401:57: warning: conversion from 'uint32_t' {aka 'unsigned int'} to 'uint16_t' {aka 'short unsigned int'} may change value [-Wconversion]
subs1.hpp:13413:35: warning: conversion from 'uint32_t' {aka 'unsigned int'} to 'uint16_t' {aka 'short unsigned int'} may change value [-Wconversion]
subs1.hpp:13439:27: warning: conversion from 'uint32_t' {aka 'unsigned int'} to 'uint16_t' {aka 'short unsigned int'} may change value [-Wconversion]
subs1.hpp:13470:35: warning: conversion from 'uint32_t' {aka 'unsigned int'} to 'uint16_t' {aka 'short unsigned int'} may change value [-Wconversion]
subs1.hpp:13484:30: warning: conversion from 'uint32_t' {aka 'unsigned int'} to 'uint16_t' {aka 'short unsigned int'} may change value [-Wconversion]
subs1.hpp:13493:33: warning: conversion from 'uint32_t' {aka 'unsigned int'} to 'uint16_t' {aka 'short unsigned int'} may change value [-Wconversion]
subs1.hpp:13503:35: warning: conversion from 'uint32_t' {aka 'unsigned int'} to 'uint16_t' {aka 'short unsigned int'} may change value [-Wconversion]
subs1.hpp:13514:35: warning: conversion from 'uint32_t' {aka 'unsigned int'} to 'uint16_t' {aka 'short unsigned int'} may change value [-Wconversion]
subs1.hpp:13540:27: warning: conversion from 'uint32_t' {aka 'unsigned int'} to 'uint16_t' {aka 'short unsigned int'} may change value [-Wconversion]
subs1.hpp:13571:35: warning: conversion from 'uint32_t' {aka 'unsigned int'} to 'uint16_t' {aka 'short unsigned int'} may change value [-Wconversion]
subs1.hpp:13585:30: warning: conversion from 'uint32_t' {aka 'unsigned int'} to 'uint16_t' {aka 'short unsigned int'} may change value [-Wconversion]
subs1.hpp:13594:33: warning: conversion from 'uint32_t' {aka 'unsigned int'} to 'uint16_t' {aka 'short unsigned int'} may change value [-Wconversion]
subs1.hpp:13604:35: warning: conversion from 'uint32_t' {aka 'unsigned int'} to 'uint16_t' {aka 'short unsigned int'} may change value [-Wconversion]
subs1.hpp:13615:35: warning: conversion from 'uint32_t' {aka 'unsigned int'} to 'uint16_t' {aka 'short unsigned int'} may change value [-Wconversion]
subs1.hpp:13641:27: warning: conversion from 'uint32_t' {aka 'unsigned int'} to 'uint16_t' {aka 'short unsigned int'} may change value [-Wconversion]
subs1.hpp:13672:35: warning: conversion from 'uint32_t' {aka 'unsigned int'} to 'uint16_t' {aka 'short unsigned int'} may change value [-Wconversion]
subs1.hpp:13686:30: warning: conversion from 'uint32_t' {aka 'unsigned int'} to 'uint16_t' {aka 'short unsigned int'} may change value [-Wconversion]
subs1.hpp:13695:33: warning: conversion from 'uint32_t' {aka 'unsigned int'} to 'uint16_t' {aka 'short unsigned int'} may change value [-Wconversion]
subs1.hpp:13705:35: warning: conversion from 'uint32_t' {aka 'unsigned int'} to 'uint16_t' {aka 'short unsigned int'} may change value [-Wconversion]
subs1.hpp:13716:35: warning: conversion from 'uint32_t' {aka 'unsigned int'} to 'uint16_t' {aka 'short unsigned int'} may change value [-Wconversion]
subs1.hpp:13735:27: warning: conversion from 'uint32_t' {aka 'unsigned int'} to 'uint16_t' {aka 'short unsigned int'} may change value [-Wconversion]
subs1.hpp:13746:31: warning: conversion from 'uint32_t' {aka 'unsigned int'} to 'uint16_t' {aka 'short unsigned int'} may change value [-Wconversion]
subs1.hpp:13755:24: warning: conversion from 'uintptr_t' {aka 'long unsigned int'} to 'uint32_t' {aka 'unsigned int'} may change value [-Wconversion]
subs1.hpp:13756:34: warning: conversion from 'uint32_t' {aka 'unsigned int'} to 'uint16_t' {aka 'short unsigned int'} may change value [-Wconversion]
subs1.hpp:13767:30: warning: conversion from 'uint32_t' {aka 'unsigned int'} to 'uint16_t' {aka 'short unsigned int'} may change value [-Wconversion]
subs1.hpp:13771:31: warning: conversion from 'uint32_t' {aka 'unsigned int'} to 'uint16_t' {aka 'short unsigned int'} may change value [-Wconversion]
subs1.hpp:13777:33: warning: conversion from 'uint32_t' {aka 'unsigned int'} to 'uint16_t' {aka 'short unsigned int'} may change value [-Wconversion]
subs1.hpp:13784:34: warning: conversion from 'uint32_t' {aka 'unsigned int'} to 'uint16_t' {aka 'short unsigned int'} may change value [-Wconversion]
subs1.hpp:13798:27: warning: conversion from 'uint32_t' {aka 'unsigned int'} to 'uint16_t' {aka 'short unsigned int'} may change value [-Wconversion]
subs1.hpp:13803:18: warning: conversion from 'uint32_t' {aka 'unsigned int'} to 'uint16_t' {aka 'short unsigned int'} may change value [-Wconversion]
subs1.hpp: In function 'void __alt_p2_d8_decode_body(AltP2Block*, int8_t, uint8_t*, int32_t, int32_t)':
subs1.hpp:13841:58: warning: conversion to 'uint32_t' {aka 'unsigned int'} from 'int32_t' {aka 'int'} may change the sign of the result [-Wsign-conversion]
subs1.hpp:13842:54: warning: conversion to 'uint32_t' {aka 'unsigned int'} from 'int32_t' {aka 'int'} may change the sign of the result [-Wsign-conversion]
subs1.hpp:13857:14: warning: conversion from 'int16_t' {aka 'short int'} to 'uint8_t' {aka 'unsigned char'} may change value [-Wconversion]
subs1.hpp:13864:18: warning: conversion from 'int64_t' {aka 'long int'} to 'int16_t' {aka 'short int'} may change value [-Wconversion]
subs1.hpp:13865:40: warning: conversion from 'int64_t' {aka 'long int'} to 'uint16_t' {aka 'short unsigned int'} may change value [-Wconversion]
subs1.hpp:13866:30: warning: conversion from 'int64_t' {aka 'long int'} to 'int16_t' {aka 'short int'} may change value [-Wconversion]
subs1.hpp:13867:34: warning: conversion from 'int64_t' {aka 'long int'} to 'int16_t' {aka 'short int'} may change value [-Wconversion]
subs1.hpp:13868:33: warning: conversion from 'int64_t' {aka 'long int'} to 'int16_t' {aka 'short int'} may change value [-Wconversion]
subs1.hpp:13869:29: warning: conversion from 'int64_t' {aka 'long int'} to 'int16_t' {aka 'short int'} may change value [-Wconversion]
subs1.hpp:13873:56: warning: conversion from 'int' to 'uint8_t' {aka 'unsigned char'} may change value [-Wconversion]
subs1.hpp:13906:43: warning: conversion to 'size_t' {aka 'long unsigned int'} from 'int' may change the sign of the result [-Wsign-conversion]
subs1.hpp:13907:43: warning: conversion to 'size_t' {aka 'long unsigned int'} from 'int' may change the sign of the result [-Wsign-conversion]
subs1.hpp:13908:43: warning: conversion to 'size_t' {aka 'long unsigned int'} from 'int' may change the sign of the result [-Wsign-conversion]
subs1.hpp:13992:51: warning: conversion to 'uintptr_t' {aka 'long unsigned int'} from 'int32_t' {aka 'int'} may change the sign of the result [-Wsign-conversion]
subs1.hpp:13994:20: warning: conversion from 'int32_t' {aka 'int'} to 'uint8_t' {aka 'unsigned char'} may change value [-Wconversion]
subs1.hpp:13995:37: warning: conversion from 'uintptr_t' {aka 'long unsigned int'} to 'uint8_t' {aka 'unsigned char'} may change value [-Wconversion]
subs1.hpp: In function 'void __alt_model_p2_d8_decode(uint8_t*, int32_t, int32_t)':
subs1.hpp:14015:32: warning: conversion from 'int32_t' {aka 'int'} to 'int8_t' {aka 'signed char'} may change value [-Wconversion]
subs1.hpp: In function 'int32_t __alt_model_p2_decode(uint16_t*, uint8_t*)':
subs1.hpp:14083:51: warning: conversion to 'int32_t' {aka 'int'} from 'uint32_t' {aka 'unsigned int'} may change the sign of the result [-Wsign-conversion]
subs1.hpp:14093:21: warning: conversion from 'int32_t' {aka 'int'} to 'int8_t' {aka 'signed char'} may change value [-Wconversion]
subs1.hpp:14097:12: warning: conversion to 'int32_t' {aka 'int'} from 'uint32_t' {aka 'unsigned int'} may change the sign of the result [-Wsign-conversion]
subs1.hpp:14270:52: warning: conversion from 'int32_t' {aka 'int'} to 'uint8_t' {aka 'unsigned char'} may change value [-Wconversion]
subs1.hpp:14277:42: warning: conversion from 'int32_t' {aka 'int'} to 'uint8_t' {aka 'unsigned char'} may change value [-Wconversion]
subs1.hpp:14287:52: warning: conversion from 'int32_t' {aka 'int'} to 'uint8_t' {aka 'unsigned char'} may change value [-Wconversion]
subs1.hpp:14297:42: warning: conversion from 'int32_t' {aka 'int'} to 'uint8_t' {aka 'unsigned char'} may change value [-Wconversion]
subs1.hpp:14302:101: warning: conversion from 'int32_t' {aka 'int'} to 'int16_t' {aka 'short int'} may change value [-Wconversion]
subs1.hpp:14308:52: warning: conversion from 'int32_t' {aka 'int'} to 'uint8_t' {aka 'unsigned char'} may change value [-Wconversion]
subs1.hpp:14317:42: warning: conversion from 'int32_t' {aka 'int'} to 'uint8_t' {aka 'unsigned char'} may change value [-Wconversion]
subs1.hpp:14324:79: warning: conversion from 'int32_t' {aka 'int'} to 'int16_t' {aka 'short int'} may change value [-Wconversion]
subs1.hpp:14332:54: warning: conversion from 'int32_t' {aka 'int'} to 'uint8_t' {aka 'unsigned char'} may change value [-Wconversion]
subs1.hpp:14341:22: warning: conversion from 'int32_t' {aka 'int'} to 'uint8_t' {aka 'unsigned char'} may change value [-Wconversion]
subs1.hpp: In function 'void __alt_p2_d8_encode_body(AltP2Block*, uint8_t*, int32_t, int32_t, uint8_t*)':
subs1.hpp:14450:34: warning: conversion from 'int' to 'uint8_t' {aka 'unsigned char'} may change value [-Wconversion]
subs1.hpp:14463:58: warning: conversion to 'uint32_t' {aka 'unsigned int'} from 'int32_t' {aka 'int'} may change the sign of the result [-Wsign-conversion]
subs1.hpp:14464:54: warning: conversion to 'uint32_t' {aka 'unsigned int'} from 'int32_t' {aka 'int'} may change the sign of the result [-Wsign-conversion]
subs1.hpp:14477:29: warning: conversion from 'int32_t' {aka 'int'} to 'int16_t' {aka 'short int'} may change value [-Wconversion]
subs1.hpp:14478:30: warning: conversion from 'int32_t' {aka 'int'} to 'int16_t' {aka 'short int'} may change value [-Wconversion]
subs1.hpp:14482:19: warning: conversion from 'int64_t' {aka 'long int'} to 'int16_t' {aka 'short int'} may change value [-Wconversion]
subs1.hpp:14483:40: warning: conversion from 'int64_t' {aka 'long int'} to 'uint16_t' {aka 'short unsigned int'} may change value [-Wconversion]
subs1.hpp:14484:30: warning: conversion from 'int64_t' {aka 'long int'} to 'int16_t' {aka 'short int'} may change value [-Wconversion]
subs1.hpp:14485:34: warning: conversion from 'int64_t' {aka 'long int'} to 'int16_t' {aka 'short int'} may change value [-Wconversion]
subs1.hpp:14486:33: warning: conversion from 'int64_t' {aka 'long int'} to 'int16_t' {aka 'short int'} may change value [-Wconversion]
subs1.hpp:14487:29: warning: conversion from 'int64_t' {aka 'long int'} to 'int16_t' {aka 'short int'} may change value [-Wconversion]
subs1.hpp:14491:53: warning: conversion from 'int' to 'uint8_t' {aka 'unsigned char'} may change value [-Wconversion]
subs1.hpp:14520:34: warning: conversion to 'size_t' {aka 'long unsigned int'} from 'int32_t' {aka 'int'} may change the sign of the result [-Wsign-conversion]
subs1.hpp:14521:34: warning: conversion to 'size_t' {aka 'long unsigned int'} from 'int32_t' {aka 'int'} may change the sign of the result [-Wsign-conversion]
subs1.hpp:14522:34: warning: conversion to 'size_t' {aka 'long unsigned int'} from 'int32_t' {aka 'int'} may change the sign of the result [-Wsign-conversion]
subs1.hpp:14606:25: warning: conversion from 'int32_t' {aka 'int'} to 'uint8_t' {aka 'unsigned char'} may change value [-Wconversion]
subs1.hpp:14618:19: warning: conversion from 'int32_t' {aka 'int'} to 'uint8_t' {aka 'unsigned char'} may change value [-Wconversion]
subs1.hpp: In function 'int32_t __alt_model_p2_encode(BmfImage*, uint8_t*)':
subs1.hpp:14724:28: warning: conversion to 'uint32_t' {aka 'unsigned int'} from 'int' may change the sign of the result [-Wsign-conversion]
subs1.hpp:14725:19: warning: conversion to 'uint32_t' {aka 'unsigned int'} from 'int32_t' {aka 'int'} may change the sign of the result [-Wsign-conversion]
subs1.hpp:14911:26: warning: conversion from 'int32_t' {aka 'int'} to 'uint8_t' {aka 'unsigned char'} may change value [-Wconversion]
subs1.hpp:14914:52: warning: conversion from 'int32_t' {aka 'int'} to 'uint8_t' {aka 'unsigned char'} may change value [-Wconversion]
subs1.hpp:14945:25: warning: conversion from 'int32_t' {aka 'int'} to 'uint8_t' {aka 'unsigned char'} may change value [-Wconversion]
subs1.hpp:14948:52: warning: conversion from 'int32_t' {aka 'int'} to 'uint8_t' {aka 'unsigned char'} may change value [-Wconversion]
subs1.hpp:14959:101: warning: conversion from 'int32_t' {aka 'int'} to 'int16_t' {aka 'short int'} may change value [-Wconversion]
subs1.hpp:14980:25: warning: conversion from 'int32_t' {aka 'int'} to 'uint8_t' {aka 'unsigned char'} may change value [-Wconversion]
subs1.hpp:14983:52: warning: conversion from 'int32_t' {aka 'int'} to 'uint8_t' {aka 'unsigned char'} may change value [-Wconversion]
subs1.hpp:14999:79: warning: conversion from 'int32_t' {aka 'int'} to 'int16_t' {aka 'short int'} may change value [-Wconversion]
subs1.hpp:15019:32: warning: conversion from 'int32_t' {aka 'int'} to 'uint8_t' {aka 'unsigned char'} may change value [-Wconversion]
subs1.hpp:15022:52: warning: conversion from 'int32_t' {aka 'int'} to 'uint8_t' {aka 'unsigned char'} may change value [-Wconversion]
subs1.hpp: In function 'void __model_plane(BmfImage*, uint8_t*, uint8_t*)':
subs1.hpp:15131:31: warning: conversion from 'int32_t' {aka 'int'} to 'uint8_t' {aka 'unsigned char'} may change value [-Wconversion]
subs1.hpp:15144:29: warning: conversion to 'uint32_t' {aka 'unsigned int'} from 'int32_t' {aka 'int'} may change the sign of the result [-Wsign-conversion]
subs1.hpp:15144:52: warning: conversion from 'int32_t' {aka 'int'} to 'uint8_t' {aka 'unsigned char'} may change value [-Wconversion]
subs1.hpp:15145:24: warning: conversion to 'int32_t' {aka 'int'} from 'uint32_t' {aka 'unsigned int'} may change the sign of the result [-Wsign-conversion]
subs1.hpp:15175:21: warning: conversion from 'int32_t' {aka 'int'} to 'uint16_t' {aka 'short unsigned int'} may change value [-Wconversion]
subs1.hpp:15180:21: warning: conversion from 'int32_t' {aka 'int'} to 'uint16_t' {aka 'short unsigned int'} may change value [-Wconversion]
subs1.hpp:15185:22: warning: conversion from 'int32_t' {aka 'int'} to 'int16_t' {aka 'short int'} may change value [-Wconversion]
subs1.hpp:15191:25: warning: conversion from 'int32_t' {aka 'int'} to 'uint16_t' {aka 'short unsigned int'} may change value [-Wconversion]
subs1.hpp:15195:17: warning: conversion from 'int' to 'int16_t' {aka 'short int'} may change value [-Wconversion]
subs1.hpp:15201:25: warning: conversion from 'int32_t' {aka 'int'} to 'uint16_t' {aka 'short unsigned int'} may change value [-Wconversion]
subs1.hpp:15205:28: warning: conversion from 'int' to 'uint16_t' {aka 'short unsigned int'} may change value [-Wconversion]
subs1.hpp:15212:25: warning: conversion to 'uint16_t' {aka 'short unsigned int'} from 'int16_t' {aka 'short int'} may change the sign of the result [-Wsign-conversion]
subs1.hpp:15222:24: warning: conversion from 'int32_t' {aka 'int'} to 'uint8_t' {aka 'unsigned char'} may change value [-Wconversion]
subs1.hpp:15226:41: warning: conversion from 'int32_t' {aka 'int'} to 'uint8_t' {aka 'unsigned char'} may change value [-Wconversion]
subs1.hpp:15235:24: warning: conversion from 'int16_t' {aka 'short int'} to 'uint8_t' {aka 'unsigned char'} may change value [-Wconversion]
subs1.hpp:15236:28: warning: conversion from 'int' to 'uint16_t' {aka 'short unsigned int'} may change value [-Wconversion]
subs1.hpp:15237:24: warning: conversion from 'int' to 'uint16_t' {aka 'short unsigned int'} may change value [-Wconversion]
subs1.hpp:15243:34: warning: conversion from 'int' to 'uint16_t' {aka 'short unsigned int'} may change value [-Wconversion]
subs1.hpp:15272:43: warning: conversion to 'int32_t' {aka 'int'} from 'uint32_t' {aka 'unsigned int'} may change the sign of the result [-Wsign-conversion]
subs1.hpp:15368:112: warning: conversion from 'int' to 'uint8_t' {aka 'unsigned char'} may change value [-Wconversion]
subs1.hpp:15374:112: warning: conversion from 'int' to 'uint8_t' {aka 'unsigned char'} may change value [-Wconversion]
subs1.hpp: In function 'void __transform_planes(BmfImage*, int8_t)':
subs1.hpp:15510:42: warning: conversion to 'size_t' {aka 'long unsigned int'} from 'int32_t' {aka 'int'} may change the sign of the result [-Wsign-conversion]
subs1.hpp: In function 'uint8_t* __expand_image(BmfArc*, int32_t, void**)':
subs1.hpp:15728:14: warning: conversion to 'uint32_t' {aka 'unsigned int'} from 'int32_t' {aka 'int'} may change the sign of the result [-Wsign-conversion]
subs1.hpp:15787:29: warning: conversion to 'unsigned int' from 'int32_t' {aka 'int'} may change the sign of the result [-Wsign-conversion]
subs1.hpp:15787:51: warning: conversion to 'int32_t' {aka 'int'} from 'unsigned int' may change the sign of the result [-Wsign-conversion]
subs1.hpp:15862:24: warning: conversion to 'int32_t' {aka 'int'} from 'uint32_t' {aka 'unsigned int'} may change the sign of the result [-Wsign-conversion]
subs1.hpp:15882:23: warning: conversion from 'uint32_t' {aka 'unsigned int'} to 'int8_t' {aka 'signed char'} may change value [-Wconversion]
subs1.hpp:15947:34: warning: conversion from 'uint32_t' {aka 'unsigned int'} to 'uint8_t' {aka 'unsigned char'} may change value [-Wconversion]
subs1.hpp:15948:34: warning: conversion from 'int32_t' {aka 'int'} to 'uint8_t' {aka 'unsigned char'} may change value [-Wconversion]
subs1.hpp:15949:41: warning: conversion from 'int32_t' {aka 'int'} to 'uint8_t' {aka 'unsigned char'} may change value [-Wconversion]
subs1.hpp:15956:29: warning: conversion from 'uint32_t' {aka 'unsigned int'} to 'uint8_t' {aka 'unsigned char'} may change value [-Wconversion]
subs1.hpp:15962:29: warning: conversion from 'uint32_t' {aka 'unsigned int'} to 'uint8_t' {aka 'unsigned char'} may change value [-Wconversion]
subs1.hpp:15981:45: warning: conversion to 'int32_t' {aka 'int'} from 'uint32_t' {aka 'unsigned int'} may change the sign of the result [-Wsign-conversion]
subs1.hpp:15995:45: warning: conversion to 'int32_t' {aka 'int'} from 'uint32_t' {aka 'unsigned int'} may change the sign of the result [-Wsign-conversion]
subs1.hpp:16011:48: warning: conversion to 'int32_t' {aka 'int'} from 'uint32_t' {aka 'unsigned int'} may change the sign of the result [-Wsign-conversion]
subs1.hpp:16038:27: warning: conversion from 'int32_t' {aka 'int'} to 'int8_t' {aka 'signed char'} may change value [-Wconversion]
subs1.hpp:16090:25: warning: conversion to 'uint32_t' {aka 'unsigned int'} from 'int32_t' {aka 'int'} may change the sign of the result [-Wsign-conversion]
subs1.hpp:16094:24: warning: conversion to 'uint32_t' {aka 'unsigned int'} from 'int32_t' {aka 'int'} may change the sign of the result [-Wsign-conversion]
subs1.hpp:16099:26: warning: conversion to 'uint32_t' {aka 'unsigned int'} from 'int32_t' {aka 'int'} may change the sign of the result [-Wsign-conversion]
subs1.hpp:16102:30: warning: conversion to 'int32_t' {aka 'int'} from 'uint32_t' {aka 'unsigned int'} may change the sign of the result [-Wsign-conversion]
subs1.hpp:16153:16: warning: conversion from 'size_t' {aka 'long unsigned int'} to 'uint32_t' {aka 'unsigned int'} may change value [-Wconversion]
subs1.hpp:16238:42: warning: conversion from 'int' to 'uint16_t' {aka 'short unsigned int'} may change value [-Wconversion]
subs1.hpp: In function 'uint32_t __search_filter(BmfImage*, int8_t)':
subs1.hpp:16353:40: warning: conversion from 'int32_t' {aka 'int'} to 'uint8_t' {aka 'unsigned char'} may change value [-Wconversion]
subs1.hpp:16354:36: warning: conversion from 'int32_t' {aka 'int'} to 'uint8_t' {aka 'unsigned char'} may change value [-Wconversion]
subs1.hpp:16365:44: warning: conversion to 'int32_t' {aka 'int'} from 'uint32_t' {aka 'unsigned int'} may change the sign of the result [-Wsign-conversion]
subs1.hpp:16366:34: warning: conversion to 'size_t' {aka 'long unsigned int'} from 'int32_t' {aka 'int'} may change the sign of the result [-Wsign-conversion]
subs1.hpp:16373:37: warning: conversion to 'size_t' {aka 'long unsigned int'} from 'int32_t' {aka 'int'} may change the sign of the result [-Wsign-conversion]
subs1.hpp:16377:11: warning: conversion to 'uint32_t' {aka 'unsigned int'} from 'int32_t' {aka 'int'} may change the sign of the result [-Wsign-conversion]
subs1.hpp:16377:14: warning: conversion to 'int32_t' {aka 'int'} from 'uint32_t' {aka 'unsigned int'} may change the sign of the result [-Wsign-conversion]
subs1.hpp:16390:24: warning: conversion to 'size_t' {aka 'long unsigned int'} from 'int32_t' {aka 'int'} may change the sign of the result [-Wsign-conversion]
subs1.hpp:16424:21: warning: conversion from 'long int' to 'int32_t' {aka 'int'} may change value [-Wconversion]
subs1.hpp:16444:19: warning: conversion from 'long int' to 'int32_t' {aka 'int'} may change value [-Wconversion]
subs1.hpp:16467:21: warning: conversion from 'long int' to 'int32_t' {aka 'int'} may change value [-Wconversion]
subs1.hpp:16493:25: warning: conversion from 'long int' to 'int32_t' {aka 'int'} may change value [-Wconversion]
subs1.hpp:16515:24: warning: conversion from 'long int' to 'int32_t' {aka 'int'} may change value [-Wconversion]
subs1.hpp:16540:98: warning: conversion from 'long int' to 'int32_t' {aka 'int'} may change value [-Wconversion]
subs1.hpp:16542:28: warning: conversion from 'long int' to 'int32_t' {aka 'int'} may change value [-Wconversion]
subs1.hpp:16582:40: warning: conversion to 'uint32_t' {aka 'unsigned int'} from 'int32_t' {aka 'int'} may change the sign of the result [-Wsign-conversion]
subs1.hpp:16645:19: warning: conversion from 'int' to 'int16_t' {aka 'short int'} may change value [-Wconversion]
subs1.hpp:16649:50: warning: conversion to 'uint16_t' {aka 'short unsigned int'} from 'int16_t' {aka 'short int'} may change the sign of the result [-Wsign-conversion]
subs1.hpp:16661:18: warning: conversion from 'long int' to 'int32_t' {aka 'int'} may change value [-Wconversion]
subs1.hpp:16691:28: warning: conversion to 'uint32_t' {aka 'unsigned int'} from 'int32_t' {aka 'int'} may change the sign of the result [-Wsign-conversion]
subs1.hpp:16725:20: warning: conversion from 'int' to 'int16_t' {aka 'short int'} may change value [-Wconversion]
subs1.hpp:16729:52: warning: conversion to 'uint16_t' {aka 'short unsigned int'} from 'int16_t' {aka 'short int'} may change the sign of the result [-Wsign-conversion]
subs1.hpp:16738:40: warning: conversion to 'uint32_t' {aka 'unsigned int'} from 'int32_t' {aka 'int'} may change the sign of the result [-Wsign-conversion]
subs1.hpp:16800:18: warning: conversion from 'long int' to 'int32_t' {aka 'int'} may change value [-Wconversion]
subs1.hpp:16853:20: warning: conversion from 'long int' to 'int32_t' {aka 'int'} may change value [-Wconversion]
subs1.hpp:16887:23: warning: conversion from 'long int' to 'int32_t' {aka 'int'} may change value [-Wconversion]
subs1.hpp:16939:16: warning: conversion from 'long int' to 'int32_t' {aka 'int'} may change value [-Wconversion]
subs1.hpp:16971:18: warning: conversion from 'long int' to 'int32_t' {aka 'int'} may change value [-Wconversion]
subs1.hpp:16997:10: warning: conversion to 'uint32_t' {aka 'unsigned int'} from 'int32_t' {aka 'int'} may change the sign of the result [-Wsign-conversion]
subs1.hpp: In function 'int32_t __compress_image(BmfArc*, BmfImage*, void*)':
subs1.hpp:17154:46: warning: conversion to 'int32_t' {aka 'int'} from 'unsigned int' may change the sign of the result [-Wsign-conversion]
subs1.hpp:17168:33: warning: conversion to 'int32_t' {aka 'int'} from 'uint32_t' {aka 'unsigned int'} may change the sign of the result [-Wsign-conversion]
subs1.hpp:17169:38: warning: conversion to 'size_t' {aka 'long unsigned int'} from 'int32_t' {aka 'int'} may change the sign of the result [-Wsign-conversion]
subs1.hpp:17200:27: warning: conversion to 'int32_t' {aka 'int'} from 'uint32_t' {aka 'unsigned int'} may change the sign of the result [-Wsign-conversion]
subs1.hpp:17276:48: warning: conversion to 'uint32_t' {aka 'unsigned int'} from 'int32_t' {aka 'int'} may change the sign of the result [-Wsign-conversion]
subs1.hpp:17291:48: warning: conversion to 'uint32_t' {aka 'unsigned int'} from 'int32_t' {aka 'int'} may change the sign of the result [-Wsign-conversion]
subs1.hpp:17308:51: warning: conversion to 'uint32_t' {aka 'unsigned int'} from 'int32_t' {aka 'int'} may change the sign of the result [-Wsign-conversion]
subs1.hpp:17353:28: warning: conversion from 'long int' to 'int32_t' {aka 'int'} may change value [-Wconversion]
subs1.hpp:17365:39: warning: conversion to 'size_t' {aka 'long unsigned int'} from 'int32_t' {aka 'int'} may change the sign of the result [-Wsign-conversion]
subs1.hpp:17419:26: warning: conversion to 'uint32_t' {aka 'unsigned int'} from 'int' may change the sign of the result [-Wsign-conversion]
subs1.hpp:17432:19: warning: conversion from 'size_t' {aka 'long unsigned int'} to 'uint32_t' {aka 'unsigned int'} may change value [-Wconversion]
subs1.hpp:17433:20: warning: conversion to 'int32_t' {aka 'int'} from 'uint32_t' {aka 'unsigned int'} may change the sign of the result [-Wsign-conversion]
subs1.hpp:17434:30: warning: conversion to 'uint32_t' {aka 'unsigned int'} from 'int32_t' {aka 'int'} may change the sign of the result [-Wsign-conversion]
subs1.hpp: In function 'void __bmf_compress(const char*, const char*)':
subs1.hpp:17499:30: warning: conversion from 'int32_t' {aka 'int'} to 'uint8_t' {aka 'unsigned char'} may change value [-Wconversion]
subs1.hpp:17514:41: warning: conversion from 'int32_t' {aka 'int'} to 'uint8_t' {aka 'unsigned char'} may change value [-Wconversion]
# subs1.hpp 2486751395 652662
