In file included from bmf.cpp:353:
subs1.hpp: In function 'uint32_t __predict_med(uint8_t*, int32_t, int32_t)':
subs1.hpp:1550:12: warning: conversion from 'int32_t' {aka 'int'} to 'uint8_t' {aka 'unsigned char'} may change value [-Wconversion]
subs1.hpp:1562:10: warning: conversion from 'uint32_t' {aka 'unsigned int'} to 'uint8_t' {aka 'unsigned char'} may change value [-Wconversion]
subs1.hpp:1579:18: warning: conversion to 'uint32_t' {aka 'unsigned int'} from 'int32_t' {aka 'int'} may change the sign of the result [-Wsign-conversion]
subs1.hpp:1593:17: warning: comparison of integer expressions of different signedness: 'uint32_t' {aka 'unsigned int'} and 'int32_t' {aka 'int'} [-Wsign-compare]
subs1.hpp:1594:20: warning: conversion to 'int32_t' {aka 'int'} from 'uint32_t' {aka 'unsigned int'} may change the sign of the result [-Wsign-conversion]
subs1.hpp:1600:15: warning: comparison of integer expressions of different signedness: 'uint32_t' {aka 'unsigned int'} and 'int32_t' {aka 'int'} [-Wsign-compare]
subs1.hpp: In function 'uint32_t __alt_init_tables(uint8_t*, int8_t*)':
subs1.hpp:1649:17: warning: conversion from 'int' to 'int8_t' {aka 'signed char'} changes value from '128' to '-128' [-Wconversion]
subs1.hpp:1658:44: warning: conversion from 'uint32_t' {aka 'unsigned int'} to 'uint8_t' {aka 'unsigned char'} may change value [-Wconversion]
subs1.hpp:1659:43: warning: unsigned conversion from 'int' to 'uint32_t' {aka 'unsigned int'} changes value from '-2' to '4294967294' [-Wsign-conversion]
subs1.hpp:1659:45: warning: conversion from 'uint32_t' {aka 'unsigned int'} to 'uint8_t' {aka 'unsigned char'} may change value [-Wconversion]
subs1.hpp:1660:44: warning: conversion from 'uint32_t' {aka 'unsigned int'} to 'uint8_t' {aka 'unsigned char'} may change value [-Wconversion]
subs1.hpp:1661:43: warning: unsigned conversion from 'int' to 'uint32_t' {aka 'unsigned int'} changes value from '-2' to '4294967294' [-Wsign-conversion]
subs1.hpp:1661:45: warning: conversion from 'uint32_t' {aka 'unsigned int'} to 'uint8_t' {aka 'unsigned char'} may change value [-Wconversion]
subs1.hpp:1677:15: warning: unsigned conversion from 'int' to 'uint8_t' {aka 'unsigned char'} changes value from '-1' to '255' [-Wsign-conversion]
subs1.hpp:1683:16: warning: conversion to 'uint32_t' {aka 'unsigned int'} from 'int' may change the sign of the result [-Wsign-conversion]
subs1.hpp:1684:24: warning: conversion to 'uint32_t' {aka 'unsigned int'} from 'int' may change the sign of the result [-Wsign-conversion]
subs1.hpp:1701:18: warning: conversion from 'int' to 'uint8_t' {aka 'unsigned char'} may change value [-Wconversion]
subs1.hpp:1702:24: warning: conversion from 'int' to 'uint8_t' {aka 'unsigned char'} may change value [-Wconversion]
subs1.hpp:1703:24: warning: conversion from 'int' to 'uint8_t' {aka 'unsigned char'} may change value [-Wconversion]
subs1.hpp:1709:20: warning: conversion from 'int' to 'uint8_t' {aka 'unsigned char'} may change value [-Wconversion]
subs1.hpp:1710:26: warning: conversion from 'int' to 'uint8_t' {aka 'unsigned char'} may change value [-Wconversion]
subs1.hpp:1717:20: warning: conversion to 'int32_t' {aka 'int'} from 'uint32_t' {aka 'unsigned int'} may change the sign of the result [-Wsign-conversion]
subs1.hpp:1723:19: warning: comparison of integer expressions of different signedness: 'int32_t' {aka 'int'} and 'uint32_t' {aka 'unsigned int'} [-Wsign-compare]
subs1.hpp:1726:29: warning: conversion from 'int32_t' {aka 'int'} to 'uint8_t' {aka 'unsigned char'} may change value [-Wconversion]
subs1.hpp:1727:33: warning: conversion from 'int' to 'uint8_t' {aka 'unsigned char'} may change value [-Wconversion]
subs1.hpp:1728:43: warning: conversion from 'int' to 'uint8_t' {aka 'unsigned char'} may change value [-Wconversion]
subs1.hpp:1736:59: warning: conversion from 'uint32_t' {aka 'unsigned int'} to 'uint8_t' {aka 'unsigned char'} may change value [-Wconversion]
subs1.hpp:1737:67: warning: conversion from 'uint32_t' {aka 'unsigned int'} to 'uint8_t' {aka 'unsigned char'} may change value [-Wconversion]
subs1.hpp: In function 'int32_t __encode_context_bit(BitCtr*, BitCtr*, int32_t)':
subs1.hpp:1762:22: warning: conversion to 'uint32_t' {aka 'unsigned int'} from 'int32_t' {aka 'int'} may change the sign of the result [-Wsign-conversion]
subs1.hpp:1763:38: warning: conversion to 'uint32_t' {aka 'unsigned int'} from 'int32_t' {aka 'int'} may change the sign of the result [-Wsign-conversion]
subs1.hpp:1763:50: warning: conversion from 'uint32_t' {aka 'unsigned int'} to 'uint16_t' {aka 'short unsigned int'} may change value [-Wconversion]
subs1.hpp:1764:54: warning: conversion from 'uint32_t' {aka 'unsigned int'} to 'uint16_t' {aka 'short unsigned int'} may change value [-Wconversion]
subs1.hpp:1768:56: warning: unsigned conversion from 'int' to 'uint32_t' {aka 'unsigned int'} changes value from '-3' to '4294967293' [-Wsign-conversion]
subs1.hpp:1768:60: warning: conversion to 'uint32_t' {aka 'unsigned int'} from 'int32_t' {aka 'int'} may change the sign of the result [-Wsign-conversion]
subs1.hpp:1768:58: warning: conversion from 'uint32_t' {aka 'unsigned int'} to 'uint16_t' {aka 'short unsigned int'} may change value [-Wconversion]
subs1.hpp:1772:14: warning: conversion to 'uint32_t' {aka 'unsigned int'} from 'int32_t' {aka 'int'} may change the sign of the result [-Wsign-conversion]
subs1.hpp:1773:19: warning: conversion to 'uint32_t' {aka 'unsigned int'} from 'int32_t' {aka 'int'} may change the sign of the result [-Wsign-conversion]
subs1.hpp:1773:23: warning: conversion to 'uint32_t' {aka 'unsigned int'} from 'int32_t' {aka 'int'} may change the sign of the result [-Wsign-conversion]
subs1.hpp:1775:14: warning: comparison of integer expressions of different signedness: 'uint32_t' {aka 'unsigned int'} and 'int32_t' {aka 'int'} [-Wsign-compare]
subs1.hpp:1779:28: warning: conversion from 'uint32_t' {aka 'unsigned int'} to 'uint16_t' {aka 'short unsigned int'} may change value [-Wconversion]
subs1.hpp:1781:28: warning: conversion from 'int32_t' {aka 'int'} to 'uint16_t' {aka 'short unsigned int'} may change value [-Wconversion]
subs1.hpp:1784:21: warning: conversion from 'int32_t' {aka 'int'} to 'uint16_t' {aka 'short unsigned int'} may change value [-Wconversion]
subs1.hpp:1785:16: warning: conversion from 'int' to 'uint16_t' {aka 'short unsigned int'} may change value [-Wconversion]
subs1.hpp:1790:14: warning: conversion to 'uint32_t' {aka 'unsigned int'} from 'int32_t' {aka 'int'} may change the sign of the result [-Wsign-conversion]
subs1.hpp:1791:17: warning: conversion to 'uint32_t' {aka 'unsigned int'} from 'int32_t' {aka 'int'} may change the sign of the result [-Wsign-conversion]
subs1.hpp:1791:21: warning: conversion to 'uint32_t' {aka 'unsigned int'} from 'int32_t' {aka 'int'} may change the sign of the result [-Wsign-conversion]
subs1.hpp:1793:14: warning: comparison of integer expressions of different signedness: 'uint32_t' {aka 'unsigned int'} and 'int32_t' {aka 'int'} [-Wsign-compare]
subs1.hpp:1797:23: warning: conversion from 'uint32_t' {aka 'unsigned int'} to 'uint16_t' {aka 'short unsigned int'} may change value [-Wconversion]
subs1.hpp:1799:25: warning: conversion from 'int32_t' {aka 'int'} to 'uint16_t' {aka 'short unsigned int'} may change value [-Wconversion]
subs1.hpp:1802:16: warning: conversion from 'int32_t' {aka 'int'} to 'uint16_t' {aka 'short unsigned int'} may change value [-Wconversion]
subs1.hpp:1803:21: warning: conversion from 'int32_t' {aka 'int'} to 'uint16_t' {aka 'short unsigned int'} may change value [-Wconversion]
subs1.hpp: In function 'int32_t __decode_context_bit(BitCtr*, BitCtr*)':
subs1.hpp:1819:22: warning: conversion to 'uint32_t' {aka 'unsigned int'} from 'int32_t' {aka 'int'} may change the sign of the result [-Wsign-conversion]
subs1.hpp:1820:38: warning: conversion to 'uint32_t' {aka 'unsigned int'} from 'int32_t' {aka 'int'} may change the sign of the result [-Wsign-conversion]
subs1.hpp:1820:50: warning: conversion from 'uint32_t' {aka 'unsigned int'} to 'uint16_t' {aka 'short unsigned int'} may change value [-Wconversion]
subs1.hpp:1821:54: warning: conversion from 'uint32_t' {aka 'unsigned int'} to 'uint16_t' {aka 'short unsigned int'} may change value [-Wconversion]
subs1.hpp:1825:56: warning: unsigned conversion from 'int' to 'uint32_t' {aka 'unsigned int'} changes value from '-3' to '4294967293' [-Wsign-conversion]
subs1.hpp:1825:60: warning: conversion to 'uint32_t' {aka 'unsigned int'} from 'int32_t' {aka 'int'} may change the sign of the result [-Wsign-conversion]
subs1.hpp:1825:58: warning: conversion from 'uint32_t' {aka 'unsigned int'} to 'uint16_t' {aka 'short unsigned int'} may change value [-Wconversion]
subs1.hpp:1829:14: warning: conversion to 'uint32_t' {aka 'unsigned int'} from 'int32_t' {aka 'int'} may change the sign of the result [-Wsign-conversion]
subs1.hpp:1830:28: warning: conversion to 'uint32_t' {aka 'unsigned int'} from 'int32_t' {aka 'int'} may change the sign of the result [-Wsign-conversion]
subs1.hpp:1830:32: warning: conversion to 'uint32_t' {aka 'unsigned int'} from 'int32_t' {aka 'int'} may change the sign of the result [-Wsign-conversion]
subs1.hpp:1832:14: warning: comparison of integer expressions of different signedness: 'uint32_t' {aka 'unsigned int'} and 'int32_t' {aka 'int'} [-Wsign-compare]
subs1.hpp:1836:28: warning: conversion from 'uint32_t' {aka 'unsigned int'} to 'uint16_t' {aka 'short unsigned int'} may change value [-Wconversion]
subs1.hpp:1838:28: warning: conversion from 'int32_t' {aka 'int'} to 'uint16_t' {aka 'short unsigned int'} may change value [-Wconversion]
subs1.hpp:1841:19: warning: conversion from 'int' to 'uint16_t' {aka 'short unsigned int'} may change value [-Wconversion]
subs1.hpp:1847:16: warning: conversion to 'uint32_t' {aka 'unsigned int'} from 'int32_t' {aka 'int'} may change the sign of the result [-Wsign-conversion]
subs1.hpp:1848:28: warning: conversion to 'uint32_t' {aka 'unsigned int'} from 'int32_t' {aka 'int'} may change the sign of the result [-Wsign-conversion]
subs1.hpp:1848:32: warning: conversion to 'uint32_t' {aka 'unsigned int'} from 'int32_t' {aka 'int'} may change the sign of the result [-Wsign-conversion]
subs1.hpp:1850:16: warning: comparison of integer expressions of different signedness: 'uint32_t' {aka 'unsigned int'} and 'int32_t' {aka 'int'} [-Wsign-compare]
subs1.hpp:1854:25: warning: conversion from 'uint32_t' {aka 'unsigned int'} to 'uint16_t' {aka 'short unsigned int'} may change value [-Wconversion]
subs1.hpp:1856:27: warning: conversion from 'int32_t' {aka 'int'} to 'uint16_t' {aka 'short unsigned int'} may change value [-Wconversion]
subs1.hpp:1859:26: warning: conversion from 'int32_t' {aka 'int'} to 'uint16_t' {aka 'short unsigned int'} may change value [-Wconversion]
subs1.hpp: In function 'int32_t __encode_symbol_list(SymList*, int32_t)':
subs1.hpp:1880:17: warning: conversion to 'int32_t' {aka 'int'} from 'uint32_t' {aka 'unsigned int'} may change the sign of the result [-Wsign-conversion]
subs1.hpp:1898:17: warning: conversion to 'uint32_t' {aka 'unsigned int'} from 'int32_t' {aka 'int'} may change the sign of the result [-Wsign-conversion]
subs1.hpp:1899:30: warning: conversion to 'uint32_t' {aka 'unsigned int'} from 'int32_t' {aka 'int'} may change the sign of the result [-Wsign-conversion]
subs1.hpp:1914:14: warning: conversion to 'uint32_t' {aka 'unsigned int'} from 'int32_t' {aka 'int'} may change the sign of the result [-Wsign-conversion]
subs1.hpp:1915:15: warning: conversion to 'uint32_t' {aka 'unsigned int'} from 'int32_t' {aka 'int'} may change the sign of the result [-Wsign-conversion]
subs1.hpp:1916:17: warning: conversion to 'uint32_t' {aka 'unsigned int'} from 'int32_t' {aka 'int'} may change the sign of the result [-Wsign-conversion]
subs1.hpp:1928:26: warning: conversion to 'uint32_t' {aka 'unsigned int'} from 'int32_t' {aka 'int'} may change the sign of the result [-Wsign-conversion]
subs1.hpp:1975:21: warning: conversion to 'int32_t' {aka 'int'} from 'uint32_t' {aka 'unsigned int'} may change the sign of the result [-Wsign-conversion]
subs1.hpp:1982:15: warning: conversion to 'uint32_t' {aka 'unsigned int'} from 'int32_t' {aka 'int'} may change the sign of the result [-Wsign-conversion]
subs1.hpp:1982:42: warning: conversion to 'int32_t' {aka 'int'} from 'uint32_t' {aka 'unsigned int'} may change the sign of the result [-Wsign-conversion]
subs1.hpp:1983:18: warning: conversion from 'int32_t' {aka 'int'} to 'uint8_t' {aka 'unsigned char'} may change value [-Wconversion]
subs1.hpp:1992:22: warning: conversion from 'int32_t' {aka 'int'} to 'uint8_t' {aka 'unsigned char'} may change value [-Wconversion]
subs1.hpp:2002:25: warning: conversion from 'int32_t' {aka 'int'} to 'uint8_t' {aka 'unsigned char'} may change value [-Wconversion]
subs1.hpp:2008:21: warning: conversion from 'int32_t' {aka 'int'} to 'uint8_t' {aka 'unsigned char'} may change value [-Wconversion]
subs1.hpp:2025:22: warning: conversion to 'uint32_t' {aka 'unsigned int'} from 'int32_t' {aka 'int'} may change the sign of the result [-Wsign-conversion]
subs1.hpp: In function 'void __symbol_list_update(SymList*, int32_t, uint32_t)':
subs1.hpp:2077:12: warning: conversion from 'uint32_t' {aka 'unsigned int'} to 'uint8_t' {aka 'unsigned char'} may change value [-Wconversion]
subs1.hpp:2131:17: warning: conversion to 'uint32_t' {aka 'unsigned int'} from 'int32_t' {aka 'int'} may change the sign of the result [-Wsign-conversion]
subs1.hpp:2131:44: warning: conversion to 'int32_t' {aka 'int'} from 'uint32_t' {aka 'unsigned int'} may change the sign of the result [-Wsign-conversion]
subs1.hpp:2132:20: warning: conversion from 'int32_t' {aka 'int'} to 'uint8_t' {aka 'unsigned char'} may change value [-Wconversion]
subs1.hpp:2141:24: warning: conversion from 'int32_t' {aka 'int'} to 'uint8_t' {aka 'unsigned char'} may change value [-Wconversion]
subs1.hpp:2151:27: warning: conversion from 'int32_t' {aka 'int'} to 'uint8_t' {aka 'unsigned char'} may change value [-Wconversion]
subs1.hpp:2157:23: warning: conversion from 'int32_t' {aka 'int'} to 'uint8_t' {aka 'unsigned char'} may change value [-Wconversion]
subs1.hpp:2203:18: warning: conversion to 'uint32_t' {aka 'unsigned int'} from 'int32_t' {aka 'int'} may change the sign of the result [-Wsign-conversion]
subs1.hpp:2205:17: warning: conversion from 'int32_t' {aka 'int'} to 'uint16_t' {aka 'short unsigned int'} may change value [-Wconversion]
subs1.hpp: In function 'int32_t __encode_symbol_tree(uint16_t*, int32_t)':
subs1.hpp:2268:18: warning: comparison of integer expressions of different signedness: 'uint32_t' {aka 'unsigned int'} and 'int32_t' {aka 'int'} [-Wsign-compare]
subs1.hpp:2273:21: warning: conversion to 'int32_t' {aka 'int'} from 'uint32_t' {aka 'unsigned int'} may change the sign of the result [-Wsign-conversion]
subs1.hpp:2279:23: warning: conversion from 'uint32_t' {aka 'unsigned int'} to 'uint16_t' {aka 'short unsigned int'} may change value [-Wconversion]
subs1.hpp:2280:19: warning: conversion from 'uint32_t' {aka 'unsigned int'} to 'uint16_t' {aka 'short unsigned int'} may change value [-Wconversion]
subs1.hpp:2281:22: warning: conversion from 'uint32_t' {aka 'unsigned int'} to 'uint16_t' {aka 'short unsigned int'} may change value [-Wconversion]
subs1.hpp:2284:16: warning: conversion from 'uint32_t' {aka 'unsigned int'} to 'int16_t' {aka 'short int'} may change value [-Wconversion]
subs1.hpp:2287:19: warning: conversion from 'uint32_t' {aka 'unsigned int'} to 'uint16_t' {aka 'short unsigned int'} may change value [-Wconversion]
subs1.hpp:2288:25: warning: conversion from 'uint32_t' {aka 'unsigned int'} to 'uint16_t' {aka 'short unsigned int'} may change value [-Wconversion]
subs1.hpp:2289:19: warning: conversion from 'uint32_t' {aka 'unsigned int'} to 'uint16_t' {aka 'short unsigned int'} may change value [-Wconversion]
subs1.hpp:2290:20: warning: conversion to 'uint32_t' {aka 'unsigned int'} from 'int' may change the sign of the result [-Wsign-conversion]
subs1.hpp:2290:31: warning: conversion from 'uint32_t' {aka 'unsigned int'} to 'uint16_t' {aka 'short unsigned int'} may change value [-Wconversion]
subs1.hpp:2293:19: warning: conversion from 'uint32_t' {aka 'unsigned int'} to 'uint16_t' {aka 'short unsigned int'} may change value [-Wconversion]
subs1.hpp:2294:24: warning: conversion from 'uint32_t' {aka 'unsigned int'} to 'uint16_t' {aka 'short unsigned int'} may change value [-Wconversion]
subs1.hpp:2295:25: warning: conversion from 'uint32_t' {aka 'unsigned int'} to 'uint16_t' {aka 'short unsigned int'} may change value [-Wconversion]
subs1.hpp:2297:19: warning: conversion from 'uint32_t' {aka 'unsigned int'} to 'uint16_t' {aka 'short unsigned int'} may change value [-Wconversion]
subs1.hpp:2298:24: warning: conversion from 'uint32_t' {aka 'unsigned int'} to 'uint16_t' {aka 'short unsigned int'} may change value [-Wconversion]
subs1.hpp:2299:21: warning: conversion from 'uint32_t' {aka 'unsigned int'} to 'uint16_t' {aka 'short unsigned int'} may change value [-Wconversion]
subs1.hpp:2301:19: warning: conversion from 'uint32_t' {aka 'unsigned int'} to 'uint16_t' {aka 'short unsigned int'} may change value [-Wconversion]
subs1.hpp:2302:18: warning: conversion from 'uint32_t' {aka 'unsigned int'} to 'uint16_t' {aka 'short unsigned int'} may change value [-Wconversion]
subs1.hpp:2306:17: warning: conversion from 'int32_t' {aka 'int'} to 'int16_t' {aka 'short int'} may change value [-Wconversion]
subs1.hpp:2307:25: warning: conversion from 'int32_t' {aka 'int'} to 'uint16_t' {aka 'short unsigned int'} may change value [-Wconversion]
subs1.hpp:2311:17: warning: conversion from 'int32_t' {aka 'int'} to 'int16_t' {aka 'short int'} may change value [-Wconversion]
subs1.hpp:2312:25: warning: conversion from 'int32_t' {aka 'int'} to 'uint16_t' {aka 'short unsigned int'} may change value [-Wconversion]
subs1.hpp:2317:11: warning: conversion to 'int16_t' {aka 'short int'} from 'uint16_t' {aka 'short unsigned int'} may change the sign of the result [-Wsign-conversion]
subs1.hpp:2319:9: warning: conversion from 'int' to 'uint16_t' {aka 'short unsigned int'} may change value [-Wconversion]
subs1.hpp:2332:30: warning: conversion to 'uint32_t' {aka 'unsigned int'} from 'int32_t' {aka 'int'} may change the sign of the result [-Wsign-conversion]
subs1.hpp:2332:34: warning: conversion to 'uint32_t' {aka 'unsigned int'} from 'int32_t' {aka 'int'} may change the sign of the result [-Wsign-conversion]
subs1.hpp:2332:29: warning: conversion to 'int32_t' {aka 'int'} from 'uint32_t' {aka 'unsigned int'} may change the sign of the result [-Wsign-conversion]
subs1.hpp:2338:26: warning: conversion from 'uint32_t' {aka 'unsigned int'} to 'uint16_t' {aka 'short unsigned int'} may change value [-Wconversion]
subs1.hpp:2341:32: warning: conversion from 'int32_t' {aka 'int'} to 'uint16_t' {aka 'short unsigned int'} may change value [-Wconversion]
subs1.hpp: In function 'int32_t __alt_p1_encode_symbol(uint16_t*, int32_t, int32_t, int32_t)':
subs1.hpp:2363:10: warning: conversion to 'int16_t' {aka 'short int'} from 'uint16_t' {aka 'short unsigned int'} may change the sign of the result [-Wsign-conversion]
subs1.hpp:2372:18: warning: comparison of integer expressions of different signedness: 'uint32_t' {aka 'unsigned int'} and 'int32_t' {aka 'int'} [-Wsign-compare]
subs1.hpp:2402:25: warning: conversion from 'int' to 'uint16_t' {aka 'short unsigned int'} may change value [-Wconversion]
subs1.hpp:2412:11: warning: conversion from 'int32_t' {aka 'int'} to 'uint16_t' {aka 'short unsigned int'} may change value [-Wconversion]
subs1.hpp:2416:48: warning: conversion to 'uint32_t' {aka 'unsigned int'} from 'int' may change the sign of the result [-Wsign-conversion]
subs1.hpp: In function 'int32_t __decode_symbol_tree(uint16_t*)':
subs1.hpp:2462:23: warning: conversion from 'uint32_t' {aka 'unsigned int'} to 'uint16_t' {aka 'short unsigned int'} may change value [-Wconversion]
subs1.hpp:2463:19: warning: conversion from 'uint32_t' {aka 'unsigned int'} to 'uint16_t' {aka 'short unsigned int'} may change value [-Wconversion]
subs1.hpp:2464:22: warning: conversion from 'uint32_t' {aka 'unsigned int'} to 'uint16_t' {aka 'short unsigned int'} may change value [-Wconversion]
subs1.hpp:2467:16: warning: conversion from 'uint32_t' {aka 'unsigned int'} to 'int16_t' {aka 'short int'} may change value [-Wconversion]
subs1.hpp:2469:19: warning: conversion from 'uint32_t' {aka 'unsigned int'} to 'uint16_t' {aka 'short unsigned int'} may change value [-Wconversion]
subs1.hpp:2470:19: warning: conversion to 'uint32_t' {aka 'unsigned int'} from 'int' may change the sign of the result [-Wsign-conversion]
subs1.hpp:2470:24: warning: conversion from 'uint32_t' {aka 'unsigned int'} to 'uint16_t' {aka 'short unsigned int'} may change value [-Wconversion]
subs1.hpp:2473:16: warning: conversion from 'uint32_t' {aka 'unsigned int'} to 'int16_t' {aka 'short int'} may change value [-Wconversion]
subs1.hpp:2475:19: warning: conversion from 'uint32_t' {aka 'unsigned int'} to 'uint16_t' {aka 'short unsigned int'} may change value [-Wconversion]
subs1.hpp:2476:19: warning: conversion to 'uint32_t' {aka 'unsigned int'} from 'int' may change the sign of the result [-Wsign-conversion]
subs1.hpp:2476:24: warning: conversion from 'uint32_t' {aka 'unsigned int'} to 'uint16_t' {aka 'short unsigned int'} may change value [-Wconversion]
subs1.hpp:2480:25: warning: conversion from 'uint32_t' {aka 'unsigned int'} to 'uint16_t' {aka 'short unsigned int'} may change value [-Wconversion]
subs1.hpp:2481:19: warning: conversion from 'uint32_t' {aka 'unsigned int'} to 'uint16_t' {aka 'short unsigned int'} may change value [-Wconversion]
subs1.hpp:2482:29: warning: conversion from 'uint32_t' {aka 'unsigned int'} to 'uint16_t' {aka 'short unsigned int'} may change value [-Wconversion]
subs1.hpp:2484:13: warning: conversion from 'uint32_t' {aka 'unsigned int'} to 'uint16_t' {aka 'short unsigned int'} may change value [-Wconversion]
subs1.hpp:2486:17: warning: conversion from 'int32_t' {aka 'int'} to 'uint16_t' {aka 'short unsigned int'} may change value [-Wconversion]
subs1.hpp:2488:17: warning: conversion from 'int32_t' {aka 'int'} to 'uint16_t' {aka 'short unsigned int'} may change value [-Wconversion]
subs1.hpp:2509:26: warning: conversion to 'uint32_t' {aka 'unsigned int'} from 'int32_t' {aka 'int'} may change the sign of the result [-Wsign-conversion]
subs1.hpp:2509:30: warning: conversion to 'uint32_t' {aka 'unsigned int'} from 'int32_t' {aka 'int'} may change the sign of the result [-Wsign-conversion]
subs1.hpp:2517:32: warning: conversion from 'int32_t' {aka 'int'} to 'uint16_t' {aka 'short unsigned int'} may change value [-Wconversion]
subs1.hpp: In function 'int32_t __alt_p1_decode_symbol(uint16_t*, int32_t, int32_t)':
subs1.hpp:2568:19: warning: conversion from 'int' to 'int16_t' {aka 'short int'} may change value [-Wconversion]
subs1.hpp:2570:35: warning: conversion from 'int' to 'int16_t' {aka 'short int'} may change value [-Wconversion]
subs1.hpp:2571:14: warning: conversion to 'uint16_t' {aka 'short unsigned int'} from 'int16_t' {aka 'short int'} may change the sign of the result [-Wsign-conversion]
subs1.hpp:2572:15: warning: conversion from 'int' to 'uint16_t' {aka 'short unsigned int'} may change value [-Wconversion]
subs1.hpp:2579:19: warning: conversion from 'int' to 'int16_t' {aka 'short int'} may change value [-Wconversion]
subs1.hpp:2580:11: warning: conversion to 'uint16_t' {aka 'short unsigned int'} from 'int16_t' {aka 'short int'} may change the sign of the result [-Wsign-conversion]
subs1.hpp:2586:58: warning: conversion to 'uint32_t' {aka 'unsigned int'} from 'int' may change the sign of the result [-Wsign-conversion]
subs1.hpp: In function 'int32_t __alt_p2_encode_symbol(P2Freq*, const uint32_t*, int32_t)':
subs1.hpp:2624:14: warning: conversion to 'int16_t' {aka 'short int'} from 'uint16_t' {aka 'short unsigned int'} may change the sign of the result [-Wsign-conversion]
subs1.hpp:2631:26: warning: conversion from 'uint32_t' {aka 'unsigned int'} to 'uint16_t' {aka 'short unsigned int'} may change value [-Wconversion]
subs1.hpp:2632:26: warning: conversion from 'uint32_t' {aka 'unsigned int'} to 'uint16_t' {aka 'short unsigned int'} may change value [-Wconversion]
subs1.hpp:2639:20: warning: conversion to 'uint32_t' {aka 'unsigned int'} from 'int32_t' {aka 'int'} may change the sign of the result [-Wsign-conversion]
subs1.hpp:2639:23: warning: conversion from 'uint32_t' {aka 'unsigned int'} to 'uint16_t' {aka 'short unsigned int'} may change value [-Wconversion]
subs1.hpp:2640:21: warning: conversion from 'int32_t' {aka 'int'} to 'uint16_t' {aka 'short unsigned int'} may change value [-Wconversion]
subs1.hpp:2641:18: warning: conversion to 'int16_t' {aka 'short int'} from 'uint16_t' {aka 'short unsigned int'} may change the sign of the result [-Wsign-conversion]
subs1.hpp:2645:25: warning: conversion to 'int32_t' {aka 'int'} from 'uint32_t' {aka 'unsigned int'} may change the sign of the result [-Wsign-conversion]
subs1.hpp:2646:21: warning: conversion from 'int32_t' {aka 'int'} to 'uint16_t' {aka 'short unsigned int'} may change value [-Wconversion]
subs1.hpp:2647:18: warning: conversion to 'int16_t' {aka 'short int'} from 'uint16_t' {aka 'short unsigned int'} may change the sign of the result [-Wsign-conversion]
subs1.hpp:2655:14: warning: conversion from 'int32_t' {aka 'int'} to 'uint16_t' {aka 'short unsigned int'} may change value [-Wconversion]
subs1.hpp: In function 'int32_t __alt_p2_decode_symbol(P2Freq*, const uint32_t*)':
subs1.hpp:2676:21: warning: conversion to 'uint32_t' {aka 'unsigned int'} from 'int' may change the sign of the result [-Wsign-conversion]
subs1.hpp:2677:23: warning: conversion to 'int32_t' {aka 'int'} from 'uint32_t' {aka 'unsigned int'} may change the sign of the result [-Wsign-conversion]
subs1.hpp:2679:15: warning: comparison of integer expressions of different signedness: 'int32_t' {aka 'int'} and 'uint32_t' {aka 'unsigned int'} [-Wsign-compare]
subs1.hpp:2683:13: warning: conversion to 'uint32_t' {aka 'unsigned int'} from 'int32_t' {aka 'int'} may change the sign of the result [-Wsign-conversion]
subs1.hpp:2706:26: warning: conversion from 'uint32_t' {aka 'unsigned int'} to 'uint16_t' {aka 'short unsigned int'} may change value [-Wconversion]
subs1.hpp:2707:26: warning: conversion from 'uint32_t' {aka 'unsigned int'} to 'uint16_t' {aka 'short unsigned int'} may change value [-Wconversion]
subs1.hpp:2711:42: warning: conversion to 'int32_t' {aka 'int'} from 'uint32_t' {aka 'unsigned int'} may change the sign of the result [-Wsign-conversion]
subs1.hpp:2714:23: warning: conversion from 'int32_t' {aka 'int'} to 'uint16_t' {aka 'short unsigned int'} may change value [-Wconversion]
subs1.hpp:2715:21: warning: conversion from 'int32_t' {aka 'int'} to 'uint16_t' {aka 'short unsigned int'} may change value [-Wconversion]
subs1.hpp:2720:25: warning: conversion to 'int32_t' {aka 'int'} from 'uint32_t' {aka 'unsigned int'} may change the sign of the result [-Wsign-conversion]
subs1.hpp:2721:21: warning: conversion from 'int32_t' {aka 'int'} to 'uint16_t' {aka 'short unsigned int'} may change value [-Wconversion]
subs1.hpp:2729:14: warning: conversion from 'int32_t' {aka 'int'} to 'uint16_t' {aka 'short unsigned int'} may change value [-Wconversion]
subs1.hpp: In function 'uint32_t __rescale_three_way(P2Freq*)':
subs1.hpp:2744:15: warning: conversion from 'uint32_t' {aka 'unsigned int'} to 'uint16_t' {aka 'short unsigned int'} may change value [-Wconversion]
subs1.hpp:2752:26: warning: conversion from 'uint32_t' {aka 'unsigned int'} to 'uint16_t' {aka 'short unsigned int'} may change value [-Wconversion]
subs1.hpp: In function 'int32_t __rescale_counter_pair(uint16_t*)':
subs1.hpp:2771:20: warning: conversion from 'int32_t' {aka 'int'} to 'uint16_t' {aka 'short unsigned int'} may change value [-Wconversion]
subs1.hpp: In function 'void** __free_workspace(ModelBlock*, int8_t)':
subs1.hpp:2808:23: warning: conversion to 'int32_t' {aka 'int'} from 'uint32_t' {aka 'unsigned int'} may change the sign of the result [-Wsign-conversion]
subs1.hpp:2826:23: warning: conversion to 'int32_t' {aka 'int'} from 'uint32_t' {aka 'unsigned int'} may change the sign of the result [-Wsign-conversion]
subs1.hpp: In function 'int32_t __pixel_context(ModelBlock*, uint32_t*)':
subs1.hpp:2867:23: warning: conversion to 'int32_t' {aka 'int'} from 'uint32_t' {aka 'unsigned int'} may change the sign of the result [-Wsign-conversion]
subs1.hpp:2871:16: warning: comparison of integer expressions of different signedness: 'int32_t' {aka 'int'} and 'uint32_t' {aka 'unsigned int'} [-Wsign-compare]
subs1.hpp:2871:39: warning: comparison of integer expressions of different signedness: 'int32_t' {aka 'int'} and 'uint32_t' {aka 'unsigned int'} [-Wsign-compare]
subs1.hpp:2871:62: warning: comparison of integer expressions of different signedness: 'int32_t' {aka 'int'} and 'uint32_t' {aka 'unsigned int'} [-Wsign-compare]
subs1.hpp:2871:85: warning: comparison of integer expressions of different signedness: 'int32_t' {aka 'int'} and 'uint32_t' {aka 'unsigned int'} [-Wsign-compare]
subs1.hpp:2871:108: warning: comparison of integer expressions of different signedness: 'int32_t' {aka 'int'} and 'uint32_t' {aka 'unsigned int'} [-Wsign-compare]
subs1.hpp:2872:17: warning: comparison of integer expressions of different signedness: 'int32_t' {aka 'int'} and 'uint32_t' {aka 'unsigned int'} [-Wsign-compare]
subs1.hpp:2874:16: warning: comparison of integer expressions of different signedness: 'int32_t' {aka 'int'} and 'uint32_t' {aka 'unsigned int'} [-Wsign-compare]
subs1.hpp:2875:16: warning: comparison of integer expressions of different signedness: 'int32_t' {aka 'int'} and 'uint32_t' {aka 'unsigned int'} [-Wsign-compare]
subs1.hpp:2876:16: warning: comparison of integer expressions of different signedness: 'int32_t' {aka 'int'} and 'uint32_t' {aka 'unsigned int'} [-Wsign-compare]
subs1.hpp:2877:16: warning: comparison of integer expressions of different signedness: 'int32_t' {aka 'int'} and 'uint32_t' {aka 'unsigned int'} [-Wsign-compare]
subs1.hpp:2878:16: warning: comparison of integer expressions of different signedness: 'int32_t' {aka 'int'} and 'uint32_t' {aka 'unsigned int'} [-Wsign-compare]
subs1.hpp:2879:16: warning: comparison of integer expressions of different signedness: 'int32_t' {aka 'int'} and 'uint32_t' {aka 'unsigned int'} [-Wsign-compare]
subs1.hpp:2880:16: warning: comparison of integer expressions of different signedness: 'int32_t' {aka 'int'} and 'uint32_t' {aka 'unsigned int'} [-Wsign-compare]
subs1.hpp:2881:16: warning: comparison of integer expressions of different signedness: 'int32_t' {aka 'int'} and 'uint32_t' {aka 'unsigned int'} [-Wsign-compare]
subs1.hpp:2882:16: warning: comparison of integer expressions of different signedness: 'int32_t' {aka 'int'} and 'uint32_t' {aka 'unsigned int'} [-Wsign-compare]
subs1.hpp:2883:16: warning: comparison of integer expressions of different signedness: 'int32_t' {aka 'int'} and 'uint32_t' {aka 'unsigned int'} [-Wsign-compare]
subs1.hpp:2884:16: warning: comparison of integer expressions of different signedness: 'int32_t' {aka 'int'} and 'uint32_t' {aka 'unsigned int'} [-Wsign-compare]
subs1.hpp:2885:16: warning: comparison of integer expressions of different signedness: 'int32_t' {aka 'int'} and 'uint32_t' {aka 'unsigned int'} [-Wsign-compare]
subs1.hpp:2886:16: warning: comparison of integer expressions of different signedness: 'int32_t' {aka 'int'} and 'uint32_t' {aka 'unsigned int'} [-Wsign-compare]
subs1.hpp:2887:16: warning: comparison of integer expressions of different signedness: 'int32_t' {aka 'int'} and 'uint32_t' {aka 'unsigned int'} [-Wsign-compare]
subs1.hpp:2888:16: warning: comparison of integer expressions of different signedness: 'int32_t' {aka 'int'} and 'uint32_t' {aka 'unsigned int'} [-Wsign-compare]
subs1.hpp:2889:16: warning: comparison of integer expressions of different signedness: 'int32_t' {aka 'int'} and 'uint32_t' {aka 'unsigned int'} [-Wsign-compare]
subs1.hpp: In function 'int32_t __init_model_tables(ModelBlock*)':
subs1.hpp:2935:17: warning: conversion to 'int32_t' {aka 'int'} from 'uint32_t' {aka 'unsigned int'} may change the sign of the result [-Wsign-conversion]
subs1.hpp:2968:24: warning: conversion to 'int32_t' {aka 'int'} from 'uint32_t' {aka 'unsigned int'} may change the sign of the result [-Wsign-conversion]
subs1.hpp:2972:24: warning: conversion to 'uint32_t' {aka 'unsigned int'} from 'int32_t' {aka 'int'} may change the sign of the result [-Wsign-conversion]
subs1.hpp:2980:29: warning: conversion to 'uint32_t' {aka 'unsigned int'} from 'int32_t' {aka 'int'} may change the sign of the result [-Wsign-conversion]
subs1.hpp:2981:21: warning: conversion to 'uint32_t' {aka 'unsigned int'} from 'int32_t' {aka 'int'} may change the sign of the result [-Wsign-conversion]
subs1.hpp:3002:39: warning: conversion to 'int32_t' {aka 'int'} from 'uint32_t' {aka 'unsigned int'} may change the sign of the result [-Wsign-conversion]
subs1.hpp:3010:21: warning: conversion to 'int32_t' {aka 'int'} from 'uint32_t' {aka 'unsigned int'} may change the sign of the result [-Wsign-conversion]
subs1.hpp:3015:21: warning: conversion to 'int32_t' {aka 'int'} from 'uint32_t' {aka 'unsigned int'} may change the sign of the result [-Wsign-conversion]
subs1.hpp:3031:21: warning: conversion to 'int32_t' {aka 'int'} from 'uint32_t' {aka 'unsigned int'} may change the sign of the result [-Wsign-conversion]
subs1.hpp:3043:22: warning: conversion from 'int32_t' {aka 'int'} to 'uint16_t' {aka 'short unsigned int'} may change value [-Wconversion]
subs1.hpp:3050:24: warning: conversion from 'int32_t' {aka 'int'} to 'uint16_t' {aka 'short unsigned int'} may change value [-Wconversion]
subs1.hpp:3058:26: warning: conversion from 'int32_t' {aka 'int'} to 'uint16_t' {aka 'short unsigned int'} may change value [-Wconversion]
subs1.hpp:3067:28: warning: conversion from 'int32_t' {aka 'int'} to 'uint16_t' {aka 'short unsigned int'} may change value [-Wconversion]
subs1.hpp:3077:30: warning: conversion from 'int32_t' {aka 'int'} to 'uint16_t' {aka 'short unsigned int'} may change value [-Wconversion]
subs1.hpp:3088:32: warning: conversion from 'int32_t' {aka 'int'} to 'uint16_t' {aka 'short unsigned int'} may change value [-Wconversion]
subs1.hpp:3092:32: warning: conversion from 'int32_t' {aka 'int'} to 'uint16_t' {aka 'short unsigned int'} may change value [-Wconversion]
subs1.hpp:3105:27: warning: conversion from 'int32_t' {aka 'int'} to 'uint16_t' {aka 'short unsigned int'} may change value [-Wconversion]
subs1.hpp:3134:18: warning: conversion from 'int' to 'uint8_t' {aka 'unsigned char'} may change value [-Wconversion]
subs1.hpp:3135:18: warning: conversion from 'int' to 'uint8_t' {aka 'unsigned char'} may change value [-Wconversion]
subs1.hpp:3136:18: warning: conversion from 'int' to 'uint8_t' {aka 'unsigned char'} may change value [-Wconversion]
subs1.hpp:3138:18: warning: conversion from 'int' to 'uint8_t' {aka 'unsigned char'} may change value [-Wconversion]
subs1.hpp: In function 'int32_t __alt_p1_context(AltP1Block*, AltP1Block*, AltP1Block*)':
subs1.hpp:3260:40: warning: conversion to 'int32_t' {aka 'int'} from 'uint32_t' {aka 'unsigned int'} may change the sign of the result [-Wsign-conversion]
subs1.hpp:3264:62: warning: conversion to 'uint32_t' {aka 'unsigned int'} from 'int32_t' {aka 'int'} may change the sign of the result [-Wsign-conversion]
subs1.hpp:3264:70: warning: conversion to 'uint32_t' {aka 'unsigned int'} from 'int32_t' {aka 'int'} may change the sign of the result [-Wsign-conversion]
subs1.hpp:3264:68: warning: conversion to 'int32_t' {aka 'int'} from 'uint32_t' {aka 'unsigned int'} may change the sign of the result [-Wsign-conversion]
subs1.hpp:3268:40: warning: conversion to 'int32_t' {aka 'int'} from 'uint32_t' {aka 'unsigned int'} may change the sign of the result [-Wsign-conversion]
subs1.hpp:3276:46: warning: conversion to 'uint32_t' {aka 'unsigned int'} from 'int' may change the sign of the result [-Wsign-conversion]
subs1.hpp:3276:60: warning: conversion to 'int32_t' {aka 'int'} from 'uint32_t' {aka 'unsigned int'} may change the sign of the result [-Wsign-conversion]
subs1.hpp:3277:46: warning: conversion to 'uint32_t' {aka 'unsigned int'} from 'int' may change the sign of the result [-Wsign-conversion]
subs1.hpp:3277:60: warning: conversion to 'int32_t' {aka 'int'} from 'uint32_t' {aka 'unsigned int'} may change the sign of the result [-Wsign-conversion]
subs1.hpp:3282:40: warning: conversion to 'int32_t' {aka 'int'} from 'uint32_t' {aka 'unsigned int'} may change the sign of the result [-Wsign-conversion]
subs1.hpp:3291:44: warning: conversion to 'uint32_t' {aka 'unsigned int'} from 'int' may change the sign of the result [-Wsign-conversion]
subs1.hpp:3291:58: warning: conversion to 'int32_t' {aka 'int'} from 'uint32_t' {aka 'unsigned int'} may change the sign of the result [-Wsign-conversion]
subs1.hpp:3292:45: warning: conversion to 'uint32_t' {aka 'unsigned int'} from 'int' may change the sign of the result [-Wsign-conversion]
subs1.hpp:3292:60: warning: conversion to 'int32_t' {aka 'int'} from 'uint32_t' {aka 'unsigned int'} may change the sign of the result [-Wsign-conversion]
subs1.hpp:3295:38: warning: conversion to 'uint32_t' {aka 'unsigned int'} from 'int' may change the sign of the result [-Wsign-conversion]
subs1.hpp:3296:38: warning: conversion to 'int32_t' {aka 'int'} from 'uint32_t' {aka 'unsigned int'} may change the sign of the result [-Wsign-conversion]
subs1.hpp:3297:43: warning: conversion to 'int32_t' {aka 'int'} from 'uint32_t' {aka 'unsigned int'} may change the sign of the result [-Wsign-conversion]
subs1.hpp:3305:58: warning: conversion to 'int32_t' {aka 'int'} from 'uint32_t' {aka 'unsigned int'} may change the sign of the result [-Wsign-conversion]
subs1.hpp:3344:12: warning: conversion to 'uint32_t' {aka 'unsigned int'} from 'int32_t' {aka 'int'} may change the sign of the result [-Wsign-conversion]
subs1.hpp:3344:10: warning: conversion to 'int32_t' {aka 'int'} from 'uint32_t' {aka 'unsigned int'} may change the sign of the result [-Wsign-conversion]
subs1.hpp: In function 'int32_t __update_binary_pair(uint16_t*, int32_t)':
subs1.hpp:3363:24: warning: conversion from 'uint32_t' {aka 'unsigned int'} to 'uint16_t' {aka 'short unsigned int'} may change value [-Wconversion]
subs1.hpp:3364:25: warning: conversion to 'int32_t' {aka 'int'} from 'uint32_t' {aka 'unsigned int'} may change the sign of the result [-Wsign-conversion]
subs1.hpp:3365:14: warning: conversion from 'int32_t' {aka 'int'} to 'uint16_t' {aka 'short unsigned int'} may change value [-Wconversion]
subs1.hpp:3386:28: warning: conversion from 'uint32_t' {aka 'unsigned int'} to 'uint16_t' {aka 'short unsigned int'} may change value [-Wconversion]
subs1.hpp:3392:26: warning: conversion to 'uint32_t' {aka 'unsigned int'} from 'int32_t' {aka 'int'} may change the sign of the result [-Wsign-conversion]
subs1.hpp:3392:22: warning: conversion from 'uint32_t' {aka 'unsigned int'} to 'uint16_t' {aka 'short unsigned int'} may change value [-Wconversion]
subs1.hpp: In function 'int32_t __alt_p1_model(AltP1Block*)':
subs1.hpp:3495:6: warning: conversion to 'int32_t' {aka 'int'} from 'uint32_t' {aka 'unsigned int'} may change the sign of the result [-Wsign-conversion]
subs1.hpp:3499:24: warning: conversion to 'uintptr_t' {aka 'unsigned int'} from 'int32_t' {aka 'int'} may change the sign of the result [-Wsign-conversion]
subs1.hpp:3503:29: warning: conversion to 'unsigned int' from 'int32_t' {aka 'int'} may change the sign of the result [-Wsign-conversion]
subs1.hpp:3503:63: warning: conversion to 'unsigned int' from 'int32_t' {aka 'int'} may change the sign of the result [-Wsign-conversion]
subs1.hpp:3505:31: warning: conversion from 'int' to 'int16_t' {aka 'short int'} may change value [-Wconversion]
subs1.hpp:3506:24: warning: conversion to 'uint16_t' {aka 'short unsigned int'} from 'int16_t' {aka 'short int'} may change the sign of the result [-Wsign-conversion]
subs1.hpp:3515:26: warning: conversion to 'uintptr_t' {aka 'unsigned int'} from 'int32_t' {aka 'int'} may change the sign of the result [-Wsign-conversion]
subs1.hpp:3522:32: warning: conversion from 'int' to 'int16_t' {aka 'short int'} may change value [-Wconversion]
subs1.hpp:3523:25: warning: conversion to 'uint16_t' {aka 'short unsigned int'} from 'int16_t' {aka 'short int'} may change the sign of the result [-Wsign-conversion]
subs1.hpp:3532:26: warning: conversion to 'uintptr_t' {aka 'unsigned int'} from 'int32_t' {aka 'int'} may change the sign of the result [-Wsign-conversion]
subs1.hpp:3540:28: warning: conversion to 'uintptr_t' {aka 'unsigned int'} from 'int32_t' {aka 'int'} may change the sign of the result [-Wsign-conversion]
subs1.hpp:3546:28: warning: conversion to 'uintptr_t' {aka 'unsigned int'} from 'int32_t' {aka 'int'} may change the sign of the result [-Wsign-conversion]
subs1.hpp:3550:25: warning: conversion to 'uint32_t' {aka 'unsigned int'} from 'int32_t' {aka 'int'} may change the sign of the result [-Wsign-conversion]
subs1.hpp:3559:15: warning: conversion to 'uint32_t' {aka 'unsigned int'} from 'int' may change the sign of the result [-Wsign-conversion]
subs1.hpp:3569:28: warning: conversion to 'uintptr_t' {aka 'unsigned int'} from 'int32_t' {aka 'int'} may change the sign of the result [-Wsign-conversion]
subs1.hpp:3574:21: warning: conversion to 'int32_t' {aka 'int'} from 'uintptr_t' {aka 'unsigned int'} may change the sign of the result [-Wsign-conversion]
subs1.hpp:3575:30: warning: conversion to 'uint32_t' {aka 'unsigned int'} from 'int32_t' {aka 'int'} may change the sign of the result [-Wsign-conversion]
subs1.hpp:3576:53: warning: conversion to 'uint32_t' {aka 'unsigned int'} from 'int32_t' {aka 'int'} may change the sign of the result [-Wsign-conversion]
subs1.hpp:3604:15: warning: conversion to 'uint32_t' {aka 'unsigned int'} from 'int32_t' {aka 'int'} may change the sign of the result [-Wsign-conversion]
subs1.hpp:3604:46: warning: conversion to 'int32_t' {aka 'int'} from 'uint32_t' {aka 'unsigned int'} may change the sign of the result [-Wsign-conversion]
subs1.hpp:3605:67: warning: conversion to 'uint32_t' {aka 'unsigned int'} from 'int32_t' {aka 'int'} may change the sign of the result [-Wsign-conversion]
subs1.hpp:3632:14: warning: conversion to 'uint32_t' {aka 'unsigned int'} from 'int32_t' {aka 'int'} may change the sign of the result [-Wsign-conversion]
subs1.hpp:3632:19: warning: conversion to 'int32_t' {aka 'int'} from 'uint32_t' {aka 'unsigned int'} may change the sign of the result [-Wsign-conversion]
subs1.hpp:3633:30: warning: conversion to 'uint32_t' {aka 'unsigned int'} from 'int32_t' {aka 'int'} may change the sign of the result [-Wsign-conversion]
subs1.hpp:3634:53: warning: conversion to 'uint32_t' {aka 'unsigned int'} from 'int32_t' {aka 'int'} may change the sign of the result [-Wsign-conversion]
subs1.hpp:3659:61: warning: conversion to 'uint32_t' {aka 'unsigned int'} from 'int32_t' {aka 'int'} may change the sign of the result [-Wsign-conversion]
subs1.hpp:3662:32: warning: conversion to 'int32_t' {aka 'int'} from 'uint32_t' {aka 'unsigned int'} may change the sign of the result [-Wsign-conversion]
subs1.hpp:3663:23: warning: conversion to 'uint32_t' {aka 'unsigned int'} from 'int32_t' {aka 'int'} may change the sign of the result [-Wsign-conversion]
subs1.hpp:3663:29: warning: conversion to 'int32_t' {aka 'int'} from 'uint32_t' {aka 'unsigned int'} may change the sign of the result [-Wsign-conversion]
subs1.hpp:3664:37: warning: conversion to 'uint32_t' {aka 'unsigned int'} from 'int32_t' {aka 'int'} may change the sign of the result [-Wsign-conversion]
subs1.hpp:3691:14: warning: conversion to 'uint32_t' {aka 'unsigned int'} from 'int32_t' {aka 'int'} may change the sign of the result [-Wsign-conversion]
subs1.hpp:3691:19: warning: conversion to 'int32_t' {aka 'int'} from 'uint32_t' {aka 'unsigned int'} may change the sign of the result [-Wsign-conversion]
subs1.hpp:3692:30: warning: conversion to 'uint32_t' {aka 'unsigned int'} from 'int32_t' {aka 'int'} may change the sign of the result [-Wsign-conversion]
subs1.hpp:3693:53: warning: conversion to 'uint32_t' {aka 'unsigned int'} from 'int32_t' {aka 'int'} may change the sign of the result [-Wsign-conversion]
subs1.hpp:3718:61: warning: conversion to 'uint32_t' {aka 'unsigned int'} from 'int32_t' {aka 'int'} may change the sign of the result [-Wsign-conversion]
subs1.hpp:3721:32: warning: conversion to 'int32_t' {aka 'int'} from 'uint32_t' {aka 'unsigned int'} may change the sign of the result [-Wsign-conversion]
subs1.hpp:3722:16: warning: conversion to 'uint32_t' {aka 'unsigned int'} from 'int32_t' {aka 'int'} may change the sign of the result [-Wsign-conversion]
subs1.hpp:3722:32: warning: conversion to 'int32_t' {aka 'int'} from 'uint32_t' {aka 'unsigned int'} may change the sign of the result [-Wsign-conversion]
subs1.hpp:3723:23: warning: conversion to 'uint32_t' {aka 'unsigned int'} from 'int32_t' {aka 'int'} may change the sign of the result [-Wsign-conversion]
subs1.hpp:3723:29: warning: conversion to 'int32_t' {aka 'int'} from 'uint32_t' {aka 'unsigned int'} may change the sign of the result [-Wsign-conversion]
subs1.hpp:3751:14: warning: conversion to 'uint32_t' {aka 'unsigned int'} from 'int32_t' {aka 'int'} may change the sign of the result [-Wsign-conversion]
subs1.hpp:3751:19: warning: conversion to 'int32_t' {aka 'int'} from 'uint32_t' {aka 'unsigned int'} may change the sign of the result [-Wsign-conversion]
subs1.hpp:3752:30: warning: conversion to 'uint32_t' {aka 'unsigned int'} from 'int32_t' {aka 'int'} may change the sign of the result [-Wsign-conversion]
subs1.hpp:3753:53: warning: conversion to 'uint32_t' {aka 'unsigned int'} from 'int32_t' {aka 'int'} may change the sign of the result [-Wsign-conversion]
subs1.hpp:3778:61: warning: conversion to 'uint32_t' {aka 'unsigned int'} from 'int32_t' {aka 'int'} may change the sign of the result [-Wsign-conversion]
subs1.hpp:3781:32: warning: conversion to 'int32_t' {aka 'int'} from 'uint32_t' {aka 'unsigned int'} may change the sign of the result [-Wsign-conversion]
subs1.hpp:3782:16: warning: conversion to 'uint32_t' {aka 'unsigned int'} from 'int32_t' {aka 'int'} may change the sign of the result [-Wsign-conversion]
subs1.hpp:3782:32: warning: conversion to 'int32_t' {aka 'int'} from 'uint32_t' {aka 'unsigned int'} may change the sign of the result [-Wsign-conversion]
subs1.hpp:3783:23: warning: conversion to 'uint32_t' {aka 'unsigned int'} from 'int32_t' {aka 'int'} may change the sign of the result [-Wsign-conversion]
subs1.hpp:3783:29: warning: conversion to 'int32_t' {aka 'int'} from 'uint32_t' {aka 'unsigned int'} may change the sign of the result [-Wsign-conversion]
subs1.hpp:3811:14: warning: conversion to 'uint32_t' {aka 'unsigned int'} from 'int32_t' {aka 'int'} may change the sign of the result [-Wsign-conversion]
subs1.hpp:3811:19: warning: conversion to 'int32_t' {aka 'int'} from 'uint32_t' {aka 'unsigned int'} may change the sign of the result [-Wsign-conversion]
subs1.hpp:3812:30: warning: conversion to 'uint32_t' {aka 'unsigned int'} from 'int32_t' {aka 'int'} may change the sign of the result [-Wsign-conversion]
subs1.hpp:3813:53: warning: conversion to 'uint32_t' {aka 'unsigned int'} from 'int32_t' {aka 'int'} may change the sign of the result [-Wsign-conversion]
subs1.hpp:3838:61: warning: conversion to 'uint32_t' {aka 'unsigned int'} from 'int32_t' {aka 'int'} may change the sign of the result [-Wsign-conversion]
subs1.hpp:3841:32: warning: conversion to 'int32_t' {aka 'int'} from 'uint32_t' {aka 'unsigned int'} may change the sign of the result [-Wsign-conversion]
subs1.hpp:3842:16: warning: conversion to 'uint32_t' {aka 'unsigned int'} from 'int32_t' {aka 'int'} may change the sign of the result [-Wsign-conversion]
subs1.hpp:3842:32: warning: conversion to 'int32_t' {aka 'int'} from 'uint32_t' {aka 'unsigned int'} may change the sign of the result [-Wsign-conversion]
subs1.hpp:3843:23: warning: conversion to 'uint32_t' {aka 'unsigned int'} from 'int32_t' {aka 'int'} may change the sign of the result [-Wsign-conversion]
subs1.hpp:3843:29: warning: conversion to 'int32_t' {aka 'int'} from 'uint32_t' {aka 'unsigned int'} may change the sign of the result [-Wsign-conversion]
subs1.hpp:3871:14: warning: conversion to 'uint32_t' {aka 'unsigned int'} from 'int32_t' {aka 'int'} may change the sign of the result [-Wsign-conversion]
subs1.hpp:3871:19: warning: conversion to 'int32_t' {aka 'int'} from 'uint32_t' {aka 'unsigned int'} may change the sign of the result [-Wsign-conversion]
subs1.hpp:3872:30: warning: conversion to 'uint32_t' {aka 'unsigned int'} from 'int32_t' {aka 'int'} may change the sign of the result [-Wsign-conversion]
subs1.hpp:3873:53: warning: conversion to 'uint32_t' {aka 'unsigned int'} from 'int32_t' {aka 'int'} may change the sign of the result [-Wsign-conversion]
subs1.hpp:3898:61: warning: conversion to 'uint32_t' {aka 'unsigned int'} from 'int32_t' {aka 'int'} may change the sign of the result [-Wsign-conversion]
subs1.hpp:3901:32: warning: conversion to 'int32_t' {aka 'int'} from 'uint32_t' {aka 'unsigned int'} may change the sign of the result [-Wsign-conversion]
subs1.hpp:3902:16: warning: conversion to 'uint32_t' {aka 'unsigned int'} from 'int32_t' {aka 'int'} may change the sign of the result [-Wsign-conversion]
subs1.hpp:3902:32: warning: conversion to 'int32_t' {aka 'int'} from 'uint32_t' {aka 'unsigned int'} may change the sign of the result [-Wsign-conversion]
subs1.hpp:3903:23: warning: conversion to 'uint32_t' {aka 'unsigned int'} from 'int32_t' {aka 'int'} may change the sign of the result [-Wsign-conversion]
subs1.hpp:3903:29: warning: conversion to 'int32_t' {aka 'int'} from 'uint32_t' {aka 'unsigned int'} may change the sign of the result [-Wsign-conversion]
subs1.hpp:3931:14: warning: conversion to 'uint32_t' {aka 'unsigned int'} from 'int32_t' {aka 'int'} may change the sign of the result [-Wsign-conversion]
subs1.hpp:3931:19: warning: conversion to 'int32_t' {aka 'int'} from 'uint32_t' {aka 'unsigned int'} may change the sign of the result [-Wsign-conversion]
subs1.hpp:3932:30: warning: conversion to 'uint32_t' {aka 'unsigned int'} from 'int32_t' {aka 'int'} may change the sign of the result [-Wsign-conversion]
subs1.hpp:3933:53: warning: conversion to 'uint32_t' {aka 'unsigned int'} from 'int32_t' {aka 'int'} may change the sign of the result [-Wsign-conversion]
subs1.hpp:3958:61: warning: conversion to 'uint32_t' {aka 'unsigned int'} from 'int32_t' {aka 'int'} may change the sign of the result [-Wsign-conversion]
subs1.hpp:3961:32: warning: conversion to 'int32_t' {aka 'int'} from 'uint32_t' {aka 'unsigned int'} may change the sign of the result [-Wsign-conversion]
subs1.hpp:3962:16: warning: conversion to 'uint32_t' {aka 'unsigned int'} from 'int32_t' {aka 'int'} may change the sign of the result [-Wsign-conversion]
subs1.hpp:3962:32: warning: conversion to 'int32_t' {aka 'int'} from 'uint32_t' {aka 'unsigned int'} may change the sign of the result [-Wsign-conversion]
subs1.hpp:3963:23: warning: conversion to 'uint32_t' {aka 'unsigned int'} from 'int32_t' {aka 'int'} may change the sign of the result [-Wsign-conversion]
subs1.hpp:3963:29: warning: conversion to 'int32_t' {aka 'int'} from 'uint32_t' {aka 'unsigned int'} may change the sign of the result [-Wsign-conversion]
subs1.hpp:3991:14: warning: conversion to 'uint32_t' {aka 'unsigned int'} from 'int32_t' {aka 'int'} may change the sign of the result [-Wsign-conversion]
subs1.hpp:3991:19: warning: conversion to 'int32_t' {aka 'int'} from 'uint32_t' {aka 'unsigned int'} may change the sign of the result [-Wsign-conversion]
subs1.hpp:3992:30: warning: conversion to 'uint32_t' {aka 'unsigned int'} from 'int32_t' {aka 'int'} may change the sign of the result [-Wsign-conversion]
subs1.hpp:3993:53: warning: conversion to 'uint32_t' {aka 'unsigned int'} from 'int32_t' {aka 'int'} may change the sign of the result [-Wsign-conversion]
subs1.hpp:4018:61: warning: conversion to 'uint32_t' {aka 'unsigned int'} from 'int32_t' {aka 'int'} may change the sign of the result [-Wsign-conversion]
subs1.hpp:4021:32: warning: conversion to 'int32_t' {aka 'int'} from 'uint32_t' {aka 'unsigned int'} may change the sign of the result [-Wsign-conversion]
subs1.hpp:4022:16: warning: conversion to 'uint32_t' {aka 'unsigned int'} from 'int32_t' {aka 'int'} may change the sign of the result [-Wsign-conversion]
subs1.hpp:4022:32: warning: conversion to 'int32_t' {aka 'int'} from 'uint32_t' {aka 'unsigned int'} may change the sign of the result [-Wsign-conversion]
subs1.hpp:4023:23: warning: conversion to 'uint32_t' {aka 'unsigned int'} from 'int32_t' {aka 'int'} may change the sign of the result [-Wsign-conversion]
subs1.hpp:4023:29: warning: conversion to 'int32_t' {aka 'int'} from 'uint32_t' {aka 'unsigned int'} may change the sign of the result [-Wsign-conversion]
subs1.hpp:4051:15: warning: conversion to 'uint32_t' {aka 'unsigned int'} from 'int32_t' {aka 'int'} may change the sign of the result [-Wsign-conversion]
subs1.hpp:4051:20: warning: conversion to 'int32_t' {aka 'int'} from 'uint32_t' {aka 'unsigned int'} may change the sign of the result [-Wsign-conversion]
subs1.hpp:4052:32: warning: conversion to 'uint32_t' {aka 'unsigned int'} from 'int32_t' {aka 'int'} may change the sign of the result [-Wsign-conversion]
subs1.hpp:4053:54: warning: conversion to 'uint32_t' {aka 'unsigned int'} from 'int32_t' {aka 'int'} may change the sign of the result [-Wsign-conversion]
subs1.hpp:4077:61: warning: conversion to 'uint32_t' {aka 'unsigned int'} from 'int32_t' {aka 'int'} may change the sign of the result [-Wsign-conversion]
subs1.hpp:4080:32: warning: conversion to 'int32_t' {aka 'int'} from 'uint32_t' {aka 'unsigned int'} may change the sign of the result [-Wsign-conversion]
subs1.hpp:4081:35: warning: conversion to 'uint32_t' {aka 'unsigned int'} from 'int32_t' {aka 'int'} may change the sign of the result [-Wsign-conversion]
subs1.hpp:4082:29: warning: conversion to 'uint32_t' {aka 'unsigned int'} from 'int32_t' {aka 'int'} may change the sign of the result [-Wsign-conversion]
subs1.hpp:4082:80: warning: conversion to 'uint32_t' {aka 'unsigned int'} from 'int32_t' {aka 'int'} may change the sign of the result [-Wsign-conversion]
subs1.hpp:4101:28: warning: conversion from 'uintptr_t' {aka 'unsigned int'} to 'uint16_t' {aka 'short unsigned int'} may change value [-Wconversion]
subs1.hpp:4106:10: warning: conversion to 'int32_t' {aka 'int'} from 'uintptr_t' {aka 'unsigned int'} may change the sign of the result [-Wsign-conversion]
subs1.hpp: In function 'int32_t* __alt_p1_alloc(AltP1Block*, int32_t, int32_t, int32_t)':
subs1.hpp:4127:30: warning: conversion from 'int32_t' {aka 'int'} to 'uint8_t' {aka 'unsigned char'} may change value [-Wconversion]
subs1.hpp:4130:34: warning: conversion from 'int32_t' {aka 'int'} to 'uint8_t' {aka 'unsigned char'} may change value [-Wconversion]
subs1.hpp:4143:34: warning: conversion from 'int' to 'uint8_t' {aka 'unsigned char'} may change value [-Wconversion]
subs1.hpp:4145:38: warning: conversion from 'int' to 'uint8_t' {aka 'unsigned char'} may change value [-Wconversion]
subs1.hpp:4179:59: warning: conversion to 'size_t' {aka 'unsigned int'} from 'int' may change the sign of the result [-Wsign-conversion]
subs1.hpp: In function 'uint8_t* __rc_begin_encode()':
subs1.hpp:4267:50: warning: conversion from 'int' to 'uint8_t' {aka 'unsigned char'} may change value [-Wconversion]
subs1.hpp:4272:27: warning: conversion from 'int32_t' {aka 'int'} to 'uint8_t' {aka 'unsigned char'} may change value [-Wconversion]
subs1.hpp:4273:34: warning: conversion from 'int32_t' {aka 'int'} to 'uint8_t' {aka 'unsigned char'} may change value [-Wconversion]
subs1.hpp:4276:15: warning: conversion to 'uint32_t' {aka 'unsigned int'} from 'int32_t' {aka 'int'} may change the sign of the result [-Wsign-conversion]
subs1.hpp:4300:37: warning: conversion from 'int' to 'uint16_t' {aka 'short unsigned int'} may change value [-Wconversion]
subs1.hpp: In function 'void __alt_p1_d8_encode_body(AltP1Block*, uint8_t*, uint8_t*)':
subs1.hpp:4430:35: warning: conversion from 'int32_t' {aka 'int'} to 'uint8_t' {aka 'unsigned char'} may change value [-Wconversion]
subs1.hpp:4431:54: warning: conversion from 'int64_t' {aka 'long long int'} to 'uint8_t' {aka 'unsigned char'} may change value [-Wconversion]
subs1.hpp:4454:15: warning: comparison of integer expressions of different signedness: 'int32_t' {aka 'int'} and 'uint32_t' {aka 'unsigned int'} [-Wsign-compare]
subs1.hpp: In function 'void bmf_set_denormal_mode()':
subs1.hpp:4499:3: warning: unsigned conversion from 'int' to 'unsigned int' changes value from '-65' to '4294967231' [-Wsign-conversion]
subs1.hpp: In function 'uint8_t* __alt_p2_alloc(AltP2Block*, int32_t, int32_t)':
subs1.hpp:4509:22: warning: conversion to 'uint32_t' {aka 'unsigned int'} from 'int32_t' {aka 'int'} may change the sign of the result [-Wsign-conversion]
subs1.hpp:4527:11: warning: conversion to 'int32_t' {aka 'int'} from 'uint32_t' {aka 'unsigned int'} may change the sign of the result [-Wsign-conversion]
subs1.hpp:4545:40: warning: conversion to 'uint32_t' {aka 'unsigned int'} from 'int32_t' {aka 'int'} may change the sign of the result [-Wsign-conversion]
subs1.hpp:4546:39: warning: conversion to 'uint32_t' {aka 'unsigned int'} from 'int32_t' {aka 'int'} may change the sign of the result [-Wsign-conversion]
subs1.hpp:4547:46: warning: conversion to 'size_t' {aka 'unsigned int'} from 'int' may change the sign of the result [-Wsign-conversion]
subs1.hpp:4548:28: warning: conversion to 'size_t' {aka 'unsigned int'} from 'int' may change the sign of the result [-Wsign-conversion]
subs1.hpp:4558:25: warning: conversion to 'uint32_t' {aka 'unsigned int'} from 'int32_t' {aka 'int'} may change the sign of the result [-Wsign-conversion]
subs1.hpp:4568:20: warning: conversion to 'int32_t' {aka 'int'} from 'uint32_t' {aka 'unsigned int'} may change the sign of the result [-Wsign-conversion]
subs1.hpp:4574:20: warning: comparison of integer expressions of different signedness: 'int32_t' {aka 'int'} and 'uint32_t' {aka 'unsigned int'} [-Wsign-compare]
subs1.hpp:4583:42: warning: conversion to 'size_t' {aka 'unsigned int'} from 'int32_t' {aka 'int'} may change the sign of the result [-Wsign-conversion]
subs1.hpp:4585:26: warning: conversion to 'size_t' {aka 'unsigned int'} from 'int32_t' {aka 'int'} may change the sign of the result [-Wsign-conversion]
subs1.hpp:4595:78: warning: conversion to 'uint32_t' {aka 'unsigned int'} from 'int' may change the sign of the result [-Wsign-conversion]
subs1.hpp:4597:82: warning: conversion to 'uint32_t' {aka 'unsigned int'} from 'int' may change the sign of the result [-Wsign-conversion]
subs1.hpp:4605:28: warning: conversion from 'int32_t' {aka 'int'} to 'uint8_t' {aka 'unsigned char'} may change value [-Wconversion]
subs1.hpp:4607:32: warning: conversion from 'int32_t' {aka 'int'} to 'uint8_t' {aka 'unsigned char'} may change value [-Wconversion]
subs1.hpp: In function 'int32_t* __alloc_image(int32_t, int32_t, int32_t, int32_t, int32_t)':
subs1.hpp:4681:19: warning: conversion from 'int32_t' {aka 'int'} to 'uint16_t' {aka 'short unsigned int'} may change value [-Wconversion]
subs1.hpp:4705:28: warning: conversion to 'unsigned int' from 'int32_t' {aka 'int'} may change the sign of the result [-Wsign-conversion]
subs1.hpp:4711:39: warning: conversion from 'int32_t' {aka 'int'} to 'uint16_t' {aka 'short unsigned int'} may change value [-Wconversion]
subs1.hpp:4716:65: warning: conversion to 'uint32_t' {aka 'unsigned int'} from 'int32_t' {aka 'int'} may change the sign of the result [-Wsign-conversion]
subs1.hpp:4720:65: warning: conversion to 'uint32_t' {aka 'unsigned int'} from 'int32_t' {aka 'int'} may change the sign of the result [-Wsign-conversion]
subs1.hpp:4724:26: warning: conversion to 'uint32_t' {aka 'unsigned int'} from 'int32_t' {aka 'int'} may change the sign of the result [-Wsign-conversion]
subs1.hpp:4736:53: warning: conversion to 'unsigned int' from 'int32_t' {aka 'int'} may change the sign of the result [-Wsign-conversion]
subs1.hpp:4742:50: warning: conversion to 'size_t' {aka 'unsigned int'} from 'int32_t' {aka 'int'} may change the sign of the result [-Wsign-conversion]
subs1.hpp:4751:16: warning: conversion from 'int32_t' {aka 'int'} to 'uint16_t' {aka 'short unsigned int'} may change value [-Wconversion]
subs1.hpp:4752:17: warning: conversion from 'int32_t' {aka 'int'} to 'uint16_t' {aka 'short unsigned int'} may change value [-Wconversion]
subs1.hpp:4753:17: warning: conversion to 'uint32_t' {aka 'unsigned int'} from 'int32_t' {aka 'int'} may change the sign of the result [-Wsign-conversion]
subs1.hpp:4755:20: warning: conversion to 'uint32_t' {aka 'unsigned int'} from 'int32_t' {aka 'int'} may change the sign of the result [-Wsign-conversion]
subs1.hpp:4762:18: warning: conversion to 'size_t' {aka 'unsigned int'} from 'int32_t' {aka 'int'} may change the sign of the result [-Wsign-conversion]
subs1.hpp: In function 'int32_t __write_bmp(uintptr_t, char*, int32_t)':
subs1.hpp:4909:37: warning: conversion from 'int32_t' {aka 'int'} to 'int8_t' {aka 'signed char'} may change value [-Wconversion]
subs1.hpp:4912:21: warning: conversion from 'int32_t' {aka 'int'} to 'uint16_t' {aka 'short unsigned int'} may change value [-Wconversion]
subs1.hpp:4935:49: warning: conversion to 'uint32_t' {aka 'unsigned int'} from 'int' may change the sign of the result [-Wsign-conversion]
subs1.hpp:4936:62: warning: conversion to 'uint32_t' {aka 'unsigned int'} from 'int32_t' {aka 'int'} may change the sign of the result [-Wsign-conversion]
subs1.hpp:4937:61: warning: conversion to 'uint32_t' {aka 'unsigned int'} from 'int32_t' {aka 'int'} may change the sign of the result [-Wsign-conversion]
subs1.hpp:4938:62: warning: conversion to 'uint32_t' {aka 'unsigned int'} from 'int32_t' {aka 'int'} may change the sign of the result [-Wsign-conversion]
subs1.hpp:4938:49: warning: conversion to 'uint32_t' {aka 'unsigned int'} from 'int' may change the sign of the result [-Wsign-conversion]
subs1.hpp:4939:25: warning: conversion to 'uint32_t' {aka 'unsigned int'} from 'int32_t' {aka 'int'} may change the sign of the result [-Wsign-conversion]
subs1.hpp:4939:18: warning: conversion to 'int32_t' {aka 'int'} from 'uint32_t' {aka 'unsigned int'} may change the sign of the result [-Wsign-conversion]
subs1.hpp:4942:21: warning: comparison of integer expressions of different signedness: 'uint32_t' {aka 'unsigned int'} and 'int32_t' {aka 'int'} [-Wsign-compare]
subs1.hpp:4944:22: warning: conversion to 'int32_t' {aka 'int'} from 'uint32_t' {aka 'unsigned int'} may change the sign of the result [-Wsign-conversion]
subs1.hpp:4950:21: warning: comparison of integer expressions of different signedness: 'int32_t' {aka 'int'} and 'uint32_t' {aka 'unsigned int'} [-Wsign-compare]
subs1.hpp:4951:75: warning: conversion to 'uint32_t' {aka 'unsigned int'} from 'int32_t' {aka 'int'} may change the sign of the result [-Wsign-conversion]
subs1.hpp:4952:73: warning: conversion to 'uint32_t' {aka 'unsigned int'} from 'int32_t' {aka 'int'} may change the sign of the result [-Wsign-conversion]
subs1.hpp:4953:74: warning: conversion to 'uint32_t' {aka 'unsigned int'} from 'int32_t' {aka 'int'} may change the sign of the result [-Wsign-conversion]
subs1.hpp:4953:47: warning: conversion to 'uint32_t' {aka 'unsigned int'} from 'int' may change the sign of the result [-Wsign-conversion]
subs1.hpp:4967:26: warning: conversion to 'uint32_t' {aka 'unsigned int'} from 'int32_t' {aka 'int'} may change the sign of the result [-Wsign-conversion]
subs1.hpp:4975:22: warning: conversion to 'int32_t' {aka 'int'} from 'uint32_t' {aka 'unsigned int'} may change the sign of the result [-Wsign-conversion]
subs1.hpp:4980:64: warning: conversion to 'uint32_t' {aka 'unsigned int'} from 'int32_t' {aka 'int'} may change the sign of the result [-Wsign-conversion]
subs1.hpp:4987:23: warning: conversion to 'int32_t' {aka 'int'} from 'uint32_t' {aka 'unsigned int'} may change the sign of the result [-Wsign-conversion]
subs1.hpp:4988:18: warning: conversion to 'uint32_t' {aka 'unsigned int'} from 'int32_t' {aka 'int'} may change the sign of the result [-Wsign-conversion]
subs1.hpp:4995:22: warning: comparison of integer expressions of different signedness: 'int32_t' {aka 'int'} and 'uint32_t' {aka 'unsigned int'} [-Wsign-compare]
subs1.hpp:5008:22: warning: conversion to 'size_t' {aka 'unsigned int'} from 'int' may change the sign of the result [-Wsign-conversion]
subs1.hpp:5043:26: warning: conversion to 'uint32_t' {aka 'unsigned int'} from 'int32_t' {aka 'int'} may change the sign of the result [-Wsign-conversion]
subs1.hpp:5045:49: warning: conversion to 'int32_t' {aka 'int'} from 'unsigned int' may change the sign of the result [-Wsign-conversion]
subs1.hpp:5090:37: warning: conversion from 'int32_t' {aka 'int'} to 'uint8_t' {aka 'unsigned char'} may change value [-Wconversion]
subs1.hpp:5091:48: warning: conversion to 'size_t' {aka 'unsigned int'} from 'int32_t' {aka 'int'} may change the sign of the result [-Wsign-conversion]
subs1.hpp:5122:26: warning: conversion from 'int32_t' {aka 'int'} to 'uint8_t' {aka 'unsigned char'} may change value [-Wconversion]
subs1.hpp:5124:28: warning: conversion from 'int32_t' {aka 'int'} to 'uint8_t' {aka 'unsigned char'} may change value [-Wconversion]
subs1.hpp:5164:29: warning: conversion from 'int32_t' {aka 'int'} to 'uint8_t' {aka 'unsigned char'} may change value [-Wconversion]
subs1.hpp:5165:40: warning: conversion to 'size_t' {aka 'unsigned int'} from 'int32_t' {aka 'int'} may change the sign of the result [-Wsign-conversion]
subs1.hpp:5202:27: warning: conversion from 'int32_t' {aka 'int'} to 'uint8_t' {aka 'unsigned char'} may change value [-Wconversion]
subs1.hpp:5203:38: warning: conversion to 'size_t' {aka 'unsigned int'} from 'int32_t' {aka 'int'} may change the sign of the result [-Wsign-conversion]
subs1.hpp:5252:20: warning: comparison of integer expressions of different signedness: 'uint32_t' {aka 'unsigned int'} and 'int' [-Wsign-compare]
subs1.hpp:5278:14: warning: conversion to 'int32_t' {aka 'int'} from 'uint32_t' {aka 'unsigned int'} may change the sign of the result [-Wsign-conversion]
subs1.hpp:5282:22: warning: conversion to 'size_t' {aka 'unsigned int'} from 'int32_t' {aka 'int'} may change the sign of the result [-Wsign-conversion]
subs1.hpp:5283:21: warning: conversion to 'int32_t' {aka 'int'} from 'uint32_t' {aka 'unsigned int'} may change the sign of the result [-Wsign-conversion]
subs1.hpp: In function 'uint32_t __init_symbol_list(SymList*, int32_t, int32_t, int32_t)':
subs1.hpp:5317:13: warning: conversion to 'uint32_t' {aka 'unsigned int'} from 'int32_t' {aka 'int'} may change the sign of the result [-Wsign-conversion]
subs1.hpp:5318:31: warning: conversion to 'size_t' {aka 'unsigned int'} from 'int' may change the sign of the result [-Wsign-conversion]
subs1.hpp:5332:33: warning: conversion from 'uint32_t' {aka 'unsigned int'} to 'uint16_t' {aka 'short unsigned int'} may change value [-Wconversion]
subs1.hpp: In function 'uint8_t* __interleave_plane(uint8_t*, uint8_t*, int32_t, int8_t)':
subs1.hpp:5379:70: warning: conversion to 'size_t' {aka 'unsigned int'} from 'int32_t' {aka 'int'} may change the sign of the result [-Wsign-conversion]
subs1.hpp:5419:34: warning: conversion to 'uint32_t' {aka 'unsigned int'} from 'int32_t' {aka 'int'} may change the sign of the result [-Wsign-conversion]
subs1.hpp:5418:34: warning: conversion to 'uint32_t' {aka 'unsigned int'} from 'int32_t' {aka 'int'} may change the sign of the result [-Wsign-conversion]
subs1.hpp:5420:32: warning: conversion to 'uint32_t' {aka 'unsigned int'} from 'int32_t' {aka 'int'} may change the sign of the result [-Wsign-conversion]
subs1.hpp:5435:34: warning: conversion to 'uint32_t' {aka 'unsigned int'} from 'int32_t' {aka 'int'} may change the sign of the result [-Wsign-conversion]
subs1.hpp:5434:32: warning: conversion to 'uint32_t' {aka 'unsigned int'} from 'int32_t' {aka 'int'} may change the sign of the result [-Wsign-conversion]
subs1.hpp:5437:32: warning: conversion to 'uint32_t' {aka 'unsigned int'} from 'int32_t' {aka 'int'} may change the sign of the result [-Wsign-conversion]
subs1.hpp:5459:42: warning: conversion from 'int' to 'uint8_t' {aka 'unsigned char'} may change value [-Wconversion]
subs1.hpp: In function 'uint8_t* __colour_transform(uint8_t*, uint8_t*, int32_t, int8_t)':
subs1.hpp:5504:76: warning: conversion to 'size_t' {aka 'unsigned int'} from 'int32_t' {aka 'int'} may change the sign of the result [-Wsign-conversion]
subs1.hpp:5554:31: warning: conversion from 'int' to 'uint8_t' {aka 'unsigned char'} may change value [-Wconversion]
subs1.hpp:5568:55: warning: conversion to 'uint32_t' {aka 'unsigned int'} from 'int32_t' {aka 'int'} may change the sign of the result [-Wsign-conversion]
subs1.hpp:5570:26: warning: conversion to 'uint32_t' {aka 'unsigned int'} from 'int32_t' {aka 'int'} may change the sign of the result [-Wsign-conversion]
subs1.hpp:5585:26: warning: conversion to 'uint32_t' {aka 'unsigned int'} from 'int32_t' {aka 'int'} may change the sign of the result [-Wsign-conversion]
subs1.hpp: In function 'int32_t __rc_begin_decode(int8_t)':
subs1.hpp:5672:50: warning: conversion from 'int' to 'uint8_t' {aka 'unsigned char'} may change value [-Wconversion]
subs1.hpp:5677:27: warning: conversion from 'int32_t' {aka 'int'} to 'uint8_t' {aka 'unsigned char'} may change value [-Wconversion]
subs1.hpp:5678:34: warning: conversion from 'int32_t' {aka 'int'} to 'uint8_t' {aka 'unsigned char'} may change value [-Wconversion]
subs1.hpp:5681:15: warning: conversion to 'uint32_t' {aka 'unsigned int'} from 'int32_t' {aka 'int'} may change the sign of the result [-Wsign-conversion]
subs1.hpp:5699:21: warning: conversion from 'int' to 'uint16_t' {aka 'short unsigned int'} may change value [-Wconversion]
subs1.hpp: In function 'uint8_t* __unpredict_med(uint8_t*, int32_t, int32_t)':
subs1.hpp:5780:20: warning: conversion to 'uint32_t' {aka 'unsigned int'} from 'int32_t' {aka 'int'} may change the sign of the result [-Wsign-conversion]
subs1.hpp:5781:23: warning: conversion to 'uint32_t' {aka 'unsigned int'} from 'int32_t' {aka 'int'} may change the sign of the result [-Wsign-conversion]
subs1.hpp:5850:19: warning: conversion from 'int32_t' {aka 'int'} to 'uint8_t' {aka 'unsigned char'} may change value [-Wconversion]
subs1.hpp: In function 'void** __alt_model_p1_d8_decode(int8_t, uint8_t*, int32_t, int32_t)':
subs1.hpp:6000:20: warning: conversion from 'int32_t' {aka 'int'} to 'uint8_t' {aka 'unsigned char'} may change value [-Wconversion]
subs1.hpp:6004:33: warning: conversion from 'int32_t' {aka 'int'} to 'uint8_t' {aka 'unsigned char'} may change value [-Wconversion]
subs1.hpp:6005:52: warning: conversion from 'int64_t' {aka 'long long int'} to 'uint8_t' {aka 'unsigned char'} may change value [-Wconversion]
subs1.hpp: In function 'int32_t __alt_model_p1_decode(uint16_t*, uint8_t*)':
subs1.hpp:6098:21: warning: conversion from 'int32_t' {aka 'int'} to 'int8_t' {aka 'signed char'} may change value [-Wconversion]
subs1.hpp:6199:83: warning: conversion to 'int32_t' {aka 'int'} from 'uint32_t' {aka 'unsigned int'} may change the sign of the result [-Wsign-conversion]
subs1.hpp:6200:23: warning: conversion to 'int32_t' {aka 'int'} from 'uint32_t' {aka 'unsigned int'} may change the sign of the result [-Wsign-conversion]
subs1.hpp:6208:33: warning: conversion from 'int32_t' {aka 'int'} to 'uint8_t' {aka 'unsigned char'} may change value [-Wconversion]
subs1.hpp:6209:38: warning: conversion from 'uint32_t' {aka 'unsigned int'} to 'uint8_t' {aka 'unsigned char'} may change value [-Wconversion]
subs1.hpp:6216:28: warning: conversion to 'uint32_t' {aka 'unsigned int'} from 'int' may change the sign of the result [-Wsign-conversion]
subs1.hpp:6217:19: warning: conversion to 'int32_t' {aka 'int'} from 'uint32_t' {aka 'unsigned int'} may change the sign of the result [-Wsign-conversion]
subs1.hpp:6227:46: warning: conversion from 'int32_t' {aka 'int'} to 'uint8_t' {aka 'unsigned char'} may change value [-Wconversion]
subs1.hpp:6229:41: warning: conversion to 'uintptr_t' {aka 'unsigned int'} from 'int32_t' {aka 'int'} may change the sign of the result [-Wsign-conversion]
subs1.hpp:6230:19: warning: conversion to 'int32_t' {aka 'int'} from 'uint32_t' {aka 'unsigned int'} may change the sign of the result [-Wsign-conversion]
subs1.hpp:6233:34: warning: conversion from 'int32_t' {aka 'int'} to 'uint8_t' {aka 'unsigned char'} may change value [-Wconversion]
subs1.hpp:6234:39: warning: conversion from 'uint32_t' {aka 'unsigned int'} to 'uint8_t' {aka 'unsigned char'} may change value [-Wconversion]
subs1.hpp:6254:46: warning: conversion from 'int32_t' {aka 'int'} to 'uint8_t' {aka 'unsigned char'} may change value [-Wconversion]
subs1.hpp:6259:34: warning: conversion from 'int32_t' {aka 'int'} to 'uint8_t' {aka 'unsigned char'} may change value [-Wconversion]
subs1.hpp:6260:40: warning: conversion to 'uint32_t' {aka 'unsigned int'} from 'int32_t' {aka 'int'} may change the sign of the result [-Wsign-conversion]
subs1.hpp:6260:45: warning: conversion to 'int32_t' {aka 'int'} from 'uint32_t' {aka 'unsigned int'} may change the sign of the result [-Wsign-conversion]
subs1.hpp:6260:39: warning: conversion from 'uint32_t' {aka 'unsigned int'} to 'uint8_t' {aka 'unsigned char'} may change value [-Wconversion]
subs1.hpp:6280:107: warning: conversion to 'uint32_t' {aka 'unsigned int'} from 'int32_t' {aka 'int'} may change the sign of the result [-Wsign-conversion]
subs1.hpp:6278:65: warning: conversion to 'uint32_t' {aka 'unsigned int'} from 'int32_t' {aka 'int'} may change the sign of the result [-Wsign-conversion]
subs1.hpp:6283:65: warning: conversion to 'uint32_t' {aka 'unsigned int'} from 'int32_t' {aka 'int'} may change the sign of the result [-Wsign-conversion]
subs1.hpp:6284:65: warning: conversion to 'uint32_t' {aka 'unsigned int'} from 'int32_t' {aka 'int'} may change the sign of the result [-Wsign-conversion]
subs1.hpp:6284:63: warning: conversion from 'uint32_t' {aka 'unsigned int'} to 'uint8_t' {aka 'unsigned char'} may change value [-Wconversion]
subs1.hpp:6286:48: warning: conversion from 'int32_t' {aka 'int'} to 'uint8_t' {aka 'unsigned char'} may change value [-Wconversion]
subs1.hpp:6296:36: warning: conversion from 'int32_t' {aka 'int'} to 'uint8_t' {aka 'unsigned char'} may change value [-Wconversion]
subs1.hpp:6297:42: warning: conversion to 'uint32_t' {aka 'unsigned int'} from 'int32_t' {aka 'int'} may change the sign of the result [-Wsign-conversion]
subs1.hpp:6297:47: warning: conversion to 'int32_t' {aka 'int'} from 'uint32_t' {aka 'unsigned int'} may change the sign of the result [-Wsign-conversion]
subs1.hpp:6297:41: warning: conversion from 'uint32_t' {aka 'unsigned int'} to 'uint8_t' {aka 'unsigned char'} may change value [-Wconversion]
subs1.hpp:6319:48: warning: conversion from 'int32_t' {aka 'int'} to 'uint8_t' {aka 'unsigned char'} may change value [-Wconversion]
subs1.hpp:6325:19: warning: comparison of integer expressions of different signedness: 'uint32_t' {aka 'unsigned int'} and 'int32_t' {aka 'int'} [-Wsign-compare]
subs1.hpp:6330:15: warning: comparison of integer expressions of different signedness: 'uint32_t' {aka 'unsigned int'} and 'int32_t' {aka 'int'} [-Wsign-compare]
subs1.hpp: In function 'int32_t __alt_p2_context(AltP2Block*, AltP2Block*, AltP2Block*)':
subs1.hpp:6734:37: warning: conversion from 'int32_t' {aka 'int'} to 'int16_t' {aka 'short int'} may change value [-Wconversion]
subs1.hpp:6912:8: warning: conversion to 'uint32_t' {aka 'unsigned int'} from 'int' may change the sign of the result [-Wsign-conversion]
subs1.hpp:6916:22: warning: conversion to 'int32_t' {aka 'int'} from 'uint32_t' {aka 'unsigned int'} may change the sign of the result [-Wsign-conversion]
subs1.hpp:6927:10: warning: conversion to 'int32_t' {aka 'int'} from 'uint32_t' {aka 'unsigned int'} may change the sign of the result [-Wsign-conversion]
subs1.hpp:6940:10: warning: conversion to 'int32_t' {aka 'int'} from 'uint32_t' {aka 'unsigned int'} may change the sign of the result [-Wsign-conversion]
subs1.hpp:6965:460: warning: conversion to 'uint32_t' {aka 'unsigned int'} from 'int' may change the sign of the result [-Wsign-conversion]
subs1.hpp:6965:10: warning: conversion to 'int32_t' {aka 'int'} from 'uint32_t' {aka 'unsigned int'} may change the sign of the result [-Wsign-conversion]
subs1.hpp:6981:10: warning: conversion to 'uint32_t' {aka 'unsigned int'} from 'int' may change the sign of the result [-Wsign-conversion]
subs1.hpp:6983:10: warning: conversion to 'int32_t' {aka 'int'} from 'uint32_t' {aka 'unsigned int'} may change the sign of the result [-Wsign-conversion]
subs1.hpp:7011:205: warning: conversion to 'uint32_t' {aka 'unsigned int'} from 'int' may change the sign of the result [-Wsign-conversion]
subs1.hpp:7011:10: warning: conversion to 'int32_t' {aka 'int'} from 'uint32_t' {aka 'unsigned int'} may change the sign of the result [-Wsign-conversion]
subs1.hpp:7027:10: warning: conversion to 'uint32_t' {aka 'unsigned int'} from 'int' may change the sign of the result [-Wsign-conversion]
subs1.hpp:7028:10: warning: conversion to 'int32_t' {aka 'int'} from 'uint32_t' {aka 'unsigned int'} may change the sign of the result [-Wsign-conversion]
subs1.hpp:7038:10: warning: conversion to 'uint32_t' {aka 'unsigned int'} from 'int' may change the sign of the result [-Wsign-conversion]
subs1.hpp:7041:24: warning: conversion to 'uint32_t' {aka 'unsigned int'} from 'int' may change the sign of the result [-Wsign-conversion]
subs1.hpp:7043:17: warning: conversion to 'uint32_t' {aka 'unsigned int'} from 'int32_t' {aka 'int'} may change the sign of the result [-Wsign-conversion]
subs1.hpp:7054:64: warning: conversion to 'uint32_t' {aka 'unsigned int'} from 'int' may change the sign of the result [-Wsign-conversion]
subs1.hpp:7068:22: warning: conversion to 'uint32_t' {aka 'unsigned int'} from 'int32_t' {aka 'int'} may change the sign of the result [-Wsign-conversion]
subs1.hpp:7079:65: warning: conversion to 'uint32_t' {aka 'unsigned int'} from 'int' may change the sign of the result [-Wsign-conversion]
subs1.hpp:7198:16: warning: conversion to 'uint32_t' {aka 'unsigned int'} from 'int32_t' {aka 'int'} may change the sign of the result [-Wsign-conversion]
subs1.hpp:7205:50: warning: conversion to 'uint32_t' {aka 'unsigned int'} from 'int32_t' {aka 'int'} may change the sign of the result [-Wsign-conversion]
subs1.hpp:7206:28: warning: conversion to 'uint32_t' {aka 'unsigned int'} from 'int32_t' {aka 'int'} may change the sign of the result [-Wsign-conversion]
subs1.hpp:7209:27: warning: conversion to 'uint32_t' {aka 'unsigned int'} from 'int32_t' {aka 'int'} may change the sign of the result [-Wsign-conversion]
subs1.hpp: In function 'void __reduce_alphabet(ModelBlock*, int8_t, uint8_t*)':
subs1.hpp:7314:21: warning: conversion to 'int32_t' {aka 'int'} from 'uint32_t' {aka 'unsigned int'} may change the sign of the result [-Wsign-conversion]
subs1.hpp:7318:26: warning: conversion to 'uint32_t' {aka 'unsigned int'} from 'int32_t' {aka 'int'} may change the sign of the result [-Wsign-conversion]
subs1.hpp:7371:33: warning: conversion to 'int32_t' {aka 'int'} from 'uint32_t' {aka 'unsigned int'} may change the sign of the result [-Wsign-conversion]
subs1.hpp:7378:39: warning: conversion from 'int32_t' {aka 'int'} to 'uint16_t' {aka 'short unsigned int'} may change value [-Wconversion]
subs1.hpp:7382:21: warning: comparison of integer expressions of different signedness: 'uint32_t' {aka 'unsigned int'} and 'int32_t' {aka 'int'} [-Wsign-compare]
subs1.hpp:7387:37: warning: comparison of integer expressions of different signedness: 'int32_t' {aka 'int'} and 'uint32_t' {aka 'unsigned int'} [-Wsign-compare]
subs1.hpp:7400:38: warning: conversion from 'int32_t' {aka 'int'} to 'uint16_t' {aka 'short unsigned int'} may change value [-Wconversion]
subs1.hpp:7402:19: warning: comparison of integer expressions of different signedness: 'uint32_t' {aka 'unsigned int'} and 'int32_t' {aka 'int'} [-Wsign-compare]
subs1.hpp:7409:26: warning: conversion to 'uint32_t' {aka 'unsigned int'} from 'int32_t' {aka 'int'} may change the sign of the result [-Wsign-conversion]
subs1.hpp:7409:31: warning: conversion to 'uint32_t' {aka 'unsigned int'} from 'int32_t' {aka 'int'} may change the sign of the result [-Wsign-conversion]
subs1.hpp:7410:14: warning: conversion to 'uint32_t' {aka 'unsigned int'} from 'int32_t' {aka 'int'} may change the sign of the result [-Wsign-conversion]
subs1.hpp:7413:88: warning: conversion to 'int32_t' {aka 'int'} from 'uint32_t' {aka 'unsigned int'} may change the sign of the result [-Wsign-conversion]
subs1.hpp:7415:17: warning: conversion to 'uint32_t' {aka 'unsigned int'} from 'int32_t' {aka 'int'} may change the sign of the result [-Wsign-conversion]
subs1.hpp:7426:23: warning: conversion to 'uint32_t' {aka 'unsigned int'} from 'int32_t' {aka 'int'} may change the sign of the result [-Wsign-conversion]
subs1.hpp:7445:36: warning: conversion from 'uint32_t' {aka 'unsigned int'} to 'uint16_t' {aka 'short unsigned int'} may change value [-Wconversion]
subs1.hpp:7450:19: warning: comparison of integer expressions of different signedness: 'uint32_t' {aka 'unsigned int'} and 'int32_t' {aka 'int'} [-Wsign-compare]
subs1.hpp:7520:39: warning: conversion to 'int32_t' {aka 'int'} from 'uint32_t' {aka 'unsigned int'} may change the sign of the result [-Wsign-conversion]
subs1.hpp:7524:56: warning: conversion from 'int32_t' {aka 'int'} to 'uint16_t' {aka 'short unsigned int'} may change value [-Wconversion]
subs1.hpp:7526:35: warning: conversion to 'uint32_t' {aka 'unsigned int'} from 'int32_t' {aka 'int'} may change the sign of the result [-Wsign-conversion]
subs1.hpp:7540:46: warning: conversion from 'int32_t' {aka 'int'} to 'uint16_t' {aka 'short unsigned int'} may change value [-Wconversion]
subs1.hpp:7546:36: warning: conversion to 'int32_t' {aka 'int'} from 'uint32_t' {aka 'unsigned int'} may change the sign of the result [-Wsign-conversion]
subs1.hpp:7553:23: warning: conversion to 'uint32_t' {aka 'unsigned int'} from 'int32_t' {aka 'int'} may change the sign of the result [-Wsign-conversion]
subs1.hpp:7553:28: warning: conversion to 'uint32_t' {aka 'unsigned int'} from 'int32_t' {aka 'int'} may change the sign of the result [-Wsign-conversion]
subs1.hpp:7557:46: warning: conversion to 'uint32_t' {aka 'unsigned int'} from 'int32_t' {aka 'int'} may change the sign of the result [-Wsign-conversion]
subs1.hpp:7557:61: warning: conversion to 'uint32_t' {aka 'unsigned int'} from 'int32_t' {aka 'int'} may change the sign of the result [-Wsign-conversion]
subs1.hpp:7564:39: warning: conversion to 'uint32_t' {aka 'unsigned int'} from 'int32_t' {aka 'int'} may change the sign of the result [-Wsign-conversion]
subs1.hpp:7574:24: warning: conversion to 'int32_t' {aka 'int'} from 'uint32_t' {aka 'unsigned int'} may change the sign of the result [-Wsign-conversion]
subs1.hpp:7575:31: warning: conversion to 'int32_t' {aka 'int'} from 'uint32_t' {aka 'unsigned int'} may change the sign of the result [-Wsign-conversion]
subs1.hpp:7583:28: warning: conversion to 'int32_t' {aka 'int'} from 'uint32_t' {aka 'unsigned int'} may change the sign of the result [-Wsign-conversion]
subs1.hpp:7589:18: warning: comparison of integer expressions of different signedness: 'uint32_t' {aka 'unsigned int'} and 'int32_t' {aka 'int'} [-Wsign-compare]
subs1.hpp:7590:117: warning: conversion to 'uint32_t' {aka 'unsigned int'} from 'int32_t' {aka 'int'} may change the sign of the result [-Wsign-conversion]
subs1.hpp:7594:39: warning: conversion to 'uint32_t' {aka 'unsigned int'} from 'int32_t' {aka 'int'} may change the sign of the result [-Wsign-conversion]
subs1.hpp:7621:31: warning: conversion to 'int32_t' {aka 'int'} from 'uint32_t' {aka 'unsigned int'} may change the sign of the result [-Wsign-conversion]
subs1.hpp:7628:30: warning: comparison of integer expressions of different signedness: 'int32_t' {aka 'int'} and 'uint32_t' {aka 'unsigned int'} [-Wsign-compare]
subs1.hpp:7633:32: warning: comparison of integer expressions of different signedness: 'int32_t' {aka 'int'} and 'uint32_t' {aka 'unsigned int'} [-Wsign-compare]
subs1.hpp:7639:28: warning: comparison of integer expressions of different signedness: 'int32_t' {aka 'int'} and 'uint32_t' {aka 'unsigned int'} [-Wsign-compare]
subs1.hpp:7649:41: warning: conversion to 'uint32_t' {aka 'unsigned int'} from 'int32_t' {aka 'int'} may change the sign of the result [-Wsign-conversion]
subs1.hpp:7649:31: warning: conversion to 'int32_t' {aka 'int'} from 'uint32_t' {aka 'unsigned int'} may change the sign of the result [-Wsign-conversion]
subs1.hpp:7652:46: warning: conversion to 'size_t' {aka 'unsigned int'} from 'int' may change the sign of the result [-Wsign-conversion]
subs1.hpp:7666:50: warning: conversion to 'int32_t' {aka 'int'} from 'uint32_t' {aka 'unsigned int'} may change the sign of the result [-Wsign-conversion]
subs1.hpp:7671:34: warning: conversion to 'int32_t' {aka 'int'} from 'uint32_t' {aka 'unsigned int'} may change the sign of the result [-Wsign-conversion]
subs1.hpp:7677:18: warning: conversion to 'uint32_t' {aka 'unsigned int'} from 'int32_t' {aka 'int'} may change the sign of the result [-Wsign-conversion]
subs1.hpp:7684:30: warning: conversion to 'int32_t' {aka 'int'} from 'uint32_t' {aka 'unsigned int'} may change the sign of the result [-Wsign-conversion]
subs1.hpp:7689:59: warning: conversion to 'uint32_t' {aka 'unsigned int'} from 'int32_t' {aka 'int'} may change the sign of the result [-Wsign-conversion]
subs1.hpp:7693:26: warning: conversion to 'uint32_t' {aka 'unsigned int'} from 'int32_t' {aka 'int'} may change the sign of the result [-Wsign-conversion]
subs1.hpp: In function 'int32_t __cost_candidate(uint8_t*, int32_t, uint8_t*, int8_t, int32_t, int32_t, int32_t, uint32_t*)':
subs1.hpp:7806:48: warning: conversion to 'uint32_t' {aka 'unsigned int'} from 'int32_t' {aka 'int'} may change the sign of the result [-Wsign-conversion]
subs1.hpp:7806:52: warning: conversion to 'int32_t' {aka 'int'} from 'uint32_t' {aka 'unsigned int'} may change the sign of the result [-Wsign-conversion]
subs1.hpp:7807:48: warning: conversion to 'uint32_t' {aka 'unsigned int'} from 'int32_t' {aka 'int'} may change the sign of the result [-Wsign-conversion]
subs1.hpp:7807:52: warning: conversion to 'int32_t' {aka 'int'} from 'uint32_t' {aka 'unsigned int'} may change the sign of the result [-Wsign-conversion]
subs1.hpp:7810:32: warning: conversion to 'uint32_t' {aka 'unsigned int'} from 'int32_t' {aka 'int'} may change the sign of the result [-Wsign-conversion]
subs1.hpp:7812:12: warning: conversion to 'int32_t' {aka 'int'} from 'uint32_t' {aka 'unsigned int'} may change the sign of the result [-Wsign-conversion]
subs1.hpp:7828:34: warning: conversion to 'uint32_t' {aka 'unsigned int'} from 'int32_t' {aka 'int'} may change the sign of the result [-Wsign-conversion]
subs1.hpp:7909:95: warning: conversion to 'uint32_t' {aka 'unsigned int'} from 'int' may change the sign of the result [-Wsign-conversion]
subs1.hpp:7909:40: warning: conversion to 'uint32_t' {aka 'unsigned int'} from 'int32_t' {aka 'int'} may change the sign of the result [-Wsign-conversion]
subs1.hpp:7908:35: warning: conversion to 'uint32_t' {aka 'unsigned int'} from 'int32_t' {aka 'int'} may change the sign of the result [-Wsign-conversion]
subs1.hpp:7922:16: warning: conversion to 'uint32_t' {aka 'unsigned int'} from 'int32_t' {aka 'int'} may change the sign of the result [-Wsign-conversion]
subs1.hpp:7923:35: warning: conversion to 'uint32_t' {aka 'unsigned int'} from 'int32_t' {aka 'int'} may change the sign of the result [-Wsign-conversion]
subs1.hpp:7924:35: warning: conversion to 'uint32_t' {aka 'unsigned int'} from 'int32_t' {aka 'int'} may change the sign of the result [-Wsign-conversion]
subs1.hpp:7925:35: warning: conversion to 'uint32_t' {aka 'unsigned int'} from 'int32_t' {aka 'int'} may change the sign of the result [-Wsign-conversion]
subs1.hpp:7946:25: warning: conversion to 'int32_t' {aka 'int'} from 'uint32_t' {aka 'unsigned int'} may change the sign of the result [-Wsign-conversion]
subs1.hpp:7949:22: warning: conversion to 'uint32_t' {aka 'unsigned int'} from 'int32_t' {aka 'int'} may change the sign of the result [-Wsign-conversion]
subs1.hpp:7956:63: warning: conversion to 'uint32_t' {aka 'unsigned int'} from 'int32_t' {aka 'int'} may change the sign of the result [-Wsign-conversion]
subs1.hpp:7957:42: warning: conversion to 'uint32_t' {aka 'unsigned int'} from 'int32_t' {aka 'int'} may change the sign of the result [-Wsign-conversion]
subs1.hpp:7966:17: warning: conversion to 'uint32_t' {aka 'unsigned int'} from 'int32_t' {aka 'int'} may change the sign of the result [-Wsign-conversion]
subs1.hpp:7966:23: warning: conversion to 'int32_t' {aka 'int'} from 'uint32_t' {aka 'unsigned int'} may change the sign of the result [-Wsign-conversion]
subs1.hpp:7975:18: warning: conversion to 'uint32_t' {aka 'unsigned int'} from 'int32_t' {aka 'int'} may change the sign of the result [-Wsign-conversion]
subs1.hpp:7975:23: warning: conversion to 'int32_t' {aka 'int'} from 'uint32_t' {aka 'unsigned int'} may change the sign of the result [-Wsign-conversion]
subs1.hpp: In function 'int32_t __choose_plane_coding(BmfImage*, int32_t, int8_t)':
subs1.hpp:8089:20: warning: conversion to 'int32_t' {aka 'int'} from 'uint32_t' {aka 'unsigned int'} may change the sign of the result [-Wsign-conversion]
subs1.hpp:8112:21: warning: conversion from 'uint32_t' {aka 'unsigned int'} to 'uint8_t' {aka 'unsigned char'} may change value [-Wconversion]
subs1.hpp:8113:17: warning: conversion to 'int32_t' {aka 'int'} from 'uint32_t' {aka 'unsigned int'} may change the sign of the result [-Wsign-conversion]
subs1.hpp:8114:43: warning: conversion from 'uint32_t' {aka 'unsigned int'} to 'uint8_t' {aka 'unsigned char'} may change value [-Wconversion]
subs1.hpp:8115:29: warning: conversion from 'uint32_t' {aka 'unsigned int'} to 'uint8_t' {aka 'unsigned char'} may change value [-Wconversion]
subs1.hpp:8120:20: warning: comparison of integer expressions of different signedness: 'uint32_t' {aka 'unsigned int'} and 'int32_t' {aka 'int'} [-Wsign-compare]
subs1.hpp:8121:29: warning: conversion to 'int32_t' {aka 'int'} from 'uint32_t' {aka 'unsigned int'} may change the sign of the result [-Wsign-conversion]
subs1.hpp:8128:19: warning: comparison of integer expressions of different signedness: 'int32_t' {aka 'int'} and 'uint32_t' {aka 'unsigned int'} [-Wsign-compare]
subs1.hpp:8130:42: warning: conversion from 'int32_t' {aka 'int'} to 'uint8_t' {aka 'unsigned char'} may change value [-Wconversion]
subs1.hpp:8131:42: warning: conversion from 'int32_t' {aka 'int'} to 'uint8_t' {aka 'unsigned char'} may change value [-Wconversion]
subs1.hpp:8135:31: warning: conversion to 'uint32_t' {aka 'unsigned int'} from 'int32_t' {aka 'int'} may change the sign of the result [-Wsign-conversion]
subs1.hpp:8136:31: warning: conversion to 'uint32_t' {aka 'unsigned int'} from 'int32_t' {aka 'int'} may change the sign of the result [-Wsign-conversion]
subs1.hpp:8142:163: warning: comparison of integer expressions of different signedness: 'int32_t' {aka 'int'} and 'uint32_t' {aka 'unsigned int'} [-Wsign-compare]
subs1.hpp:8158:53: warning: conversion to 'uint32_t' {aka 'unsigned int'} from 'int32_t' {aka 'int'} may change the sign of the result [-Wsign-conversion]
subs1.hpp:8160:53: warning: conversion to 'uint32_t' {aka 'unsigned int'} from 'int' may change the sign of the result [-Wsign-conversion]
subs1.hpp:8162:53: warning: conversion to 'uint32_t' {aka 'unsigned int'} from 'int' may change the sign of the result [-Wsign-conversion]
subs1.hpp:8167:31: warning: conversion to 'uint32_t' {aka 'unsigned int'} from 'int32_t' {aka 'int'} may change the sign of the result [-Wsign-conversion]
subs1.hpp:8169:31: warning: conversion to 'uint32_t' {aka 'unsigned int'} from 'int32_t' {aka 'int'} may change the sign of the result [-Wsign-conversion]
subs1.hpp:8177:42: warning: conversion to 'uint32_t' {aka 'unsigned int'} from 'int32_t' {aka 'int'} may change the sign of the result [-Wsign-conversion]
subs1.hpp:8188:51: warning: conversion to 'int32_t' {aka 'int'} from 'uint32_t' {aka 'unsigned int'} may change the sign of the result [-Wsign-conversion]
subs1.hpp:8189:44: warning: conversion to 'int32_t' {aka 'int'} from 'uint32_t' {aka 'unsigned int'} may change the sign of the result [-Wsign-conversion]
subs1.hpp:8192:65: warning: conversion to 'uint32_t' {aka 'unsigned int'} from 'int32_t' {aka 'int'} may change the sign of the result [-Wsign-conversion]
subs1.hpp:8192:51: warning: conversion to 'int32_t' {aka 'int'} from 'uint32_t' {aka 'unsigned int'} may change the sign of the result [-Wsign-conversion]
subs1.hpp:8193:62: warning: conversion to 'uint32_t' {aka 'unsigned int'} from 'int32_t' {aka 'int'} may change the sign of the result [-Wsign-conversion]
subs1.hpp:8193:48: warning: conversion to 'int32_t' {aka 'int'} from 'uint32_t' {aka 'unsigned int'} may change the sign of the result [-Wsign-conversion]
bmf.cpp:104:24: warning: conversion to 'int32_t' {aka 'int'} from 'uint32_t' {aka 'unsigned int'} may change the sign of the result [-Wsign-conversion]
bmf.cpp:112:20: note: in expansion of macro 'DWORDn'
subs1.hpp:8200:27: note: in expansion of macro 'LODWORD'
bmf.cpp:104:24: warning: conversion to 'int32_t' {aka 'int'} from 'uint32_t' {aka 'unsigned int'} may change the sign of the result [-Wsign-conversion]
bmf.cpp:115:20: note: in expansion of macro 'DWORDn'
subs1.hpp:8202:32: note: in expansion of macro 'HIDWORD'
subs1.hpp:8217:35: warning: conversion to 'int32_t' {aka 'int'} from 'uint32_t' {aka 'unsigned int'} may change the sign of the result [-Wsign-conversion]
subs1.hpp:8222:78: warning: conversion from 'int64_t' {aka 'long long int'} to 'int32_t' {aka 'int'} may change value [-Wconversion]
subs1.hpp:8224:59: warning: conversion to 'uint32_t' {aka 'unsigned int'} from 'int32_t' {aka 'int'} may change the sign of the result [-Wsign-conversion]
subs1.hpp:8224:75: warning: conversion to 'uint32_t' {aka 'unsigned int'} from 'int32_t' {aka 'int'} may change the sign of the result [-Wsign-conversion]
subs1.hpp:8224:77: warning: conversion to 'int32_t' {aka 'int'} from 'uint32_t' {aka 'unsigned int'} may change the sign of the result [-Wsign-conversion]
subs1.hpp:8242:48: warning: conversion to 'uint32_t' {aka 'unsigned int'} from 'int' may change the sign of the result [-Wsign-conversion]
subs1.hpp:8238:47: warning: conversion to 'uint32_t' {aka 'unsigned int'} from 'int32_t' {aka 'int'} may change the sign of the result [-Wsign-conversion]
subs1.hpp:8255:43: warning: conversion to 'uint32_t' {aka 'unsigned int'} from 'int32_t' {aka 'int'} may change the sign of the result [-Wsign-conversion]
subs1.hpp:8256:43: warning: conversion to 'uint32_t' {aka 'unsigned int'} from 'int32_t' {aka 'int'} may change the sign of the result [-Wsign-conversion]
subs1.hpp:8279:37: warning: conversion to 'int32_t' {aka 'int'} from 'uint32_t' {aka 'unsigned int'} may change the sign of the result [-Wsign-conversion]
subs1.hpp:8286:61: warning: conversion to 'uint32_t' {aka 'unsigned int'} from 'int32_t' {aka 'int'} may change the sign of the result [-Wsign-conversion]
subs1.hpp:8286:77: warning: conversion to 'uint32_t' {aka 'unsigned int'} from 'int32_t' {aka 'int'} may change the sign of the result [-Wsign-conversion]
subs1.hpp:8286:79: warning: conversion to 'int32_t' {aka 'int'} from 'uint32_t' {aka 'unsigned int'} may change the sign of the result [-Wsign-conversion]
subs1.hpp:8304:50: warning: conversion to 'uint32_t' {aka 'unsigned int'} from 'int' may change the sign of the result [-Wsign-conversion]
subs1.hpp:8301:63: warning: conversion to 'uint32_t' {aka 'unsigned int'} from 'int32_t' {aka 'int'} may change the sign of the result [-Wsign-conversion]
subs1.hpp:8300:49: warning: conversion to 'uint32_t' {aka 'unsigned int'} from 'int32_t' {aka 'int'} may change the sign of the result [-Wsign-conversion]
subs1.hpp:8317:45: warning: conversion to 'uint32_t' {aka 'unsigned int'} from 'int32_t' {aka 'int'} may change the sign of the result [-Wsign-conversion]
subs1.hpp:8318:45: warning: conversion to 'uint32_t' {aka 'unsigned int'} from 'int32_t' {aka 'int'} may change the sign of the result [-Wsign-conversion]
bmf.cpp:104:24: warning: conversion to 'int32_t' {aka 'int'} from 'uint32_t' {aka 'unsigned int'} may change the sign of the result [-Wsign-conversion]
bmf.cpp:112:20: note: in expansion of macro 'DWORDn'
subs1.hpp:8320:32: note: in expansion of macro 'LODWORD'
subs1.hpp:8326:43: warning: conversion to 'uint32_t' {aka 'unsigned int'} from 'int32_t' {aka 'int'} may change the sign of the result [-Wsign-conversion]
subs1.hpp:8339:42: warning: conversion to 'uint32_t' {aka 'unsigned int'} from 'int32_t' {aka 'int'} may change the sign of the result [-Wsign-conversion]
subs1.hpp:8346:29: warning: conversion to 'int32_t' {aka 'int'} from 'uint32_t' {aka 'unsigned int'} may change the sign of the result [-Wsign-conversion]
subs1.hpp:8353:65: warning: conversion to 'uint32_t' {aka 'unsigned int'} from 'int32_t' {aka 'int'} may change the sign of the result [-Wsign-conversion]
subs1.hpp:8353:77: warning: conversion to 'uint32_t' {aka 'unsigned int'} from 'int32_t' {aka 'int'} may change the sign of the result [-Wsign-conversion]
subs1.hpp:8368:103: warning: conversion to 'uint32_t' {aka 'unsigned int'} from 'int' may change the sign of the result [-Wsign-conversion]
subs1.hpp:8367:46: warning: conversion to 'uint32_t' {aka 'unsigned int'} from 'int32_t' {aka 'int'} may change the sign of the result [-Wsign-conversion]
subs1.hpp:8380:37: warning: conversion to 'uint32_t' {aka 'unsigned int'} from 'int32_t' {aka 'int'} may change the sign of the result [-Wsign-conversion]
subs1.hpp:8381:37: warning: conversion to 'uint32_t' {aka 'unsigned int'} from 'int32_t' {aka 'int'} may change the sign of the result [-Wsign-conversion]
subs1.hpp:8382:26: warning: conversion to 'int32_t' {aka 'int'} from 'uint32_t' {aka 'unsigned int'} may change the sign of the result [-Wsign-conversion]
subs1.hpp:8404:31: warning: conversion to 'int32_t' {aka 'int'} from 'uint32_t' {aka 'unsigned int'} may change the sign of the result [-Wsign-conversion]
subs1.hpp:8411:67: warning: conversion to 'uint32_t' {aka 'unsigned int'} from 'int32_t' {aka 'int'} may change the sign of the result [-Wsign-conversion]
subs1.hpp:8411:79: warning: conversion to 'uint32_t' {aka 'unsigned int'} from 'int32_t' {aka 'int'} may change the sign of the result [-Wsign-conversion]
subs1.hpp:8426:96: warning: conversion to 'uint32_t' {aka 'unsigned int'} from 'int' may change the sign of the result [-Wsign-conversion]
subs1.hpp:8426:53: warning: conversion to 'uint32_t' {aka 'unsigned int'} from 'int32_t' {aka 'int'} may change the sign of the result [-Wsign-conversion]
subs1.hpp:8425:51: warning: conversion to 'uint32_t' {aka 'unsigned int'} from 'int32_t' {aka 'int'} may change the sign of the result [-Wsign-conversion]
subs1.hpp:8438:39: warning: conversion to 'uint32_t' {aka 'unsigned int'} from 'int32_t' {aka 'int'} may change the sign of the result [-Wsign-conversion]
subs1.hpp:8439:39: warning: conversion to 'uint32_t' {aka 'unsigned int'} from 'int32_t' {aka 'int'} may change the sign of the result [-Wsign-conversion]
bmf.cpp:104:24: warning: conversion to 'int32_t' {aka 'int'} from 'uint32_t' {aka 'unsigned int'} may change the sign of the result [-Wsign-conversion]
bmf.cpp:112:20: note: in expansion of macro 'DWORDn'
subs1.hpp:8441:29: note: in expansion of macro 'LODWORD'
subs1.hpp:8447:37: warning: conversion to 'uint32_t' {aka 'unsigned int'} from 'int32_t' {aka 'int'} may change the sign of the result [-Wsign-conversion]
subs1.hpp:8459:31: warning: conversion to 'uint32_t' {aka 'unsigned int'} from 'int32_t' {aka 'int'} may change the sign of the result [-Wsign-conversion]
subs1.hpp:8461:25: warning: conversion to 'int32_t' {aka 'int'} from 'uint32_t' {aka 'unsigned int'} may change the sign of the result [-Wsign-conversion]
subs1.hpp:8462:31: warning: conversion to 'uint32_t' {aka 'unsigned int'} from 'int32_t' {aka 'int'} may change the sign of the result [-Wsign-conversion]
subs1.hpp:8466:17: warning: conversion to 'uint32_t' {aka 'unsigned int'} from 'int32_t' {aka 'int'} may change the sign of the result [-Wsign-conversion]
subs1.hpp:8466:20: warning: conversion to 'int32_t' {aka 'int'} from 'uint32_t' {aka 'unsigned int'} may change the sign of the result [-Wsign-conversion]
subs1.hpp:8476:29: warning: conversion to 'uint32_t' {aka 'unsigned int'} from 'int32_t' {aka 'int'} may change the sign of the result [-Wsign-conversion]
bmf.cpp:104:24: warning: conversion to 'int32_t' {aka 'int'} from 'uint32_t' {aka 'unsigned int'} may change the sign of the result [-Wsign-conversion]
bmf.cpp:112:20: note: in expansion of macro 'DWORDn'
subs1.hpp:8479:15: note: in expansion of macro 'LODWORD'
subs1.hpp:8481:33: warning: conversion to 'uint32_t' {aka 'unsigned int'} from 'int32_t' {aka 'int'} may change the sign of the result [-Wsign-conversion]
bmf.cpp:104:24: warning: conversion to 'int32_t' {aka 'int'} from 'uint32_t' {aka 'unsigned int'} may change the sign of the result [-Wsign-conversion]
bmf.cpp:115:20: note: in expansion of macro 'DWORDn'
subs1.hpp:8482:20: note: in expansion of macro 'HIDWORD'
subs1.hpp:8484:25: warning: conversion to 'int32_t' {aka 'int'} from 'uint32_t' {aka 'unsigned int'} may change the sign of the result [-Wsign-conversion]
subs1.hpp:8487:14: warning: conversion to 'uint32_t' {aka 'unsigned int'} from 'int32_t' {aka 'int'} may change the sign of the result [-Wsign-conversion]
subs1.hpp:8488:19: warning: conversion to 'uint32_t' {aka 'unsigned int'} from 'int32_t' {aka 'int'} may change the sign of the result [-Wsign-conversion]
subs1.hpp:8492:16: warning: conversion to 'uint32_t' {aka 'unsigned int'} from 'int32_t' {aka 'int'} may change the sign of the result [-Wsign-conversion]
subs1.hpp:8529:31: warning: conversion to 'uint32_t' {aka 'unsigned int'} from 'int32_t' {aka 'int'} may change the sign of the result [-Wsign-conversion]
subs1.hpp:8532:47: warning: conversion to 'uint32_t' {aka 'unsigned int'} from 'int32_t' {aka 'int'} may change the sign of the result [-Wsign-conversion]
subs1.hpp:8532:51: warning: conversion to 'int32_t' {aka 'int'} from 'uint32_t' {aka 'unsigned int'} may change the sign of the result [-Wsign-conversion]
subs1.hpp:8535:19: warning: conversion from 'int32_t' {aka 'int'} to 'int8_t' {aka 'signed char'} may change value [-Wconversion]
bmf.cpp:104:24: warning: conversion to 'int32_t' {aka 'int'} from 'uint32_t' {aka 'unsigned int'} may change the sign of the result [-Wsign-conversion]
bmf.cpp:115:20: note: in expansion of macro 'DWORDn'
subs1.hpp:8541:20: note: in expansion of macro 'HIDWORD'
subs1.hpp:8543:46: warning: conversion from 'int' to 'uint8_t' {aka 'unsigned char'} may change value [-Wconversion]
subs1.hpp:8566:52: warning: conversion to 'uint32_t' {aka 'unsigned int'} from 'int32_t' {aka 'int'} may change the sign of the result [-Wsign-conversion]
subs1.hpp:8566:64: warning: conversion from 'int32_t' {aka 'int'} to 'uint8_t' {aka 'unsigned char'} may change value [-Wconversion]
subs1.hpp:8603:109: warning: conversion to 'uint32_t' {aka 'unsigned int'} from 'int32_t' {aka 'int'} may change the sign of the result [-Wsign-conversion]
subs1.hpp:8626:29: warning: conversion to 'int32_t' {aka 'int'} from 'uint32_t' {aka 'unsigned int'} may change the sign of the result [-Wsign-conversion]
subs1.hpp:8680:24: warning: conversion to 'uint32_t' {aka 'unsigned int'} from 'int32_t' {aka 'int'} may change the sign of the result [-Wsign-conversion]
subs1.hpp:8687:29: warning: conversion to 'int32_t' {aka 'int'} from 'uint32_t' {aka 'unsigned int'} may change the sign of the result [-Wsign-conversion]
subs1.hpp:8698:124: warning: conversion from 'int' to 'uint16_t' {aka 'short unsigned int'} may change value [-Wconversion]
subs1.hpp:8700:29: warning: conversion from 'int32_t' {aka 'int'} to 'uint16_t' {aka 'short unsigned int'} may change value [-Wconversion]
subs1.hpp:8707:29: warning: conversion from 'int32_t' {aka 'int'} to 'uint16_t' {aka 'short unsigned int'} may change value [-Wconversion]
subs1.hpp:8715:52: warning: conversion to 'uint32_t' {aka 'unsigned int'} from 'int32_t' {aka 'int'} may change the sign of the result [-Wsign-conversion]
subs1.hpp:8714:38: warning: conversion to 'uint32_t' {aka 'unsigned int'} from 'int32_t' {aka 'int'} may change the sign of the result [-Wsign-conversion]
subs1.hpp:8726:27: warning: conversion to 'uint32_t' {aka 'unsigned int'} from 'int32_t' {aka 'int'} may change the sign of the result [-Wsign-conversion]
subs1.hpp:8732:35: warning: conversion to 'uint32_t' {aka 'unsigned int'} from 'int32_t' {aka 'int'} may change the sign of the result [-Wsign-conversion]
subs1.hpp:8734:34: warning: conversion to 'uint32_t' {aka 'unsigned int'} from 'int32_t' {aka 'int'} may change the sign of the result [-Wsign-conversion]
subs1.hpp:8747:34: warning: conversion to 'uint32_t' {aka 'unsigned int'} from 'int32_t' {aka 'int'} may change the sign of the result [-Wsign-conversion]
subs1.hpp:8758:34: warning: conversion to 'uint32_t' {aka 'unsigned int'} from 'int32_t' {aka 'int'} may change the sign of the result [-Wsign-conversion]
subs1.hpp:8785:20: warning: conversion from 'int32_t' {aka 'int'} to 'int8_t' {aka 'signed char'} may change value [-Wconversion]
subs1.hpp:8789:33: warning: conversion from 'int' to 'uint8_t' {aka 'unsigned char'} may change value [-Wconversion]
subs1.hpp: In function 'int32_t* __read_bmp(char*)':
subs1.hpp:8880:58: warning: conversion to 'int32_t' {aka 'int'} from 'uint32_t' {aka 'unsigned int'} may change the sign of the result [-Wsign-conversion]
subs1.hpp:8921:15: warning: conversion to 'uintptr_t' {aka 'unsigned int'} from 'int32_t' {aka 'int'} may change the sign of the result [-Wsign-conversion]
subs1.hpp:8926:25: warning: conversion to 'int32_t' {aka 'int'} from 'uintptr_t' {aka 'unsigned int'} may change the sign of the result [-Wsign-conversion]
subs1.hpp:8943:60: warning: conversion to 'unsigned int' from 'int32_t' {aka 'int'} may change the sign of the result [-Wsign-conversion]
subs1.hpp:8944:33: warning: conversion to 'uintptr_t' {aka 'unsigned int'} from 'int32_t' {aka 'int'} may change the sign of the result [-Wsign-conversion]
subs1.hpp:8953:21: warning: conversion to 'uintptr_t' {aka 'unsigned int'} from 'int32_t' {aka 'int'} may change the sign of the result [-Wsign-conversion]
subs1.hpp:8953:50: warning: conversion to 'uintptr_t' {aka 'unsigned int'} from 'int' may change the sign of the result [-Wsign-conversion]
subs1.hpp:8957:46: warning: conversion to 'unsigned int' from 'int32_t' {aka 'int'} may change the sign of the result [-Wsign-conversion]
subs1.hpp:8958:65: warning: conversion to 'size_t' {aka 'unsigned int'} from 'int32_t' {aka 'int'} may change the sign of the result [-Wsign-conversion]
subs1.hpp:8959:22: warning: conversion to 'uintptr_t' {aka 'unsigned int'} from 'int32_t' {aka 'int'} may change the sign of the result [-Wsign-conversion]
subs1.hpp:8966:82: warning: conversion to 'uintptr_t' {aka 'unsigned int'} from 'int32_t' {aka 'int'} may change the sign of the result [-Wsign-conversion]
subs1.hpp:8987:18: warning: conversion to 'uint32_t' {aka 'unsigned int'} from 'int32_t' {aka 'int'} may change the sign of the result [-Wsign-conversion]
subs1.hpp:8997:26: warning: conversion from 'uint32_t' {aka 'unsigned int'} to 'uint8_t' {aka 'unsigned char'} may change value [-Wconversion]
subs1.hpp:9016:23: warning: conversion from 'int' to 'uint8_t' {aka 'unsigned char'} may change value [-Wconversion]
subs1.hpp:9019:29: warning: conversion from 'uint32_t' {aka 'unsigned int'} to 'uint8_t' {aka 'unsigned char'} may change value [-Wconversion]
subs1.hpp:9056:48: warning: conversion to 'unsigned int' from 'int32_t' {aka 'int'} may change the sign of the result [-Wsign-conversion]
subs1.hpp:9098:21: warning: conversion to 'int32_t' {aka 'int'} from 'uint32_t' {aka 'unsigned int'} may change the sign of the result [-Wsign-conversion]
subs1.hpp: In function 'int32_t __decode_symbol_list(SymList*)':
subs1.hpp:9176:14: warning: conversion to 'int32_t' {aka 'int'} from 'uint32_t' {aka 'unsigned int'} may change the sign of the result [-Wsign-conversion]
subs1.hpp:9203:26: warning: conversion to 'int32_t' {aka 'int'} from 'uint32_t' {aka 'unsigned int'} may change the sign of the result [-Wsign-conversion]
subs1.hpp:9204:17: warning: conversion to 'uint32_t' {aka 'unsigned int'} from 'int32_t' {aka 'int'} may change the sign of the result [-Wsign-conversion]
subs1.hpp:9215:17: warning: comparison of integer expressions of different signedness: 'uint32_t' {aka 'unsigned int'} and 'int32_t' {aka 'int'} [-Wsign-compare]
subs1.hpp:9221:17: warning: conversion to 'int32_t' {aka 'int'} from 'uint32_t' {aka 'unsigned int'} may change the sign of the result [-Wsign-conversion]
subs1.hpp:9222:24: warning: conversion to 'uint32_t' {aka 'unsigned int'} from 'int32_t' {aka 'int'} may change the sign of the result [-Wsign-conversion]
subs1.hpp:9232:23: warning: conversion to 'uint32_t' {aka 'unsigned int'} from 'int32_t' {aka 'int'} may change the sign of the result [-Wsign-conversion]
subs1.hpp:9241:14: warning: conversion to 'int32_t' {aka 'int'} from 'uint32_t' {aka 'unsigned int'} may change the sign of the result [-Wsign-conversion]
subs1.hpp:9242:20: warning: conversion to 'int32_t' {aka 'int'} from 'uint32_t' {aka 'unsigned int'} may change the sign of the result [-Wsign-conversion]
subs1.hpp:9308:23: warning: conversion to 'uint32_t' {aka 'unsigned int'} from 'int32_t' {aka 'int'} may change the sign of the result [-Wsign-conversion]
subs1.hpp:9308:51: warning: conversion to 'int32_t' {aka 'int'} from 'uint32_t' {aka 'unsigned int'} may change the sign of the result [-Wsign-conversion]
subs1.hpp:9309:18: warning: conversion from 'int32_t' {aka 'int'} to 'uint8_t' {aka 'unsigned char'} may change value [-Wconversion]
subs1.hpp:9318:30: warning: conversion from 'int32_t' {aka 'int'} to 'uint8_t' {aka 'unsigned char'} may change value [-Wconversion]
subs1.hpp:9330:25: warning: conversion from 'int32_t' {aka 'int'} to 'uint8_t' {aka 'unsigned char'} may change value [-Wconversion]
subs1.hpp:9337:29: warning: conversion from 'int32_t' {aka 'int'} to 'uint16_t' {aka 'short unsigned int'} may change value [-Wconversion]
subs1.hpp:9338:21: warning: conversion from 'int32_t' {aka 'int'} to 'uint8_t' {aka 'unsigned char'} may change value [-Wconversion]
subs1.hpp:9363:14: warning: conversion to 'uint32_t' {aka 'unsigned int'} from 'int32_t' {aka 'int'} may change the sign of the result [-Wsign-conversion]
subs1.hpp:9364:14: warning: conversion to 'uint32_t' {aka 'unsigned int'} from 'int32_t' {aka 'int'} may change the sign of the result [-Wsign-conversion]
subs1.hpp:9371:14: warning: conversion to 'uint32_t' {aka 'unsigned int'} from 'int32_t' {aka 'int'} may change the sign of the result [-Wsign-conversion]
subs1.hpp:9372:14: warning: conversion to 'uint32_t' {aka 'unsigned int'} from 'int32_t' {aka 'int'} may change the sign of the result [-Wsign-conversion]
subs1.hpp: In function 'int32_t __decode_pixel(ModelBlock*, int32_t)':
subs1.hpp:9504:45: warning: conversion to 'int16_t' {aka 'short int'} from 'uint16_t' {aka 'short unsigned int'} may change the sign of the result [-Wsign-conversion]
subs1.hpp:9521:27: warning: conversion to 'uint32_t' {aka 'unsigned int'} from 'int32_t' {aka 'int'} may change the sign of the result [-Wsign-conversion]
subs1.hpp:9564:23: warning: conversion to 'uint32_t' {aka 'unsigned int'} from 'int32_t' {aka 'int'} may change the sign of the result [-Wsign-conversion]
subs1.hpp:9588:49: warning: conversion from 'uint32_t' {aka 'unsigned int'} to 'uint16_t' {aka 'short unsigned int'} may change value [-Wconversion]
subs1.hpp:9599:47: warning: conversion from 'uint32_t' {aka 'unsigned int'} to 'uint16_t' {aka 'short unsigned int'} may change value [-Wconversion]
subs1.hpp:9604:23: warning: conversion to 'int32_t' {aka 'int'} from 'uint32_t' {aka 'unsigned int'} may change the sign of the result [-Wsign-conversion]
subs1.hpp:9618:15: warning: conversion from 'int32_t' {aka 'int'} to 'uint16_t' {aka 'short unsigned int'} may change value [-Wconversion]
subs1.hpp:9635:27: warning: conversion to 'uint32_t' {aka 'unsigned int'} from 'int32_t' {aka 'int'} may change the sign of the result [-Wsign-conversion]
subs1.hpp:9641:39: warning: conversion to 'uint32_t' {aka 'unsigned int'} from 'int32_t' {aka 'int'} may change the sign of the result [-Wsign-conversion]
subs1.hpp:9641:37: warning: conversion to 'int32_t' {aka 'int'} from 'uint32_t' {aka 'unsigned int'} may change the sign of the result [-Wsign-conversion]
subs1.hpp:9669:20: warning: conversion to 'uint32_t' {aka 'unsigned int'} from 'int32_t' {aka 'int'} may change the sign of the result [-Wsign-conversion]
subs1.hpp:9670:51: warning: conversion from 'int32_t' {aka 'int'} to 'uint8_t' {aka 'unsigned char'} may change value [-Wconversion]
subs1.hpp:9671:22: warning: conversion to 'int32_t' {aka 'int'} from 'uint32_t' {aka 'unsigned int'} may change the sign of the result [-Wsign-conversion]
subs1.hpp:9693:28: warning: conversion to 'uint32_t' {aka 'unsigned int'} from 'int32_t' {aka 'int'} may change the sign of the result [-Wsign-conversion]
subs1.hpp:9695:22: warning: conversion to 'uint32_t' {aka 'unsigned int'} from 'int32_t' {aka 'int'} may change the sign of the result [-Wsign-conversion]
subs1.hpp:9712:22: warning: conversion to 'int32_t' {aka 'int'} from 'uint32_t' {aka 'unsigned int'} may change the sign of the result [-Wsign-conversion]
subs1.hpp:9726:38: warning: conversion from 'int32_t' {aka 'int'} to 'uint16_t' {aka 'short unsigned int'} may change value [-Wconversion]
subs1.hpp:9744:27: warning: conversion from 'int32_t' {aka 'int'} to 'int16_t' {aka 'short int'} may change value [-Wconversion]
subs1.hpp:9747:27: warning: conversion to 'uint32_t' {aka 'unsigned int'} from 'int32_t' {aka 'int'} may change the sign of the result [-Wsign-conversion]
subs1.hpp:9750:35: warning: conversion to 'uint16_t' {aka 'short unsigned int'} from 'int16_t' {aka 'short int'} may change the sign of the result [-Wsign-conversion]
subs1.hpp:9751:48: warning: conversion to 'uint32_t' {aka 'unsigned int'} from 'int32_t' {aka 'int'} may change the sign of the result [-Wsign-conversion]
subs1.hpp:9752:59: warning: conversion to 'uint32_t' {aka 'unsigned int'} from 'int32_t' {aka 'int'} may change the sign of the result [-Wsign-conversion]
subs1.hpp:9755:25: warning: conversion to 'uint16_t' {aka 'short unsigned int'} from 'int16_t' {aka 'short int'} may change the sign of the result [-Wsign-conversion]
subs1.hpp:9756:48: warning: conversion to 'uint32_t' {aka 'unsigned int'} from 'int32_t' {aka 'int'} may change the sign of the result [-Wsign-conversion]
subs1.hpp:9757:59: warning: conversion to 'uint32_t' {aka 'unsigned int'} from 'int32_t' {aka 'int'} may change the sign of the result [-Wsign-conversion]
subs1.hpp:9765:27: warning: conversion to 'int32_t' {aka 'int'} from 'uint32_t' {aka 'unsigned int'} may change the sign of the result [-Wsign-conversion]
subs1.hpp:9771:34: warning: comparison of integer expressions of different signedness: 'int32_t' {aka 'int'} and 'uint32_t' {aka 'unsigned int'} [-Wsign-compare]
subs1.hpp:9774:41: warning: conversion from 'int32_t' {aka 'int'} to 'uint16_t' {aka 'short unsigned int'} may change value [-Wconversion]
subs1.hpp:9775:46: warning: conversion to 'uint32_t' {aka 'unsigned int'} from 'int32_t' {aka 'int'} may change the sign of the result [-Wsign-conversion]
subs1.hpp:9776:57: warning: conversion to 'uint32_t' {aka 'unsigned int'} from 'int32_t' {aka 'int'} may change the sign of the result [-Wsign-conversion]
subs1.hpp:9788:20: warning: conversion from 'int' to 'int8_t' {aka 'signed char'} may change value [-Wconversion]
subs1.hpp:9791:49: warning: conversion from 'int' to 'uint8_t' {aka 'unsigned char'} may change value [-Wconversion]
subs1.hpp:9806:38: warning: conversion from 'int' to 'uint8_t' {aka 'unsigned char'} may change value [-Wconversion]
subs1.hpp:9808:64: warning: conversion from 'int' to 'uint8_t' {aka 'unsigned char'} may change value [-Wconversion]
subs1.hpp:9814:38: warning: conversion from 'int' to 'uint8_t' {aka 'unsigned char'} may change value [-Wconversion]
subs1.hpp:9818:24: warning: conversion to 'int32_t' {aka 'int'} from 'uint32_t' {aka 'unsigned int'} may change the sign of the result [-Wsign-conversion]
subs1.hpp:9837:17: warning: conversion from 'int32_t' {aka 'int'} to 'int16_t' {aka 'short int'} may change value [-Wconversion]
subs1.hpp:9849:32: warning: conversion from 'int32_t' {aka 'int'} to 'uint16_t' {aka 'short unsigned int'} may change value [-Wconversion]
subs1.hpp:9853:16: warning: conversion from 'int32_t' {aka 'int'} to 'uint16_t' {aka 'short unsigned int'} may change value [-Wconversion]
subs1.hpp:9861:24: warning: conversion from 'int32_t' {aka 'int'} to 'uint16_t' {aka 'short unsigned int'} may change value [-Wconversion]
subs1.hpp:9863:24: warning: conversion from 'int32_t' {aka 'int'} to 'uint16_t' {aka 'short unsigned int'} may change value [-Wconversion]
subs1.hpp:9864:33: warning: conversion from 'int32_t' {aka 'int'} to 'uint16_t' {aka 'short unsigned int'} may change value [-Wconversion]
subs1.hpp:9868:15: warning: conversion to 'uint32_t' {aka 'unsigned int'} from 'int32_t' {aka 'int'} may change the sign of the result [-Wsign-conversion]
subs1.hpp:9869:25: warning: conversion to 'int32_t' {aka 'int'} from 'uint32_t' {aka 'unsigned int'} may change the sign of the result [-Wsign-conversion]
subs1.hpp:9905:16: warning: conversion to 'uint32_t' {aka 'unsigned int'} from 'int32_t' {aka 'int'} may change the sign of the result [-Wsign-conversion]
subs1.hpp:9907:19: warning: conversion to 'uint32_t' {aka 'unsigned int'} from 'int32_t' {aka 'int'} may change the sign of the result [-Wsign-conversion]
subs1.hpp:9918:23: warning: conversion from 'uint32_t' {aka 'unsigned int'} to 'uint16_t' {aka 'short unsigned int'} may change value [-Wconversion]
subs1.hpp:9919:24: warning: conversion from 'uint32_t' {aka 'unsigned int'} to 'uint16_t' {aka 'short unsigned int'} may change value [-Wconversion]
subs1.hpp:9920:23: warning: conversion from 'uint32_t' {aka 'unsigned int'} to 'uint16_t' {aka 'short unsigned int'} may change value [-Wconversion]
subs1.hpp:9921:24: warning: conversion from 'uint32_t' {aka 'unsigned int'} to 'uint16_t' {aka 'short unsigned int'} may change value [-Wconversion]
subs1.hpp:9922:23: warning: conversion from 'uint32_t' {aka 'unsigned int'} to 'uint16_t' {aka 'short unsigned int'} may change value [-Wconversion]
subs1.hpp:9924:24: warning: conversion from 'uint32_t' {aka 'unsigned int'} to 'uint16_t' {aka 'short unsigned int'} may change value [-Wconversion]
subs1.hpp:9925:23: warning: conversion from 'uint32_t' {aka 'unsigned int'} to 'uint16_t' {aka 'short unsigned int'} may change value [-Wconversion]
subs1.hpp:9927:24: warning: conversion from 'uint32_t' {aka 'unsigned int'} to 'uint16_t' {aka 'short unsigned int'} may change value [-Wconversion]
subs1.hpp:9928:23: warning: conversion from 'uint32_t' {aka 'unsigned int'} to 'uint16_t' {aka 'short unsigned int'} may change value [-Wconversion]
subs1.hpp:9929:24: warning: conversion from 'uint32_t' {aka 'unsigned int'} to 'uint16_t' {aka 'short unsigned int'} may change value [-Wconversion]
subs1.hpp:9930:28: warning: conversion from 'uint32_t' {aka 'unsigned int'} to 'uint16_t' {aka 'short unsigned int'} may change value [-Wconversion]
subs1.hpp:9932:23: warning: conversion from 'uint32_t' {aka 'unsigned int'} to 'uint16_t' {aka 'short unsigned int'} may change value [-Wconversion]
subs1.hpp:9936:24: warning: conversion from 'int32_t' {aka 'int'} to 'uint16_t' {aka 'short unsigned int'} may change value [-Wconversion]
subs1.hpp:9946:25: warning: conversion from 'int32_t' {aka 'int'} to 'uint8_t' {aka 'unsigned char'} may change value [-Wconversion]
subs1.hpp:9949:27: warning: conversion from 'int32_t' {aka 'int'} to 'uint16_t' {aka 'short unsigned int'} may change value [-Wconversion]
subs1.hpp:9950:24: warning: conversion from 'int' to 'uint16_t' {aka 'short unsigned int'} may change value [-Wconversion]
subs1.hpp:9952:18: warning: conversion to 'uint32_t' {aka 'unsigned int'} from 'int32_t' {aka 'int'} may change the sign of the result [-Wsign-conversion]
subs1.hpp:9959:22: warning: conversion to 'int32_t' {aka 'int'} from 'uint32_t' {aka 'unsigned int'} may change the sign of the result [-Wsign-conversion]
subs1.hpp:9965:26: warning: conversion to 'int32_t' {aka 'int'} from 'uint32_t' {aka 'unsigned int'} may change the sign of the result [-Wsign-conversion]
subs1.hpp:10001:16: warning: conversion to 'uint32_t' {aka 'unsigned int'} from 'int32_t' {aka 'int'} may change the sign of the result [-Wsign-conversion]
subs1.hpp:10002:20: warning: conversion to 'uint32_t' {aka 'unsigned int'} from 'int32_t' {aka 'int'} may change the sign of the result [-Wsign-conversion]
subs1.hpp:10017:23: warning: conversion from 'uint32_t' {aka 'unsigned int'} to 'uint16_t' {aka 'short unsigned int'} may change value [-Wconversion]
subs1.hpp:10018:21: warning: conversion from 'uint32_t' {aka 'unsigned int'} to 'uint16_t' {aka 'short unsigned int'} may change value [-Wconversion]
subs1.hpp:10021:21: warning: conversion from 'uint32_t' {aka 'unsigned int'} to 'uint16_t' {aka 'short unsigned int'} may change value [-Wconversion]
subs1.hpp:10022:23: warning: conversion from 'uint32_t' {aka 'unsigned int'} to 'uint16_t' {aka 'short unsigned int'} may change value [-Wconversion]
subs1.hpp:10024:21: warning: conversion from 'uint32_t' {aka 'unsigned int'} to 'uint16_t' {aka 'short unsigned int'} may change value [-Wconversion]
subs1.hpp:10025:23: warning: conversion from 'uint32_t' {aka 'unsigned int'} to 'uint16_t' {aka 'short unsigned int'} may change value [-Wconversion]
subs1.hpp:10026:21: warning: conversion from 'uint32_t' {aka 'unsigned int'} to 'uint16_t' {aka 'short unsigned int'} may change value [-Wconversion]
subs1.hpp:10027:23: warning: conversion from 'uint32_t' {aka 'unsigned int'} to 'uint16_t' {aka 'short unsigned int'} may change value [-Wconversion]
subs1.hpp:10031:21: warning: conversion from 'int32_t' {aka 'int'} to 'uint16_t' {aka 'short unsigned int'} may change value [-Wconversion]
subs1.hpp:10044:29: warning: conversion from 'int32_t' {aka 'int'} to 'uint8_t' {aka 'unsigned char'} may change value [-Wconversion]
subs1.hpp:10047:19: warning: conversion from 'int32_t' {aka 'int'} to 'int16_t' {aka 'short int'} may change value [-Wconversion]
subs1.hpp:10048:39: warning: conversion from 'int32_t' {aka 'int'} to 'uint16_t' {aka 'short unsigned int'} may change value [-Wconversion]
subs1.hpp:10049:28: warning: conversion from 'int' to 'uint16_t' {aka 'short unsigned int'} may change value [-Wconversion]
subs1.hpp:10051:18: warning: conversion to 'uint32_t' {aka 'unsigned int'} from 'int32_t' {aka 'int'} may change the sign of the result [-Wsign-conversion]
subs1.hpp:10053:20: warning: conversion to 'int32_t' {aka 'int'} from 'uint32_t' {aka 'unsigned int'} may change the sign of the result [-Wsign-conversion]
subs1.hpp:10057:47: warning: conversion from 'int32_t' {aka 'int'} to 'uint16_t' {aka 'short unsigned int'} may change value [-Wconversion]
subs1.hpp:10072:22: warning: conversion to 'uint8_t' {aka 'unsigned char'} from 'int8_t' {aka 'signed char'} may change the sign of the result [-Wsign-conversion]
subs1.hpp:10080:12: warning: cast to pointer from integer of different size [-Wint-to-pointer-cast]
subs1.hpp:10085:19: warning: cast to pointer from integer of different size [-Wint-to-pointer-cast]
subs1.hpp:10143:32: warning: conversion from 'int32_t' {aka 'int'} to 'uint16_t' {aka 'short unsigned int'} may change value [-Wconversion]
subs1.hpp:10148:27: warning: conversion to 'int32_t' {aka 'int'} from 'uint32_t' {aka 'unsigned int'} may change the sign of the result [-Wsign-conversion]
subs1.hpp:10149:22: warning: conversion to 'uint32_t' {aka 'unsigned int'} from 'int32_t' {aka 'int'} may change the sign of the result [-Wsign-conversion]
subs1.hpp:10162:32: warning: conversion from 'int32_t' {aka 'int'} to 'uint16_t' {aka 'short unsigned int'} may change value [-Wconversion]
subs1.hpp: In function 'int32_t __code_pixel(ModelBlock*, int32_t)':
subs1.hpp:10294:13: warning: conversion to 'int16_t' {aka 'short int'} from 'uint16_t' {aka 'short unsigned int'} may change the sign of the result [-Wsign-conversion]
subs1.hpp:10380:35: warning: conversion from 'int32_t' {aka 'int'} to 'uint16_t' {aka 'short unsigned int'} may change value [-Wconversion]
subs1.hpp:10391:62: warning: conversion from 'int32_t' {aka 'int'} to 'uint16_t' {aka 'short unsigned int'} may change value [-Wconversion]
subs1.hpp:10403:17: warning: conversion to 'unsigned int' from 'int32_t' {aka 'int'} may change the sign of the result [-Wsign-conversion]
subs1.hpp:10403:14: warning: conversion to 'int32_t' {aka 'int'} from 'unsigned int' may change the sign of the result [-Wsign-conversion]
subs1.hpp:10409:15: warning: conversion from 'int32_t' {aka 'int'} to 'uint16_t' {aka 'short unsigned int'} may change value [-Wconversion]
subs1.hpp:10486:28: warning: conversion from 'int32_t' {aka 'int'} to 'uint16_t' {aka 'short unsigned int'} may change value [-Wconversion]
subs1.hpp:10487:40: warning: conversion from 'int32_t' {aka 'int'} to 'uint16_t' {aka 'short unsigned int'} may change value [-Wconversion]
subs1.hpp:10490:18: warning: conversion to 'int32_t' {aka 'int'} from 'uint32_t' {aka 'unsigned int'} may change the sign of the result [-Wsign-conversion]
subs1.hpp:10491:22: warning: conversion to 'int32_t' {aka 'int'} from 'uint32_t' {aka 'unsigned int'} may change the sign of the result [-Wsign-conversion]
subs1.hpp:10497:24: warning: conversion to 'uint32_t' {aka 'unsigned int'} from 'int32_t' {aka 'int'} may change the sign of the result [-Wsign-conversion]
subs1.hpp:10505:24: warning: conversion from 'int32_t' {aka 'int'} to 'int16_t' {aka 'short int'} may change value [-Wconversion]
subs1.hpp:10508:33: warning: conversion to 'uint16_t' {aka 'short unsigned int'} from 'int16_t' {aka 'short int'} may change the sign of the result [-Wsign-conversion]
subs1.hpp:10509:46: warning: conversion to 'uint32_t' {aka 'unsigned int'} from 'int32_t' {aka 'int'} may change the sign of the result [-Wsign-conversion]
subs1.hpp:10510:57: warning: conversion to 'uint32_t' {aka 'unsigned int'} from 'int32_t' {aka 'int'} may change the sign of the result [-Wsign-conversion]
subs1.hpp:10513:23: warning: conversion to 'uint16_t' {aka 'short unsigned int'} from 'int16_t' {aka 'short int'} may change the sign of the result [-Wsign-conversion]
subs1.hpp:10514:46: warning: conversion to 'uint32_t' {aka 'unsigned int'} from 'int32_t' {aka 'int'} may change the sign of the result [-Wsign-conversion]
subs1.hpp:10515:57: warning: conversion to 'uint32_t' {aka 'unsigned int'} from 'int32_t' {aka 'int'} may change the sign of the result [-Wsign-conversion]
subs1.hpp:10525:24: warning: conversion to 'int32_t' {aka 'int'} from 'uint32_t' {aka 'unsigned int'} may change the sign of the result [-Wsign-conversion]
subs1.hpp:10531:22: warning: comparison of integer expressions of different signedness: 'int32_t' {aka 'int'} and 'uint32_t' {aka 'unsigned int'} [-Wsign-compare]
subs1.hpp:10533:39: warning: conversion from 'int32_t' {aka 'int'} to 'uint16_t' {aka 'short unsigned int'} may change value [-Wconversion]
subs1.hpp:10534:44: warning: conversion to 'uint32_t' {aka 'unsigned int'} from 'int32_t' {aka 'int'} may change the sign of the result [-Wsign-conversion]
subs1.hpp:10535:63: warning: conversion to 'uint32_t' {aka 'unsigned int'} from 'int32_t' {aka 'int'} may change the sign of the result [-Wsign-conversion]
subs1.hpp:10549:60: warning: conversion from 'int' to 'uint8_t' {aka 'unsigned char'} may change value [-Wconversion]
subs1.hpp:10565:36: warning: conversion from 'int' to 'uint8_t' {aka 'unsigned char'} may change value [-Wconversion]
subs1.hpp:10566:62: warning: conversion from 'int' to 'uint8_t' {aka 'unsigned char'} may change value [-Wconversion]
subs1.hpp:10572:36: warning: conversion from 'int' to 'uint8_t' {aka 'unsigned char'} may change value [-Wconversion]
subs1.hpp:10583:28: warning: conversion from 'int32_t' {aka 'int'} to 'uint8_t' {aka 'unsigned char'} may change value [-Wconversion]
subs1.hpp:10636:19: warning: conversion from 'int32_t' {aka 'int'} to 'int16_t' {aka 'short int'} may change value [-Wconversion]
subs1.hpp:10647:30: warning: conversion from 'int32_t' {aka 'int'} to 'uint16_t' {aka 'short unsigned int'} may change value [-Wconversion]
subs1.hpp:10649:31: warning: conversion from 'int32_t' {aka 'int'} to 'uint16_t' {aka 'short unsigned int'} may change value [-Wconversion]
subs1.hpp:10651:17: warning: conversion from 'int32_t' {aka 'int'} to 'uint16_t' {aka 'short unsigned int'} may change value [-Wconversion]
subs1.hpp:10655:26: warning: conversion from 'int32_t' {aka 'int'} to 'uint16_t' {aka 'short unsigned int'} may change value [-Wconversion]
subs1.hpp:10656:22: warning: conversion from 'int32_t' {aka 'int'} to 'uint16_t' {aka 'short unsigned int'} may change value [-Wconversion]
subs1.hpp:10660:46: warning: conversion from 'int' to 'int16_t' {aka 'short int'} may change value [-Wconversion]
subs1.hpp:10661:42: warning: conversion from 'int32_t' {aka 'int'} to 'uint16_t' {aka 'short unsigned int'} may change value [-Wconversion]
subs1.hpp:10662:22: warning: conversion from 'int32_t' {aka 'int'} to 'uint16_t' {aka 'short unsigned int'} may change value [-Wconversion]
subs1.hpp:10664:22: warning: conversion from 'int32_t' {aka 'int'} to 'uint16_t' {aka 'short unsigned int'} may change value [-Wconversion]
subs1.hpp:10668:17: warning: conversion to 'uint32_t' {aka 'unsigned int'} from 'int32_t' {aka 'int'} may change the sign of the result [-Wsign-conversion]
subs1.hpp:10695:17: warning: conversion to 'uint32_t' {aka 'unsigned int'} from 'int32_t' {aka 'int'} may change the sign of the result [-Wsign-conversion]
subs1.hpp:10696:33: warning: conversion to 'uint32_t' {aka 'unsigned int'} from 'int' may change the sign of the result [-Wsign-conversion]
subs1.hpp:10709:25: warning: conversion from 'uint32_t' {aka 'unsigned int'} to 'uint16_t' {aka 'short unsigned int'} may change value [-Wconversion]
subs1.hpp:10710:22: warning: conversion from 'uint32_t' {aka 'unsigned int'} to 'uint16_t' {aka 'short unsigned int'} may change value [-Wconversion]
subs1.hpp:10711:37: warning: conversion from 'uint32_t' {aka 'unsigned int'} to 'uint16_t' {aka 'short unsigned int'} may change value [-Wconversion]
subs1.hpp:10712:22: warning: conversion from 'uint32_t' {aka 'unsigned int'} to 'uint16_t' {aka 'short unsigned int'} may change value [-Wconversion]
subs1.hpp:10713:25: warning: conversion from 'uint32_t' {aka 'unsigned int'} to 'uint16_t' {aka 'short unsigned int'} may change value [-Wconversion]
subs1.hpp:10715:22: warning: conversion from 'uint32_t' {aka 'unsigned int'} to 'uint16_t' {aka 'short unsigned int'} may change value [-Wconversion]
subs1.hpp:10716:25: warning: conversion from 'uint32_t' {aka 'unsigned int'} to 'uint16_t' {aka 'short unsigned int'} may change value [-Wconversion]
subs1.hpp:10718:22: warning: conversion from 'uint32_t' {aka 'unsigned int'} to 'uint16_t' {aka 'short unsigned int'} may change value [-Wconversion]
subs1.hpp:10719:25: warning: conversion from 'uint32_t' {aka 'unsigned int'} to 'uint16_t' {aka 'short unsigned int'} may change value [-Wconversion]
subs1.hpp:10720:22: warning: conversion from 'uint32_t' {aka 'unsigned int'} to 'uint16_t' {aka 'short unsigned int'} may change value [-Wconversion]
subs1.hpp:10721:36: warning: conversion from 'uint32_t' {aka 'unsigned int'} to 'uint16_t' {aka 'short unsigned int'} may change value [-Wconversion]
subs1.hpp:10723:36: warning: conversion from 'uint32_t' {aka 'unsigned int'} to 'uint16_t' {aka 'short unsigned int'} may change value [-Wconversion]
subs1.hpp:10727:22: warning: conversion from 'int32_t' {aka 'int'} to 'uint16_t' {aka 'short unsigned int'} may change value [-Wconversion]
subs1.hpp:10737:23: warning: conversion from 'int32_t' {aka 'int'} to 'uint8_t' {aka 'unsigned char'} may change value [-Wconversion]
subs1.hpp:10740:25: warning: conversion from 'int32_t' {aka 'int'} to 'uint16_t' {aka 'short unsigned int'} may change value [-Wconversion]
subs1.hpp:10741:22: warning: conversion from 'int' to 'uint16_t' {aka 'short unsigned int'} may change value [-Wconversion]
subs1.hpp:10783:17: warning: conversion to 'uint32_t' {aka 'unsigned int'} from 'int32_t' {aka 'int'} may change the sign of the result [-Wsign-conversion]
subs1.hpp:10784:33: warning: conversion to 'uint32_t' {aka 'unsigned int'} from 'int' may change the sign of the result [-Wsign-conversion]
subs1.hpp:10796:25: warning: conversion from 'int' to 'int16_t' {aka 'short int'} may change value [-Wconversion]
subs1.hpp:10797:22: warning: conversion to 'uint16_t' {aka 'short unsigned int'} from 'int16_t' {aka 'short int'} may change the sign of the result [-Wsign-conversion]
subs1.hpp:10798:25: warning: conversion from 'uint32_t' {aka 'unsigned int'} to 'uint16_t' {aka 'short unsigned int'} may change value [-Wconversion]
subs1.hpp:10799:22: warning: conversion from 'uint32_t' {aka 'unsigned int'} to 'uint16_t' {aka 'short unsigned int'} may change value [-Wconversion]
subs1.hpp:10802:22: warning: conversion from 'uint32_t' {aka 'unsigned int'} to 'uint16_t' {aka 'short unsigned int'} may change value [-Wconversion]
subs1.hpp:10803:25: warning: conversion from 'uint32_t' {aka 'unsigned int'} to 'uint16_t' {aka 'short unsigned int'} may change value [-Wconversion]
subs1.hpp:10805:22: warning: conversion from 'uint32_t' {aka 'unsigned int'} to 'uint16_t' {aka 'short unsigned int'} may change value [-Wconversion]
subs1.hpp:10806:25: warning: conversion from 'uint32_t' {aka 'unsigned int'} to 'uint16_t' {aka 'short unsigned int'} may change value [-Wconversion]
subs1.hpp:10807:22: warning: conversion from 'uint32_t' {aka 'unsigned int'} to 'uint16_t' {aka 'short unsigned int'} may change value [-Wconversion]
subs1.hpp:10808:22: warning: conversion to 'uint32_t' {aka 'unsigned int'} from 'int' may change the sign of the result [-Wsign-conversion]
subs1.hpp:10808:25: warning: conversion from 'uint32_t' {aka 'unsigned int'} to 'uint16_t' {aka 'short unsigned int'} may change value [-Wconversion]
subs1.hpp:10813:22: warning: conversion from 'int32_t' {aka 'int'} to 'uint16_t' {aka 'short unsigned int'} may change value [-Wconversion]
subs1.hpp:10825:23: warning: conversion from 'int32_t' {aka 'int'} to 'uint8_t' {aka 'unsigned char'} may change value [-Wconversion]
subs1.hpp:10828:20: warning: conversion from 'int32_t' {aka 'int'} to 'int16_t' {aka 'short int'} may change value [-Wconversion]
subs1.hpp:10829:33: warning: conversion from 'int32_t' {aka 'int'} to 'uint16_t' {aka 'short unsigned int'} may change value [-Wconversion]
subs1.hpp:10830:22: warning: conversion from 'int' to 'uint16_t' {aka 'short unsigned int'} may change value [-Wconversion]
subs1.hpp:10850:22: warning: conversion to 'uint8_t' {aka 'unsigned char'} from 'int8_t' {aka 'signed char'} may change the sign of the result [-Wsign-conversion]
subs1.hpp:10855:13: warning: cast to pointer from integer of different size [-Wint-to-pointer-cast]
subs1.hpp:10864:27: warning: cast to pointer from integer of different size [-Wint-to-pointer-cast]
subs1.hpp:10875:30: warning: cast to pointer from integer of different size [-Wint-to-pointer-cast]
subs1.hpp: In function 'void __expand_alphabet(ModelBlock*)':
subs1.hpp:10973:17: warning: conversion to 'int32_t' {aka 'int'} from 'uint32_t' {aka 'unsigned int'} may change the sign of the result [-Wsign-conversion]
subs1.hpp:11007:19: warning: comparison of integer expressions of different signedness: 'uint32_t' {aka 'unsigned int'} and 'int' [-Wsign-compare]
subs1.hpp:11020:32: warning: conversion to 'uint32_t' {aka 'unsigned int'} from 'int32_t' {aka 'int'} may change the sign of the result [-Wsign-conversion]
subs1.hpp:11024:43: warning: conversion to 'uint32_t' {aka 'unsigned int'} from 'int32_t' {aka 'int'} may change the sign of the result [-Wsign-conversion]
subs1.hpp:11030:37: warning: conversion to 'int32_t' {aka 'int'} from 'uint32_t' {aka 'unsigned int'} may change the sign of the result [-Wsign-conversion]
subs1.hpp:11040:75: warning: conversion to 'int32_t' {aka 'int'} from 'uint32_t' {aka 'unsigned int'} may change the sign of the result [-Wsign-conversion]
subs1.hpp:11049:37: warning: conversion to 'uint32_t' {aka 'unsigned int'} from 'int32_t' {aka 'int'} may change the sign of the result [-Wsign-conversion]
subs1.hpp:11065:66: warning: conversion to 'uint32_t' {aka 'unsigned int'} from 'int32_t' {aka 'int'} may change the sign of the result [-Wsign-conversion]
subs1.hpp: In function 'ModelBlock* __layout_workspace(ModelBlock*, int32_t, int32_t, int32_t, int32_t)':
subs1.hpp:11083:16: warning: conversion to 'uint32_t' {aka 'unsigned int'} from 'int32_t' {aka 'int'} may change the sign of the result [-Wsign-conversion]
subs1.hpp:11084:31: warning: conversion to 'uint32_t' {aka 'unsigned int'} from 'int32_t' {aka 'int'} may change the sign of the result [-Wsign-conversion]
subs1.hpp:11085:16: warning: conversion to 'uint32_t' {aka 'unsigned int'} from 'int32_t' {aka 'int'} may change the sign of the result [-Wsign-conversion]
subs1.hpp:11086:20: warning: conversion to 'uint32_t' {aka 'unsigned int'} from 'int32_t' {aka 'int'} may change the sign of the result [-Wsign-conversion]
subs1.hpp:11096:35: warning: conversion to 'size_t' {aka 'unsigned int'} from 'int' may change the sign of the result [-Wsign-conversion]
subs1.hpp:11099:14: warning: conversion to 'int32_t' {aka 'int'} from 'uint32_t' {aka 'unsigned int'} may change the sign of the result [-Wsign-conversion]
subs1.hpp:11112:18: warning: conversion to 'int32_t' {aka 'int'} from 'uint32_t' {aka 'unsigned int'} may change the sign of the result [-Wsign-conversion]
subs1.hpp:11115:17: warning: comparison of integer expressions of different signedness: 'int32_t' {aka 'int'} and 'uint32_t' {aka 'unsigned int'} [-Wsign-compare]
subs1.hpp:11118:31: warning: conversion to 'size_t' {aka 'unsigned int'} from 'int32_t' {aka 'int'} may change the sign of the result [-Wsign-conversion]
subs1.hpp:11127:14: warning: conversion from 'int' to 'uint8_t' {aka 'unsigned char'} may change value [-Wconversion]
subs1.hpp:11128:53: warning: conversion to 'uint32_t' {aka 'unsigned int'} from 'int32_t' {aka 'int'} may change the sign of the result [-Wsign-conversion]
subs1.hpp:11130:15: warning: comparison of integer expressions of different signedness: 'int32_t' {aka 'int'} and 'uint32_t' {aka 'unsigned int'} [-Wsign-compare]
subs1.hpp:11139:25: warning: conversion to 'int16_t' {aka 'short int'} from 'uint16_t' {aka 'short unsigned int'} may change the sign of the result [-Wsign-conversion]
subs1.hpp:11140:12: warning: conversion to 'int32_t' {aka 'int'} from 'uint32_t' {aka 'unsigned int'} may change the sign of the result [-Wsign-conversion]
subs1.hpp:11143:11: warning: conversion from 'int' to 'int16_t' {aka 'short int'} may change value [-Wconversion]
subs1.hpp:11146:23: warning: conversion to 'uint16_t' {aka 'short unsigned int'} from 'int16_t' {aka 'short int'} may change the sign of the result [-Wsign-conversion]
subs1.hpp:11170:12: warning: conversion to 'int32_t' {aka 'int'} from 'uint32_t' {aka 'unsigned int'} may change the sign of the result [-Wsign-conversion]
subs1.hpp:11182:41: warning: conversion to 'uint32_t' {aka 'unsigned int'} from 'int' may change the sign of the result [-Wsign-conversion]
subs1.hpp:11189:12: warning: conversion to 'int32_t' {aka 'int'} from 'uint32_t' {aka 'unsigned int'} may change the sign of the result [-Wsign-conversion]
subs1.hpp: In function 'void __unmodel_plane_slow(ModelBlock*, uint8_t*)':
subs1.hpp:11270:32: warning: conversion from 'int32_t' {aka 'int'} to 'uint8_t' {aka 'unsigned char'} may change value [-Wconversion]
subs1.hpp:11289:52: warning: conversion from 'int32_t' {aka 'int'} to 'uint8_t' {aka 'unsigned char'} may change value [-Wconversion]
subs1.hpp:11290:22: warning: conversion to 'int32_t' {aka 'int'} from 'uint32_t' {aka 'unsigned int'} may change the sign of the result [-Wsign-conversion]
subs1.hpp:11315:23: warning: conversion from 'int32_t' {aka 'int'} to 'uint16_t' {aka 'short unsigned int'} may change value [-Wconversion]
subs1.hpp:11327:23: warning: conversion from 'int32_t' {aka 'int'} to 'uint16_t' {aka 'short unsigned int'} may change value [-Wconversion]
subs1.hpp:11338:23: warning: conversion from 'int32_t' {aka 'int'} to 'uint16_t' {aka 'short unsigned int'} may change value [-Wconversion]
subs1.hpp:11344:21: warning: conversion from 'int' to 'uint16_t' {aka 'short unsigned int'} may change value [-Wconversion]
subs1.hpp:11350:21: warning: conversion from 'int' to 'uint16_t' {aka 'short unsigned int'} may change value [-Wconversion]
subs1.hpp:11356:21: warning: conversion from 'int' to 'uint16_t' {aka 'short unsigned int'} may change value [-Wconversion]
subs1.hpp:11363:22: warning: conversion from 'int32_t' {aka 'int'} to 'uint8_t' {aka 'unsigned char'} may change value [-Wconversion]
subs1.hpp:11368:33: warning: conversion from 'int32_t' {aka 'int'} to 'uint8_t' {aka 'unsigned char'} may change value [-Wconversion]
subs1.hpp:11369:22: warning: conversion from 'int32_t' {aka 'int'} to 'uint8_t' {aka 'unsigned char'} may change value [-Wconversion]
subs1.hpp:11376:22: warning: conversion from 'int16_t' {aka 'short int'} to 'uint8_t' {aka 'unsigned char'} may change value [-Wconversion]
subs1.hpp:11377:27: warning: conversion from 'int' to 'uint16_t' {aka 'short unsigned int'} may change value [-Wconversion]
subs1.hpp:11378:23: warning: conversion from 'int' to 'uint16_t' {aka 'short unsigned int'} may change value [-Wconversion]
subs1.hpp:11384:32: warning: conversion from 'int' to 'uint16_t' {aka 'short unsigned int'} may change value [-Wconversion]
subs1.hpp:11411:18: warning: conversion to 'int32_t' {aka 'int'} from 'uint32_t' {aka 'unsigned int'} may change the sign of the result [-Wsign-conversion]
subs1.hpp:11413:16: warning: conversion to 'size_t' {aka 'unsigned int'} from 'int32_t' {aka 'int'} may change the sign of the result [-Wsign-conversion]
subs1.hpp:11415:64: warning: conversion to 'int32_t' {aka 'int'} from 'uint32_t' {aka 'unsigned int'} may change the sign of the result [-Wsign-conversion]
subs1.hpp:11419:16: warning: conversion to 'int32_t' {aka 'int'} from 'uint32_t' {aka 'unsigned int'} may change the sign of the result [-Wsign-conversion]
subs1.hpp:11420:42: warning: conversion to 'size_t' {aka 'unsigned int'} from 'int' may change the sign of the result [-Wsign-conversion]
subs1.hpp:11423:15: warning: conversion to 'uint32_t' {aka 'unsigned int'} from 'int32_t' {aka 'int'} may change the sign of the result [-Wsign-conversion]
subs1.hpp:11432:18: warning: conversion to 'int32_t' {aka 'int'} from 'uint32_t' {aka 'unsigned int'} may change the sign of the result [-Wsign-conversion]
subs1.hpp:11434:45: warning: conversion to 'size_t' {aka 'unsigned int'} from 'int' may change the sign of the result [-Wsign-conversion]
subs1.hpp:11437:16: warning: conversion to 'uint32_t' {aka 'unsigned int'} from 'int32_t' {aka 'int'} may change the sign of the result [-Wsign-conversion]
subs1.hpp:11455:15: warning: comparison of integer expressions of different signedness: 'int32_t' {aka 'int'} and 'uint32_t' {aka 'unsigned int'} [-Wsign-compare]
subs1.hpp:11457:16: warning: conversion to 'int32_t' {aka 'int'} from 'uint32_t' {aka 'unsigned int'} may change the sign of the result [-Wsign-conversion]
subs1.hpp:11458:11: warning: comparison of integer expressions of different signedness: 'int32_t' {aka 'int'} and 'uint32_t' {aka 'unsigned int'} [-Wsign-compare]
subs1.hpp:11465:18: warning: conversion to 'int32_t' {aka 'int'} from 'uint32_t' {aka 'unsigned int'} may change the sign of the result [-Wsign-conversion]
subs1.hpp:11517:123: warning: conversion from 'int' to 'uint8_t' {aka 'unsigned char'} may change value [-Wconversion]
subs1.hpp:11523:23: warning: conversion to 'int32_t' {aka 'int'} from 'uint32_t' {aka 'unsigned int'} may change the sign of the result [-Wsign-conversion]
subs1.hpp:11524:103: warning: conversion from 'int' to 'uint8_t' {aka 'unsigned char'} may change value [-Wconversion]
subs1.hpp:11533:25: warning: conversion to 'int32_t' {aka 'int'} from 'uint32_t' {aka 'unsigned int'} may change the sign of the result [-Wsign-conversion]
subs1.hpp:11536:18: warning: comparison of integer expressions of different signedness: 'int32_t' {aka 'int'} and 'uint32_t' {aka 'unsigned int'} [-Wsign-compare]
subs1.hpp:11546:20: warning: comparison of integer expressions of different signedness: 'int32_t' {aka 'int'} and 'uint32_t' {aka 'unsigned int'} [-Wsign-compare]
subs1.hpp:11551:19: warning: comparison of integer expressions of different signedness: 'int32_t' {aka 'int'} and 'uint32_t' {aka 'unsigned int'} [-Wsign-compare]
subs1.hpp:11577:22: warning: comparison of integer expressions of different signedness: 'int32_t' {aka 'int'} and 'uint32_t' {aka 'unsigned int'} [-Wsign-compare]
subs1.hpp:11594:22: warning: comparison of integer expressions of different signedness: 'int32_t' {aka 'int'} and 'uint32_t' {aka 'unsigned int'} [-Wsign-compare]
subs1.hpp:11605:27: warning: conversion to 'int32_t' {aka 'int'} from 'uint32_t' {aka 'unsigned int'} may change the sign of the result [-Wsign-conversion]
subs1.hpp:11610:77: warning: conversion from 'uint32_t' {aka 'unsigned int'} to 'uint8_t' {aka 'unsigned char'} may change value [-Wconversion]
subs1.hpp:11614:24: warning: conversion from 'uint32_t' {aka 'unsigned int'} to 'uint8_t' {aka 'unsigned char'} may change value [-Wconversion]
subs1.hpp:11618:20: warning: comparison of integer expressions of different signedness: 'int32_t' {aka 'int'} and 'uint32_t' {aka 'unsigned int'} [-Wsign-compare]
subs1.hpp:11629:83: warning: conversion from 'uint32_t' {aka 'unsigned int'} to 'uint16_t' {aka 'short unsigned int'} may change value [-Wconversion]
subs1.hpp:11632:18: warning: comparison of integer expressions of different signedness: 'int32_t' {aka 'int'} and 'uint32_t' {aka 'unsigned int'} [-Wsign-compare]
subs1.hpp:11641:23: warning: conversion to 'int32_t' {aka 'int'} from 'uint32_t' {aka 'unsigned int'} may change the sign of the result [-Wsign-conversion]
subs1.hpp:11642:18: warning: comparison of integer expressions of different signedness: 'int32_t' {aka 'int'} and 'uint32_t' {aka 'unsigned int'} [-Wsign-compare]
subs1.hpp:11647:44: warning: conversion to 'int32_t' {aka 'int'} from 'uint32_t' {aka 'unsigned int'} may change the sign of the result [-Wsign-conversion]
subs1.hpp:11652:44: warning: conversion to 'int32_t' {aka 'int'} from 'uint32_t' {aka 'unsigned int'} may change the sign of the result [-Wsign-conversion]
subs1.hpp:11691:47: warning: conversion to 'int32_t' {aka 'int'} from 'uint32_t' {aka 'unsigned int'} may change the sign of the result [-Wsign-conversion]
subs1.hpp: In function 'int32_t __alt_model_p1_encode(uint16_t*, uint8_t*)':
subs1.hpp:11810:9: warning: conversion from 'int32_t' {aka 'int'} to 'int8_t' {aka 'signed char'} may change value [-Wconversion]
subs1.hpp:11914:29: warning: conversion from 'int32_t' {aka 'int'} to 'uint8_t' {aka 'unsigned char'} may change value [-Wconversion]
subs1.hpp:11919:34: warning: conversion from 'int32_t' {aka 'int'} to 'uint8_t' {aka 'unsigned char'} may change value [-Wconversion]
subs1.hpp:11920:39: warning: conversion from 'uint32_t' {aka 'unsigned int'} to 'uint8_t' {aka 'unsigned char'} may change value [-Wconversion]
subs1.hpp:11939:33: warning: conversion from 'int' to 'uint8_t' {aka 'unsigned char'} may change value [-Wconversion]
subs1.hpp:11957:29: warning: conversion from 'int32_t' {aka 'int'} to 'uint8_t' {aka 'unsigned char'} may change value [-Wconversion]
subs1.hpp:11962:34: warning: conversion from 'int32_t' {aka 'int'} to 'uint8_t' {aka 'unsigned char'} may change value [-Wconversion]
subs1.hpp:11963:55: warning: conversion from 'int64_t' {aka 'long long int'} to 'uint8_t' {aka 'unsigned char'} may change value [-Wconversion]
subs1.hpp:11985:79: warning: conversion to 'uint32_t' {aka 'unsigned int'} from 'int32_t' {aka 'int'} may change the sign of the result [-Wsign-conversion]
subs1.hpp:11984:37: warning: conversion to 'uint32_t' {aka 'unsigned int'} from 'int32_t' {aka 'int'} may change the sign of the result [-Wsign-conversion]
subs1.hpp:11982:35: warning: conversion to 'uint32_t' {aka 'unsigned int'} from 'int32_t' {aka 'int'} may change the sign of the result [-Wsign-conversion]
subs1.hpp:12003:29: warning: conversion from 'int32_t' {aka 'int'} to 'uint8_t' {aka 'unsigned char'} may change value [-Wconversion]
subs1.hpp:12007:34: warning: conversion from 'int32_t' {aka 'int'} to 'uint8_t' {aka 'unsigned char'} may change value [-Wconversion]
subs1.hpp:12008:55: warning: conversion from 'int64_t' {aka 'long long int'} to 'uint8_t' {aka 'unsigned char'} may change value [-Wconversion]
subs1.hpp:12031:19: warning: conversion from 'int' to 'uint8_t' {aka 'unsigned char'} may change value [-Wconversion]
subs1.hpp:12045:43: warning: conversion from 'int32_t' {aka 'int'} to 'uint8_t' {aka 'unsigned char'} may change value [-Wconversion]
subs1.hpp:12057:36: warning: conversion from 'int32_t' {aka 'int'} to 'uint8_t' {aka 'unsigned char'} may change value [-Wconversion]
subs1.hpp:12058:57: warning: conversion from 'int64_t' {aka 'long long int'} to 'uint8_t' {aka 'unsigned char'} may change value [-Wconversion]
subs1.hpp:12078:19: warning: comparison of integer expressions of different signedness: 'uint32_t' {aka 'unsigned int'} and 'int32_t' {aka 'int'} [-Wsign-compare]
subs1.hpp:12083:15: warning: comparison of integer expressions of different signedness: 'uint32_t' {aka 'unsigned int'} and 'int32_t' {aka 'int'} [-Wsign-compare]
subs1.hpp: In function 'uint32_t __alt_p2_model(AltP2Block*, int32_t, uint8_t, int32_t)':
subs1.hpp:12232:27: warning: conversion from 'int' to 'int16_t' {aka 'short int'} may change value [-Wconversion]
subs1.hpp:12238:45: warning: conversion from 'int' to 'uint8_t' {aka 'unsigned char'} may change value [-Wconversion]
subs1.hpp:12241:29: warning: conversion from 'uint32_t' {aka 'unsigned int'} to 'uint8_t' {aka 'unsigned char'} may change value [-Wconversion]
subs1.hpp:12245:37: warning: conversion from 'int64_t' {aka 'long long int'} to 'int16_t' {aka 'short int'} may change value [-Wconversion]
subs1.hpp:12247:41: warning: conversion from 'int64_t' {aka 'long long int'} to 'int16_t' {aka 'short int'} may change value [-Wconversion]
subs1.hpp:12249:47: warning: conversion from 'int64_t' {aka 'long long int'} to 'int16_t' {aka 'short int'} may change value [-Wconversion]
subs1.hpp:12251:48: warning: conversion from 'int64_t' {aka 'long long int'} to 'int16_t' {aka 'short int'} may change value [-Wconversion]
subs1.hpp:12253:24: warning: conversion from 'int64_t' {aka 'long long int'} to 'int16_t' {aka 'short int'} may change value [-Wconversion]
subs1.hpp:12254:48: warning: conversion from 'int64_t' {aka 'long long int'} to 'int16_t' {aka 'short int'} may change value [-Wconversion]
subs1.hpp:12327:14: warning: conversion to 'int32_t' {aka 'int'} from 'uint32_t' {aka 'unsigned int'} may change the sign of the result [-Wsign-conversion]
subs1.hpp:12332:16: warning: conversion to 'int32_t' {aka 'int'} from 'uint32_t' {aka 'unsigned int'} may change the sign of the result [-Wsign-conversion]
subs1.hpp:12333:11: warning: conversion to 'uint32_t' {aka 'unsigned int'} from 'int32_t' {aka 'int'} may change the sign of the result [-Wsign-conversion]
subs1.hpp:12333:20: warning: conversion to 'int32_t' {aka 'int'} from 'uint32_t' {aka 'unsigned int'} may change the sign of the result [-Wsign-conversion]
subs1.hpp:12337:40: warning: conversion to 'uint32_t' {aka 'unsigned int'} from 'int32_t' {aka 'int'} may change the sign of the result [-Wsign-conversion]
subs1.hpp:12339:31: warning: conversion from 'int32_t' {aka 'int'} to 'uint16_t' {aka 'short unsigned int'} may change value [-Wconversion]
subs1.hpp:12345:33: warning: conversion from 'int32_t' {aka 'int'} to 'uint16_t' {aka 'short unsigned int'} may change value [-Wconversion]
subs1.hpp:12351:23: warning: conversion from 'int32_t' {aka 'int'} to 'uint8_t' {aka 'unsigned char'} may change value [-Wconversion]
subs1.hpp:12360:41: warning: conversion from 'int' to 'uint16_t' {aka 'short unsigned int'} may change value [-Wconversion]
subs1.hpp:12364:25: warning: conversion from 'int32_t' {aka 'int'} to 'uint8_t' {aka 'unsigned char'} may change value [-Wconversion]
subs1.hpp:12372:59: warning: conversion to 'uint32_t' {aka 'unsigned int'} from 'int32_t' {aka 'int'} may change the sign of the result [-Wsign-conversion]
subs1.hpp:12372:57: warning: conversion to 'int32_t' {aka 'int'} from 'uint32_t' {aka 'unsigned int'} may change the sign of the result [-Wsign-conversion]
subs1.hpp:12383:59: warning: conversion to 'uint32_t' {aka 'unsigned int'} from 'int32_t' {aka 'int'} may change the sign of the result [-Wsign-conversion]
subs1.hpp:12380:43: warning: conversion to 'uint32_t' {aka 'unsigned int'} from 'int32_t' {aka 'int'} may change the sign of the result [-Wsign-conversion]
subs1.hpp:12381:55: warning: conversion from 'uint32_t' {aka 'unsigned int'} to 'uint16_t' {aka 'short unsigned int'} may change value [-Wconversion]
subs1.hpp:12394:55: warning: conversion to 'uint32_t' {aka 'unsigned int'} from 'int32_t' {aka 'int'} may change the sign of the result [-Wsign-conversion]
subs1.hpp:12392:40: warning: conversion to 'uint32_t' {aka 'unsigned int'} from 'int32_t' {aka 'int'} may change the sign of the result [-Wsign-conversion]
subs1.hpp:12393:51: warning: conversion from 'uint32_t' {aka 'unsigned int'} to 'uint16_t' {aka 'short unsigned int'} may change value [-Wconversion]
subs1.hpp:12406:32: warning: conversion to 'unsigned int' from 'int32_t' {aka 'int'} may change the sign of the result [-Wsign-conversion]
subs1.hpp:12405:19: warning: conversion to 'unsigned int' from 'int' may change the sign of the result [-Wsign-conversion]
subs1.hpp:12414:32: warning: conversion to 'unsigned int' from 'int32_t' {aka 'int'} may change the sign of the result [-Wsign-conversion]
subs1.hpp:12413:19: warning: conversion to 'unsigned int' from 'int' may change the sign of the result [-Wsign-conversion]
subs1.hpp:12422:32: warning: conversion to 'unsigned int' from 'int32_t' {aka 'int'} may change the sign of the result [-Wsign-conversion]
subs1.hpp:12421:19: warning: conversion to 'unsigned int' from 'int' may change the sign of the result [-Wsign-conversion]
subs1.hpp:12428:32: warning: conversion to 'unsigned int' from 'int32_t' {aka 'int'} may change the sign of the result [-Wsign-conversion]
subs1.hpp:12427:19: warning: conversion to 'unsigned int' from 'int' may change the sign of the result [-Wsign-conversion]
subs1.hpp:12436:32: warning: conversion to 'unsigned int' from 'int32_t' {aka 'int'} may change the sign of the result [-Wsign-conversion]
subs1.hpp:12435:19: warning: conversion to 'unsigned int' from 'int' may change the sign of the result [-Wsign-conversion]
subs1.hpp:12442:31: warning: conversion to 'unsigned int' from 'int32_t' {aka 'int'} may change the sign of the result [-Wsign-conversion]
subs1.hpp:12441:18: warning: conversion to 'unsigned int' from 'int' may change the sign of the result [-Wsign-conversion]
subs1.hpp:12446:68: warning: conversion to 'unsigned int' from 'int32_t' {aka 'int'} may change the sign of the result [-Wsign-conversion]
subs1.hpp:12446:57: warning: conversion to 'unsigned int' from 'int32_t' {aka 'int'} may change the sign of the result [-Wsign-conversion]
subs1.hpp:12454:102: warning: conversion to 'unsigned int' from 'int32_t' {aka 'int'} may change the sign of the result [-Wsign-conversion]
subs1.hpp:12454:80: warning: conversion to 'unsigned int' from 'int' may change the sign of the result [-Wsign-conversion]
subs1.hpp:12458:102: warning: conversion to 'unsigned int' from 'int32_t' {aka 'int'} may change the sign of the result [-Wsign-conversion]
subs1.hpp:12458:80: warning: conversion to 'unsigned int' from 'int' may change the sign of the result [-Wsign-conversion]
subs1.hpp:12467:98: warning: conversion to 'unsigned int' from 'int32_t' {aka 'int'} may change the sign of the result [-Wsign-conversion]
subs1.hpp:12467:82: warning: conversion to 'unsigned int' from 'int' may change the sign of the result [-Wsign-conversion]
subs1.hpp:12469:53: warning: conversion to 'unsigned int' from 'int32_t' {aka 'int'} may change the sign of the result [-Wsign-conversion]
subs1.hpp:12469:48: warning: conversion to 'unsigned int' from 'int32_t' {aka 'int'} may change the sign of the result [-Wsign-conversion]
subs1.hpp:12479:38: warning: conversion to 'int32_t' {aka 'int'} from 'uint32_t' {aka 'unsigned int'} may change the sign of the result [-Wsign-conversion]
subs1.hpp:12488:30: warning: conversion to 'uint32_t' {aka 'unsigned int'} from 'int32_t' {aka 'int'} may change the sign of the result [-Wsign-conversion]
subs1.hpp:12489:25: warning: conversion to 'uint32_t' {aka 'unsigned int'} from 'int32_t' {aka 'int'} may change the sign of the result [-Wsign-conversion]
subs1.hpp:12489:31: warning: conversion from 'uint32_t' {aka 'unsigned int'} to 'uint16_t' {aka 'short unsigned int'} may change value [-Wconversion]
subs1.hpp:12491:22: warning: conversion from 'uint32_t' {aka 'unsigned int'} to 'uint16_t' {aka 'short unsigned int'} may change value [-Wconversion]
subs1.hpp:12501:86: warning: conversion to 'uint32_t' {aka 'unsigned int'} from 'int32_t' {aka 'int'} may change the sign of the result [-Wsign-conversion]
subs1.hpp:12501:84: warning: conversion from 'uint32_t' {aka 'unsigned int'} to 'uint16_t' {aka 'short unsigned int'} may change value [-Wconversion]
subs1.hpp:12514:82: warning: conversion to 'uint32_t' {aka 'unsigned int'} from 'int32_t' {aka 'int'} may change the sign of the result [-Wsign-conversion]
subs1.hpp:12514:80: warning: conversion from 'uint32_t' {aka 'unsigned int'} to 'uint16_t' {aka 'short unsigned int'} may change value [-Wconversion]
subs1.hpp:12526:56: warning: conversion from 'uint32_t' {aka 'unsigned int'} to 'uint16_t' {aka 'short unsigned int'} may change value [-Wconversion]
subs1.hpp:12538:56: warning: conversion from 'uint32_t' {aka 'unsigned int'} to 'uint16_t' {aka 'short unsigned int'} may change value [-Wconversion]
subs1.hpp:12548:101: warning: conversion from 'uint32_t' {aka 'unsigned int'} to 'uint16_t' {aka 'short unsigned int'} may change value [-Wconversion]
subs1.hpp:12558:101: warning: conversion from 'uint32_t' {aka 'unsigned int'} to 'uint16_t' {aka 'short unsigned int'} may change value [-Wconversion]
subs1.hpp:12568:101: warning: conversion from 'uint32_t' {aka 'unsigned int'} to 'uint16_t' {aka 'short unsigned int'} may change value [-Wconversion]
subs1.hpp:12579:101: warning: conversion from 'uint32_t' {aka 'unsigned int'} to 'uint16_t' {aka 'short unsigned int'} may change value [-Wconversion]
subs1.hpp:12589:101: warning: conversion from 'uint32_t' {aka 'unsigned int'} to 'uint16_t' {aka 'short unsigned int'} may change value [-Wconversion]
subs1.hpp:12599:101: warning: conversion from 'uint32_t' {aka 'unsigned int'} to 'uint16_t' {aka 'short unsigned int'} may change value [-Wconversion]
subs1.hpp:12609:101: warning: conversion from 'uint32_t' {aka 'unsigned int'} to 'uint16_t' {aka 'short unsigned int'} may change value [-Wconversion]
subs1.hpp:12614:36: warning: conversion to 'uint32_t' {aka 'unsigned int'} from 'int32_t' {aka 'int'} may change the sign of the result [-Wsign-conversion]
subs1.hpp:12615:36: warning: conversion to 'uint32_t' {aka 'unsigned int'} from 'int32_t' {aka 'int'} may change the sign of the result [-Wsign-conversion]
subs1.hpp:12612:37: warning: conversion to 'uint32_t' {aka 'unsigned int'} from 'int32_t' {aka 'int'} may change the sign of the result [-Wsign-conversion]
subs1.hpp:12613:32: warning: conversion from 'uint32_t' {aka 'unsigned int'} to 'uint16_t' {aka 'short unsigned int'} may change value [-Wconversion]
subs1.hpp:12625:56: warning: conversion from 'uint32_t' {aka 'unsigned int'} to 'uint16_t' {aka 'short unsigned int'} may change value [-Wconversion]
subs1.hpp:12634:100: warning: conversion to 'uint32_t' {aka 'unsigned int'} from 'int32_t' {aka 'int'} may change the sign of the result [-Wsign-conversion]
subs1.hpp:12634:98: warning: conversion from 'uint32_t' {aka 'unsigned int'} to 'uint16_t' {aka 'short unsigned int'} may change value [-Wconversion]
subs1.hpp:12646:58: warning: conversion from 'uint32_t' {aka 'unsigned int'} to 'uint16_t' {aka 'short unsigned int'} may change value [-Wconversion]
subs1.hpp:12662:58: warning: conversion from 'uint32_t' {aka 'unsigned int'} to 'uint16_t' {aka 'short unsigned int'} may change value [-Wconversion]
subs1.hpp:12677:58: warning: conversion from 'uint32_t' {aka 'unsigned int'} to 'uint16_t' {aka 'short unsigned int'} may change value [-Wconversion]
subs1.hpp:12692:58: warning: conversion from 'uint32_t' {aka 'unsigned int'} to 'uint16_t' {aka 'short unsigned int'} may change value [-Wconversion]
subs1.hpp:12709:58: warning: conversion from 'uint32_t' {aka 'unsigned int'} to 'uint16_t' {aka 'short unsigned int'} may change value [-Wconversion]
subs1.hpp:12725:58: warning: conversion from 'uint32_t' {aka 'unsigned int'} to 'uint16_t' {aka 'short unsigned int'} may change value [-Wconversion]
subs1.hpp:12740:58: warning: conversion from 'uint32_t' {aka 'unsigned int'} to 'uint16_t' {aka 'short unsigned int'} may change value [-Wconversion]
subs1.hpp:12755:58: warning: conversion from 'uint32_t' {aka 'unsigned int'} to 'uint16_t' {aka 'short unsigned int'} may change value [-Wconversion]
subs1.hpp:12770:58: warning: conversion from 'uint32_t' {aka 'unsigned int'} to 'uint16_t' {aka 'short unsigned int'} may change value [-Wconversion]
subs1.hpp:12786:58: warning: conversion from 'uint32_t' {aka 'unsigned int'} to 'uint16_t' {aka 'short unsigned int'} may change value [-Wconversion]
subs1.hpp:12801:58: warning: conversion from 'uint32_t' {aka 'unsigned int'} to 'uint16_t' {aka 'short unsigned int'} may change value [-Wconversion]
subs1.hpp:12948:13: warning: conversion to 'int32_t' {aka 'int'} from 'uint32_t' {aka 'unsigned int'} may change the sign of the result [-Wsign-conversion]
subs1.hpp:12969:29: warning: conversion from 'uint32_t' {aka 'unsigned int'} to 'uint16_t' {aka 'short unsigned int'} may change value [-Wconversion]
subs1.hpp:12974:20: warning: conversion from 'uint32_t' {aka 'unsigned int'} to 'uint16_t' {aka 'short unsigned int'} may change value [-Wconversion]
subs1.hpp:13045:29: warning: conversion from 'uint32_t' {aka 'unsigned int'} to 'uint16_t' {aka 'short unsigned int'} may change value [-Wconversion]
subs1.hpp:13064:28: warning: conversion to 'int32_t' {aka 'int'} from 'uint32_t' {aka 'unsigned int'} may change the sign of the result [-Wsign-conversion]
subs1.hpp:13065:33: warning: conversion to 'uint32_t' {aka 'unsigned int'} from 'int32_t' {aka 'int'} may change the sign of the result [-Wsign-conversion]
subs1.hpp:13066:40: warning: conversion to 'uint32_t' {aka 'unsigned int'} from 'int32_t' {aka 'int'} may change the sign of the result [-Wsign-conversion]
subs1.hpp:13076:33: warning: conversion from 'int' to 'uint16_t' {aka 'short unsigned int'} may change value [-Wconversion]
subs1.hpp:13107:35: warning: conversion from 'uint32_t' {aka 'unsigned int'} to 'uint16_t' {aka 'short unsigned int'} may change value [-Wconversion]
subs1.hpp:13121:30: warning: conversion from 'uint32_t' {aka 'unsigned int'} to 'uint16_t' {aka 'short unsigned int'} may change value [-Wconversion]
subs1.hpp:13130:33: warning: conversion from 'int' to 'uint16_t' {aka 'short unsigned int'} may change value [-Wconversion]
subs1.hpp:13141:57: warning: conversion from 'uint32_t' {aka 'unsigned int'} to 'uint16_t' {aka 'short unsigned int'} may change value [-Wconversion]
subs1.hpp:13153:35: warning: conversion from 'uint32_t' {aka 'unsigned int'} to 'uint16_t' {aka 'short unsigned int'} may change value [-Wconversion]
subs1.hpp:13168:28: warning: conversion to 'int32_t' {aka 'int'} from 'uint32_t' {aka 'unsigned int'} may change the sign of the result [-Wsign-conversion]
subs1.hpp:13169:33: warning: conversion to 'uint32_t' {aka 'unsigned int'} from 'int32_t' {aka 'int'} may change the sign of the result [-Wsign-conversion]
subs1.hpp:13170:40: warning: conversion to 'uint32_t' {aka 'unsigned int'} from 'int32_t' {aka 'int'} may change the sign of the result [-Wsign-conversion]
subs1.hpp:13179:27: warning: conversion from 'uint32_t' {aka 'unsigned int'} to 'uint16_t' {aka 'short unsigned int'} may change value [-Wconversion]
subs1.hpp:13210:35: warning: conversion from 'uint32_t' {aka 'unsigned int'} to 'uint16_t' {aka 'short unsigned int'} may change value [-Wconversion]
subs1.hpp:13224:30: warning: conversion from 'uint32_t' {aka 'unsigned int'} to 'uint16_t' {aka 'short unsigned int'} may change value [-Wconversion]
subs1.hpp:13233:33: warning: conversion from 'uint32_t' {aka 'unsigned int'} to 'uint16_t' {aka 'short unsigned int'} may change value [-Wconversion]
subs1.hpp:13243:35: warning: conversion from 'uint32_t' {aka 'unsigned int'} to 'uint16_t' {aka 'short unsigned int'} may change value [-Wconversion]
subs1.hpp:13254:35: warning: conversion from 'uint32_t' {aka 'unsigned int'} to 'uint16_t' {aka 'short unsigned int'} may change value [-Wconversion]
subs1.hpp:13269:28: warning: conversion to 'int32_t' {aka 'int'} from 'uint32_t' {aka 'unsigned int'} may change the sign of the result [-Wsign-conversion]
subs1.hpp:13270:33: warning: conversion to 'uint32_t' {aka 'unsigned int'} from 'int32_t' {aka 'int'} may change the sign of the result [-Wsign-conversion]
subs1.hpp:13271:40: warning: conversion to 'uint32_t' {aka 'unsigned int'} from 'int32_t' {aka 'int'} may change the sign of the result [-Wsign-conversion]
subs1.hpp:13280:27: warning: conversion from 'uint32_t' {aka 'unsigned int'} to 'uint16_t' {aka 'short unsigned int'} may change value [-Wconversion]
subs1.hpp:13311:35: warning: conversion from 'uint32_t' {aka 'unsigned int'} to 'uint16_t' {aka 'short unsigned int'} may change value [-Wconversion]
subs1.hpp:13325:30: warning: conversion from 'uint32_t' {aka 'unsigned int'} to 'uint16_t' {aka 'short unsigned int'} may change value [-Wconversion]
subs1.hpp:13334:33: warning: conversion from 'uint32_t' {aka 'unsigned int'} to 'uint16_t' {aka 'short unsigned int'} may change value [-Wconversion]
subs1.hpp:13344:35: warning: conversion from 'uint32_t' {aka 'unsigned int'} to 'uint16_t' {aka 'short unsigned int'} may change value [-Wconversion]
subs1.hpp:13355:35: warning: conversion from 'uint32_t' {aka 'unsigned int'} to 'uint16_t' {aka 'short unsigned int'} may change value [-Wconversion]
subs1.hpp:13370:28: warning: conversion to 'int32_t' {aka 'int'} from 'uint32_t' {aka 'unsigned int'} may change the sign of the result [-Wsign-conversion]
subs1.hpp:13371:33: warning: conversion to 'uint32_t' {aka 'unsigned int'} from 'int32_t' {aka 'int'} may change the sign of the result [-Wsign-conversion]
subs1.hpp:13372:40: warning: conversion to 'uint32_t' {aka 'unsigned int'} from 'int32_t' {aka 'int'} may change the sign of the result [-Wsign-conversion]
subs1.hpp:13381:27: warning: conversion from 'uint32_t' {aka 'unsigned int'} to 'uint16_t' {aka 'short unsigned int'} may change value [-Wconversion]
subs1.hpp:13412:35: warning: conversion from 'uint32_t' {aka 'unsigned int'} to 'uint16_t' {aka 'short unsigned int'} may change value [-Wconversion]
subs1.hpp:13426:30: warning: conversion from 'uint32_t' {aka 'unsigned int'} to 'uint16_t' {aka 'short unsigned int'} may change value [-Wconversion]
subs1.hpp:13435:33: warning: conversion from 'uint32_t' {aka 'unsigned int'} to 'uint16_t' {aka 'short unsigned int'} may change value [-Wconversion]
subs1.hpp:13445:35: warning: conversion from 'uint32_t' {aka 'unsigned int'} to 'uint16_t' {aka 'short unsigned int'} may change value [-Wconversion]
subs1.hpp:13456:35: warning: conversion from 'uint32_t' {aka 'unsigned int'} to 'uint16_t' {aka 'short unsigned int'} may change value [-Wconversion]
subs1.hpp:13467:28: warning: conversion to 'int32_t' {aka 'int'} from 'uint32_t' {aka 'unsigned int'} may change the sign of the result [-Wsign-conversion]
subs1.hpp:13468:32: warning: conversion to 'uint32_t' {aka 'unsigned int'} from 'int32_t' {aka 'int'} may change the sign of the result [-Wsign-conversion]
subs1.hpp:13470:43: warning: conversion to 'uint32_t' {aka 'unsigned int'} from 'int32_t' {aka 'int'} may change the sign of the result [-Wsign-conversion]
subs1.hpp:13470:41: warning: conversion to 'int32_t' {aka 'int'} from 'uint32_t' {aka 'unsigned int'} may change the sign of the result [-Wsign-conversion]
subs1.hpp:13475:27: warning: conversion from 'uint32_t' {aka 'unsigned int'} to 'uint16_t' {aka 'short unsigned int'} may change value [-Wconversion]
subs1.hpp:13486:31: warning: conversion from 'uint32_t' {aka 'unsigned int'} to 'uint16_t' {aka 'short unsigned int'} may change value [-Wconversion]
subs1.hpp:13496:34: warning: conversion from 'uint32_t' {aka 'unsigned int'} to 'uint16_t' {aka 'short unsigned int'} may change value [-Wconversion]
subs1.hpp:13507:30: warning: conversion from 'uint32_t' {aka 'unsigned int'} to 'uint16_t' {aka 'short unsigned int'} may change value [-Wconversion]
subs1.hpp:13511:31: warning: conversion from 'uint32_t' {aka 'unsigned int'} to 'uint16_t' {aka 'short unsigned int'} may change value [-Wconversion]
subs1.hpp:13517:33: warning: conversion from 'uint32_t' {aka 'unsigned int'} to 'uint16_t' {aka 'short unsigned int'} may change value [-Wconversion]
subs1.hpp:13524:34: warning: conversion from 'uint32_t' {aka 'unsigned int'} to 'uint16_t' {aka 'short unsigned int'} may change value [-Wconversion]
subs1.hpp:13538:27: warning: conversion from 'uint32_t' {aka 'unsigned int'} to 'uint16_t' {aka 'short unsigned int'} may change value [-Wconversion]
subs1.hpp:13543:18: warning: conversion from 'uint32_t' {aka 'unsigned int'} to 'uint16_t' {aka 'short unsigned int'} may change value [-Wconversion]
subs1.hpp: In function 'void __alt_p2_d8_decode_body(AltP2Block*, int8_t, uint8_t*, int32_t, int32_t)':
subs1.hpp:13583:66: warning: conversion to 'uintptr_t' {aka 'unsigned int'} from 'int32_t' {aka 'int'} may change the sign of the result [-Wsign-conversion]
subs1.hpp:13593:14: warning: conversion from 'int16_t' {aka 'short int'} to 'uint8_t' {aka 'unsigned char'} may change value [-Wconversion]
subs1.hpp:13600:18: warning: conversion from 'int64_t' {aka 'long long int'} to 'int16_t' {aka 'short int'} may change value [-Wconversion]
subs1.hpp:13601:40: warning: conversion from 'int64_t' {aka 'long long int'} to 'uint16_t' {aka 'short unsigned int'} may change value [-Wconversion]
subs1.hpp:13602:30: warning: conversion from 'int64_t' {aka 'long long int'} to 'int16_t' {aka 'short int'} may change value [-Wconversion]
subs1.hpp:13603:34: warning: conversion from 'int64_t' {aka 'long long int'} to 'int16_t' {aka 'short int'} may change value [-Wconversion]
subs1.hpp:13604:33: warning: conversion from 'int64_t' {aka 'long long int'} to 'int16_t' {aka 'short int'} may change value [-Wconversion]
subs1.hpp:13605:29: warning: conversion from 'int64_t' {aka 'long long int'} to 'int16_t' {aka 'short int'} may change value [-Wconversion]
subs1.hpp:13609:56: warning: conversion from 'int' to 'uint8_t' {aka 'unsigned char'} may change value [-Wconversion]
subs1.hpp:13642:43: warning: conversion to 'size_t' {aka 'unsigned int'} from 'int' may change the sign of the result [-Wsign-conversion]
subs1.hpp:13643:43: warning: conversion to 'size_t' {aka 'unsigned int'} from 'int' may change the sign of the result [-Wsign-conversion]
subs1.hpp:13644:43: warning: conversion to 'size_t' {aka 'unsigned int'} from 'int' may change the sign of the result [-Wsign-conversion]
subs1.hpp:13725:24: warning: comparison of integer expressions of different signedness: 'uint32_t' {aka 'unsigned int'} and 'int32_t' {aka 'int'} [-Wsign-compare]
subs1.hpp:13728:40: warning: conversion to 'uintptr_t' {aka 'unsigned int'} from 'int32_t' {aka 'int'} may change the sign of the result [-Wsign-conversion]
subs1.hpp:13730:20: warning: conversion from 'int32_t' {aka 'int'} to 'uint8_t' {aka 'unsigned char'} may change value [-Wconversion]
subs1.hpp:13731:37: warning: conversion from 'uintptr_t' {aka 'unsigned int'} to 'uint8_t' {aka 'unsigned char'} may change value [-Wconversion]
subs1.hpp:13737:15: warning: comparison of integer expressions of different signedness: 'uint32_t' {aka 'unsigned int'} and 'int32_t' {aka 'int'} [-Wsign-compare]
subs1.hpp: In function 'void __alt_model_p2_d8_decode(uint8_t*, int32_t, int32_t)':
subs1.hpp:13751:55: warning: conversion from 'int32_t' {aka 'int'} to 'int8_t' {aka 'signed char'} may change value [-Wconversion]
subs1.hpp: In function 'int32_t __alt_model_p2_decode(uint16_t*, uint8_t*)':
subs1.hpp:13869:21: warning: conversion from 'int32_t' {aka 'int'} to 'int8_t' {aka 'signed char'} may change value [-Wconversion]
subs1.hpp:13875:19: warning: conversion to 'uint32_t' {aka 'unsigned int'} from 'int' may change the sign of the result [-Wsign-conversion]
subs1.hpp:13876:12: warning: conversion to 'uint32_t' {aka 'unsigned int'} from 'int32_t' {aka 'int'} may change the sign of the result [-Wsign-conversion]
subs1.hpp:13884:15: warning: conversion to 'uint32_t' {aka 'unsigned int'} from 'int32_t' {aka 'int'} may change the sign of the result [-Wsign-conversion]
subs1.hpp:13930:27: warning: comparison of integer expressions of different signedness: 'int32_t' {aka 'int'} and 'uint32_t' {aka 'unsigned int'} [-Wsign-compare]
subs1.hpp:14026:13: warning: conversion to 'int32_t' {aka 'int'} from 'uint32_t' {aka 'unsigned int'} may change the sign of the result [-Wsign-conversion]
subs1.hpp:14036:15: warning: conversion to 'uint32_t' {aka 'unsigned int'} from 'int32_t' {aka 'int'} may change the sign of the result [-Wsign-conversion]
subs1.hpp:14048:59: warning: conversion from 'int32_t' {aka 'int'} to 'uint8_t' {aka 'unsigned char'} may change value [-Wconversion]
subs1.hpp:14055:42: warning: conversion from 'int32_t' {aka 'int'} to 'uint8_t' {aka 'unsigned char'} may change value [-Wconversion]
subs1.hpp:14065:52: warning: conversion from 'int32_t' {aka 'int'} to 'uint8_t' {aka 'unsigned char'} may change value [-Wconversion]
subs1.hpp:14075:42: warning: conversion from 'int32_t' {aka 'int'} to 'uint8_t' {aka 'unsigned char'} may change value [-Wconversion]
subs1.hpp:14082:39: warning: conversion from 'int32_t' {aka 'int'} to 'int16_t' {aka 'short int'} may change value [-Wconversion]
subs1.hpp:14086:52: warning: conversion from 'int32_t' {aka 'int'} to 'uint8_t' {aka 'unsigned char'} may change value [-Wconversion]
subs1.hpp:14095:42: warning: conversion from 'int32_t' {aka 'int'} to 'uint8_t' {aka 'unsigned char'} may change value [-Wconversion]
subs1.hpp:14106:41: warning: conversion from 'int32_t' {aka 'int'} to 'int16_t' {aka 'short int'} may change value [-Wconversion]
subs1.hpp:14110:54: warning: conversion from 'int32_t' {aka 'int'} to 'uint8_t' {aka 'unsigned char'} may change value [-Wconversion]
subs1.hpp:14119:22: warning: conversion from 'int32_t' {aka 'int'} to 'uint8_t' {aka 'unsigned char'} may change value [-Wconversion]
subs1.hpp:14127:13: warning: conversion to 'int32_t' {aka 'int'} from 'uint32_t' {aka 'unsigned int'} may change the sign of the result [-Wsign-conversion]
subs1.hpp:14131:18: warning: comparison of integer expressions of different signedness: 'uint32_t' {aka 'unsigned int'} and 'int32_t' {aka 'int'} [-Wsign-compare]
subs1.hpp: In function 'void __alt_p2_d8_encode_body(AltP2Block*, uint8_t*, int32_t, int32_t, uint8_t*)':
subs1.hpp:14230:34: warning: conversion from 'int' to 'uint8_t' {aka 'unsigned char'} may change value [-Wconversion]
subs1.hpp:14243:58: warning: conversion to 'uint32_t' {aka 'unsigned int'} from 'int32_t' {aka 'int'} may change the sign of the result [-Wsign-conversion]
subs1.hpp:14244:54: warning: conversion to 'uint32_t' {aka 'unsigned int'} from 'int32_t' {aka 'int'} may change the sign of the result [-Wsign-conversion]
subs1.hpp:14259:29: warning: conversion from 'int32_t' {aka 'int'} to 'int16_t' {aka 'short int'} may change value [-Wconversion]
subs1.hpp:14260:30: warning: conversion from 'int32_t' {aka 'int'} to 'int16_t' {aka 'short int'} may change value [-Wconversion]
subs1.hpp:14264:19: warning: conversion from 'int64_t' {aka 'long long int'} to 'int16_t' {aka 'short int'} may change value [-Wconversion]
subs1.hpp:14265:40: warning: conversion from 'int64_t' {aka 'long long int'} to 'uint16_t' {aka 'short unsigned int'} may change value [-Wconversion]
subs1.hpp:14266:30: warning: conversion from 'int64_t' {aka 'long long int'} to 'int16_t' {aka 'short int'} may change value [-Wconversion]
subs1.hpp:14267:34: warning: conversion from 'int64_t' {aka 'long long int'} to 'int16_t' {aka 'short int'} may change value [-Wconversion]
subs1.hpp:14268:33: warning: conversion from 'int64_t' {aka 'long long int'} to 'int16_t' {aka 'short int'} may change value [-Wconversion]
subs1.hpp:14269:29: warning: conversion from 'int64_t' {aka 'long long int'} to 'int16_t' {aka 'short int'} may change value [-Wconversion]
subs1.hpp:14273:53: warning: conversion from 'int' to 'uint8_t' {aka 'unsigned char'} may change value [-Wconversion]
subs1.hpp:14302:34: warning: conversion to 'size_t' {aka 'unsigned int'} from 'int32_t' {aka 'int'} may change the sign of the result [-Wsign-conversion]
subs1.hpp:14303:34: warning: conversion to 'size_t' {aka 'unsigned int'} from 'int32_t' {aka 'int'} may change the sign of the result [-Wsign-conversion]
subs1.hpp:14304:34: warning: conversion to 'size_t' {aka 'unsigned int'} from 'int32_t' {aka 'int'} may change the sign of the result [-Wsign-conversion]
subs1.hpp:14383:24: warning: comparison of integer expressions of different signedness: 'uint32_t' {aka 'unsigned int'} and 'int32_t' {aka 'int'} [-Wsign-compare]
subs1.hpp:14388:25: warning: conversion from 'int32_t' {aka 'int'} to 'uint8_t' {aka 'unsigned char'} may change value [-Wconversion]
subs1.hpp:14400:19: warning: conversion from 'int32_t' {aka 'int'} to 'uint8_t' {aka 'unsigned char'} may change value [-Wconversion]
subs1.hpp:14411:15: warning: comparison of integer expressions of different signedness: 'uint32_t' {aka 'unsigned int'} and 'int32_t' {aka 'int'} [-Wsign-compare]
subs1.hpp: In function 'int32_t __alt_model_p2_encode(BmfImage*, uint8_t*)':
subs1.hpp:14527:21: warning: conversion to 'uint32_t' {aka 'unsigned int'} from 'int' may change the sign of the result [-Wsign-conversion]
subs1.hpp:14528:17: warning: conversion to 'uint32_t' {aka 'unsigned int'} from 'int32_t' {aka 'int'} may change the sign of the result [-Wsign-conversion]
subs1.hpp:14581:28: warning: comparison of integer expressions of different signedness: 'int32_t' {aka 'int'} and 'uint32_t' {aka 'unsigned int'} [-Wsign-compare]
subs1.hpp:14691:24: warning: comparison of integer expressions of different signedness: 'uint32_t' {aka 'unsigned int'} and 'int32_t' {aka 'int'} [-Wsign-compare]
subs1.hpp:14714:26: warning: conversion from 'int32_t' {aka 'int'} to 'uint8_t' {aka 'unsigned char'} may change value [-Wconversion]
subs1.hpp:14717:59: warning: conversion from 'int32_t' {aka 'int'} to 'uint8_t' {aka 'unsigned char'} may change value [-Wconversion]
subs1.hpp:14748:25: warning: conversion from 'int32_t' {aka 'int'} to 'uint8_t' {aka 'unsigned char'} may change value [-Wconversion]
subs1.hpp:14751:52: warning: conversion from 'int32_t' {aka 'int'} to 'uint8_t' {aka 'unsigned char'} may change value [-Wconversion]
subs1.hpp:14766:39: warning: conversion from 'int32_t' {aka 'int'} to 'int16_t' {aka 'short int'} may change value [-Wconversion]
subs1.hpp:14783:25: warning: conversion from 'int32_t' {aka 'int'} to 'uint8_t' {aka 'unsigned char'} may change value [-Wconversion]
subs1.hpp:14786:52: warning: conversion from 'int32_t' {aka 'int'} to 'uint8_t' {aka 'unsigned char'} may change value [-Wconversion]
subs1.hpp:14806:41: warning: conversion from 'int32_t' {aka 'int'} to 'int16_t' {aka 'short int'} may change value [-Wconversion]
subs1.hpp:14822:32: warning: conversion from 'int32_t' {aka 'int'} to 'uint8_t' {aka 'unsigned char'} may change value [-Wconversion]
subs1.hpp:14825:52: warning: conversion from 'int32_t' {aka 'int'} to 'uint8_t' {aka 'unsigned char'} may change value [-Wconversion]
subs1.hpp:14843:18: warning: comparison of integer expressions of different signedness: 'uint32_t' {aka 'unsigned int'} and 'int32_t' {aka 'int'} [-Wsign-compare]
subs1.hpp: In function 'void __model_plane(BmfImage*, uint8_t*, uint8_t*)':
subs1.hpp:14941:31: warning: conversion from 'int32_t' {aka 'int'} to 'uint8_t' {aka 'unsigned char'} may change value [-Wconversion]
subs1.hpp:14954:29: warning: conversion to 'uint32_t' {aka 'unsigned int'} from 'int32_t' {aka 'int'} may change the sign of the result [-Wsign-conversion]
subs1.hpp:14954:52: warning: conversion from 'int32_t' {aka 'int'} to 'uint8_t' {aka 'unsigned char'} may change value [-Wconversion]
subs1.hpp:14955:24: warning: conversion to 'int32_t' {aka 'int'} from 'uint32_t' {aka 'unsigned int'} may change the sign of the result [-Wsign-conversion]
subs1.hpp:14985:29: warning: conversion from 'int32_t' {aka 'int'} to 'uint16_t' {aka 'short unsigned int'} may change value [-Wconversion]
subs1.hpp:14990:29: warning: conversion from 'int32_t' {aka 'int'} to 'uint16_t' {aka 'short unsigned int'} may change value [-Wconversion]
subs1.hpp:14995:35: warning: conversion from 'int32_t' {aka 'int'} to 'int16_t' {aka 'short int'} may change value [-Wconversion]
subs1.hpp:15001:25: warning: conversion from 'int32_t' {aka 'int'} to 'uint16_t' {aka 'short unsigned int'} may change value [-Wconversion]
subs1.hpp:15005:30: warning: conversion from 'int' to 'int16_t' {aka 'short int'} may change value [-Wconversion]
subs1.hpp:15011:25: warning: conversion from 'int32_t' {aka 'int'} to 'uint16_t' {aka 'short unsigned int'} may change value [-Wconversion]
subs1.hpp:15015:28: warning: conversion from 'int32_t' {aka 'int'} to 'uint16_t' {aka 'short unsigned int'} may change value [-Wconversion]
subs1.hpp:15021:25: warning: conversion from 'int32_t' {aka 'int'} to 'uint16_t' {aka 'short unsigned int'} may change value [-Wconversion]
subs1.hpp:15022:25: warning: conversion to 'uint16_t' {aka 'short unsigned int'} from 'int16_t' {aka 'short int'} may change the sign of the result [-Wsign-conversion]
subs1.hpp:15032:24: warning: conversion from 'int32_t' {aka 'int'} to 'uint8_t' {aka 'unsigned char'} may change value [-Wconversion]
subs1.hpp:15036:41: warning: conversion from 'int32_t' {aka 'int'} to 'uint8_t' {aka 'unsigned char'} may change value [-Wconversion]
subs1.hpp:15045:24: warning: conversion from 'int16_t' {aka 'short int'} to 'uint8_t' {aka 'unsigned char'} may change value [-Wconversion]
subs1.hpp:15046:28: warning: conversion from 'int' to 'uint16_t' {aka 'short unsigned int'} may change value [-Wconversion]
subs1.hpp:15047:24: warning: conversion from 'int' to 'uint16_t' {aka 'short unsigned int'} may change value [-Wconversion]
subs1.hpp:15053:34: warning: conversion from 'int' to 'uint16_t' {aka 'short unsigned int'} may change value [-Wconversion]
subs1.hpp:15078:17: warning: conversion to 'int32_t' {aka 'int'} from 'uint32_t' {aka 'unsigned int'} may change the sign of the result [-Wsign-conversion]
subs1.hpp:15080:18: warning: conversion to 'size_t' {aka 'unsigned int'} from 'int32_t' {aka 'int'} may change the sign of the result [-Wsign-conversion]
subs1.hpp:15082:46: warning: conversion to 'int32_t' {aka 'int'} from 'uint32_t' {aka 'unsigned int'} may change the sign of the result [-Wsign-conversion]
subs1.hpp:15130:17: warning: comparison of integer expressions of different signedness: 'int32_t' {aka 'int'} and 'uint32_t' {aka 'unsigned int'} [-Wsign-compare]
subs1.hpp:15178:112: warning: conversion from 'int' to 'uint8_t' {aka 'unsigned char'} may change value [-Wconversion]
subs1.hpp:15183:22: warning: conversion to 'int32_t' {aka 'int'} from 'uint32_t' {aka 'unsigned int'} may change the sign of the result [-Wsign-conversion]
subs1.hpp:15184:112: warning: conversion from 'int' to 'uint8_t' {aka 'unsigned char'} may change value [-Wconversion]
subs1.hpp:15192:26: warning: conversion to 'int32_t' {aka 'int'} from 'uint32_t' {aka 'unsigned int'} may change the sign of the result [-Wsign-conversion]
subs1.hpp:15194:21: warning: comparison of integer expressions of different signedness: 'int32_t' {aka 'int'} and 'uint32_t' {aka 'unsigned int'} [-Wsign-compare]
subs1.hpp:15206:22: warning: comparison of integer expressions of different signedness: 'int32_t' {aka 'int'} and 'uint32_t' {aka 'unsigned int'} [-Wsign-compare]
subs1.hpp:15210:17: warning: comparison of integer expressions of different signedness: 'int32_t' {aka 'int'} and 'uint32_t' {aka 'unsigned int'} [-Wsign-compare]
subs1.hpp: In function 'void __transform_planes(BmfImage*, int32_t, int8_t)':
subs1.hpp:15328:42: warning: conversion to 'size_t' {aka 'unsigned int'} from 'int32_t' {aka 'int'} may change the sign of the result [-Wsign-conversion]
subs1.hpp: In function 'uint8_t* __expand_image(uint8_t*, int32_t, void**)':
subs1.hpp:15443:33: warning: conversion to 'long int' from 'uint32_t' {aka 'unsigned int'} may change the sign of the result [-Wsign-conversion]
subs1.hpp:15464:14: warning: conversion to 'uint32_t' {aka 'unsigned int'} from 'int32_t' {aka 'int'} may change the sign of the result [-Wsign-conversion]
subs1.hpp:15472:35: warning: conversion to 'long int' from 'uint32_t' {aka 'unsigned int'} may change the sign of the result [-Wsign-conversion]
subs1.hpp:15481:55: warning: conversion to 'long int' from 'uint32_t' {aka 'unsigned int'} may change the sign of the result [-Wsign-conversion]
subs1.hpp:15492:29: warning: conversion to 'unsigned int' from 'int32_t' {aka 'int'} may change the sign of the result [-Wsign-conversion]
subs1.hpp:15492:51: warning: conversion to 'int32_t' {aka 'int'} from 'unsigned int' may change the sign of the result [-Wsign-conversion]
subs1.hpp:15516:24: warning: conversion to 'int32_t' {aka 'int'} from 'uint32_t' {aka 'unsigned int'} may change the sign of the result [-Wsign-conversion]
subs1.hpp:15536:23: warning: conversion from 'uint32_t' {aka 'unsigned int'} to 'int8_t' {aka 'signed char'} may change value [-Wconversion]
subs1.hpp:15554:32: warning: conversion to 'int32_t' {aka 'int'} from 'uint32_t' {aka 'unsigned int'} may change the sign of the result [-Wsign-conversion]
subs1.hpp:15599:34: warning: conversion from 'uint32_t' {aka 'unsigned int'} to 'uint8_t' {aka 'unsigned char'} may change value [-Wconversion]
subs1.hpp:15600:38: warning: conversion from 'int32_t' {aka 'int'} to 'uint8_t' {aka 'unsigned char'} may change value [-Wconversion]
subs1.hpp:15601:45: warning: conversion from 'int32_t' {aka 'int'} to 'uint8_t' {aka 'unsigned char'} may change value [-Wconversion]
subs1.hpp:15609:29: warning: conversion to 'int32_t' {aka 'int'} from 'uint32_t' {aka 'unsigned int'} may change the sign of the result [-Wsign-conversion]
subs1.hpp:15615:37: warning: conversion from 'uint32_t' {aka 'unsigned int'} to 'uint8_t' {aka 'unsigned char'} may change value [-Wconversion]
subs1.hpp:15618:33: warning: conversion from 'int32_t' {aka 'int'} to 'uint8_t' {aka 'unsigned char'} may change value [-Wconversion]
subs1.hpp:15626:31: warning: conversion to 'int32_t' {aka 'int'} from 'uint32_t' {aka 'unsigned int'} may change the sign of the result [-Wsign-conversion]
subs1.hpp:15632:31: warning: conversion to 'int32_t' {aka 'int'} from 'uint32_t' {aka 'unsigned int'} may change the sign of the result [-Wsign-conversion]
subs1.hpp:15641:31: warning: conversion to 'int32_t' {aka 'int'} from 'uint32_t' {aka 'unsigned int'} may change the sign of the result [-Wsign-conversion]
subs1.hpp:15647:31: warning: conversion to 'int32_t' {aka 'int'} from 'uint32_t' {aka 'unsigned int'} may change the sign of the result [-Wsign-conversion]
subs1.hpp:15658:34: warning: conversion to 'int32_t' {aka 'int'} from 'uint32_t' {aka 'unsigned int'} may change the sign of the result [-Wsign-conversion]
subs1.hpp:15664:34: warning: conversion to 'int32_t' {aka 'int'} from 'uint32_t' {aka 'unsigned int'} may change the sign of the result [-Wsign-conversion]
subs1.hpp:15694:27: warning: conversion from 'int32_t' {aka 'int'} to 'int8_t' {aka 'signed char'} may change value [-Wconversion]
subs1.hpp:15725:23: warning: conversion from 'uint32_t' {aka 'unsigned int'} to 'int8_t' {aka 'signed char'} may change value [-Wconversion]
subs1.hpp:15743:22: warning: conversion to 'uint32_t' {aka 'unsigned int'} from 'int32_t' {aka 'int'} may change the sign of the result [-Wsign-conversion]
subs1.hpp:15754:26: warning: conversion to 'uint32_t' {aka 'unsigned int'} from 'int32_t' {aka 'int'} may change the sign of the result [-Wsign-conversion]
subs1.hpp:15757:30: warning: conversion to 'int32_t' {aka 'int'} from 'uint32_t' {aka 'unsigned int'} may change the sign of the result [-Wsign-conversion]
subs1.hpp:15769:30: warning: conversion to 'int32_t' {aka 'int'} from 'uint32_t' {aka 'unsigned int'} may change the sign of the result [-Wsign-conversion]
subs1.hpp:15862:20: warning: conversion from 'int32_t' {aka 'int'} to 'uint16_t' {aka 'short unsigned int'} may change value [-Wconversion]
subs1.hpp:15865:41: warning: conversion from 'int32_t' {aka 'int'} to 'uint16_t' {aka 'short unsigned int'} may change value [-Wconversion]
subs1.hpp: In function 'uint32_t __search_filter(BmfImage*, int8_t)':
subs1.hpp:15952:40: warning: conversion from 'int32_t' {aka 'int'} to 'uint8_t' {aka 'unsigned char'} may change value [-Wconversion]
subs1.hpp:15953:40: warning: conversion from 'int32_t' {aka 'int'} to 'uint8_t' {aka 'unsigned char'} may change value [-Wconversion]
subs1.hpp:15964:50: warning: conversion to 'int32_t' {aka 'int'} from 'uint32_t' {aka 'unsigned int'} may change the sign of the result [-Wsign-conversion]
subs1.hpp:15965:34: warning: conversion to 'size_t' {aka 'unsigned int'} from 'int32_t' {aka 'int'} may change the sign of the result [-Wsign-conversion]
subs1.hpp:15972:35: warning: conversion to 'size_t' {aka 'unsigned int'} from 'int32_t' {aka 'int'} may change the sign of the result [-Wsign-conversion]
subs1.hpp:15976:11: warning: conversion to 'uint32_t' {aka 'unsigned int'} from 'int32_t' {aka 'int'} may change the sign of the result [-Wsign-conversion]
subs1.hpp:15976:14: warning: conversion to 'int32_t' {aka 'int'} from 'uint32_t' {aka 'unsigned int'} may change the sign of the result [-Wsign-conversion]
subs1.hpp:15990:24: warning: conversion to 'size_t' {aka 'unsigned int'} from 'int32_t' {aka 'int'} may change the sign of the result [-Wsign-conversion]
subs1.hpp:16190:45: warning: conversion to 'uintptr_t' {aka 'unsigned int'} from 'int32_t' {aka 'int'} may change the sign of the result [-Wsign-conversion]
subs1.hpp:16193:40: warning: conversion to 'uint32_t' {aka 'unsigned int'} from 'int32_t' {aka 'int'} may change the sign of the result [-Wsign-conversion]
subs1.hpp:16254:47: warning: conversion to 'int16_t' {aka 'short int'} from 'uint16_t' {aka 'short unsigned int'} may change the sign of the result [-Wsign-conversion]
subs1.hpp:16255:19: warning: conversion from 'int32_t' {aka 'int'} to 'int16_t' {aka 'short int'} may change value [-Wconversion]
subs1.hpp:16256:43: warning: conversion from 'int32_t' {aka 'int'} to 'uint16_t' {aka 'short unsigned int'} may change value [-Wconversion]
subs1.hpp:16257:38: warning: conversion to 'uint16_t' {aka 'short unsigned int'} from 'int16_t' {aka 'short int'} may change the sign of the result [-Wsign-conversion]
subs1.hpp:16259:52: warning: conversion to 'uint16_t' {aka 'short unsigned int'} from 'int16_t' {aka 'short int'} may change the sign of the result [-Wsign-conversion]
subs1.hpp:16280:33: warning: comparison of integer expressions of different signedness: 'int32_t' {aka 'int'} and 'uint32_t' {aka 'unsigned int'} [-Wsign-compare]
subs1.hpp:16302:28: warning: conversion to 'uint32_t' {aka 'unsigned int'} from 'int32_t' {aka 'int'} may change the sign of the result [-Wsign-conversion]
subs1.hpp:16339:49: warning: conversion to 'int16_t' {aka 'short int'} from 'uint16_t' {aka 'short unsigned int'} may change the sign of the result [-Wsign-conversion]
subs1.hpp:16340:20: warning: conversion from 'int32_t' {aka 'int'} to 'int16_t' {aka 'short int'} may change value [-Wconversion]
subs1.hpp:16341:45: warning: conversion from 'int32_t' {aka 'int'} to 'uint16_t' {aka 'short unsigned int'} may change value [-Wconversion]
subs1.hpp:16342:40: warning: conversion to 'uint16_t' {aka 'short unsigned int'} from 'int16_t' {aka 'short int'} may change the sign of the result [-Wsign-conversion]
subs1.hpp:16344:54: warning: conversion to 'uint16_t' {aka 'short unsigned int'} from 'int16_t' {aka 'short int'} may change the sign of the result [-Wsign-conversion]
subs1.hpp:16354:40: warning: conversion to 'uint32_t' {aka 'unsigned int'} from 'int32_t' {aka 'int'} may change the sign of the result [-Wsign-conversion]
subs1.hpp:16393:21: warning: conversion from 'int32_t' {aka 'int'} to 'uint16_t' {aka 'short unsigned int'} may change value [-Wconversion]
subs1.hpp:16394:22: warning: conversion from 'int32_t' {aka 'int'} to 'uint16_t' {aka 'short unsigned int'} may change value [-Wconversion]
subs1.hpp:16449:44: warning: conversion to 'int32_t' {aka 'int'} from 'uint32_t' {aka 'unsigned int'} may change the sign of the result [-Wsign-conversion]
subs1.hpp:16450:44: warning: conversion to 'int32_t' {aka 'int'} from 'uint32_t' {aka 'unsigned int'} may change the sign of the result [-Wsign-conversion]
subs1.hpp:16451:44: warning: conversion to 'int32_t' {aka 'int'} from 'uint32_t' {aka 'unsigned int'} may change the sign of the result [-Wsign-conversion]
subs1.hpp:16452:44: warning: conversion to 'int32_t' {aka 'int'} from 'uint32_t' {aka 'unsigned int'} may change the sign of the result [-Wsign-conversion]
subs1.hpp:16559:50: warning: conversion to 'int32_t' {aka 'int'} from 'uint32_t' {aka 'unsigned int'} may change the sign of the result [-Wsign-conversion]
subs1.hpp:16560:50: warning: conversion to 'int32_t' {aka 'int'} from 'uint32_t' {aka 'unsigned int'} may change the sign of the result [-Wsign-conversion]
subs1.hpp:16561:50: warning: conversion to 'int32_t' {aka 'int'} from 'uint32_t' {aka 'unsigned int'} may change the sign of the result [-Wsign-conversion]
subs1.hpp:16562:50: warning: conversion to 'int32_t' {aka 'int'} from 'uint32_t' {aka 'unsigned int'} may change the sign of the result [-Wsign-conversion]
subs1.hpp:16575:46: warning: conversion to 'int32_t' {aka 'int'} from 'uint32_t' {aka 'unsigned int'} may change the sign of the result [-Wsign-conversion]
subs1.hpp:16576:46: warning: conversion to 'int32_t' {aka 'int'} from 'uint32_t' {aka 'unsigned int'} may change the sign of the result [-Wsign-conversion]
subs1.hpp:16577:46: warning: conversion to 'int32_t' {aka 'int'} from 'uint32_t' {aka 'unsigned int'} may change the sign of the result [-Wsign-conversion]
subs1.hpp:16578:46: warning: conversion to 'int32_t' {aka 'int'} from 'uint32_t' {aka 'unsigned int'} may change the sign of the result [-Wsign-conversion]
subs1.hpp:16631:42: warning: conversion to 'int32_t' {aka 'int'} from 'uint32_t' {aka 'unsigned int'} may change the sign of the result [-Wsign-conversion]
subs1.hpp:16632:42: warning: conversion to 'int32_t' {aka 'int'} from 'uint32_t' {aka 'unsigned int'} may change the sign of the result [-Wsign-conversion]
subs1.hpp:16633:42: warning: conversion to 'int32_t' {aka 'int'} from 'uint32_t' {aka 'unsigned int'} may change the sign of the result [-Wsign-conversion]
subs1.hpp:16634:42: warning: conversion to 'int32_t' {aka 'int'} from 'uint32_t' {aka 'unsigned int'} may change the sign of the result [-Wsign-conversion]
subs1.hpp:16683:44: warning: conversion to 'int32_t' {aka 'int'} from 'uint32_t' {aka 'unsigned int'} may change the sign of the result [-Wsign-conversion]
subs1.hpp:16684:44: warning: conversion to 'int32_t' {aka 'int'} from 'uint32_t' {aka 'unsigned int'} may change the sign of the result [-Wsign-conversion]
subs1.hpp:16685:44: warning: conversion to 'int32_t' {aka 'int'} from 'uint32_t' {aka 'unsigned int'} may change the sign of the result [-Wsign-conversion]
subs1.hpp:16686:44: warning: conversion to 'int32_t' {aka 'int'} from 'uint32_t' {aka 'unsigned int'} may change the sign of the result [-Wsign-conversion]
subs1.hpp:16699:10: warning: conversion to 'uint32_t' {aka 'unsigned int'} from 'int32_t' {aka 'int'} may change the sign of the result [-Wsign-conversion]
subs1.hpp: In function 'int32_t __compress_image(uint8_t*, BmfImage*, void*)':
subs1.hpp:16839:20: warning: conversion to 'int32_t' {aka 'int'} from 'uint32_t' {aka 'unsigned int'} may change the sign of the result [-Wsign-conversion]
subs1.hpp:16851:46: warning: conversion to 'int32_t' {aka 'int'} from 'unsigned int' may change the sign of the result [-Wsign-conversion]
subs1.hpp:16865:33: warning: conversion to 'int32_t' {aka 'int'} from 'uint32_t' {aka 'unsigned int'} may change the sign of the result [-Wsign-conversion]
subs1.hpp:16866:38: warning: conversion to 'size_t' {aka 'unsigned int'} from 'int32_t' {aka 'int'} may change the sign of the result [-Wsign-conversion]
subs1.hpp:16883:23: warning: conversion to 'int32_t' {aka 'int'} from 'uint32_t' {aka 'unsigned int'} may change the sign of the result [-Wsign-conversion]
subs1.hpp:16887:23: warning: conversion to 'int32_t' {aka 'int'} from 'uint32_t' {aka 'unsigned int'} may change the sign of the result [-Wsign-conversion]
subs1.hpp:16895:23: warning: conversion to 'int32_t' {aka 'int'} from 'uint32_t' {aka 'unsigned int'} may change the sign of the result [-Wsign-conversion]
subs1.hpp:16898:47: warning: conversion to 'size_t' {aka 'unsigned int'} from 'int32_t' {aka 'int'} may change the sign of the result [-Wsign-conversion]
subs1.hpp:16967:29: warning: conversion to 'int32_t' {aka 'int'} from 'uint32_t' {aka 'unsigned int'} may change the sign of the result [-Wsign-conversion]
subs1.hpp:16969:27: warning: conversion to 'uint32_t' {aka 'unsigned int'} from 'int32_t' {aka 'int'} may change the sign of the result [-Wsign-conversion]
subs1.hpp:16974:43: warning: conversion to 'uint32_t' {aka 'unsigned int'} from 'int32_t' {aka 'int'} may change the sign of the result [-Wsign-conversion]
subs1.hpp:16989:43: warning: conversion to 'uint32_t' {aka 'unsigned int'} from 'int32_t' {aka 'int'} may change the sign of the result [-Wsign-conversion]
subs1.hpp:17006:47: warning: conversion to 'uint32_t' {aka 'unsigned int'} from 'int32_t' {aka 'int'} may change the sign of the result [-Wsign-conversion]
subs1.hpp:17012:30: warning: conversion to 'int32_t' {aka 'int'} from 'uint32_t' {aka 'unsigned int'} may change the sign of the result [-Wsign-conversion]
subs1.hpp:17015:30: warning: conversion to 'uint32_t' {aka 'unsigned int'} from 'int32_t' {aka 'int'} may change the sign of the result [-Wsign-conversion]
subs1.hpp:17066:39: warning: conversion to 'size_t' {aka 'unsigned int'} from 'int32_t' {aka 'int'} may change the sign of the result [-Wsign-conversion]
subs1.hpp:17066:75: warning: comparison of integer expressions of different signedness: 'size_t' {aka 'unsigned int'} and 'int32_t' {aka 'int'} [-Wsign-compare]
subs1.hpp:17122:20: warning: conversion from 'int32_t' {aka 'int'} to 'uint16_t' {aka 'short unsigned int'} may change value [-Wconversion]
subs1.hpp:17125:28: warning: conversion to 'uint32_t' {aka 'unsigned int'} from 'int32_t' {aka 'int'} may change the sign of the result [-Wsign-conversion]
subs1.hpp:17139:22: warning: conversion to 'int32_t' {aka 'int'} from 'uint32_t' {aka 'unsigned int'} may change the sign of the result [-Wsign-conversion]
subs1.hpp:17140:30: warning: conversion to 'uint32_t' {aka 'unsigned int'} from 'int32_t' {aka 'int'} may change the sign of the result [-Wsign-conversion]
subs1.hpp: In function 'void __bmf_compress(const char*, const char*)':
subs1.hpp:17204:30: warning: conversion from 'int32_t' {aka 'int'} to 'uint8_t' {aka 'unsigned char'} may change value [-Wconversion]
subs1.hpp:17219:41: warning: conversion from 'int32_t' {aka 'int'} to 'uint8_t' {aka 'unsigned char'} may change value [-Wconversion]
subs1.hpp:17223:26: warning: conversion to 'uint32_t' {aka 'unsigned int'} from 'int32_t' {aka 'int'} may change the sign of the result [-Wsign-conversion]
subs1.hpp: In function 'void __bmf_decompress(const char*, const char*)':
subs1.hpp:17277:23: warning: conversion to 'uintptr_t' {aka 'unsigned int'} from 'int32_t' {aka 'int'} may change the sign of the result [-Wsign-conversion]
subs1.hpp: At global scope:
subs1.hpp:17311:9: warning: second argument of 'int32_t main(int32_t, uint8_t**)' should be 'char **' [-Wmain]
